Rebate_ID,Transaction_ID,Invoice_Line_ID,Customer_ID,Product_ID,Rebate_Program_ID,Rebate_Date,Rebate_Type,Rebate_Rate,Rebate_Amount
REB0000001,T0000001,IL0000001,C00058,P0007,RP001,2026-10-17,Volume,0.0491,19.46
REB0000002,T0000002,IL0000002,C00120,P0130,RP002,2025-08-12,Growth,0.0231,2.48
REB0000003,T0000003,IL0000003,C00358,P0109,RP003,2025-06-13,Promotional,0.0051,1.76
REB0000004,T0000004,IL0000004,C00374,P0118,RP004,2025-02-14,Volume,0.0456,33.58
REB0000005,T0000005,IL0000005,C00036,P0012,RP005,2026-12-23,Growth,0.0209,35.37
REB0000006,T0000006,IL0000006,C00108,P0069,RP006,2025-12-30,Promotional,0.0149,8.59
REB0000007,T0000007,IL0000007,C00432,P0015,RP007,2025-11-29,Volume,0.0502,8.77
REB0000008,T0000008,IL0000008,C00203,P0118,RP008,2026-05-27,Growth,0.0411,12.54
REB0000009,T0000009,IL0000009,C00261,P0127,RP009,2025-05-22,Promotional,0.0374,9.83
REB0000010,T0000010,IL0000010,C00271,P0065,RP010,2026-04-25,Volume,0.0413,2.72
REB0000011,T0000011,IL0000011,C00233,P0001,RP011,2025-06-11,Growth,0.0344,78.82
REB0000012,T0000012,IL0000012,C00391,P0042,RP012,2026-01-18,Promotional,0.0062,17.75
REB0000013,T0000013,IL0000013,C00030,P0062,RP001,2025-09-03,Volume,0.0418,2.92
REB0000014,T0000014,IL0000014,C00085,P0068,RP002,2026-07-17,Growth,0.0379,91.56
REB0000015,T0000015,IL0000015,C00225,P0133,RP003,2026-01-18,Promotional,0.0305,6.59
REB0000016,T0000016,IL0000016,C00118,P0018,RP004,2025-03-02,Volume,0.0118,2.98
REB0000017,T0000017,IL0000017,C00125,P0122,RP005,2026-04-30,Growth,0.0226,3.9
REB0000018,T0000018,IL0000018,C00051,P0016,RP006,2026-10-24,Promotional,0.0295,48.12
REB0000019,T0000019,IL0000019,C00227,P0141,RP007,2025-03-19,Volume,0.0051,1.11
REB0000020,T0000020,IL0000020,C00110,P0103,RP008,2026-05-08,Growth,0.0431,17.84
REB0000021,T0000021,IL0000021,C00339,P0125,RP009,2026-07-24,Promotional,0.0298,11.54
REB0000022,T0000022,IL0000022,C00471,P0136,RP010,2026-05-30,Volume,0.0327,11.32
REB0000023,T0000023,IL0000023,C00127,P0149,RP011,2026-08-07,Growth,0.0288,4.8
REB0000024,T0000024,IL0000024,C00136,P0102,RP012,2025-09-02,Promotional,0.0005,0.45
REB0000025,T0000025,IL0000025,C00110,P0130,RP001,2026-07-05,Volume,0.0203,15.26
REB0000026,T0000026,IL0000026,C00414,P0136,RP002,2026-09-19,Growth,0.0074,8.28
REB0000027,T0000027,IL0000027,C00145,P0054,RP003,2025-10-06,Promotional,0.0138,11.86
REB0000028,T0000028,IL0000028,C00023,P0001,RP004,2025-10-11,Volume,0.0303,15.81
REB0000029,T0000029,IL0000029,C00463,P0039,RP005,2026-12-09,Growth,0.007,1.4
REB0000030,T0000030,IL0000030,C00461,P0092,RP006,2025-02-10,Promotional,0.0481,49.14
REB0000031,T0000031,IL0000031,C00443,P0042,RP007,2025-08-31,Volume,0.0512,10.76
REB0000032,T0000032,IL0000032,C00082,P0028,RP008,2025-10-01,Growth,0.0253,5.57
REB0000033,T0000033,IL0000033,C00338,P0050,RP009,2025-01-25,Promotional,0.0193,12.17
REB0000034,T0000034,IL0000034,C00481,P0008,RP010,2025-12-06,Volume,0.006,2.13
REB0000035,T0000035,IL0000035,C00262,P0030,RP011,2026-09-13,Growth,0.0286,23.39
REB0000036,T0000036,IL0000036,C00101,P0094,RP012,2026-11-18,Promotional,0.0365,15.15
REB0000037,T0000037,IL0000037,C00210,P0084,RP001,2026-11-14,Volume,0.0209,21.29
REB0000038,T0000038,IL0000038,C00281,P0001,RP002,2026-02-20,Growth,0.0177,7.84
REB0000039,T0000039,IL0000039,C00338,P0022,RP003,2025-06-23,Promotional,0.0524,108.88
REB0000040,T0000040,IL0000040,C00013,P0012,RP004,2025-05-31,Volume,0.0487,86.82
REB0000041,T0000041,IL0000041,C00125,P0038,RP005,2026-02-14,Growth,0.0383,19.71
REB0000042,T0000042,IL0000042,C00234,P0035,RP006,2025-05-05,Promotional,0.049,151.55
REB0000043,T0000043,IL0000043,C00229,P0041,RP007,2026-07-16,Volume,0.0421,34.19
REB0000044,T0000044,IL0000044,C00366,P0074,RP008,2025-03-21,Growth,0.0083,5.06
REB0000045,T0000045,IL0000045,C00209,P0085,RP009,2026-03-01,Promotional,0.0498,61.89
REB0000046,T0000046,IL0000046,C00195,P0123,RP010,2026-08-13,Volume,0.046,32.79
REB0000047,T0000047,IL0000047,C00250,P0057,RP011,2025-08-14,Growth,0.0439,58.47
REB0000048,T0000048,IL0000048,C00274,P0007,RP012,2026-09-30,Promotional,0.0477,108.32
REB0000049,T0000049,IL0000049,C00168,P0087,RP001,2026-04-11,Volume,0.0045,5.71
REB0000050,T0000050,IL0000050,C00115,P0018,RP002,2025-12-25,Growth,0.0084,1.66
REB0000051,T0000051,IL0000051,C00239,P0066,RP003,2025-08-12,Promotional,0.0428,27.15
REB0000052,T0000052,IL0000052,C00295,P0097,RP004,2025-11-16,Volume,0.0056,0.89
REB0000053,T0000053,IL0000053,C00408,P0145,RP005,2025-05-04,Growth,0.0356,41.15
REB0000054,T0000054,IL0000054,C00492,P0093,RP006,2026-03-20,Promotional,0.0148,6.44
REB0000055,T0000055,IL0000055,C00423,P0069,RP007,2026-03-23,Volume,0.0134,16.47
REB0000056,T0000056,IL0000056,C00254,P0084,RP008,2025-01-30,Growth,0.0484,36.43
REB0000057,T0000057,IL0000057,C00044,P0062,RP009,2025-07-15,Promotional,0.0392,65.73
REB0000058,T0000058,IL0000058,C00355,P0063,RP010,2026-02-19,Volume,0.041,45.31
REB0000059,T0000059,IL0000059,C00119,P0031,RP011,2025-09-15,Growth,0.0102,3.33
REB0000060,T0000060,IL0000060,C00306,P0073,RP012,2026-06-22,Promotional,0.0389,15.39
REB0000061,T0000061,IL0000061,C00358,P0033,RP001,2025-10-27,Volume,0.0242,13.38
REB0000062,T0000062,IL0000062,C00059,P0017,RP002,2026-05-05,Growth,0.0082,3.15
REB0000063,T0000063,IL0000063,C00286,P0107,RP003,2025-05-02,Promotional,0.0164,17.38
REB0000064,T0000064,IL0000064,C00313,P0026,RP004,2025-03-03,Volume,0.0304,11.9
REB0000065,T0000065,IL0000065,C00150,P0009,RP005,2026-04-27,Growth,0.0378,46.9
REB0000066,T0000066,IL0000066,C00412,P0051,RP006,2026-11-09,Promotional,0.0455,18.2
REB0000067,T0000067,IL0000067,C00472,P0074,RP007,2026-08-06,Volume,0.015,5.66
REB0000068,T0000068,IL0000068,C00377,P0083,RP008,2026-03-19,Growth,0.0473,6.15
REB0000069,T0000069,IL0000069,C00296,P0011,RP009,2025-10-03,Promotional,0.0548,83.53
REB0000070,T0000070,IL0000070,C00179,P0105,RP010,2026-04-27,Volume,0.0381,50.11
REB0000071,T0000071,IL0000071,C00019,P0117,RP011,2026-07-18,Growth,0.0476,26.57
REB0000072,T0000072,IL0000072,C00212,P0014,RP012,2026-04-19,Promotional,0.0418,51.3
REB0000073,T0000073,IL0000073,C00451,P0125,RP001,2026-03-25,Volume,0.0087,1.67
REB0000074,T0000074,IL0000074,C00237,P0031,RP002,2025-04-27,Growth,0.0229,62.85
REB0000075,T0000075,IL0000075,C00197,P0049,RP003,2025-05-29,Promotional,0.0425,96.95
REB0000076,T0000076,IL0000076,C00421,P0001,RP004,2025-10-01,Volume,0.0476,71.4
REB0000077,T0000077,IL0000077,C00194,P0117,RP005,2026-07-11,Growth,0.0471,52.18
REB0000078,T0000078,IL0000078,C00198,P0039,RP006,2026-01-26,Promotional,0.0055,0.24
REB0000079,T0000079,IL0000079,C00370,P0037,RP007,2025-01-16,Volume,0.0342,4.24
REB0000080,T0000080,IL0000080,C00440,P0137,RP008,2026-11-22,Growth,0.0298,36.29
REB0000081,T0000081,IL0000081,C00117,P0024,RP009,2025-10-22,Promotional,0.0092,4.27
REB0000082,T0000082,IL0000082,C00151,P0092,RP010,2025-02-27,Volume,0.0436,22.11
REB0000083,T0000083,IL0000083,C00350,P0062,RP011,2026-09-27,Growth,0.0367,8.89
REB0000084,T0000084,IL0000084,C00081,P0019,RP012,2026-07-14,Promotional,0.038,76.69
REB0000085,T0000085,IL0000085,C00055,P0061,RP001,2026-05-10,Volume,0.0012,1.62
REB0000086,T0000086,IL0000086,C00399,P0013,RP002,2026-12-04,Growth,0.0127,31.24
REB0000087,T0000087,IL0000087,C00348,P0036,RP003,2025-09-14,Promotional,0.0402,3.64
REB0000088,T0000088,IL0000088,C00103,P0034,RP004,2025-06-29,Volume,0.0141,17.14
REB0000089,T0000089,IL0000089,C00412,P0030,RP005,2025-12-13,Growth,0.0398,3.63
REB0000090,T0000090,IL0000090,C00047,P0102,RP006,2026-01-10,Promotional,0.037,32.86
REB0000091,T0000091,IL0000091,C00346,P0060,RP007,2025-04-21,Volume,0.0335,3.75
REB0000092,T0000092,IL0000092,C00155,P0105,RP008,2026-12-19,Growth,0.0064,0.57
REB0000093,T0000093,IL0000093,C00344,P0139,RP009,2026-01-15,Promotional,0.0339,28.08
REB0000094,T0000094,IL0000094,C00228,P0114,RP010,2025-08-11,Volume,0.0538,18.01
REB0000095,T0000095,IL0000095,C00486,P0117,RP011,2025-05-06,Growth,0.0433,36.38
REB0000096,T0000096,IL0000096,C00425,P0142,RP012,2025-03-12,Promotional,0.0434,46.09
REB0000097,T0000097,IL0000097,C00277,P0065,RP001,2025-05-14,Volume,0.0435,19.86
REB0000098,T0000098,IL0000098,C00065,P0108,RP002,2025-02-23,Growth,0.0282,14.83
REB0000099,T0000099,IL0000099,C00373,P0134,RP003,2025-02-14,Promotional,0.0466,83.84
REB0000100,T0000100,IL0000100,C00038,P0021,RP004,2026-03-31,Volume,0.0301,3.35
REB0000101,T0000101,IL0000101,C00259,P0111,RP005,2026-04-10,Growth,0.0396,23.77
REB0000102,T0000102,IL0000102,C00424,P0117,RP006,2025-12-14,Promotional,0.014,25.69
REB0000103,T0000103,IL0000103,C00426,P0022,RP007,2025-04-04,Volume,0.0306,11.98
REB0000104,T0000104,IL0000104,C00211,P0091,RP008,2025-05-06,Growth,0.0318,10.11
REB0000105,T0000105,IL0000105,C00180,P0143,RP009,2025-04-21,Promotional,0.0465,25.24
REB0000106,T0000106,IL0000106,C00286,P0007,RP010,2026-10-21,Volume,0.0507,7.26
REB0000107,T0000107,IL0000107,C00206,P0018,RP011,2026-11-05,Growth,0.0248,0.76
REB0000108,T0000108,IL0000108,C00306,P0022,RP012,2026-08-05,Promotional,0.015,2.95
REB0000109,T0000109,IL0000109,C00111,P0132,RP001,2025-10-07,Volume,0.0268,25.45
REB0000110,T0000110,IL0000110,C00029,P0002,RP002,2026-09-06,Growth,0.0159,26.99
REB0000111,T0000111,IL0000111,C00195,P0137,RP003,2025-05-13,Promotional,0.0218,37.75
REB0000112,T0000112,IL0000112,C00442,P0081,RP004,2025-03-21,Volume,0.0063,9.64
REB0000113,T0000113,IL0000113,C00236,P0093,RP005,2026-09-25,Growth,0.0288,63.43
REB0000114,T0000114,IL0000114,C00399,P0044,RP006,2025-12-08,Promotional,0.0427,84.26
REB0000115,T0000115,IL0000115,C00121,P0027,RP007,2025-06-01,Volume,0.0361,13.61
REB0000116,T0000116,IL0000116,C00390,P0149,RP008,2026-08-01,Growth,0.0534,118.11
REB0000117,T0000117,IL0000117,C00156,P0071,RP009,2026-10-09,Promotional,0.0021,0.29
REB0000118,T0000118,IL0000118,C00315,P0130,RP010,2025-04-03,Volume,0.0023,3.73
REB0000119,T0000119,IL0000119,C00244,P0129,RP011,2026-09-12,Growth,0.054,10.16
REB0000120,T0000120,IL0000120,C00225,P0113,RP012,2026-12-26,Promotional,0.0213,41.61
REB0000121,T0000121,IL0000121,C00332,P0086,RP001,2026-10-09,Volume,0.0398,11.79
REB0000122,T0000122,IL0000122,C00042,P0150,RP002,2025-12-08,Growth,0.0071,5.19
REB0000123,T0000123,IL0000123,C00406,P0085,RP003,2026-10-21,Promotional,0.001,0.47
REB0000124,T0000124,IL0000124,C00099,P0058,RP004,2026-05-13,Volume,0.0424,5.35
REB0000125,T0000125,IL0000125,C00449,P0034,RP005,2025-12-11,Growth,0.0344,15.88
REB0000126,T0000126,IL0000126,C00347,P0061,RP006,2026-01-09,Promotional,0.0132,17.07
REB0000127,T0000127,IL0000127,C00189,P0147,RP007,2025-07-18,Volume,0.023,49.13
REB0000128,T0000128,IL0000128,C00027,P0124,RP008,2025-09-14,Growth,0.0069,21.0
REB0000129,T0000129,IL0000129,C00076,P0112,RP009,2026-06-10,Promotional,0.0228,24.99
REB0000130,T0000130,IL0000130,C00192,P0058,RP010,2025-03-25,Volume,0.0435,76.8
REB0000131,T0000131,IL0000131,C00426,P0036,RP011,2026-12-14,Growth,0.0119,20.07
REB0000132,T0000132,IL0000132,C00057,P0074,RP012,2026-03-10,Promotional,0.0343,10.84
REB0000133,T0000133,IL0000133,C00009,P0132,RP001,2026-07-03,Volume,0.0194,20.56
REB0000134,T0000134,IL0000134,C00500,P0093,RP002,2026-06-21,Growth,0.0011,1.98
REB0000135,T0000135,IL0000135,C00130,P0005,RP003,2026-01-18,Promotional,0.0424,6.91
REB0000136,T0000136,IL0000136,C00174,P0045,RP004,2026-07-14,Volume,0.0427,78.89
REB0000137,T0000137,IL0000137,C00454,P0011,RP005,2025-07-24,Growth,0.0139,13.98
REB0000138,T0000138,IL0000138,C00444,P0085,RP006,2025-02-18,Promotional,0.0242,14.78
REB0000139,T0000139,IL0000139,C00255,P0095,RP007,2026-12-10,Volume,0.0331,42.72
REB0000140,T0000140,IL0000140,C00168,P0076,RP008,2025-03-23,Growth,0.0193,31.93
REB0000141,T0000141,IL0000141,C00141,P0015,RP009,2026-03-22,Promotional,0.0524,50.68
REB0000142,T0000142,IL0000142,C00065,P0018,RP010,2025-02-05,Volume,0.0084,7.36
REB0000143,T0000143,IL0000143,C00294,P0036,RP011,2025-03-20,Growth,0.0062,5.9
REB0000144,T0000144,IL0000144,C00061,P0068,RP012,2026-07-30,Promotional,0.0549,38.17
REB0000145,T0000145,IL0000145,C00461,P0114,RP001,2025-06-26,Volume,0.016,20.82
REB0000146,T0000146,IL0000146,C00327,P0045,RP002,2026-12-19,Growth,0.013,10.66
REB0000147,T0000147,IL0000147,C00412,P0142,RP003,2026-04-24,Promotional,0.0263,1.74
REB0000148,T0000148,IL0000148,C00498,P0082,RP004,2025-05-09,Volume,0.0456,60.44
REB0000149,T0000149,IL0000149,C00222,P0129,RP005,2025-05-13,Growth,0.0514,21.22
REB0000150,T0000150,IL0000150,C00434,P0021,RP006,2025-10-18,Promotional,0.0167,12.87
REB0000151,T0000151,IL0000151,C00079,P0044,RP007,2026-08-18,Volume,0.0016,2.66
REB0000152,T0000152,IL0000152,C00108,P0147,RP008,2026-10-29,Growth,0.0526,5.72
REB0000153,T0000153,IL0000153,C00233,P0019,RP009,2025-11-01,Promotional,0.0334,15.04
REB0000154,T0000154,IL0000154,C00500,P0103,RP010,2025-12-20,Volume,0.0067,8.05
REB0000155,T0000155,IL0000155,C00443,P0108,RP011,2026-01-29,Growth,0.0104,8.28
REB0000156,T0000156,IL0000156,C00255,P0006,RP012,2025-11-12,Promotional,0.0194,24.19
REB0000157,T0000157,IL0000157,C00345,P0121,RP001,2026-11-01,Volume,0.0146,3.26
REB0000158,T0000158,IL0000158,C00292,P0144,RP002,2025-02-22,Growth,0.042,52.39
REB0000159,T0000159,IL0000159,C00066,P0025,RP003,2025-05-02,Promotional,0.0415,74.0
REB0000160,T0000160,IL0000160,C00020,P0036,RP004,2025-02-16,Volume,0.0077,11.8
REB0000161,T0000161,IL0000161,C00379,P0077,RP005,2026-09-24,Growth,0.031,33.16
REB0000162,T0000162,IL0000162,C00214,P0150,RP006,2025-04-23,Promotional,0.0535,6.07
REB0000163,T0000163,IL0000163,C00088,P0135,RP007,2026-05-07,Volume,0.0521,23.61
REB0000164,T0000164,IL0000164,C00212,P0053,RP008,2025-06-05,Growth,0.0405,94.4
REB0000165,T0000165,IL0000165,C00340,P0123,RP009,2025-11-29,Promotional,0.0188,14.96
REB0000166,T0000166,IL0000166,C00412,P0068,RP010,2026-10-21,Volume,0.0124,8.58
REB0000167,T0000167,IL0000167,C00354,P0126,RP011,2025-08-01,Growth,0.015,16.58
REB0000168,T0000168,IL0000168,C00420,P0089,RP012,2026-02-09,Promotional,0.0508,8.97
REB0000169,T0000169,IL0000169,C00139,P0144,RP001,2026-07-06,Volume,0.0028,0.38
REB0000170,T0000170,IL0000170,C00212,P0085,RP002,2025-04-13,Growth,0.0538,23.11
REB0000171,T0000171,IL0000171,C00245,P0052,RP003,2026-05-03,Promotional,0.0359,22.54
REB0000172,T0000172,IL0000172,C00468,P0045,RP004,2025-02-08,Volume,0.0433,42.87
REB0000173,T0000173,IL0000173,C00449,P0010,RP005,2025-10-24,Growth,0.0157,16.49
REB0000174,T0000174,IL0000174,C00436,P0130,RP006,2025-05-18,Promotional,0.0252,9.96
REB0000175,T0000175,IL0000175,C00291,P0050,RP007,2025-10-30,Volume,0.0368,73.84
REB0000176,T0000176,IL0000176,C00004,P0067,RP008,2025-09-12,Growth,0.032,21.64
REB0000177,T0000177,IL0000177,C00032,P0031,RP009,2025-08-30,Promotional,0.0488,18.89
REB0000178,T0000178,IL0000178,C00189,P0057,RP010,2025-10-30,Volume,0.0205,8.47
REB0000179,T0000179,IL0000179,C00423,P0056,RP011,2026-11-12,Growth,0.0505,14.14
REB0000180,T0000180,IL0000180,C00294,P0138,RP012,2025-07-27,Promotional,0.0113,4.13
REB0000181,T0000181,IL0000181,C00233,P0034,RP001,2025-02-26,Volume,0.0444,53.42
REB0000182,T0000182,IL0000182,C00297,P0019,RP002,2025-08-12,Growth,0.0514,49.58
REB0000183,T0000183,IL0000183,C00093,P0035,RP003,2026-02-23,Promotional,0.0499,109.56
REB0000184,T0000184,IL0000184,C00069,P0090,RP004,2026-07-07,Volume,0.0538,57.15
REB0000185,T0000185,IL0000185,C00345,P0140,RP005,2026-04-20,Growth,0.0085,11.18
REB0000186,T0000186,IL0000186,C00415,P0108,RP006,2025-02-02,Promotional,0.0246,0.85
REB0000187,T0000187,IL0000187,C00206,P0113,RP007,2025-02-15,Volume,0.0277,23.49
REB0000188,T0000188,IL0000188,C00296,P0083,RP008,2025-11-23,Growth,0.0227,35.99
REB0000189,T0000189,IL0000189,C00321,P0110,RP009,2025-06-29,Promotional,0.021,6.56
REB0000190,T0000190,IL0000190,C00193,P0048,RP010,2025-11-04,Volume,0.0079,6.4
REB0000191,T0000191,IL0000191,C00286,P0136,RP011,2026-03-03,Growth,0.0507,33.82
REB0000192,T0000192,IL0000192,C00027,P0069,RP012,2025-07-15,Promotional,0.0398,9.01
REB0000193,T0000193,IL0000193,C00156,P0004,RP001,2025-12-07,Volume,0.0263,28.89
REB0000194,T0000194,IL0000194,C00283,P0083,RP002,2025-09-03,Growth,0.0198,22.24
REB0000195,T0000195,IL0000195,C00390,P0082,RP003,2026-04-26,Promotional,0.0408,31.84
REB0000196,T0000196,IL0000196,C00152,P0040,RP004,2026-03-04,Volume,0.0303,16.47
REB0000197,T0000197,IL0000197,C00495,P0126,RP005,2026-05-16,Growth,0.0301,22.74
REB0000198,T0000198,IL0000198,C00269,P0009,RP006,2025-03-02,Promotional,0.0127,3.08
REB0000199,T0000199,IL0000199,C00031,P0124,RP007,2026-01-18,Volume,0.0289,0.24
REB0000200,T0000200,IL0000200,C00346,P0111,RP008,2026-12-16,Growth,0.0341,20.54
REB0000201,T0000201,IL0000201,C00192,P0104,RP009,2025-03-22,Promotional,0.0455,44.08
REB0000202,T0000202,IL0000202,C00048,P0104,RP010,2025-02-02,Volume,0.0094,12.2
REB0000203,T0000203,IL0000203,C00440,P0025,RP011,2026-08-03,Growth,0.0312,2.4
REB0000204,T0000204,IL0000204,C00461,P0140,RP012,2025-10-15,Promotional,0.0114,0.58
REB0000205,T0000205,IL0000205,C00154,P0042,RP001,2025-03-20,Volume,0.0297,25.27
REB0000206,T0000206,IL0000206,C00371,P0021,RP002,2026-12-07,Growth,0.0187,4.35
REB0000207,T0000207,IL0000207,C00016,P0070,RP003,2025-12-01,Promotional,0.0102,8.17
REB0000208,T0000208,IL0000208,C00409,P0064,RP004,2025-10-30,Volume,0.0085,1.35
REB0000209,T0000209,IL0000209,C00228,P0093,RP005,2025-11-12,Growth,0.0305,3.57
REB0000210,T0000210,IL0000210,C00306,P0084,RP006,2025-04-06,Promotional,0.0494,1.66
REB0000211,T0000211,IL0000211,C00351,P0098,RP007,2025-06-23,Volume,0.0092,2.43
REB0000212,T0000212,IL0000212,C00129,P0064,RP008,2026-01-05,Growth,0.0218,12.51
REB0000213,T0000213,IL0000213,C00172,P0111,RP009,2026-03-27,Promotional,0.0263,7.45
REB0000214,T0000214,IL0000214,C00325,P0126,RP010,2026-12-13,Volume,0.0201,10.67
REB0000215,T0000215,IL0000215,C00350,P0141,RP011,2025-07-04,Growth,0.0457,117.79
REB0000216,T0000216,IL0000216,C00256,P0036,RP012,2026-11-21,Promotional,0.0207,8.95
REB0000217,T0000217,IL0000217,C00260,P0108,RP001,2026-07-02,Volume,0.0295,5.75
REB0000218,T0000218,IL0000218,C00341,P0091,RP002,2026-11-05,Growth,0.0532,8.95
REB0000219,T0000219,IL0000219,C00133,P0057,RP003,2025-04-11,Promotional,0.0206,36.83
REB0000220,T0000220,IL0000220,C00177,P0007,RP004,2025-06-04,Volume,0.0457,9.92
REB0000221,T0000221,IL0000221,C00267,P0124,RP005,2025-07-31,Growth,0.0037,1.6
REB0000222,T0000222,IL0000222,C00332,P0028,RP006,2025-12-18,Promotional,0.0234,18.59
REB0000223,T0000223,IL0000223,C00328,P0111,RP007,2025-07-10,Volume,0.0236,3.5
REB0000224,T0000224,IL0000224,C00415,P0017,RP008,2026-12-22,Growth,0.0108,5.47
REB0000225,T0000225,IL0000225,C00161,P0100,RP009,2026-10-17,Promotional,0.034,48.23
REB0000226,T0000226,IL0000226,C00303,P0022,RP010,2026-09-22,Volume,0.0381,12.28
REB0000227,T0000227,IL0000227,C00217,P0048,RP011,2026-01-28,Growth,0.0305,68.82
REB0000228,T0000228,IL0000228,C00318,P0014,RP012,2026-04-07,Promotional,0.0309,1.32
REB0000229,T0000229,IL0000229,C00431,P0114,RP001,2026-12-29,Volume,0.0161,2.27
REB0000230,T0000230,IL0000230,C00290,P0127,RP002,2026-04-14,Growth,0.0453,23.06
REB0000231,T0000231,IL0000231,C00280,P0056,RP003,2026-03-28,Promotional,0.0481,22.6
REB0000232,T0000232,IL0000232,C00225,P0031,RP004,2025-03-31,Volume,0.0391,40.24
REB0000233,T0000233,IL0000233,C00417,P0053,RP005,2025-07-31,Growth,0.0178,23.4
REB0000234,T0000234,IL0000234,C00461,P0025,RP006,2026-06-11,Promotional,0.007,15.66
REB0000235,T0000235,IL0000235,C00390,P0101,RP007,2025-09-11,Volume,0.0249,12.88
REB0000236,T0000236,IL0000236,C00384,P0072,RP008,2026-06-12,Growth,0.0426,108.87
REB0000237,T0000237,IL0000237,C00358,P0092,RP009,2026-11-12,Promotional,0.0272,37.31
REB0000238,T0000238,IL0000238,C00290,P0125,RP010,2025-05-14,Volume,0.0009,0.03
REB0000239,T0000239,IL0000239,C00104,P0034,RP011,2026-03-15,Growth,0.0198,16.7
REB0000240,T0000240,IL0000240,C00203,P0079,RP012,2025-02-23,Promotional,0.0262,45.0
REB0000241,T0000241,IL0000241,C00005,P0088,RP001,2025-01-10,Volume,0.0049,8.73
REB0000242,T0000242,IL0000242,C00071,P0098,RP002,2025-11-03,Growth,0.009,0.99
REB0000243,T0000243,IL0000243,C00316,P0114,RP003,2026-02-26,Promotional,0.0402,19.33
REB0000244,T0000244,IL0000244,C00142,P0022,RP004,2025-09-11,Volume,0.0518,105.61
REB0000245,T0000245,IL0000245,C00266,P0131,RP005,2025-07-30,Growth,0.0525,41.32
REB0000246,T0000246,IL0000246,C00037,P0136,RP006,2026-09-01,Promotional,0.0313,62.6
REB0000247,T0000247,IL0000247,C00009,P0018,RP007,2025-03-16,Volume,0.0219,9.04
REB0000248,T0000248,IL0000248,C00360,P0103,RP008,2026-03-10,Growth,0.0043,7.78
REB0000249,T0000249,IL0000249,C00201,P0017,RP009,2025-12-01,Promotional,0.0047,9.14
REB0000250,T0000250,IL0000250,C00342,P0045,RP010,2025-11-13,Volume,0.0524,3.8
REB0000251,T0000251,IL0000251,C00191,P0033,RP011,2025-06-20,Growth,0.015,8.41
REB0000252,T0000252,IL0000252,C00255,P0117,RP012,2025-03-20,Promotional,0.0087,2.12
REB0000253,T0000253,IL0000253,C00117,P0131,RP001,2025-04-29,Volume,0.02,4.95
REB0000254,T0000254,IL0000254,C00284,P0108,RP002,2025-02-06,Growth,0.0454,25.62
REB0000255,T0000255,IL0000255,C00092,P0058,RP003,2025-02-23,Promotional,0.0155,4.4
REB0000256,T0000256,IL0000256,C00189,P0052,RP004,2025-01-09,Volume,0.0203,53.63
REB0000257,T0000257,IL0000257,C00390,P0063,RP005,2026-07-14,Growth,0.035,2.15
REB0000258,T0000258,IL0000258,C00193,P0079,RP006,2026-11-05,Promotional,0.0033,2.26
REB0000259,T0000259,IL0000259,C00460,P0134,RP007,2025-08-26,Volume,0.0278,30.13
REB0000260,T0000260,IL0000260,C00223,P0034,RP008,2025-03-05,Growth,0.0385,20.51
REB0000261,T0000261,IL0000261,C00484,P0052,RP009,2025-03-18,Promotional,0.0224,3.1
REB0000262,T0000262,IL0000262,C00238,P0068,RP010,2025-11-12,Volume,0.0383,4.49
REB0000263,T0000263,IL0000263,C00365,P0064,RP011,2025-04-04,Growth,0.0545,69.38
REB0000264,T0000264,IL0000264,C00128,P0025,RP012,2026-07-18,Promotional,0.0457,23.16
REB0000265,T0000265,IL0000265,C00352,P0022,RP001,2026-01-17,Volume,0.0109,15.44
REB0000266,T0000266,IL0000266,C00063,P0011,RP002,2025-12-06,Growth,0.0217,1.54
REB0000267,T0000267,IL0000267,C00466,P0048,RP003,2025-08-08,Promotional,0.0339,27.12
REB0000268,T0000268,IL0000268,C00032,P0023,RP004,2026-05-06,Volume,0.0289,12.55
REB0000269,T0000269,IL0000269,C00401,P0092,RP005,2026-01-27,Growth,0.0177,45.1
REB0000270,T0000270,IL0000270,C00459,P0072,RP006,2025-01-31,Promotional,0.0536,83.32
REB0000271,T0000271,IL0000271,C00392,P0057,RP007,2025-02-27,Volume,0.0097,8.79
REB0000272,T0000272,IL0000272,C00015,P0091,RP008,2026-08-29,Growth,0.0446,29.02
REB0000273,T0000273,IL0000273,C00047,P0015,RP009,2025-02-08,Promotional,0.0338,3.61
REB0000274,T0000274,IL0000274,C00031,P0006,RP010,2025-11-28,Volume,0.0528,35.62
REB0000275,T0000275,IL0000275,C00173,P0078,RP011,2025-04-14,Growth,0.0352,28.3
REB0000276,T0000276,IL0000276,C00356,P0092,RP012,2026-07-30,Promotional,0.0098,4.29
REB0000277,T0000277,IL0000277,C00017,P0047,RP001,2026-08-05,Volume,0.0311,54.26
REB0000278,T0000278,IL0000278,C00178,P0082,RP002,2025-09-01,Growth,0.0185,8.37
REB0000279,T0000279,IL0000279,C00132,P0028,RP003,2025-12-25,Promotional,0.0486,6.36
REB0000280,T0000280,IL0000280,C00425,P0123,RP004,2025-04-14,Volume,0.0162,4.69
REB0000281,T0000281,IL0000281,C00455,P0097,RP005,2025-06-24,Growth,0.0327,8.74
REB0000282,T0000282,IL0000282,C00085,P0112,RP006,2026-11-01,Promotional,0.0384,2.06
REB0000283,T0000283,IL0000283,C00153,P0061,RP007,2025-10-16,Volume,0.003,0.41
REB0000284,T0000284,IL0000284,C00308,P0123,RP008,2026-10-03,Growth,0.0044,0.23
REB0000285,T0000285,IL0000285,C00459,P0068,RP009,2026-05-16,Promotional,0.0103,14.01
REB0000286,T0000286,IL0000286,C00289,P0016,RP010,2025-10-03,Volume,0.0534,4.54
REB0000287,T0000287,IL0000287,C00215,P0138,RP011,2026-06-20,Growth,0.0497,148.72
REB0000288,T0000288,IL0000288,C00347,P0038,RP012,2026-08-09,Promotional,0.0445,26.5
REB0000289,T0000289,IL0000289,C00104,P0038,RP001,2026-03-22,Volume,0.0048,2.66
REB0000290,T0000290,IL0000290,C00235,P0004,RP002,2026-06-17,Growth,0.0312,76.3
REB0000291,T0000291,IL0000291,C00289,P0026,RP003,2025-04-19,Promotional,0.036,100.77
REB0000292,T0000292,IL0000292,C00074,P0103,RP004,2026-02-17,Volume,0.041,85.94
REB0000293,T0000293,IL0000293,C00160,P0072,RP005,2025-11-07,Growth,0.0409,23.96
REB0000294,T0000294,IL0000294,C00331,P0023,RP006,2026-09-12,Promotional,0.0418,28.42
REB0000295,T0000295,IL0000295,C00034,P0080,RP007,2025-06-12,Volume,0.0016,0.72
REB0000296,T0000296,IL0000296,C00017,P0117,RP008,2025-09-13,Growth,0.0278,42.84
REB0000297,T0000297,IL0000297,C00251,P0115,RP009,2026-01-17,Promotional,0.0492,84.31
REB0000298,T0000298,IL0000298,C00026,P0042,RP010,2026-01-31,Volume,0.0148,16.37
REB0000299,T0000299,IL0000299,C00005,P0122,RP011,2026-11-30,Growth,0.0443,28.77
REB0000300,T0000300,IL0000300,C00459,P0097,RP012,2026-03-10,Promotional,0.0453,36.73
REB0000301,T0000301,IL0000301,C00495,P0096,RP001,2026-11-10,Volume,0.0544,31.23
REB0000302,T0000302,IL0000302,C00488,P0077,RP002,2026-12-30,Growth,0.0472,23.34
REB0000303,T0000303,IL0000303,C00370,P0007,RP003,2025-05-24,Promotional,0.0019,1.04
REB0000304,T0000304,IL0000304,C00352,P0137,RP004,2025-08-16,Volume,0.0482,55.04
REB0000305,T0000305,IL0000305,C00372,P0144,RP005,2025-09-22,Growth,0.0479,64.38
REB0000306,T0000306,IL0000306,C00151,P0119,RP006,2026-08-23,Promotional,0.0341,10.74
REB0000307,T0000307,IL0000307,C00196,P0136,RP007,2026-11-29,Volume,0.011,3.06
REB0000308,T0000308,IL0000308,C00074,P0081,RP008,2026-04-14,Growth,0.0349,9.05
REB0000309,T0000309,IL0000309,C00296,P0041,RP009,2025-06-22,Promotional,0.0236,2.36
REB0000310,T0000310,IL0000310,C00487,P0004,RP010,2026-01-18,Volume,0.0137,10.34
REB0000311,T0000311,IL0000311,C00258,P0079,RP011,2026-01-28,Growth,0.04,13.62
REB0000312,T0000312,IL0000312,C00176,P0126,RP012,2025-05-18,Promotional,0.0011,0.26
REB0000313,T0000313,IL0000313,C00302,P0130,RP001,2025-01-23,Volume,0.0482,14.64
REB0000314,T0000314,IL0000314,C00339,P0028,RP002,2025-02-19,Growth,0.0301,6.57
REB0000315,T0000315,IL0000315,C00005,P0078,RP003,2026-10-08,Promotional,0.0076,3.18
REB0000316,T0000316,IL0000316,C00145,P0030,RP004,2025-05-01,Volume,0.0288,21.03
REB0000317,T0000317,IL0000317,C00281,P0128,RP005,2025-02-10,Growth,0.0499,52.69
REB0000318,T0000318,IL0000318,C00400,P0131,RP006,2025-04-03,Promotional,0.0538,30.28
REB0000319,T0000319,IL0000319,C00437,P0075,RP007,2025-02-10,Volume,0.049,41.93
REB0000320,T0000320,IL0000320,C00184,P0113,RP008,2025-12-03,Growth,0.0101,14.2
REB0000321,T0000321,IL0000321,C00354,P0123,RP009,2026-01-30,Promotional,0.0518,8.77
REB0000322,T0000322,IL0000322,C00348,P0113,RP010,2026-08-06,Volume,0.0484,86.1
REB0000323,T0000323,IL0000323,C00058,P0106,RP011,2026-05-15,Growth,0.0476,1.73
REB0000324,T0000324,IL0000324,C00490,P0087,RP012,2025-08-18,Promotional,0.04,87.17
REB0000325,T0000325,IL0000325,C00430,P0143,RP001,2025-06-02,Volume,0.0258,0.66
REB0000326,T0000326,IL0000326,C00124,P0085,RP002,2025-11-25,Growth,0.045,7.79
REB0000327,T0000327,IL0000327,C00439,P0128,RP003,2025-04-01,Promotional,0.0056,1.84
REB0000328,T0000328,IL0000328,C00406,P0078,RP004,2025-04-04,Volume,0.02,16.99
REB0000329,T0000329,IL0000329,C00393,P0122,RP005,2026-07-28,Growth,0.0188,8.51
REB0000330,T0000330,IL0000330,C00192,P0028,RP006,2026-06-19,Promotional,0.0225,11.64
REB0000331,T0000331,IL0000331,C00111,P0118,RP007,2026-02-07,Volume,0.0461,15.12
REB0000332,T0000332,IL0000332,C00302,P0130,RP008,2026-11-06,Growth,0.0238,4.7
REB0000333,T0000333,IL0000333,C00355,P0149,RP009,2025-07-01,Promotional,0.0177,2.2
REB0000334,T0000334,IL0000334,C00391,P0064,RP010,2026-12-11,Volume,0.0073,16.64
REB0000335,T0000335,IL0000335,C00432,P0141,RP011,2025-11-03,Growth,0.016,34.14
REB0000336,T0000336,IL0000336,C00500,P0046,RP012,2026-10-28,Promotional,0.0194,44.17
REB0000337,T0000337,IL0000337,C00346,P0137,RP001,2026-03-04,Volume,0.008,16.35
REB0000338,T0000338,IL0000338,C00147,P0065,RP002,2025-06-14,Growth,0.0018,0.49
REB0000339,T0000339,IL0000339,C00443,P0058,RP003,2026-07-30,Promotional,0.0158,10.38
REB0000340,T0000340,IL0000340,C00161,P0142,RP004,2026-12-03,Volume,0.0473,3.69
REB0000341,T0000341,IL0000341,C00332,P0095,RP005,2026-12-28,Growth,0.0106,25.85
REB0000342,T0000342,IL0000342,C00377,P0132,RP006,2025-06-27,Promotional,0.0089,2.0
REB0000343,T0000343,IL0000343,C00021,P0040,RP007,2025-06-08,Volume,0.0166,4.24
REB0000344,T0000344,IL0000344,C00163,P0135,RP008,2026-12-26,Growth,0.0299,18.1
REB0000345,T0000345,IL0000345,C00170,P0085,RP009,2026-11-11,Promotional,0.0548,25.56
REB0000346,T0000346,IL0000346,C00178,P0115,RP010,2026-11-16,Volume,0.0504,70.27
REB0000347,T0000347,IL0000347,C00013,P0133,RP011,2025-10-17,Growth,0.0494,122.03
REB0000348,T0000348,IL0000348,C00498,P0138,RP012,2025-06-21,Promotional,0.0117,0.54
REB0000349,T0000349,IL0000349,C00450,P0112,RP001,2026-12-21,Volume,0.0041,0.32
REB0000350,T0000350,IL0000350,C00467,P0067,RP002,2025-08-22,Growth,0.0214,23.85
REB0000351,T0000351,IL0000351,C00388,P0150,RP003,2025-03-06,Promotional,0.0377,6.77
REB0000352,T0000352,IL0000352,C00203,P0008,RP004,2026-01-26,Volume,0.0439,23.22
REB0000353,T0000353,IL0000353,C00455,P0096,RP005,2026-11-25,Growth,0.0315,90.57
REB0000354,T0000354,IL0000354,C00384,P0089,RP006,2025-08-04,Promotional,0.0101,22.48
REB0000355,T0000355,IL0000355,C00410,P0146,RP007,2026-11-19,Volume,0.0037,5.93
REB0000356,T0000356,IL0000356,C00183,P0033,RP008,2025-12-05,Growth,0.0267,5.38
REB0000357,T0000357,IL0000357,C00290,P0146,RP009,2025-06-06,Promotional,0.0432,77.78
REB0000358,T0000358,IL0000358,C00069,P0085,RP010,2026-01-04,Volume,0.006,7.84
REB0000359,T0000359,IL0000359,C00457,P0138,RP011,2025-05-24,Growth,0.0491,57.61
REB0000360,T0000360,IL0000360,C00208,P0055,RP012,2026-08-16,Promotional,0.036,35.88
REB0000361,T0000361,IL0000361,C00376,P0075,RP001,2026-08-27,Volume,0.0006,0.85
REB0000362,T0000362,IL0000362,C00085,P0132,RP002,2026-12-02,Growth,0.048,26.79
REB0000363,T0000363,IL0000363,C00113,P0125,RP003,2025-02-11,Promotional,0.0285,3.48
REB0000364,T0000364,IL0000364,C00021,P0083,RP004,2025-02-17,Volume,0.0318,64.15
REB0000365,T0000365,IL0000365,C00335,P0020,RP005,2026-08-25,Growth,0.0194,12.07
REB0000366,T0000366,IL0000366,C00004,P0129,RP006,2026-09-11,Promotional,0.0116,6.59
REB0000367,T0000367,IL0000367,C00339,P0059,RP007,2025-05-02,Volume,0.0116,16.72
REB0000368,T0000368,IL0000368,C00066,P0147,RP008,2025-02-14,Growth,0.0081,1.48
REB0000369,T0000369,IL0000369,C00307,P0145,RP009,2026-02-20,Promotional,0.0259,41.44
REB0000370,T0000370,IL0000370,C00407,P0150,RP010,2025-05-27,Volume,0.0249,23.34
REB0000371,T0000371,IL0000371,C00009,P0052,RP011,2025-04-22,Growth,0.0098,20.41
REB0000372,T0000372,IL0000372,C00258,P0031,RP012,2026-06-29,Promotional,0.0001,0.13
REB0000373,T0000373,IL0000373,C00190,P0012,RP001,2026-03-07,Volume,0.021,14.76
REB0000374,T0000374,IL0000374,C00295,P0026,RP002,2026-12-15,Growth,0.0046,1.13
REB0000375,T0000375,IL0000375,C00364,P0002,RP003,2025-01-06,Promotional,0.0378,20.21
REB0000376,T0000376,IL0000376,C00300,P0065,RP004,2026-10-30,Volume,0.0374,54.32
REB0000377,T0000377,IL0000377,C00092,P0095,RP005,2026-05-10,Growth,0.0426,71.81
REB0000378,T0000378,IL0000378,C00383,P0059,RP006,2025-05-02,Promotional,0.044,6.72
REB0000379,T0000379,IL0000379,C00494,P0002,RP007,2026-02-03,Volume,0.0145,6.39
REB0000380,T0000380,IL0000380,C00315,P0134,RP008,2026-02-15,Growth,0.0241,8.29
REB0000381,T0000381,IL0000381,C00100,P0009,RP009,2025-10-20,Promotional,0.002,3.26
REB0000382,T0000382,IL0000382,C00400,P0103,RP010,2025-10-10,Volume,0.0387,40.02
REB0000383,T0000383,IL0000383,C00469,P0150,RP011,2026-07-27,Growth,0.0107,21.23
REB0000384,T0000384,IL0000384,C00260,P0028,RP012,2026-02-21,Promotional,0.0282,6.8
REB0000385,T0000385,IL0000385,C00356,P0114,RP001,2025-09-14,Volume,0.0427,72.99
REB0000386,T0000386,IL0000386,C00060,P0067,RP002,2026-05-09,Growth,0.0126,18.77
REB0000387,T0000387,IL0000387,C00359,P0068,RP003,2025-01-10,Promotional,0.0042,1.07
REB0000388,T0000388,IL0000388,C00138,P0047,RP004,2026-08-11,Volume,0.0146,32.33
REB0000389,T0000389,IL0000389,C00080,P0028,RP005,2025-12-31,Growth,0.042,14.18
REB0000390,T0000390,IL0000390,C00162,P0127,RP006,2026-09-28,Promotional,0.0154,13.14
REB0000391,T0000391,IL0000391,C00245,P0139,RP007,2026-03-10,Volume,0.0251,28.93
REB0000392,T0000392,IL0000392,C00007,P0054,RP008,2025-01-09,Growth,0.0103,5.54
REB0000393,T0000393,IL0000393,C00188,P0048,RP009,2025-12-18,Promotional,0.047,30.62
REB0000394,T0000394,IL0000394,C00352,P0059,RP010,2026-08-13,Volume,0.0108,14.1
REB0000395,T0000395,IL0000395,C00091,P0108,RP011,2025-01-10,Growth,0.0396,32.06
REB0000396,T0000396,IL0000396,C00025,P0102,RP012,2026-08-05,Promotional,0.0347,4.06
REB0000397,T0000397,IL0000397,C00286,P0066,RP001,2026-07-28,Volume,0.0333,2.13
REB0000398,T0000398,IL0000398,C00182,P0084,RP002,2025-10-19,Growth,0.0338,76.5
REB0000399,T0000399,IL0000399,C00414,P0087,RP003,2026-10-18,Promotional,0.0189,28.12
REB0000400,T0000400,IL0000400,C00331,P0102,RP004,2026-09-12,Volume,0.0286,59.77
REB0000401,T0000401,IL0000401,C00373,P0061,RP005,2025-05-09,Growth,0.0516,6.62
REB0000402,T0000402,IL0000402,C00392,P0022,RP006,2026-06-21,Promotional,0.0214,21.47
REB0000403,T0000403,IL0000403,C00068,P0135,RP007,2025-05-10,Volume,0.0478,0.89
REB0000404,T0000404,IL0000404,C00228,P0035,RP008,2026-07-16,Growth,0.0483,31.55
REB0000405,T0000405,IL0000405,C00247,P0139,RP009,2025-12-22,Promotional,0.0167,4.38
REB0000406,T0000406,IL0000406,C00147,P0121,RP010,2025-12-19,Volume,0.0165,0.9
REB0000407,T0000407,IL0000407,C00281,P0096,RP011,2025-01-08,Growth,0.0393,85.04
REB0000408,T0000408,IL0000408,C00217,P0062,RP012,2025-03-23,Promotional,0.0227,12.08
REB0000409,T0000409,IL0000409,C00234,P0116,RP001,2026-10-15,Volume,0.0294,20.39
REB0000410,T0000410,IL0000410,C00373,P0003,RP002,2026-03-25,Growth,0.0172,1.94
REB0000411,T0000411,IL0000411,C00170,P0021,RP003,2025-02-02,Promotional,0.0099,1.1
REB0000412,T0000412,IL0000412,C00063,P0064,RP004,2025-01-13,Volume,0.0404,31.15
REB0000413,T0000413,IL0000413,C00349,P0080,RP005,2026-02-03,Growth,0.0287,17.8
REB0000414,T0000414,IL0000414,C00443,P0056,RP006,2025-02-23,Promotional,0.0152,14.0
REB0000415,T0000415,IL0000415,C00298,P0122,RP007,2025-02-13,Volume,0.005,1.93
REB0000416,T0000416,IL0000416,C00031,P0016,RP008,2026-10-03,Growth,0.0128,8.54
REB0000417,T0000417,IL0000417,C00376,P0050,RP009,2026-03-26,Promotional,0.0267,23.75
REB0000418,T0000418,IL0000418,C00291,P0048,RP010,2025-07-14,Volume,0.0329,24.82
REB0000419,T0000419,IL0000419,C00152,P0068,RP011,2026-04-06,Growth,0.0404,42.76
REB0000420,T0000420,IL0000420,C00123,P0083,RP012,2026-09-28,Promotional,0.0421,110.95
REB0000421,T0000421,IL0000421,C00057,P0025,RP001,2025-11-26,Volume,0.0016,0.07
REB0000422,T0000422,IL0000422,C00429,P0100,RP002,2026-10-20,Growth,0.0121,24.34
REB0000423,T0000423,IL0000423,C00252,P0021,RP003,2026-11-03,Promotional,0.0452,6.93
REB0000424,T0000424,IL0000424,C00021,P0019,RP004,2026-06-26,Volume,0.0399,18.21
REB0000425,T0000425,IL0000425,C00292,P0046,RP005,2025-09-12,Growth,0.0197,29.25
REB0000426,T0000426,IL0000426,C00406,P0047,RP006,2025-06-20,Promotional,0.033,41.93
REB0000427,T0000427,IL0000427,C00433,P0096,RP007,2025-11-29,Volume,0.03,63.79
REB0000428,T0000428,IL0000428,C00493,P0116,RP008,2026-01-04,Growth,0.0009,0.13
REB0000429,T0000429,IL0000429,C00110,P0081,RP009,2025-08-16,Promotional,0.0314,47.62
REB0000430,T0000430,IL0000430,C00188,P0150,RP010,2025-09-29,Volume,0.0313,13.17
REB0000431,T0000431,IL0000431,C00089,P0125,RP011,2026-05-10,Growth,0.0317,11.5
REB0000432,T0000432,IL0000432,C00451,P0112,RP012,2025-12-23,Promotional,0.0331,21.22
REB0000433,T0000433,IL0000433,C00269,P0011,RP001,2025-11-09,Volume,0.0084,15.86
REB0000434,T0000434,IL0000434,C00295,P0130,RP002,2026-09-02,Growth,0.0185,11.44
REB0000435,T0000435,IL0000435,C00044,P0103,RP003,2025-09-26,Promotional,0.0308,62.11
REB0000436,T0000436,IL0000436,C00377,P0135,RP004,2026-09-23,Volume,0.0508,9.55
REB0000437,T0000437,IL0000437,C00098,P0083,RP005,2025-12-23,Growth,0.0452,5.96
REB0000438,T0000438,IL0000438,C00103,P0096,RP006,2025-08-28,Promotional,0.051,4.53
REB0000439,T0000439,IL0000439,C00412,P0029,RP007,2026-12-12,Volume,0.0117,15.6
REB0000440,T0000440,IL0000440,C00374,P0037,RP008,2026-09-30,Growth,0.0094,12.71
REB0000441,T0000441,IL0000441,C00239,P0003,RP009,2025-02-24,Promotional,0.0198,30.99
REB0000442,T0000442,IL0000442,C00119,P0098,RP010,2026-01-31,Volume,0.0048,2.67
REB0000443,T0000443,IL0000443,C00012,P0011,RP011,2026-12-31,Growth,0.001,1.1
REB0000444,T0000444,IL0000444,C00142,P0016,RP012,2026-05-29,Promotional,0.0305,62.6
REB0000445,T0000445,IL0000445,C00071,P0023,RP001,2026-11-04,Volume,0.0125,36.94
REB0000446,T0000446,IL0000446,C00169,P0115,RP002,2026-09-12,Growth,0.044,8.99
REB0000447,T0000447,IL0000447,C00466,P0035,RP003,2026-06-21,Promotional,0.0037,2.21
REB0000448,T0000448,IL0000448,C00373,P0008,RP004,2025-05-30,Volume,0.0452,106.37
REB0000449,T0000449,IL0000449,C00055,P0034,RP005,2025-07-12,Growth,0.0312,4.35
REB0000450,T0000450,IL0000450,C00041,P0123,RP006,2026-01-03,Promotional,0.0101,25.62
REB0000451,T0000451,IL0000451,C00017,P0105,RP007,2025-08-20,Volume,0.0112,17.03
REB0000452,T0000452,IL0000452,C00444,P0126,RP008,2026-03-26,Growth,0.0334,80.74
REB0000453,T0000453,IL0000453,C00305,P0138,RP009,2026-08-09,Promotional,0.0023,0.32
REB0000454,T0000454,IL0000454,C00286,P0100,RP010,2025-02-10,Volume,0.0426,3.22
REB0000455,T0000455,IL0000455,C00354,P0133,RP011,2025-02-25,Growth,0.0062,14.3
REB0000456,T0000456,IL0000456,C00202,P0106,RP012,2025-05-19,Promotional,0.0493,11.33
REB0000457,T0000457,IL0000457,C00465,P0042,RP001,2026-10-27,Volume,0.0288,2.74
REB0000458,T0000458,IL0000458,C00194,P0141,RP002,2025-06-13,Growth,0.0363,8.01
REB0000459,T0000459,IL0000459,C00027,P0108,RP003,2026-12-31,Promotional,0.0099,13.61
REB0000460,T0000460,IL0000460,C00007,P0118,RP004,2025-09-17,Volume,0.0131,22.0
REB0000461,T0000461,IL0000461,C00308,P0002,RP005,2025-03-23,Growth,0.0114,11.91
REB0000462,T0000462,IL0000462,C00438,P0009,RP006,2025-05-29,Promotional,0.0547,36.12
REB0000463,T0000463,IL0000463,C00305,P0147,RP007,2026-12-18,Volume,0.002,2.03
REB0000464,T0000464,IL0000464,C00389,P0110,RP008,2025-03-11,Growth,0.0151,2.06
REB0000465,T0000465,IL0000465,C00030,P0028,RP009,2026-09-19,Promotional,0.0514,158.08
REB0000466,T0000466,IL0000466,C00133,P0135,RP010,2025-11-21,Volume,0.0401,78.17
REB0000467,T0000467,IL0000467,C00363,P0075,RP011,2025-08-27,Growth,0.0404,0.26
REB0000468,T0000468,IL0000468,C00171,P0090,RP012,2025-02-16,Promotional,0.0435,4.06
REB0000469,T0000469,IL0000469,C00059,P0086,RP001,2025-01-07,Volume,0.0097,16.77
REB0000470,T0000470,IL0000470,C00409,P0010,RP002,2026-05-01,Growth,0.0493,29.2
REB0000471,T0000471,IL0000471,C00428,P0134,RP003,2025-02-27,Promotional,0.0115,28.28
REB0000472,T0000472,IL0000472,C00034,P0039,RP004,2025-12-29,Volume,0.0091,0.72
REB0000473,T0000473,IL0000473,C00362,P0081,RP005,2025-11-12,Growth,0.0249,18.08
REB0000474,T0000474,IL0000474,C00192,P0010,RP006,2025-04-25,Promotional,0.0275,7.47
REB0000475,T0000475,IL0000475,C00159,P0084,RP007,2026-06-21,Volume,0.0073,3.66
REB0000476,T0000476,IL0000476,C00060,P0002,RP008,2026-06-19,Growth,0.0257,5.17
REB0000477,T0000477,IL0000477,C00012,P0148,RP009,2025-11-16,Promotional,0.0176,7.99
REB0000478,T0000478,IL0000478,C00059,P0004,RP010,2025-10-08,Volume,0.0175,31.44
REB0000479,T0000479,IL0000479,C00088,P0019,RP011,2025-09-08,Growth,0.0497,56.7
REB0000480,T0000480,IL0000480,C00092,P0115,RP012,2026-02-06,Promotional,0.0369,27.62
REB0000481,T0000481,IL0000481,C00291,P0034,RP001,2026-04-22,Volume,0.0422,17.96
REB0000482,T0000482,IL0000482,C00133,P0094,RP002,2026-09-24,Growth,0.0485,38.27
REB0000483,T0000483,IL0000483,C00246,P0119,RP003,2025-12-26,Promotional,0.0057,7.42
REB0000484,T0000484,IL0000484,C00037,P0078,RP004,2026-10-28,Volume,0.0301,35.94
REB0000485,T0000485,IL0000485,C00303,P0111,RP005,2026-12-12,Growth,0.0364,97.39
REB0000486,T0000486,IL0000486,C00059,P0119,RP006,2026-05-14,Promotional,0.0223,11.27
REB0000487,T0000487,IL0000487,C00168,P0127,RP007,2026-01-24,Volume,0.0415,6.16
REB0000488,T0000488,IL0000488,C00273,P0075,RP008,2026-04-09,Growth,0.0165,27.02
REB0000489,T0000489,IL0000489,C00368,P0089,RP009,2026-03-22,Promotional,0.0469,2.21
REB0000490,T0000490,IL0000490,C00361,P0144,RP010,2025-01-01,Volume,0.0386,22.41
REB0000491,T0000491,IL0000491,C00223,P0140,RP011,2026-01-26,Growth,0.0508,26.87
REB0000492,T0000492,IL0000492,C00065,P0035,RP012,2026-11-18,Promotional,0.0362,10.79
REB0000493,T0000493,IL0000493,C00441,P0117,RP001,2026-03-02,Volume,0.0451,73.28
REB0000494,T0000494,IL0000494,C00296,P0128,RP002,2025-01-08,Growth,0.0018,1.72
REB0000495,T0000495,IL0000495,C00247,P0021,RP003,2026-08-18,Promotional,0.0256,78.07
REB0000496,T0000496,IL0000496,C00323,P0020,RP004,2026-04-29,Volume,0.0428,51.99
REB0000497,T0000497,IL0000497,C00216,P0091,RP005,2025-12-06,Growth,0.0167,6.31
REB0000498,T0000498,IL0000498,C00087,P0147,RP006,2026-08-16,Promotional,0.0045,6.45
REB0000499,T0000499,IL0000499,C00316,P0072,RP007,2025-05-16,Volume,0.0325,3.8
REB0000500,T0000500,IL0000500,C00401,P0061,RP008,2025-09-25,Growth,0.0046,4.08
REB0000501,T0000501,IL0000501,C00386,P0106,RP009,2026-05-23,Promotional,0.0318,30.7
REB0000502,T0000502,IL0000502,C00027,P0043,RP010,2025-04-29,Volume,0.0507,60.83
REB0000503,T0000503,IL0000503,C00075,P0136,RP011,2025-09-26,Growth,0.0173,0.56
REB0000504,T0000504,IL0000504,C00327,P0091,RP012,2026-06-29,Promotional,0.036,21.96
REB0000505,T0000505,IL0000505,C00302,P0050,RP001,2026-11-20,Volume,0.0006,0.81
REB0000506,T0000506,IL0000506,C00054,P0115,RP002,2026-06-22,Growth,0.0341,33.09
REB0000507,T0000507,IL0000507,C00487,P0032,RP003,2025-08-11,Promotional,0.0495,22.71
REB0000508,T0000508,IL0000508,C00095,P0065,RP004,2026-12-14,Volume,0.0547,102.77
REB0000509,T0000509,IL0000509,C00132,P0042,RP005,2025-11-28,Growth,0.0033,4.3
REB0000510,T0000510,IL0000510,C00476,P0052,RP006,2026-05-19,Promotional,0.0423,22.59
REB0000511,T0000511,IL0000511,C00053,P0009,RP007,2025-09-23,Volume,0.0493,12.95
REB0000512,T0000512,IL0000512,C00200,P0069,RP008,2026-11-12,Growth,0.0517,91.9
REB0000513,T0000513,IL0000513,C00277,P0058,RP009,2025-03-13,Promotional,0.0312,67.82
REB0000514,T0000514,IL0000514,C00029,P0024,RP010,2026-02-15,Volume,0.0418,113.52
REB0000515,T0000515,IL0000515,C00339,P0049,RP011,2026-01-29,Growth,0.0047,9.71
REB0000516,T0000516,IL0000516,C00013,P0062,RP012,2025-07-17,Promotional,0.0294,8.24
REB0000517,T0000517,IL0000517,C00174,P0015,RP001,2025-02-07,Volume,0.0287,3.52
REB0000518,T0000518,IL0000518,C00120,P0019,RP002,2026-08-17,Growth,0.034,15.1
REB0000519,T0000519,IL0000519,C00026,P0079,RP003,2026-10-10,Promotional,0.045,76.91
REB0000520,T0000520,IL0000520,C00412,P0052,RP004,2025-03-06,Volume,0.0178,29.3
REB0000521,T0000521,IL0000521,C00392,P0012,RP005,2025-08-07,Growth,0.0228,8.97
REB0000522,T0000522,IL0000522,C00021,P0035,RP006,2026-08-19,Promotional,0.0003,0.61
REB0000523,T0000523,IL0000523,C00214,P0122,RP007,2025-10-18,Volume,0.0131,3.19
REB0000524,T0000524,IL0000524,C00314,P0023,RP008,2026-05-27,Growth,0.0543,50.86
REB0000525,T0000525,IL0000525,C00260,P0057,RP009,2026-07-07,Promotional,0.0377,15.09
REB0000526,T0000526,IL0000526,C00473,P0012,RP010,2026-11-18,Volume,0.0443,31.46
REB0000527,T0000527,IL0000527,C00091,P0041,RP011,2026-07-05,Growth,0.0245,38.15
REB0000528,T0000528,IL0000528,C00118,P0029,RP012,2025-11-30,Promotional,0.0206,4.34
REB0000529,T0000529,IL0000529,C00075,P0056,RP001,2026-03-23,Volume,0.0107,6.59
REB0000530,T0000530,IL0000530,C00355,P0146,RP002,2025-02-02,Growth,0.0094,2.99
REB0000531,T0000531,IL0000531,C00488,P0044,RP003,2026-10-16,Promotional,0.0269,75.68
REB0000532,T0000532,IL0000532,C00008,P0110,RP004,2025-10-13,Volume,0.0325,17.73
REB0000533,T0000533,IL0000533,C00021,P0121,RP005,2025-02-15,Growth,0.0383,3.93
REB0000534,T0000534,IL0000534,C00355,P0105,RP006,2025-01-13,Promotional,0.0009,0.28
REB0000535,T0000535,IL0000535,C00383,P0150,RP007,2026-08-08,Volume,0.0102,13.57
REB0000536,T0000536,IL0000536,C00441,P0019,RP008,2025-01-02,Growth,0.0384,42.38
REB0000537,T0000537,IL0000537,C00042,P0086,RP009,2026-12-03,Promotional,0.0061,17.56
REB0000538,T0000538,IL0000538,C00332,P0144,RP010,2025-06-29,Volume,0.0131,31.52
REB0000539,T0000539,IL0000539,C00447,P0054,RP011,2026-08-18,Growth,0.0152,11.39
REB0000540,T0000540,IL0000540,C00425,P0032,RP012,2026-06-24,Promotional,0.0342,74.73
REB0000541,T0000541,IL0000541,C00097,P0118,RP001,2025-03-09,Volume,0.0042,0.9
REB0000542,T0000542,IL0000542,C00448,P0053,RP002,2025-06-04,Growth,0.0072,0.39
REB0000543,T0000543,IL0000543,C00097,P0017,RP003,2025-10-26,Promotional,0.0318,37.19
REB0000544,T0000544,IL0000544,C00357,P0136,RP004,2026-11-13,Volume,0.0169,21.78
REB0000545,T0000545,IL0000545,C00395,P0013,RP005,2025-10-23,Growth,0.0088,6.09
REB0000546,T0000546,IL0000546,C00355,P0040,RP006,2026-12-27,Promotional,0.0242,5.93
REB0000547,T0000547,IL0000547,C00163,P0089,RP007,2026-11-13,Volume,0.0067,7.11
REB0000548,T0000548,IL0000548,C00476,P0082,RP008,2026-04-15,Growth,0.0357,1.78
REB0000549,T0000549,IL0000549,C00342,P0038,RP009,2026-08-11,Promotional,0.0022,2.19
REB0000550,T0000550,IL0000550,C00431,P0057,RP010,2026-09-25,Volume,0.0321,10.15
REB0000551,T0000551,IL0000551,C00043,P0138,RP011,2025-01-24,Growth,0.0332,17.37
REB0000552,T0000552,IL0000552,C00076,P0110,RP012,2026-02-12,Promotional,0.0538,50.56
REB0000553,T0000553,IL0000553,C00380,P0107,RP001,2026-03-31,Volume,0.0401,14.87
REB0000554,T0000554,IL0000554,C00107,P0078,RP002,2025-05-28,Growth,0.0416,126.98
REB0000555,T0000555,IL0000555,C00090,P0143,RP003,2026-03-01,Promotional,0.021,54.1
REB0000556,T0000556,IL0000556,C00156,P0127,RP004,2026-08-23,Volume,0.0165,12.34
REB0000557,T0000557,IL0000557,C00458,P0074,RP005,2026-11-13,Growth,0.0066,3.7
REB0000558,T0000558,IL0000558,C00298,P0124,RP006,2026-01-06,Promotional,0.0382,86.15
REB0000559,T0000559,IL0000559,C00084,P0149,RP007,2025-09-23,Volume,0.009,2.87
REB0000560,T0000560,IL0000560,C00025,P0075,RP008,2025-12-31,Growth,0.0345,71.27
REB0000561,T0000561,IL0000561,C00447,P0081,RP009,2025-11-27,Promotional,0.0319,36.23
REB0000562,T0000562,IL0000562,C00399,P0125,RP010,2026-01-17,Volume,0.0277,51.58
REB0000563,T0000563,IL0000563,C00426,P0135,RP011,2026-12-08,Growth,0.0504,117.82
REB0000564,T0000564,IL0000564,C00160,P0093,RP012,2025-12-23,Promotional,0.0188,43.99
REB0000565,T0000565,IL0000565,C00066,P0037,RP001,2025-08-16,Volume,0.038,12.5
REB0000566,T0000566,IL0000566,C00022,P0051,RP002,2026-03-18,Growth,0.0066,1.16
REB0000567,T0000567,IL0000567,C00401,P0032,RP003,2025-04-09,Promotional,0.0016,1.21
REB0000568,T0000568,IL0000568,C00179,P0091,RP004,2026-08-17,Volume,0.0038,8.81
REB0000569,T0000569,IL0000569,C00494,P0073,RP005,2025-07-16,Growth,0.0506,10.77
REB0000570,T0000570,IL0000570,C00226,P0028,RP006,2025-07-09,Promotional,0.0224,46.2
REB0000571,T0000571,IL0000571,C00070,P0127,RP007,2026-06-17,Volume,0.0064,6.37
REB0000572,T0000572,IL0000572,C00116,P0142,RP008,2026-03-31,Growth,0.0492,83.66
REB0000573,T0000573,IL0000573,C00346,P0126,RP009,2025-01-14,Promotional,0.0079,8.74
REB0000574,T0000574,IL0000574,C00034,P0094,RP010,2025-06-22,Volume,0.0128,6.44
REB0000575,T0000575,IL0000575,C00304,P0070,RP011,2026-08-19,Growth,0.0267,28.57
REB0000576,T0000576,IL0000576,C00251,P0128,RP012,2025-09-14,Promotional,0.0275,2.03
REB0000577,T0000577,IL0000577,C00079,P0078,RP001,2025-12-01,Volume,0.0271,12.38
REB0000578,T0000578,IL0000578,C00134,P0139,RP002,2026-06-01,Growth,0.0237,43.35
REB0000579,T0000579,IL0000579,C00227,P0118,RP003,2026-01-21,Promotional,0.0486,2.44
REB0000580,T0000580,IL0000580,C00250,P0029,RP004,2026-02-03,Volume,0.0262,51.55
REB0000581,T0000581,IL0000581,C00303,P0097,RP005,2026-05-22,Growth,0.0325,52.93
REB0000582,T0000582,IL0000582,C00014,P0088,RP006,2026-08-21,Promotional,0.0031,0.86
REB0000583,T0000583,IL0000583,C00467,P0017,RP007,2025-03-28,Volume,0.0254,6.69
REB0000584,T0000584,IL0000584,C00011,P0121,RP008,2025-10-01,Growth,0.0315,4.87
REB0000585,T0000585,IL0000585,C00255,P0129,RP009,2025-12-11,Promotional,0.0273,17.48
REB0000586,T0000586,IL0000586,C00110,P0074,RP010,2026-07-03,Volume,0.0344,3.58
REB0000587,T0000587,IL0000587,C00173,P0070,RP011,2026-08-30,Growth,0.0438,118.74
REB0000588,T0000588,IL0000588,C00340,P0139,RP012,2026-03-20,Promotional,0.0369,19.91
REB0000589,T0000589,IL0000589,C00442,P0048,RP001,2026-06-13,Volume,0.0257,19.86
REB0000590,T0000590,IL0000590,C00479,P0145,RP002,2026-03-21,Growth,0.041,31.7
REB0000591,T0000591,IL0000591,C00325,P0053,RP003,2025-03-07,Promotional,0.0331,43.75
REB0000592,T0000592,IL0000592,C00409,P0080,RP004,2025-09-09,Volume,0.002,3.42
REB0000593,T0000593,IL0000593,C00338,P0141,RP005,2025-10-12,Growth,0.0473,12.5
REB0000594,T0000594,IL0000594,C00460,P0094,RP006,2026-02-21,Promotional,0.0062,13.65
REB0000595,T0000595,IL0000595,C00487,P0135,RP007,2026-08-18,Volume,0.0444,115.71
REB0000596,T0000596,IL0000596,C00479,P0109,RP008,2025-08-30,Growth,0.0225,3.19
REB0000597,T0000597,IL0000597,C00486,P0029,RP009,2026-12-18,Promotional,0.0484,71.49
REB0000598,T0000598,IL0000598,C00011,P0009,RP010,2025-11-12,Volume,0.0385,16.48
REB0000599,T0000599,IL0000599,C00440,P0114,RP011,2025-08-31,Growth,0.014,0.95
REB0000600,T0000600,IL0000600,C00441,P0042,RP012,2025-08-04,Promotional,0.0019,3.1
REB0000601,T0000601,IL0000601,C00378,P0106,RP001,2026-04-28,Volume,0.0384,84.74
REB0000602,T0000602,IL0000602,C00378,P0084,RP002,2026-07-15,Growth,0.0244,3.56
REB0000603,T0000603,IL0000603,C00161,P0148,RP003,2025-11-09,Promotional,0.0457,6.48
REB0000604,T0000604,IL0000604,C00232,P0123,RP004,2025-11-24,Volume,0.0155,5.41
REB0000605,T0000605,IL0000605,C00484,P0147,RP005,2026-01-22,Growth,0.0345,4.86
REB0000606,T0000606,IL0000606,C00437,P0044,RP006,2026-12-20,Promotional,0.0527,80.13
REB0000607,T0000607,IL0000607,C00223,P0117,RP007,2026-06-23,Volume,0.0448,8.79
REB0000608,T0000608,IL0000608,C00439,P0053,RP008,2026-03-18,Growth,0.023,29.44
REB0000609,T0000609,IL0000609,C00121,P0116,RP009,2025-09-26,Promotional,0.0258,34.35
REB0000610,T0000610,IL0000610,C00366,P0099,RP010,2025-08-06,Volume,0.0512,10.26
REB0000611,T0000611,IL0000611,C00496,P0012,RP011,2026-11-18,Growth,0.0369,29.82
REB0000612,T0000612,IL0000612,C00134,P0044,RP012,2025-07-03,Promotional,0.0175,47.38
REB0000613,T0000613,IL0000613,C00066,P0128,RP001,2025-02-15,Volume,0.0337,66.9
REB0000614,T0000614,IL0000614,C00162,P0126,RP002,2025-06-18,Growth,0.0029,8.26
REB0000615,T0000615,IL0000615,C00084,P0120,RP003,2025-09-24,Promotional,0.0196,13.74
REB0000616,T0000616,IL0000616,C00064,P0090,RP004,2025-06-01,Volume,0.028,29.85
REB0000617,T0000617,IL0000617,C00498,P0002,RP005,2026-08-21,Growth,0.0274,21.37
REB0000618,T0000618,IL0000618,C00063,P0101,RP006,2026-11-28,Promotional,0.0457,25.04
REB0000619,T0000619,IL0000619,C00337,P0002,RP007,2026-09-01,Volume,0.0403,7.7
REB0000620,T0000620,IL0000620,C00442,P0013,RP008,2025-08-05,Growth,0.0331,51.37
REB0000621,T0000621,IL0000621,C00046,P0006,RP009,2026-02-13,Promotional,0.0525,21.92
REB0000622,T0000622,IL0000622,C00463,P0034,RP010,2025-11-14,Volume,0.0487,24.09
REB0000623,T0000623,IL0000623,C00416,P0095,RP011,2026-03-09,Growth,0.0188,9.84
REB0000624,T0000624,IL0000624,C00477,P0127,RP012,2025-06-08,Promotional,0.0441,19.32
REB0000625,T0000625,IL0000625,C00431,P0064,RP001,2025-11-04,Volume,0.0025,2.13
REB0000626,T0000626,IL0000626,C00369,P0146,RP002,2026-11-08,Growth,0.0063,3.97
REB0000627,T0000627,IL0000627,C00024,P0022,RP003,2026-02-07,Promotional,0.0248,15.6
REB0000628,T0000628,IL0000628,C00109,P0048,RP004,2025-07-11,Volume,0.0003,0.44
REB0000629,T0000629,IL0000629,C00208,P0125,RP005,2026-12-10,Growth,0.0443,67.0
REB0000630,T0000630,IL0000630,C00357,P0049,RP006,2025-01-17,Promotional,0.0463,29.71
REB0000631,T0000631,IL0000631,C00076,P0122,RP007,2026-04-20,Volume,0.0245,0.65
REB0000632,T0000632,IL0000632,C00104,P0076,RP008,2025-09-06,Growth,0.0392,10.06
REB0000633,T0000633,IL0000633,C00375,P0142,RP009,2026-09-03,Promotional,0.0337,4.24
REB0000634,T0000634,IL0000634,C00271,P0005,RP010,2025-03-04,Volume,0.0229,27.94
REB0000635,T0000635,IL0000635,C00230,P0112,RP011,2025-12-22,Growth,0.0128,4.12
REB0000636,T0000636,IL0000636,C00437,P0120,RP012,2026-09-09,Promotional,0.0518,66.64
REB0000637,T0000637,IL0000637,C00319,P0054,RP001,2025-06-15,Volume,0.0333,12.15
REB0000638,T0000638,IL0000638,C00121,P0054,RP002,2025-11-07,Growth,0.0372,11.24
REB0000639,T0000639,IL0000639,C00173,P0111,RP003,2025-03-07,Promotional,0.0187,4.46
REB0000640,T0000640,IL0000640,C00459,P0039,RP004,2025-10-01,Volume,0.0251,11.58
REB0000641,T0000641,IL0000641,C00313,P0027,RP005,2026-09-18,Growth,0.0113,1.65
REB0000642,T0000642,IL0000642,C00256,P0026,RP006,2026-06-03,Promotional,0.0242,19.55
REB0000643,T0000643,IL0000643,C00175,P0074,RP007,2026-05-01,Volume,0.0198,2.91
REB0000644,T0000644,IL0000644,C00404,P0059,RP008,2026-03-08,Growth,0.0469,53.45
REB0000645,T0000645,IL0000645,C00395,P0003,RP009,2025-05-30,Promotional,0.0091,0.56
REB0000646,T0000646,IL0000646,C00078,P0148,RP010,2026-10-19,Volume,0.0385,114.96
REB0000647,T0000647,IL0000647,C00005,P0072,RP011,2025-12-19,Growth,0.0299,19.03
REB0000648,T0000648,IL0000648,C00208,P0051,RP012,2026-10-27,Promotional,0.0406,2.06
REB0000649,T0000649,IL0000649,C00262,P0142,RP001,2025-04-06,Volume,0.049,57.47
REB0000650,T0000650,IL0000650,C00372,P0109,RP002,2025-11-08,Growth,0.0279,14.06
REB0000651,T0000651,IL0000651,C00153,P0147,RP003,2026-04-05,Promotional,0.032,32.56
REB0000652,T0000652,IL0000652,C00120,P0090,RP004,2026-09-02,Volume,0.0077,8.94
REB0000653,T0000653,IL0000653,C00299,P0050,RP005,2026-06-13,Growth,0.0045,1.87
REB0000654,T0000654,IL0000654,C00040,P0095,RP006,2026-04-02,Promotional,0.0145,21.17
REB0000655,T0000655,IL0000655,C00375,P0107,RP007,2026-05-17,Volume,0.0532,24.85
REB0000656,T0000656,IL0000656,C00243,P0009,RP008,2026-04-12,Growth,0.0225,30.24
REB0000657,T0000657,IL0000657,C00061,P0096,RP009,2025-06-06,Promotional,0.0078,6.0
REB0000658,T0000658,IL0000658,C00111,P0047,RP010,2025-10-18,Volume,0.0226,0.16
REB0000659,T0000659,IL0000659,C00244,P0034,RP011,2026-01-22,Growth,0.0082,16.06
REB0000660,T0000660,IL0000660,C00210,P0100,RP012,2026-10-01,Promotional,0.0244,21.66
REB0000661,T0000661,IL0000661,C00293,P0080,RP001,2025-01-26,Volume,0.0298,14.89
REB0000662,T0000662,IL0000662,C00258,P0005,RP002,2026-05-03,Growth,0.0135,9.78
REB0000663,T0000663,IL0000663,C00311,P0083,RP003,2026-07-01,Promotional,0.0099,1.51
REB0000664,T0000664,IL0000664,C00059,P0026,RP004,2025-04-04,Volume,0.0085,2.83
REB0000665,T0000665,IL0000665,C00093,P0007,RP005,2025-11-30,Growth,0.0178,13.5
REB0000666,T0000666,IL0000666,C00123,P0061,RP006,2025-07-27,Promotional,0.0033,7.67
REB0000667,T0000667,IL0000667,C00325,P0060,RP007,2026-02-22,Volume,0.042,39.06
REB0000668,T0000668,IL0000668,C00043,P0129,RP008,2026-04-02,Growth,0.0296,10.47
REB0000669,T0000669,IL0000669,C00417,P0119,RP009,2025-01-02,Promotional,0.0507,58.71
REB0000670,T0000670,IL0000670,C00432,P0055,RP010,2025-12-26,Volume,0.0038,3.78
REB0000671,T0000671,IL0000671,C00144,P0111,RP011,2026-07-24,Growth,0.0188,53.78
REB0000672,T0000672,IL0000672,C00340,P0083,RP012,2025-09-09,Promotional,0.038,23.62
REB0000673,T0000673,IL0000673,C00345,P0045,RP001,2025-01-10,Volume,0.0296,87.34
REB0000674,T0000674,IL0000674,C00457,P0114,RP002,2025-02-01,Growth,0.0213,43.21
REB0000675,T0000675,IL0000675,C00237,P0095,RP003,2025-05-08,Promotional,0.0374,7.06
REB0000676,T0000676,IL0000676,C00156,P0057,RP004,2026-10-03,Volume,0.0387,109.23
REB0000677,T0000677,IL0000677,C00203,P0029,RP005,2026-10-16,Growth,0.0406,72.38
REB0000678,T0000678,IL0000678,C00066,P0017,RP006,2026-08-26,Promotional,0.0401,57.96
REB0000679,T0000679,IL0000679,C00348,P0137,RP007,2026-12-11,Volume,0.0235,24.73
REB0000680,T0000680,IL0000680,C00222,P0105,RP008,2025-11-27,Growth,0.0417,21.58
REB0000681,T0000681,IL0000681,C00273,P0115,RP009,2026-03-07,Promotional,0.0444,1.09
REB0000682,T0000682,IL0000682,C00470,P0064,RP010,2025-03-18,Volume,0.0015,0.56
REB0000683,T0000683,IL0000683,C00431,P0065,RP011,2025-12-09,Growth,0.0452,15.01
REB0000684,T0000684,IL0000684,C00318,P0113,RP012,2026-09-07,Promotional,0.0018,2.92
REB0000685,T0000685,IL0000685,C00032,P0114,RP001,2025-05-11,Volume,0.0031,3.48
REB0000686,T0000686,IL0000686,C00386,P0106,RP002,2026-09-25,Growth,0.0341,1.47
REB0000687,T0000687,IL0000687,C00233,P0133,RP003,2025-01-27,Promotional,0.0326,6.17
REB0000688,T0000688,IL0000688,C00132,P0091,RP004,2026-06-06,Volume,0.0438,92.24
REB0000689,T0000689,IL0000689,C00387,P0092,RP005,2026-10-30,Growth,0.0189,47.45
REB0000690,T0000690,IL0000690,C00075,P0015,RP006,2026-11-26,Promotional,0.0189,46.91
REB0000691,T0000691,IL0000691,C00175,P0049,RP007,2025-03-12,Volume,0.053,91.24
REB0000692,T0000692,IL0000692,C00449,P0011,RP008,2026-04-11,Growth,0.0257,31.05
REB0000693,T0000693,IL0000693,C00414,P0097,RP009,2025-12-06,Promotional,0.0041,2.26
REB0000694,T0000694,IL0000694,C00324,P0150,RP010,2025-07-19,Volume,0.012,3.32
REB0000695,T0000695,IL0000695,C00092,P0051,RP011,2025-09-09,Growth,0.0373,33.51
REB0000696,T0000696,IL0000696,C00157,P0117,RP012,2025-08-04,Promotional,0.0537,96.51
REB0000697,T0000697,IL0000697,C00061,P0037,RP001,2025-03-08,Volume,0.033,9.08
REB0000698,T0000698,IL0000698,C00301,P0049,RP002,2026-09-23,Growth,0.0438,61.28
REB0000699,T0000699,IL0000699,C00108,P0021,RP003,2026-05-16,Promotional,0.0413,3.68
REB0000700,T0000700,IL0000700,C00192,P0135,RP004,2026-12-31,Volume,0.0435,64.28
REB0000701,T0000701,IL0000701,C00442,P0061,RP005,2026-04-08,Growth,0.0514,23.44
REB0000702,T0000702,IL0000702,C00152,P0114,RP006,2025-03-28,Promotional,0.0185,10.73
REB0000703,T0000703,IL0000703,C00163,P0070,RP007,2026-05-25,Volume,0.0197,0.78
REB0000704,T0000704,IL0000704,C00041,P0071,RP008,2026-10-22,Growth,0.0183,1.92
REB0000705,T0000705,IL0000705,C00433,P0071,RP009,2026-12-01,Promotional,0.0502,41.7
REB0000706,T0000706,IL0000706,C00485,P0104,RP010,2026-02-18,Volume,0.0082,0.4
REB0000707,T0000707,IL0000707,C00120,P0133,RP011,2026-05-01,Growth,0.0436,109.47
REB0000708,T0000708,IL0000708,C00214,P0054,RP012,2026-12-16,Promotional,0.0481,109.95
REB0000709,T0000709,IL0000709,C00428,P0091,RP001,2026-11-06,Volume,0.0428,26.2
REB0000710,T0000710,IL0000710,C00473,P0036,RP002,2025-02-02,Growth,0.0316,36.75
REB0000711,T0000711,IL0000711,C00274,P0099,RP003,2025-03-07,Promotional,0.0492,22.72
REB0000712,T0000712,IL0000712,C00424,P0126,RP004,2025-02-02,Volume,0.0113,3.16
REB0000713,T0000713,IL0000713,C00266,P0003,RP005,2026-01-13,Growth,0.0061,10.24
REB0000714,T0000714,IL0000714,C00067,P0053,RP006,2025-07-31,Promotional,0.0316,66.92
REB0000715,T0000715,IL0000715,C00142,P0052,RP007,2026-04-15,Volume,0.0136,5.62
REB0000716,T0000716,IL0000716,C00295,P0011,RP008,2026-04-19,Growth,0.0463,52.9
REB0000717,T0000717,IL0000717,C00213,P0064,RP009,2025-06-29,Promotional,0.0313,39.21
REB0000718,T0000718,IL0000718,C00141,P0138,RP010,2025-06-11,Volume,0.0271,8.1
REB0000719,T0000719,IL0000719,C00387,P0027,RP011,2025-03-20,Growth,0.0025,2.12
REB0000720,T0000720,IL0000720,C00196,P0088,RP012,2026-04-18,Promotional,0.0504,25.5
REB0000721,T0000721,IL0000721,C00043,P0141,RP001,2025-03-11,Volume,0.0094,4.71
REB0000722,T0000722,IL0000722,C00380,P0101,RP002,2026-07-02,Growth,0.0242,8.03
REB0000723,T0000723,IL0000723,C00111,P0114,RP003,2026-06-30,Promotional,0.0215,43.89
REB0000724,T0000724,IL0000724,C00393,P0052,RP004,2026-01-22,Volume,0.0015,3.11
REB0000725,T0000725,IL0000725,C00113,P0025,RP005,2025-03-06,Growth,0.0178,1.86
REB0000726,T0000726,IL0000726,C00481,P0110,RP006,2026-02-09,Promotional,0.0221,8.05
REB0000727,T0000727,IL0000727,C00337,P0072,RP007,2025-03-09,Volume,0.0422,9.6
REB0000728,T0000728,IL0000728,C00088,P0065,RP008,2026-08-06,Growth,0.0535,100.94
REB0000729,T0000729,IL0000729,C00163,P0124,RP009,2026-12-06,Promotional,0.0281,4.44
REB0000730,T0000730,IL0000730,C00120,P0006,RP010,2025-01-14,Volume,0.0341,9.04
REB0000731,T0000731,IL0000731,C00193,P0053,RP011,2025-06-05,Growth,0.0407,53.46
REB0000732,T0000732,IL0000732,C00267,P0107,RP012,2025-02-10,Promotional,0.0113,0.52
REB0000733,T0000733,IL0000733,C00357,P0057,RP001,2026-12-05,Volume,0.0036,4.42
REB0000734,T0000734,IL0000734,C00481,P0053,RP002,2025-05-25,Growth,0.0113,1.43
REB0000735,T0000735,IL0000735,C00370,P0051,RP003,2025-06-18,Promotional,0.0246,14.09
REB0000736,T0000736,IL0000736,C00487,P0093,RP004,2025-03-23,Volume,0.0404,19.87
REB0000737,T0000737,IL0000737,C00391,P0098,RP005,2025-01-21,Growth,0.0084,3.34
REB0000738,T0000738,IL0000738,C00146,P0097,RP006,2026-04-10,Promotional,0.0085,3.15
REB0000739,T0000739,IL0000739,C00252,P0104,RP007,2026-01-19,Volume,0.0353,79.92
REB0000740,T0000740,IL0000740,C00198,P0145,RP008,2025-05-08,Growth,0.0413,37.3
REB0000741,T0000741,IL0000741,C00357,P0015,RP009,2026-01-13,Promotional,0.0447,84.19
REB0000742,T0000742,IL0000742,C00076,P0067,RP010,2026-10-23,Volume,0.0318,80.94
REB0000743,T0000743,IL0000743,C00330,P0099,RP011,2025-04-05,Growth,0.0456,12.42
REB0000744,T0000744,IL0000744,C00454,P0098,RP012,2026-11-06,Promotional,0.0478,65.48
REB0000745,T0000745,IL0000745,C00138,P0054,RP001,2025-05-27,Volume,0.0053,0.67
REB0000746,T0000746,IL0000746,C00376,P0111,RP002,2025-10-23,Growth,0.01,4.38
REB0000747,T0000747,IL0000747,C00103,P0016,RP003,2025-07-10,Promotional,0.0345,12.09
REB0000748,T0000748,IL0000748,C00044,P0097,RP004,2025-10-28,Volume,0.0267,5.4
REB0000749,T0000749,IL0000749,C00341,P0150,RP005,2025-01-08,Growth,0.0286,4.42
REB0000750,T0000750,IL0000750,C00310,P0110,RP006,2025-12-12,Promotional,0.0132,20.27
REB0000751,T0000751,IL0000751,C00448,P0085,RP007,2025-12-31,Volume,0.0487,1.09
REB0000752,T0000752,IL0000752,C00487,P0064,RP008,2025-10-14,Growth,0.0227,38.9
REB0000753,T0000753,IL0000753,C00009,P0093,RP009,2025-11-26,Promotional,0.0407,54.7
REB0000754,T0000754,IL0000754,C00338,P0026,RP010,2026-05-03,Volume,0.0482,53.04
REB0000755,T0000755,IL0000755,C00408,P0023,RP011,2026-05-25,Growth,0.0525,167.59
REB0000756,T0000756,IL0000756,C00386,P0023,RP012,2025-06-24,Promotional,0.018,45.78
REB0000757,T0000757,IL0000757,C00244,P0032,RP001,2026-11-13,Volume,0.0183,37.82
REB0000758,T0000758,IL0000758,C00330,P0088,RP002,2025-03-08,Growth,0.024,36.61
REB0000759,T0000759,IL0000759,C00046,P0088,RP003,2025-04-25,Promotional,0.0469,40.19
REB0000760,T0000760,IL0000760,C00303,P0138,RP004,2025-03-05,Volume,0.0374,83.99
REB0000761,T0000761,IL0000761,C00055,P0102,RP005,2025-08-16,Growth,0.0163,44.58
REB0000762,T0000762,IL0000762,C00075,P0009,RP006,2025-10-18,Promotional,0.0548,36.63
REB0000763,T0000763,IL0000763,C00150,P0097,RP007,2026-05-22,Volume,0.0514,20.9
REB0000764,T0000764,IL0000764,C00439,P0125,RP008,2025-07-03,Growth,0.0545,95.21
REB0000765,T0000765,IL0000765,C00388,P0101,RP009,2025-12-23,Promotional,0.0107,2.68
REB0000766,T0000766,IL0000766,C00444,P0014,RP010,2026-08-18,Volume,0.0265,48.44
REB0000767,T0000767,IL0000767,C00377,P0003,RP011,2025-07-20,Growth,0.0207,11.13
REB0000768,T0000768,IL0000768,C00050,P0092,RP012,2025-02-27,Promotional,0.0186,18.97
REB0000769,T0000769,IL0000769,C00018,P0031,RP001,2025-09-08,Volume,0.0359,43.81
REB0000770,T0000770,IL0000770,C00046,P0119,RP002,2026-11-06,Growth,0.0064,6.87
REB0000771,T0000771,IL0000771,C00012,P0147,RP003,2025-08-19,Promotional,0.01,9.0
REB0000772,T0000772,IL0000772,C00065,P0026,RP004,2026-08-09,Volume,0.0223,6.51
REB0000773,T0000773,IL0000773,C00251,P0017,RP005,2026-06-27,Growth,0.0414,96.14
REB0000774,T0000774,IL0000774,C00356,P0047,RP006,2026-09-06,Promotional,0.0316,49.81
REB0000775,T0000775,IL0000775,C00044,P0032,RP007,2025-02-05,Volume,0.052,37.15
REB0000776,T0000776,IL0000776,C00464,P0076,RP008,2026-06-16,Growth,0.0501,25.53
REB0000777,T0000777,IL0000777,C00051,P0012,RP009,2026-12-06,Promotional,0.0526,3.05
REB0000778,T0000778,IL0000778,C00374,P0109,RP010,2025-05-12,Volume,0.022,21.52
REB0000779,T0000779,IL0000779,C00074,P0138,RP011,2026-12-13,Growth,0.0355,10.18
REB0000780,T0000780,IL0000780,C00310,P0042,RP012,2026-06-08,Promotional,0.053,17.6
REB0000781,T0000781,IL0000781,C00281,P0105,RP001,2026-12-02,Volume,0.015,19.42
REB0000782,T0000782,IL0000782,C00497,P0057,RP002,2026-01-22,Growth,0.0481,24.59
REB0000783,T0000783,IL0000783,C00359,P0147,RP003,2025-12-24,Promotional,0.0175,18.0
REB0000784,T0000784,IL0000784,C00496,P0137,RP004,2026-11-26,Volume,0.0282,34.23
REB0000785,T0000785,IL0000785,C00028,P0095,RP005,2025-10-01,Growth,0.0439,78.61
REB0000786,T0000786,IL0000786,C00157,P0023,RP006,2025-08-23,Promotional,0.0042,7.95
REB0000787,T0000787,IL0000787,C00381,P0074,RP007,2025-03-28,Volume,0.0372,88.73
REB0000788,T0000788,IL0000788,C00347,P0137,RP008,2026-12-03,Growth,0.0004,0.07
REB0000789,T0000789,IL0000789,C00487,P0136,RP009,2026-11-09,Promotional,0.0485,8.39
REB0000790,T0000790,IL0000790,C00264,P0091,RP010,2025-05-17,Volume,0.0186,24.45
REB0000791,T0000791,IL0000791,C00149,P0077,RP011,2025-05-01,Growth,0.0216,11.73
REB0000792,T0000792,IL0000792,C00423,P0010,RP012,2026-06-12,Promotional,0.0164,5.52
REB0000793,T0000793,IL0000793,C00182,P0003,RP001,2026-02-16,Volume,0.0085,11.26
REB0000794,T0000794,IL0000794,C00129,P0058,RP002,2026-11-04,Growth,0.0295,28.5
REB0000795,T0000795,IL0000795,C00083,P0036,RP003,2026-03-26,Promotional,0.0061,1.07
REB0000796,T0000796,IL0000796,C00462,P0009,RP004,2025-12-06,Volume,0.0065,7.39
REB0000797,T0000797,IL0000797,C00167,P0103,RP005,2025-05-11,Growth,0.0069,2.97
REB0000798,T0000798,IL0000798,C00348,P0088,RP006,2025-02-23,Promotional,0.0419,1.46
REB0000799,T0000799,IL0000799,C00144,P0030,RP007,2025-09-13,Volume,0.0431,43.52
REB0000800,T0000800,IL0000800,C00438,P0039,RP008,2025-07-13,Growth,0.0511,6.98
REB0000801,T0000801,IL0000801,C00195,P0105,RP009,2025-02-22,Promotional,0.0234,30.59
REB0000802,T0000802,IL0000802,C00138,P0094,RP010,2025-04-23,Volume,0.01,15.14
REB0000803,T0000803,IL0000803,C00242,P0072,RP011,2025-10-20,Growth,0.0184,5.28
REB0000804,T0000804,IL0000804,C00170,P0093,RP012,2025-05-14,Promotional,0.0321,63.04
REB0000805,T0000805,IL0000805,C00062,P0011,RP001,2026-09-09,Volume,0.0518,14.4
REB0000806,T0000806,IL0000806,C00274,P0040,RP002,2025-07-26,Growth,0.0482,9.04
REB0000807,T0000807,IL0000807,C00230,P0031,RP003,2026-01-10,Promotional,0.0435,9.46
REB0000808,T0000808,IL0000808,C00024,P0145,RP004,2025-10-24,Volume,0.0479,41.21
REB0000809,T0000809,IL0000809,C00288,P0100,RP005,2026-01-29,Growth,0.0326,13.5
REB0000810,T0000810,IL0000810,C00363,P0135,RP006,2026-05-31,Promotional,0.0065,10.15
REB0000811,T0000811,IL0000811,C00076,P0072,RP007,2026-10-17,Volume,0.0544,76.97
REB0000812,T0000812,IL0000812,C00310,P0095,RP008,2026-10-10,Growth,0.0073,3.58
REB0000813,T0000813,IL0000813,C00418,P0003,RP009,2026-10-03,Promotional,0.0009,0.84
REB0000814,T0000814,IL0000814,C00055,P0098,RP010,2026-08-21,Volume,0.0112,9.32
REB0000815,T0000815,IL0000815,C00119,P0112,RP011,2026-04-02,Growth,0.0102,8.25
REB0000816,T0000816,IL0000816,C00332,P0073,RP012,2025-07-04,Promotional,0.0334,13.26
REB0000817,T0000817,IL0000817,C00497,P0104,RP001,2026-10-23,Volume,0.0055,3.26
REB0000818,T0000818,IL0000818,C00479,P0012,RP002,2026-10-22,Growth,0.033,38.2
REB0000819,T0000819,IL0000819,C00377,P0087,RP003,2026-07-10,Promotional,0.0448,10.49
REB0000820,T0000820,IL0000820,C00355,P0069,RP004,2026-07-11,Volume,0.0056,0.35
REB0000821,T0000821,IL0000821,C00013,P0059,RP005,2025-08-18,Growth,0.0483,22.15
REB0000822,T0000822,IL0000822,C00252,P0044,RP006,2025-04-26,Promotional,0.0339,7.17
REB0000823,T0000823,IL0000823,C00310,P0039,RP007,2025-02-14,Volume,0.0083,11.7
REB0000824,T0000824,IL0000824,C00449,P0027,RP008,2025-12-23,Growth,0.0391,78.6
REB0000825,T0000825,IL0000825,C00399,P0038,RP009,2025-06-02,Promotional,0.0263,10.04
REB0000826,T0000826,IL0000826,C00075,P0024,RP010,2025-10-13,Volume,0.0233,4.2
REB0000827,T0000827,IL0000827,C00071,P0063,RP011,2025-12-08,Growth,0.0295,42.1
REB0000828,T0000828,IL0000828,C00296,P0057,RP012,2026-06-24,Promotional,0.0199,11.21
REB0000829,T0000829,IL0000829,C00185,P0036,RP001,2025-12-24,Volume,0.0502,27.0
REB0000830,T0000830,IL0000830,C00061,P0037,RP002,2025-05-22,Growth,0.0058,0.75
REB0000831,T0000831,IL0000831,C00016,P0038,RP003,2025-06-11,Promotional,0.0447,5.23
REB0000832,T0000832,IL0000832,C00358,P0077,RP004,2026-06-25,Volume,0.0007,1.31
REB0000833,T0000833,IL0000833,C00385,P0045,RP005,2026-09-11,Growth,0.0481,3.4
REB0000834,T0000834,IL0000834,C00157,P0059,RP006,2026-05-29,Promotional,0.0523,15.68
REB0000835,T0000835,IL0000835,C00095,P0144,RP007,2026-02-06,Volume,0.0353,14.0
REB0000836,T0000836,IL0000836,C00218,P0050,RP008,2026-10-25,Growth,0.0184,1.96
REB0000837,T0000837,IL0000837,C00306,P0003,RP009,2025-08-05,Promotional,0.0148,9.64
REB0000838,T0000838,IL0000838,C00024,P0013,RP010,2026-05-11,Volume,0.0155,8.38
REB0000839,T0000839,IL0000839,C00499,P0034,RP011,2025-12-31,Growth,0.0444,38.73
REB0000840,T0000840,IL0000840,C00445,P0010,RP012,2026-08-24,Promotional,0.0051,1.02
REB0000841,T0000841,IL0000841,C00073,P0042,RP001,2026-11-01,Volume,0.0423,127.63
REB0000842,T0000842,IL0000842,C00439,P0111,RP002,2026-10-01,Growth,0.0527,34.63
REB0000843,T0000843,IL0000843,C00074,P0080,RP003,2025-01-16,Promotional,0.0163,4.62
REB0000844,T0000844,IL0000844,C00092,P0118,RP004,2025-03-14,Volume,0.0508,138.96
REB0000845,T0000845,IL0000845,C00440,P0074,RP005,2026-01-08,Growth,0.0202,42.17
REB0000846,T0000846,IL0000846,C00212,P0130,RP006,2026-11-30,Promotional,0.0538,74.32
REB0000847,T0000847,IL0000847,C00005,P0040,RP007,2026-07-29,Volume,0.0123,8.78
REB0000848,T0000848,IL0000848,C00329,P0137,RP008,2026-04-25,Growth,0.0508,4.84
REB0000849,T0000849,IL0000849,C00176,P0125,RP009,2025-11-21,Promotional,0.0522,24.94
REB0000850,T0000850,IL0000850,C00397,P0098,RP010,2026-09-08,Volume,0.0116,19.96
REB0000851,T0000851,IL0000851,C00326,P0046,RP011,2025-09-16,Growth,0.0392,4.29
REB0000852,T0000852,IL0000852,C00095,P0014,RP012,2025-09-23,Promotional,0.0192,18.63
REB0000853,T0000853,IL0000853,C00495,P0112,RP001,2025-06-14,Volume,0.0328,47.16
REB0000854,T0000854,IL0000854,C00341,P0082,RP002,2025-11-28,Growth,0.0174,14.24
REB0000855,T0000855,IL0000855,C00231,P0033,RP003,2025-01-04,Promotional,0.0231,12.15
REB0000856,T0000856,IL0000856,C00108,P0049,RP004,2025-12-23,Volume,0.0169,0.77
REB0000857,T0000857,IL0000857,C00212,P0106,RP005,2026-04-12,Growth,0.0185,32.29
REB0000858,T0000858,IL0000858,C00305,P0042,RP006,2026-07-21,Promotional,0.0241,26.02
REB0000859,T0000859,IL0000859,C00045,P0027,RP007,2025-04-12,Volume,0.0414,3.25
REB0000860,T0000860,IL0000860,C00413,P0009,RP008,2026-08-19,Growth,0.0063,4.09
REB0000861,T0000861,IL0000861,C00212,P0102,RP009,2026-04-21,Promotional,0.0362,63.86
REB0000862,T0000862,IL0000862,C00124,P0002,RP010,2026-11-21,Volume,0.0452,0.76
REB0000863,T0000863,IL0000863,C00221,P0062,RP011,2026-08-09,Growth,0.0441,24.82
REB0000864,T0000864,IL0000864,C00207,P0082,RP012,2025-06-27,Promotional,0.0277,12.49
REB0000865,T0000865,IL0000865,C00470,P0067,RP001,2026-10-05,Volume,0.0241,21.87
REB0000866,T0000866,IL0000866,C00279,P0021,RP002,2026-12-26,Growth,0.0349,6.85
REB0000867,T0000867,IL0000867,C00153,P0050,RP003,2025-08-16,Promotional,0.0143,15.55
REB0000868,T0000868,IL0000868,C00327,P0149,RP004,2025-01-24,Volume,0.0155,5.18
REB0000869,T0000869,IL0000869,C00468,P0054,RP005,2026-01-06,Growth,0.0528,16.99
REB0000870,T0000870,IL0000870,C00325,P0116,RP006,2025-11-18,Promotional,0.0347,12.83
REB0000871,T0000871,IL0000871,C00248,P0140,RP007,2025-12-22,Volume,0.0333,17.52
REB0000872,T0000872,IL0000872,C00444,P0094,RP008,2025-08-10,Growth,0.038,4.47
REB0000873,T0000873,IL0000873,C00179,P0142,RP009,2025-04-05,Promotional,0.022,46.1
REB0000874,T0000874,IL0000874,C00493,P0101,RP010,2025-10-15,Volume,0.0238,9.61
REB0000875,T0000875,IL0000875,C00319,P0028,RP011,2025-11-23,Growth,0.0348,36.65
REB0000876,T0000876,IL0000876,C00130,P0105,RP012,2026-06-08,Promotional,0.0178,21.8
REB0000877,T0000877,IL0000877,C00191,P0096,RP001,2026-11-04,Volume,0.0181,5.98
REB0000878,T0000878,IL0000878,C00034,P0099,RP002,2026-07-30,Growth,0.0334,23.57
REB0000879,T0000879,IL0000879,C00216,P0112,RP003,2026-10-24,Promotional,0.0026,1.21
REB0000880,T0000880,IL0000880,C00168,P0099,RP004,2026-09-08,Volume,0.0317,8.92
REB0000881,T0000881,IL0000881,C00019,P0137,RP005,2026-02-17,Growth,0.0456,4.44
REB0000882,T0000882,IL0000882,C00205,P0021,RP006,2025-12-21,Promotional,0.0541,52.79
REB0000883,T0000883,IL0000883,C00481,P0027,RP007,2026-01-18,Volume,0.0178,2.56
REB0000884,T0000884,IL0000884,C00371,P0095,RP008,2025-07-15,Growth,0.0432,2.31
REB0000885,T0000885,IL0000885,C00353,P0098,RP009,2025-12-04,Promotional,0.0176,16.66
REB0000886,T0000886,IL0000886,C00327,P0115,RP010,2026-02-28,Volume,0.0537,91.97
REB0000887,T0000887,IL0000887,C00393,P0076,RP011,2025-09-28,Growth,0.0404,49.47
REB0000888,T0000888,IL0000888,C00109,P0004,RP012,2025-03-03,Promotional,0.0115,26.28
REB0000889,T0000889,IL0000889,C00363,P0117,RP001,2025-11-16,Volume,0.0212,10.22
REB0000890,T0000890,IL0000890,C00097,P0018,RP002,2026-02-14,Growth,0.0357,19.32
REB0000891,T0000891,IL0000891,C00009,P0118,RP003,2025-09-04,Promotional,0.0146,2.08
REB0000892,T0000892,IL0000892,C00204,P0129,RP004,2025-06-04,Volume,0.0027,3.04
REB0000893,T0000893,IL0000893,C00207,P0046,RP005,2025-07-13,Growth,0.0375,34.34
REB0000894,T0000894,IL0000894,C00459,P0010,RP006,2025-02-24,Promotional,0.0485,22.02
REB0000895,T0000895,IL0000895,C00376,P0069,RP007,2025-08-14,Volume,0.0388,10.65
REB0000896,T0000896,IL0000896,C00319,P0123,RP008,2026-12-19,Growth,0.0183,5.77
REB0000897,T0000897,IL0000897,C00172,P0006,RP009,2026-03-15,Promotional,0.0005,0.75
REB0000898,T0000898,IL0000898,C00242,P0029,RP010,2025-09-11,Volume,0.0288,2.2
REB0000899,T0000899,IL0000899,C00412,P0086,RP011,2025-11-08,Growth,0.0268,58.12
REB0000900,T0000900,IL0000900,C00171,P0133,RP012,2026-12-29,Promotional,0.0011,0.55
REB0000901,T0000901,IL0000901,C00183,P0128,RP001,2025-05-26,Volume,0.0114,9.97
REB0000902,T0000902,IL0000902,C00495,P0071,RP002,2025-04-21,Growth,0.0501,131.13
REB0000903,T0000903,IL0000903,C00159,P0049,RP003,2025-10-10,Promotional,0.0238,44.73
REB0000904,T0000904,IL0000904,C00057,P0003,RP004,2025-10-23,Volume,0.0343,15.21
REB0000905,T0000905,IL0000905,C00008,P0117,RP005,2025-10-29,Growth,0.0168,7.16
REB0000906,T0000906,IL0000906,C00071,P0090,RP006,2025-09-15,Promotional,0.0047,9.61
REB0000907,T0000907,IL0000907,C00471,P0021,RP007,2026-08-23,Volume,0.0373,4.54
REB0000908,T0000908,IL0000908,C00472,P0078,RP008,2025-09-25,Growth,0.0442,18.37
REB0000909,T0000909,IL0000909,C00284,P0052,RP009,2026-03-03,Promotional,0.03,7.78
REB0000910,T0000910,IL0000910,C00270,P0114,RP010,2025-05-22,Volume,0.0235,65.53
REB0000911,T0000911,IL0000911,C00014,P0108,RP011,2026-07-27,Growth,0.0282,15.25
REB0000912,T0000912,IL0000912,C00028,P0101,RP012,2025-10-28,Promotional,0.0285,46.84
REB0000913,T0000913,IL0000913,C00055,P0086,RP001,2026-10-28,Volume,0.0475,23.59
REB0000914,T0000914,IL0000914,C00360,P0053,RP002,2025-02-24,Growth,0.0492,25.23
REB0000915,T0000915,IL0000915,C00413,P0125,RP003,2025-01-07,Promotional,0.0066,1.36
REB0000916,T0000916,IL0000916,C00228,P0101,RP004,2026-06-02,Volume,0.0129,3.28
REB0000917,T0000917,IL0000917,C00440,P0032,RP005,2026-03-26,Growth,0.0362,20.99
REB0000918,T0000918,IL0000918,C00246,P0075,RP006,2026-05-03,Promotional,0.0215,12.62
REB0000919,T0000919,IL0000919,C00076,P0008,RP007,2026-03-12,Volume,0.0019,0.89
REB0000920,T0000920,IL0000920,C00493,P0036,RP008,2025-12-30,Growth,0.0471,41.02
REB0000921,T0000921,IL0000921,C00263,P0017,RP009,2026-02-04,Promotional,0.0393,14.09
REB0000922,T0000922,IL0000922,C00473,P0101,RP010,2025-11-07,Volume,0.0317,37.55
REB0000923,T0000923,IL0000923,C00358,P0083,RP011,2025-05-13,Growth,0.0025,3.29
REB0000924,T0000924,IL0000924,C00256,P0122,RP012,2025-04-19,Promotional,0.013,17.64
REB0000925,T0000925,IL0000925,C00473,P0017,RP001,2026-03-07,Volume,0.042,10.64
REB0000926,T0000926,IL0000926,C00056,P0116,RP002,2025-11-25,Growth,0.0139,11.04
REB0000927,T0000927,IL0000927,C00223,P0136,RP003,2025-06-15,Promotional,0.0112,3.61
REB0000928,T0000928,IL0000928,C00291,P0140,RP004,2026-02-22,Volume,0.0353,16.85
REB0000929,T0000929,IL0000929,C00257,P0091,RP005,2026-05-01,Growth,0.0344,97.6
REB0000930,T0000930,IL0000930,C00153,P0026,RP006,2026-06-14,Promotional,0.0123,10.11
REB0000931,T0000931,IL0000931,C00184,P0018,RP007,2026-12-22,Volume,0.0513,11.66
REB0000932,T0000932,IL0000932,C00457,P0029,RP008,2026-12-16,Growth,0.0018,4.64
REB0000933,T0000933,IL0000933,C00072,P0053,RP009,2025-03-02,Promotional,0.013,23.5
REB0000934,T0000934,IL0000934,C00428,P0010,RP010,2026-12-21,Volume,0.0044,1.85
REB0000935,T0000935,IL0000935,C00054,P0010,RP011,2025-02-12,Growth,0.043,35.23
REB0000936,T0000936,IL0000936,C00397,P0051,RP012,2025-01-27,Promotional,0.0029,4.51
REB0000937,T0000937,IL0000937,C00282,P0036,RP001,2026-03-14,Volume,0.0194,8.68
REB0000938,T0000938,IL0000938,C00302,P0003,RP002,2025-04-05,Growth,0.0312,58.12
REB0000939,T0000939,IL0000939,C00040,P0015,RP003,2025-02-28,Promotional,0.036,21.67
REB0000940,T0000940,IL0000940,C00337,P0032,RP004,2026-05-06,Volume,0.0404,5.69
REB0000941,T0000941,IL0000941,C00483,P0094,RP005,2025-11-06,Growth,0.0175,26.7
REB0000942,T0000942,IL0000942,C00362,P0125,RP006,2026-02-25,Promotional,0.0127,1.56
REB0000943,T0000943,IL0000943,C00019,P0061,RP007,2025-05-26,Volume,0.0149,38.03
REB0000944,T0000944,IL0000944,C00143,P0099,RP008,2025-03-03,Growth,0.0113,1.35
REB0000945,T0000945,IL0000945,C00017,P0139,RP009,2025-11-09,Promotional,0.0456,7.49
REB0000946,T0000946,IL0000946,C00175,P0112,RP010,2025-01-29,Volume,0.0513,15.09
REB0000947,T0000947,IL0000947,C00294,P0146,RP011,2026-03-11,Growth,0.0508,16.92
REB0000948,T0000948,IL0000948,C00044,P0064,RP012,2025-10-08,Promotional,0.0199,13.23
REB0000949,T0000949,IL0000949,C00007,P0032,RP001,2026-09-15,Volume,0.0244,55.72
REB0000950,T0000950,IL0000950,C00246,P0143,RP002,2026-01-03,Growth,0.0336,9.55
REB0000951,T0000951,IL0000951,C00133,P0127,RP003,2025-10-10,Promotional,0.0027,2.41
REB0000952,T0000952,IL0000952,C00297,P0082,RP004,2026-03-27,Volume,0.0142,34.12
REB0000953,T0000953,IL0000953,C00277,P0012,RP005,2025-12-28,Growth,0.0281,15.34
REB0000954,T0000954,IL0000954,C00213,P0019,RP006,2026-11-29,Promotional,0.0184,6.1
REB0000955,T0000955,IL0000955,C00319,P0008,RP007,2025-10-29,Volume,0.0014,0.32
REB0000956,T0000956,IL0000956,C00402,P0149,RP008,2026-06-05,Growth,0.0083,4.43
REB0000957,T0000957,IL0000957,C00290,P0129,RP009,2025-08-18,Promotional,0.0483,117.02
REB0000958,T0000958,IL0000958,C00226,P0082,RP010,2026-06-17,Volume,0.0134,13.19
REB0000959,T0000959,IL0000959,C00355,P0062,RP011,2025-04-29,Growth,0.0503,48.95
REB0000960,T0000960,IL0000960,C00118,P0146,RP012,2026-03-05,Promotional,0.0366,33.94
REB0000961,T0000961,IL0000961,C00042,P0105,RP001,2025-05-01,Volume,0.0425,124.46
REB0000962,T0000962,IL0000962,C00215,P0068,RP002,2025-05-04,Growth,0.0237,49.9
REB0000963,T0000963,IL0000963,C00471,P0100,RP003,2026-06-27,Promotional,0.0161,6.17
REB0000964,T0000964,IL0000964,C00316,P0028,RP004,2026-09-16,Volume,0.0225,7.79
REB0000965,T0000965,IL0000965,C00359,P0035,RP005,2026-05-04,Growth,0.0203,8.65
REB0000966,T0000966,IL0000966,C00370,P0072,RP006,2026-06-05,Promotional,0.0494,23.31
REB0000967,T0000967,IL0000967,C00197,P0082,RP007,2025-11-27,Volume,0.0402,3.56
REB0000968,T0000968,IL0000968,C00051,P0089,RP008,2025-11-18,Growth,0.0487,8.44
REB0000969,T0000969,IL0000969,C00474,P0060,RP009,2025-04-19,Promotional,0.0093,1.21
REB0000970,T0000970,IL0000970,C00410,P0050,RP010,2026-07-05,Volume,0.0518,125.71
REB0000971,T0000971,IL0000971,C00152,P0029,RP011,2026-04-10,Growth,0.0075,17.68
REB0000972,T0000972,IL0000972,C00382,P0057,RP012,2025-03-22,Promotional,0.0405,16.44
REB0000973,T0000973,IL0000973,C00222,P0026,RP001,2025-02-09,Volume,0.0344,15.64
REB0000974,T0000974,IL0000974,C00193,P0057,RP002,2026-08-24,Growth,0.0273,21.68
REB0000975,T0000975,IL0000975,C00439,P0055,RP003,2026-06-13,Promotional,0.0098,3.17
REB0000976,T0000976,IL0000976,C00121,P0090,RP004,2026-08-21,Volume,0.0128,27.03
REB0000977,T0000977,IL0000977,C00307,P0092,RP005,2026-02-06,Growth,0.0493,47.55
REB0000978,T0000978,IL0000978,C00340,P0109,RP006,2025-09-11,Promotional,0.0383,20.15
REB0000979,T0000979,IL0000979,C00308,P0106,RP007,2026-05-16,Volume,0.043,2.84
REB0000980,T0000980,IL0000980,C00211,P0101,RP008,2025-11-22,Growth,0.04,43.86
REB0000981,T0000981,IL0000981,C00114,P0147,RP009,2026-02-24,Promotional,0.0337,27.28
REB0000982,T0000982,IL0000982,C00411,P0098,RP010,2025-01-22,Volume,0.036,65.2
REB0000983,T0000983,IL0000983,C00430,P0138,RP011,2025-06-10,Growth,0.0227,10.4
REB0000984,T0000984,IL0000984,C00387,P0135,RP012,2025-01-21,Promotional,0.0166,21.36
REB0000985,T0000985,IL0000985,C00384,P0032,RP001,2025-10-06,Volume,0.0047,2.06
REB0000986,T0000986,IL0000986,C00011,P0004,RP002,2026-03-02,Growth,0.0458,6.37
REB0000987,T0000987,IL0000987,C00155,P0071,RP003,2025-01-24,Promotional,0.0207,3.93
REB0000988,T0000988,IL0000988,C00248,P0073,RP004,2025-10-13,Volume,0.0216,18.88
REB0000989,T0000989,IL0000989,C00296,P0007,RP005,2025-08-18,Growth,0.0171,11.38
REB0000990,T0000990,IL0000990,C00087,P0054,RP006,2026-07-29,Promotional,0.0288,6.06
REB0000991,T0000991,IL0000991,C00130,P0106,RP007,2026-05-21,Volume,0.0329,55.58
REB0000992,T0000992,IL0000992,C00407,P0126,RP008,2026-07-30,Growth,0.039,40.91
REB0000993,T0000993,IL0000993,C00472,P0027,RP009,2025-03-25,Promotional,0.0412,8.18
REB0000994,T0000994,IL0000994,C00454,P0109,RP010,2025-02-09,Volume,0.0481,31.97
REB0000995,T0000995,IL0000995,C00369,P0070,RP011,2025-10-29,Growth,0.0078,9.5
REB0000996,T0000996,IL0000996,C00266,P0065,RP012,2026-01-16,Promotional,0.0548,38.92
REB0000997,T0000997,IL0000997,C00006,P0082,RP001,2026-05-01,Volume,0.0172,3.76
REB0000998,T0000998,IL0000998,C00049,P0016,RP002,2025-12-05,Growth,0.0486,83.2
REB0000999,T0000999,IL0000999,C00421,P0110,RP003,2025-10-19,Promotional,0.0309,22.78
REB0001000,T0001000,IL0001000,C00375,P0056,RP004,2025-04-16,Volume,0.0323,10.68
REB0001001,T0001001,IL0001001,C00310,P0071,RP005,2026-08-30,Growth,0.0119,8.61
REB0001002,T0001002,IL0001002,C00448,P0001,RP006,2026-05-02,Promotional,0.0242,10.51
REB0001003,T0001003,IL0001003,C00124,P0144,RP007,2025-05-01,Volume,0.0461,81.03
REB0001004,T0001004,IL0001004,C00490,P0043,RP008,2025-08-08,Growth,0.0434,31.75
REB0001005,T0001005,IL0001005,C00092,P0007,RP009,2025-12-23,Promotional,0.0339,73.21
REB0001006,T0001006,IL0001006,C00092,P0003,RP010,2026-01-19,Volume,0.0181,18.91
REB0001007,T0001007,IL0001007,C00311,P0070,RP011,2025-01-14,Growth,0.0387,42.02
REB0001008,T0001008,IL0001008,C00442,P0121,RP012,2025-02-01,Promotional,0.0413,57.78
REB0001009,T0001009,IL0001009,C00362,P0046,RP001,2025-06-06,Volume,0.0351,8.16
REB0001010,T0001010,IL0001010,C00336,P0005,RP002,2025-07-18,Growth,0.0397,67.35
REB0001011,T0001011,IL0001011,C00429,P0016,RP003,2026-03-03,Promotional,0.0046,4.46
REB0001012,T0001012,IL0001012,C00210,P0045,RP004,2026-06-02,Volume,0.0313,18.42
REB0001013,T0001013,IL0001013,C00471,P0024,RP005,2025-04-30,Growth,0.0422,5.3
REB0001014,T0001014,IL0001014,C00450,P0064,RP006,2025-03-25,Promotional,0.0209,18.2
REB0001015,T0001015,IL0001015,C00116,P0049,RP007,2026-02-28,Volume,0.0145,3.97
REB0001016,T0001016,IL0001016,C00268,P0116,RP008,2026-10-20,Growth,0.0313,7.22
REB0001017,T0001017,IL0001017,C00408,P0074,RP009,2026-11-30,Promotional,0.0437,63.53
REB0001018,T0001018,IL0001018,C00134,P0009,RP010,2026-04-24,Volume,0.0323,66.79
REB0001019,T0001019,IL0001019,C00166,P0027,RP011,2025-02-04,Growth,0.0497,0.78
REB0001020,T0001020,IL0001020,C00096,P0006,RP012,2026-07-14,Promotional,0.026,43.39
REB0001021,T0001021,IL0001021,C00348,P0103,RP001,2026-05-10,Volume,0.0496,12.64
REB0001022,T0001022,IL0001022,C00206,P0008,RP002,2026-08-15,Growth,0.0384,25.34
REB0001023,T0001023,IL0001023,C00067,P0086,RP003,2025-05-23,Promotional,0.0252,4.95
REB0001024,T0001024,IL0001024,C00155,P0079,RP004,2025-06-26,Volume,0.0134,4.23
REB0001025,T0001025,IL0001025,C00082,P0089,RP005,2026-05-04,Growth,0.026,41.7
REB0001026,T0001026,IL0001026,C00199,P0033,RP006,2025-04-09,Promotional,0.0371,13.1
REB0001027,T0001027,IL0001027,C00251,P0007,RP007,2025-12-22,Volume,0.0453,37.76
REB0001028,T0001028,IL0001028,C00118,P0036,RP008,2026-10-24,Growth,0.0211,2.48
REB0001029,T0001029,IL0001029,C00421,P0124,RP009,2026-11-23,Promotional,0.0375,55.92
REB0001030,T0001030,IL0001030,C00376,P0026,RP010,2026-12-04,Volume,0.038,0.81
REB0001031,T0001031,IL0001031,C00395,P0014,RP011,2026-03-09,Growth,0.0441,33.81
REB0001032,T0001032,IL0001032,C00433,P0137,RP012,2025-12-10,Promotional,0.0211,11.43
REB0001033,T0001033,IL0001033,C00303,P0067,RP001,2026-12-26,Volume,0.0027,6.68
REB0001034,T0001034,IL0001034,C00026,P0095,RP002,2026-01-11,Growth,0.0299,28.43
REB0001035,T0001035,IL0001035,C00153,P0010,RP003,2025-11-29,Promotional,0.0137,3.69
REB0001036,T0001036,IL0001036,C00253,P0111,RP004,2026-10-11,Volume,0.0454,90.34
REB0001037,T0001037,IL0001037,C00021,P0020,RP005,2026-04-15,Growth,0.0447,9.75
REB0001038,T0001038,IL0001038,C00475,P0078,RP006,2025-12-12,Promotional,0.0359,7.15
REB0001039,T0001039,IL0001039,C00407,P0050,RP007,2025-04-30,Volume,0.0437,67.36
REB0001040,T0001040,IL0001040,C00390,P0112,RP008,2025-08-09,Growth,0.05,17.94
REB0001041,T0001041,IL0001041,C00401,P0107,RP009,2025-01-20,Promotional,0.0175,8.94
REB0001042,T0001042,IL0001042,C00314,P0074,RP010,2025-03-07,Volume,0.0214,35.68
REB0001043,T0001043,IL0001043,C00422,P0114,RP011,2025-12-21,Growth,0.0094,22.0
REB0001044,T0001044,IL0001044,C00496,P0021,RP012,2026-08-09,Promotional,0.0291,94.86
REB0001045,T0001045,IL0001045,C00016,P0040,RP001,2026-04-24,Volume,0.0421,27.27
REB0001046,T0001046,IL0001046,C00193,P0138,RP002,2025-08-29,Growth,0.012,16.97
REB0001047,T0001047,IL0001047,C00393,P0103,RP003,2025-06-12,Promotional,0.0153,14.53
REB0001048,T0001048,IL0001048,C00492,P0082,RP004,2026-12-05,Volume,0.0416,73.74
REB0001049,T0001049,IL0001049,C00205,P0074,RP005,2025-07-01,Growth,0.0376,99.04
REB0001050,T0001050,IL0001050,C00211,P0049,RP006,2026-03-05,Promotional,0.033,8.51
REB0001051,T0001051,IL0001051,C00086,P0146,RP007,2025-09-13,Volume,0.0434,23.17
REB0001052,T0001052,IL0001052,C00235,P0095,RP008,2025-06-15,Growth,0.0073,3.87
REB0001053,T0001053,IL0001053,C00126,P0114,RP009,2026-04-16,Promotional,0.0332,34.32
REB0001054,T0001054,IL0001054,C00370,P0018,RP010,2026-04-19,Volume,0.0258,3.93
REB0001055,T0001055,IL0001055,C00062,P0137,RP011,2026-07-05,Growth,0.0219,29.12
REB0001056,T0001056,IL0001056,C00323,P0113,RP012,2026-06-08,Promotional,0.0318,3.84
REB0001057,T0001057,IL0001057,C00174,P0037,RP001,2026-11-04,Volume,0.0041,3.01
REB0001058,T0001058,IL0001058,C00176,P0076,RP002,2025-09-24,Growth,0.0327,51.26
REB0001059,T0001059,IL0001059,C00451,P0095,RP003,2025-08-15,Promotional,0.0312,48.97
REB0001060,T0001060,IL0001060,C00381,P0033,RP004,2025-06-08,Volume,0.0468,70.39
REB0001061,T0001061,IL0001061,C00370,P0131,RP005,2026-01-08,Growth,0.0354,43.29
REB0001062,T0001062,IL0001062,C00444,P0125,RP006,2026-01-23,Promotional,0.0368,58.55
REB0001063,T0001063,IL0001063,C00143,P0031,RP007,2025-06-03,Volume,0.0007,0.75
REB0001064,T0001064,IL0001064,C00380,P0052,RP008,2025-08-22,Growth,0.0037,0.35
REB0001065,T0001065,IL0001065,C00497,P0015,RP009,2025-03-23,Promotional,0.01,18.53
REB0001066,T0001066,IL0001066,C00091,P0011,RP010,2026-04-13,Volume,0.0457,41.86
REB0001067,T0001067,IL0001067,C00107,P0059,RP011,2025-03-04,Growth,0.0028,4.9
REB0001068,T0001068,IL0001068,C00043,P0122,RP012,2026-03-29,Promotional,0.0313,10.91
REB0001069,T0001069,IL0001069,C00399,P0050,RP001,2026-03-30,Volume,0.0149,39.77
REB0001070,T0001070,IL0001070,C00488,P0077,RP002,2025-10-18,Growth,0.017,15.77
REB0001071,T0001071,IL0001071,C00004,P0082,RP003,2026-05-15,Promotional,0.037,54.16
REB0001072,T0001072,IL0001072,C00276,P0047,RP004,2026-12-05,Volume,0.0176,9.05
REB0001073,T0001073,IL0001073,C00108,P0147,RP005,2026-09-17,Growth,0.0469,18.85
REB0001074,T0001074,IL0001074,C00335,P0107,RP006,2026-05-01,Promotional,0.0167,21.32
REB0001075,T0001075,IL0001075,C00231,P0079,RP007,2025-11-19,Volume,0.0222,31.81
REB0001076,T0001076,IL0001076,C00393,P0071,RP008,2026-04-13,Growth,0.0205,6.42
REB0001077,T0001077,IL0001077,C00379,P0052,RP009,2026-07-28,Promotional,0.0088,12.43
REB0001078,T0001078,IL0001078,C00400,P0100,RP010,2025-02-17,Volume,0.0056,2.7
REB0001079,T0001079,IL0001079,C00057,P0121,RP011,2025-10-19,Growth,0.0084,1.41
REB0001080,T0001080,IL0001080,C00225,P0063,RP012,2025-04-01,Promotional,0.045,87.11
REB0001081,T0001081,IL0001081,C00365,P0081,RP001,2026-12-18,Volume,0.0125,25.14
REB0001082,T0001082,IL0001082,C00131,P0006,RP002,2025-09-23,Growth,0.0439,21.13
REB0001083,T0001083,IL0001083,C00009,P0145,RP003,2026-01-18,Promotional,0.0297,6.1
REB0001084,T0001084,IL0001084,C00290,P0024,RP004,2025-03-19,Volume,0.0048,1.85
REB0001085,T0001085,IL0001085,C00393,P0111,RP005,2025-03-16,Growth,0.0358,47.71
REB0001086,T0001086,IL0001086,C00400,P0111,RP006,2026-06-25,Promotional,0.001,1.48
REB0001087,T0001087,IL0001087,C00300,P0084,RP007,2025-08-17,Volume,0.0509,92.78
REB0001088,T0001088,IL0001088,C00396,P0038,RP008,2025-07-13,Growth,0.0465,19.8
REB0001089,T0001089,IL0001089,C00446,P0081,RP009,2025-12-02,Promotional,0.0128,4.02
REB0001090,T0001090,IL0001090,C00064,P0097,RP010,2026-03-27,Volume,0.0027,6.21
REB0001091,T0001091,IL0001091,C00418,P0032,RP011,2026-08-28,Growth,0.009,5.05
REB0001092,T0001092,IL0001092,C00384,P0082,RP012,2026-01-02,Promotional,0.0263,7.82
REB0001093,T0001093,IL0001093,C00412,P0108,RP001,2026-01-25,Volume,0.0239,5.76
REB0001094,T0001094,IL0001094,C00334,P0100,RP002,2025-03-28,Growth,0.0178,2.03
REB0001095,T0001095,IL0001095,C00266,P0040,RP003,2025-05-12,Promotional,0.0476,102.6
REB0001096,T0001096,IL0001096,C00215,P0045,RP004,2025-06-11,Volume,0.01,29.53
REB0001097,T0001097,IL0001097,C00105,P0079,RP005,2026-05-25,Growth,0.0431,86.93
REB0001098,T0001098,IL0001098,C00468,P0105,RP006,2025-05-28,Promotional,0.0087,11.5
REB0001099,T0001099,IL0001099,C00058,P0122,RP007,2025-03-09,Volume,0.0332,70.36
REB0001100,T0001100,IL0001100,C00066,P0083,RP008,2025-09-21,Growth,0.0271,56.19
REB0001101,T0001101,IL0001101,C00067,P0037,RP009,2026-06-12,Promotional,0.0338,13.03
REB0001102,T0001102,IL0001102,C00169,P0119,RP010,2025-11-05,Volume,0.0495,82.9
REB0001103,T0001103,IL0001103,C00383,P0099,RP011,2025-02-05,Growth,0.0459,53.3
REB0001104,T0001104,IL0001104,C00248,P0089,RP012,2026-05-08,Promotional,0.0145,21.76
REB0001105,T0001105,IL0001105,C00474,P0087,RP001,2026-06-11,Volume,0.0302,10.17
REB0001106,T0001106,IL0001106,C00135,P0017,RP002,2026-06-16,Growth,0.0125,20.9
REB0001107,T0001107,IL0001107,C00065,P0089,RP003,2025-10-30,Promotional,0.0477,60.01
REB0001108,T0001108,IL0001108,C00100,P0037,RP004,2026-06-08,Volume,0.0429,1.34
REB0001109,T0001109,IL0001109,C00186,P0139,RP005,2026-06-30,Growth,0.0349,23.95
REB0001110,T0001110,IL0001110,C00277,P0109,RP006,2025-06-05,Promotional,0.0214,3.86
REB0001111,T0001111,IL0001111,C00070,P0077,RP007,2025-11-26,Volume,0.0508,7.04
REB0001112,T0001112,IL0001112,C00072,P0037,RP008,2026-02-25,Growth,0.0133,10.01
REB0001113,T0001113,IL0001113,C00128,P0090,RP009,2025-07-18,Promotional,0.0068,8.84
REB0001114,T0001114,IL0001114,C00073,P0071,RP010,2026-03-31,Volume,0.0424,2.55
REB0001115,T0001115,IL0001115,C00278,P0117,RP011,2025-05-08,Growth,0.0481,18.76
REB0001116,T0001116,IL0001116,C00058,P0120,RP012,2025-09-19,Promotional,0.0417,37.21
REB0001117,T0001117,IL0001117,C00492,P0093,RP001,2026-09-10,Volume,0.0351,86.58
REB0001118,T0001118,IL0001118,C00464,P0065,RP002,2025-10-10,Growth,0.0046,4.06
REB0001119,T0001119,IL0001119,C00114,P0112,RP003,2026-05-22,Promotional,0.0334,21.06
REB0001120,T0001120,IL0001120,C00196,P0011,RP004,2026-11-15,Volume,0.0317,12.79
REB0001121,T0001121,IL0001121,C00364,P0108,RP005,2026-11-20,Growth,0.0316,3.18
REB0001122,T0001122,IL0001122,C00382,P0111,RP006,2026-10-06,Promotional,0.0054,4.16
REB0001123,T0001123,IL0001123,C00184,P0089,RP007,2025-09-17,Volume,0.0384,18.33
REB0001124,T0001124,IL0001124,C00395,P0141,RP008,2026-07-26,Growth,0.0275,50.06
REB0001125,T0001125,IL0001125,C00163,P0079,RP009,2025-08-22,Promotional,0.0102,3.77
REB0001126,T0001126,IL0001126,C00173,P0113,RP010,2025-12-26,Volume,0.032,29.48
REB0001127,T0001127,IL0001127,C00276,P0046,RP011,2026-07-28,Growth,0.0482,5.65
REB0001128,T0001128,IL0001128,C00182,P0102,RP012,2026-06-30,Promotional,0.0488,17.79
REB0001129,T0001129,IL0001129,C00227,P0011,RP001,2025-08-19,Volume,0.0123,8.3
REB0001130,T0001130,IL0001130,C00332,P0056,RP002,2026-03-27,Growth,0.0264,0.9
REB0001131,T0001131,IL0001131,C00212,P0048,RP003,2025-07-16,Promotional,0.0213,31.83
REB0001132,T0001132,IL0001132,C00221,P0095,RP004,2025-09-27,Volume,0.0074,3.75
REB0001133,T0001133,IL0001133,C00297,P0033,RP005,2026-07-06,Growth,0.0454,98.74
REB0001134,T0001134,IL0001134,C00421,P0058,RP006,2026-07-22,Promotional,0.0273,26.28
REB0001135,T0001135,IL0001135,C00230,P0144,RP007,2026-07-28,Volume,0.0195,20.42
REB0001136,T0001136,IL0001136,C00366,P0126,RP008,2025-01-29,Growth,0.0296,23.58
REB0001137,T0001137,IL0001137,C00485,P0105,RP009,2026-06-05,Promotional,0.0534,166.54
REB0001138,T0001138,IL0001138,C00315,P0017,RP010,2025-03-14,Volume,0.0331,60.39
REB0001139,T0001139,IL0001139,C00476,P0127,RP011,2026-10-27,Growth,0.0522,15.03
REB0001140,T0001140,IL0001140,C00434,P0088,RP012,2025-05-22,Promotional,0.0139,2.89
REB0001141,T0001141,IL0001141,C00332,P0021,RP001,2025-12-26,Volume,0.0333,68.18
REB0001142,T0001142,IL0001142,C00001,P0136,RP002,2025-06-22,Growth,0.031,0.62
REB0001143,T0001143,IL0001143,C00318,P0128,RP003,2026-10-14,Promotional,0.0502,42.36
REB0001144,T0001144,IL0001144,C00434,P0046,RP004,2026-12-25,Volume,0.0514,38.03
REB0001145,T0001145,IL0001145,C00479,P0075,RP005,2025-11-16,Growth,0.0055,7.96
REB0001146,T0001146,IL0001146,C00481,P0117,RP006,2025-12-12,Promotional,0.0036,6.6
REB0001147,T0001147,IL0001147,C00097,P0104,RP007,2026-05-18,Volume,0.0464,11.6
REB0001148,T0001148,IL0001148,C00047,P0083,RP008,2026-06-17,Growth,0.0301,59.96
REB0001149,T0001149,IL0001149,C00150,P0110,RP009,2025-07-22,Promotional,0.0177,18.91
REB0001150,T0001150,IL0001150,C00395,P0015,RP010,2025-10-22,Volume,0.0412,2.67
REB0001151,T0001151,IL0001151,C00274,P0008,RP011,2025-02-19,Growth,0.0453,34.47
REB0001152,T0001152,IL0001152,C00261,P0095,RP012,2025-07-02,Promotional,0.0392,7.8
REB0001153,T0001153,IL0001153,C00314,P0004,RP001,2026-10-18,Volume,0.0003,0.15
REB0001154,T0001154,IL0001154,C00200,P0059,RP002,2025-07-01,Growth,0.0368,9.17
REB0001155,T0001155,IL0001155,C00159,P0053,RP003,2026-10-04,Promotional,0.0153,26.24
REB0001156,T0001156,IL0001156,C00006,P0102,RP004,2026-09-07,Volume,0.0063,3.06
REB0001157,T0001157,IL0001157,C00168,P0043,RP005,2026-07-04,Growth,0.0144,11.16
REB0001158,T0001158,IL0001158,C00487,P0023,RP006,2025-07-26,Promotional,0.0263,19.41
REB0001159,T0001159,IL0001159,C00391,P0018,RP007,2025-03-27,Volume,0.0328,53.99
REB0001160,T0001160,IL0001160,C00394,P0054,RP008,2025-07-13,Growth,0.0523,8.79
REB0001161,T0001161,IL0001161,C00029,P0101,RP009,2026-10-22,Promotional,0.0345,30.17
REB0001162,T0001162,IL0001162,C00036,P0063,RP010,2026-03-28,Volume,0.0175,18.09
REB0001163,T0001163,IL0001163,C00317,P0044,RP011,2025-01-18,Growth,0.0003,0.07
REB0001164,T0001164,IL0001164,C00062,P0058,RP012,2026-08-04,Promotional,0.0262,49.92
REB0001165,T0001165,IL0001165,C00231,P0061,RP001,2026-02-01,Volume,0.0506,29.08
REB0001166,T0001166,IL0001166,C00147,P0045,RP002,2025-05-28,Growth,0.0443,60.19
REB0001167,T0001167,IL0001167,C00437,P0059,RP003,2026-07-09,Promotional,0.0232,14.93
REB0001168,T0001168,IL0001168,C00238,P0094,RP004,2026-02-02,Volume,0.0135,17.92
REB0001169,T0001169,IL0001169,C00402,P0094,RP005,2026-11-07,Growth,0.0169,47.44
REB0001170,T0001170,IL0001170,C00154,P0106,RP006,2026-04-09,Promotional,0.0211,6.71
REB0001171,T0001171,IL0001171,C00106,P0099,RP007,2026-12-12,Volume,0.0086,2.82
REB0001172,T0001172,IL0001172,C00163,P0120,RP008,2026-02-26,Growth,0.042,25.78
REB0001173,T0001173,IL0001173,C00403,P0017,RP009,2025-04-10,Promotional,0.0465,0.5
REB0001174,T0001174,IL0001174,C00491,P0055,RP010,2025-06-04,Volume,0.0456,7.59
REB0001175,T0001175,IL0001175,C00411,P0144,RP011,2025-04-14,Growth,0.0225,4.45
REB0001176,T0001176,IL0001176,C00354,P0064,RP012,2025-10-15,Promotional,0.0484,39.13
REB0001177,T0001177,IL0001177,C00353,P0093,RP001,2026-08-24,Volume,0.0521,40.92
REB0001178,T0001178,IL0001178,C00036,P0046,RP002,2026-01-14,Growth,0.0514,63.81
REB0001179,T0001179,IL0001179,C00365,P0022,RP003,2025-10-27,Promotional,0.0093,2.12
REB0001180,T0001180,IL0001180,C00463,P0007,RP004,2026-06-17,Volume,0.0169,29.01
REB0001181,T0001181,IL0001181,C00235,P0021,RP005,2026-11-04,Growth,0.0006,0.18
REB0001182,T0001182,IL0001182,C00195,P0100,RP006,2026-04-27,Promotional,0.047,53.94
REB0001183,T0001183,IL0001183,C00369,P0067,RP007,2025-12-21,Volume,0.0505,30.4
REB0001184,T0001184,IL0001184,C00459,P0030,RP008,2026-06-06,Growth,0.0205,13.08
REB0001185,T0001185,IL0001185,C00005,P0004,RP009,2025-03-19,Promotional,0.0253,2.33
REB0001186,T0001186,IL0001186,C00029,P0036,RP010,2025-05-05,Volume,0.0238,2.83
REB0001187,T0001187,IL0001187,C00165,P0136,RP011,2026-02-01,Growth,0.0388,90.32
REB0001188,T0001188,IL0001188,C00227,P0048,RP012,2025-03-04,Promotional,0.0487,0.42
REB0001189,T0001189,IL0001189,C00097,P0048,RP001,2025-03-19,Volume,0.0331,9.66
REB0001190,T0001190,IL0001190,C00377,P0062,RP002,2025-12-20,Growth,0.0415,1.92
REB0001191,T0001191,IL0001191,C00318,P0111,RP003,2025-03-03,Promotional,0.0323,6.33
REB0001192,T0001192,IL0001192,C00492,P0017,RP004,2026-11-26,Volume,0.0446,51.76
REB0001193,T0001193,IL0001193,C00382,P0049,RP005,2026-07-14,Growth,0.0254,2.68
REB0001194,T0001194,IL0001194,C00445,P0119,RP006,2026-04-20,Promotional,0.0013,0.24
REB0001195,T0001195,IL0001195,C00077,P0103,RP007,2026-10-10,Volume,0.0082,0.42
REB0001196,T0001196,IL0001196,C00077,P0070,RP008,2026-04-29,Growth,0.0526,5.19
REB0001197,T0001197,IL0001197,C00222,P0112,RP009,2026-05-27,Promotional,0.0037,10.27
REB0001198,T0001198,IL0001198,C00266,P0127,RP010,2025-08-29,Volume,0.0186,23.91
REB0001199,T0001199,IL0001199,C00067,P0136,RP011,2026-09-06,Growth,0.0203,30.44
REB0001200,T0001200,IL0001200,C00127,P0054,RP012,2026-03-04,Promotional,0.0496,63.18
REB0001201,T0001201,IL0001201,C00358,P0050,RP001,2025-12-06,Volume,0.0389,59.06
REB0001202,T0001202,IL0001202,C00241,P0005,RP002,2026-07-31,Growth,0.0177,47.29
REB0001203,T0001203,IL0001203,C00035,P0116,RP003,2025-09-30,Promotional,0.0466,43.3
REB0001204,T0001204,IL0001204,C00183,P0124,RP004,2025-12-02,Volume,0.0173,12.13
REB0001205,T0001205,IL0001205,C00491,P0031,RP005,2025-07-12,Growth,0.0155,4.46
REB0001206,T0001206,IL0001206,C00153,P0067,RP006,2025-01-12,Promotional,0.0232,6.86
REB0001207,T0001207,IL0001207,C00321,P0098,RP007,2026-04-03,Volume,0.015,8.79
REB0001208,T0001208,IL0001208,C00301,P0033,RP008,2025-06-16,Growth,0.0205,0.46
REB0001209,T0001209,IL0001209,C00223,P0083,RP009,2026-10-06,Promotional,0.0156,6.12
REB0001210,T0001210,IL0001210,C00371,P0034,RP010,2025-02-27,Volume,0.009,3.34
REB0001211,T0001211,IL0001211,C00174,P0021,RP011,2026-01-01,Growth,0.0289,44.95
REB0001212,T0001212,IL0001212,C00417,P0054,RP012,2025-04-02,Promotional,0.0132,2.15
REB0001213,T0001213,IL0001213,C00116,P0123,RP001,2026-12-16,Volume,0.0478,3.51
REB0001214,T0001214,IL0001214,C00203,P0005,RP002,2026-11-18,Growth,0.0303,27.26
REB0001215,T0001215,IL0001215,C00252,P0002,RP003,2026-08-20,Promotional,0.009,2.74
REB0001216,T0001216,IL0001216,C00145,P0069,RP004,2026-09-30,Volume,0.0334,40.04
REB0001217,T0001217,IL0001217,C00334,P0074,RP005,2025-05-03,Growth,0.0423,4.0
REB0001218,T0001218,IL0001218,C00381,P0053,RP006,2025-04-20,Promotional,0.0118,29.75
REB0001219,T0001219,IL0001219,C00321,P0059,RP007,2026-10-26,Volume,0.0456,18.21
REB0001220,T0001220,IL0001220,C00369,P0084,RP008,2026-02-02,Growth,0.0308,44.64
REB0001221,T0001221,IL0001221,C00040,P0028,RP009,2025-09-12,Promotional,0.0512,6.85
REB0001222,T0001222,IL0001222,C00050,P0014,RP010,2025-06-13,Volume,0.0205,17.57
REB0001223,T0001223,IL0001223,C00461,P0031,RP011,2025-02-05,Growth,0.044,11.64
REB0001224,T0001224,IL0001224,C00406,P0008,RP012,2026-11-30,Promotional,0.0478,3.83
REB0001225,T0001225,IL0001225,C00289,P0123,RP001,2026-12-21,Volume,0.002,0.5
REB0001226,T0001226,IL0001226,C00296,P0012,RP002,2025-01-14,Growth,0.0147,17.85
REB0001227,T0001227,IL0001227,C00230,P0001,RP003,2026-12-08,Promotional,0.0269,75.32
REB0001228,T0001228,IL0001228,C00046,P0095,RP004,2026-01-08,Volume,0.0399,63.77
REB0001229,T0001229,IL0001229,C00090,P0149,RP005,2026-02-21,Growth,0.0448,49.38
REB0001230,T0001230,IL0001230,C00493,P0111,RP006,2026-01-04,Promotional,0.0257,34.44
REB0001231,T0001231,IL0001231,C00176,P0130,RP007,2025-02-13,Volume,0.0439,50.53
REB0001232,T0001232,IL0001232,C00203,P0021,RP008,2026-12-11,Growth,0.0317,21.37
REB0001233,T0001233,IL0001233,C00351,P0086,RP009,2025-08-21,Promotional,0.0515,13.46
REB0001234,T0001234,IL0001234,C00384,P0105,RP010,2025-12-26,Volume,0.0492,43.93
REB0001235,T0001235,IL0001235,C00410,P0028,RP011,2026-06-01,Growth,0.0416,33.29
REB0001236,T0001236,IL0001236,C00013,P0005,RP012,2025-07-15,Promotional,0.0039,1.21
REB0001237,T0001237,IL0001237,C00339,P0104,RP001,2026-01-02,Volume,0.0341,23.3
REB0001238,T0001238,IL0001238,C00252,P0009,RP002,2026-11-27,Growth,0.0439,32.59
REB0001239,T0001239,IL0001239,C00318,P0090,RP003,2026-08-25,Promotional,0.0048,0.37
REB0001240,T0001240,IL0001240,C00473,P0025,RP004,2026-10-09,Volume,0.0019,3.24
REB0001241,T0001241,IL0001241,C00315,P0106,RP005,2025-08-10,Growth,0.0016,0.1
REB0001242,T0001242,IL0001242,C00357,P0145,RP006,2025-10-09,Promotional,0.0384,81.85
REB0001243,T0001243,IL0001243,C00021,P0075,RP007,2025-06-16,Volume,0.0042,3.84
REB0001244,T0001244,IL0001244,C00464,P0046,RP008,2026-11-01,Growth,0.0321,3.14
REB0001245,T0001245,IL0001245,C00052,P0043,RP009,2025-04-29,Promotional,0.0241,14.55
REB0001246,T0001246,IL0001246,C00460,P0095,RP010,2026-06-22,Volume,0.0386,11.37
REB0001247,T0001247,IL0001247,C00184,P0122,RP011,2026-11-12,Growth,0.0067,18.38
REB0001248,T0001248,IL0001248,C00338,P0140,RP012,2026-04-02,Promotional,0.0102,10.36
REB0001249,T0001249,IL0001249,C00154,P0035,RP001,2025-05-31,Volume,0.0288,1.08
REB0001250,T0001250,IL0001250,C00164,P0063,RP002,2025-05-21,Growth,0.0054,1.66
REB0001251,T0001251,IL0001251,C00075,P0033,RP003,2025-03-14,Promotional,0.0543,41.34
REB0001252,T0001252,IL0001252,C00186,P0058,RP004,2026-10-03,Volume,0.0429,12.27
REB0001253,T0001253,IL0001253,C00231,P0058,RP005,2026-02-05,Growth,0.0355,64.15
REB0001254,T0001254,IL0001254,C00255,P0020,RP006,2025-10-22,Promotional,0.0428,4.04
REB0001255,T0001255,IL0001255,C00238,P0088,RP007,2025-10-15,Volume,0.0258,51.34
REB0001256,T0001256,IL0001256,C00356,P0144,RP008,2026-08-27,Growth,0.0536,34.74
REB0001257,T0001257,IL0001257,C00138,P0070,RP009,2026-10-07,Promotional,0.0132,11.01
REB0001258,T0001258,IL0001258,C00266,P0106,RP010,2025-12-10,Volume,0.0337,32.94
REB0001259,T0001259,IL0001259,C00352,P0093,RP011,2025-07-14,Growth,0.0095,11.3
REB0001260,T0001260,IL0001260,C00307,P0087,RP012,2025-07-30,Promotional,0.0513,62.22
REB0001261,T0001261,IL0001261,C00130,P0032,RP001,2025-03-15,Volume,0.0514,163.97
REB0001262,T0001262,IL0001262,C00421,P0071,RP002,2026-08-21,Growth,0.0345,52.74
REB0001263,T0001263,IL0001263,C00062,P0036,RP003,2025-11-17,Promotional,0.0466,13.92
REB0001264,T0001264,IL0001264,C00474,P0109,RP004,2025-04-09,Volume,0.0186,4.33
REB0001265,T0001265,IL0001265,C00113,P0147,RP005,2025-08-25,Growth,0.0321,41.2
REB0001266,T0001266,IL0001266,C00105,P0139,RP006,2026-01-28,Promotional,0.0538,6.61
REB0001267,T0001267,IL0001267,C00114,P0062,RP007,2026-02-21,Volume,0.0002,0.16
REB0001268,T0001268,IL0001268,C00229,P0055,RP008,2026-01-31,Growth,0.0083,4.34
REB0001269,T0001269,IL0001269,C00278,P0070,RP009,2025-01-24,Promotional,0.0011,1.56
REB0001270,T0001270,IL0001270,C00191,P0037,RP010,2025-07-30,Volume,0.0194,9.58
REB0001271,T0001271,IL0001271,C00308,P0121,RP011,2026-01-24,Growth,0.044,42.57
REB0001272,T0001272,IL0001272,C00224,P0115,RP012,2026-05-18,Promotional,0.0501,13.04
REB0001273,T0001273,IL0001273,C00331,P0133,RP001,2026-08-23,Volume,0.0201,51.54
REB0001274,T0001274,IL0001274,C00316,P0142,RP002,2025-04-05,Growth,0.0161,3.3
REB0001275,T0001275,IL0001275,C00210,P0080,RP003,2025-08-23,Promotional,0.0315,12.14
REB0001276,T0001276,IL0001276,C00148,P0141,RP004,2025-06-30,Volume,0.0107,24.19
REB0001277,T0001277,IL0001277,C00274,P0032,RP005,2025-07-03,Growth,0.0513,129.59
REB0001278,T0001278,IL0001278,C00263,P0006,RP006,2025-10-06,Promotional,0.0258,69.13
REB0001279,T0001279,IL0001279,C00294,P0072,RP007,2026-01-12,Volume,0.0089,6.38
REB0001280,T0001280,IL0001280,C00001,P0074,RP008,2025-05-20,Growth,0.0298,75.29
REB0001281,T0001281,IL0001281,C00182,P0148,RP009,2026-06-17,Promotional,0.0275,22.72
REB0001282,T0001282,IL0001282,C00432,P0077,RP010,2026-01-12,Volume,0.0268,27.5
REB0001283,T0001283,IL0001283,C00231,P0036,RP011,2025-05-31,Growth,0.0241,16.51
REB0001284,T0001284,IL0001284,C00238,P0034,RP012,2025-07-29,Promotional,0.0056,0.54
REB0001285,T0001285,IL0001285,C00447,P0111,RP001,2026-11-01,Volume,0.0514,35.44
REB0001286,T0001286,IL0001286,C00159,P0130,RP002,2025-07-18,Growth,0.0148,1.34
REB0001287,T0001287,IL0001287,C00230,P0104,RP003,2025-01-25,Promotional,0.0441,46.41
REB0001288,T0001288,IL0001288,C00391,P0132,RP004,2026-03-20,Volume,0.0532,128.12
REB0001289,T0001289,IL0001289,C00375,P0069,RP005,2026-03-27,Growth,0.0152,10.11
REB0001290,T0001290,IL0001290,C00100,P0108,RP006,2025-05-17,Promotional,0.0301,15.82
REB0001291,T0001291,IL0001291,C00084,P0010,RP007,2025-03-09,Volume,0.0091,20.74
REB0001292,T0001292,IL0001292,C00316,P0096,RP008,2025-12-17,Growth,0.0408,37.79
REB0001293,T0001293,IL0001293,C00428,P0134,RP009,2026-11-30,Promotional,0.018,7.24
REB0001294,T0001294,IL0001294,C00027,P0077,RP010,2026-02-19,Volume,0.0121,6.54
REB0001295,T0001295,IL0001295,C00358,P0139,RP011,2025-04-11,Growth,0.0165,15.88
REB0001296,T0001296,IL0001296,C00034,P0081,RP012,2026-11-10,Promotional,0.0538,61.34
REB0001297,T0001297,IL0001297,C00451,P0126,RP001,2026-05-14,Volume,0.0336,18.99
REB0001298,T0001298,IL0001298,C00437,P0022,RP002,2026-01-21,Growth,0.0236,1.68
REB0001299,T0001299,IL0001299,C00332,P0039,RP003,2026-12-16,Promotional,0.0462,0.93
REB0001300,T0001300,IL0001300,C00293,P0023,RP004,2026-11-14,Volume,0.0321,28.6
REB0001301,T0001301,IL0001301,C00405,P0044,RP005,2025-07-16,Growth,0.0289,13.7
REB0001302,T0001302,IL0001302,C00437,P0067,RP006,2026-09-13,Promotional,0.0018,0.82
REB0001303,T0001303,IL0001303,C00184,P0131,RP007,2026-04-09,Volume,0.0512,60.19
REB0001304,T0001304,IL0001304,C00124,P0119,RP008,2025-08-04,Growth,0.0081,0.74
REB0001305,T0001305,IL0001305,C00395,P0086,RP009,2025-10-17,Promotional,0.0511,50.08
REB0001306,T0001306,IL0001306,C00480,P0054,RP010,2025-11-06,Volume,0.0026,0.24
REB0001307,T0001307,IL0001307,C00238,P0102,RP011,2026-05-25,Growth,0.0232,11.56
REB0001308,T0001308,IL0001308,C00095,P0002,RP012,2026-12-18,Promotional,0.0082,5.5
REB0001309,T0001309,IL0001309,C00465,P0052,RP001,2025-10-12,Volume,0.0189,4.61
REB0001310,T0001310,IL0001310,C00104,P0055,RP002,2026-05-29,Growth,0.015,20.72
REB0001311,T0001311,IL0001311,C00101,P0112,RP003,2026-09-19,Promotional,0.0548,142.09
REB0001312,T0001312,IL0001312,C00322,P0017,RP004,2026-08-27,Volume,0.0127,29.2
REB0001313,T0001313,IL0001313,C00457,P0010,RP005,2025-11-04,Growth,0.0022,2.29
REB0001314,T0001314,IL0001314,C00025,P0020,RP006,2026-03-17,Promotional,0.0276,71.86
REB0001315,T0001315,IL0001315,C00394,P0014,RP007,2025-11-10,Volume,0.0064,5.72
REB0001316,T0001316,IL0001316,C00091,P0140,RP008,2025-12-03,Growth,0.0521,4.08
REB0001317,T0001317,IL0001317,C00087,P0075,RP009,2025-09-22,Promotional,0.0199,10.48
REB0001318,T0001318,IL0001318,C00281,P0018,RP010,2026-12-10,Volume,0.0132,10.85
REB0001319,T0001319,IL0001319,C00059,P0116,RP011,2025-07-03,Growth,0.0281,10.99
REB0001320,T0001320,IL0001320,C00404,P0024,RP012,2025-12-31,Promotional,0.0399,17.99
REB0001321,T0001321,IL0001321,C00033,P0042,RP001,2025-03-30,Volume,0.0263,11.37
REB0001322,T0001322,IL0001322,C00406,P0111,RP002,2026-02-03,Growth,0.0342,81.45
REB0001323,T0001323,IL0001323,C00428,P0127,RP003,2025-08-21,Promotional,0.0023,2.65
REB0001324,T0001324,IL0001324,C00479,P0096,RP004,2026-11-12,Volume,0.0255,47.89
REB0001325,T0001325,IL0001325,C00304,P0035,RP005,2025-04-30,Growth,0.0066,11.16
REB0001326,T0001326,IL0001326,C00160,P0138,RP006,2025-09-09,Promotional,0.0365,6.33
REB0001327,T0001327,IL0001327,C00144,P0088,RP007,2025-06-06,Volume,0.0406,18.32
REB0001328,T0001328,IL0001328,C00365,P0024,RP008,2025-07-09,Growth,0.0052,10.16
REB0001329,T0001329,IL0001329,C00296,P0055,RP009,2025-07-07,Promotional,0.0303,4.13
REB0001330,T0001330,IL0001330,C00479,P0148,RP010,2026-07-17,Volume,0.0222,35.67
REB0001331,T0001331,IL0001331,C00337,P0086,RP011,2025-04-06,Growth,0.0002,0.01
REB0001332,T0001332,IL0001332,C00278,P0028,RP012,2026-02-20,Promotional,0.0045,2.66
REB0001333,T0001333,IL0001333,C00323,P0005,RP001,2025-04-17,Volume,0.0452,43.93
REB0001334,T0001334,IL0001334,C00268,P0070,RP002,2026-11-29,Growth,0.0337,19.87
REB0001335,T0001335,IL0001335,C00208,P0106,RP003,2025-05-20,Promotional,0.0389,20.94
REB0001336,T0001336,IL0001336,C00208,P0049,RP004,2025-04-28,Volume,0.0532,24.88
REB0001337,T0001337,IL0001337,C00382,P0012,RP005,2025-09-13,Growth,0.0316,13.83
REB0001338,T0001338,IL0001338,C00212,P0028,RP006,2025-01-15,Promotional,0.0068,4.02
REB0001339,T0001339,IL0001339,C00349,P0071,RP007,2026-06-16,Volume,0.0103,10.78
REB0001340,T0001340,IL0001340,C00486,P0071,RP008,2026-05-16,Growth,0.0429,4.03
REB0001341,T0001341,IL0001341,C00212,P0029,RP009,2025-07-28,Promotional,0.026,7.27
REB0001342,T0001342,IL0001342,C00330,P0058,RP010,2025-11-07,Volume,0.0215,18.25
REB0001343,T0001343,IL0001343,C00400,P0061,RP011,2025-01-18,Growth,0.0514,31.3
REB0001344,T0001344,IL0001344,C00051,P0070,RP012,2026-12-08,Promotional,0.0487,68.2
REB0001345,T0001345,IL0001345,C00477,P0143,RP001,2026-11-16,Volume,0.0273,75.0
REB0001346,T0001346,IL0001346,C00395,P0142,RP002,2026-12-08,Growth,0.0403,51.58
REB0001347,T0001347,IL0001347,C00301,P0052,RP003,2025-10-06,Promotional,0.0108,21.24
REB0001348,T0001348,IL0001348,C00389,P0062,RP004,2026-04-28,Volume,0.0379,39.29
REB0001349,T0001349,IL0001349,C00105,P0120,RP005,2025-02-14,Growth,0.0537,168.4
REB0001350,T0001350,IL0001350,C00190,P0025,RP006,2025-08-12,Promotional,0.0154,1.74
REB0001351,T0001351,IL0001351,C00473,P0061,RP007,2025-12-15,Volume,0.041,4.46
REB0001352,T0001352,IL0001352,C00278,P0043,RP008,2025-10-11,Growth,0.0182,43.48
REB0001353,T0001353,IL0001353,C00001,P0110,RP009,2025-10-12,Promotional,0.0406,65.9
REB0001354,T0001354,IL0001354,C00089,P0041,RP010,2025-07-17,Volume,0.0073,1.59
REB0001355,T0001355,IL0001355,C00017,P0031,RP011,2025-05-18,Growth,0.0378,53.23
REB0001356,T0001356,IL0001356,C00194,P0002,RP012,2026-05-01,Promotional,0.0231,4.92
REB0001357,T0001357,IL0001357,C00056,P0112,RP001,2026-03-02,Volume,0.0372,11.61
REB0001358,T0001358,IL0001358,C00169,P0116,RP002,2026-08-23,Growth,0.0095,20.26
REB0001359,T0001359,IL0001359,C00110,P0006,RP003,2026-09-13,Promotional,0.005,4.08
REB0001360,T0001360,IL0001360,C00118,P0137,RP004,2025-02-25,Volume,0.0406,68.52
REB0001361,T0001361,IL0001361,C00410,P0033,RP005,2025-08-26,Growth,0.0133,2.31
REB0001362,T0001362,IL0001362,C00134,P0086,RP006,2025-09-23,Promotional,0.0461,31.74
REB0001363,T0001363,IL0001363,C00266,P0038,RP007,2025-04-02,Volume,0.0406,13.76
REB0001364,T0001364,IL0001364,C00016,P0009,RP008,2025-12-12,Growth,0.0398,5.82
REB0001365,T0001365,IL0001365,C00300,P0021,RP009,2026-10-15,Promotional,0.0492,28.73
REB0001366,T0001366,IL0001366,C00014,P0039,RP010,2026-09-12,Volume,0.0355,27.51
REB0001367,T0001367,IL0001367,C00308,P0148,RP011,2025-06-01,Growth,0.0083,7.73
REB0001368,T0001368,IL0001368,C00161,P0098,RP012,2025-02-13,Promotional,0.0027,0.38
REB0001369,T0001369,IL0001369,C00175,P0023,RP001,2026-10-14,Volume,0.0068,6.59
REB0001370,T0001370,IL0001370,C00190,P0013,RP002,2025-11-26,Growth,0.0023,3.53
REB0001371,T0001371,IL0001371,C00124,P0106,RP003,2025-08-01,Promotional,0.0425,68.98
REB0001372,T0001372,IL0001372,C00095,P0033,RP004,2026-06-23,Volume,0.0215,2.58
REB0001373,T0001373,IL0001373,C00379,P0002,RP005,2026-06-26,Growth,0.0261,38.6
REB0001374,T0001374,IL0001374,C00271,P0017,RP006,2025-07-12,Promotional,0.022,10.15
REB0001375,T0001375,IL0001375,C00343,P0079,RP007,2026-10-23,Volume,0.0394,14.73
REB0001376,T0001376,IL0001376,C00054,P0080,RP008,2025-08-08,Growth,0.052,13.08
REB0001377,T0001377,IL0001377,C00388,P0075,RP009,2026-01-18,Promotional,0.0187,9.21
REB0001378,T0001378,IL0001378,C00343,P0022,RP010,2025-01-24,Volume,0.0282,22.1
REB0001379,T0001379,IL0001379,C00396,P0058,RP011,2025-01-24,Growth,0.0457,28.78
REB0001380,T0001380,IL0001380,C00426,P0016,RP012,2026-09-17,Promotional,0.016,1.31
REB0001381,T0001381,IL0001381,C00100,P0135,RP001,2025-12-30,Volume,0.0444,73.78
REB0001382,T0001382,IL0001382,C00270,P0120,RP002,2026-04-11,Growth,0.005,1.75
REB0001383,T0001383,IL0001383,C00166,P0058,RP003,2026-10-22,Promotional,0.0505,104.7
REB0001384,T0001384,IL0001384,C00200,P0025,RP004,2025-12-02,Volume,0.0288,73.8
REB0001385,T0001385,IL0001385,C00416,P0008,RP005,2025-01-28,Growth,0.046,11.27
REB0001386,T0001386,IL0001386,C00242,P0128,RP006,2025-12-08,Promotional,0.0499,70.05
REB0001387,T0001387,IL0001387,C00189,P0089,RP007,2026-02-06,Volume,0.0479,2.35
REB0001388,T0001388,IL0001388,C00116,P0060,RP008,2025-10-27,Growth,0.0416,66.27
REB0001389,T0001389,IL0001389,C00311,P0130,RP009,2025-08-09,Promotional,0.0042,0.55
REB0001390,T0001390,IL0001390,C00067,P0134,RP010,2025-10-29,Volume,0.0012,2.66
REB0001391,T0001391,IL0001391,C00223,P0012,RP011,2026-03-15,Growth,0.001,0.1
REB0001392,T0001392,IL0001392,C00454,P0053,RP012,2026-06-17,Promotional,0.042,42.16
REB0001393,T0001393,IL0001393,C00052,P0045,RP001,2025-08-06,Volume,0.028,38.23
REB0001394,T0001394,IL0001394,C00218,P0144,RP002,2026-05-12,Growth,0.053,65.58
REB0001395,T0001395,IL0001395,C00230,P0050,RP003,2026-06-25,Promotional,0.0405,20.48
REB0001396,T0001396,IL0001396,C00192,P0032,RP004,2026-10-23,Volume,0.0333,14.31
REB0001397,T0001397,IL0001397,C00034,P0075,RP005,2026-12-26,Growth,0.0546,43.01
REB0001398,T0001398,IL0001398,C00294,P0108,RP006,2026-12-25,Promotional,0.0457,126.17
REB0001399,T0001399,IL0001399,C00348,P0117,RP007,2026-11-24,Volume,0.0211,22.09
REB0001400,T0001400,IL0001400,C00151,P0006,RP008,2025-04-16,Growth,0.0524,57.42
REB0001401,T0001401,IL0001401,C00151,P0037,RP009,2025-08-17,Promotional,0.0342,48.28
REB0001402,T0001402,IL0001402,C00061,P0118,RP010,2026-10-18,Volume,0.0309,4.21
REB0001403,T0001403,IL0001403,C00344,P0093,RP011,2025-11-30,Growth,0.046,27.18
REB0001404,T0001404,IL0001404,C00455,P0031,RP012,2026-02-22,Promotional,0.0467,98.73
REB0001405,T0001405,IL0001405,C00076,P0112,RP001,2026-11-24,Volume,0.0224,10.22
REB0001406,T0001406,IL0001406,C00415,P0110,RP002,2026-05-09,Growth,0.0185,12.7
REB0001407,T0001407,IL0001407,C00205,P0139,RP003,2025-10-01,Promotional,0.015,13.13
REB0001408,T0001408,IL0001408,C00245,P0058,RP004,2025-06-18,Volume,0.0498,2.25
REB0001409,T0001409,IL0001409,C00258,P0052,RP005,2026-02-01,Growth,0.0533,18.44
REB0001410,T0001410,IL0001410,C00029,P0072,RP006,2026-06-25,Promotional,0.003,3.39
REB0001411,T0001411,IL0001411,C00447,P0150,RP007,2025-07-20,Volume,0.0351,55.39
REB0001412,T0001412,IL0001412,C00145,P0101,RP008,2026-09-06,Growth,0.0222,5.97
REB0001413,T0001413,IL0001413,C00010,P0143,RP009,2025-12-19,Promotional,0.0508,109.24
REB0001414,T0001414,IL0001414,C00394,P0068,RP010,2025-03-10,Volume,0.0534,117.74
REB0001415,T0001415,IL0001415,C00489,P0081,RP011,2025-05-16,Growth,0.0257,6.67
REB0001416,T0001416,IL0001416,C00348,P0027,RP012,2025-06-18,Promotional,0.0132,0.82
REB0001417,T0001417,IL0001417,C00280,P0147,RP001,2026-05-23,Volume,0.0367,14.43
REB0001418,T0001418,IL0001418,C00443,P0149,RP002,2025-06-22,Growth,0.0534,3.18
REB0001419,T0001419,IL0001419,C00232,P0053,RP003,2025-08-31,Promotional,0.0498,13.49
REB0001420,T0001420,IL0001420,C00039,P0004,RP004,2025-07-11,Volume,0.0455,22.75
REB0001421,T0001421,IL0001421,C00088,P0147,RP005,2026-03-06,Growth,0.0334,50.43
REB0001422,T0001422,IL0001422,C00125,P0030,RP006,2026-07-07,Promotional,0.0186,11.3
REB0001423,T0001423,IL0001423,C00403,P0140,RP007,2026-05-20,Volume,0.0385,64.15
REB0001424,T0001424,IL0001424,C00266,P0038,RP008,2026-02-19,Growth,0.0362,60.94
REB0001425,T0001425,IL0001425,C00082,P0023,RP009,2026-11-22,Promotional,0.0515,8.59
REB0001426,T0001426,IL0001426,C00268,P0045,RP010,2025-03-16,Volume,0.0415,26.92
REB0001427,T0001427,IL0001427,C00138,P0061,RP011,2026-11-30,Growth,0.0087,9.27
REB0001428,T0001428,IL0001428,C00488,P0059,RP012,2025-02-04,Promotional,0.0279,69.67
REB0001429,T0001429,IL0001429,C00434,P0132,RP001,2025-12-12,Volume,0.03,8.3
REB0001430,T0001430,IL0001430,C00336,P0113,RP002,2026-12-13,Growth,0.0246,48.27
REB0001431,T0001431,IL0001431,C00014,P0116,RP003,2025-07-11,Promotional,0.0345,61.66
REB0001432,T0001432,IL0001432,C00278,P0039,RP004,2026-01-29,Volume,0.0085,26.34
REB0001433,T0001433,IL0001433,C00384,P0010,RP005,2026-05-21,Growth,0.0375,49.61
REB0001434,T0001434,IL0001434,C00340,P0093,RP006,2025-01-31,Promotional,0.0021,3.53
REB0001435,T0001435,IL0001435,C00399,P0088,RP007,2025-06-30,Volume,0.0327,15.53
REB0001436,T0001436,IL0001436,C00096,P0064,RP008,2025-10-29,Growth,0.0457,108.21
REB0001437,T0001437,IL0001437,C00479,P0027,RP009,2026-08-10,Promotional,0.018,9.37
REB0001438,T0001438,IL0001438,C00092,P0088,RP010,2026-05-10,Volume,0.0122,11.9
REB0001439,T0001439,IL0001439,C00190,P0027,RP011,2026-12-04,Growth,0.0014,0.68
REB0001440,T0001440,IL0001440,C00167,P0005,RP012,2026-07-27,Promotional,0.0144,21.08
REB0001441,T0001441,IL0001441,C00458,P0132,RP001,2026-11-23,Volume,0.0266,11.45
REB0001442,T0001442,IL0001442,C00121,P0069,RP002,2026-08-19,Growth,0.0179,8.05
REB0001443,T0001443,IL0001443,C00111,P0045,RP003,2025-04-20,Promotional,0.0289,30.61
REB0001444,T0001444,IL0001444,C00009,P0069,RP004,2025-02-16,Volume,0.0427,9.32
REB0001445,T0001445,IL0001445,C00357,P0135,RP005,2025-05-05,Growth,0.0263,10.38
REB0001446,T0001446,IL0001446,C00286,P0090,RP006,2026-06-24,Promotional,0.0502,44.03
REB0001447,T0001447,IL0001447,C00260,P0107,RP007,2026-08-21,Volume,0.0271,41.04
REB0001448,T0001448,IL0001448,C00144,P0139,RP008,2026-11-17,Growth,0.0392,94.39
REB0001449,T0001449,IL0001449,C00467,P0031,RP009,2026-09-22,Promotional,0.0003,0.86
REB0001450,T0001450,IL0001450,C00118,P0060,RP010,2026-10-17,Volume,0.0455,11.91
REB0001451,T0001451,IL0001451,C00166,P0088,RP011,2025-01-06,Growth,0.0406,5.05
REB0001452,T0001452,IL0001452,C00269,P0099,RP012,2026-06-17,Promotional,0.0515,29.5
REB0001453,T0001453,IL0001453,C00330,P0106,RP001,2025-10-27,Volume,0.0388,0.47
REB0001454,T0001454,IL0001454,C00270,P0056,RP002,2025-03-13,Growth,0.046,120.59
REB0001455,T0001455,IL0001455,C00004,P0079,RP003,2026-10-23,Promotional,0.0286,1.92
REB0001456,T0001456,IL0001456,C00238,P0089,RP004,2026-07-21,Volume,0.0048,3.27
REB0001457,T0001457,IL0001457,C00238,P0083,RP005,2026-05-07,Growth,0.0085,10.77
REB0001458,T0001458,IL0001458,C00262,P0117,RP006,2025-04-03,Promotional,0.0478,45.04
REB0001459,T0001459,IL0001459,C00033,P0118,RP007,2025-06-29,Volume,0.0311,17.6
REB0001460,T0001460,IL0001460,C00167,P0047,RP008,2025-01-30,Growth,0.0408,22.92
REB0001461,T0001461,IL0001461,C00337,P0150,RP009,2025-12-01,Promotional,0.0092,4.68
REB0001462,T0001462,IL0001462,C00439,P0139,RP010,2026-08-15,Volume,0.0269,29.77
REB0001463,T0001463,IL0001463,C00083,P0101,RP011,2025-08-13,Growth,0.014,19.42
REB0001464,T0001464,IL0001464,C00093,P0115,RP012,2025-04-30,Promotional,0.0089,1.52
REB0001465,T0001465,IL0001465,C00467,P0128,RP001,2026-06-24,Volume,0.0319,21.27
REB0001466,T0001466,IL0001466,C00015,P0026,RP002,2025-06-02,Growth,0.0301,28.26
REB0001467,T0001467,IL0001467,C00251,P0120,RP003,2026-07-22,Promotional,0.0116,18.46
REB0001468,T0001468,IL0001468,C00183,P0048,RP004,2026-06-11,Volume,0.0413,56.24
REB0001469,T0001469,IL0001469,C00155,P0061,RP005,2025-10-12,Growth,0.006,2.51
REB0001470,T0001470,IL0001470,C00447,P0147,RP006,2025-08-04,Promotional,0.051,6.45
REB0001471,T0001471,IL0001471,C00156,P0051,RP007,2025-04-05,Volume,0.0337,37.4
REB0001472,T0001472,IL0001472,C00043,P0054,RP008,2026-04-27,Growth,0.0027,1.18
REB0001473,T0001473,IL0001473,C00444,P0118,RP009,2025-05-01,Promotional,0.0424,89.64
REB0001474,T0001474,IL0001474,C00067,P0047,RP010,2025-04-18,Volume,0.0189,8.86
REB0001475,T0001475,IL0001475,C00102,P0055,RP011,2025-09-12,Growth,0.0295,30.75
REB0001476,T0001476,IL0001476,C00398,P0134,RP012,2025-11-05,Promotional,0.0156,10.98
REB0001477,T0001477,IL0001477,C00473,P0087,RP001,2025-05-24,Volume,0.0158,36.69
REB0001478,T0001478,IL0001478,C00434,P0094,RP002,2026-12-19,Growth,0.036,68.86
REB0001479,T0001479,IL0001479,C00177,P0033,RP003,2026-09-03,Promotional,0.025,60.9
REB0001480,T0001480,IL0001480,C00168,P0139,RP004,2026-07-17,Volume,0.0015,1.19
REB0001481,T0001481,IL0001481,C00073,P0124,RP005,2025-01-27,Growth,0.0307,13.65
REB0001482,T0001482,IL0001482,C00369,P0022,RP006,2026-03-30,Promotional,0.007,15.23
REB0001483,T0001483,IL0001483,C00164,P0067,RP007,2025-12-17,Volume,0.014,0.27
REB0001484,T0001484,IL0001484,C00490,P0128,RP008,2026-02-20,Growth,0.0036,3.88
REB0001485,T0001485,IL0001485,C00146,P0109,RP009,2026-01-16,Promotional,0.0446,19.49
REB0001486,T0001486,IL0001486,C00394,P0031,RP010,2025-03-02,Volume,0.0435,3.22
REB0001487,T0001487,IL0001487,C00251,P0042,RP011,2025-04-03,Growth,0.04,12.53
REB0001488,T0001488,IL0001488,C00499,P0088,RP012,2025-04-21,Promotional,0.0056,2.17
REB0001489,T0001489,IL0001489,C00417,P0074,RP001,2025-02-18,Volume,0.022,65.85
REB0001490,T0001490,IL0001490,C00094,P0090,RP002,2026-03-22,Growth,0.0328,71.04
REB0001491,T0001491,IL0001491,C00102,P0052,RP003,2025-12-08,Promotional,0.0507,25.29
REB0001492,T0001492,IL0001492,C00041,P0091,RP004,2025-06-02,Volume,0.0261,5.82
REB0001493,T0001493,IL0001493,C00052,P0080,RP005,2026-03-12,Growth,0.0324,4.34
REB0001494,T0001494,IL0001494,C00384,P0068,RP006,2025-01-21,Promotional,0.0393,31.64
REB0001495,T0001495,IL0001495,C00294,P0001,RP007,2025-10-04,Volume,0.0095,9.66
REB0001496,T0001496,IL0001496,C00153,P0128,RP008,2026-08-27,Growth,0.0109,33.71
REB0001497,T0001497,IL0001497,C00309,P0143,RP009,2026-01-27,Promotional,0.0119,3.33
REB0001498,T0001498,IL0001498,C00128,P0060,RP010,2025-09-30,Volume,0.0283,25.57
REB0001499,T0001499,IL0001499,C00313,P0115,RP011,2025-04-27,Growth,0.0237,7.24
REB0001500,T0001500,IL0001500,C00027,P0132,RP012,2026-04-24,Promotional,0.0463,125.77
REB0001501,T0001501,IL0001501,C00322,P0067,RP001,2026-11-08,Volume,0.0376,114.52
REB0001502,T0001502,IL0001502,C00230,P0038,RP002,2026-08-22,Growth,0.0296,14.91
REB0001503,T0001503,IL0001503,C00016,P0019,RP003,2026-06-05,Promotional,0.0417,88.5
REB0001504,T0001504,IL0001504,C00378,P0060,RP004,2026-06-10,Volume,0.0297,75.0
REB0001505,T0001505,IL0001505,C00243,P0082,RP005,2026-03-05,Growth,0.031,14.9
REB0001506,T0001506,IL0001506,C00044,P0041,RP006,2026-11-16,Promotional,0.033,67.5
REB0001507,T0001507,IL0001507,C00297,P0123,RP007,2026-02-06,Volume,0.0142,2.34
REB0001508,T0001508,IL0001508,C00219,P0012,RP008,2025-12-30,Growth,0.0492,106.19
REB0001509,T0001509,IL0001509,C00182,P0028,RP009,2026-01-22,Promotional,0.0219,60.66
REB0001510,T0001510,IL0001510,C00360,P0073,RP010,2026-03-08,Volume,0.0337,31.62
REB0001511,T0001511,IL0001511,C00228,P0003,RP011,2025-03-08,Growth,0.0513,64.35
REB0001512,T0001512,IL0001512,C00278,P0140,RP012,2025-10-09,Promotional,0.0125,0.19
REB0001513,T0001513,IL0001513,C00022,P0112,RP001,2026-09-21,Volume,0.029,19.31
REB0001514,T0001514,IL0001514,C00046,P0077,RP002,2025-03-06,Growth,0.0547,69.89
REB0001515,T0001515,IL0001515,C00418,P0042,RP003,2026-10-18,Promotional,0.0492,19.44
REB0001516,T0001516,IL0001516,C00165,P0143,RP004,2025-09-18,Volume,0.0501,12.7
REB0001517,T0001517,IL0001517,C00075,P0068,RP005,2026-05-23,Growth,0.0383,10.62
REB0001518,T0001518,IL0001518,C00241,P0124,RP006,2025-03-06,Promotional,0.0414,22.89
REB0001519,T0001519,IL0001519,C00444,P0103,RP007,2025-01-03,Volume,0.0228,14.72
REB0001520,T0001520,IL0001520,C00319,P0048,RP008,2025-12-01,Growth,0.0296,62.65
REB0001521,T0001521,IL0001521,C00357,P0141,RP009,2026-02-10,Promotional,0.0491,84.74
REB0001522,T0001522,IL0001522,C00412,P0013,RP010,2025-11-18,Volume,0.0032,1.55
REB0001523,T0001523,IL0001523,C00476,P0098,RP011,2026-12-15,Growth,0.04,14.09
REB0001524,T0001524,IL0001524,C00414,P0102,RP012,2026-07-23,Promotional,0.0069,6.15
REB0001525,T0001525,IL0001525,C00195,P0125,RP001,2025-02-27,Volume,0.0443,1.2
REB0001526,T0001526,IL0001526,C00151,P0097,RP002,2025-02-18,Growth,0.0239,31.1
REB0001527,T0001527,IL0001527,C00083,P0004,RP003,2025-09-26,Promotional,0.0187,16.03
REB0001528,T0001528,IL0001528,C00394,P0082,RP004,2025-11-12,Volume,0.0072,6.57
REB0001529,T0001529,IL0001529,C00402,P0034,RP005,2026-01-26,Growth,0.0348,32.53
REB0001530,T0001530,IL0001530,C00356,P0109,RP006,2025-01-10,Promotional,0.0419,8.15
REB0001531,T0001531,IL0001531,C00243,P0080,RP007,2026-11-04,Volume,0.0057,3.61
REB0001532,T0001532,IL0001532,C00467,P0129,RP008,2026-01-17,Growth,0.0003,0.86
REB0001533,T0001533,IL0001533,C00265,P0102,RP009,2026-08-26,Promotional,0.0095,27.48
REB0001534,T0001534,IL0001534,C00477,P0070,RP010,2025-01-14,Volume,0.009,7.32
REB0001535,T0001535,IL0001535,C00028,P0053,RP011,2025-06-18,Growth,0.0125,5.2
REB0001536,T0001536,IL0001536,C00025,P0119,RP012,2026-06-30,Promotional,0.0146,29.42
REB0001537,T0001537,IL0001537,C00356,P0060,RP001,2026-07-25,Volume,0.0523,88.96
REB0001538,T0001538,IL0001538,C00335,P0095,RP002,2025-11-09,Growth,0.0484,50.68
REB0001539,T0001539,IL0001539,C00147,P0138,RP003,2026-04-04,Promotional,0.0047,9.49
REB0001540,T0001540,IL0001540,C00341,P0076,RP004,2025-09-06,Volume,0.0296,18.99
REB0001541,T0001541,IL0001541,C00366,P0004,RP005,2025-12-29,Growth,0.0529,16.45
REB0001542,T0001542,IL0001542,C00017,P0099,RP006,2025-07-19,Promotional,0.0147,7.38
REB0001543,T0001543,IL0001543,C00007,P0010,RP007,2025-11-09,Volume,0.0278,10.78
REB0001544,T0001544,IL0001544,C00143,P0066,RP008,2025-06-26,Growth,0.0116,7.58
REB0001545,T0001545,IL0001545,C00318,P0056,RP009,2026-09-10,Promotional,0.0501,26.63
REB0001546,T0001546,IL0001546,C00076,P0138,RP010,2025-05-07,Volume,0.0212,34.12
REB0001547,T0001547,IL0001547,C00264,P0040,RP011,2026-06-25,Growth,0.0387,5.17
REB0001548,T0001548,IL0001548,C00071,P0065,RP012,2026-11-29,Promotional,0.0329,4.43
REB0001549,T0001549,IL0001549,C00068,P0053,RP001,2025-10-02,Volume,0.0312,26.03
REB0001550,T0001550,IL0001550,C00282,P0128,RP002,2026-11-07,Growth,0.0116,24.74
REB0001551,T0001551,IL0001551,C00296,P0143,RP003,2026-12-30,Promotional,0.0102,2.05
REB0001552,T0001552,IL0001552,C00198,P0119,RP004,2026-06-19,Volume,0.0347,13.28
REB0001553,T0001553,IL0001553,C00367,P0099,RP005,2026-05-08,Growth,0.0211,1.11
REB0001554,T0001554,IL0001554,C00149,P0082,RP006,2026-07-21,Promotional,0.0152,4.91
REB0001555,T0001555,IL0001555,C00100,P0081,RP007,2025-05-22,Volume,0.0435,91.66
REB0001556,T0001556,IL0001556,C00235,P0104,RP008,2025-01-18,Growth,0.0524,1.04
REB0001557,T0001557,IL0001557,C00463,P0012,RP009,2025-01-21,Promotional,0.0051,12.59
REB0001558,T0001558,IL0001558,C00445,P0023,RP010,2025-11-03,Volume,0.0178,23.57
REB0001559,T0001559,IL0001559,C00396,P0121,RP011,2025-10-03,Growth,0.0107,21.07
REB0001560,T0001560,IL0001560,C00274,P0146,RP012,2026-01-22,Promotional,0.029,14.75
REB0001561,T0001561,IL0001561,C00290,P0031,RP001,2026-10-13,Volume,0.0338,104.77
REB0001562,T0001562,IL0001562,C00186,P0117,RP002,2025-07-04,Growth,0.013,21.34
REB0001563,T0001563,IL0001563,C00392,P0092,RP003,2026-12-20,Promotional,0.0008,1.5
REB0001564,T0001564,IL0001564,C00189,P0036,RP004,2026-08-09,Volume,0.0065,7.07
REB0001565,T0001565,IL0001565,C00250,P0076,RP005,2025-05-22,Growth,0.0459,40.5
REB0001566,T0001566,IL0001566,C00207,P0036,RP006,2026-08-30,Promotional,0.0184,6.66
REB0001567,T0001567,IL0001567,C00370,P0094,RP007,2025-09-28,Volume,0.0205,2.65
REB0001568,T0001568,IL0001568,C00065,P0001,RP008,2026-06-02,Growth,0.0,0.0
REB0001569,T0001569,IL0001569,C00205,P0057,RP009,2026-10-10,Promotional,0.0455,35.33
REB0001570,T0001570,IL0001570,C00084,P0144,RP010,2026-05-31,Volume,0.0032,5.58
REB0001571,T0001571,IL0001571,C00094,P0042,RP011,2026-06-14,Growth,0.0214,16.48
REB0001572,T0001572,IL0001572,C00004,P0124,RP012,2026-01-18,Promotional,0.0414,12.27
REB0001573,T0001573,IL0001573,C00313,P0046,RP001,2025-01-02,Volume,0.0235,15.33
REB0001574,T0001574,IL0001574,C00028,P0146,RP002,2026-03-28,Growth,0.0326,4.05
REB0001575,T0001575,IL0001575,C00425,P0023,RP003,2026-12-19,Promotional,0.0161,43.48
REB0001576,T0001576,IL0001576,C00212,P0143,RP004,2026-04-25,Volume,0.0141,15.7
REB0001577,T0001577,IL0001577,C00492,P0132,RP005,2025-04-01,Growth,0.0117,8.28
REB0001578,T0001578,IL0001578,C00024,P0040,RP006,2025-12-07,Promotional,0.0038,8.55
REB0001579,T0001579,IL0001579,C00225,P0066,RP007,2026-01-04,Volume,0.0033,1.82
REB0001580,T0001580,IL0001580,C00230,P0050,RP008,2026-03-16,Growth,0.0165,14.26
REB0001581,T0001581,IL0001581,C00163,P0059,RP009,2025-07-01,Promotional,0.0184,14.39
REB0001582,T0001582,IL0001582,C00202,P0093,RP010,2025-02-21,Volume,0.0113,8.85
REB0001583,T0001583,IL0001583,C00480,P0086,RP011,2026-07-08,Growth,0.0015,0.1
REB0001584,T0001584,IL0001584,C00052,P0119,RP012,2025-03-27,Promotional,0.0181,6.29
REB0001585,T0001585,IL0001585,C00352,P0046,RP001,2025-02-25,Volume,0.0173,1.27
REB0001586,T0001586,IL0001586,C00091,P0001,RP002,2026-11-30,Growth,0.0495,9.44
REB0001587,T0001587,IL0001587,C00389,P0013,RP003,2026-03-04,Promotional,0.0101,3.19
REB0001588,T0001588,IL0001588,C00302,P0067,RP004,2026-12-04,Volume,0.0271,5.07
REB0001589,T0001589,IL0001589,C00305,P0141,RP005,2026-04-20,Growth,0.0015,2.35
REB0001590,T0001590,IL0001590,C00202,P0074,RP006,2025-01-10,Promotional,0.038,47.51
REB0001591,T0001591,IL0001591,C00450,P0055,RP007,2025-02-02,Volume,0.0035,0.56
REB0001592,T0001592,IL0001592,C00335,P0087,RP008,2025-08-15,Growth,0.0134,13.45
REB0001593,T0001593,IL0001593,C00199,P0019,RP009,2026-01-06,Promotional,0.0007,0.12
REB0001594,T0001594,IL0001594,C00031,P0019,RP010,2026-07-15,Volume,0.0383,64.26
REB0001595,T0001595,IL0001595,C00065,P0056,RP011,2026-11-28,Growth,0.0543,156.14
REB0001596,T0001596,IL0001596,C00194,P0041,RP012,2026-04-15,Promotional,0.0006,0.08
REB0001597,T0001597,IL0001597,C00461,P0101,RP001,2025-05-14,Volume,0.0034,0.93
REB0001598,T0001598,IL0001598,C00113,P0057,RP002,2025-06-03,Growth,0.0018,2.98
REB0001599,T0001599,IL0001599,C00024,P0092,RP003,2026-11-25,Promotional,0.0228,0.9
REB0001600,T0001600,IL0001600,C00046,P0099,RP004,2025-04-30,Volume,0.0155,10.92
REB0001601,T0001601,IL0001601,C00172,P0145,RP005,2026-04-13,Growth,0.0048,7.5
REB0001602,T0001602,IL0001602,C00203,P0012,RP006,2025-06-21,Promotional,0.0005,0.3
REB0001603,T0001603,IL0001603,C00040,P0066,RP007,2025-07-11,Volume,0.0499,122.2
REB0001604,T0001604,IL0001604,C00366,P0141,RP008,2025-08-20,Growth,0.0356,9.26
REB0001605,T0001605,IL0001605,C00403,P0032,RP009,2026-06-22,Promotional,0.0311,96.01
REB0001606,T0001606,IL0001606,C00275,P0096,RP010,2025-08-05,Volume,0.0313,58.66
REB0001607,T0001607,IL0001607,C00049,P0098,RP011,2026-12-09,Growth,0.0187,5.96
REB0001608,T0001608,IL0001608,C00440,P0056,RP012,2026-09-11,Promotional,0.05,157.93
REB0001609,T0001609,IL0001609,C00493,P0080,RP001,2025-12-06,Volume,0.0262,15.33
REB0001610,T0001610,IL0001610,C00275,P0033,RP002,2025-10-29,Growth,0.0153,8.53
REB0001611,T0001611,IL0001611,C00474,P0135,RP003,2025-05-15,Promotional,0.0331,6.27
REB0001612,T0001612,IL0001612,C00377,P0004,RP004,2026-10-05,Volume,0.0393,6.11
REB0001613,T0001613,IL0001613,C00255,P0092,RP005,2026-03-26,Growth,0.0427,7.84
REB0001614,T0001614,IL0001614,C00209,P0065,RP006,2025-02-18,Promotional,0.0393,3.05
REB0001615,T0001615,IL0001615,C00183,P0102,RP007,2026-04-16,Volume,0.0376,14.04
REB0001616,T0001616,IL0001616,C00453,P0019,RP008,2026-12-01,Growth,0.0088,6.47
REB0001617,T0001617,IL0001617,C00135,P0064,RP009,2025-01-30,Promotional,0.0312,6.44
REB0001618,T0001618,IL0001618,C00008,P0129,RP010,2026-05-14,Volume,0.023,22.09
REB0001619,T0001619,IL0001619,C00197,P0060,RP011,2025-02-11,Growth,0.0199,2.6
REB0001620,T0001620,IL0001620,C00154,P0010,RP012,2025-09-18,Promotional,0.0424,46.35
REB0001621,T0001621,IL0001621,C00332,P0097,RP001,2025-11-06,Volume,0.0239,15.39
REB0001622,T0001622,IL0001622,C00111,P0106,RP002,2025-09-19,Growth,0.037,71.1
REB0001623,T0001623,IL0001623,C00274,P0127,RP003,2025-02-10,Promotional,0.0132,5.98
REB0001624,T0001624,IL0001624,C00293,P0098,RP004,2026-09-08,Volume,0.0074,2.43
REB0001625,T0001625,IL0001625,C00456,P0094,RP005,2025-07-11,Growth,0.0111,13.45
REB0001626,T0001626,IL0001626,C00362,P0094,RP006,2025-03-22,Promotional,0.0203,26.51
REB0001627,T0001627,IL0001627,C00346,P0069,RP007,2026-08-01,Volume,0.0396,62.77
REB0001628,T0001628,IL0001628,C00172,P0052,RP008,2026-10-13,Growth,0.0149,10.04
REB0001629,T0001629,IL0001629,C00493,P0017,RP009,2026-01-27,Promotional,0.0157,17.84
REB0001630,T0001630,IL0001630,C00474,P0079,RP010,2025-12-07,Volume,0.0078,3.49
REB0001631,T0001631,IL0001631,C00433,P0115,RP011,2025-11-06,Growth,0.054,31.97
REB0001632,T0001632,IL0001632,C00137,P0047,RP012,2025-05-02,Promotional,0.0525,36.43
REB0001633,T0001633,IL0001633,C00482,P0107,RP001,2025-06-11,Volume,0.0445,62.83
REB0001634,T0001634,IL0001634,C00116,P0027,RP002,2026-04-14,Growth,0.0517,5.9
REB0001635,T0001635,IL0001635,C00041,P0095,RP003,2025-05-04,Promotional,0.0086,3.39
REB0001636,T0001636,IL0001636,C00222,P0130,RP004,2025-06-30,Volume,0.0274,13.23
REB0001637,T0001637,IL0001637,C00479,P0007,RP005,2026-10-26,Growth,0.0122,24.03
REB0001638,T0001638,IL0001638,C00350,P0083,RP006,2026-02-14,Promotional,0.0034,0.94
REB0001639,T0001639,IL0001639,C00418,P0040,RP007,2026-01-01,Volume,0.0357,13.77
REB0001640,T0001640,IL0001640,C00248,P0046,RP008,2025-06-05,Growth,0.052,7.53
REB0001641,T0001641,IL0001641,C00355,P0032,RP009,2026-08-11,Promotional,0.0546,71.8
REB0001642,T0001642,IL0001642,C00178,P0090,RP010,2026-09-30,Volume,0.033,79.67
REB0001643,T0001643,IL0001643,C00177,P0033,RP011,2025-09-10,Growth,0.05,87.35
REB0001644,T0001644,IL0001644,C00117,P0049,RP012,2026-03-30,Promotional,0.0382,2.57
REB0001645,T0001645,IL0001645,C00067,P0059,RP001,2025-08-19,Volume,0.0219,7.97
REB0001646,T0001646,IL0001646,C00096,P0100,RP002,2026-06-08,Growth,0.0087,20.47
REB0001647,T0001647,IL0001647,C00064,P0040,RP003,2026-05-19,Promotional,0.0305,7.34
REB0001648,T0001648,IL0001648,C00362,P0023,RP004,2025-07-07,Volume,0.0142,33.81
REB0001649,T0001649,IL0001649,C00068,P0038,RP005,2025-09-26,Growth,0.0089,11.27
REB0001650,T0001650,IL0001650,C00150,P0065,RP006,2026-09-15,Promotional,0.0085,10.21
REB0001651,T0001651,IL0001651,C00092,P0091,RP007,2025-07-08,Volume,0.0546,8.23
REB0001652,T0001652,IL0001652,C00427,P0123,RP008,2025-09-06,Growth,0.0218,7.85
REB0001653,T0001653,IL0001653,C00249,P0081,RP009,2025-01-07,Promotional,0.0178,55.84
REB0001654,T0001654,IL0001654,C00090,P0103,RP010,2026-01-30,Volume,0.0456,108.9
REB0001655,T0001655,IL0001655,C00405,P0122,RP011,2025-10-11,Growth,0.0515,39.81
REB0001656,T0001656,IL0001656,C00037,P0020,RP012,2025-10-02,Promotional,0.0369,27.78
REB0001657,T0001657,IL0001657,C00165,P0116,RP001,2026-08-29,Volume,0.0,0.03
REB0001658,T0001658,IL0001658,C00342,P0004,RP002,2025-06-12,Growth,0.0169,7.58
REB0001659,T0001659,IL0001659,C00464,P0104,RP003,2026-03-17,Promotional,0.0525,97.69
REB0001660,T0001660,IL0001660,C00119,P0021,RP004,2026-05-11,Volume,0.0015,0.32
REB0001661,T0001661,IL0001661,C00319,P0122,RP005,2026-07-02,Growth,0.0517,50.46
REB0001662,T0001662,IL0001662,C00104,P0030,RP006,2025-11-13,Promotional,0.0017,0.62
REB0001663,T0001663,IL0001663,C00094,P0060,RP007,2025-12-09,Volume,0.0463,4.28
REB0001664,T0001664,IL0001664,C00289,P0117,RP008,2025-10-17,Growth,0.0532,10.48
REB0001665,T0001665,IL0001665,C00255,P0103,RP009,2026-03-22,Promotional,0.0518,84.16
REB0001666,T0001666,IL0001666,C00354,P0009,RP010,2026-03-13,Volume,0.0384,7.08
REB0001667,T0001667,IL0001667,C00290,P0110,RP011,2025-10-06,Growth,0.0349,37.56
REB0001668,T0001668,IL0001668,C00165,P0053,RP012,2025-08-17,Promotional,0.0192,26.11
REB0001669,T0001669,IL0001669,C00219,P0077,RP001,2025-07-31,Volume,0.0341,14.27
REB0001670,T0001670,IL0001670,C00179,P0073,RP002,2026-02-07,Growth,0.0481,36.46
REB0001671,T0001671,IL0001671,C00132,P0019,RP003,2026-12-28,Promotional,0.0414,13.21
REB0001672,T0001672,IL0001672,C00297,P0116,RP004,2025-10-10,Volume,0.0009,0.77
REB0001673,T0001673,IL0001673,C00075,P0058,RP005,2025-06-25,Growth,0.0398,41.15
REB0001674,T0001674,IL0001674,C00395,P0134,RP006,2026-10-20,Promotional,0.0549,13.77
REB0001675,T0001675,IL0001675,C00059,P0123,RP007,2025-06-27,Volume,0.0106,11.05
REB0001676,T0001676,IL0001676,C00410,P0150,RP008,2026-04-29,Growth,0.0312,2.33
REB0001677,T0001677,IL0001677,C00115,P0146,RP009,2026-09-18,Promotional,0.0076,0.28
REB0001678,T0001678,IL0001678,C00443,P0092,RP010,2026-02-07,Volume,0.0462,25.8
REB0001679,T0001679,IL0001679,C00473,P0147,RP011,2025-03-22,Growth,0.0164,20.26
REB0001680,T0001680,IL0001680,C00038,P0058,RP012,2025-03-28,Promotional,0.0101,13.44
REB0001681,T0001681,IL0001681,C00018,P0064,RP001,2025-05-19,Volume,0.0361,32.57
REB0001682,T0001682,IL0001682,C00213,P0130,RP002,2026-08-17,Growth,0.0544,145.59
REB0001683,T0001683,IL0001683,C00441,P0072,RP003,2026-08-06,Promotional,0.0364,2.4
REB0001684,T0001684,IL0001684,C00097,P0010,RP004,2025-09-27,Volume,0.0437,46.09
REB0001685,T0001685,IL0001685,C00313,P0072,RP005,2026-07-27,Growth,0.048,42.09
REB0001686,T0001686,IL0001686,C00079,P0060,RP006,2026-06-17,Promotional,0.0059,0.38
REB0001687,T0001687,IL0001687,C00130,P0105,RP007,2025-07-22,Volume,0.0235,7.75
REB0001688,T0001688,IL0001688,C00073,P0123,RP008,2026-03-14,Growth,0.0031,4.91
REB0001689,T0001689,IL0001689,C00467,P0060,RP009,2025-06-27,Promotional,0.0016,4.1
REB0001690,T0001690,IL0001690,C00066,P0139,RP010,2025-02-17,Volume,0.0408,13.99
REB0001691,T0001691,IL0001691,C00491,P0042,RP011,2025-06-16,Growth,0.0483,9.39
REB0001692,T0001692,IL0001692,C00237,P0027,RP012,2026-07-14,Promotional,0.0433,45.96
REB0001693,T0001693,IL0001693,C00198,P0093,RP001,2025-02-21,Volume,0.0373,28.56
REB0001694,T0001694,IL0001694,C00093,P0040,RP002,2025-03-07,Growth,0.0212,4.53
REB0001695,T0001695,IL0001695,C00372,P0038,RP003,2026-06-04,Promotional,0.0517,43.89
REB0001696,T0001696,IL0001696,C00062,P0136,RP004,2025-02-18,Volume,0.0304,9.42
REB0001697,T0001697,IL0001697,C00233,P0013,RP005,2025-03-17,Growth,0.0329,40.52
REB0001698,T0001698,IL0001698,C00356,P0091,RP006,2025-09-15,Promotional,0.0056,7.95
REB0001699,T0001699,IL0001699,C00128,P0057,RP007,2025-09-18,Volume,0.0082,5.15
REB0001700,T0001700,IL0001700,C00416,P0067,RP008,2026-12-03,Growth,0.0405,78.62
REB0001701,T0001701,IL0001701,C00151,P0078,RP009,2025-10-24,Promotional,0.033,1.54
REB0001702,T0001702,IL0001702,C00006,P0096,RP010,2025-06-20,Volume,0.0421,73.41
REB0001703,T0001703,IL0001703,C00320,P0047,RP011,2025-09-21,Growth,0.0329,54.48
REB0001704,T0001704,IL0001704,C00243,P0082,RP012,2026-05-25,Promotional,0.0044,3.9
REB0001705,T0001705,IL0001705,C00069,P0008,RP001,2026-09-12,Volume,0.0064,16.1
REB0001706,T0001706,IL0001706,C00112,P0011,RP002,2026-02-25,Growth,0.0128,8.64
REB0001707,T0001707,IL0001707,C00210,P0045,RP003,2026-10-24,Promotional,0.0207,24.99
REB0001708,T0001708,IL0001708,C00343,P0142,RP004,2026-10-24,Volume,0.0296,4.31
REB0001709,T0001709,IL0001709,C00361,P0041,RP005,2025-08-18,Growth,0.0095,1.12
REB0001710,T0001710,IL0001710,C00365,P0096,RP006,2025-04-26,Promotional,0.0545,44.21
REB0001711,T0001711,IL0001711,C00272,P0084,RP007,2025-04-23,Volume,0.0413,76.52
REB0001712,T0001712,IL0001712,C00091,P0146,RP008,2026-02-02,Growth,0.0173,24.16
REB0001713,T0001713,IL0001713,C00145,P0103,RP009,2026-02-16,Promotional,0.0362,16.23
REB0001714,T0001714,IL0001714,C00092,P0020,RP010,2025-05-29,Volume,0.009,0.78
REB0001715,T0001715,IL0001715,C00376,P0125,RP011,2025-10-16,Growth,0.0259,68.15
REB0001716,T0001716,IL0001716,C00313,P0072,RP012,2026-08-26,Promotional,0.0061,2.9
REB0001717,T0001717,IL0001717,C00210,P0006,RP001,2026-03-09,Volume,0.0082,0.04
REB0001718,T0001718,IL0001718,C00002,P0083,RP002,2025-04-09,Growth,0.0494,78.51
REB0001719,T0001719,IL0001719,C00083,P0107,RP003,2026-12-07,Promotional,0.0033,2.29
REB0001720,T0001720,IL0001720,C00388,P0112,RP004,2026-04-14,Volume,0.0485,15.06
REB0001721,T0001721,IL0001721,C00110,P0124,RP005,2025-07-28,Growth,0.053,14.59
REB0001722,T0001722,IL0001722,C00204,P0117,RP006,2025-07-01,Promotional,0.0,0.03
REB0001723,T0001723,IL0001723,C00103,P0058,RP007,2025-06-10,Volume,0.0534,7.65
REB0001724,T0001724,IL0001724,C00271,P0123,RP008,2025-03-06,Growth,0.0052,0.33
REB0001725,T0001725,IL0001725,C00086,P0002,RP009,2026-08-19,Promotional,0.0424,20.51
REB0001726,T0001726,IL0001726,C00060,P0118,RP010,2026-02-24,Volume,0.0293,7.76
REB0001727,T0001727,IL0001727,C00092,P0005,RP011,2026-05-25,Growth,0.0294,28.21
REB0001728,T0001728,IL0001728,C00071,P0083,RP012,2025-04-07,Promotional,0.0524,22.48
REB0001729,T0001729,IL0001729,C00322,P0003,RP001,2026-03-22,Volume,0.0245,38.66
REB0001730,T0001730,IL0001730,C00303,P0078,RP002,2026-03-10,Growth,0.0002,0.33
REB0001731,T0001731,IL0001731,C00131,P0144,RP003,2026-05-25,Promotional,0.0106,11.78
REB0001732,T0001732,IL0001732,C00237,P0063,RP004,2026-02-25,Volume,0.0403,59.84
REB0001733,T0001733,IL0001733,C00398,P0150,RP005,2025-10-27,Growth,0.0092,0.55
REB0001734,T0001734,IL0001734,C00495,P0044,RP006,2025-12-01,Promotional,0.0219,1.0
REB0001735,T0001735,IL0001735,C00092,P0070,RP007,2026-07-12,Volume,0.0306,18.34
REB0001736,T0001736,IL0001736,C00169,P0124,RP008,2025-02-12,Growth,0.0144,26.57
REB0001737,T0001737,IL0001737,C00444,P0061,RP009,2026-03-02,Promotional,0.0007,0.58
REB0001738,T0001738,IL0001738,C00390,P0104,RP010,2026-02-04,Volume,0.0197,27.6
REB0001739,T0001739,IL0001739,C00423,P0113,RP011,2025-07-16,Growth,0.0264,21.54
REB0001740,T0001740,IL0001740,C00083,P0107,RP012,2026-04-29,Promotional,0.0489,1.72
REB0001741,T0001741,IL0001741,C00487,P0065,RP001,2025-11-07,Volume,0.0232,2.8
REB0001742,T0001742,IL0001742,C00155,P0010,RP002,2025-06-18,Growth,0.0189,12.96
REB0001743,T0001743,IL0001743,C00394,P0046,RP003,2026-03-12,Promotional,0.0513,10.0
REB0001744,T0001744,IL0001744,C00256,P0079,RP004,2025-09-22,Volume,0.0205,16.35
REB0001745,T0001745,IL0001745,C00274,P0058,RP005,2025-08-26,Growth,0.0184,0.6
REB0001746,T0001746,IL0001746,C00029,P0001,RP006,2026-09-03,Promotional,0.0478,20.34
REB0001747,T0001747,IL0001747,C00074,P0119,RP007,2026-10-18,Volume,0.0402,17.53
REB0001748,T0001748,IL0001748,C00284,P0084,RP008,2025-11-25,Growth,0.0191,12.6
REB0001749,T0001749,IL0001749,C00168,P0126,RP009,2026-05-30,Promotional,0.0291,7.3
REB0001750,T0001750,IL0001750,C00230,P0117,RP010,2025-09-22,Volume,0.0196,15.84
REB0001751,T0001751,IL0001751,C00058,P0119,RP011,2025-10-30,Growth,0.0253,32.31
REB0001752,T0001752,IL0001752,C00171,P0060,RP012,2025-02-07,Promotional,0.012,20.3
REB0001753,T0001753,IL0001753,C00423,P0134,RP001,2025-09-03,Volume,0.0294,14.88
REB0001754,T0001754,IL0001754,C00246,P0140,RP002,2025-06-28,Growth,0.0173,1.47
REB0001755,T0001755,IL0001755,C00210,P0084,RP003,2025-11-10,Promotional,0.0281,40.7
REB0001756,T0001756,IL0001756,C00352,P0123,RP004,2026-03-12,Volume,0.0263,14.85
REB0001757,T0001757,IL0001757,C00302,P0017,RP005,2026-02-12,Growth,0.0316,10.99
REB0001758,T0001758,IL0001758,C00027,P0148,RP006,2025-12-16,Promotional,0.0305,4.25
REB0001759,T0001759,IL0001759,C00427,P0088,RP007,2025-08-28,Volume,0.0287,12.07
REB0001760,T0001760,IL0001760,C00377,P0132,RP008,2025-10-11,Growth,0.0338,38.39
REB0001761,T0001761,IL0001761,C00422,P0126,RP009,2026-01-15,Promotional,0.0408,53.43
REB0001762,T0001762,IL0001762,C00382,P0150,RP010,2026-03-28,Volume,0.0461,92.74
REB0001763,T0001763,IL0001763,C00312,P0116,RP011,2026-10-17,Growth,0.0165,3.44
REB0001764,T0001764,IL0001764,C00407,P0053,RP012,2025-09-30,Promotional,0.054,122.51
REB0001765,T0001765,IL0001765,C00108,P0136,RP001,2025-01-31,Volume,0.0045,6.99
REB0001766,T0001766,IL0001766,C00041,P0071,RP002,2026-07-06,Growth,0.034,8.5
REB0001767,T0001767,IL0001767,C00434,P0043,RP003,2026-10-08,Promotional,0.0308,40.57
REB0001768,T0001768,IL0001768,C00046,P0081,RP004,2026-01-18,Volume,0.0412,100.08
REB0001769,T0001769,IL0001769,C00203,P0006,RP005,2026-11-21,Growth,0.0137,6.08
REB0001770,T0001770,IL0001770,C00158,P0035,RP006,2026-05-01,Promotional,0.0033,1.19
REB0001771,T0001771,IL0001771,C00368,P0032,RP007,2026-05-30,Volume,0.0393,24.47
REB0001772,T0001772,IL0001772,C00408,P0136,RP008,2026-12-15,Growth,0.0043,2.23
REB0001773,T0001773,IL0001773,C00126,P0054,RP009,2026-08-05,Promotional,0.0184,21.44
REB0001774,T0001774,IL0001774,C00047,P0094,RP010,2026-03-17,Volume,0.0212,38.71
REB0001775,T0001775,IL0001775,C00178,P0030,RP011,2026-01-01,Growth,0.0023,1.76
REB0001776,T0001776,IL0001776,C00094,P0117,RP012,2026-05-13,Promotional,0.0208,11.36
REB0001777,T0001777,IL0001777,C00043,P0097,RP001,2026-06-18,Volume,0.0019,0.37
REB0001778,T0001778,IL0001778,C00325,P0053,RP002,2025-11-28,Growth,0.0456,126.4
REB0001779,T0001779,IL0001779,C00343,P0144,RP003,2025-07-13,Promotional,0.0077,0.05
REB0001780,T0001780,IL0001780,C00447,P0027,RP004,2026-06-06,Volume,0.0318,34.15
REB0001781,T0001781,IL0001781,C00211,P0148,RP005,2026-08-13,Growth,0.0505,65.65
REB0001782,T0001782,IL0001782,C00292,P0045,RP006,2025-01-04,Promotional,0.028,47.19
REB0001783,T0001783,IL0001783,C00058,P0061,RP007,2025-12-26,Volume,0.0068,16.41
REB0001784,T0001784,IL0001784,C00413,P0142,RP008,2026-03-12,Growth,0.0451,26.32
REB0001785,T0001785,IL0001785,C00485,P0054,RP009,2025-11-09,Promotional,0.0113,26.0
REB0001786,T0001786,IL0001786,C00114,P0060,RP010,2026-06-09,Volume,0.0138,10.86
REB0001787,T0001787,IL0001787,C00483,P0090,RP011,2025-04-26,Growth,0.0102,25.88
REB0001788,T0001788,IL0001788,C00497,P0011,RP012,2025-06-20,Promotional,0.0492,14.05
REB0001789,T0001789,IL0001789,C00069,P0002,RP001,2026-04-18,Volume,0.0379,7.88
REB0001790,T0001790,IL0001790,C00139,P0096,RP002,2025-06-13,Growth,0.0339,73.17
REB0001791,T0001791,IL0001791,C00279,P0120,RP003,2025-10-11,Promotional,0.0476,79.38
REB0001792,T0001792,IL0001792,C00254,P0077,RP004,2025-03-22,Volume,0.0355,13.17
REB0001793,T0001793,IL0001793,C00027,P0010,RP005,2026-09-29,Growth,0.0118,9.03
REB0001794,T0001794,IL0001794,C00335,P0044,RP006,2026-12-13,Promotional,0.0436,31.52
REB0001795,T0001795,IL0001795,C00293,P0093,RP007,2025-03-13,Volume,0.0256,59.38
REB0001796,T0001796,IL0001796,C00070,P0086,RP008,2025-09-07,Growth,0.0046,0.04
REB0001797,T0001797,IL0001797,C00048,P0028,RP009,2025-06-14,Promotional,0.026,68.25
REB0001798,T0001798,IL0001798,C00013,P0065,RP010,2025-05-03,Volume,0.0061,7.69
REB0001799,T0001799,IL0001799,C00428,P0002,RP011,2026-05-01,Growth,0.008,4.25
REB0001800,T0001800,IL0001800,C00095,P0093,RP012,2025-05-15,Promotional,0.0118,4.51
REB0001801,T0001801,IL0001801,C00374,P0005,RP001,2026-11-12,Volume,0.0261,14.69
REB0001802,T0001802,IL0001802,C00216,P0091,RP002,2025-07-07,Growth,0.0358,5.67
REB0001803,T0001803,IL0001803,C00069,P0070,RP003,2026-11-25,Promotional,0.0072,9.37
REB0001804,T0001804,IL0001804,C00298,P0024,RP004,2026-07-04,Volume,0.0157,22.69
REB0001805,T0001805,IL0001805,C00285,P0110,RP005,2026-05-06,Growth,0.0499,22.59
REB0001806,T0001806,IL0001806,C00262,P0060,RP006,2025-01-25,Promotional,0.0018,5.74
REB0001807,T0001807,IL0001807,C00154,P0012,RP007,2026-03-24,Volume,0.0453,64.6
REB0001808,T0001808,IL0001808,C00066,P0051,RP008,2026-10-03,Growth,0.0247,10.98
REB0001809,T0001809,IL0001809,C00495,P0136,RP009,2026-08-11,Promotional,0.0005,0.32
REB0001810,T0001810,IL0001810,C00352,P0038,RP010,2026-05-19,Volume,0.012,23.12
REB0001811,T0001811,IL0001811,C00407,P0075,RP011,2025-09-12,Growth,0.0284,21.81
REB0001812,T0001812,IL0001812,C00130,P0031,RP012,2025-05-05,Promotional,0.022,0.08
REB0001813,T0001813,IL0001813,C00351,P0127,RP001,2025-05-23,Volume,0.0425,86.88
REB0001814,T0001814,IL0001814,C00005,P0139,RP002,2026-02-02,Growth,0.047,47.83
REB0001815,T0001815,IL0001815,C00126,P0011,RP003,2026-02-02,Promotional,0.0283,4.26
REB0001816,T0001816,IL0001816,C00371,P0063,RP004,2025-04-10,Volume,0.0051,2.41
REB0001817,T0001817,IL0001817,C00257,P0037,RP005,2025-12-04,Growth,0.0443,16.5
REB0001818,T0001818,IL0001818,C00143,P0106,RP006,2025-09-02,Promotional,0.0328,3.2
REB0001819,T0001819,IL0001819,C00222,P0114,RP007,2026-02-19,Volume,0.0353,1.83
REB0001820,T0001820,IL0001820,C00353,P0130,RP008,2025-04-04,Growth,0.0422,23.68
REB0001821,T0001821,IL0001821,C00018,P0136,RP009,2025-05-25,Promotional,0.0498,131.29
REB0001822,T0001822,IL0001822,C00211,P0080,RP010,2025-07-17,Volume,0.0048,2.45
REB0001823,T0001823,IL0001823,C00283,P0085,RP011,2025-05-23,Growth,0.0097,5.4
REB0001824,T0001824,IL0001824,C00341,P0102,RP012,2025-10-21,Promotional,0.0146,0.37
REB0001825,T0001825,IL0001825,C00268,P0037,RP001,2025-09-06,Volume,0.0097,0.47
REB0001826,T0001826,IL0001826,C00219,P0018,RP002,2026-10-05,Growth,0.0292,2.9
REB0001827,T0001827,IL0001827,C00115,P0067,RP003,2025-11-29,Promotional,0.0098,16.37
REB0001828,T0001828,IL0001828,C00154,P0099,RP004,2026-10-12,Volume,0.0274,11.57
REB0001829,T0001829,IL0001829,C00252,P0039,RP005,2025-11-13,Growth,0.0549,30.05
REB0001830,T0001830,IL0001830,C00384,P0033,RP006,2025-04-14,Promotional,0.0466,22.11
REB0001831,T0001831,IL0001831,C00401,P0103,RP007,2026-12-17,Volume,0.0484,12.24
REB0001832,T0001832,IL0001832,C00439,P0070,RP008,2026-06-07,Growth,0.0318,28.0
REB0001833,T0001833,IL0001833,C00413,P0131,RP009,2025-04-22,Promotional,0.0069,12.08
REB0001834,T0001834,IL0001834,C00158,P0108,RP010,2025-02-24,Volume,0.0435,28.86
REB0001835,T0001835,IL0001835,C00084,P0092,RP011,2025-12-31,Growth,0.038,102.74
REB0001836,T0001836,IL0001836,C00052,P0127,RP012,2025-05-07,Promotional,0.0001,0.26
REB0001837,T0001837,IL0001837,C00301,P0074,RP001,2026-11-25,Volume,0.0152,36.96
REB0001838,T0001838,IL0001838,C00133,P0005,RP002,2026-02-19,Growth,0.0089,4.41
REB0001839,T0001839,IL0001839,C00043,P0048,RP003,2025-10-13,Promotional,0.0409,1.42
REB0001840,T0001840,IL0001840,C00073,P0026,RP004,2026-05-24,Volume,0.055,14.09
REB0001841,T0001841,IL0001841,C00319,P0013,RP005,2026-08-30,Growth,0.0164,7.39
REB0001842,T0001842,IL0001842,C00255,P0026,RP006,2026-12-08,Promotional,0.0412,88.05
REB0001843,T0001843,IL0001843,C00390,P0091,RP007,2025-06-09,Volume,0.0157,3.76
REB0001844,T0001844,IL0001844,C00472,P0003,RP008,2026-01-09,Growth,0.0291,3.55
REB0001845,T0001845,IL0001845,C00271,P0114,RP009,2026-07-26,Promotional,0.0033,0.08
REB0001846,T0001846,IL0001846,C00015,P0142,RP010,2026-03-13,Volume,0.0071,3.82
REB0001847,T0001847,IL0001847,C00197,P0065,RP011,2026-10-11,Growth,0.0461,105.05
REB0001848,T0001848,IL0001848,C00461,P0002,RP012,2025-04-19,Promotional,0.0201,19.73
REB0001849,T0001849,IL0001849,C00087,P0066,RP001,2025-01-16,Volume,0.053,49.88
REB0001850,T0001850,IL0001850,C00405,P0099,RP002,2025-02-08,Growth,0.0367,48.03
REB0001851,T0001851,IL0001851,C00034,P0112,RP003,2026-01-01,Promotional,0.0201,4.23
REB0001852,T0001852,IL0001852,C00029,P0030,RP004,2025-11-26,Volume,0.051,75.25
REB0001853,T0001853,IL0001853,C00268,P0067,RP005,2026-10-27,Growth,0.0341,48.95
REB0001854,T0001854,IL0001854,C00258,P0017,RP006,2025-10-27,Promotional,0.0333,0.4
REB0001855,T0001855,IL0001855,C00024,P0038,RP007,2025-08-23,Volume,0.042,83.88
REB0001856,T0001856,IL0001856,C00366,P0063,RP008,2026-02-18,Growth,0.0179,9.84
REB0001857,T0001857,IL0001857,C00216,P0067,RP009,2026-05-26,Promotional,0.0471,73.0
REB0001858,T0001858,IL0001858,C00382,P0029,RP010,2025-11-25,Volume,0.0181,45.73
REB0001859,T0001859,IL0001859,C00255,P0130,RP011,2026-07-31,Growth,0.0352,28.61
REB0001860,T0001860,IL0001860,C00376,P0099,RP012,2025-08-21,Promotional,0.0463,14.55
REB0001861,T0001861,IL0001861,C00073,P0010,RP001,2026-04-25,Volume,0.0455,8.78
REB0001862,T0001862,IL0001862,C00247,P0137,RP002,2026-10-30,Growth,0.0175,34.02
REB0001863,T0001863,IL0001863,C00152,P0019,RP003,2026-03-29,Promotional,0.0211,53.51
REB0001864,T0001864,IL0001864,C00351,P0136,RP004,2026-02-08,Volume,0.0165,13.22
REB0001865,T0001865,IL0001865,C00229,P0097,RP005,2025-01-11,Growth,0.0114,5.03
REB0001866,T0001866,IL0001866,C00244,P0107,RP006,2026-02-15,Promotional,0.0397,52.87
REB0001867,T0001867,IL0001867,C00356,P0008,RP007,2026-11-19,Volume,0.0374,105.06
REB0001868,T0001868,IL0001868,C00133,P0002,RP008,2025-08-29,Growth,0.0079,0.99
REB0001869,T0001869,IL0001869,C00306,P0116,RP009,2025-12-02,Promotional,0.0406,49.11
REB0001870,T0001870,IL0001870,C00452,P0119,RP010,2026-09-02,Volume,0.0323,24.97
REB0001871,T0001871,IL0001871,C00076,P0047,RP011,2025-09-23,Growth,0.0401,43.68
REB0001872,T0001872,IL0001872,C00076,P0124,RP012,2026-10-21,Promotional,0.0358,18.0
REB0001873,T0001873,IL0001873,C00217,P0043,RP001,2025-04-20,Volume,0.0159,5.85
REB0001874,T0001874,IL0001874,C00192,P0045,RP002,2025-02-03,Growth,0.0444,106.59
REB0001875,T0001875,IL0001875,C00407,P0141,RP003,2026-08-06,Promotional,0.0219,12.74
REB0001876,T0001876,IL0001876,C00445,P0019,RP004,2025-01-26,Volume,0.0443,108.19
REB0001877,T0001877,IL0001877,C00455,P0088,RP005,2025-02-10,Growth,0.046,3.39
REB0001878,T0001878,IL0001878,C00437,P0029,RP006,2025-08-18,Promotional,0.0133,7.54
REB0001879,T0001879,IL0001879,C00380,P0102,RP007,2025-02-03,Volume,0.0337,6.26
REB0001880,T0001880,IL0001880,C00378,P0058,RP008,2025-08-13,Growth,0.0298,58.33
REB0001881,T0001881,IL0001881,C00114,P0090,RP009,2026-02-01,Promotional,0.0069,11.92
REB0001882,T0001882,IL0001882,C00422,P0044,RP010,2025-12-06,Volume,0.0323,18.75
REB0001883,T0001883,IL0001883,C00232,P0001,RP011,2025-01-24,Growth,0.0272,41.2
REB0001884,T0001884,IL0001884,C00023,P0140,RP012,2025-06-23,Promotional,0.0025,0.95
REB0001885,T0001885,IL0001885,C00452,P0061,RP001,2025-11-03,Volume,0.0321,2.26
REB0001886,T0001886,IL0001886,C00106,P0045,RP002,2025-09-11,Growth,0.0206,6.05
REB0001887,T0001887,IL0001887,C00059,P0058,RP003,2025-03-02,Promotional,0.0124,7.76
REB0001888,T0001888,IL0001888,C00146,P0054,RP004,2026-07-28,Volume,0.0162,14.44
REB0001889,T0001889,IL0001889,C00004,P0138,RP005,2025-05-16,Growth,0.0127,15.4
REB0001890,T0001890,IL0001890,C00047,P0042,RP006,2025-10-04,Promotional,0.0172,2.99
REB0001891,T0001891,IL0001891,C00061,P0037,RP007,2025-02-27,Volume,0.0323,41.54
REB0001892,T0001892,IL0001892,C00305,P0069,RP008,2025-07-06,Growth,0.0438,37.01
REB0001893,T0001893,IL0001893,C00118,P0026,RP009,2026-12-21,Promotional,0.047,29.03
REB0001894,T0001894,IL0001894,C00323,P0103,RP010,2026-06-05,Volume,0.049,17.68
REB0001895,T0001895,IL0001895,C00003,P0147,RP011,2025-01-28,Growth,0.0173,11.25
REB0001896,T0001896,IL0001896,C00033,P0091,RP012,2025-04-19,Promotional,0.0396,30.74
REB0001897,T0001897,IL0001897,C00342,P0013,RP001,2025-09-01,Volume,0.0144,19.35
REB0001898,T0001898,IL0001898,C00441,P0034,RP002,2025-09-15,Growth,0.0345,10.55
REB0001899,T0001899,IL0001899,C00303,P0047,RP003,2025-04-23,Promotional,0.0271,38.19
REB0001900,T0001900,IL0001900,C00388,P0044,RP004,2025-08-29,Volume,0.0519,79.4
REB0001901,T0001901,IL0001901,C00492,P0111,RP005,2025-10-24,Growth,0.0431,13.91
REB0001902,T0001902,IL0001902,C00088,P0083,RP006,2026-07-09,Promotional,0.0279,14.92
REB0001903,T0001903,IL0001903,C00186,P0079,RP007,2025-06-22,Volume,0.0093,13.22
REB0001904,T0001904,IL0001904,C00274,P0047,RP008,2025-04-19,Growth,0.0095,5.0
REB0001905,T0001905,IL0001905,C00331,P0004,RP009,2025-07-04,Promotional,0.0158,12.97
REB0001906,T0001906,IL0001906,C00360,P0107,RP010,2026-09-13,Volume,0.0219,18.83
REB0001907,T0001907,IL0001907,C00493,P0149,RP011,2025-02-23,Growth,0.0356,22.15
REB0001908,T0001908,IL0001908,C00295,P0057,RP012,2025-03-28,Promotional,0.0088,15.04
REB0001909,T0001909,IL0001909,C00196,P0002,RP001,2025-08-16,Volume,0.0267,64.02
REB0001910,T0001910,IL0001910,C00384,P0108,RP002,2026-12-03,Growth,0.012,32.78
REB0001911,T0001911,IL0001911,C00167,P0059,RP003,2026-08-10,Promotional,0.0234,6.1
REB0001912,T0001912,IL0001912,C00403,P0106,RP004,2025-07-22,Volume,0.0392,2.6
REB0001913,T0001913,IL0001913,C00200,P0090,RP005,2025-04-12,Growth,0.0255,7.5
REB0001914,T0001914,IL0001914,C00458,P0009,RP006,2026-03-07,Promotional,0.0536,53.51
REB0001915,T0001915,IL0001915,C00168,P0088,RP007,2026-04-30,Volume,0.0465,81.16
REB0001916,T0001916,IL0001916,C00094,P0011,RP008,2026-12-16,Growth,0.0147,14.71
REB0001917,T0001917,IL0001917,C00400,P0086,RP009,2026-03-15,Promotional,0.0418,103.18
REB0001918,T0001918,IL0001918,C00190,P0058,RP010,2026-07-03,Volume,0.0257,9.67
REB0001919,T0001919,IL0001919,C00335,P0004,RP011,2025-03-06,Growth,0.0172,9.53
REB0001920,T0001920,IL0001920,C00121,P0083,RP012,2025-10-13,Promotional,0.0263,2.66
REB0001921,T0001921,IL0001921,C00434,P0106,RP001,2026-05-16,Volume,0.0144,6.8
REB0001922,T0001922,IL0001922,C00278,P0116,RP002,2025-03-26,Growth,0.0374,27.82
REB0001923,T0001923,IL0001923,C00189,P0077,RP003,2025-03-10,Promotional,0.0018,2.33
REB0001924,T0001924,IL0001924,C00296,P0029,RP004,2025-06-20,Volume,0.0463,49.54
REB0001925,T0001925,IL0001925,C00211,P0110,RP005,2026-01-08,Growth,0.0147,26.58
REB0001926,T0001926,IL0001926,C00248,P0113,RP006,2026-02-10,Promotional,0.0498,6.47
REB0001927,T0001927,IL0001927,C00211,P0122,RP007,2026-03-07,Volume,0.0249,32.76
REB0001928,T0001928,IL0001928,C00347,P0012,RP008,2025-12-04,Growth,0.0374,79.61
REB0001929,T0001929,IL0001929,C00388,P0124,RP009,2026-05-31,Promotional,0.0177,2.26
REB0001930,T0001930,IL0001930,C00072,P0031,RP010,2025-05-22,Volume,0.0385,4.41
REB0001931,T0001931,IL0001931,C00016,P0105,RP011,2026-03-30,Growth,0.042,12.28
REB0001932,T0001932,IL0001932,C00243,P0050,RP012,2025-01-16,Promotional,0.0044,3.45
REB0001933,T0001933,IL0001933,C00062,P0144,RP001,2026-05-18,Volume,0.0425,75.73
REB0001934,T0001934,IL0001934,C00274,P0109,RP002,2025-01-07,Growth,0.0113,3.96
REB0001935,T0001935,IL0001935,C00498,P0023,RP003,2025-08-29,Promotional,0.0011,0.71
REB0001936,T0001936,IL0001936,C00231,P0007,RP004,2026-03-05,Volume,0.0105,1.38
REB0001937,T0001937,IL0001937,C00119,P0144,RP005,2025-10-06,Growth,0.0081,9.06
REB0001938,T0001938,IL0001938,C00372,P0138,RP006,2026-04-23,Promotional,0.0349,43.05
REB0001939,T0001939,IL0001939,C00176,P0136,RP007,2025-04-27,Volume,0.0424,2.24
REB0001940,T0001940,IL0001940,C00262,P0024,RP008,2026-11-01,Growth,0.0259,0.24
REB0001941,T0001941,IL0001941,C00022,P0115,RP009,2025-11-02,Promotional,0.0353,3.95
REB0001942,T0001942,IL0001942,C00077,P0136,RP010,2026-02-16,Volume,0.0458,64.9
REB0001943,T0001943,IL0001943,C00436,P0005,RP011,2026-11-08,Growth,0.0523,25.36
REB0001944,T0001944,IL0001944,C00039,P0108,RP012,2025-04-01,Promotional,0.0327,0.6
REB0001945,T0001945,IL0001945,C00208,P0101,RP001,2026-04-29,Volume,0.0132,0.9
REB0001946,T0001946,IL0001946,C00473,P0108,RP002,2025-06-29,Growth,0.021,10.74
REB0001947,T0001947,IL0001947,C00349,P0125,RP003,2026-06-19,Promotional,0.0364,4.21
REB0001948,T0001948,IL0001948,C00111,P0105,RP004,2026-01-18,Volume,0.0123,1.03
REB0001949,T0001949,IL0001949,C00292,P0116,RP005,2025-09-30,Growth,0.0,0.0
REB0001950,T0001950,IL0001950,C00433,P0079,RP006,2025-05-17,Promotional,0.0276,22.69
REB0001951,T0001951,IL0001951,C00399,P0072,RP007,2026-01-12,Volume,0.0482,61.46
REB0001952,T0001952,IL0001952,C00232,P0128,RP008,2026-08-07,Growth,0.0084,10.45
REB0001953,T0001953,IL0001953,C00207,P0119,RP009,2026-01-26,Promotional,0.032,44.35
REB0001954,T0001954,IL0001954,C00464,P0045,RP010,2026-11-14,Volume,0.0102,3.12
REB0001955,T0001955,IL0001955,C00214,P0102,RP011,2026-01-29,Growth,0.0104,26.5
REB0001956,T0001956,IL0001956,C00337,P0040,RP012,2026-09-08,Promotional,0.0263,25.03
REB0001957,T0001957,IL0001957,C00231,P0048,RP001,2026-05-23,Volume,0.0095,1.82
REB0001958,T0001958,IL0001958,C00417,P0064,RP002,2026-09-15,Growth,0.042,20.42
REB0001959,T0001959,IL0001959,C00003,P0018,RP003,2025-01-31,Promotional,0.0512,9.9
REB0001960,T0001960,IL0001960,C00490,P0079,RP004,2025-03-10,Volume,0.012,2.37
REB0001961,T0001961,IL0001961,C00165,P0039,RP005,2026-05-23,Growth,0.0354,18.38
REB0001962,T0001962,IL0001962,C00482,P0035,RP006,2026-11-15,Promotional,0.0031,0.11
REB0001963,T0001963,IL0001963,C00478,P0125,RP007,2026-08-07,Volume,0.0144,22.96
REB0001964,T0001964,IL0001964,C00482,P0140,RP008,2026-08-06,Growth,0.0261,25.07
REB0001965,T0001965,IL0001965,C00210,P0105,RP009,2026-09-23,Promotional,0.0417,60.23
REB0001966,T0001966,IL0001966,C00435,P0002,RP010,2025-10-25,Volume,0.0391,46.56
REB0001967,T0001967,IL0001967,C00339,P0081,RP011,2026-05-09,Growth,0.0353,1.57
REB0001968,T0001968,IL0001968,C00215,P0023,RP012,2025-08-20,Promotional,0.0342,35.59
REB0001969,T0001969,IL0001969,C00265,P0124,RP001,2025-07-23,Volume,0.0446,27.6
REB0001970,T0001970,IL0001970,C00282,P0001,RP002,2025-10-21,Growth,0.0229,31.07
REB0001971,T0001971,IL0001971,C00355,P0121,RP003,2025-01-06,Promotional,0.0259,6.64
REB0001972,T0001972,IL0001972,C00046,P0124,RP004,2026-01-01,Volume,0.0193,16.83
REB0001973,T0001973,IL0001973,C00286,P0091,RP005,2025-03-17,Growth,0.0402,0.53
REB0001974,T0001974,IL0001974,C00368,P0101,RP006,2025-10-05,Promotional,0.0356,33.0
REB0001975,T0001975,IL0001975,C00126,P0004,RP007,2026-08-25,Volume,0.001,1.72
REB0001976,T0001976,IL0001976,C00077,P0046,RP008,2026-07-14,Growth,0.0423,11.52
REB0001977,T0001977,IL0001977,C00191,P0140,RP009,2026-06-11,Promotional,0.0409,67.92
REB0001978,T0001978,IL0001978,C00165,P0041,RP010,2026-02-06,Volume,0.0241,7.12
REB0001979,T0001979,IL0001979,C00370,P0107,RP011,2025-12-17,Growth,0.0165,2.27
REB0001980,T0001980,IL0001980,C00391,P0111,RP012,2025-02-24,Promotional,0.0546,8.1
REB0001981,T0001981,IL0001981,C00307,P0024,RP001,2025-05-01,Volume,0.0471,68.86
REB0001982,T0001982,IL0001982,C00276,P0071,RP002,2025-12-10,Growth,0.0133,15.63
REB0001983,T0001983,IL0001983,C00152,P0117,RP003,2025-02-03,Promotional,0.0373,2.64
REB0001984,T0001984,IL0001984,C00152,P0123,RP004,2025-10-13,Volume,0.0352,77.16
REB0001985,T0001985,IL0001985,C00382,P0019,RP005,2026-02-04,Growth,0.0482,61.82
REB0001986,T0001986,IL0001986,C00093,P0064,RP006,2026-02-22,Promotional,0.0007,1.05
REB0001987,T0001987,IL0001987,C00067,P0096,RP007,2025-01-17,Volume,0.0284,84.86
REB0001988,T0001988,IL0001988,C00022,P0102,RP008,2025-08-31,Growth,0.0402,26.8
REB0001989,T0001989,IL0001989,C00429,P0003,RP009,2025-09-30,Promotional,0.0024,4.75
REB0001990,T0001990,IL0001990,C00328,P0008,RP010,2025-08-31,Volume,0.0379,15.51
REB0001991,T0001991,IL0001991,C00357,P0094,RP011,2026-04-24,Growth,0.0023,0.94
REB0001992,T0001992,IL0001992,C00179,P0127,RP012,2026-04-20,Promotional,0.0523,30.36
REB0001993,T0001993,IL0001993,C00145,P0074,RP001,2026-09-12,Volume,0.0309,22.55
REB0001994,T0001994,IL0001994,C00272,P0055,RP002,2025-12-25,Growth,0.0477,62.2
REB0001995,T0001995,IL0001995,C00316,P0127,RP003,2026-05-21,Promotional,0.0446,59.77
REB0001996,T0001996,IL0001996,C00217,P0008,RP004,2026-07-09,Volume,0.0232,0.7
REB0001997,T0001997,IL0001997,C00188,P0130,RP005,2025-03-06,Growth,0.0037,0.09
REB0001998,T0001998,IL0001998,C00255,P0025,RP006,2026-03-10,Promotional,0.0205,5.83
REB0001999,T0001999,IL0001999,C00168,P0079,RP007,2026-08-28,Volume,0.0403,41.88
REB0002000,T0002000,IL0002000,C00481,P0120,RP008,2026-12-13,Growth,0.0404,5.05
REB0002001,T0002001,IL0002001,C00204,P0112,RP009,2026-06-29,Promotional,0.0068,9.82
REB0002002,T0002002,IL0002002,C00136,P0144,RP010,2026-05-22,Volume,0.0027,3.64
REB0002003,T0002003,IL0002003,C00434,P0122,RP011,2026-05-05,Growth,0.0055,5.49
REB0002004,T0002004,IL0002004,C00124,P0056,RP012,2026-05-16,Promotional,0.0432,26.59
REB0002005,T0002005,IL0002005,C00133,P0011,RP001,2025-10-24,Volume,0.0449,137.15
REB0002006,T0002006,IL0002006,C00441,P0048,RP002,2026-09-25,Growth,0.039,18.36
REB0002007,T0002007,IL0002007,C00024,P0035,RP003,2025-05-25,Promotional,0.0,0.0
REB0002008,T0002008,IL0002008,C00265,P0072,RP004,2025-06-29,Volume,0.0333,7.28
REB0002009,T0002009,IL0002009,C00248,P0085,RP005,2026-11-20,Growth,0.0493,9.48
REB0002010,T0002010,IL0002010,C00354,P0018,RP006,2026-08-06,Promotional,0.0458,142.83
REB0002011,T0002011,IL0002011,C00095,P0111,RP007,2025-06-08,Volume,0.0517,21.02
REB0002012,T0002012,IL0002012,C00489,P0102,RP008,2025-02-04,Growth,0.0002,0.25
REB0002013,T0002013,IL0002013,C00172,P0081,RP009,2025-02-05,Promotional,0.04,96.1
REB0002014,T0002014,IL0002014,C00068,P0127,RP010,2025-02-24,Volume,0.0417,3.89
REB0002015,T0002015,IL0002015,C00292,P0001,RP011,2026-01-16,Growth,0.0105,0.77
REB0002016,T0002016,IL0002016,C00453,P0068,RP012,2026-02-18,Promotional,0.0267,3.87
REB0002017,T0002017,IL0002017,C00358,P0147,RP001,2026-08-25,Volume,0.0329,94.39
REB0002018,T0002018,IL0002018,C00018,P0081,RP002,2026-03-14,Growth,0.0114,1.11
REB0002019,T0002019,IL0002019,C00066,P0034,RP003,2025-08-10,Promotional,0.0395,54.33
REB0002020,T0002020,IL0002020,C00039,P0027,RP004,2026-10-29,Volume,0.0002,0.23
REB0002021,T0002021,IL0002021,C00471,P0042,RP005,2026-12-17,Growth,0.0167,15.99
REB0002022,T0002022,IL0002022,C00083,P0088,RP006,2026-10-15,Promotional,0.0282,58.54
REB0002023,T0002023,IL0002023,C00231,P0135,RP007,2025-07-29,Volume,0.016,5.33
REB0002024,T0002024,IL0002024,C00358,P0066,RP008,2025-07-24,Growth,0.033,31.62
REB0002025,T0002025,IL0002025,C00167,P0132,RP009,2026-11-27,Promotional,0.0106,17.96
REB0002026,T0002026,IL0002026,C00440,P0114,RP010,2026-09-28,Volume,0.0033,1.7
REB0002027,T0002027,IL0002027,C00004,P0026,RP011,2025-05-16,Growth,0.0279,21.12
REB0002028,T0002028,IL0002028,C00485,P0103,RP012,2026-06-20,Promotional,0.0055,8.18
REB0002029,T0002029,IL0002029,C00004,P0014,RP001,2025-01-06,Volume,0.0445,66.0
REB0002030,T0002030,IL0002030,C00213,P0098,RP002,2025-03-15,Growth,0.0474,26.42
REB0002031,T0002031,IL0002031,C00478,P0076,RP003,2026-04-29,Promotional,0.0224,15.77
REB0002032,T0002032,IL0002032,C00429,P0082,RP004,2025-08-27,Volume,0.0224,4.54
REB0002033,T0002033,IL0002033,C00079,P0055,RP005,2025-10-02,Growth,0.0402,11.73
REB0002034,T0002034,IL0002034,C00398,P0072,RP006,2026-09-16,Promotional,0.0238,9.53
REB0002035,T0002035,IL0002035,C00450,P0125,RP007,2026-08-13,Volume,0.0115,7.07
REB0002036,T0002036,IL0002036,C00469,P0011,RP008,2025-11-22,Growth,0.0271,13.06
REB0002037,T0002037,IL0002037,C00256,P0058,RP009,2025-11-26,Promotional,0.0345,35.96
REB0002038,T0002038,IL0002038,C00087,P0065,RP010,2025-01-02,Volume,0.0128,7.65
REB0002039,T0002039,IL0002039,C00171,P0134,RP011,2025-05-24,Growth,0.0126,0.81
REB0002040,T0002040,IL0002040,C00273,P0112,RP012,2025-10-20,Promotional,0.017,23.09
REB0002041,T0002041,IL0002041,C00268,P0041,RP001,2026-12-05,Volume,0.0333,0.86
REB0002042,T0002042,IL0002042,C00413,P0071,RP002,2026-06-11,Growth,0.0093,14.2
REB0002043,T0002043,IL0002043,C00193,P0072,RP003,2026-07-16,Promotional,0.0115,14.27
REB0002044,T0002044,IL0002044,C00207,P0047,RP004,2026-01-29,Volume,0.0204,17.67
REB0002045,T0002045,IL0002045,C00240,P0139,RP005,2025-04-03,Growth,0.0199,6.08
REB0002046,T0002046,IL0002046,C00429,P0006,RP006,2026-08-31,Promotional,0.036,9.37
REB0002047,T0002047,IL0002047,C00078,P0044,RP007,2025-01-28,Volume,0.0447,86.88
REB0002048,T0002048,IL0002048,C00322,P0115,RP008,2026-07-10,Growth,0.0178,18.81
REB0002049,T0002049,IL0002049,C00161,P0081,RP009,2026-05-24,Promotional,0.0297,12.46
REB0002050,T0002050,IL0002050,C00264,P0017,RP010,2026-04-19,Volume,0.0167,2.45
REB0002051,T0002051,IL0002051,C00086,P0104,RP011,2026-02-04,Growth,0.0113,7.6
REB0002052,T0002052,IL0002052,C00205,P0021,RP012,2026-05-06,Promotional,0.0515,45.14
REB0002053,T0002053,IL0002053,C00378,P0023,RP001,2025-12-08,Volume,0.0297,14.97
REB0002054,T0002054,IL0002054,C00262,P0035,RP002,2025-04-11,Growth,0.0467,9.38
REB0002055,T0002055,IL0002055,C00068,P0057,RP003,2026-08-24,Promotional,0.0491,26.72
REB0002056,T0002056,IL0002056,C00339,P0078,RP004,2026-03-24,Volume,0.0231,57.42
REB0002057,T0002057,IL0002057,C00401,P0058,RP005,2026-06-16,Growth,0.0243,19.23
REB0002058,T0002058,IL0002058,C00461,P0056,RP006,2026-11-05,Promotional,0.0422,30.0
REB0002059,T0002059,IL0002059,C00048,P0135,RP007,2026-10-22,Volume,0.0025,1.78
REB0002060,T0002060,IL0002060,C00160,P0017,RP008,2025-03-20,Growth,0.0414,112.43
REB0002061,T0002061,IL0002061,C00102,P0103,RP009,2025-02-20,Promotional,0.0514,22.85
REB0002062,T0002062,IL0002062,C00225,P0116,RP010,2026-10-17,Volume,0.0351,52.45
REB0002063,T0002063,IL0002063,C00263,P0075,RP011,2026-03-13,Growth,0.0503,119.63
REB0002064,T0002064,IL0002064,C00489,P0077,RP012,2026-03-14,Promotional,0.0264,5.1
REB0002065,T0002065,IL0002065,C00182,P0150,RP001,2025-05-02,Volume,0.0387,40.79
REB0002066,T0002066,IL0002066,C00493,P0144,RP002,2026-02-07,Growth,0.0202,0.96
REB0002067,T0002067,IL0002067,C00117,P0045,RP003,2025-08-21,Promotional,0.0302,6.98
REB0002068,T0002068,IL0002068,C00409,P0100,RP004,2026-03-20,Volume,0.0466,117.3
REB0002069,T0002069,IL0002069,C00381,P0147,RP005,2025-12-20,Growth,0.0147,15.52
REB0002070,T0002070,IL0002070,C00227,P0001,RP006,2025-03-07,Promotional,0.0366,3.57
REB0002071,T0002071,IL0002071,C00457,P0026,RP007,2025-10-21,Volume,0.0489,73.77
REB0002072,T0002072,IL0002072,C00250,P0116,RP008,2026-12-12,Growth,0.0473,6.29
REB0002073,T0002073,IL0002073,C00498,P0052,RP009,2025-09-05,Promotional,0.0513,21.57
REB0002074,T0002074,IL0002074,C00420,P0048,RP010,2026-12-26,Volume,0.0068,19.95
REB0002075,T0002075,IL0002075,C00001,P0036,RP011,2025-03-21,Growth,0.0507,108.67
REB0002076,T0002076,IL0002076,C00358,P0057,RP012,2026-11-28,Promotional,0.0241,7.73
REB0002077,T0002077,IL0002077,C00317,P0005,RP001,2026-01-02,Volume,0.035,85.31
REB0002078,T0002078,IL0002078,C00316,P0043,RP002,2025-01-28,Growth,0.0468,54.05
REB0002079,T0002079,IL0002079,C00417,P0014,RP003,2026-01-21,Promotional,0.012,16.41
REB0002080,T0002080,IL0002080,C00196,P0086,RP004,2026-10-21,Volume,0.0468,29.41
REB0002081,T0002081,IL0002081,C00111,P0141,RP005,2025-01-27,Growth,0.0036,0.15
REB0002082,T0002082,IL0002082,C00400,P0074,RP006,2025-10-05,Promotional,0.0295,41.69
REB0002083,T0002083,IL0002083,C00034,P0065,RP007,2025-08-28,Volume,0.0378,25.82
REB0002084,T0002084,IL0002084,C00059,P0067,RP008,2025-04-06,Growth,0.0117,17.63
REB0002085,T0002085,IL0002085,C00165,P0074,RP009,2026-08-21,Promotional,0.0107,14.65
REB0002086,T0002086,IL0002086,C00052,P0138,RP010,2025-03-03,Volume,0.0051,1.05
REB0002087,T0002087,IL0002087,C00088,P0027,RP011,2026-02-27,Growth,0.0025,5.79
REB0002088,T0002088,IL0002088,C00066,P0085,RP012,2025-11-05,Promotional,0.0078,1.17
REB0002089,T0002089,IL0002089,C00191,P0068,RP001,2025-03-15,Volume,0.003,0.26
REB0002090,T0002090,IL0002090,C00354,P0086,RP002,2026-10-25,Growth,0.0053,9.35
REB0002091,T0002091,IL0002091,C00019,P0027,RP003,2026-05-07,Promotional,0.0011,0.15
REB0002092,T0002092,IL0002092,C00435,P0133,RP004,2025-07-30,Volume,0.0545,8.07
REB0002093,T0002093,IL0002093,C00091,P0013,RP005,2026-11-12,Growth,0.0407,17.62
REB0002094,T0002094,IL0002094,C00132,P0137,RP006,2025-08-01,Promotional,0.0096,3.26
REB0002095,T0002095,IL0002095,C00082,P0063,RP007,2025-08-08,Volume,0.0183,10.45
REB0002096,T0002096,IL0002096,C00313,P0114,RP008,2025-11-02,Growth,0.0109,0.14
REB0002097,T0002097,IL0002097,C00127,P0112,RP009,2026-01-01,Promotional,0.0364,65.9
REB0002098,T0002098,IL0002098,C00426,P0060,RP010,2026-04-29,Volume,0.0549,110.73
REB0002099,T0002099,IL0002099,C00434,P0017,RP011,2026-07-31,Growth,0.0433,97.02
REB0002100,T0002100,IL0002100,C00214,P0077,RP012,2026-03-03,Promotional,0.0222,17.8
REB0002101,T0002101,IL0002101,C00399,P0070,RP001,2026-03-29,Volume,0.0309,58.31
REB0002102,T0002102,IL0002102,C00451,P0148,RP002,2026-10-12,Growth,0.0501,76.77
REB0002103,T0002103,IL0002103,C00153,P0027,RP003,2025-06-04,Promotional,0.0384,15.02
REB0002104,T0002104,IL0002104,C00166,P0070,RP004,2025-08-18,Volume,0.0135,10.31
REB0002105,T0002105,IL0002105,C00076,P0076,RP005,2026-07-06,Growth,0.0489,83.58
REB0002106,T0002106,IL0002106,C00441,P0058,RP006,2025-12-29,Promotional,0.0108,0.88
REB0002107,T0002107,IL0002107,C00243,P0034,RP007,2025-08-02,Volume,0.0002,0.04
REB0002108,T0002108,IL0002108,C00491,P0142,RP008,2026-05-09,Growth,0.0114,33.79
REB0002109,T0002109,IL0002109,C00304,P0077,RP009,2025-07-21,Promotional,0.0412,22.71
REB0002110,T0002110,IL0002110,C00152,P0089,RP010,2026-12-21,Volume,0.0076,8.62
REB0002111,T0002111,IL0002111,C00006,P0056,RP011,2025-11-04,Growth,0.0367,38.21
REB0002112,T0002112,IL0002112,C00291,P0118,RP012,2025-10-27,Promotional,0.0489,57.52
REB0002113,T0002113,IL0002113,C00054,P0100,RP001,2025-02-03,Volume,0.0221,8.78
REB0002114,T0002114,IL0002114,C00018,P0021,RP002,2026-08-23,Growth,0.0505,19.06
REB0002115,T0002115,IL0002115,C00141,P0137,RP003,2026-12-04,Promotional,0.0146,2.58
REB0002116,T0002116,IL0002116,C00308,P0056,RP004,2026-05-21,Volume,0.022,10.05
REB0002117,T0002117,IL0002117,C00337,P0022,RP005,2026-11-10,Growth,0.0491,12.86
REB0002118,T0002118,IL0002118,C00437,P0107,RP006,2026-03-04,Promotional,0.004,8.75
REB0002119,T0002119,IL0002119,C00489,P0052,RP007,2025-05-05,Volume,0.0144,38.28
REB0002120,T0002120,IL0002120,C00218,P0016,RP008,2025-03-18,Growth,0.051,167.44
REB0002121,T0002121,IL0002121,C00166,P0124,RP009,2025-03-23,Promotional,0.0431,18.35
REB0002122,T0002122,IL0002122,C00070,P0078,RP010,2025-01-17,Volume,0.0363,0.4
REB0002123,T0002123,IL0002123,C00436,P0077,RP011,2026-04-16,Growth,0.0511,38.5
REB0002124,T0002124,IL0002124,C00252,P0098,RP012,2026-01-13,Promotional,0.053,32.01
REB0002125,T0002125,IL0002125,C00337,P0098,RP001,2025-04-24,Volume,0.0065,22.2
REB0002126,T0002126,IL0002126,C00472,P0086,RP002,2025-03-26,Growth,0.0364,7.94
REB0002127,T0002127,IL0002127,C00173,P0043,RP003,2025-12-19,Promotional,0.0041,3.36
REB0002128,T0002128,IL0002128,C00479,P0120,RP004,2025-03-08,Volume,0.0503,100.1
REB0002129,T0002129,IL0002129,C00487,P0057,RP005,2026-08-07,Growth,0.0401,3.37
REB0002130,T0002130,IL0002130,C00107,P0094,RP006,2026-02-16,Promotional,0.0247,24.97
REB0002131,T0002131,IL0002131,C00390,P0093,RP007,2025-05-17,Volume,0.0013,0.24
REB0002132,T0002132,IL0002132,C00057,P0057,RP008,2025-10-09,Growth,0.0099,11.95
REB0002133,T0002133,IL0002133,C00449,P0002,RP009,2025-04-16,Promotional,0.0544,59.0
REB0002134,T0002134,IL0002134,C00004,P0121,RP010,2025-05-25,Volume,0.0479,11.78
REB0002135,T0002135,IL0002135,C00093,P0045,RP011,2025-06-01,Growth,0.0477,14.62
REB0002136,T0002136,IL0002136,C00153,P0009,RP012,2026-09-02,Promotional,0.0249,6.03
REB0002137,T0002137,IL0002137,C00361,P0030,RP001,2025-04-15,Volume,0.0173,24.42
REB0002138,T0002138,IL0002138,C00085,P0136,RP002,2025-05-30,Growth,0.0159,11.7
REB0002139,T0002139,IL0002139,C00285,P0011,RP003,2026-05-17,Promotional,0.0009,1.44
REB0002140,T0002140,IL0002140,C00466,P0085,RP004,2025-10-22,Volume,0.0433,10.47
REB0002141,T0002141,IL0002141,C00148,P0121,RP005,2025-09-26,Growth,0.0071,13.94
REB0002142,T0002142,IL0002142,C00475,P0058,RP006,2026-07-23,Promotional,0.0308,18.99
REB0002143,T0002143,IL0002143,C00286,P0150,RP007,2026-04-21,Volume,0.0497,6.74
REB0002144,T0002144,IL0002144,C00306,P0148,RP008,2026-02-17,Growth,0.0503,78.55
REB0002145,T0002145,IL0002145,C00279,P0072,RP009,2025-01-22,Promotional,0.0531,162.08
REB0002146,T0002146,IL0002146,C00267,P0140,RP010,2025-06-06,Volume,0.0232,1.1
REB0002147,T0002147,IL0002147,C00458,P0012,RP011,2026-03-31,Growth,0.0122,10.43
REB0002148,T0002148,IL0002148,C00030,P0036,RP012,2026-07-20,Promotional,0.0398,34.3
REB0002149,T0002149,IL0002149,C00152,P0069,RP001,2026-02-12,Volume,0.0178,37.96
REB0002150,T0002150,IL0002150,C00124,P0037,RP002,2025-07-08,Growth,0.0151,4.12
REB0002151,T0002151,IL0002151,C00176,P0064,RP003,2025-12-05,Promotional,0.0465,11.34
REB0002152,T0002152,IL0002152,C00289,P0097,RP004,2026-05-26,Volume,0.0548,17.27
REB0002153,T0002153,IL0002153,C00346,P0075,RP005,2025-12-13,Growth,0.0296,30.04
REB0002154,T0002154,IL0002154,C00011,P0036,RP006,2025-10-14,Promotional,0.033,36.5
REB0002155,T0002155,IL0002155,C00308,P0036,RP007,2025-06-10,Volume,0.0423,2.67
REB0002156,T0002156,IL0002156,C00461,P0104,RP008,2025-06-30,Growth,0.0122,7.74
REB0002157,T0002157,IL0002157,C00063,P0060,RP009,2025-08-09,Promotional,0.0452,22.66
REB0002158,T0002158,IL0002158,C00300,P0013,RP010,2026-11-19,Volume,0.0124,12.1
REB0002159,T0002159,IL0002159,C00331,P0006,RP011,2025-03-01,Growth,0.0187,17.65
REB0002160,T0002160,IL0002160,C00264,P0095,RP012,2025-03-07,Promotional,0.0447,5.36
REB0002161,T0002161,IL0002161,C00373,P0056,RP001,2025-12-19,Volume,0.0256,5.02
REB0002162,T0002162,IL0002162,C00149,P0113,RP002,2026-01-21,Growth,0.0163,11.35
REB0002163,T0002163,IL0002163,C00472,P0021,RP003,2025-04-17,Promotional,0.0032,4.38
REB0002164,T0002164,IL0002164,C00035,P0033,RP004,2026-03-05,Volume,0.0177,12.75
REB0002165,T0002165,IL0002165,C00031,P0040,RP005,2026-10-02,Growth,0.0301,5.63
REB0002166,T0002166,IL0002166,C00324,P0110,RP006,2026-05-05,Promotional,0.0068,3.94
REB0002167,T0002167,IL0002167,C00420,P0133,RP007,2026-01-23,Volume,0.0046,5.62
REB0002168,T0002168,IL0002168,C00015,P0063,RP008,2025-02-11,Growth,0.0311,48.7
REB0002169,T0002169,IL0002169,C00107,P0037,RP009,2025-03-16,Promotional,0.0209,20.81
REB0002170,T0002170,IL0002170,C00366,P0067,RP010,2026-07-03,Volume,0.0227,44.69
REB0002171,T0002171,IL0002171,C00471,P0135,RP011,2025-08-04,Growth,0.0017,0.07
REB0002172,T0002172,IL0002172,C00150,P0048,RP012,2026-02-07,Promotional,0.0203,46.55
REB0002173,T0002173,IL0002173,C00483,P0089,RP001,2025-11-20,Volume,0.0173,13.32
REB0002174,T0002174,IL0002174,C00271,P0113,RP002,2025-09-24,Growth,0.0441,47.22
REB0002175,T0002175,IL0002175,C00209,P0036,RP003,2025-11-11,Promotional,0.0231,1.33
REB0002176,T0002176,IL0002176,C00420,P0014,RP004,2025-05-27,Volume,0.0099,5.77
REB0002177,T0002177,IL0002177,C00226,P0150,RP005,2026-09-21,Growth,0.0072,7.77
REB0002178,T0002178,IL0002178,C00462,P0002,RP006,2026-01-16,Promotional,0.0303,21.48
REB0002179,T0002179,IL0002179,C00004,P0074,RP007,2026-12-17,Volume,0.0205,44.19
REB0002180,T0002180,IL0002180,C00013,P0053,RP008,2026-04-15,Growth,0.0463,27.21
REB0002181,T0002181,IL0002181,C00228,P0040,RP009,2025-07-17,Promotional,0.0507,121.64
REB0002182,T0002182,IL0002182,C00101,P0105,RP010,2026-02-09,Volume,0.0234,17.03
REB0002183,T0002183,IL0002183,C00014,P0013,RP011,2025-06-05,Growth,0.0139,12.9
REB0002184,T0002184,IL0002184,C00217,P0116,RP012,2025-08-06,Promotional,0.0538,10.25
REB0002185,T0002185,IL0002185,C00044,P0053,RP001,2026-10-16,Volume,0.0504,3.34
REB0002186,T0002186,IL0002186,C00288,P0095,RP002,2025-01-25,Growth,0.0103,10.22
REB0002187,T0002187,IL0002187,C00477,P0056,RP003,2026-08-01,Promotional,0.0043,1.14
REB0002188,T0002188,IL0002188,C00403,P0136,RP004,2025-12-20,Volume,0.028,79.01
REB0002189,T0002189,IL0002189,C00327,P0018,RP005,2025-09-19,Growth,0.0212,4.28
REB0002190,T0002190,IL0002190,C00098,P0134,RP006,2025-12-05,Promotional,0.0176,15.64
REB0002191,T0002191,IL0002191,C00053,P0104,RP007,2025-01-13,Volume,0.0449,35.48
REB0002192,T0002192,IL0002192,C00020,P0040,RP008,2026-09-15,Growth,0.0355,9.85
REB0002193,T0002193,IL0002193,C00188,P0133,RP009,2025-04-20,Promotional,0.0047,11.51
REB0002194,T0002194,IL0002194,C00297,P0134,RP010,2025-12-31,Volume,0.0396,10.01
REB0002195,T0002195,IL0002195,C00192,P0049,RP011,2025-08-01,Growth,0.018,25.28
REB0002196,T0002196,IL0002196,C00127,P0149,RP012,2025-09-03,Promotional,0.0078,5.06
REB0002197,T0002197,IL0002197,C00023,P0018,RP001,2026-07-27,Volume,0.0267,69.95
REB0002198,T0002198,IL0002198,C00004,P0039,RP002,2025-07-27,Growth,0.0263,13.54
REB0002199,T0002199,IL0002199,C00131,P0082,RP003,2025-08-16,Promotional,0.0069,12.48
REB0002200,T0002200,IL0002200,C00003,P0140,RP004,2025-09-02,Volume,0.0508,54.75
REB0002201,T0002201,IL0002201,C00392,P0058,RP005,2026-04-13,Growth,0.0506,48.24
REB0002202,T0002202,IL0002202,C00150,P0036,RP006,2026-05-29,Promotional,0.0214,11.85
REB0002203,T0002203,IL0002203,C00075,P0019,RP007,2025-03-26,Volume,0.0371,23.23
REB0002204,T0002204,IL0002204,C00379,P0124,RP008,2025-12-24,Growth,0.0392,16.38
REB0002205,T0002205,IL0002205,C00244,P0028,RP009,2026-10-09,Promotional,0.0221,34.79
REB0002206,T0002206,IL0002206,C00194,P0135,RP010,2026-11-29,Volume,0.0392,15.17
REB0002207,T0002207,IL0002207,C00346,P0098,RP011,2025-05-22,Growth,0.01,9.33
REB0002208,T0002208,IL0002208,C00320,P0004,RP012,2025-09-07,Promotional,0.0232,1.41
REB0002209,T0002209,IL0002209,C00059,P0022,RP001,2026-08-24,Volume,0.039,7.27
REB0002210,T0002210,IL0002210,C00069,P0103,RP002,2025-02-03,Growth,0.0258,50.91
REB0002211,T0002211,IL0002211,C00113,P0082,RP003,2025-07-28,Promotional,0.0049,7.81
REB0002212,T0002212,IL0002212,C00047,P0065,RP004,2026-08-07,Volume,0.0542,75.95
REB0002213,T0002213,IL0002213,C00012,P0054,RP005,2025-06-09,Growth,0.0201,41.66
REB0002214,T0002214,IL0002214,C00136,P0043,RP006,2025-12-08,Promotional,0.0484,12.62
REB0002215,T0002215,IL0002215,C00026,P0023,RP007,2026-11-12,Volume,0.0308,55.08
REB0002216,T0002216,IL0002216,C00206,P0052,RP008,2025-04-28,Growth,0.036,42.17
REB0002217,T0002217,IL0002217,C00416,P0004,RP009,2025-07-25,Promotional,0.0451,1.93
REB0002218,T0002218,IL0002218,C00373,P0001,RP010,2025-04-27,Volume,0.0522,158.21
REB0002219,T0002219,IL0002219,C00451,P0047,RP011,2026-07-11,Growth,0.0389,8.08
REB0002220,T0002220,IL0002220,C00202,P0044,RP012,2026-03-04,Promotional,0.0075,0.7
REB0002221,T0002221,IL0002221,C00156,P0118,RP001,2026-08-09,Volume,0.0121,28.01
REB0002222,T0002222,IL0002222,C00349,P0141,RP002,2025-12-24,Growth,0.0111,1.15
REB0002223,T0002223,IL0002223,C00286,P0150,RP003,2025-04-07,Promotional,0.0549,19.49
REB0002224,T0002224,IL0002224,C00208,P0125,RP004,2025-04-17,Volume,0.0219,43.84
REB0002225,T0002225,IL0002225,C00210,P0061,RP005,2025-08-10,Growth,0.0048,8.61
REB0002226,T0002226,IL0002226,C00236,P0103,RP006,2025-06-15,Promotional,0.0457,10.28
REB0002227,T0002227,IL0002227,C00330,P0102,RP007,2026-04-04,Volume,0.0504,116.54
REB0002228,T0002228,IL0002228,C00001,P0119,RP008,2026-09-16,Growth,0.0058,12.17
REB0002229,T0002229,IL0002229,C00223,P0083,RP009,2025-06-05,Promotional,0.0502,61.45
REB0002230,T0002230,IL0002230,C00474,P0019,RP010,2025-01-31,Volume,0.0213,12.68
REB0002231,T0002231,IL0002231,C00303,P0091,RP011,2025-05-23,Growth,0.0357,60.22
REB0002232,T0002232,IL0002232,C00447,P0093,RP012,2025-02-27,Promotional,0.0387,1.46
REB0002233,T0002233,IL0002233,C00179,P0119,RP001,2026-05-19,Volume,0.001,0.91
REB0002234,T0002234,IL0002234,C00033,P0130,RP002,2025-01-14,Growth,0.0013,0.16
REB0002235,T0002235,IL0002235,C00083,P0059,RP003,2025-07-05,Promotional,0.0009,1.31
REB0002236,T0002236,IL0002236,C00328,P0051,RP004,2026-05-26,Volume,0.0358,24.23
REB0002237,T0002237,IL0002237,C00187,P0062,RP005,2026-04-08,Growth,0.0486,82.7
REB0002238,T0002238,IL0002238,C00201,P0095,RP006,2025-11-09,Promotional,0.0271,23.98
REB0002239,T0002239,IL0002239,C00113,P0066,RP007,2026-01-17,Volume,0.0537,7.18
REB0002240,T0002240,IL0002240,C00102,P0069,RP008,2026-06-11,Growth,0.0364,34.5
REB0002241,T0002241,IL0002241,C00082,P0107,RP009,2026-10-08,Promotional,0.0172,10.43
REB0002242,T0002242,IL0002242,C00187,P0135,RP010,2026-04-30,Volume,0.0087,0.44
REB0002243,T0002243,IL0002243,C00112,P0065,RP011,2026-07-29,Growth,0.038,48.45
REB0002244,T0002244,IL0002244,C00164,P0016,RP012,2025-11-09,Promotional,0.0091,1.21
REB0002245,T0002245,IL0002245,C00470,P0051,RP001,2025-06-26,Volume,0.027,5.67
REB0002246,T0002246,IL0002246,C00404,P0089,RP002,2026-10-13,Growth,0.0184,15.61
REB0002247,T0002247,IL0002247,C00353,P0002,RP003,2025-05-16,Promotional,0.0172,2.96
REB0002248,T0002248,IL0002248,C00306,P0068,RP004,2026-04-21,Volume,0.0182,18.59
REB0002249,T0002249,IL0002249,C00073,P0062,RP005,2025-04-25,Growth,0.0197,6.04
REB0002250,T0002250,IL0002250,C00431,P0098,RP006,2026-03-21,Promotional,0.0123,4.18
REB0002251,T0002251,IL0002251,C00176,P0021,RP007,2025-10-27,Volume,0.0344,85.7
REB0002252,T0002252,IL0002252,C00462,P0078,RP008,2026-11-13,Growth,0.0384,28.93
REB0002253,T0002253,IL0002253,C00433,P0028,RP009,2026-07-11,Promotional,0.0549,36.92
REB0002254,T0002254,IL0002254,C00192,P0109,RP010,2026-05-03,Volume,0.0016,1.21
REB0002255,T0002255,IL0002255,C00227,P0101,RP011,2026-11-02,Growth,0.0129,0.86
REB0002256,T0002256,IL0002256,C00473,P0087,RP012,2025-08-29,Promotional,0.0018,3.49
REB0002257,T0002257,IL0002257,C00470,P0033,RP001,2025-05-27,Volume,0.0524,37.62
REB0002258,T0002258,IL0002258,C00471,P0143,RP002,2026-06-28,Growth,0.0361,3.19
REB0002259,T0002259,IL0002259,C00206,P0077,RP003,2025-09-06,Promotional,0.0397,10.22
REB0002260,T0002260,IL0002260,C00227,P0097,RP004,2026-01-15,Volume,0.0161,11.24
REB0002261,T0002261,IL0002261,C00267,P0052,RP005,2025-03-29,Growth,0.0438,30.52
REB0002262,T0002262,IL0002262,C00300,P0124,RP006,2026-11-12,Promotional,0.0081,4.07
REB0002263,T0002263,IL0002263,C00065,P0100,RP007,2026-09-12,Volume,0.0061,2.26
REB0002264,T0002264,IL0002264,C00375,P0129,RP008,2025-02-24,Growth,0.0302,34.26
REB0002265,T0002265,IL0002265,C00112,P0118,RP009,2026-03-30,Promotional,0.0283,13.69
REB0002266,T0002266,IL0002266,C00436,P0021,RP010,2025-12-21,Volume,0.0445,6.06
REB0002267,T0002267,IL0002267,C00125,P0144,RP011,2026-06-18,Growth,0.017,35.46
REB0002268,T0002268,IL0002268,C00205,P0116,RP012,2026-05-31,Promotional,0.0332,2.87
REB0002269,T0002269,IL0002269,C00236,P0090,RP001,2026-12-08,Volume,0.0233,5.64
REB0002270,T0002270,IL0002270,C00341,P0034,RP002,2026-07-17,Growth,0.0134,1.81
REB0002271,T0002271,IL0002271,C00077,P0001,RP003,2025-06-13,Promotional,0.013,10.26
REB0002272,T0002272,IL0002272,C00452,P0100,RP004,2025-03-20,Volume,0.0463,25.21
REB0002273,T0002273,IL0002273,C00333,P0123,RP005,2025-03-30,Growth,0.0389,54.65
REB0002274,T0002274,IL0002274,C00012,P0091,RP006,2025-02-13,Promotional,0.0532,8.06
REB0002275,T0002275,IL0002275,C00288,P0094,RP007,2025-10-03,Volume,0.0252,67.16
REB0002276,T0002276,IL0002276,C00386,P0021,RP008,2026-08-22,Growth,0.02,25.51
REB0002277,T0002277,IL0002277,C00200,P0030,RP009,2025-12-13,Promotional,0.0245,13.34
REB0002278,T0002278,IL0002278,C00257,P0107,RP010,2026-05-29,Volume,0.0408,29.57
REB0002279,T0002279,IL0002279,C00113,P0007,RP011,2026-07-11,Growth,0.0465,52.63
REB0002280,T0002280,IL0002280,C00085,P0036,RP012,2025-02-17,Promotional,0.0433,51.06
REB0002281,T0002281,IL0002281,C00001,P0076,RP001,2025-08-12,Volume,0.0164,5.96
REB0002282,T0002282,IL0002282,C00117,P0029,RP002,2026-06-08,Growth,0.0508,117.86
REB0002283,T0002283,IL0002283,C00194,P0138,RP003,2025-11-17,Promotional,0.0119,16.86
REB0002284,T0002284,IL0002284,C00143,P0139,RP004,2025-01-29,Volume,0.0401,80.8
REB0002285,T0002285,IL0002285,C00383,P0038,RP005,2025-07-05,Growth,0.0211,9.93
REB0002286,T0002286,IL0002286,C00026,P0097,RP006,2025-09-28,Promotional,0.0282,14.56
REB0002287,T0002287,IL0002287,C00275,P0030,RP007,2025-03-31,Volume,0.0372,59.38
REB0002288,T0002288,IL0002288,C00336,P0065,RP008,2026-06-18,Growth,0.033,83.68
REB0002289,T0002289,IL0002289,C00064,P0029,RP009,2026-05-18,Promotional,0.0196,54.31
REB0002290,T0002290,IL0002290,C00482,P0003,RP010,2025-04-15,Volume,0.0527,13.15
REB0002291,T0002291,IL0002291,C00103,P0025,RP011,2026-02-22,Growth,0.045,120.15
REB0002292,T0002292,IL0002292,C00157,P0106,RP012,2026-09-04,Promotional,0.0462,122.01
REB0002293,T0002293,IL0002293,C00298,P0150,RP001,2026-10-26,Volume,0.0063,8.11
REB0002294,T0002294,IL0002294,C00253,P0090,RP002,2026-03-13,Growth,0.0107,1.88
REB0002295,T0002295,IL0002295,C00315,P0135,RP003,2026-04-27,Promotional,0.0379,36.47
REB0002296,T0002296,IL0002296,C00183,P0076,RP004,2026-09-08,Volume,0.0232,55.63
REB0002297,T0002297,IL0002297,C00281,P0032,RP005,2026-08-24,Growth,0.0348,84.88
REB0002298,T0002298,IL0002298,C00055,P0113,RP006,2025-12-17,Promotional,0.0307,11.22
REB0002299,T0002299,IL0002299,C00427,P0127,RP007,2025-09-18,Volume,0.01,9.8
REB0002300,T0002300,IL0002300,C00203,P0060,RP008,2026-07-10,Growth,0.0425,26.26
REB0002301,T0002301,IL0002301,C00398,P0014,RP009,2025-08-11,Promotional,0.022,2.26
REB0002302,T0002302,IL0002302,C00334,P0110,RP010,2025-02-17,Volume,0.0346,66.01
REB0002303,T0002303,IL0002303,C00310,P0046,RP011,2026-09-18,Growth,0.0358,50.18
REB0002304,T0002304,IL0002304,C00035,P0053,RP012,2025-03-07,Promotional,0.0381,25.67
REB0002305,T0002305,IL0002305,C00362,P0047,RP001,2025-01-12,Volume,0.052,28.0
REB0002306,T0002306,IL0002306,C00416,P0016,RP002,2025-08-24,Growth,0.0496,17.14
REB0002307,T0002307,IL0002307,C00149,P0069,RP003,2025-11-14,Promotional,0.0085,11.65
REB0002308,T0002308,IL0002308,C00414,P0095,RP004,2025-09-08,Volume,0.005,4.33
REB0002309,T0002309,IL0002309,C00214,P0071,RP005,2025-12-11,Growth,0.0342,38.21
REB0002310,T0002310,IL0002310,C00164,P0080,RP006,2025-02-09,Promotional,0.0343,51.78
REB0002311,T0002311,IL0002311,C00342,P0019,RP007,2025-03-19,Volume,0.0412,17.74
REB0002312,T0002312,IL0002312,C00124,P0123,RP008,2025-06-28,Growth,0.033,34.86
REB0002313,T0002313,IL0002313,C00197,P0024,RP009,2026-07-05,Promotional,0.043,9.61
REB0002314,T0002314,IL0002314,C00402,P0079,RP010,2025-08-25,Volume,0.0208,23.41
REB0002315,T0002315,IL0002315,C00098,P0052,RP011,2026-02-24,Growth,0.0115,19.86
REB0002316,T0002316,IL0002316,C00224,P0066,RP012,2026-01-26,Promotional,0.0097,13.59
REB0002317,T0002317,IL0002317,C00484,P0035,RP001,2026-09-28,Volume,0.0452,33.95
REB0002318,T0002318,IL0002318,C00325,P0134,RP002,2026-07-27,Growth,0.0464,64.83
REB0002319,T0002319,IL0002319,C00448,P0109,RP003,2026-09-12,Promotional,0.0259,12.99
REB0002320,T0002320,IL0002320,C00268,P0052,RP004,2026-07-17,Volume,0.0075,1.45
REB0002321,T0002321,IL0002321,C00379,P0103,RP005,2025-10-19,Growth,0.0336,98.68
REB0002322,T0002322,IL0002322,C00359,P0006,RP006,2026-04-14,Promotional,0.0045,0.21
REB0002323,T0002323,IL0002323,C00408,P0115,RP007,2025-09-24,Volume,0.04,34.34
REB0002324,T0002324,IL0002324,C00217,P0006,RP008,2026-06-02,Growth,0.0398,47.3
REB0002325,T0002325,IL0002325,C00313,P0112,RP009,2026-01-12,Promotional,0.0153,17.26
REB0002326,T0002326,IL0002326,C00210,P0148,RP010,2026-02-23,Volume,0.0412,45.27
REB0002327,T0002327,IL0002327,C00242,P0138,RP011,2025-03-15,Growth,0.0527,48.07
REB0002328,T0002328,IL0002328,C00440,P0062,RP012,2026-11-30,Promotional,0.0095,15.97
REB0002329,T0002329,IL0002329,C00323,P0106,RP001,2025-03-15,Volume,0.0224,45.66
REB0002330,T0002330,IL0002330,C00263,P0090,RP002,2025-11-27,Growth,0.0468,4.72
REB0002331,T0002331,IL0002331,C00044,P0054,RP003,2025-12-08,Promotional,0.0499,57.86
REB0002332,T0002332,IL0002332,C00389,P0122,RP004,2026-01-21,Volume,0.0107,5.86
REB0002333,T0002333,IL0002333,C00322,P0067,RP005,2025-08-05,Growth,0.0135,32.03
REB0002334,T0002334,IL0002334,C00114,P0095,RP006,2025-07-20,Promotional,0.0026,0.96
REB0002335,T0002335,IL0002335,C00144,P0092,RP007,2025-11-05,Volume,0.0075,18.17
REB0002336,T0002336,IL0002336,C00022,P0131,RP008,2026-12-15,Growth,0.0146,43.76
REB0002337,T0002337,IL0002337,C00351,P0074,RP009,2025-10-07,Promotional,0.0195,28.01
REB0002338,T0002338,IL0002338,C00493,P0062,RP010,2025-01-29,Volume,0.0146,16.75
REB0002339,T0002339,IL0002339,C00182,P0021,RP011,2026-04-24,Growth,0.0415,42.67
REB0002340,T0002340,IL0002340,C00302,P0015,RP012,2026-09-29,Promotional,0.0225,4.03
REB0002341,T0002341,IL0002341,C00370,P0068,RP001,2025-10-25,Volume,0.0362,29.18
REB0002342,T0002342,IL0002342,C00443,P0034,RP002,2025-07-25,Growth,0.0369,92.21
REB0002343,T0002343,IL0002343,C00438,P0147,RP003,2025-01-30,Promotional,0.0544,2.83
REB0002344,T0002344,IL0002344,C00353,P0129,RP004,2026-09-07,Volume,0.0056,11.14
REB0002345,T0002345,IL0002345,C00404,P0071,RP005,2026-04-04,Growth,0.0234,7.93
REB0002346,T0002346,IL0002346,C00250,P0001,RP006,2026-06-08,Promotional,0.0472,96.38
REB0002347,T0002347,IL0002347,C00009,P0096,RP007,2026-09-21,Volume,0.0009,0.89
REB0002348,T0002348,IL0002348,C00120,P0060,RP008,2026-12-20,Growth,0.0157,10.21
REB0002349,T0002349,IL0002349,C00320,P0137,RP009,2025-09-05,Promotional,0.0037,3.56
REB0002350,T0002350,IL0002350,C00249,P0079,RP010,2025-11-12,Volume,0.025,9.5
REB0002351,T0002351,IL0002351,C00443,P0078,RP011,2025-11-03,Growth,0.001,0.01
REB0002352,T0002352,IL0002352,C00401,P0130,RP012,2025-08-20,Promotional,0.0411,46.94
REB0002353,T0002353,IL0002353,C00246,P0078,RP001,2026-05-24,Volume,0.0278,5.0
REB0002354,T0002354,IL0002354,C00137,P0108,RP002,2025-07-20,Growth,0.0515,133.81
REB0002355,T0002355,IL0002355,C00251,P0141,RP003,2025-05-02,Promotional,0.0445,33.26
REB0002356,T0002356,IL0002356,C00470,P0044,RP004,2025-03-19,Volume,0.0535,44.21
REB0002357,T0002357,IL0002357,C00111,P0138,RP005,2025-07-02,Growth,0.0314,11.44
REB0002358,T0002358,IL0002358,C00101,P0137,RP006,2025-02-26,Promotional,0.0334,44.75
REB0002359,T0002359,IL0002359,C00312,P0095,RP007,2026-12-07,Volume,0.0029,5.94
REB0002360,T0002360,IL0002360,C00161,P0040,RP008,2026-06-12,Growth,0.0221,8.66
REB0002361,T0002361,IL0002361,C00186,P0051,RP009,2025-12-31,Promotional,0.0169,2.42
REB0002362,T0002362,IL0002362,C00052,P0013,RP010,2026-12-31,Volume,0.0172,16.6
REB0002363,T0002363,IL0002363,C00384,P0079,RP011,2025-09-01,Growth,0.0329,10.36
REB0002364,T0002364,IL0002364,C00137,P0088,RP012,2026-09-05,Promotional,0.0504,7.96
REB0002365,T0002365,IL0002365,C00384,P0098,RP001,2026-12-13,Volume,0.0466,2.12
REB0002366,T0002366,IL0002366,C00069,P0032,RP002,2025-09-14,Growth,0.0084,5.15
REB0002367,T0002367,IL0002367,C00206,P0044,RP003,2026-10-16,Promotional,0.0106,28.25
REB0002368,T0002368,IL0002368,C00382,P0001,RP004,2025-03-30,Volume,0.0348,42.42
REB0002369,T0002369,IL0002369,C00283,P0117,RP005,2025-05-16,Growth,0.0364,9.23
REB0002370,T0002370,IL0002370,C00377,P0033,RP006,2026-05-21,Promotional,0.0192,12.85
REB0002371,T0002371,IL0002371,C00170,P0132,RP007,2025-02-15,Volume,0.0443,36.11
REB0002372,T0002372,IL0002372,C00135,P0004,RP008,2025-07-06,Growth,0.0525,95.39
REB0002373,T0002373,IL0002373,C00368,P0149,RP009,2025-02-12,Promotional,0.0321,43.15
REB0002374,T0002374,IL0002374,C00019,P0025,RP010,2025-07-29,Volume,0.0121,15.38
REB0002375,T0002375,IL0002375,C00373,P0098,RP011,2026-03-30,Growth,0.0456,82.07
REB0002376,T0002376,IL0002376,C00332,P0033,RP012,2026-03-03,Promotional,0.0478,6.92
REB0002377,T0002377,IL0002377,C00142,P0115,RP001,2026-08-27,Volume,0.0181,39.36
REB0002378,T0002378,IL0002378,C00301,P0083,RP002,2026-06-18,Growth,0.004,2.94
REB0002379,T0002379,IL0002379,C00375,P0013,RP003,2026-07-31,Promotional,0.0197,9.61
REB0002380,T0002380,IL0002380,C00029,P0145,RP004,2026-10-17,Volume,0.0444,10.61
REB0002381,T0002381,IL0002381,C00271,P0106,RP005,2026-10-04,Growth,0.0202,32.16
REB0002382,T0002382,IL0002382,C00270,P0043,RP006,2025-06-12,Promotional,0.0136,0.39
REB0002383,T0002383,IL0002383,C00219,P0138,RP007,2025-12-18,Volume,0.001,1.31
REB0002384,T0002384,IL0002384,C00246,P0069,RP008,2025-08-13,Growth,0.0044,5.43
REB0002385,T0002385,IL0002385,C00460,P0089,RP009,2025-11-27,Promotional,0.0296,26.13
REB0002386,T0002386,IL0002386,C00362,P0075,RP010,2025-03-07,Volume,0.0244,39.17
REB0002387,T0002387,IL0002387,C00317,P0127,RP011,2026-09-24,Growth,0.0433,24.91
REB0002388,T0002388,IL0002388,C00455,P0029,RP012,2025-11-15,Promotional,0.0397,45.01
REB0002389,T0002389,IL0002389,C00378,P0130,RP001,2025-12-26,Volume,0.0021,0.67
REB0002390,T0002390,IL0002390,C00080,P0045,RP002,2026-10-17,Growth,0.041,6.48
REB0002391,T0002391,IL0002391,C00211,P0142,RP003,2026-01-26,Promotional,0.0382,83.13
REB0002392,T0002392,IL0002392,C00141,P0003,RP004,2025-02-04,Volume,0.047,50.52
REB0002393,T0002393,IL0002393,C00205,P0103,RP005,2026-06-24,Growth,0.0484,28.73
REB0002394,T0002394,IL0002394,C00315,P0112,RP006,2025-02-11,Promotional,0.0385,57.23
REB0002395,T0002395,IL0002395,C00203,P0077,RP007,2025-07-31,Volume,0.0292,12.03
REB0002396,T0002396,IL0002396,C00079,P0129,RP008,2026-12-01,Growth,0.0196,1.21
REB0002397,T0002397,IL0002397,C00112,P0143,RP009,2026-11-04,Promotional,0.0302,2.99
REB0002398,T0002398,IL0002398,C00112,P0095,RP010,2025-09-24,Volume,0.0001,0.26
REB0002399,T0002399,IL0002399,C00426,P0088,RP011,2026-05-08,Growth,0.0036,8.44
REB0002400,T0002400,IL0002400,C00353,P0071,RP012,2026-11-25,Promotional,0.0113,5.37
REB0002401,T0002401,IL0002401,C00267,P0063,RP001,2025-07-02,Volume,0.0239,32.52
REB0002402,T0002402,IL0002402,C00010,P0093,RP002,2026-05-08,Growth,0.0116,15.42
REB0002403,T0002403,IL0002403,C00242,P0127,RP003,2026-07-04,Promotional,0.0077,13.39
REB0002404,T0002404,IL0002404,C00250,P0104,RP004,2025-02-25,Volume,0.0255,39.44
REB0002405,T0002405,IL0002405,C00487,P0086,RP005,2025-05-07,Growth,0.0529,70.46
REB0002406,T0002406,IL0002406,C00356,P0138,RP006,2025-09-26,Promotional,0.0275,5.0
REB0002407,T0002407,IL0002407,C00495,P0125,RP007,2026-10-26,Volume,0.0257,6.49
REB0002408,T0002408,IL0002408,C00275,P0094,RP008,2025-05-29,Growth,0.032,38.43
REB0002409,T0002409,IL0002409,C00427,P0125,RP009,2025-11-05,Promotional,0.0433,19.8
REB0002410,T0002410,IL0002410,C00061,P0050,RP010,2026-10-18,Volume,0.0529,15.25
REB0002411,T0002411,IL0002411,C00129,P0103,RP011,2025-04-15,Growth,0.0271,46.66
REB0002412,T0002412,IL0002412,C00126,P0075,RP012,2026-12-12,Promotional,0.0023,2.93
REB0002413,T0002413,IL0002413,C00019,P0032,RP001,2026-02-17,Volume,0.0042,0.18
REB0002414,T0002414,IL0002414,C00389,P0027,RP002,2025-02-10,Growth,0.0148,3.27
REB0002415,T0002415,IL0002415,C00484,P0136,RP003,2025-07-02,Promotional,0.006,7.86
REB0002416,T0002416,IL0002416,C00282,P0150,RP004,2026-11-12,Volume,0.0435,50.17
REB0002417,T0002417,IL0002417,C00361,P0135,RP005,2025-12-31,Growth,0.0294,7.47
REB0002418,T0002418,IL0002418,C00411,P0089,RP006,2025-08-25,Promotional,0.0332,24.51
REB0002419,T0002419,IL0002419,C00500,P0059,RP007,2025-11-14,Volume,0.0392,80.6
REB0002420,T0002420,IL0002420,C00487,P0069,RP008,2025-03-06,Growth,0.0367,1.42
REB0002421,T0002421,IL0002421,C00412,P0094,RP009,2025-08-22,Promotional,0.0283,35.87
REB0002422,T0002422,IL0002422,C00213,P0061,RP010,2026-11-17,Volume,0.0279,31.76
REB0002423,T0002423,IL0002423,C00046,P0033,RP011,2025-04-17,Growth,0.0362,34.3
REB0002424,T0002424,IL0002424,C00300,P0126,RP012,2025-04-21,Promotional,0.034,93.01
REB0002425,T0002425,IL0002425,C00494,P0068,RP001,2026-04-08,Volume,0.0378,77.52
REB0002426,T0002426,IL0002426,C00050,P0137,RP002,2026-06-18,Growth,0.0531,7.34
REB0002427,T0002427,IL0002427,C00330,P0139,RP003,2026-10-26,Promotional,0.0166,10.25
REB0002428,T0002428,IL0002428,C00481,P0021,RP004,2026-05-24,Volume,0.0144,22.41
REB0002429,T0002429,IL0002429,C00461,P0025,RP005,2025-03-03,Growth,0.0006,0.33
REB0002430,T0002430,IL0002430,C00240,P0124,RP006,2025-10-26,Promotional,0.024,5.9
REB0002431,T0002431,IL0002431,C00380,P0096,RP007,2025-05-28,Volume,0.035,45.62
REB0002432,T0002432,IL0002432,C00280,P0135,RP008,2025-10-16,Growth,0.0214,29.43
REB0002433,T0002433,IL0002433,C00083,P0100,RP009,2026-11-19,Promotional,0.0164,25.81
REB0002434,T0002434,IL0002434,C00386,P0060,RP010,2026-12-03,Volume,0.0314,1.94
REB0002435,T0002435,IL0002435,C00008,P0059,RP011,2026-10-23,Growth,0.0529,15.79
REB0002436,T0002436,IL0002436,C00287,P0147,RP012,2026-01-18,Promotional,0.0256,12.49
REB0002437,T0002437,IL0002437,C00473,P0064,RP001,2025-12-07,Volume,0.0481,47.0
REB0002438,T0002438,IL0002438,C00058,P0109,RP002,2025-06-28,Growth,0.0152,1.53
REB0002439,T0002439,IL0002439,C00102,P0095,RP003,2025-08-26,Promotional,0.0462,48.91
REB0002440,T0002440,IL0002440,C00454,P0084,RP004,2025-09-03,Volume,0.012,12.03
REB0002441,T0002441,IL0002441,C00377,P0021,RP005,2025-06-16,Growth,0.0299,8.24
REB0002442,T0002442,IL0002442,C00299,P0124,RP006,2026-10-13,Promotional,0.0474,12.0
REB0002443,T0002443,IL0002443,C00359,P0007,RP007,2026-05-13,Volume,0.0492,4.12
REB0002444,T0002444,IL0002444,C00196,P0002,RP008,2026-12-17,Growth,0.0418,23.03
REB0002445,T0002445,IL0002445,C00198,P0144,RP009,2026-04-04,Promotional,0.0252,13.61
REB0002446,T0002446,IL0002446,C00144,P0058,RP010,2026-02-02,Volume,0.0323,58.64
REB0002447,T0002447,IL0002447,C00432,P0021,RP011,2025-08-27,Growth,0.0435,6.43
REB0002448,T0002448,IL0002448,C00459,P0068,RP012,2026-05-27,Promotional,0.0293,16.45
REB0002449,T0002449,IL0002449,C00372,P0056,RP001,2026-03-26,Volume,0.0187,8.96
REB0002450,T0002450,IL0002450,C00457,P0093,RP002,2026-08-21,Growth,0.0059,8.54
REB0002451,T0002451,IL0002451,C00452,P0116,RP003,2025-11-11,Promotional,0.0082,9.83
REB0002452,T0002452,IL0002452,C00296,P0054,RP004,2026-12-01,Volume,0.0417,47.29
REB0002453,T0002453,IL0002453,C00195,P0136,RP005,2026-12-03,Growth,0.0401,7.28
REB0002454,T0002454,IL0002454,C00035,P0056,RP006,2026-02-22,Promotional,0.0344,25.66
REB0002455,T0002455,IL0002455,C00306,P0096,RP007,2026-03-26,Volume,0.0454,9.29
REB0002456,T0002456,IL0002456,C00451,P0114,RP008,2025-07-08,Growth,0.0196,1.18
REB0002457,T0002457,IL0002457,C00407,P0009,RP009,2026-11-08,Promotional,0.0111,34.16
REB0002458,T0002458,IL0002458,C00404,P0037,RP010,2025-02-23,Volume,0.0448,18.35
REB0002459,T0002459,IL0002459,C00290,P0067,RP011,2026-01-22,Growth,0.0189,0.33
REB0002460,T0002460,IL0002460,C00157,P0024,RP012,2026-09-06,Promotional,0.0018,2.08
REB0002461,T0002461,IL0002461,C00173,P0074,RP001,2026-07-24,Volume,0.0529,118.48
REB0002462,T0002462,IL0002462,C00132,P0043,RP002,2025-01-11,Growth,0.0004,0.71
REB0002463,T0002463,IL0002463,C00497,P0034,RP003,2025-11-06,Promotional,0.0523,83.91
REB0002464,T0002464,IL0002464,C00015,P0047,RP004,2026-02-11,Volume,0.0137,13.81
REB0002465,T0002465,IL0002465,C00319,P0084,RP005,2025-04-06,Growth,0.0427,97.68
REB0002466,T0002466,IL0002466,C00398,P0124,RP006,2026-06-22,Promotional,0.0138,22.38
REB0002467,T0002467,IL0002467,C00089,P0148,RP007,2026-02-23,Volume,0.0063,16.25
REB0002468,T0002468,IL0002468,C00260,P0002,RP008,2026-07-25,Growth,0.0295,0.13
REB0002469,T0002469,IL0002469,C00076,P0041,RP009,2025-01-22,Promotional,0.0521,19.57
REB0002470,T0002470,IL0002470,C00338,P0018,RP010,2025-05-21,Volume,0.0358,25.35
REB0002471,T0002471,IL0002471,C00349,P0147,RP011,2026-11-29,Growth,0.0397,19.16
REB0002472,T0002472,IL0002472,C00377,P0139,RP012,2025-10-27,Promotional,0.0272,2.48
REB0002473,T0002473,IL0002473,C00363,P0003,RP001,2026-07-02,Volume,0.0538,13.63
REB0002474,T0002474,IL0002474,C00380,P0137,RP002,2025-10-02,Growth,0.0053,11.2
REB0002475,T0002475,IL0002475,C00434,P0124,RP003,2026-09-16,Promotional,0.0026,0.31
REB0002476,T0002476,IL0002476,C00065,P0061,RP004,2025-12-28,Volume,0.0148,12.89
REB0002477,T0002477,IL0002477,C00259,P0042,RP005,2025-12-15,Growth,0.0204,4.96
REB0002478,T0002478,IL0002478,C00411,P0114,RP006,2025-08-05,Promotional,0.0257,26.95
REB0002479,T0002479,IL0002479,C00406,P0080,RP007,2025-04-24,Volume,0.0227,23.66
REB0002480,T0002480,IL0002480,C00122,P0018,RP008,2026-07-13,Growth,0.0503,60.51
REB0002481,T0002481,IL0002481,C00363,P0119,RP009,2026-03-21,Promotional,0.0168,15.39
REB0002482,T0002482,IL0002482,C00266,P0127,RP010,2026-04-19,Volume,0.0414,37.01
REB0002483,T0002483,IL0002483,C00332,P0012,RP011,2026-11-24,Growth,0.0294,10.58
REB0002484,T0002484,IL0002484,C00443,P0108,RP012,2026-08-19,Promotional,0.0036,0.55
REB0002485,T0002485,IL0002485,C00148,P0043,RP001,2025-05-11,Volume,0.0069,11.16
REB0002486,T0002486,IL0002486,C00401,P0060,RP002,2026-02-27,Growth,0.0536,20.57
REB0002487,T0002487,IL0002487,C00056,P0030,RP003,2025-09-05,Promotional,0.0142,13.04
REB0002488,T0002488,IL0002488,C00450,P0003,RP004,2025-01-14,Volume,0.012,11.47
REB0002489,T0002489,IL0002489,C00411,P0079,RP005,2026-04-05,Growth,0.053,30.26
REB0002490,T0002490,IL0002490,C00467,P0124,RP006,2026-03-02,Promotional,0.0434,21.68
REB0002491,T0002491,IL0002491,C00239,P0061,RP007,2025-11-05,Volume,0.031,4.35
REB0002492,T0002492,IL0002492,C00154,P0117,RP008,2026-03-19,Growth,0.0248,9.15
REB0002493,T0002493,IL0002493,C00134,P0014,RP009,2025-11-22,Promotional,0.0329,23.05
REB0002494,T0002494,IL0002494,C00487,P0094,RP010,2026-03-30,Volume,0.0376,34.58
REB0002495,T0002495,IL0002495,C00379,P0047,RP011,2025-08-06,Growth,0.0251,14.29
REB0002496,T0002496,IL0002496,C00127,P0006,RP012,2025-08-15,Promotional,0.0374,16.71
REB0002497,T0002497,IL0002497,C00433,P0046,RP001,2025-04-14,Volume,0.0314,42.16
REB0002498,T0002498,IL0002498,C00124,P0059,RP002,2025-02-26,Growth,0.0136,1.44
REB0002499,T0002499,IL0002499,C00046,P0094,RP003,2026-12-27,Promotional,0.0526,56.94
REB0002500,T0002500,IL0002500,C00078,P0077,RP004,2025-06-05,Volume,0.0204,16.58
REB0002501,T0002501,IL0002501,C00411,P0010,RP005,2026-06-07,Growth,0.0537,21.88
REB0002502,T0002502,IL0002502,C00374,P0080,RP006,2025-08-17,Promotional,0.0481,68.0
REB0002503,T0002503,IL0002503,C00184,P0128,RP007,2025-11-18,Volume,0.0347,37.69
REB0002504,T0002504,IL0002504,C00062,P0106,RP008,2026-03-17,Growth,0.049,15.67
REB0002505,T0002505,IL0002505,C00235,P0112,RP009,2025-01-01,Promotional,0.0309,5.85
REB0002506,T0002506,IL0002506,C00305,P0115,RP010,2026-03-07,Volume,0.0232,3.89
REB0002507,T0002507,IL0002507,C00020,P0028,RP011,2026-08-31,Growth,0.0053,2.37
REB0002508,T0002508,IL0002508,C00269,P0129,RP012,2026-06-10,Promotional,0.0536,18.27
REB0002509,T0002509,IL0002509,C00268,P0030,RP001,2026-07-23,Volume,0.029,43.96
REB0002510,T0002510,IL0002510,C00180,P0010,RP002,2025-02-16,Growth,0.0417,35.38
REB0002511,T0002511,IL0002511,C00487,P0040,RP003,2026-05-06,Promotional,0.0062,4.85
REB0002512,T0002512,IL0002512,C00099,P0118,RP004,2026-10-10,Volume,0.04,37.99
REB0002513,T0002513,IL0002513,C00394,P0103,RP005,2025-02-20,Growth,0.0346,86.44
REB0002514,T0002514,IL0002514,C00312,P0141,RP006,2025-10-18,Promotional,0.0145,17.45
REB0002515,T0002515,IL0002515,C00231,P0096,RP007,2026-03-04,Volume,0.0234,29.3
REB0002516,T0002516,IL0002516,C00421,P0103,RP008,2026-01-10,Growth,0.0504,26.86
REB0002517,T0002517,IL0002517,C00369,P0009,RP009,2025-01-17,Promotional,0.0417,48.18
REB0002518,T0002518,IL0002518,C00407,P0062,RP010,2026-05-09,Volume,0.0059,1.11
REB0002519,T0002519,IL0002519,C00281,P0124,RP011,2025-10-17,Growth,0.0076,0.65
REB0002520,T0002520,IL0002520,C00337,P0015,RP012,2025-01-25,Promotional,0.0396,42.73
REB0002521,T0002521,IL0002521,C00291,P0127,RP001,2025-08-02,Volume,0.0208,15.99
REB0002522,T0002522,IL0002522,C00128,P0135,RP002,2025-10-16,Growth,0.0172,0.57
REB0002523,T0002523,IL0002523,C00252,P0072,RP003,2025-01-19,Promotional,0.0173,44.25
REB0002524,T0002524,IL0002524,C00255,P0050,RP004,2026-09-27,Volume,0.0185,6.24
REB0002525,T0002525,IL0002525,C00085,P0033,RP005,2025-01-05,Growth,0.0206,0.93
REB0002526,T0002526,IL0002526,C00095,P0093,RP006,2025-04-15,Promotional,0.0056,6.73
REB0002527,T0002527,IL0002527,C00452,P0004,RP007,2026-06-04,Volume,0.0441,8.59
REB0002528,T0002528,IL0002528,C00284,P0076,RP008,2026-06-24,Growth,0.044,82.88
REB0002529,T0002529,IL0002529,C00166,P0142,RP009,2026-09-19,Promotional,0.0537,33.48
REB0002530,T0002530,IL0002530,C00098,P0019,RP010,2026-02-07,Volume,0.0124,9.59
REB0002531,T0002531,IL0002531,C00017,P0040,RP011,2026-06-30,Growth,0.0433,63.79
REB0002532,T0002532,IL0002532,C00197,P0022,RP012,2025-01-07,Promotional,0.0276,21.12
REB0002533,T0002533,IL0002533,C00412,P0033,RP001,2026-08-18,Volume,0.0167,35.81
REB0002534,T0002534,IL0002534,C00149,P0017,RP002,2025-08-05,Growth,0.0038,1.55
REB0002535,T0002535,IL0002535,C00325,P0027,RP003,2026-07-30,Promotional,0.0388,3.05
REB0002536,T0002536,IL0002536,C00343,P0001,RP004,2026-08-25,Volume,0.0315,28.21
REB0002537,T0002537,IL0002537,C00233,P0026,RP005,2026-01-31,Growth,0.0057,8.4
REB0002538,T0002538,IL0002538,C00162,P0122,RP006,2025-10-06,Promotional,0.0148,6.67
REB0002539,T0002539,IL0002539,C00440,P0116,RP007,2025-08-08,Volume,0.0289,28.45
REB0002540,T0002540,IL0002540,C00363,P0059,RP008,2025-04-20,Growth,0.0165,4.15
REB0002541,T0002541,IL0002541,C00389,P0116,RP009,2026-03-13,Promotional,0.0191,25.11
REB0002542,T0002542,IL0002542,C00042,P0007,RP010,2025-02-07,Volume,0.0091,14.56
REB0002543,T0002543,IL0002543,C00032,P0072,RP011,2025-01-22,Growth,0.0482,79.3
REB0002544,T0002544,IL0002544,C00303,P0070,RP012,2026-06-16,Promotional,0.0136,11.12
REB0002545,T0002545,IL0002545,C00409,P0120,RP001,2026-04-12,Volume,0.0122,2.62
REB0002546,T0002546,IL0002546,C00415,P0052,RP002,2025-07-22,Growth,0.0243,35.53
REB0002547,T0002547,IL0002547,C00143,P0007,RP003,2025-02-07,Promotional,0.0445,7.98
REB0002548,T0002548,IL0002548,C00119,P0060,RP004,2025-08-21,Volume,0.0509,62.6
REB0002549,T0002549,IL0002549,C00246,P0007,RP005,2025-04-22,Growth,0.0416,23.25
REB0002550,T0002550,IL0002550,C00197,P0104,RP006,2025-07-04,Promotional,0.0337,31.82
REB0002551,T0002551,IL0002551,C00111,P0146,RP007,2026-04-11,Volume,0.0395,71.06
REB0002552,T0002552,IL0002552,C00422,P0090,RP008,2026-07-28,Growth,0.0342,65.89
REB0002553,T0002553,IL0002553,C00340,P0024,RP009,2026-04-10,Promotional,0.011,5.3
REB0002554,T0002554,IL0002554,C00226,P0009,RP010,2026-02-04,Volume,0.048,1.22
REB0002555,T0002555,IL0002555,C00199,P0035,RP011,2025-05-05,Growth,0.0103,0.76
REB0002556,T0002556,IL0002556,C00107,P0137,RP012,2026-02-15,Promotional,0.0346,7.1
REB0002557,T0002557,IL0002557,C00307,P0061,RP001,2025-08-25,Volume,0.0298,12.08
REB0002558,T0002558,IL0002558,C00186,P0083,RP002,2025-06-04,Growth,0.0542,7.0
REB0002559,T0002559,IL0002559,C00342,P0015,RP003,2025-04-24,Promotional,0.0253,22.53
REB0002560,T0002560,IL0002560,C00321,P0132,RP004,2026-10-01,Volume,0.037,29.57
REB0002561,T0002561,IL0002561,C00438,P0078,RP005,2026-06-28,Growth,0.0489,106.94
REB0002562,T0002562,IL0002562,C00101,P0056,RP006,2025-05-11,Promotional,0.0372,4.44
REB0002563,T0002563,IL0002563,C00212,P0093,RP007,2026-10-06,Volume,0.0425,13.55
REB0002564,T0002564,IL0002564,C00110,P0021,RP008,2026-02-25,Growth,0.0351,68.67
REB0002565,T0002565,IL0002565,C00098,P0106,RP009,2025-06-09,Promotional,0.0279,13.98
REB0002566,T0002566,IL0002566,C00434,P0119,RP010,2026-02-28,Volume,0.0318,3.98
REB0002567,T0002567,IL0002567,C00176,P0036,RP011,2025-07-03,Growth,0.025,20.02
REB0002568,T0002568,IL0002568,C00299,P0067,RP012,2026-04-18,Promotional,0.0172,20.92
REB0002569,T0002569,IL0002569,C00351,P0134,RP001,2025-11-05,Volume,0.0387,46.49
REB0002570,T0002570,IL0002570,C00039,P0080,RP002,2025-04-29,Growth,0.0286,4.01
REB0002571,T0002571,IL0002571,C00163,P0090,RP003,2025-12-08,Promotional,0.0092,2.55
REB0002572,T0002572,IL0002572,C00473,P0092,RP004,2025-06-25,Volume,0.0525,22.24
REB0002573,T0002573,IL0002573,C00454,P0102,RP005,2025-07-02,Growth,0.004,0.17
REB0002574,T0002574,IL0002574,C00318,P0146,RP006,2026-11-05,Promotional,0.0438,94.88
REB0002575,T0002575,IL0002575,C00162,P0089,RP007,2026-08-16,Volume,0.0248,79.48
REB0002576,T0002576,IL0002576,C00201,P0117,RP008,2025-08-10,Growth,0.0216,20.51
REB0002577,T0002577,IL0002577,C00187,P0143,RP009,2025-06-14,Promotional,0.0024,0.58
REB0002578,T0002578,IL0002578,C00359,P0038,RP010,2026-06-05,Volume,0.0281,18.28
REB0002579,T0002579,IL0002579,C00021,P0121,RP011,2025-04-24,Growth,0.0394,30.8
REB0002580,T0002580,IL0002580,C00077,P0048,RP012,2025-12-24,Promotional,0.0012,0.65
REB0002581,T0002581,IL0002581,C00036,P0112,RP001,2026-11-21,Volume,0.0346,63.7
REB0002582,T0002582,IL0002582,C00181,P0085,RP002,2025-12-02,Growth,0.0285,0.32
REB0002583,T0002583,IL0002583,C00066,P0033,RP003,2026-12-29,Promotional,0.0006,0.16
REB0002584,T0002584,IL0002584,C00382,P0136,RP004,2025-06-07,Volume,0.0078,0.24
REB0002585,T0002585,IL0002585,C00414,P0053,RP005,2025-12-05,Growth,0.0526,35.93
REB0002586,T0002586,IL0002586,C00203,P0057,RP006,2026-12-28,Promotional,0.046,97.41
REB0002587,T0002587,IL0002587,C00440,P0001,RP007,2025-07-31,Volume,0.0214,15.33
REB0002588,T0002588,IL0002588,C00352,P0140,RP008,2025-02-01,Growth,0.0181,25.0
REB0002589,T0002589,IL0002589,C00485,P0106,RP009,2026-08-18,Promotional,0.0197,3.99
REB0002590,T0002590,IL0002590,C00316,P0147,RP010,2026-02-22,Volume,0.046,20.79
REB0002591,T0002591,IL0002591,C00084,P0035,RP011,2026-12-15,Growth,0.025,2.83
REB0002592,T0002592,IL0002592,C00379,P0015,RP012,2025-10-05,Promotional,0.0479,139.46
REB0002593,T0002593,IL0002593,C00060,P0085,RP001,2025-03-31,Volume,0.0255,17.72
REB0002594,T0002594,IL0002594,C00114,P0022,RP002,2025-02-11,Growth,0.014,12.88
REB0002595,T0002595,IL0002595,C00004,P0121,RP003,2026-06-04,Promotional,0.017,25.48
REB0002596,T0002596,IL0002596,C00189,P0085,RP004,2025-08-14,Volume,0.0436,58.46
REB0002597,T0002597,IL0002597,C00311,P0023,RP005,2026-09-06,Growth,0.0123,11.05
REB0002598,T0002598,IL0002598,C00227,P0065,RP006,2025-05-27,Promotional,0.0538,4.97
REB0002599,T0002599,IL0002599,C00409,P0028,RP007,2025-02-09,Volume,0.039,9.15
REB0002600,T0002600,IL0002600,C00101,P0070,RP008,2026-06-11,Growth,0.035,62.57
REB0002601,T0002601,IL0002601,C00352,P0127,RP009,2025-01-08,Promotional,0.0402,84.18
REB0002602,T0002602,IL0002602,C00065,P0120,RP010,2026-09-01,Volume,0.0471,65.46
REB0002603,T0002603,IL0002603,C00452,P0133,RP011,2026-07-08,Growth,0.0308,14.73
REB0002604,T0002604,IL0002604,C00396,P0067,RP012,2026-07-14,Promotional,0.05,84.85
REB0002605,T0002605,IL0002605,C00301,P0073,RP001,2026-05-24,Volume,0.0353,49.52
REB0002606,T0002606,IL0002606,C00232,P0104,RP002,2025-02-14,Growth,0.0509,39.5
REB0002607,T0002607,IL0002607,C00291,P0028,RP003,2025-12-30,Promotional,0.0319,6.24
REB0002608,T0002608,IL0002608,C00489,P0146,RP004,2025-12-04,Volume,0.0236,53.01
REB0002609,T0002609,IL0002609,C00473,P0128,RP005,2025-08-17,Growth,0.0262,44.33
REB0002610,T0002610,IL0002610,C00020,P0126,RP006,2026-11-25,Promotional,0.0378,13.51
REB0002611,T0002611,IL0002611,C00327,P0050,RP007,2026-12-04,Volume,0.012,1.41
REB0002612,T0002612,IL0002612,C00257,P0083,RP008,2026-12-30,Growth,0.0333,1.0
REB0002613,T0002613,IL0002613,C00373,P0048,RP009,2025-02-14,Promotional,0.0376,15.7
REB0002614,T0002614,IL0002614,C00356,P0085,RP010,2025-11-18,Volume,0.0029,3.22
REB0002615,T0002615,IL0002615,C00039,P0075,RP011,2026-05-14,Growth,0.0173,30.12
REB0002616,T0002616,IL0002616,C00019,P0011,RP012,2025-06-02,Promotional,0.017,5.91
REB0002617,T0002617,IL0002617,C00410,P0101,RP001,2026-04-27,Volume,0.0329,5.18
REB0002618,T0002618,IL0002618,C00432,P0108,RP002,2025-01-15,Growth,0.0093,0.88
REB0002619,T0002619,IL0002619,C00364,P0007,RP003,2026-11-03,Promotional,0.0137,10.6
REB0002620,T0002620,IL0002620,C00298,P0086,RP004,2025-12-15,Volume,0.0004,0.27
REB0002621,T0002621,IL0002621,C00160,P0056,RP005,2026-11-20,Growth,0.0398,17.11
REB0002622,T0002622,IL0002622,C00267,P0046,RP006,2025-01-30,Promotional,0.0459,64.36
REB0002623,T0002623,IL0002623,C00095,P0048,RP007,2025-01-18,Volume,0.0013,0.3
REB0002624,T0002624,IL0002624,C00481,P0119,RP008,2026-10-21,Growth,0.0031,1.23
REB0002625,T0002625,IL0002625,C00235,P0112,RP009,2025-02-03,Promotional,0.04,101.16
REB0002626,T0002626,IL0002626,C00419,P0060,RP010,2026-12-04,Volume,0.0431,14.68
REB0002627,T0002627,IL0002627,C00013,P0123,RP011,2025-08-18,Growth,0.0494,10.66
REB0002628,T0002628,IL0002628,C00228,P0072,RP012,2026-04-20,Promotional,0.0178,37.85
REB0002629,T0002629,IL0002629,C00457,P0141,RP001,2025-06-20,Volume,0.0285,4.88
REB0002630,T0002630,IL0002630,C00216,P0148,RP002,2025-06-21,Growth,0.0201,6.14
REB0002631,T0002631,IL0002631,C00210,P0004,RP003,2026-05-18,Promotional,0.0487,99.48
REB0002632,T0002632,IL0002632,C00470,P0088,RP004,2025-09-21,Volume,0.0138,14.59
REB0002633,T0002633,IL0002633,C00002,P0070,RP005,2026-03-29,Growth,0.0547,52.68
REB0002634,T0002634,IL0002634,C00233,P0040,RP006,2026-09-14,Promotional,0.0075,2.84
REB0002635,T0002635,IL0002635,C00363,P0097,RP007,2025-03-14,Volume,0.0271,9.28
REB0002636,T0002636,IL0002636,C00374,P0102,RP008,2026-02-01,Growth,0.053,11.75
REB0002637,T0002637,IL0002637,C00430,P0095,RP009,2026-08-15,Promotional,0.0484,21.04
REB0002638,T0002638,IL0002638,C00185,P0061,RP010,2026-12-03,Volume,0.0317,7.18
REB0002639,T0002639,IL0002639,C00011,P0134,RP011,2026-07-24,Growth,0.0283,1.13
REB0002640,T0002640,IL0002640,C00188,P0044,RP012,2025-04-16,Promotional,0.0259,36.71
REB0002641,T0002641,IL0002641,C00297,P0096,RP001,2026-07-16,Volume,0.0227,24.77
REB0002642,T0002642,IL0002642,C00475,P0147,RP002,2025-02-05,Growth,0.0305,6.91
REB0002643,T0002643,IL0002643,C00077,P0090,RP003,2025-02-19,Promotional,0.0126,21.29
REB0002644,T0002644,IL0002644,C00089,P0121,RP004,2026-11-22,Volume,0.0365,32.1
REB0002645,T0002645,IL0002645,C00165,P0116,RP005,2026-03-09,Growth,0.0365,46.48
REB0002646,T0002646,IL0002646,C00085,P0015,RP006,2026-10-27,Promotional,0.0116,2.63
REB0002647,T0002647,IL0002647,C00048,P0049,RP007,2026-01-11,Volume,0.0478,121.61
REB0002648,T0002648,IL0002648,C00395,P0115,RP008,2026-08-11,Growth,0.0505,27.11
REB0002649,T0002649,IL0002649,C00414,P0118,RP009,2025-04-01,Promotional,0.0215,5.23
REB0002650,T0002650,IL0002650,C00264,P0015,RP010,2025-02-05,Volume,0.0371,39.59
REB0002651,T0002651,IL0002651,C00296,P0143,RP011,2026-09-25,Growth,0.008,2.34
REB0002652,T0002652,IL0002652,C00047,P0015,RP012,2025-04-30,Promotional,0.0138,24.6
REB0002653,T0002653,IL0002653,C00373,P0083,RP001,2026-11-16,Volume,0.0317,34.9
REB0002654,T0002654,IL0002654,C00233,P0051,RP002,2026-11-06,Growth,0.0081,1.81
REB0002655,T0002655,IL0002655,C00340,P0035,RP003,2026-05-23,Promotional,0.0452,77.16
REB0002656,T0002656,IL0002656,C00443,P0027,RP004,2026-07-16,Volume,0.0259,21.33
REB0002657,T0002657,IL0002657,C00157,P0099,RP005,2026-04-03,Growth,0.0057,2.26
REB0002658,T0002658,IL0002658,C00042,P0068,RP006,2025-07-04,Promotional,0.0445,10.61
REB0002659,T0002659,IL0002659,C00217,P0115,RP007,2025-07-05,Volume,0.0298,48.52
REB0002660,T0002660,IL0002660,C00263,P0067,RP008,2025-12-04,Growth,0.0505,85.44
REB0002661,T0002661,IL0002661,C00110,P0107,RP009,2026-12-10,Promotional,0.0183,34.34
REB0002662,T0002662,IL0002662,C00193,P0064,RP010,2025-09-15,Volume,0.0291,0.9
REB0002663,T0002663,IL0002663,C00179,P0105,RP011,2026-11-17,Growth,0.0075,3.21
REB0002664,T0002664,IL0002664,C00495,P0120,RP012,2025-03-05,Promotional,0.0174,16.21
REB0002665,T0002665,IL0002665,C00231,P0077,RP001,2025-05-14,Volume,0.0097,1.61
REB0002666,T0002666,IL0002666,C00035,P0138,RP002,2026-05-19,Growth,0.023,7.37
REB0002667,T0002667,IL0002667,C00040,P0054,RP003,2026-10-03,Promotional,0.0268,1.56
REB0002668,T0002668,IL0002668,C00164,P0077,RP004,2025-03-21,Volume,0.0238,26.75
REB0002669,T0002669,IL0002669,C00085,P0142,RP005,2025-01-30,Growth,0.0365,14.62
REB0002670,T0002670,IL0002670,C00428,P0070,RP006,2025-11-20,Promotional,0.0086,20.68
REB0002671,T0002671,IL0002671,C00169,P0040,RP007,2025-02-06,Volume,0.0448,8.88
REB0002672,T0002672,IL0002672,C00108,P0041,RP008,2025-06-21,Growth,0.0539,58.53
REB0002673,T0002673,IL0002673,C00280,P0100,RP009,2026-05-08,Promotional,0.0102,24.49
REB0002674,T0002674,IL0002674,C00370,P0063,RP010,2025-01-30,Volume,0.0125,0.42
REB0002675,T0002675,IL0002675,C00209,P0047,RP011,2025-01-08,Growth,0.0447,50.67
REB0002676,T0002676,IL0002676,C00246,P0063,RP012,2026-01-13,Promotional,0.0442,25.04
REB0002677,T0002677,IL0002677,C00029,P0066,RP001,2025-02-07,Volume,0.012,5.82
REB0002678,T0002678,IL0002678,C00343,P0033,RP002,2026-10-14,Growth,0.0501,62.68
REB0002679,T0002679,IL0002679,C00170,P0088,RP003,2025-06-06,Promotional,0.0385,60.61
REB0002680,T0002680,IL0002680,C00333,P0010,RP004,2026-04-15,Volume,0.0469,4.79
REB0002681,T0002681,IL0002681,C00205,P0118,RP005,2025-10-20,Growth,0.0209,27.89
REB0002682,T0002682,IL0002682,C00475,P0068,RP006,2026-11-19,Promotional,0.0343,76.88
REB0002683,T0002683,IL0002683,C00170,P0091,RP007,2026-09-09,Volume,0.0467,118.19
REB0002684,T0002684,IL0002684,C00299,P0072,RP008,2025-11-17,Growth,0.0305,24.34
REB0002685,T0002685,IL0002685,C00116,P0063,RP009,2025-02-18,Promotional,0.0278,7.55
REB0002686,T0002686,IL0002686,C00127,P0092,RP010,2025-08-18,Volume,0.0426,89.39
REB0002687,T0002687,IL0002687,C00188,P0056,RP011,2025-04-30,Growth,0.0252,22.13
REB0002688,T0002688,IL0002688,C00393,P0118,RP012,2026-06-08,Promotional,0.0342,59.97
REB0002689,T0002689,IL0002689,C00181,P0127,RP001,2025-10-30,Volume,0.0014,1.8
REB0002690,T0002690,IL0002690,C00199,P0035,RP002,2026-10-07,Growth,0.0489,11.94
REB0002691,T0002691,IL0002691,C00177,P0042,RP003,2026-10-02,Promotional,0.0445,26.64
REB0002692,T0002692,IL0002692,C00331,P0129,RP004,2026-06-27,Volume,0.0335,6.7
REB0002693,T0002693,IL0002693,C00252,P0076,RP005,2026-01-19,Growth,0.0444,17.02
REB0002694,T0002694,IL0002694,C00238,P0052,RP006,2025-09-26,Promotional,0.0031,7.04
REB0002695,T0002695,IL0002695,C00371,P0024,RP007,2025-06-26,Volume,0.0095,14.21
REB0002696,T0002696,IL0002696,C00428,P0006,RP008,2026-10-22,Growth,0.0303,6.68
REB0002697,T0002697,IL0002697,C00245,P0147,RP009,2025-12-29,Promotional,0.0263,10.59
REB0002698,T0002698,IL0002698,C00122,P0040,RP010,2026-11-03,Volume,0.0048,3.81
REB0002699,T0002699,IL0002699,C00135,P0129,RP011,2025-08-27,Growth,0.0343,12.18
REB0002700,T0002700,IL0002700,C00045,P0048,RP012,2026-03-02,Promotional,0.0083,3.95
REB0002701,T0002701,IL0002701,C00105,P0129,RP001,2026-12-26,Volume,0.0309,4.12
REB0002702,T0002702,IL0002702,C00280,P0136,RP002,2026-07-24,Growth,0.0087,12.37
REB0002703,T0002703,IL0002703,C00019,P0132,RP003,2026-08-28,Promotional,0.0309,9.31
REB0002704,T0002704,IL0002704,C00120,P0111,RP004,2025-06-05,Volume,0.0484,15.84
REB0002705,T0002705,IL0002705,C00112,P0141,RP005,2026-11-02,Growth,0.0263,9.55
REB0002706,T0002706,IL0002706,C00370,P0053,RP006,2025-09-02,Promotional,0.044,5.46
REB0002707,T0002707,IL0002707,C00132,P0133,RP007,2025-03-20,Volume,0.0191,17.01
REB0002708,T0002708,IL0002708,C00078,P0058,RP008,2026-04-16,Growth,0.0459,78.97
REB0002709,T0002709,IL0002709,C00048,P0015,RP009,2025-03-20,Promotional,0.0418,105.98
REB0002710,T0002710,IL0002710,C00218,P0103,RP010,2025-03-03,Volume,0.0503,0.61
REB0002711,T0002711,IL0002711,C00126,P0036,RP011,2026-09-12,Growth,0.0408,37.65
REB0002712,T0002712,IL0002712,C00254,P0017,RP012,2026-08-17,Promotional,0.0164,2.99
REB0002713,T0002713,IL0002713,C00399,P0126,RP001,2026-07-02,Volume,0.0106,15.95
REB0002714,T0002714,IL0002714,C00375,P0002,RP002,2026-09-07,Growth,0.0502,34.71
REB0002715,T0002715,IL0002715,C00381,P0071,RP003,2025-12-12,Promotional,0.0063,11.76
REB0002716,T0002716,IL0002716,C00471,P0080,RP004,2025-08-08,Volume,0.0308,24.24
REB0002717,T0002717,IL0002717,C00431,P0050,RP005,2026-07-31,Growth,0.0226,18.17
REB0002718,T0002718,IL0002718,C00265,P0111,RP006,2025-10-08,Promotional,0.0072,1.76
REB0002719,T0002719,IL0002719,C00295,P0114,RP007,2025-06-22,Volume,0.0003,0.06
REB0002720,T0002720,IL0002720,C00190,P0113,RP008,2025-03-23,Growth,0.0209,11.28
REB0002721,T0002721,IL0002721,C00158,P0099,RP009,2025-04-15,Promotional,0.0091,9.6
REB0002722,T0002722,IL0002722,C00364,P0070,RP010,2025-12-14,Volume,0.0533,101.31
REB0002723,T0002723,IL0002723,C00256,P0116,RP011,2025-08-26,Growth,0.0372,48.31
REB0002724,T0002724,IL0002724,C00182,P0106,RP012,2026-08-04,Promotional,0.0051,0.07
REB0002725,T0002725,IL0002725,C00398,P0039,RP001,2026-05-24,Volume,0.0378,48.36
REB0002726,T0002726,IL0002726,C00381,P0054,RP002,2026-04-01,Growth,0.003,2.67
REB0002727,T0002727,IL0002727,C00405,P0150,RP003,2025-01-22,Promotional,0.0223,3.11
REB0002728,T0002728,IL0002728,C00097,P0106,RP004,2025-03-13,Volume,0.031,1.25
REB0002729,T0002729,IL0002729,C00018,P0004,RP005,2026-04-20,Growth,0.0363,30.92
REB0002730,T0002730,IL0002730,C00305,P0091,RP006,2025-07-05,Promotional,0.0161,17.4
REB0002731,T0002731,IL0002731,C00432,P0091,RP007,2026-05-03,Volume,0.0006,0.26
REB0002732,T0002732,IL0002732,C00332,P0115,RP008,2025-03-10,Growth,0.0383,21.56
REB0002733,T0002733,IL0002733,C00418,P0105,RP009,2025-05-01,Promotional,0.0403,36.14
REB0002734,T0002734,IL0002734,C00437,P0012,RP010,2026-12-01,Volume,0.0057,1.52
REB0002735,T0002735,IL0002735,C00230,P0104,RP011,2025-12-12,Growth,0.0521,7.53
REB0002736,T0002736,IL0002736,C00089,P0063,RP012,2025-10-23,Promotional,0.0491,80.22
REB0002737,T0002737,IL0002737,C00415,P0121,RP001,2026-07-02,Volume,0.0363,59.05
REB0002738,T0002738,IL0002738,C00141,P0117,RP002,2026-01-23,Growth,0.0486,23.93
REB0002739,T0002739,IL0002739,C00492,P0010,RP003,2026-04-25,Promotional,0.04,8.67
REB0002740,T0002740,IL0002740,C00478,P0103,RP004,2025-11-04,Volume,0.055,35.01
REB0002741,T0002741,IL0002741,C00186,P0078,RP005,2026-04-14,Growth,0.0447,70.55
REB0002742,T0002742,IL0002742,C00497,P0048,RP006,2025-12-11,Promotional,0.0308,90.08
REB0002743,T0002743,IL0002743,C00241,P0144,RP007,2025-02-27,Volume,0.0512,24.6
REB0002744,T0002744,IL0002744,C00425,P0008,RP008,2026-07-23,Growth,0.0322,24.33
REB0002745,T0002745,IL0002745,C00076,P0139,RP009,2025-01-20,Promotional,0.0118,23.1
REB0002746,T0002746,IL0002746,C00158,P0104,RP010,2026-02-24,Volume,0.0008,0.6
REB0002747,T0002747,IL0002747,C00432,P0006,RP011,2026-08-31,Growth,0.029,7.15
REB0002748,T0002748,IL0002748,C00392,P0112,RP012,2026-12-23,Promotional,0.0414,12.03
REB0002749,T0002749,IL0002749,C00140,P0130,RP001,2025-08-29,Volume,0.0167,10.78
REB0002750,T0002750,IL0002750,C00210,P0089,RP002,2026-09-23,Growth,0.0187,42.49
REB0002751,T0002751,IL0002751,C00347,P0071,RP003,2026-01-05,Promotional,0.0149,9.56
REB0002752,T0002752,IL0002752,C00100,P0079,RP004,2025-02-11,Volume,0.0099,6.09
REB0002753,T0002753,IL0002753,C00433,P0100,RP005,2025-05-09,Growth,0.0122,5.61
REB0002754,T0002754,IL0002754,C00386,P0067,RP006,2026-04-18,Promotional,0.0081,5.01
REB0002755,T0002755,IL0002755,C00063,P0033,RP007,2026-01-12,Volume,0.0541,44.51
REB0002756,T0002756,IL0002756,C00205,P0105,RP008,2025-08-03,Growth,0.0546,16.66
REB0002757,T0002757,IL0002757,C00082,P0134,RP009,2026-02-14,Promotional,0.012,6.42
REB0002758,T0002758,IL0002758,C00053,P0010,RP010,2025-08-01,Volume,0.0393,39.44
REB0002759,T0002759,IL0002759,C00336,P0054,RP011,2025-05-26,Growth,0.0105,0.6
REB0002760,T0002760,IL0002760,C00276,P0132,RP012,2026-10-04,Promotional,0.0045,4.65
REB0002761,T0002761,IL0002761,C00138,P0119,RP001,2025-01-13,Volume,0.0345,14.1
REB0002762,T0002762,IL0002762,C00293,P0099,RP002,2026-03-08,Growth,0.0203,2.24
REB0002763,T0002763,IL0002763,C00074,P0025,RP003,2026-12-09,Promotional,0.0341,67.63
REB0002764,T0002764,IL0002764,C00323,P0116,RP004,2025-05-29,Volume,0.0399,55.76
REB0002765,T0002765,IL0002765,C00020,P0057,RP005,2026-08-09,Growth,0.0372,63.97
REB0002766,T0002766,IL0002766,C00191,P0006,RP006,2026-12-12,Promotional,0.0454,6.81
REB0002767,T0002767,IL0002767,C00349,P0008,RP007,2025-03-24,Volume,0.0405,5.89
REB0002768,T0002768,IL0002768,C00331,P0118,RP008,2026-02-17,Growth,0.0456,42.31
REB0002769,T0002769,IL0002769,C00299,P0092,RP009,2026-07-27,Promotional,0.0102,5.0
REB0002770,T0002770,IL0002770,C00167,P0091,RP010,2025-04-16,Volume,0.0315,21.6
REB0002771,T0002771,IL0002771,C00173,P0074,RP011,2026-09-22,Growth,0.0157,11.03
REB0002772,T0002772,IL0002772,C00039,P0121,RP012,2025-07-23,Promotional,0.0469,74.09
REB0002773,T0002773,IL0002773,C00482,P0053,RP001,2026-04-24,Volume,0.0405,24.35
REB0002774,T0002774,IL0002774,C00088,P0053,RP002,2025-07-10,Growth,0.0036,5.2
REB0002775,T0002775,IL0002775,C00018,P0003,RP003,2025-05-07,Promotional,0.0013,2.24
REB0002776,T0002776,IL0002776,C00159,P0078,RP004,2026-02-28,Volume,0.0258,75.69
REB0002777,T0002777,IL0002777,C00248,P0111,RP005,2025-04-04,Growth,0.0161,1.63
REB0002778,T0002778,IL0002778,C00487,P0144,RP006,2026-10-16,Promotional,0.0394,1.45
REB0002779,T0002779,IL0002779,C00469,P0127,RP007,2025-09-19,Volume,0.0409,32.37
REB0002780,T0002780,IL0002780,C00484,P0147,RP008,2026-05-29,Growth,0.0304,25.54
REB0002781,T0002781,IL0002781,C00227,P0024,RP009,2026-04-06,Promotional,0.0245,70.64
REB0002782,T0002782,IL0002782,C00261,P0082,RP010,2026-02-17,Volume,0.0032,2.17
REB0002783,T0002783,IL0002783,C00425,P0100,RP011,2026-08-29,Growth,0.0512,96.83
REB0002784,T0002784,IL0002784,C00208,P0085,RP012,2026-06-26,Promotional,0.0018,0.29
REB0002785,T0002785,IL0002785,C00024,P0054,RP001,2026-07-14,Volume,0.0498,41.74
REB0002786,T0002786,IL0002786,C00226,P0071,RP002,2025-09-23,Growth,0.0485,92.49
REB0002787,T0002787,IL0002787,C00023,P0061,RP003,2025-12-13,Promotional,0.0225,38.59
REB0002788,T0002788,IL0002788,C00463,P0012,RP004,2026-07-31,Volume,0.0119,3.8
REB0002789,T0002789,IL0002789,C00206,P0001,RP005,2026-11-09,Growth,0.0474,34.49
REB0002790,T0002790,IL0002790,C00405,P0133,RP006,2025-07-17,Promotional,0.0471,30.07
REB0002791,T0002791,IL0002791,C00048,P0096,RP007,2026-07-09,Volume,0.0329,4.84
REB0002792,T0002792,IL0002792,C00321,P0096,RP008,2026-02-15,Growth,0.0407,32.39
REB0002793,T0002793,IL0002793,C00225,P0021,RP009,2026-06-30,Promotional,0.0295,60.85
REB0002794,T0002794,IL0002794,C00363,P0042,RP010,2025-07-28,Volume,0.033,5.66
REB0002795,T0002795,IL0002795,C00039,P0050,RP011,2025-05-24,Growth,0.0479,64.03
REB0002796,T0002796,IL0002796,C00484,P0055,RP012,2025-02-23,Promotional,0.0306,13.01
REB0002797,T0002797,IL0002797,C00199,P0103,RP001,2025-01-08,Volume,0.0498,15.01
REB0002798,T0002798,IL0002798,C00118,P0016,RP002,2026-10-28,Growth,0.0051,10.63
REB0002799,T0002799,IL0002799,C00033,P0139,RP003,2026-10-21,Promotional,0.0355,17.95
REB0002800,T0002800,IL0002800,C00101,P0016,RP004,2025-08-15,Volume,0.0272,20.82
REB0002801,T0002801,IL0002801,C00114,P0030,RP005,2025-06-04,Growth,0.0386,48.65
REB0002802,T0002802,IL0002802,C00361,P0100,RP006,2026-08-20,Promotional,0.0159,41.39
REB0002803,T0002803,IL0002803,C00432,P0056,RP007,2025-02-20,Volume,0.0058,0.2
REB0002804,T0002804,IL0002804,C00383,P0105,RP008,2025-09-19,Growth,0.0056,12.9
REB0002805,T0002805,IL0002805,C00218,P0145,RP009,2025-10-07,Promotional,0.0222,11.33
REB0002806,T0002806,IL0002806,C00018,P0106,RP010,2026-05-29,Volume,0.0121,10.09
REB0002807,T0002807,IL0002807,C00335,P0011,RP011,2026-08-09,Growth,0.0079,2.36
REB0002808,T0002808,IL0002808,C00477,P0114,RP012,2026-04-11,Promotional,0.0293,11.3
REB0002809,T0002809,IL0002809,C00413,P0089,RP001,2026-09-07,Volume,0.0273,1.2
REB0002810,T0002810,IL0002810,C00345,P0097,RP002,2025-10-28,Growth,0.0529,61.05
REB0002811,T0002811,IL0002811,C00044,P0031,RP003,2026-02-02,Promotional,0.0004,0.19
REB0002812,T0002812,IL0002812,C00449,P0141,RP004,2026-02-14,Volume,0.0208,26.16
REB0002813,T0002813,IL0002813,C00023,P0041,RP005,2025-10-30,Growth,0.0048,8.55
REB0002814,T0002814,IL0002814,C00175,P0039,RP006,2025-07-27,Promotional,0.046,89.34
REB0002815,T0002815,IL0002815,C00232,P0047,RP007,2025-03-06,Volume,0.0005,0.93
REB0002816,T0002816,IL0002816,C00393,P0023,RP008,2025-07-23,Growth,0.0181,7.13
REB0002817,T0002817,IL0002817,C00125,P0039,RP009,2025-06-02,Promotional,0.0483,2.51
REB0002818,T0002818,IL0002818,C00406,P0071,RP010,2025-04-22,Volume,0.0435,63.09
REB0002819,T0002819,IL0002819,C00349,P0120,RP011,2025-07-21,Growth,0.0082,5.36
REB0002820,T0002820,IL0002820,C00048,P0056,RP012,2025-08-22,Promotional,0.0276,80.37
REB0002821,T0002821,IL0002821,C00197,P0039,RP001,2026-08-04,Volume,0.0425,40.49
REB0002822,T0002822,IL0002822,C00186,P0130,RP002,2025-12-07,Growth,0.0477,123.63
REB0002823,T0002823,IL0002823,C00487,P0137,RP003,2026-06-20,Promotional,0.0082,7.33
REB0002824,T0002824,IL0002824,C00104,P0084,RP004,2025-11-26,Volume,0.0417,15.91
REB0002825,T0002825,IL0002825,C00173,P0094,RP005,2025-09-15,Growth,0.0087,21.44
REB0002826,T0002826,IL0002826,C00469,P0097,RP006,2026-01-24,Promotional,0.0177,10.16
REB0002827,T0002827,IL0002827,C00067,P0015,RP007,2026-11-13,Volume,0.0394,18.85
REB0002828,T0002828,IL0002828,C00398,P0035,RP008,2026-01-16,Growth,0.0162,1.92
REB0002829,T0002829,IL0002829,C00113,P0001,RP009,2025-09-27,Promotional,0.0196,1.87
REB0002830,T0002830,IL0002830,C00181,P0119,RP010,2025-11-10,Volume,0.0337,50.75
REB0002831,T0002831,IL0002831,C00117,P0059,RP011,2026-01-07,Growth,0.0238,31.18
REB0002832,T0002832,IL0002832,C00383,P0053,RP012,2025-02-16,Promotional,0.0406,18.57
REB0002833,T0002833,IL0002833,C00321,P0018,RP001,2026-02-28,Volume,0.0222,36.8
REB0002834,T0002834,IL0002834,C00060,P0094,RP002,2025-05-14,Growth,0.0538,26.35
REB0002835,T0002835,IL0002835,C00445,P0012,RP003,2026-08-21,Promotional,0.0331,7.34
REB0002836,T0002836,IL0002836,C00149,P0116,RP004,2025-01-15,Volume,0.0483,33.78
REB0002837,T0002837,IL0002837,C00236,P0121,RP005,2025-11-14,Growth,0.0226,2.37
REB0002838,T0002838,IL0002838,C00345,P0116,RP006,2025-01-04,Promotional,0.0066,1.19
REB0002839,T0002839,IL0002839,C00062,P0149,RP007,2025-05-11,Volume,0.0306,41.0
REB0002840,T0002840,IL0002840,C00405,P0056,RP008,2026-12-27,Growth,0.0429,13.07
REB0002841,T0002841,IL0002841,C00340,P0010,RP009,2025-06-20,Promotional,0.0299,48.22
REB0002842,T0002842,IL0002842,C00469,P0068,RP010,2026-11-01,Volume,0.055,60.99
REB0002843,T0002843,IL0002843,C00180,P0026,RP011,2026-03-20,Growth,0.0129,4.68
REB0002844,T0002844,IL0002844,C00158,P0144,RP012,2025-01-20,Promotional,0.0379,25.25
REB0002845,T0002845,IL0002845,C00413,P0096,RP001,2026-07-20,Volume,0.0415,13.97
REB0002846,T0002846,IL0002846,C00466,P0101,RP002,2025-07-18,Growth,0.0286,51.22
REB0002847,T0002847,IL0002847,C00218,P0019,RP003,2026-07-27,Promotional,0.0322,8.64
REB0002848,T0002848,IL0002848,C00335,P0140,RP004,2026-07-15,Volume,0.011,5.53
REB0002849,T0002849,IL0002849,C00059,P0094,RP005,2026-02-20,Growth,0.0184,0.61
REB0002850,T0002850,IL0002850,C00212,P0065,RP006,2025-07-23,Promotional,0.0007,0.51
REB0002851,T0002851,IL0002851,C00410,P0099,RP007,2025-04-10,Volume,0.0539,105.78
REB0002852,T0002852,IL0002852,C00115,P0136,RP008,2026-05-08,Growth,0.0366,40.37
REB0002853,T0002853,IL0002853,C00202,P0031,RP009,2026-11-23,Promotional,0.0123,10.38
REB0002854,T0002854,IL0002854,C00290,P0113,RP010,2026-08-05,Volume,0.0366,53.1
REB0002855,T0002855,IL0002855,C00317,P0051,RP011,2026-03-31,Growth,0.017,24.45
REB0002856,T0002856,IL0002856,C00106,P0047,RP012,2026-05-27,Promotional,0.0223,1.0
REB0002857,T0002857,IL0002857,C00216,P0017,RP001,2026-07-18,Volume,0.0191,22.62
REB0002858,T0002858,IL0002858,C00151,P0055,RP002,2026-08-29,Growth,0.021,16.32
REB0002859,T0002859,IL0002859,C00454,P0090,RP003,2026-03-11,Promotional,0.0285,54.39
REB0002860,T0002860,IL0002860,C00325,P0068,RP004,2026-08-21,Volume,0.0131,2.48
REB0002861,T0002861,IL0002861,C00019,P0034,RP005,2026-10-26,Growth,0.0331,4.31
REB0002862,T0002862,IL0002862,C00313,P0102,RP006,2026-06-21,Promotional,0.013,11.7
REB0002863,T0002863,IL0002863,C00396,P0124,RP007,2025-02-03,Volume,0.0293,0.83
REB0002864,T0002864,IL0002864,C00062,P0064,RP008,2026-09-14,Growth,0.0505,39.33
REB0002865,T0002865,IL0002865,C00029,P0071,RP009,2025-08-03,Promotional,0.0446,5.97
REB0002866,T0002866,IL0002866,C00411,P0037,RP010,2025-02-16,Volume,0.032,37.34
REB0002867,T0002867,IL0002867,C00144,P0110,RP011,2026-04-24,Growth,0.0468,95.05
REB0002868,T0002868,IL0002868,C00318,P0122,RP012,2026-08-08,Promotional,0.0525,13.45
REB0002869,T0002869,IL0002869,C00011,P0046,RP001,2025-04-01,Volume,0.0481,13.02
REB0002870,T0002870,IL0002870,C00304,P0119,RP002,2025-09-26,Growth,0.013,28.39
REB0002871,T0002871,IL0002871,C00456,P0083,RP003,2025-08-09,Promotional,0.0116,8.02
REB0002872,T0002872,IL0002872,C00388,P0047,RP004,2026-11-16,Volume,0.0474,2.37
REB0002873,T0002873,IL0002873,C00044,P0139,RP005,2026-05-08,Growth,0.0507,30.45
REB0002874,T0002874,IL0002874,C00237,P0065,RP006,2026-05-19,Promotional,0.0405,120.18
REB0002875,T0002875,IL0002875,C00229,P0003,RP007,2026-05-28,Volume,0.0417,98.37
REB0002876,T0002876,IL0002876,C00061,P0008,RP008,2026-01-08,Growth,0.0112,1.81
REB0002877,T0002877,IL0002877,C00263,P0051,RP009,2025-10-03,Promotional,0.0117,4.79
REB0002878,T0002878,IL0002878,C00004,P0075,RP010,2026-11-26,Volume,0.0104,4.16
REB0002879,T0002879,IL0002879,C00406,P0100,RP011,2025-09-08,Growth,0.0286,31.56
REB0002880,T0002880,IL0002880,C00137,P0011,RP012,2025-09-25,Promotional,0.0323,72.71
REB0002881,T0002881,IL0002881,C00237,P0096,RP001,2025-02-04,Volume,0.0341,1.66
REB0002882,T0002882,IL0002882,C00427,P0010,RP002,2025-07-31,Growth,0.0452,45.13
REB0002883,T0002883,IL0002883,C00181,P0068,RP003,2026-02-14,Promotional,0.0442,5.83
REB0002884,T0002884,IL0002884,C00350,P0119,RP004,2025-07-04,Volume,0.0335,2.87
REB0002885,T0002885,IL0002885,C00012,P0075,RP005,2025-01-05,Growth,0.0021,0.35
REB0002886,T0002886,IL0002886,C00414,P0015,RP006,2025-05-10,Promotional,0.0131,35.88
REB0002887,T0002887,IL0002887,C00148,P0115,RP007,2026-06-28,Volume,0.0246,29.86
REB0002888,T0002888,IL0002888,C00139,P0085,RP008,2025-06-03,Growth,0.0295,23.07
REB0002889,T0002889,IL0002889,C00446,P0036,RP009,2026-06-12,Promotional,0.0054,7.6
REB0002890,T0002890,IL0002890,C00352,P0108,RP010,2026-04-24,Volume,0.0325,68.84
REB0002891,T0002891,IL0002891,C00373,P0085,RP011,2026-03-10,Growth,0.044,51.85
REB0002892,T0002892,IL0002892,C00145,P0150,RP012,2026-07-22,Promotional,0.014,20.39
REB0002893,T0002893,IL0002893,C00014,P0114,RP001,2025-12-07,Volume,0.0425,35.23
REB0002894,T0002894,IL0002894,C00440,P0016,RP002,2025-03-21,Growth,0.0165,9.15
REB0002895,T0002895,IL0002895,C00140,P0096,RP003,2026-05-20,Promotional,0.0119,5.26
REB0002896,T0002896,IL0002896,C00248,P0121,RP004,2025-09-12,Volume,0.0181,0.36
REB0002897,T0002897,IL0002897,C00292,P0107,RP005,2025-11-14,Growth,0.0235,34.26
REB0002898,T0002898,IL0002898,C00433,P0126,RP006,2026-11-06,Promotional,0.0017,0.57
REB0002899,T0002899,IL0002899,C00376,P0006,RP007,2026-10-02,Volume,0.0084,2.69
REB0002900,T0002900,IL0002900,C00483,P0073,RP008,2025-03-06,Growth,0.0499,24.41
REB0002901,T0002901,IL0002901,C00173,P0143,RP009,2026-01-09,Promotional,0.0457,30.94
REB0002902,T0002902,IL0002902,C00286,P0055,RP010,2026-03-11,Volume,0.0534,94.94
REB0002903,T0002903,IL0002903,C00183,P0002,RP011,2026-09-20,Growth,0.0028,1.42
REB0002904,T0002904,IL0002904,C00349,P0121,RP012,2025-12-04,Promotional,0.0251,37.29
REB0002905,T0002905,IL0002905,C00399,P0063,RP001,2025-02-17,Volume,0.0285,6.84
REB0002906,T0002906,IL0002906,C00018,P0095,RP002,2025-04-01,Growth,0.0463,37.22
REB0002907,T0002907,IL0002907,C00313,P0049,RP003,2025-02-03,Promotional,0.0023,2.86
REB0002908,T0002908,IL0002908,C00287,P0115,RP004,2026-07-11,Volume,0.0293,28.21
REB0002909,T0002909,IL0002909,C00267,P0026,RP005,2026-04-06,Growth,0.0484,60.55
REB0002910,T0002910,IL0002910,C00263,P0024,RP006,2025-11-03,Promotional,0.0264,10.96
REB0002911,T0002911,IL0002911,C00132,P0119,RP007,2025-01-31,Volume,0.033,29.87
REB0002912,T0002912,IL0002912,C00168,P0133,RP008,2026-10-29,Growth,0.0335,55.03
REB0002913,T0002913,IL0002913,C00157,P0066,RP009,2025-04-01,Promotional,0.0137,17.46
REB0002914,T0002914,IL0002914,C00335,P0037,RP010,2025-11-15,Volume,0.0437,5.26
REB0002915,T0002915,IL0002915,C00138,P0100,RP011,2026-01-20,Growth,0.0494,83.89
REB0002916,T0002916,IL0002916,C00401,P0038,RP012,2026-08-14,Promotional,0.0497,12.79
REB0002917,T0002917,IL0002917,C00397,P0070,RP001,2026-07-26,Volume,0.0271,43.04
REB0002918,T0002918,IL0002918,C00254,P0129,RP002,2025-12-01,Growth,0.0212,6.47
REB0002919,T0002919,IL0002919,C00340,P0103,RP003,2026-04-06,Promotional,0.0488,70.63
REB0002920,T0002920,IL0002920,C00327,P0123,RP004,2026-02-10,Volume,0.0532,54.64
REB0002921,T0002921,IL0002921,C00055,P0066,RP005,2026-02-25,Growth,0.0023,1.19
REB0002922,T0002922,IL0002922,C00227,P0065,RP006,2026-03-18,Promotional,0.0046,2.43
REB0002923,T0002923,IL0002923,C00484,P0006,RP007,2026-11-18,Volume,0.0484,48.28
REB0002924,T0002924,IL0002924,C00097,P0048,RP008,2025-09-27,Growth,0.0226,39.82
REB0002925,T0002925,IL0002925,C00355,P0013,RP009,2026-08-29,Promotional,0.0022,0.45
REB0002926,T0002926,IL0002926,C00378,P0126,RP010,2025-03-21,Volume,0.0147,1.49
REB0002927,T0002927,IL0002927,C00298,P0105,RP011,2025-10-30,Growth,0.0099,0.55
REB0002928,T0002928,IL0002928,C00111,P0082,RP012,2025-10-24,Promotional,0.0266,3.24
REB0002929,T0002929,IL0002929,C00021,P0110,RP001,2025-08-15,Volume,0.0078,0.44
REB0002930,T0002930,IL0002930,C00422,P0118,RP002,2025-07-25,Growth,0.0024,4.02
REB0002931,T0002931,IL0002931,C00410,P0023,RP003,2025-09-12,Promotional,0.0097,10.88
REB0002932,T0002932,IL0002932,C00174,P0131,RP004,2025-12-31,Volume,0.0186,35.77
REB0002933,T0002933,IL0002933,C00124,P0104,RP005,2026-11-22,Growth,0.0004,0.03
REB0002934,T0002934,IL0002934,C00473,P0112,RP006,2026-12-03,Promotional,0.0526,15.45
REB0002935,T0002935,IL0002935,C00047,P0099,RP007,2026-06-20,Volume,0.0438,43.48
REB0002936,T0002936,IL0002936,C00009,P0095,RP008,2025-08-25,Growth,0.0045,4.6
REB0002937,T0002937,IL0002937,C00298,P0076,RP009,2026-03-29,Promotional,0.0081,6.19
REB0002938,T0002938,IL0002938,C00402,P0086,RP010,2026-06-26,Volume,0.0038,1.53
REB0002939,T0002939,IL0002939,C00279,P0130,RP011,2025-11-09,Growth,0.0215,6.27
REB0002940,T0002940,IL0002940,C00392,P0061,RP012,2025-07-27,Promotional,0.0106,10.24
REB0002941,T0002941,IL0002941,C00461,P0073,RP001,2026-07-08,Volume,0.0247,46.44
REB0002942,T0002942,IL0002942,C00425,P0070,RP002,2025-01-11,Growth,0.0481,3.1
REB0002943,T0002943,IL0002943,C00442,P0055,RP003,2025-08-18,Promotional,0.0206,8.55
REB0002944,T0002944,IL0002944,C00019,P0091,RP004,2026-01-19,Volume,0.0426,12.95
REB0002945,T0002945,IL0002945,C00352,P0089,RP005,2025-02-28,Growth,0.0136,5.53
REB0002946,T0002946,IL0002946,C00148,P0128,RP006,2026-01-20,Promotional,0.0024,4.55
REB0002947,T0002947,IL0002947,C00424,P0039,RP007,2025-12-30,Volume,0.0365,31.04
REB0002948,T0002948,IL0002948,C00296,P0067,RP008,2025-01-07,Growth,0.0176,16.66
REB0002949,T0002949,IL0002949,C00298,P0041,RP009,2025-04-24,Promotional,0.0361,5.03
REB0002950,T0002950,IL0002950,C00224,P0132,RP010,2026-07-29,Volume,0.0121,0.76
REB0002951,T0002951,IL0002951,C00433,P0147,RP011,2025-10-13,Growth,0.0108,4.46
REB0002952,T0002952,IL0002952,C00013,P0089,RP012,2026-06-25,Promotional,0.0027,3.71
REB0002953,T0002953,IL0002953,C00260,P0034,RP001,2026-01-30,Volume,0.0404,15.32
REB0002954,T0002954,IL0002954,C00231,P0052,RP002,2026-05-18,Growth,0.0545,50.0
REB0002955,T0002955,IL0002955,C00498,P0053,RP003,2025-05-04,Promotional,0.0514,35.05
REB0002956,T0002956,IL0002956,C00313,P0045,RP004,2026-11-18,Volume,0.0412,1.29
REB0002957,T0002957,IL0002957,C00097,P0093,RP005,2026-04-30,Growth,0.0273,11.59
REB0002958,T0002958,IL0002958,C00311,P0062,RP006,2026-04-07,Promotional,0.0205,27.36
REB0002959,T0002959,IL0002959,C00180,P0038,RP007,2025-07-01,Volume,0.014,4.41
REB0002960,T0002960,IL0002960,C00058,P0148,RP008,2026-05-18,Growth,0.0203,31.07
REB0002961,T0002961,IL0002961,C00245,P0143,RP009,2026-07-23,Promotional,0.0439,4.14
REB0002962,T0002962,IL0002962,C00432,P0085,RP010,2025-12-04,Volume,0.0152,26.98
REB0002963,T0002963,IL0002963,C00059,P0048,RP011,2025-05-07,Growth,0.016,6.66
REB0002964,T0002964,IL0002964,C00410,P0033,RP012,2025-06-19,Promotional,0.0237,21.84
REB0002965,T0002965,IL0002965,C00142,P0113,RP001,2026-10-29,Volume,0.0272,3.43
REB0002966,T0002966,IL0002966,C00105,P0019,RP002,2025-11-04,Growth,0.0136,6.35
REB0002967,T0002967,IL0002967,C00181,P0009,RP003,2026-05-22,Promotional,0.0149,11.5
REB0002968,T0002968,IL0002968,C00438,P0096,RP004,2026-12-20,Volume,0.0108,22.41
REB0002969,T0002969,IL0002969,C00500,P0002,RP005,2026-04-17,Growth,0.015,16.98
REB0002970,T0002970,IL0002970,C00411,P0028,RP006,2025-09-30,Promotional,0.0411,1.35
REB0002971,T0002971,IL0002971,C00077,P0030,RP007,2026-08-22,Volume,0.0483,26.97
REB0002972,T0002972,IL0002972,C00059,P0055,RP008,2026-10-19,Growth,0.0291,17.38
REB0002973,T0002973,IL0002973,C00167,P0128,RP009,2025-04-02,Promotional,0.0051,1.97
REB0002974,T0002974,IL0002974,C00083,P0099,RP010,2026-12-05,Volume,0.0229,34.53
REB0002975,T0002975,IL0002975,C00175,P0065,RP011,2025-08-25,Growth,0.027,5.44
REB0002976,T0002976,IL0002976,C00118,P0071,RP012,2025-10-30,Promotional,0.0509,105.85
REB0002977,T0002977,IL0002977,C00026,P0107,RP001,2026-11-09,Volume,0.0028,3.91
REB0002978,T0002978,IL0002978,C00173,P0035,RP002,2025-07-14,Growth,0.0,0.03
REB0002979,T0002979,IL0002979,C00205,P0018,RP003,2025-12-13,Promotional,0.0365,11.31
REB0002980,T0002980,IL0002980,C00063,P0050,RP004,2025-10-04,Volume,0.0077,4.28
REB0002981,T0002981,IL0002981,C00169,P0111,RP005,2025-03-10,Growth,0.0205,11.49
REB0002982,T0002982,IL0002982,C00091,P0078,RP006,2025-12-04,Promotional,0.0354,8.41
REB0002983,T0002983,IL0002983,C00139,P0129,RP007,2026-09-15,Volume,0.0449,12.85
REB0002984,T0002984,IL0002984,C00298,P0049,RP008,2026-08-15,Growth,0.0003,0.08
REB0002985,T0002985,IL0002985,C00231,P0078,RP009,2025-04-21,Promotional,0.0386,3.94
REB0002986,T0002986,IL0002986,C00201,P0104,RP010,2026-06-18,Volume,0.0103,10.35
REB0002987,T0002987,IL0002987,C00455,P0084,RP011,2026-04-14,Growth,0.0352,20.07
REB0002988,T0002988,IL0002988,C00369,P0030,RP012,2025-06-03,Promotional,0.0173,2.75
REB0002989,T0002989,IL0002989,C00393,P0044,RP001,2026-07-01,Volume,0.0007,0.27
REB0002990,T0002990,IL0002990,C00203,P0045,RP002,2025-09-15,Growth,0.0087,20.63
REB0002991,T0002991,IL0002991,C00082,P0062,RP003,2025-09-17,Promotional,0.0212,25.23
REB0002992,T0002992,IL0002992,C00334,P0138,RP004,2025-07-22,Volume,0.0534,97.71
REB0002993,T0002993,IL0002993,C00039,P0011,RP005,2025-05-18,Growth,0.0011,0.52
REB0002994,T0002994,IL0002994,C00438,P0019,RP006,2026-01-15,Promotional,0.0442,124.44
REB0002995,T0002995,IL0002995,C00454,P0017,RP007,2025-10-24,Volume,0.0549,106.32
REB0002996,T0002996,IL0002996,C00298,P0142,RP008,2025-08-28,Growth,0.0093,2.77
REB0002997,T0002997,IL0002997,C00099,P0043,RP009,2026-10-26,Promotional,0.0541,117.68
REB0002998,T0002998,IL0002998,C00181,P0117,RP010,2025-08-26,Volume,0.0039,1.05
REB0002999,T0002999,IL0002999,C00346,P0021,RP011,2025-07-11,Growth,0.019,10.66
REB0003000,T0003000,IL0003000,C00254,P0123,RP012,2025-01-04,Promotional,0.0164,0.76
REB0003001,T0003001,IL0003001,C00102,P0089,RP001,2026-02-14,Volume,0.0423,50.56
REB0003002,T0003002,IL0003002,C00184,P0019,RP002,2026-08-16,Growth,0.0094,8.36
REB0003003,T0003003,IL0003003,C00419,P0049,RP003,2025-07-20,Promotional,0.0227,28.07
REB0003004,T0003004,IL0003004,C00474,P0026,RP004,2026-12-22,Volume,0.0538,69.05
REB0003005,T0003005,IL0003005,C00376,P0003,RP005,2025-12-31,Growth,0.0507,3.11
REB0003006,T0003006,IL0003006,C00250,P0129,RP006,2026-12-20,Promotional,0.0373,9.51
REB0003007,T0003007,IL0003007,C00042,P0113,RP007,2026-06-13,Volume,0.0127,32.44
REB0003008,T0003008,IL0003008,C00437,P0082,RP008,2026-11-30,Growth,0.0521,4.9
REB0003009,T0003009,IL0003009,C00037,P0023,RP009,2025-08-11,Promotional,0.0548,19.3
REB0003010,T0003010,IL0003010,C00375,P0086,RP010,2026-03-19,Volume,0.051,54.6
REB0003011,T0003011,IL0003011,C00153,P0141,RP011,2026-03-04,Growth,0.0275,10.9
REB0003012,T0003012,IL0003012,C00230,P0012,RP012,2025-03-31,Promotional,0.0303,28.46
REB0003013,T0003013,IL0003013,C00389,P0017,RP001,2025-07-08,Volume,0.0006,1.25
REB0003014,T0003014,IL0003014,C00160,P0127,RP002,2026-10-22,Growth,0.0024,2.25
REB0003015,T0003015,IL0003015,C00432,P0102,RP003,2025-10-29,Promotional,0.0128,0.39
REB0003016,T0003016,IL0003016,C00069,P0013,RP004,2025-11-07,Volume,0.0528,32.87
REB0003017,T0003017,IL0003017,C00337,P0022,RP005,2025-05-14,Growth,0.042,75.78
REB0003018,T0003018,IL0003018,C00367,P0142,RP006,2026-05-24,Promotional,0.0476,63.28
REB0003019,T0003019,IL0003019,C00405,P0055,RP007,2025-05-12,Volume,0.0251,11.26
REB0003020,T0003020,IL0003020,C00116,P0010,RP008,2026-05-03,Growth,0.0276,10.16
REB0003021,T0003021,IL0003021,C00425,P0058,RP009,2026-04-13,Promotional,0.0529,20.71
REB0003022,T0003022,IL0003022,C00021,P0064,RP010,2026-11-25,Volume,0.0341,62.02
REB0003023,T0003023,IL0003023,C00167,P0062,RP011,2026-10-15,Growth,0.033,2.63
REB0003024,T0003024,IL0003024,C00289,P0081,RP012,2026-11-22,Promotional,0.0232,4.56
REB0003025,T0003025,IL0003025,C00494,P0020,RP001,2026-04-25,Volume,0.0378,21.91
REB0003026,T0003026,IL0003026,C00387,P0057,RP002,2025-12-11,Growth,0.0417,21.67
REB0003027,T0003027,IL0003027,C00240,P0129,RP003,2026-04-12,Promotional,0.0354,109.27
REB0003028,T0003028,IL0003028,C00391,P0009,RP004,2025-04-19,Volume,0.0152,32.48
REB0003029,T0003029,IL0003029,C00064,P0045,RP005,2025-03-11,Growth,0.0296,11.39
REB0003030,T0003030,IL0003030,C00488,P0080,RP006,2025-01-24,Promotional,0.0523,58.86
REB0003031,T0003031,IL0003031,C00422,P0128,RP007,2025-11-04,Volume,0.0443,40.18
REB0003032,T0003032,IL0003032,C00119,P0063,RP008,2025-01-15,Growth,0.0162,15.52
REB0003033,T0003033,IL0003033,C00431,P0097,RP009,2025-11-12,Promotional,0.0491,90.91
REB0003034,T0003034,IL0003034,C00328,P0015,RP010,2025-08-07,Volume,0.0343,25.35
REB0003035,T0003035,IL0003035,C00134,P0104,RP011,2025-05-27,Growth,0.0067,2.12
REB0003036,T0003036,IL0003036,C00219,P0074,RP012,2026-06-08,Promotional,0.0379,9.18
REB0003037,T0003037,IL0003037,C00238,P0095,RP001,2025-06-20,Volume,0.0149,6.73
REB0003038,T0003038,IL0003038,C00182,P0098,RP002,2025-06-08,Growth,0.0379,5.97
REB0003039,T0003039,IL0003039,C00344,P0040,RP003,2026-10-27,Promotional,0.0037,0.36
REB0003040,T0003040,IL0003040,C00015,P0098,RP004,2025-05-21,Volume,0.0112,5.14
REB0003041,T0003041,IL0003041,C00346,P0080,RP005,2025-03-19,Growth,0.036,23.66
REB0003042,T0003042,IL0003042,C00287,P0068,RP006,2025-07-24,Promotional,0.006,8.83
REB0003043,T0003043,IL0003043,C00160,P0070,RP007,2026-09-18,Volume,0.0455,89.36
REB0003044,T0003044,IL0003044,C00275,P0040,RP008,2025-11-21,Growth,0.0294,16.71
REB0003045,T0003045,IL0003045,C00160,P0009,RP009,2026-11-04,Promotional,0.0127,2.73
REB0003046,T0003046,IL0003046,C00378,P0086,RP010,2026-11-17,Volume,0.0273,44.75
REB0003047,T0003047,IL0003047,C00300,P0116,RP011,2025-04-01,Growth,0.0072,4.72
REB0003048,T0003048,IL0003048,C00248,P0065,RP012,2026-05-16,Promotional,0.0019,1.8
REB0003049,T0003049,IL0003049,C00198,P0146,RP001,2025-01-09,Volume,0.0069,19.36
REB0003050,T0003050,IL0003050,C00255,P0119,RP002,2025-08-01,Growth,0.0497,53.83
REB0003051,T0003051,IL0003051,C00052,P0036,RP003,2026-08-20,Promotional,0.0473,6.62
REB0003052,T0003052,IL0003052,C00223,P0012,RP004,2026-09-10,Volume,0.0542,16.65
REB0003053,T0003053,IL0003053,C00016,P0113,RP005,2026-04-25,Growth,0.0491,18.45
REB0003054,T0003054,IL0003054,C00202,P0015,RP006,2026-12-04,Promotional,0.0374,12.24
REB0003055,T0003055,IL0003055,C00306,P0131,RP007,2026-10-12,Volume,0.0315,46.06
REB0003056,T0003056,IL0003056,C00303,P0068,RP008,2026-05-27,Growth,0.0332,60.42
REB0003057,T0003057,IL0003057,C00376,P0130,RP009,2026-04-13,Promotional,0.039,19.57
REB0003058,T0003058,IL0003058,C00225,P0028,RP010,2025-05-28,Volume,0.0496,12.68
REB0003059,T0003059,IL0003059,C00469,P0034,RP011,2026-11-13,Growth,0.0391,14.22
REB0003060,T0003060,IL0003060,C00173,P0094,RP012,2026-02-03,Promotional,0.0527,5.68
REB0003061,T0003061,IL0003061,C00446,P0034,RP001,2026-12-26,Volume,0.0351,3.36
REB0003062,T0003062,IL0003062,C00368,P0035,RP002,2026-06-23,Growth,0.0344,44.54
REB0003063,T0003063,IL0003063,C00420,P0117,RP003,2025-08-23,Promotional,0.023,13.56
REB0003064,T0003064,IL0003064,C00062,P0011,RP004,2025-12-19,Volume,0.0037,1.3
REB0003065,T0003065,IL0003065,C00268,P0099,RP005,2026-12-15,Growth,0.0481,105.78
REB0003066,T0003066,IL0003066,C00497,P0007,RP006,2025-04-25,Promotional,0.0306,2.23
REB0003067,T0003067,IL0003067,C00027,P0122,RP007,2026-01-06,Volume,0.0497,52.99
REB0003068,T0003068,IL0003068,C00456,P0071,RP008,2025-07-17,Growth,0.0088,8.88
REB0003069,T0003069,IL0003069,C00328,P0007,RP009,2026-09-14,Promotional,0.0032,1.3
REB0003070,T0003070,IL0003070,C00044,P0041,RP010,2026-05-05,Volume,0.0099,18.59
REB0003071,T0003071,IL0003071,C00396,P0010,RP011,2026-02-28,Growth,0.0499,18.08
REB0003072,T0003072,IL0003072,C00059,P0118,RP012,2025-12-26,Promotional,0.0008,1.6
REB0003073,T0003073,IL0003073,C00443,P0001,RP001,2026-03-21,Volume,0.0525,83.11
REB0003074,T0003074,IL0003074,C00025,P0114,RP002,2025-01-25,Growth,0.043,63.5
REB0003075,T0003075,IL0003075,C00301,P0087,RP003,2025-01-06,Promotional,0.05,10.3
REB0003076,T0003076,IL0003076,C00347,P0101,RP004,2025-10-26,Volume,0.0297,17.95
REB0003077,T0003077,IL0003077,C00407,P0058,RP005,2025-11-12,Growth,0.0525,65.72
REB0003078,T0003078,IL0003078,C00134,P0050,RP006,2026-01-31,Promotional,0.0431,44.98
REB0003079,T0003079,IL0003079,C00132,P0009,RP007,2026-04-05,Volume,0.0231,68.02
REB0003080,T0003080,IL0003080,C00273,P0081,RP008,2026-01-04,Growth,0.0217,22.53
REB0003081,T0003081,IL0003081,C00149,P0024,RP009,2026-03-16,Promotional,0.0336,57.53
REB0003082,T0003082,IL0003082,C00143,P0148,RP010,2025-06-13,Volume,0.0329,10.24
REB0003083,T0003083,IL0003083,C00480,P0113,RP011,2025-09-10,Growth,0.0347,1.22
REB0003084,T0003084,IL0003084,C00192,P0101,RP012,2026-04-03,Promotional,0.0077,8.09
REB0003085,T0003085,IL0003085,C00343,P0041,RP001,2025-08-14,Volume,0.02,24.05
REB0003086,T0003086,IL0003086,C00437,P0064,RP002,2025-06-08,Growth,0.0474,5.1
REB0003087,T0003087,IL0003087,C00362,P0079,RP003,2025-05-26,Promotional,0.0297,47.23
REB0003088,T0003088,IL0003088,C00416,P0138,RP004,2026-05-18,Volume,0.0017,2.75
REB0003089,T0003089,IL0003089,C00421,P0104,RP005,2025-09-09,Growth,0.0515,10.5
REB0003090,T0003090,IL0003090,C00444,P0113,RP006,2026-03-31,Promotional,0.015,35.79
REB0003091,T0003091,IL0003091,C00447,P0114,RP007,2025-09-11,Volume,0.0477,12.37
REB0003092,T0003092,IL0003092,C00199,P0144,RP008,2025-07-21,Growth,0.021,7.26
REB0003093,T0003093,IL0003093,C00465,P0092,RP009,2025-03-23,Promotional,0.014,32.9
REB0003094,T0003094,IL0003094,C00077,P0075,RP010,2026-06-21,Volume,0.0199,20.55
REB0003095,T0003095,IL0003095,C00258,P0129,RP011,2026-09-11,Growth,0.0095,4.47
REB0003096,T0003096,IL0003096,C00446,P0150,RP012,2026-08-14,Promotional,0.0253,4.32
REB0003097,T0003097,IL0003097,C00357,P0002,RP001,2026-11-09,Volume,0.0231,35.63
REB0003098,T0003098,IL0003098,C00137,P0029,RP002,2026-11-14,Growth,0.0324,31.18
REB0003099,T0003099,IL0003099,C00420,P0080,RP003,2026-12-04,Promotional,0.0367,64.31
REB0003100,T0003100,IL0003100,C00369,P0111,RP004,2026-05-01,Volume,0.0309,63.63
REB0003101,T0003101,IL0003101,C00436,P0036,RP005,2025-12-17,Growth,0.0039,3.54
REB0003102,T0003102,IL0003102,C00254,P0136,RP006,2026-06-16,Promotional,0.0165,28.8
REB0003103,T0003103,IL0003103,C00359,P0142,RP007,2026-12-05,Volume,0.0295,3.53
REB0003104,T0003104,IL0003104,C00142,P0009,RP008,2026-12-04,Growth,0.0528,96.42
REB0003105,T0003105,IL0003105,C00132,P0064,RP009,2025-03-31,Promotional,0.0451,7.67
REB0003106,T0003106,IL0003106,C00472,P0029,RP010,2025-04-22,Volume,0.0293,31.5
REB0003107,T0003107,IL0003107,C00149,P0092,RP011,2026-12-15,Growth,0.0227,32.74
REB0003108,T0003108,IL0003108,C00109,P0082,RP012,2026-06-20,Promotional,0.0276,70.76
REB0003109,T0003109,IL0003109,C00497,P0102,RP001,2025-12-24,Volume,0.0444,110.39
REB0003110,T0003110,IL0003110,C00224,P0065,RP002,2026-07-05,Growth,0.0375,69.35
REB0003111,T0003111,IL0003111,C00057,P0111,RP003,2026-08-21,Promotional,0.0259,35.27
REB0003112,T0003112,IL0003112,C00480,P0138,RP004,2026-12-02,Volume,0.0267,10.35
REB0003113,T0003113,IL0003113,C00454,P0013,RP005,2026-09-13,Growth,0.0273,0.26
REB0003114,T0003114,IL0003114,C00161,P0033,RP006,2026-09-28,Promotional,0.0503,32.16
REB0003115,T0003115,IL0003115,C00293,P0011,RP007,2025-03-19,Volume,0.0449,69.8
REB0003116,T0003116,IL0003116,C00049,P0101,RP008,2025-02-06,Growth,0.0117,13.03
REB0003117,T0003117,IL0003117,C00375,P0034,RP009,2025-07-13,Promotional,0.0152,4.31
REB0003118,T0003118,IL0003118,C00388,P0135,RP010,2026-09-02,Volume,0.0486,13.83
REB0003119,T0003119,IL0003119,C00250,P0072,RP011,2025-02-20,Growth,0.0477,4.11
REB0003120,T0003120,IL0003120,C00482,P0145,RP012,2026-10-18,Promotional,0.0511,12.06
REB0003121,T0003121,IL0003121,C00248,P0025,RP001,2026-04-25,Volume,0.0516,15.29
REB0003122,T0003122,IL0003122,C00113,P0126,RP002,2026-10-21,Growth,0.007,5.65
REB0003123,T0003123,IL0003123,C00286,P0028,RP003,2025-11-14,Promotional,0.0235,61.14
REB0003124,T0003124,IL0003124,C00382,P0033,RP004,2026-08-14,Volume,0.0529,19.33
REB0003125,T0003125,IL0003125,C00426,P0057,RP005,2025-09-18,Growth,0.0407,15.09
REB0003126,T0003126,IL0003126,C00457,P0074,RP006,2025-07-05,Promotional,0.0038,2.58
REB0003127,T0003127,IL0003127,C00231,P0029,RP007,2025-08-15,Volume,0.0312,4.2
REB0003128,T0003128,IL0003128,C00486,P0074,RP008,2025-03-31,Growth,0.0103,4.28
REB0003129,T0003129,IL0003129,C00370,P0084,RP009,2026-11-01,Promotional,0.0104,0.6
REB0003130,T0003130,IL0003130,C00108,P0042,RP010,2025-09-15,Volume,0.0418,63.38
REB0003131,T0003131,IL0003131,C00077,P0043,RP011,2026-10-07,Growth,0.028,48.38
REB0003132,T0003132,IL0003132,C00472,P0140,RP012,2026-04-02,Promotional,0.0297,13.76
REB0003133,T0003133,IL0003133,C00461,P0016,RP001,2025-02-14,Volume,0.0473,39.27
REB0003134,T0003134,IL0003134,C00146,P0104,RP002,2025-12-05,Growth,0.017,24.84
REB0003135,T0003135,IL0003135,C00327,P0056,RP003,2026-03-08,Promotional,0.0434,34.84
REB0003136,T0003136,IL0003136,C00481,P0017,RP004,2025-10-19,Volume,0.0256,34.42
REB0003137,T0003137,IL0003137,C00419,P0132,RP005,2025-03-11,Growth,0.0313,16.5
REB0003138,T0003138,IL0003138,C00210,P0084,RP006,2026-08-17,Promotional,0.051,0.52
REB0003139,T0003139,IL0003139,C00094,P0146,RP007,2025-06-07,Volume,0.031,27.39
REB0003140,T0003140,IL0003140,C00174,P0091,RP008,2025-09-29,Growth,0.0126,23.38
REB0003141,T0003141,IL0003141,C00480,P0110,RP009,2025-05-28,Promotional,0.03,4.48
REB0003142,T0003142,IL0003142,C00074,P0032,RP010,2026-07-27,Volume,0.0538,25.91
REB0003143,T0003143,IL0003143,C00017,P0023,RP011,2026-01-14,Growth,0.0253,36.61
REB0003144,T0003144,IL0003144,C00102,P0014,RP012,2025-12-03,Promotional,0.0162,25.33
REB0003145,T0003145,IL0003145,C00487,P0113,RP001,2025-02-21,Volume,0.0207,6.89
REB0003146,T0003146,IL0003146,C00420,P0002,RP002,2026-12-02,Growth,0.0375,17.9
REB0003147,T0003147,IL0003147,C00297,P0047,RP003,2025-12-10,Promotional,0.0209,11.48
REB0003148,T0003148,IL0003148,C00168,P0115,RP004,2025-05-27,Volume,0.0485,40.83
REB0003149,T0003149,IL0003149,C00243,P0015,RP005,2025-06-19,Growth,0.0139,8.79
REB0003150,T0003150,IL0003150,C00054,P0012,RP006,2026-02-12,Promotional,0.0213,12.26
REB0003151,T0003151,IL0003151,C00087,P0129,RP007,2026-02-10,Volume,0.0526,92.65
REB0003152,T0003152,IL0003152,C00310,P0066,RP008,2025-09-14,Growth,0.05,51.2
REB0003153,T0003153,IL0003153,C00166,P0107,RP009,2026-12-26,Promotional,0.0536,50.49
REB0003154,T0003154,IL0003154,C00127,P0140,RP010,2026-07-12,Volume,0.0231,7.37
REB0003155,T0003155,IL0003155,C00253,P0127,RP011,2025-07-28,Growth,0.005,4.83
REB0003156,T0003156,IL0003156,C00040,P0099,RP012,2025-01-29,Promotional,0.0345,10.79
REB0003157,T0003157,IL0003157,C00476,P0050,RP001,2025-03-16,Volume,0.016,24.64
REB0003158,T0003158,IL0003158,C00024,P0047,RP002,2026-05-12,Growth,0.0019,0.82
REB0003159,T0003159,IL0003159,C00051,P0117,RP003,2025-09-08,Promotional,0.0004,0.36
REB0003160,T0003160,IL0003160,C00488,P0119,RP004,2025-03-23,Volume,0.0096,16.55
REB0003161,T0003161,IL0003161,C00402,P0131,RP005,2025-08-12,Growth,0.0271,7.71
REB0003162,T0003162,IL0003162,C00030,P0142,RP006,2026-10-04,Promotional,0.0501,0.86
REB0003163,T0003163,IL0003163,C00376,P0134,RP007,2026-11-04,Volume,0.0312,93.95
REB0003164,T0003164,IL0003164,C00342,P0004,RP008,2026-01-25,Growth,0.0146,28.11
REB0003165,T0003165,IL0003165,C00096,P0116,RP009,2025-12-25,Promotional,0.009,3.49
REB0003166,T0003166,IL0003166,C00372,P0075,RP010,2025-12-21,Volume,0.0212,63.36
REB0003167,T0003167,IL0003167,C00229,P0130,RP011,2026-02-15,Growth,0.0456,25.55
REB0003168,T0003168,IL0003168,C00092,P0082,RP012,2025-01-08,Promotional,0.0093,4.41
REB0003169,T0003169,IL0003169,C00315,P0147,RP001,2025-02-11,Volume,0.0115,3.06
REB0003170,T0003170,IL0003170,C00406,P0051,RP002,2026-01-05,Growth,0.0015,1.52
REB0003171,T0003171,IL0003171,C00164,P0042,RP003,2026-05-29,Promotional,0.043,33.41
REB0003172,T0003172,IL0003172,C00376,P0002,RP004,2025-02-20,Volume,0.0363,48.96
REB0003173,T0003173,IL0003173,C00168,P0002,RP005,2025-11-26,Growth,0.0327,87.14
REB0003174,T0003174,IL0003174,C00290,P0007,RP006,2025-07-11,Promotional,0.0049,14.56
REB0003175,T0003175,IL0003175,C00459,P0051,RP007,2026-03-14,Volume,0.02,5.8
REB0003176,T0003176,IL0003176,C00346,P0121,RP008,2025-03-09,Growth,0.0368,83.79
REB0003177,T0003177,IL0003177,C00291,P0112,RP009,2026-03-27,Promotional,0.009,13.04
REB0003178,T0003178,IL0003178,C00378,P0007,RP010,2026-04-04,Volume,0.054,54.53
REB0003179,T0003179,IL0003179,C00386,P0071,RP011,2025-04-13,Growth,0.0229,29.22
REB0003180,T0003180,IL0003180,C00205,P0008,RP012,2026-08-02,Promotional,0.0232,6.61
REB0003181,T0003181,IL0003181,C00389,P0011,RP001,2026-04-23,Volume,0.0542,34.14
REB0003182,T0003182,IL0003182,C00226,P0118,RP002,2025-06-16,Growth,0.0505,83.89
REB0003183,T0003183,IL0003183,C00269,P0145,RP003,2025-10-02,Promotional,0.0096,21.42
REB0003184,T0003184,IL0003184,C00111,P0087,RP004,2025-07-14,Volume,0.0448,1.16
REB0003185,T0003185,IL0003185,C00366,P0136,RP005,2025-07-20,Growth,0.025,18.8
REB0003186,T0003186,IL0003186,C00408,P0089,RP006,2026-02-07,Promotional,0.0364,32.62
REB0003187,T0003187,IL0003187,C00171,P0058,RP007,2025-09-12,Volume,0.0031,5.18
REB0003188,T0003188,IL0003188,C00060,P0068,RP008,2025-03-02,Growth,0.0379,8.85
REB0003189,T0003189,IL0003189,C00088,P0136,RP009,2026-02-15,Promotional,0.0018,1.02
REB0003190,T0003190,IL0003190,C00379,P0079,RP010,2025-05-01,Volume,0.0058,8.18
REB0003191,T0003191,IL0003191,C00171,P0123,RP011,2026-08-05,Growth,0.0395,30.84
REB0003192,T0003192,IL0003192,C00259,P0029,RP012,2025-09-01,Promotional,0.0224,2.22
REB0003193,T0003193,IL0003193,C00339,P0100,RP001,2025-09-15,Volume,0.0095,6.23
REB0003194,T0003194,IL0003194,C00317,P0136,RP002,2026-09-29,Growth,0.0132,22.77
REB0003195,T0003195,IL0003195,C00189,P0020,RP003,2025-09-25,Promotional,0.0505,57.39
REB0003196,T0003196,IL0003196,C00088,P0067,RP004,2026-07-26,Volume,0.0077,9.04
REB0003197,T0003197,IL0003197,C00274,P0099,RP005,2026-05-05,Growth,0.0039,1.82
REB0003198,T0003198,IL0003198,C00200,P0030,RP006,2026-08-28,Promotional,0.0412,75.57
REB0003199,T0003199,IL0003199,C00410,P0017,RP007,2025-05-31,Volume,0.0186,33.53
REB0003200,T0003200,IL0003200,C00180,P0149,RP008,2025-03-27,Growth,0.04,4.09
REB0003201,T0003201,IL0003201,C00390,P0014,RP009,2025-09-18,Promotional,0.0229,14.1
REB0003202,T0003202,IL0003202,C00069,P0029,RP010,2026-10-17,Volume,0.0386,8.52
REB0003203,T0003203,IL0003203,C00317,P0102,RP011,2026-04-19,Growth,0.0034,4.86
REB0003204,T0003204,IL0003204,C00132,P0101,RP012,2025-05-20,Promotional,0.0464,35.4
REB0003205,T0003205,IL0003205,C00189,P0044,RP001,2026-08-16,Volume,0.0251,36.24
REB0003206,T0003206,IL0003206,C00360,P0129,RP002,2026-05-17,Growth,0.0258,3.18
REB0003207,T0003207,IL0003207,C00200,P0114,RP003,2025-08-02,Promotional,0.0203,1.22
REB0003208,T0003208,IL0003208,C00163,P0002,RP004,2025-04-16,Volume,0.0445,36.31
REB0003209,T0003209,IL0003209,C00324,P0105,RP005,2026-07-19,Growth,0.0116,12.16
REB0003210,T0003210,IL0003210,C00465,P0125,RP006,2025-01-18,Promotional,0.016,6.54
REB0003211,T0003211,IL0003211,C00147,P0027,RP007,2026-11-03,Volume,0.032,4.6
REB0003212,T0003212,IL0003212,C00120,P0083,RP008,2026-10-11,Growth,0.0134,8.54
REB0003213,T0003213,IL0003213,C00020,P0115,RP009,2025-12-05,Promotional,0.0267,45.11
REB0003214,T0003214,IL0003214,C00373,P0040,RP010,2025-12-28,Volume,0.0409,4.29
REB0003215,T0003215,IL0003215,C00027,P0022,RP011,2026-10-18,Growth,0.0324,48.98
REB0003216,T0003216,IL0003216,C00390,P0110,RP012,2026-12-04,Promotional,0.0373,9.39
REB0003217,T0003217,IL0003217,C00031,P0058,RP001,2025-05-26,Volume,0.0144,9.14
REB0003218,T0003218,IL0003218,C00145,P0037,RP002,2025-05-12,Growth,0.046,115.61
REB0003219,T0003219,IL0003219,C00483,P0124,RP003,2026-11-23,Promotional,0.0172,9.51
REB0003220,T0003220,IL0003220,C00262,P0091,RP004,2025-03-02,Volume,0.0224,1.53
REB0003221,T0003221,IL0003221,C00230,P0037,RP005,2025-07-13,Growth,0.0491,35.51
REB0003222,T0003222,IL0003222,C00053,P0017,RP006,2025-10-21,Promotional,0.0135,5.78
REB0003223,T0003223,IL0003223,C00259,P0096,RP007,2025-03-04,Volume,0.0359,8.66
REB0003224,T0003224,IL0003224,C00323,P0051,RP008,2025-01-17,Growth,0.0087,5.82
REB0003225,T0003225,IL0003225,C00249,P0106,RP009,2026-03-02,Promotional,0.0188,40.46
REB0003226,T0003226,IL0003226,C00170,P0015,RP010,2025-11-02,Volume,0.0443,59.74
REB0003227,T0003227,IL0003227,C00056,P0013,RP011,2025-04-24,Growth,0.0129,18.88
REB0003228,T0003228,IL0003228,C00354,P0064,RP012,2025-07-16,Promotional,0.0171,2.22
REB0003229,T0003229,IL0003229,C00238,P0006,RP001,2025-01-30,Volume,0.0232,15.4
REB0003230,T0003230,IL0003230,C00064,P0077,RP002,2026-10-10,Growth,0.0497,75.85
REB0003231,T0003231,IL0003231,C00339,P0035,RP003,2025-09-19,Promotional,0.003,4.91
REB0003232,T0003232,IL0003232,C00086,P0009,RP004,2025-12-20,Volume,0.0341,35.16
REB0003233,T0003233,IL0003233,C00093,P0138,RP005,2026-07-14,Growth,0.0325,100.36
REB0003234,T0003234,IL0003234,C00426,P0092,RP006,2025-11-04,Promotional,0.0412,65.34
REB0003235,T0003235,IL0003235,C00337,P0076,RP007,2026-02-08,Volume,0.0321,24.48
REB0003236,T0003236,IL0003236,C00447,P0040,RP008,2025-11-07,Growth,0.049,57.35
REB0003237,T0003237,IL0003237,C00307,P0089,RP009,2026-05-15,Promotional,0.0024,1.63
REB0003238,T0003238,IL0003238,C00074,P0088,RP010,2026-05-17,Volume,0.038,26.92
REB0003239,T0003239,IL0003239,C00425,P0127,RP011,2025-02-03,Growth,0.0058,6.71
REB0003240,T0003240,IL0003240,C00301,P0033,RP012,2026-05-15,Promotional,0.0098,19.84
REB0003241,T0003241,IL0003241,C00472,P0052,RP001,2026-12-30,Volume,0.0186,47.38
REB0003242,T0003242,IL0003242,C00267,P0131,RP002,2026-02-05,Growth,0.0201,16.45
REB0003243,T0003243,IL0003243,C00287,P0150,RP003,2026-03-01,Promotional,0.0214,3.54
REB0003244,T0003244,IL0003244,C00161,P0031,RP004,2026-01-15,Volume,0.0184,11.33
REB0003245,T0003245,IL0003245,C00477,P0020,RP005,2026-01-16,Growth,0.0071,2.61
REB0003246,T0003246,IL0003246,C00231,P0080,RP006,2026-08-05,Promotional,0.0314,43.63
REB0003247,T0003247,IL0003247,C00044,P0147,RP007,2025-07-22,Volume,0.0143,2.25
REB0003248,T0003248,IL0003248,C00093,P0089,RP008,2025-07-07,Growth,0.0066,1.47
REB0003249,T0003249,IL0003249,C00057,P0125,RP009,2025-01-11,Promotional,0.0454,53.86
REB0003250,T0003250,IL0003250,C00009,P0135,RP010,2026-10-30,Volume,0.0082,4.64
REB0003251,T0003251,IL0003251,C00106,P0091,RP011,2026-04-27,Growth,0.0421,46.71
REB0003252,T0003252,IL0003252,C00451,P0003,RP012,2025-11-02,Promotional,0.012,13.41
REB0003253,T0003253,IL0003253,C00156,P0098,RP001,2026-04-01,Volume,0.0462,16.2
REB0003254,T0003254,IL0003254,C00007,P0063,RP002,2025-06-04,Growth,0.0388,1.25
REB0003255,T0003255,IL0003255,C00339,P0018,RP003,2025-05-23,Promotional,0.0035,1.75
REB0003256,T0003256,IL0003256,C00239,P0125,RP004,2025-03-22,Volume,0.0212,3.52
REB0003257,T0003257,IL0003257,C00246,P0045,RP005,2025-11-08,Growth,0.0179,5.5
REB0003258,T0003258,IL0003258,C00252,P0013,RP006,2026-12-02,Promotional,0.0199,32.41
REB0003259,T0003259,IL0003259,C00338,P0052,RP007,2025-04-21,Volume,0.0524,59.06
REB0003260,T0003260,IL0003260,C00176,P0013,RP008,2026-10-09,Growth,0.0251,3.54
REB0003261,T0003261,IL0003261,C00078,P0073,RP009,2025-12-04,Promotional,0.0088,12.32
REB0003262,T0003262,IL0003262,C00461,P0044,RP010,2026-05-30,Volume,0.0273,4.64
REB0003263,T0003263,IL0003263,C00210,P0091,RP011,2025-03-28,Growth,0.0092,19.0
REB0003264,T0003264,IL0003264,C00430,P0146,RP012,2025-04-22,Promotional,0.0489,56.74
REB0003265,T0003265,IL0003265,C00298,P0076,RP001,2025-09-27,Volume,0.0445,51.23
REB0003266,T0003266,IL0003266,C00471,P0139,RP002,2025-09-01,Growth,0.0526,52.15
REB0003267,T0003267,IL0003267,C00358,P0095,RP003,2025-04-03,Promotional,0.0078,11.78
REB0003268,T0003268,IL0003268,C00492,P0049,RP004,2026-01-09,Volume,0.0085,0.92
REB0003269,T0003269,IL0003269,C00344,P0059,RP005,2025-12-02,Growth,0.0515,8.5
REB0003270,T0003270,IL0003270,C00475,P0055,RP006,2025-08-17,Promotional,0.0502,25.48
REB0003271,T0003271,IL0003271,C00227,P0042,RP007,2025-08-14,Volume,0.0277,22.07
REB0003272,T0003272,IL0003272,C00236,P0026,RP008,2025-01-01,Growth,0.0445,0.74
REB0003273,T0003273,IL0003273,C00245,P0009,RP009,2026-05-16,Promotional,0.0042,2.77
REB0003274,T0003274,IL0003274,C00139,P0109,RP010,2025-12-16,Volume,0.0028,4.55
REB0003275,T0003275,IL0003275,C00030,P0042,RP011,2025-05-08,Growth,0.0097,12.04
REB0003276,T0003276,IL0003276,C00399,P0131,RP012,2026-05-23,Promotional,0.0467,5.98
REB0003277,T0003277,IL0003277,C00404,P0120,RP001,2026-09-15,Volume,0.0533,1.23
REB0003278,T0003278,IL0003278,C00132,P0101,RP002,2025-11-24,Growth,0.0464,41.91
REB0003279,T0003279,IL0003279,C00284,P0071,RP003,2025-02-03,Promotional,0.0208,4.28
REB0003280,T0003280,IL0003280,C00180,P0076,RP004,2025-01-14,Volume,0.0197,41.52
REB0003281,T0003281,IL0003281,C00022,P0051,RP005,2026-11-03,Growth,0.0364,56.23
REB0003282,T0003282,IL0003282,C00319,P0010,RP006,2026-04-05,Promotional,0.023,5.7
REB0003283,T0003283,IL0003283,C00199,P0043,RP007,2026-10-10,Volume,0.0492,157.37
REB0003284,T0003284,IL0003284,C00289,P0121,RP008,2025-08-06,Growth,0.0359,26.27
REB0003285,T0003285,IL0003285,C00083,P0146,RP009,2025-09-02,Promotional,0.0133,25.48
REB0003286,T0003286,IL0003286,C00287,P0021,RP010,2025-11-13,Volume,0.0043,1.43
REB0003287,T0003287,IL0003287,C00208,P0116,RP011,2026-04-05,Growth,0.0447,12.3
REB0003288,T0003288,IL0003288,C00031,P0040,RP012,2025-08-22,Promotional,0.0277,26.3
REB0003289,T0003289,IL0003289,C00108,P0107,RP001,2025-01-14,Volume,0.048,50.73
REB0003290,T0003290,IL0003290,C00194,P0083,RP002,2025-06-29,Growth,0.0463,15.66
REB0003291,T0003291,IL0003291,C00382,P0080,RP003,2026-12-13,Promotional,0.0396,26.25
REB0003292,T0003292,IL0003292,C00273,P0038,RP004,2026-06-15,Volume,0.0315,19.57
REB0003293,T0003293,IL0003293,C00391,P0027,RP005,2025-04-17,Growth,0.0128,17.91
REB0003294,T0003294,IL0003294,C00377,P0108,RP006,2025-10-21,Promotional,0.0476,7.74
REB0003295,T0003295,IL0003295,C00259,P0054,RP007,2025-07-27,Volume,0.0418,17.01
REB0003296,T0003296,IL0003296,C00154,P0089,RP008,2026-10-03,Growth,0.0318,27.26
REB0003297,T0003297,IL0003297,C00143,P0083,RP009,2025-05-22,Promotional,0.0186,2.4
REB0003298,T0003298,IL0003298,C00207,P0050,RP010,2025-05-17,Volume,0.0529,11.89
REB0003299,T0003299,IL0003299,C00046,P0097,RP011,2026-04-21,Growth,0.0511,120.7
REB0003300,T0003300,IL0003300,C00491,P0065,RP012,2026-04-19,Promotional,0.0119,21.66
REB0003301,T0003301,IL0003301,C00143,P0121,RP001,2026-10-30,Volume,0.0053,10.62
REB0003302,T0003302,IL0003302,C00080,P0046,RP002,2026-09-18,Growth,0.0513,12.62
REB0003303,T0003303,IL0003303,C00444,P0101,RP003,2025-01-01,Promotional,0.0052,3.1
REB0003304,T0003304,IL0003304,C00432,P0139,RP004,2025-03-07,Volume,0.0504,17.96
REB0003305,T0003305,IL0003305,C00178,P0103,RP005,2025-08-26,Growth,0.0238,1.15
REB0003306,T0003306,IL0003306,C00158,P0115,RP006,2025-01-10,Promotional,0.0456,139.89
REB0003307,T0003307,IL0003307,C00100,P0038,RP007,2025-04-05,Volume,0.0499,10.41
REB0003308,T0003308,IL0003308,C00225,P0099,RP008,2025-11-02,Growth,0.0011,2.87
REB0003309,T0003309,IL0003309,C00307,P0075,RP009,2026-06-18,Promotional,0.0043,11.07
REB0003310,T0003310,IL0003310,C00022,P0027,RP010,2026-02-01,Volume,0.0423,30.45
REB0003311,T0003311,IL0003311,C00312,P0013,RP011,2025-11-16,Growth,0.0044,5.96
REB0003312,T0003312,IL0003312,C00363,P0057,RP012,2026-10-30,Promotional,0.0054,6.94
REB0003313,T0003313,IL0003313,C00269,P0071,RP001,2025-05-28,Volume,0.035,23.04
REB0003314,T0003314,IL0003314,C00078,P0042,RP002,2026-01-23,Growth,0.0281,7.86
REB0003315,T0003315,IL0003315,C00383,P0012,RP003,2026-03-01,Promotional,0.0325,31.12
REB0003316,T0003316,IL0003316,C00103,P0131,RP004,2025-12-10,Volume,0.0074,4.35
REB0003317,T0003317,IL0003317,C00321,P0126,RP005,2026-02-03,Growth,0.0121,12.95
REB0003318,T0003318,IL0003318,C00448,P0046,RP006,2025-02-27,Promotional,0.0191,15.85
REB0003319,T0003319,IL0003319,C00410,P0018,RP007,2025-03-20,Volume,0.0093,19.61
REB0003320,T0003320,IL0003320,C00431,P0109,RP008,2025-02-01,Growth,0.0122,4.86
REB0003321,T0003321,IL0003321,C00234,P0148,RP009,2025-09-18,Promotional,0.0506,32.25
REB0003322,T0003322,IL0003322,C00092,P0041,RP010,2026-08-16,Volume,0.0196,11.38
REB0003323,T0003323,IL0003323,C00182,P0036,RP011,2026-11-28,Growth,0.0448,102.68
REB0003324,T0003324,IL0003324,C00436,P0084,RP012,2025-02-16,Promotional,0.0412,87.39
REB0003325,T0003325,IL0003325,C00028,P0064,RP001,2025-09-02,Volume,0.033,7.57
REB0003326,T0003326,IL0003326,C00259,P0073,RP002,2025-08-24,Growth,0.0373,8.73
REB0003327,T0003327,IL0003327,C00306,P0150,RP003,2025-08-04,Promotional,0.0405,13.3
REB0003328,T0003328,IL0003328,C00328,P0066,RP004,2026-02-25,Volume,0.0325,32.38
REB0003329,T0003329,IL0003329,C00387,P0070,RP005,2025-02-28,Growth,0.0173,34.49
REB0003330,T0003330,IL0003330,C00054,P0016,RP006,2025-06-24,Promotional,0.038,6.48
REB0003331,T0003331,IL0003331,C00482,P0065,RP007,2026-05-12,Volume,0.0374,1.87
REB0003332,T0003332,IL0003332,C00169,P0125,RP008,2026-02-10,Growth,0.0207,19.8
REB0003333,T0003333,IL0003333,C00393,P0075,RP009,2025-03-01,Promotional,0.0001,0.02
REB0003334,T0003334,IL0003334,C00183,P0034,RP010,2025-06-07,Volume,0.0201,2.27
REB0003335,T0003335,IL0003335,C00169,P0124,RP011,2026-12-27,Growth,0.0159,6.58
REB0003336,T0003336,IL0003336,C00219,P0051,RP012,2025-04-12,Promotional,0.0459,70.34
REB0003337,T0003337,IL0003337,C00454,P0069,RP001,2026-01-30,Volume,0.0526,44.49
REB0003338,T0003338,IL0003338,C00380,P0102,RP002,2025-05-19,Growth,0.033,68.48
REB0003339,T0003339,IL0003339,C00443,P0008,RP003,2026-12-23,Promotional,0.0396,6.18
REB0003340,T0003340,IL0003340,C00345,P0116,RP004,2025-07-26,Volume,0.0317,2.47
REB0003341,T0003341,IL0003341,C00422,P0100,RP005,2026-01-09,Growth,0.0052,8.97
REB0003342,T0003342,IL0003342,C00011,P0088,RP006,2025-09-14,Promotional,0.0401,45.05
REB0003343,T0003343,IL0003343,C00151,P0029,RP007,2025-01-21,Volume,0.0017,1.51
REB0003344,T0003344,IL0003344,C00258,P0130,RP008,2026-12-03,Growth,0.0508,110.66
REB0003345,T0003345,IL0003345,C00119,P0106,RP009,2025-07-05,Promotional,0.0472,67.16
REB0003346,T0003346,IL0003346,C00478,P0029,RP010,2026-04-06,Volume,0.0458,38.52
REB0003347,T0003347,IL0003347,C00086,P0126,RP011,2025-05-01,Growth,0.0318,53.9
REB0003348,T0003348,IL0003348,C00327,P0136,RP012,2025-01-27,Promotional,0.0428,19.24
REB0003349,T0003349,IL0003349,C00362,P0072,RP001,2025-03-05,Volume,0.0203,49.31
REB0003350,T0003350,IL0003350,C00223,P0066,RP002,2025-05-07,Growth,0.0168,39.44
REB0003351,T0003351,IL0003351,C00190,P0106,RP003,2026-04-01,Promotional,0.04,10.28
REB0003352,T0003352,IL0003352,C00249,P0041,RP004,2026-09-14,Volume,0.0277,37.2
REB0003353,T0003353,IL0003353,C00474,P0053,RP005,2026-04-10,Growth,0.0407,62.29
REB0003354,T0003354,IL0003354,C00471,P0123,RP006,2026-10-20,Promotional,0.0152,16.38
REB0003355,T0003355,IL0003355,C00429,P0144,RP007,2026-04-18,Volume,0.0177,46.34
REB0003356,T0003356,IL0003356,C00366,P0015,RP008,2026-10-26,Growth,0.0221,31.8
REB0003357,T0003357,IL0003357,C00359,P0006,RP009,2025-08-18,Promotional,0.0436,16.2
REB0003358,T0003358,IL0003358,C00350,P0102,RP010,2026-02-23,Volume,0.0241,25.95
REB0003359,T0003359,IL0003359,C00377,P0120,RP011,2026-12-25,Growth,0.0226,27.25
REB0003360,T0003360,IL0003360,C00081,P0146,RP012,2026-04-15,Promotional,0.0056,0.65
REB0003361,T0003361,IL0003361,C00435,P0113,RP001,2025-06-21,Volume,0.0218,14.25
REB0003362,T0003362,IL0003362,C00159,P0108,RP002,2026-06-07,Growth,0.0211,10.89
REB0003363,T0003363,IL0003363,C00023,P0053,RP003,2026-11-01,Promotional,0.0438,2.84
REB0003364,T0003364,IL0003364,C00122,P0066,RP004,2025-03-08,Volume,0.0424,32.43
REB0003365,T0003365,IL0003365,C00223,P0104,RP005,2026-03-26,Growth,0.0098,11.32
REB0003366,T0003366,IL0003366,C00290,P0072,RP006,2026-02-26,Promotional,0.041,22.14
REB0003367,T0003367,IL0003367,C00284,P0018,RP007,2026-01-10,Volume,0.0064,1.81
REB0003368,T0003368,IL0003368,C00287,P0099,RP008,2026-11-01,Growth,0.0173,13.69
REB0003369,T0003369,IL0003369,C00188,P0128,RP009,2026-11-13,Promotional,0.002,4.13
REB0003370,T0003370,IL0003370,C00048,P0033,RP010,2025-10-24,Volume,0.0532,100.86
REB0003371,T0003371,IL0003371,C00288,P0102,RP011,2025-11-22,Growth,0.0019,1.54
REB0003372,T0003372,IL0003372,C00045,P0124,RP012,2026-01-10,Promotional,0.011,20.76
REB0003373,T0003373,IL0003373,C00428,P0045,RP001,2025-03-10,Volume,0.0184,6.81
REB0003374,T0003374,IL0003374,C00217,P0041,RP002,2026-05-20,Growth,0.0152,16.94
REB0003375,T0003375,IL0003375,C00395,P0086,RP003,2026-03-18,Promotional,0.0144,10.79
REB0003376,T0003376,IL0003376,C00049,P0001,RP004,2026-06-07,Volume,0.0244,21.76
REB0003377,T0003377,IL0003377,C00308,P0065,RP005,2026-07-23,Growth,0.042,86.83
REB0003378,T0003378,IL0003378,C00415,P0035,RP006,2025-05-03,Promotional,0.0005,0.23
REB0003379,T0003379,IL0003379,C00413,P0004,RP007,2026-07-09,Volume,0.0119,3.65
REB0003380,T0003380,IL0003380,C00430,P0029,RP008,2026-07-21,Growth,0.0527,43.95
REB0003381,T0003381,IL0003381,C00303,P0010,RP009,2026-08-29,Promotional,0.0386,19.68
REB0003382,T0003382,IL0003382,C00039,P0042,RP010,2026-10-14,Volume,0.0079,19.41
REB0003383,T0003383,IL0003383,C00290,P0135,RP011,2025-12-22,Growth,0.0147,27.27
REB0003384,T0003384,IL0003384,C00462,P0083,RP012,2026-08-22,Promotional,0.0082,3.25
REB0003385,T0003385,IL0003385,C00190,P0107,RP001,2026-03-20,Volume,0.0215,46.0
REB0003386,T0003386,IL0003386,C00109,P0006,RP002,2025-04-09,Growth,0.051,111.58
REB0003387,T0003387,IL0003387,C00204,P0070,RP003,2025-04-13,Promotional,0.0513,7.34
REB0003388,T0003388,IL0003388,C00434,P0058,RP004,2025-05-11,Volume,0.0538,149.24
REB0003389,T0003389,IL0003389,C00212,P0026,RP005,2025-07-10,Growth,0.0269,36.45
REB0003390,T0003390,IL0003390,C00353,P0083,RP006,2025-01-14,Promotional,0.0285,20.53
REB0003391,T0003391,IL0003391,C00346,P0122,RP007,2025-05-25,Volume,0.0324,39.88
REB0003392,T0003392,IL0003392,C00101,P0046,RP008,2026-09-20,Growth,0.009,18.07
REB0003393,T0003393,IL0003393,C00241,P0088,RP009,2025-06-28,Promotional,0.0387,10.42
REB0003394,T0003394,IL0003394,C00428,P0144,RP010,2026-04-27,Volume,0.0464,40.88
REB0003395,T0003395,IL0003395,C00042,P0007,RP011,2026-05-25,Growth,0.0073,3.42
REB0003396,T0003396,IL0003396,C00115,P0094,RP012,2026-04-11,Promotional,0.0383,9.63
REB0003397,T0003397,IL0003397,C00377,P0032,RP001,2025-09-02,Volume,0.0471,101.72
REB0003398,T0003398,IL0003398,C00492,P0066,RP002,2026-05-14,Growth,0.051,96.79
REB0003399,T0003399,IL0003399,C00118,P0131,RP003,2026-07-19,Promotional,0.001,1.09
REB0003400,T0003400,IL0003400,C00403,P0089,RP004,2026-05-03,Volume,0.0073,7.22
REB0003401,T0003401,IL0003401,C00136,P0033,RP005,2025-05-18,Growth,0.0139,20.53
REB0003402,T0003402,IL0003402,C00338,P0134,RP006,2025-04-20,Promotional,0.0289,14.04
REB0003403,T0003403,IL0003403,C00272,P0059,RP007,2025-07-14,Volume,0.0278,47.47
REB0003404,T0003404,IL0003404,C00147,P0119,RP008,2026-11-15,Growth,0.0171,16.6
REB0003405,T0003405,IL0003405,C00488,P0063,RP009,2026-12-20,Promotional,0.003,1.77
REB0003406,T0003406,IL0003406,C00437,P0108,RP010,2025-03-25,Volume,0.0289,22.28
REB0003407,T0003407,IL0003407,C00404,P0112,RP011,2026-06-14,Growth,0.0316,58.87
REB0003408,T0003408,IL0003408,C00070,P0017,RP012,2026-08-23,Promotional,0.0348,43.28
REB0003409,T0003409,IL0003409,C00110,P0127,RP001,2026-04-17,Volume,0.0503,77.64
REB0003410,T0003410,IL0003410,C00484,P0127,RP002,2026-07-31,Growth,0.0084,4.07
REB0003411,T0003411,IL0003411,C00064,P0006,RP003,2026-10-23,Promotional,0.0367,16.6
REB0003412,T0003412,IL0003412,C00251,P0083,RP004,2025-11-26,Volume,0.0419,13.82
REB0003413,T0003413,IL0003413,C00402,P0004,RP005,2026-12-16,Growth,0.0292,0.14
REB0003414,T0003414,IL0003414,C00248,P0076,RP006,2025-06-28,Promotional,0.0164,17.52
REB0003415,T0003415,IL0003415,C00059,P0117,RP007,2025-12-20,Volume,0.0119,6.82
REB0003416,T0003416,IL0003416,C00119,P0111,RP008,2025-12-02,Growth,0.0117,17.96
REB0003417,T0003417,IL0003417,C00273,P0124,RP009,2025-12-09,Promotional,0.0355,2.81
REB0003418,T0003418,IL0003418,C00039,P0047,RP010,2026-05-04,Volume,0.0545,10.57
REB0003419,T0003419,IL0003419,C00202,P0106,RP011,2026-02-08,Growth,0.0465,114.75
REB0003420,T0003420,IL0003420,C00149,P0059,RP012,2025-06-24,Promotional,0.0544,57.6
REB0003421,T0003421,IL0003421,C00477,P0147,RP001,2026-02-01,Volume,0.0405,31.35
REB0003422,T0003422,IL0003422,C00497,P0144,RP002,2026-05-01,Growth,0.0359,8.59
REB0003423,T0003423,IL0003423,C00384,P0019,RP003,2026-03-02,Promotional,0.0334,10.9
REB0003424,T0003424,IL0003424,C00203,P0046,RP004,2026-08-10,Volume,0.0477,40.78
REB0003425,T0003425,IL0003425,C00202,P0103,RP005,2025-12-11,Growth,0.0391,0.58
REB0003426,T0003426,IL0003426,C00200,P0067,RP006,2025-03-21,Promotional,0.0445,63.36
REB0003427,T0003427,IL0003427,C00056,P0024,RP007,2026-05-29,Volume,0.0513,86.05
REB0003428,T0003428,IL0003428,C00127,P0107,RP008,2026-10-09,Growth,0.0441,21.83
REB0003429,T0003429,IL0003429,C00241,P0016,RP009,2026-04-17,Promotional,0.002,1.48
REB0003430,T0003430,IL0003430,C00197,P0025,RP010,2026-09-12,Volume,0.0263,32.93
REB0003431,T0003431,IL0003431,C00423,P0027,RP011,2026-12-14,Growth,0.0144,4.81
REB0003432,T0003432,IL0003432,C00433,P0138,RP012,2026-07-13,Promotional,0.0408,7.68
REB0003433,T0003433,IL0003433,C00331,P0096,RP001,2026-10-03,Volume,0.0367,61.97
REB0003434,T0003434,IL0003434,C00113,P0095,RP002,2025-06-08,Growth,0.0014,0.79
REB0003435,T0003435,IL0003435,C00078,P0038,RP003,2026-11-14,Promotional,0.0523,35.18
REB0003436,T0003436,IL0003436,C00192,P0050,RP004,2025-04-17,Volume,0.0365,30.45
REB0003437,T0003437,IL0003437,C00185,P0083,RP005,2026-11-24,Growth,0.0417,78.77
REB0003438,T0003438,IL0003438,C00372,P0013,RP006,2025-12-28,Promotional,0.0407,14.28
REB0003439,T0003439,IL0003439,C00174,P0139,RP007,2026-11-25,Volume,0.0497,1.75
REB0003440,T0003440,IL0003440,C00252,P0067,RP008,2026-09-01,Growth,0.0446,61.86
REB0003441,T0003441,IL0003441,C00403,P0076,RP009,2026-01-29,Promotional,0.0244,13.86
REB0003442,T0003442,IL0003442,C00488,P0123,RP010,2025-07-23,Volume,0.0506,9.43
REB0003443,T0003443,IL0003443,C00001,P0047,RP011,2025-12-20,Growth,0.0135,12.9
REB0003444,T0003444,IL0003444,C00308,P0075,RP012,2025-04-29,Promotional,0.0413,71.5
REB0003445,T0003445,IL0003445,C00219,P0042,RP001,2026-08-01,Volume,0.013,1.93
REB0003446,T0003446,IL0003446,C00298,P0030,RP002,2025-11-21,Growth,0.0396,19.54
REB0003447,T0003447,IL0003447,C00271,P0135,RP003,2026-10-24,Promotional,0.0376,56.25
REB0003448,T0003448,IL0003448,C00126,P0029,RP004,2025-04-30,Volume,0.0398,37.64
REB0003449,T0003449,IL0003449,C00164,P0047,RP005,2026-08-02,Growth,0.0241,20.3
REB0003450,T0003450,IL0003450,C00234,P0114,RP006,2026-06-12,Promotional,0.0341,70.3
REB0003451,T0003451,IL0003451,C00171,P0096,RP007,2026-04-26,Volume,0.0448,121.61
REB0003452,T0003452,IL0003452,C00302,P0004,RP008,2025-11-28,Growth,0.0177,11.81
REB0003453,T0003453,IL0003453,C00293,P0058,RP009,2025-03-10,Promotional,0.0362,60.42
REB0003454,T0003454,IL0003454,C00120,P0064,RP010,2026-09-17,Volume,0.0107,9.72
REB0003455,T0003455,IL0003455,C00344,P0139,RP011,2026-08-23,Growth,0.0402,58.53
REB0003456,T0003456,IL0003456,C00287,P0126,RP012,2026-05-17,Promotional,0.0386,57.3
REB0003457,T0003457,IL0003457,C00127,P0013,RP001,2026-03-12,Volume,0.0399,54.0
REB0003458,T0003458,IL0003458,C00256,P0146,RP002,2026-08-06,Growth,0.0435,106.04
REB0003459,T0003459,IL0003459,C00339,P0012,RP003,2026-01-08,Promotional,0.0535,28.35
REB0003460,T0003460,IL0003460,C00009,P0114,RP004,2025-03-25,Volume,0.0196,19.63
REB0003461,T0003461,IL0003461,C00009,P0086,RP005,2025-09-01,Growth,0.0067,8.31
REB0003462,T0003462,IL0003462,C00085,P0072,RP006,2026-03-29,Promotional,0.0466,22.47
REB0003463,T0003463,IL0003463,C00156,P0002,RP007,2026-05-28,Volume,0.0444,63.12
REB0003464,T0003464,IL0003464,C00245,P0037,RP008,2026-10-04,Growth,0.0423,34.63
REB0003465,T0003465,IL0003465,C00437,P0012,RP009,2025-07-14,Promotional,0.0059,6.95
REB0003466,T0003466,IL0003466,C00424,P0047,RP010,2025-01-29,Volume,0.0448,129.21
REB0003467,T0003467,IL0003467,C00088,P0080,RP011,2026-08-11,Growth,0.0488,32.79
REB0003468,T0003468,IL0003468,C00191,P0136,RP012,2026-06-26,Promotional,0.0112,1.11
REB0003469,T0003469,IL0003469,C00217,P0114,RP001,2025-05-07,Volume,0.0025,1.7
REB0003470,T0003470,IL0003470,C00289,P0092,RP002,2025-12-25,Growth,0.0055,6.02
REB0003471,T0003471,IL0003471,C00455,P0114,RP003,2026-11-17,Promotional,0.018,5.62
REB0003472,T0003472,IL0003472,C00281,P0017,RP004,2026-05-30,Volume,0.0083,24.3
REB0003473,T0003473,IL0003473,C00323,P0039,RP005,2026-04-29,Growth,0.0436,11.24
REB0003474,T0003474,IL0003474,C00297,P0063,RP006,2025-11-07,Promotional,0.0422,42.26
REB0003475,T0003475,IL0003475,C00196,P0112,RP007,2026-10-07,Volume,0.0365,33.67
REB0003476,T0003476,IL0003476,C00172,P0142,RP008,2025-11-16,Growth,0.0344,7.38
REB0003477,T0003477,IL0003477,C00020,P0099,RP009,2026-11-30,Promotional,0.0407,48.02
REB0003478,T0003478,IL0003478,C00472,P0058,RP010,2025-02-11,Volume,0.0479,35.6
REB0003479,T0003479,IL0003479,C00249,P0010,RP011,2025-04-10,Growth,0.0163,6.1
REB0003480,T0003480,IL0003480,C00447,P0105,RP012,2026-10-14,Promotional,0.0019,1.96
REB0003481,T0003481,IL0003481,C00010,P0070,RP001,2026-07-16,Volume,0.0463,120.34
REB0003482,T0003482,IL0003482,C00379,P0113,RP002,2025-04-23,Growth,0.0274,55.15
REB0003483,T0003483,IL0003483,C00497,P0105,RP003,2026-02-12,Promotional,0.0345,18.13
REB0003484,T0003484,IL0003484,C00050,P0094,RP004,2026-07-17,Volume,0.0212,5.5
REB0003485,T0003485,IL0003485,C00113,P0108,RP005,2025-12-24,Growth,0.0095,3.47
REB0003486,T0003486,IL0003486,C00182,P0128,RP006,2026-08-22,Promotional,0.0347,33.05
REB0003487,T0003487,IL0003487,C00463,P0060,RP007,2026-04-23,Volume,0.0233,9.93
REB0003488,T0003488,IL0003488,C00136,P0065,RP008,2025-03-26,Growth,0.0144,7.02
REB0003489,T0003489,IL0003489,C00350,P0129,RP009,2025-12-20,Promotional,0.0141,26.09
REB0003490,T0003490,IL0003490,C00428,P0057,RP010,2025-04-28,Volume,0.0236,8.12
REB0003491,T0003491,IL0003491,C00228,P0064,RP011,2025-07-16,Growth,0.0095,20.69
REB0003492,T0003492,IL0003492,C00145,P0031,RP012,2026-05-13,Promotional,0.0438,34.79
REB0003493,T0003493,IL0003493,C00080,P0084,RP001,2025-10-17,Volume,0.052,44.54
REB0003494,T0003494,IL0003494,C00481,P0032,RP002,2025-09-19,Growth,0.015,4.01
REB0003495,T0003495,IL0003495,C00444,P0124,RP003,2025-05-25,Promotional,0.0034,0.09
REB0003496,T0003496,IL0003496,C00357,P0004,RP004,2025-06-26,Volume,0.0169,8.0
REB0003497,T0003497,IL0003497,C00272,P0027,RP005,2026-05-16,Growth,0.0085,3.45
REB0003498,T0003498,IL0003498,C00225,P0075,RP006,2026-03-16,Promotional,0.0319,58.18
REB0003499,T0003499,IL0003499,C00328,P0118,RP007,2026-04-03,Volume,0.0107,9.47
REB0003500,T0003500,IL0003500,C00081,P0104,RP008,2026-05-22,Growth,0.0003,0.23
REB0003501,T0003501,IL0003501,C00331,P0129,RP009,2026-03-26,Promotional,0.0392,4.07
REB0003502,T0003502,IL0003502,C00008,P0088,RP010,2026-09-04,Volume,0.0122,2.22
REB0003503,T0003503,IL0003503,C00482,P0025,RP011,2026-11-12,Growth,0.0005,0.01
REB0003504,T0003504,IL0003504,C00447,P0057,RP012,2025-05-03,Promotional,0.048,126.6
REB0003505,T0003505,IL0003505,C00458,P0062,RP001,2026-11-16,Volume,0.0143,23.38
REB0003506,T0003506,IL0003506,C00345,P0097,RP002,2025-01-23,Growth,0.0209,1.11
REB0003507,T0003507,IL0003507,C00468,P0045,RP003,2026-02-25,Promotional,0.0072,11.63
REB0003508,T0003508,IL0003508,C00357,P0038,RP004,2026-07-18,Volume,0.0526,30.19
REB0003509,T0003509,IL0003509,C00166,P0123,RP005,2025-03-21,Growth,0.0338,91.81
REB0003510,T0003510,IL0003510,C00329,P0091,RP006,2026-05-05,Promotional,0.0539,75.4
REB0003511,T0003511,IL0003511,C00477,P0042,RP007,2026-07-25,Volume,0.0108,1.9
REB0003512,T0003512,IL0003512,C00387,P0051,RP008,2025-10-15,Growth,0.0084,0.27
REB0003513,T0003513,IL0003513,C00201,P0046,RP009,2026-11-12,Promotional,0.0514,6.87
REB0003514,T0003514,IL0003514,C00230,P0134,RP010,2026-10-31,Volume,0.0126,25.08
REB0003515,T0003515,IL0003515,C00402,P0054,RP011,2026-09-03,Growth,0.0424,20.8
REB0003516,T0003516,IL0003516,C00128,P0141,RP012,2026-11-24,Promotional,0.0047,10.63
REB0003517,T0003517,IL0003517,C00233,P0140,RP001,2025-10-02,Volume,0.0096,1.76
REB0003518,T0003518,IL0003518,C00307,P0134,RP002,2026-02-25,Growth,0.0201,48.29
REB0003519,T0003519,IL0003519,C00277,P0127,RP003,2025-09-07,Promotional,0.0535,1.03
REB0003520,T0003520,IL0003520,C00405,P0038,RP004,2026-03-31,Volume,0.0389,15.1
REB0003521,T0003521,IL0003521,C00345,P0108,RP005,2026-01-19,Growth,0.0223,17.23
REB0003522,T0003522,IL0003522,C00168,P0048,RP006,2025-08-02,Promotional,0.003,1.69
REB0003523,T0003523,IL0003523,C00067,P0099,RP007,2025-10-10,Volume,0.0497,18.79
REB0003524,T0003524,IL0003524,C00044,P0115,RP008,2026-05-02,Growth,0.0184,11.58
REB0003525,T0003525,IL0003525,C00284,P0019,RP009,2025-01-30,Promotional,0.0233,0.15
REB0003526,T0003526,IL0003526,C00411,P0107,RP010,2025-06-11,Volume,0.0131,17.65
REB0003527,T0003527,IL0003527,C00077,P0048,RP011,2025-01-29,Growth,0.018,20.44
REB0003528,T0003528,IL0003528,C00188,P0115,RP012,2025-07-17,Promotional,0.0202,17.57
REB0003529,T0003529,IL0003529,C00443,P0127,RP001,2026-05-23,Volume,0.0519,21.99
REB0003530,T0003530,IL0003530,C00305,P0030,RP002,2026-06-21,Growth,0.0174,49.53
REB0003531,T0003531,IL0003531,C00060,P0041,RP003,2025-09-27,Promotional,0.0229,24.0
REB0003532,T0003532,IL0003532,C00039,P0121,RP004,2026-03-31,Volume,0.0221,7.53
REB0003533,T0003533,IL0003533,C00278,P0091,RP005,2025-02-24,Growth,0.0541,0.75
REB0003534,T0003534,IL0003534,C00237,P0008,RP006,2025-04-02,Promotional,0.0369,6.02
REB0003535,T0003535,IL0003535,C00488,P0134,RP007,2026-11-12,Volume,0.0258,14.92
REB0003536,T0003536,IL0003536,C00016,P0017,RP008,2025-01-13,Growth,0.0501,13.73
REB0003537,T0003537,IL0003537,C00364,P0113,RP009,2025-02-28,Promotional,0.0154,11.87
REB0003538,T0003538,IL0003538,C00363,P0018,RP010,2026-11-08,Volume,0.0362,48.42
REB0003539,T0003539,IL0003539,C00075,P0033,RP011,2026-06-25,Growth,0.007,1.81
REB0003540,T0003540,IL0003540,C00205,P0015,RP012,2025-09-25,Promotional,0.0054,13.44
REB0003541,T0003541,IL0003541,C00217,P0101,RP001,2026-12-07,Volume,0.0142,1.55
REB0003542,T0003542,IL0003542,C00386,P0070,RP002,2026-03-20,Growth,0.0452,6.07
REB0003543,T0003543,IL0003543,C00054,P0058,RP003,2026-10-31,Promotional,0.0416,79.26
REB0003544,T0003544,IL0003544,C00024,P0124,RP004,2026-12-02,Volume,0.0411,62.72
REB0003545,T0003545,IL0003545,C00008,P0071,RP005,2025-08-21,Growth,0.0269,33.71
REB0003546,T0003546,IL0003546,C00191,P0121,RP006,2025-08-17,Promotional,0.0235,46.28
REB0003547,T0003547,IL0003547,C00040,P0124,RP007,2025-09-05,Volume,0.0261,2.44
REB0003548,T0003548,IL0003548,C00204,P0143,RP008,2026-09-29,Growth,0.0093,7.73
REB0003549,T0003549,IL0003549,C00017,P0090,RP009,2025-12-29,Promotional,0.0401,27.85
REB0003550,T0003550,IL0003550,C00380,P0045,RP010,2025-07-30,Volume,0.019,4.19
REB0003551,T0003551,IL0003551,C00425,P0098,RP011,2026-10-14,Growth,0.0281,43.89
REB0003552,T0003552,IL0003552,C00258,P0052,RP012,2026-02-08,Promotional,0.0515,7.81
REB0003553,T0003553,IL0003553,C00108,P0062,RP001,2025-06-14,Volume,0.0001,0.05
REB0003554,T0003554,IL0003554,C00483,P0110,RP002,2025-12-19,Growth,0.0531,30.18
REB0003555,T0003555,IL0003555,C00363,P0127,RP003,2026-10-31,Promotional,0.0269,5.88
REB0003556,T0003556,IL0003556,C00370,P0039,RP004,2025-11-13,Volume,0.0265,9.4
REB0003557,T0003557,IL0003557,C00363,P0074,RP005,2026-09-25,Growth,0.0312,6.97
REB0003558,T0003558,IL0003558,C00414,P0001,RP006,2026-10-19,Promotional,0.027,23.24
REB0003559,T0003559,IL0003559,C00152,P0047,RP007,2026-02-09,Volume,0.0286,17.79
REB0003560,T0003560,IL0003560,C00066,P0150,RP008,2025-03-15,Growth,0.035,5.28
REB0003561,T0003561,IL0003561,C00169,P0049,RP009,2026-05-02,Promotional,0.0154,1.01
REB0003562,T0003562,IL0003562,C00088,P0055,RP010,2025-04-17,Volume,0.0307,5.46
REB0003563,T0003563,IL0003563,C00441,P0122,RP011,2026-12-22,Growth,0.0137,16.12
REB0003564,T0003564,IL0003564,C00491,P0133,RP012,2026-03-27,Promotional,0.0061,11.14
REB0003565,T0003565,IL0003565,C00333,P0014,RP001,2026-01-20,Volume,0.0038,0.16
REB0003566,T0003566,IL0003566,C00155,P0070,RP002,2026-07-11,Growth,0.0002,0.32
REB0003567,T0003567,IL0003567,C00279,P0032,RP003,2025-08-25,Promotional,0.0316,33.92
REB0003568,T0003568,IL0003568,C00016,P0113,RP004,2025-11-12,Volume,0.0176,0.16
REB0003569,T0003569,IL0003569,C00283,P0026,RP005,2025-09-28,Growth,0.0359,9.59
REB0003570,T0003570,IL0003570,C00374,P0137,RP006,2025-05-20,Promotional,0.0529,78.79
REB0003571,T0003571,IL0003571,C00191,P0110,RP007,2025-03-13,Volume,0.0119,2.65
REB0003572,T0003572,IL0003572,C00349,P0127,RP008,2026-03-03,Growth,0.0315,19.64
REB0003573,T0003573,IL0003573,C00494,P0086,RP009,2025-04-17,Promotional,0.0063,0.72
REB0003574,T0003574,IL0003574,C00319,P0020,RP010,2026-05-20,Volume,0.0359,2.18
REB0003575,T0003575,IL0003575,C00451,P0014,RP011,2025-05-21,Growth,0.0262,43.99
REB0003576,T0003576,IL0003576,C00499,P0077,RP012,2026-04-05,Promotional,0.0081,6.71
REB0003577,T0003577,IL0003577,C00484,P0085,RP001,2026-03-11,Volume,0.012,27.79
REB0003578,T0003578,IL0003578,C00067,P0007,RP002,2025-05-03,Growth,0.019,16.56
REB0003579,T0003579,IL0003579,C00161,P0083,RP003,2025-08-28,Promotional,0.0532,26.19
REB0003580,T0003580,IL0003580,C00143,P0083,RP004,2025-09-27,Volume,0.0383,70.71
REB0003581,T0003581,IL0003581,C00151,P0048,RP005,2025-09-27,Growth,0.0497,28.46
REB0003582,T0003582,IL0003582,C00167,P0108,RP006,2026-11-13,Promotional,0.0401,4.82
REB0003583,T0003583,IL0003583,C00348,P0063,RP007,2026-09-04,Volume,0.0041,0.09
REB0003584,T0003584,IL0003584,C00199,P0123,RP008,2025-02-23,Growth,0.0524,23.04
REB0003585,T0003585,IL0003585,C00007,P0011,RP009,2025-02-20,Promotional,0.0199,0.41
REB0003586,T0003586,IL0003586,C00375,P0138,RP010,2025-10-30,Volume,0.0492,22.76
REB0003587,T0003587,IL0003587,C00069,P0081,RP011,2026-03-12,Growth,0.0383,11.44
REB0003588,T0003588,IL0003588,C00058,P0044,RP012,2026-06-04,Promotional,0.0306,27.36
REB0003589,T0003589,IL0003589,C00124,P0028,RP001,2025-11-12,Volume,0.0427,3.12
REB0003590,T0003590,IL0003590,C00487,P0124,RP002,2026-05-08,Growth,0.0022,2.05
REB0003591,T0003591,IL0003591,C00127,P0032,RP003,2026-12-19,Promotional,0.053,63.02
REB0003592,T0003592,IL0003592,C00195,P0108,RP004,2025-10-12,Volume,0.0418,70.01
REB0003593,T0003593,IL0003593,C00117,P0048,RP005,2026-07-10,Growth,0.0475,17.42
REB0003594,T0003594,IL0003594,C00143,P0127,RP006,2026-11-29,Promotional,0.0538,40.38
REB0003595,T0003595,IL0003595,C00498,P0136,RP007,2025-11-03,Volume,0.0212,3.14
REB0003596,T0003596,IL0003596,C00121,P0149,RP008,2026-02-19,Growth,0.0308,31.09
REB0003597,T0003597,IL0003597,C00342,P0123,RP009,2026-02-11,Promotional,0.0292,38.15
REB0003598,T0003598,IL0003598,C00289,P0026,RP010,2025-04-25,Volume,0.0246,11.71
REB0003599,T0003599,IL0003599,C00487,P0103,RP011,2026-12-12,Growth,0.009,2.79
REB0003600,T0003600,IL0003600,C00313,P0054,RP012,2026-10-27,Promotional,0.0466,58.01
REB0003601,T0003601,IL0003601,C00164,P0148,RP001,2026-04-04,Volume,0.0432,5.06
REB0003602,T0003602,IL0003602,C00249,P0012,RP002,2026-03-02,Growth,0.0454,59.69
REB0003603,T0003603,IL0003603,C00484,P0015,RP003,2026-04-25,Promotional,0.0198,42.56
REB0003604,T0003604,IL0003604,C00426,P0138,RP004,2026-10-18,Volume,0.0346,77.14
REB0003605,T0003605,IL0003605,C00138,P0092,RP005,2026-07-17,Growth,0.0458,66.47
REB0003606,T0003606,IL0003606,C00354,P0070,RP006,2025-12-13,Promotional,0.0311,1.03
REB0003607,T0003607,IL0003607,C00083,P0121,RP007,2026-04-06,Volume,0.0261,11.5
REB0003608,T0003608,IL0003608,C00031,P0143,RP008,2026-05-25,Growth,0.0355,48.91
REB0003609,T0003609,IL0003609,C00416,P0139,RP009,2026-03-10,Promotional,0.0145,12.89
REB0003610,T0003610,IL0003610,C00101,P0093,RP010,2025-10-20,Volume,0.0057,1.94
REB0003611,T0003611,IL0003611,C00349,P0135,RP011,2026-04-24,Growth,0.031,8.45
REB0003612,T0003612,IL0003612,C00220,P0149,RP012,2026-11-28,Promotional,0.0189,2.51
REB0003613,T0003613,IL0003613,C00179,P0110,RP001,2025-03-17,Volume,0.0114,17.99
REB0003614,T0003614,IL0003614,C00111,P0079,RP002,2025-07-21,Growth,0.0126,0.33
REB0003615,T0003615,IL0003615,C00389,P0072,RP003,2025-06-29,Promotional,0.037,9.56
REB0003616,T0003616,IL0003616,C00331,P0045,RP004,2025-05-01,Volume,0.0545,44.38
REB0003617,T0003617,IL0003617,C00135,P0112,RP005,2025-04-07,Growth,0.0445,14.06
REB0003618,T0003618,IL0003618,C00189,P0099,RP006,2025-03-02,Promotional,0.0521,88.97
REB0003619,T0003619,IL0003619,C00183,P0074,RP007,2026-05-09,Volume,0.0264,43.8
REB0003620,T0003620,IL0003620,C00377,P0063,RP008,2025-02-24,Growth,0.0436,41.33
REB0003621,T0003621,IL0003621,C00082,P0092,RP009,2026-02-15,Promotional,0.0333,25.61
REB0003622,T0003622,IL0003622,C00397,P0131,RP010,2026-11-23,Volume,0.0419,22.77
REB0003623,T0003623,IL0003623,C00270,P0146,RP011,2026-11-13,Growth,0.0243,9.71
REB0003624,T0003624,IL0003624,C00197,P0022,RP012,2026-07-06,Promotional,0.0431,6.03
REB0003625,T0003625,IL0003625,C00161,P0047,RP001,2026-01-26,Volume,0.0283,13.16
REB0003626,T0003626,IL0003626,C00459,P0003,RP002,2026-12-23,Growth,0.0154,5.71
REB0003627,T0003627,IL0003627,C00217,P0094,RP003,2025-07-04,Promotional,0.044,127.25
REB0003628,T0003628,IL0003628,C00463,P0017,RP004,2025-08-03,Volume,0.0203,3.71
REB0003629,T0003629,IL0003629,C00245,P0015,RP005,2025-08-13,Growth,0.0105,4.25
REB0003630,T0003630,IL0003630,C00411,P0128,RP006,2025-01-29,Promotional,0.0549,0.85
REB0003631,T0003631,IL0003631,C00427,P0124,RP007,2025-08-30,Volume,0.0485,21.17
REB0003632,T0003632,IL0003632,C00316,P0041,RP008,2026-07-19,Growth,0.0288,3.47
REB0003633,T0003633,IL0003633,C00028,P0044,RP009,2026-02-17,Promotional,0.0397,20.35
REB0003634,T0003634,IL0003634,C00365,P0008,RP010,2026-07-25,Volume,0.0133,9.11
REB0003635,T0003635,IL0003635,C00496,P0105,RP011,2026-09-18,Growth,0.0489,22.87
REB0003636,T0003636,IL0003636,C00249,P0112,RP012,2026-05-22,Promotional,0.049,13.29
REB0003637,T0003637,IL0003637,C00087,P0046,RP001,2025-10-07,Volume,0.0482,99.63
REB0003638,T0003638,IL0003638,C00400,P0126,RP002,2025-04-23,Growth,0.0427,58.16
REB0003639,T0003639,IL0003639,C00196,P0015,RP003,2025-04-10,Promotional,0.0432,11.73
REB0003640,T0003640,IL0003640,C00206,P0126,RP004,2025-06-24,Volume,0.0149,28.87
REB0003641,T0003641,IL0003641,C00383,P0036,RP005,2025-10-13,Growth,0.0346,41.8
REB0003642,T0003642,IL0003642,C00034,P0085,RP006,2025-02-14,Promotional,0.0424,27.19
REB0003643,T0003643,IL0003643,C00023,P0076,RP007,2026-03-31,Volume,0.0064,1.18
REB0003644,T0003644,IL0003644,C00338,P0138,RP008,2026-01-27,Growth,0.0496,86.75
REB0003645,T0003645,IL0003645,C00478,P0058,RP009,2026-11-19,Promotional,0.0172,20.39
REB0003646,T0003646,IL0003646,C00015,P0127,RP010,2025-02-08,Volume,0.0414,0.62
REB0003647,T0003647,IL0003647,C00461,P0115,RP011,2025-01-06,Growth,0.0199,19.34
REB0003648,T0003648,IL0003648,C00247,P0012,RP012,2026-05-10,Promotional,0.0088,11.52
REB0003649,T0003649,IL0003649,C00443,P0031,RP001,2026-08-24,Volume,0.0061,0.55
REB0003650,T0003650,IL0003650,C00249,P0137,RP002,2026-09-30,Growth,0.0154,8.3
REB0003651,T0003651,IL0003651,C00088,P0012,RP003,2025-04-15,Promotional,0.0425,55.48
REB0003652,T0003652,IL0003652,C00015,P0024,RP004,2026-07-07,Volume,0.0293,11.14
REB0003653,T0003653,IL0003653,C00020,P0039,RP005,2026-07-07,Growth,0.0222,53.59
REB0003654,T0003654,IL0003654,C00368,P0062,RP006,2026-02-12,Promotional,0.0193,2.08
REB0003655,T0003655,IL0003655,C00461,P0097,RP007,2026-03-25,Volume,0.0482,89.66
REB0003656,T0003656,IL0003656,C00198,P0014,RP008,2025-07-17,Growth,0.0103,6.4
REB0003657,T0003657,IL0003657,C00448,P0071,RP009,2025-12-01,Promotional,0.0213,5.16
REB0003658,T0003658,IL0003658,C00420,P0053,RP010,2026-04-20,Volume,0.011,29.59
REB0003659,T0003659,IL0003659,C00328,P0002,RP011,2025-02-22,Growth,0.0528,44.38
REB0003660,T0003660,IL0003660,C00119,P0007,RP012,2026-08-01,Promotional,0.046,35.24
REB0003661,T0003661,IL0003661,C00437,P0128,RP001,2026-12-15,Volume,0.0259,18.87
REB0003662,T0003662,IL0003662,C00027,P0081,RP002,2026-09-18,Growth,0.036,6.09
REB0003663,T0003663,IL0003663,C00189,P0030,RP003,2025-09-27,Promotional,0.0348,1.26
REB0003664,T0003664,IL0003664,C00475,P0084,RP004,2026-07-13,Volume,0.0426,28.41
REB0003665,T0003665,IL0003665,C00082,P0131,RP005,2026-01-27,Growth,0.0173,18.81
REB0003666,T0003666,IL0003666,C00185,P0019,RP006,2026-07-04,Promotional,0.0139,27.51
REB0003667,T0003667,IL0003667,C00345,P0089,RP007,2026-05-01,Volume,0.0381,14.44
REB0003668,T0003668,IL0003668,C00184,P0024,RP008,2025-01-26,Growth,0.0002,0.02
REB0003669,T0003669,IL0003669,C00035,P0085,RP009,2026-01-18,Promotional,0.0424,91.11
REB0003670,T0003670,IL0003670,C00288,P0147,RP010,2026-01-27,Volume,0.0112,8.5
REB0003671,T0003671,IL0003671,C00309,P0013,RP011,2025-07-28,Growth,0.0241,3.19
REB0003672,T0003672,IL0003672,C00245,P0053,RP012,2025-07-28,Promotional,0.0544,61.28
REB0003673,T0003673,IL0003673,C00148,P0049,RP001,2026-08-16,Volume,0.0107,4.87
REB0003674,T0003674,IL0003674,C00497,P0072,RP002,2026-12-11,Growth,0.0299,43.02
REB0003675,T0003675,IL0003675,C00120,P0028,RP003,2026-12-20,Promotional,0.043,72.73
REB0003676,T0003676,IL0003676,C00005,P0072,RP004,2025-07-23,Volume,0.0347,12.57
REB0003677,T0003677,IL0003677,C00167,P0007,RP005,2025-05-29,Growth,0.0171,8.31
REB0003678,T0003678,IL0003678,C00220,P0132,RP006,2026-01-24,Promotional,0.0023,0.65
REB0003679,T0003679,IL0003679,C00215,P0110,RP007,2026-09-13,Volume,0.0267,34.84
REB0003680,T0003680,IL0003680,C00104,P0049,RP008,2025-05-31,Growth,0.0319,52.45
REB0003681,T0003681,IL0003681,C00239,P0093,RP009,2026-12-05,Promotional,0.031,68.02
REB0003682,T0003682,IL0003682,C00430,P0049,RP010,2026-02-28,Volume,0.0357,53.96
REB0003683,T0003683,IL0003683,C00006,P0004,RP011,2026-02-01,Growth,0.0035,7.08
REB0003684,T0003684,IL0003684,C00190,P0044,RP012,2025-06-17,Promotional,0.03,19.79
REB0003685,T0003685,IL0003685,C00147,P0026,RP001,2026-10-09,Volume,0.0023,6.07
REB0003686,T0003686,IL0003686,C00317,P0140,RP002,2025-01-05,Growth,0.0316,14.75
REB0003687,T0003687,IL0003687,C00127,P0050,RP003,2026-07-01,Promotional,0.0381,84.76
REB0003688,T0003688,IL0003688,C00052,P0056,RP004,2025-07-07,Volume,0.04,84.02
REB0003689,T0003689,IL0003689,C00244,P0078,RP005,2026-08-15,Growth,0.0386,3.64
REB0003690,T0003690,IL0003690,C00362,P0062,RP006,2025-12-09,Promotional,0.029,3.43
REB0003691,T0003691,IL0003691,C00250,P0139,RP007,2025-11-24,Volume,0.0156,14.3
REB0003692,T0003692,IL0003692,C00174,P0100,RP008,2026-11-16,Growth,0.0139,11.42
REB0003693,T0003693,IL0003693,C00231,P0058,RP009,2025-06-12,Promotional,0.0074,10.36
REB0003694,T0003694,IL0003694,C00267,P0071,RP010,2026-03-28,Volume,0.0247,33.57
REB0003695,T0003695,IL0003695,C00358,P0125,RP011,2026-09-22,Growth,0.0497,79.39
REB0003696,T0003696,IL0003696,C00404,P0109,RP012,2026-07-30,Promotional,0.0547,33.2
REB0003697,T0003697,IL0003697,C00139,P0012,RP001,2026-09-23,Volume,0.0124,0.32
REB0003698,T0003698,IL0003698,C00209,P0138,RP002,2026-07-25,Growth,0.0459,59.15
REB0003699,T0003699,IL0003699,C00184,P0065,RP003,2025-06-08,Promotional,0.0237,52.89
REB0003700,T0003700,IL0003700,C00138,P0142,RP004,2026-05-25,Volume,0.0044,13.18
REB0003701,T0003701,IL0003701,C00247,P0060,RP005,2025-05-30,Growth,0.0081,0.28
REB0003702,T0003702,IL0003702,C00424,P0010,RP006,2026-10-14,Promotional,0.0499,17.09
REB0003703,T0003703,IL0003703,C00183,P0083,RP007,2026-02-06,Volume,0.003,5.72
REB0003704,T0003704,IL0003704,C00067,P0126,RP008,2026-02-14,Growth,0.0099,7.64
REB0003705,T0003705,IL0003705,C00260,P0118,RP009,2026-08-08,Promotional,0.0226,4.28
REB0003706,T0003706,IL0003706,C00454,P0028,RP010,2026-08-07,Volume,0.0413,12.92
REB0003707,T0003707,IL0003707,C00343,P0065,RP011,2025-08-07,Growth,0.0097,3.41
REB0003708,T0003708,IL0003708,C00126,P0080,RP012,2025-09-21,Promotional,0.0237,33.48
REB0003709,T0003709,IL0003709,C00146,P0128,RP001,2025-07-17,Volume,0.0279,6.02
REB0003710,T0003710,IL0003710,C00276,P0128,RP002,2026-07-17,Growth,0.0174,23.09
REB0003711,T0003711,IL0003711,C00345,P0089,RP003,2025-03-13,Promotional,0.0462,43.85
REB0003712,T0003712,IL0003712,C00205,P0071,RP004,2025-04-12,Volume,0.0074,0.98
REB0003713,T0003713,IL0003713,C00397,P0074,RP005,2026-10-21,Growth,0.017,18.22
REB0003714,T0003714,IL0003714,C00355,P0073,RP006,2026-05-26,Promotional,0.0071,12.43
REB0003715,T0003715,IL0003715,C00247,P0039,RP007,2026-09-28,Volume,0.0006,0.48
REB0003716,T0003716,IL0003716,C00012,P0009,RP008,2025-03-18,Growth,0.0338,54.29
REB0003717,T0003717,IL0003717,C00133,P0034,RP009,2026-10-14,Promotional,0.0528,21.95
REB0003718,T0003718,IL0003718,C00146,P0133,RP010,2025-07-04,Volume,0.0316,0.91
REB0003719,T0003719,IL0003719,C00118,P0068,RP011,2025-09-25,Growth,0.0424,37.1
REB0003720,T0003720,IL0003720,C00355,P0007,RP012,2026-04-24,Promotional,0.0404,2.65
REB0003721,T0003721,IL0003721,C00478,P0116,RP001,2025-11-27,Volume,0.0115,15.94
REB0003722,T0003722,IL0003722,C00038,P0026,RP002,2025-06-17,Growth,0.0363,17.11
REB0003723,T0003723,IL0003723,C00259,P0150,RP003,2026-07-21,Promotional,0.0203,36.7
REB0003724,T0003724,IL0003724,C00370,P0006,RP004,2026-10-23,Volume,0.0099,3.29
REB0003725,T0003725,IL0003725,C00067,P0110,RP005,2025-07-27,Growth,0.0289,15.93
REB0003726,T0003726,IL0003726,C00406,P0062,RP006,2026-09-29,Promotional,0.0534,86.26
REB0003727,T0003727,IL0003727,C00200,P0145,RP007,2025-07-19,Volume,0.0373,39.36
REB0003728,T0003728,IL0003728,C00232,P0146,RP008,2026-01-07,Growth,0.001,0.67
REB0003729,T0003729,IL0003729,C00371,P0148,RP009,2026-09-10,Promotional,0.0299,15.29
REB0003730,T0003730,IL0003730,C00170,P0058,RP010,2026-10-21,Volume,0.0425,6.73
REB0003731,T0003731,IL0003731,C00169,P0099,RP011,2026-05-22,Growth,0.0347,66.25
REB0003732,T0003732,IL0003732,C00088,P0128,RP012,2025-02-14,Promotional,0.0488,42.94
REB0003733,T0003733,IL0003733,C00029,P0002,RP001,2026-04-21,Volume,0.0494,23.84
REB0003734,T0003734,IL0003734,C00315,P0001,RP002,2025-04-08,Growth,0.0329,37.81
REB0003735,T0003735,IL0003735,C00086,P0128,RP003,2026-12-02,Promotional,0.0372,66.74
REB0003736,T0003736,IL0003736,C00084,P0067,RP004,2025-12-23,Volume,0.0179,29.73
REB0003737,T0003737,IL0003737,C00154,P0065,RP005,2026-10-29,Growth,0.031,40.55
REB0003738,T0003738,IL0003738,C00197,P0046,RP006,2026-10-30,Promotional,0.0513,36.0
REB0003739,T0003739,IL0003739,C00039,P0091,RP007,2026-11-12,Volume,0.0356,33.3
REB0003740,T0003740,IL0003740,C00179,P0023,RP008,2025-06-09,Growth,0.0249,4.81
REB0003741,T0003741,IL0003741,C00143,P0096,RP009,2025-10-08,Promotional,0.0221,53.52
REB0003742,T0003742,IL0003742,C00369,P0086,RP010,2025-04-05,Volume,0.0001,0.03
REB0003743,T0003743,IL0003743,C00356,P0078,RP011,2026-01-23,Growth,0.051,50.94
REB0003744,T0003744,IL0003744,C00302,P0123,RP012,2025-05-23,Promotional,0.0286,7.21
REB0003745,T0003745,IL0003745,C00124,P0063,RP001,2025-06-05,Volume,0.0064,10.2
REB0003746,T0003746,IL0003746,C00429,P0097,RP002,2025-04-11,Growth,0.0459,51.87
REB0003747,T0003747,IL0003747,C00085,P0140,RP003,2025-10-31,Promotional,0.0489,1.33
REB0003748,T0003748,IL0003748,C00412,P0097,RP004,2026-08-13,Volume,0.0028,5.06
REB0003749,T0003749,IL0003749,C00434,P0118,RP005,2026-03-20,Growth,0.0361,42.78
REB0003750,T0003750,IL0003750,C00221,P0052,RP006,2026-09-16,Promotional,0.0512,169.75
REB0003751,T0003751,IL0003751,C00216,P0018,RP007,2026-09-23,Volume,0.0282,16.01
REB0003752,T0003752,IL0003752,C00232,P0145,RP008,2026-04-26,Growth,0.025,68.42
REB0003753,T0003753,IL0003753,C00352,P0111,RP009,2026-07-05,Promotional,0.0383,99.64
REB0003754,T0003754,IL0003754,C00034,P0084,RP010,2026-03-27,Volume,0.0064,15.11
REB0003755,T0003755,IL0003755,C00197,P0116,RP011,2025-08-10,Growth,0.0402,2.7
REB0003756,T0003756,IL0003756,C00094,P0076,RP012,2026-07-02,Promotional,0.0446,76.78
REB0003757,T0003757,IL0003757,C00029,P0146,RP001,2025-11-30,Volume,0.0206,14.17
REB0003758,T0003758,IL0003758,C00044,P0058,RP002,2026-07-06,Growth,0.0133,2.11
REB0003759,T0003759,IL0003759,C00305,P0013,RP003,2026-03-27,Promotional,0.0423,81.07
REB0003760,T0003760,IL0003760,C00390,P0058,RP004,2026-09-12,Volume,0.0051,7.09
REB0003761,T0003761,IL0003761,C00083,P0112,RP005,2026-12-04,Growth,0.0528,1.51
REB0003762,T0003762,IL0003762,C00457,P0075,RP006,2025-03-16,Promotional,0.0214,4.96
REB0003763,T0003763,IL0003763,C00143,P0042,RP007,2026-09-16,Volume,0.0016,3.55
REB0003764,T0003764,IL0003764,C00144,P0003,RP008,2025-06-07,Growth,0.0177,25.91
REB0003765,T0003765,IL0003765,C00031,P0051,RP009,2025-08-25,Promotional,0.0051,1.36
REB0003766,T0003766,IL0003766,C00352,P0080,RP010,2025-06-05,Volume,0.0528,62.44
REB0003767,T0003767,IL0003767,C00478,P0055,RP011,2026-06-03,Growth,0.0075,2.15
REB0003768,T0003768,IL0003768,C00428,P0035,RP012,2026-09-30,Promotional,0.003,7.29
REB0003769,T0003769,IL0003769,C00260,P0045,RP001,2026-03-09,Volume,0.0141,22.75
REB0003770,T0003770,IL0003770,C00061,P0031,RP002,2025-01-05,Growth,0.037,37.85
REB0003771,T0003771,IL0003771,C00391,P0093,RP003,2026-07-13,Promotional,0.0008,0.24
REB0003772,T0003772,IL0003772,C00164,P0043,RP004,2026-04-19,Volume,0.0129,8.16
REB0003773,T0003773,IL0003773,C00409,P0124,RP005,2025-12-24,Growth,0.027,25.37
REB0003774,T0003774,IL0003774,C00133,P0084,RP006,2026-12-28,Promotional,0.0094,3.03
REB0003775,T0003775,IL0003775,C00082,P0133,RP007,2026-07-09,Volume,0.0099,4.49
REB0003776,T0003776,IL0003776,C00449,P0041,RP008,2026-03-15,Growth,0.0288,82.04
REB0003777,T0003777,IL0003777,C00215,P0037,RP009,2025-05-20,Promotional,0.0011,0.55
REB0003778,T0003778,IL0003778,C00383,P0007,RP010,2026-04-06,Volume,0.0515,71.77
REB0003779,T0003779,IL0003779,C00279,P0131,RP011,2026-12-16,Growth,0.0543,51.62
REB0003780,T0003780,IL0003780,C00498,P0086,RP012,2026-12-08,Promotional,0.0548,38.52
REB0003781,T0003781,IL0003781,C00338,P0100,RP001,2025-08-17,Volume,0.0355,67.05
REB0003782,T0003782,IL0003782,C00059,P0041,RP002,2025-12-07,Growth,0.0531,25.01
REB0003783,T0003783,IL0003783,C00347,P0069,RP003,2025-09-20,Promotional,0.0031,7.36
REB0003784,T0003784,IL0003784,C00469,P0111,RP004,2025-02-15,Volume,0.0523,39.84
REB0003785,T0003785,IL0003785,C00316,P0037,RP005,2025-06-05,Growth,0.0208,9.34
REB0003786,T0003786,IL0003786,C00254,P0028,RP006,2026-12-19,Promotional,0.0207,13.84
REB0003787,T0003787,IL0003787,C00162,P0009,RP007,2025-06-30,Volume,0.0092,13.36
REB0003788,T0003788,IL0003788,C00347,P0141,RP008,2025-01-02,Growth,0.005,14.49
REB0003789,T0003789,IL0003789,C00469,P0053,RP009,2025-06-28,Promotional,0.0279,1.44
REB0003790,T0003790,IL0003790,C00401,P0070,RP010,2025-09-25,Volume,0.0237,12.9
REB0003791,T0003791,IL0003791,C00109,P0144,RP011,2026-03-03,Growth,0.003,1.0
REB0003792,T0003792,IL0003792,C00024,P0121,RP012,2025-09-04,Promotional,0.0433,46.28
REB0003793,T0003793,IL0003793,C00034,P0135,RP001,2025-02-03,Volume,0.0381,31.32
REB0003794,T0003794,IL0003794,C00317,P0113,RP002,2026-01-01,Growth,0.0059,0.94
REB0003795,T0003795,IL0003795,C00158,P0046,RP003,2025-01-18,Promotional,0.0051,2.25
REB0003796,T0003796,IL0003796,C00213,P0056,RP004,2025-01-25,Volume,0.0092,2.46
REB0003797,T0003797,IL0003797,C00295,P0089,RP005,2025-01-10,Growth,0.0038,2.12
REB0003798,T0003798,IL0003798,C00116,P0102,RP006,2025-03-07,Promotional,0.0364,8.4
REB0003799,T0003799,IL0003799,C00455,P0144,RP007,2026-10-31,Volume,0.0213,2.67
REB0003800,T0003800,IL0003800,C00019,P0120,RP008,2026-02-17,Growth,0.0155,12.04
REB0003801,T0003801,IL0003801,C00223,P0053,RP009,2025-01-08,Promotional,0.0525,20.67
REB0003802,T0003802,IL0003802,C00019,P0080,RP010,2025-03-11,Volume,0.0483,32.57
REB0003803,T0003803,IL0003803,C00052,P0053,RP011,2025-12-13,Growth,0.0476,3.28
REB0003804,T0003804,IL0003804,C00151,P0001,RP012,2025-06-03,Promotional,0.0347,9.59
REB0003805,T0003805,IL0003805,C00114,P0099,RP001,2025-02-21,Volume,0.0122,35.55
REB0003806,T0003806,IL0003806,C00006,P0008,RP002,2026-12-21,Growth,0.0198,5.57
REB0003807,T0003807,IL0003807,C00063,P0069,RP003,2026-10-26,Promotional,0.0318,4.65
REB0003808,T0003808,IL0003808,C00262,P0075,RP004,2026-01-05,Volume,0.042,47.58
REB0003809,T0003809,IL0003809,C00049,P0097,RP005,2025-01-03,Growth,0.0223,8.95
REB0003810,T0003810,IL0003810,C00017,P0117,RP006,2025-12-24,Promotional,0.0214,14.4
REB0003811,T0003811,IL0003811,C00144,P0103,RP007,2025-01-22,Volume,0.0499,77.26
REB0003812,T0003812,IL0003812,C00346,P0111,RP008,2026-09-11,Growth,0.0457,65.06
REB0003813,T0003813,IL0003813,C00455,P0001,RP009,2025-05-26,Promotional,0.0125,40.11
REB0003814,T0003814,IL0003814,C00386,P0076,RP010,2026-01-21,Volume,0.0473,23.9
REB0003815,T0003815,IL0003815,C00481,P0076,RP011,2026-03-25,Growth,0.0196,3.14
REB0003816,T0003816,IL0003816,C00317,P0005,RP012,2026-10-06,Promotional,0.0501,36.18
REB0003817,T0003817,IL0003817,C00131,P0053,RP001,2026-08-31,Volume,0.0286,1.61
REB0003818,T0003818,IL0003818,C00136,P0111,RP002,2025-04-30,Growth,0.0242,6.42
REB0003819,T0003819,IL0003819,C00089,P0093,RP003,2025-06-21,Promotional,0.0044,3.21
REB0003820,T0003820,IL0003820,C00280,P0008,RP004,2025-07-11,Volume,0.0373,26.28
REB0003821,T0003821,IL0003821,C00019,P0090,RP005,2026-09-21,Growth,0.0337,31.32
REB0003822,T0003822,IL0003822,C00323,P0027,RP006,2026-09-26,Promotional,0.0537,37.14
REB0003823,T0003823,IL0003823,C00146,P0099,RP007,2026-01-27,Volume,0.0255,52.13
REB0003824,T0003824,IL0003824,C00285,P0067,RP008,2025-02-18,Growth,0.0487,13.52
REB0003825,T0003825,IL0003825,C00298,P0145,RP009,2026-08-11,Promotional,0.0486,51.42
REB0003826,T0003826,IL0003826,C00322,P0086,RP010,2025-12-19,Volume,0.0376,16.05
REB0003827,T0003827,IL0003827,C00445,P0139,RP011,2026-11-20,Growth,0.0067,11.31
REB0003828,T0003828,IL0003828,C00096,P0136,RP012,2025-12-24,Promotional,0.0238,5.66
REB0003829,T0003829,IL0003829,C00416,P0014,RP001,2025-08-19,Volume,0.0237,71.14
REB0003830,T0003830,IL0003830,C00353,P0017,RP002,2026-12-14,Growth,0.0485,27.08
REB0003831,T0003831,IL0003831,C00151,P0079,RP003,2026-05-12,Promotional,0.0547,7.76
REB0003832,T0003832,IL0003832,C00242,P0054,RP004,2026-03-21,Volume,0.0175,9.27
REB0003833,T0003833,IL0003833,C00307,P0119,RP005,2025-11-19,Growth,0.009,5.23
REB0003834,T0003834,IL0003834,C00251,P0011,RP006,2025-08-22,Promotional,0.0223,6.5
REB0003835,T0003835,IL0003835,C00033,P0060,RP007,2025-09-29,Volume,0.0471,4.46
REB0003836,T0003836,IL0003836,C00416,P0141,RP008,2026-01-29,Growth,0.0048,1.15
REB0003837,T0003837,IL0003837,C00096,P0061,RP009,2025-10-02,Promotional,0.0137,9.35
REB0003838,T0003838,IL0003838,C00099,P0074,RP010,2025-09-27,Volume,0.0443,19.23
REB0003839,T0003839,IL0003839,C00380,P0074,RP011,2025-04-22,Growth,0.014,29.44
REB0003840,T0003840,IL0003840,C00160,P0031,RP012,2025-12-19,Promotional,0.0168,30.1
REB0003841,T0003841,IL0003841,C00399,P0102,RP001,2025-04-11,Volume,0.026,30.23
REB0003842,T0003842,IL0003842,C00455,P0069,RP002,2026-06-20,Growth,0.0201,15.94
REB0003843,T0003843,IL0003843,C00462,P0111,RP003,2026-01-18,Promotional,0.0519,88.79
REB0003844,T0003844,IL0003844,C00067,P0073,RP004,2026-11-19,Volume,0.0094,18.22
REB0003845,T0003845,IL0003845,C00475,P0140,RP005,2025-02-04,Growth,0.0144,14.55
REB0003846,T0003846,IL0003846,C00467,P0035,RP006,2026-04-08,Promotional,0.0004,0.25
REB0003847,T0003847,IL0003847,C00142,P0146,RP007,2025-08-24,Volume,0.0102,2.23
REB0003848,T0003848,IL0003848,C00415,P0025,RP008,2026-07-23,Growth,0.0384,49.73
REB0003849,T0003849,IL0003849,C00286,P0020,RP009,2025-04-16,Promotional,0.0379,69.98
REB0003850,T0003850,IL0003850,C00204,P0125,RP010,2025-07-24,Volume,0.004,1.07
REB0003851,T0003851,IL0003851,C00080,P0131,RP011,2025-01-14,Growth,0.0502,57.47
REB0003852,T0003852,IL0003852,C00356,P0008,RP012,2025-12-13,Promotional,0.0281,6.91
REB0003853,T0003853,IL0003853,C00277,P0085,RP001,2026-10-26,Volume,0.0491,61.79
REB0003854,T0003854,IL0003854,C00489,P0133,RP002,2026-10-24,Growth,0.0135,10.12
REB0003855,T0003855,IL0003855,C00485,P0045,RP003,2025-09-06,Promotional,0.0054,3.1
REB0003856,T0003856,IL0003856,C00426,P0041,RP004,2026-11-20,Volume,0.0035,0.97
REB0003857,T0003857,IL0003857,C00142,P0020,RP005,2025-03-28,Growth,0.0058,17.09
REB0003858,T0003858,IL0003858,C00104,P0108,RP006,2026-07-30,Promotional,0.0102,9.97
REB0003859,T0003859,IL0003859,C00360,P0018,RP007,2026-03-12,Volume,0.0533,57.34
REB0003860,T0003860,IL0003860,C00449,P0085,RP008,2026-09-18,Growth,0.0235,14.91
REB0003861,T0003861,IL0003861,C00281,P0065,RP009,2026-08-31,Promotional,0.0262,28.36
REB0003862,T0003862,IL0003862,C00140,P0091,RP010,2026-06-04,Volume,0.0288,30.08
REB0003863,T0003863,IL0003863,C00259,P0060,RP011,2025-12-14,Growth,0.0501,12.92
REB0003864,T0003864,IL0003864,C00463,P0043,RP012,2026-08-03,Promotional,0.0002,0.05
REB0003865,T0003865,IL0003865,C00080,P0031,RP001,2025-03-05,Volume,0.0306,20.95
REB0003866,T0003866,IL0003866,C00493,P0060,RP002,2025-01-04,Growth,0.0123,7.68
REB0003867,T0003867,IL0003867,C00156,P0055,RP003,2025-02-01,Promotional,0.0452,10.13
REB0003868,T0003868,IL0003868,C00440,P0031,RP004,2025-11-23,Volume,0.0326,45.37
REB0003869,T0003869,IL0003869,C00106,P0053,RP005,2026-05-30,Growth,0.0259,6.63
REB0003870,T0003870,IL0003870,C00034,P0104,RP006,2025-02-13,Promotional,0.0208,22.25
REB0003871,T0003871,IL0003871,C00465,P0127,RP007,2026-12-03,Volume,0.0173,15.1
REB0003872,T0003872,IL0003872,C00060,P0014,RP008,2025-10-18,Growth,0.0209,3.46
REB0003873,T0003873,IL0003873,C00338,P0088,RP009,2025-03-10,Promotional,0.009,2.11
REB0003874,T0003874,IL0003874,C00303,P0024,RP010,2026-12-21,Volume,0.0483,8.52
REB0003875,T0003875,IL0003875,C00171,P0093,RP011,2026-04-15,Growth,0.0426,79.08
REB0003876,T0003876,IL0003876,C00280,P0041,RP012,2026-06-22,Promotional,0.0387,61.1
REB0003877,T0003877,IL0003877,C00239,P0082,RP001,2026-06-11,Volume,0.0106,3.37
REB0003878,T0003878,IL0003878,C00171,P0027,RP002,2025-09-24,Growth,0.0248,10.07
REB0003879,T0003879,IL0003879,C00107,P0006,RP003,2026-09-14,Promotional,0.009,5.26
REB0003880,T0003880,IL0003880,C00170,P0113,RP004,2025-11-28,Volume,0.0213,4.04
REB0003881,T0003881,IL0003881,C00030,P0098,RP005,2025-09-13,Growth,0.0243,23.43
REB0003882,T0003882,IL0003882,C00146,P0026,RP006,2025-02-23,Promotional,0.0268,32.69
REB0003883,T0003883,IL0003883,C00381,P0033,RP007,2025-07-26,Volume,0.0044,6.19
REB0003884,T0003884,IL0003884,C00061,P0034,RP008,2026-08-20,Growth,0.0296,20.2
REB0003885,T0003885,IL0003885,C00287,P0136,RP009,2025-07-28,Promotional,0.0526,99.66
REB0003886,T0003886,IL0003886,C00267,P0110,RP010,2026-07-14,Volume,0.0285,41.3
REB0003887,T0003887,IL0003887,C00063,P0139,RP011,2025-11-01,Growth,0.0157,18.34
REB0003888,T0003888,IL0003888,C00143,P0048,RP012,2026-04-23,Promotional,0.0399,6.6
REB0003889,T0003889,IL0003889,C00130,P0118,RP001,2025-12-09,Volume,0.0539,88.65
REB0003890,T0003890,IL0003890,C00196,P0002,RP002,2025-09-16,Growth,0.0017,2.59
REB0003891,T0003891,IL0003891,C00059,P0005,RP003,2026-12-07,Promotional,0.0396,49.14
REB0003892,T0003892,IL0003892,C00320,P0056,RP004,2026-11-20,Volume,0.0461,47.25
REB0003893,T0003893,IL0003893,C00396,P0101,RP005,2025-11-08,Growth,0.0285,12.53
REB0003894,T0003894,IL0003894,C00211,P0018,RP006,2026-06-25,Promotional,0.0435,48.72
REB0003895,T0003895,IL0003895,C00067,P0078,RP007,2026-02-24,Volume,0.0218,30.34
REB0003896,T0003896,IL0003896,C00399,P0081,RP008,2025-02-01,Growth,0.0449,35.72
REB0003897,T0003897,IL0003897,C00056,P0120,RP009,2025-05-16,Promotional,0.0042,0.46
REB0003898,T0003898,IL0003898,C00470,P0130,RP010,2025-09-18,Volume,0.0089,2.01
REB0003899,T0003899,IL0003899,C00148,P0091,RP011,2025-01-27,Growth,0.051,72.89
REB0003900,T0003900,IL0003900,C00069,P0077,RP012,2025-11-20,Promotional,0.0251,36.45
REB0003901,T0003901,IL0003901,C00217,P0133,RP001,2026-04-19,Volume,0.0504,19.37
REB0003902,T0003902,IL0003902,C00116,P0062,RP002,2025-09-05,Growth,0.0011,2.66
REB0003903,T0003903,IL0003903,C00494,P0097,RP003,2026-02-08,Promotional,0.0486,104.3
REB0003904,T0003904,IL0003904,C00375,P0107,RP004,2025-02-24,Volume,0.0351,1.09
REB0003905,T0003905,IL0003905,C00093,P0105,RP005,2026-11-16,Growth,0.0386,8.54
REB0003906,T0003906,IL0003906,C00419,P0016,RP006,2025-05-11,Promotional,0.0095,9.92
REB0003907,T0003907,IL0003907,C00484,P0132,RP007,2026-09-09,Volume,0.0491,36.87
REB0003908,T0003908,IL0003908,C00449,P0068,RP008,2025-12-14,Growth,0.0456,60.44
REB0003909,T0003909,IL0003909,C00002,P0128,RP009,2026-10-25,Promotional,0.0279,12.3
REB0003910,T0003910,IL0003910,C00126,P0066,RP010,2025-03-16,Volume,0.0404,76.55
REB0003911,T0003911,IL0003911,C00343,P0067,RP011,2025-05-22,Growth,0.0392,55.51
REB0003912,T0003912,IL0003912,C00322,P0111,RP012,2026-11-09,Promotional,0.0325,12.38
REB0003913,T0003913,IL0003913,C00119,P0031,RP001,2025-01-02,Volume,0.0328,32.91
REB0003914,T0003914,IL0003914,C00009,P0083,RP002,2026-07-15,Growth,0.0404,0.61
REB0003915,T0003915,IL0003915,C00490,P0121,RP003,2025-02-18,Promotional,0.0104,8.83
REB0003916,T0003916,IL0003916,C00375,P0054,RP004,2026-10-12,Volume,0.0375,31.75
REB0003917,T0003917,IL0003917,C00420,P0038,RP005,2026-01-27,Growth,0.0403,45.53
REB0003918,T0003918,IL0003918,C00305,P0063,RP006,2025-08-23,Promotional,0.0375,100.83
REB0003919,T0003919,IL0003919,C00281,P0113,RP007,2026-04-01,Volume,0.0373,33.32
REB0003920,T0003920,IL0003920,C00125,P0115,RP008,2026-06-06,Growth,0.0309,2.73
REB0003921,T0003921,IL0003921,C00268,P0075,RP009,2026-11-28,Promotional,0.0231,2.55
REB0003922,T0003922,IL0003922,C00002,P0054,RP010,2026-04-24,Volume,0.0246,10.15
REB0003923,T0003923,IL0003923,C00283,P0009,RP011,2026-08-17,Growth,0.0069,0.82
REB0003924,T0003924,IL0003924,C00454,P0119,RP012,2025-02-18,Promotional,0.0506,38.18
REB0003925,T0003925,IL0003925,C00022,P0039,RP001,2025-06-21,Volume,0.0263,33.35
REB0003926,T0003926,IL0003926,C00335,P0001,RP002,2026-07-09,Growth,0.0268,2.63
REB0003927,T0003927,IL0003927,C00317,P0065,RP003,2026-02-09,Promotional,0.0228,8.2
REB0003928,T0003928,IL0003928,C00356,P0147,RP004,2026-05-16,Volume,0.0544,26.14
REB0003929,T0003929,IL0003929,C00462,P0050,RP005,2026-12-03,Growth,0.0289,0.22
REB0003930,T0003930,IL0003930,C00031,P0127,RP006,2025-02-17,Promotional,0.0383,13.58
REB0003931,T0003931,IL0003931,C00076,P0143,RP007,2025-10-31,Volume,0.0545,14.02
REB0003932,T0003932,IL0003932,C00060,P0010,RP008,2026-05-01,Growth,0.0354,8.76
REB0003933,T0003933,IL0003933,C00085,P0019,RP009,2026-09-26,Promotional,0.0443,18.8
REB0003934,T0003934,IL0003934,C00369,P0012,RP010,2026-06-30,Volume,0.0149,4.26
REB0003935,T0003935,IL0003935,C00323,P0095,RP011,2026-07-07,Growth,0.0402,42.01
REB0003936,T0003936,IL0003936,C00302,P0072,RP012,2026-10-11,Promotional,0.034,14.72
REB0003937,T0003937,IL0003937,C00271,P0073,RP001,2026-05-10,Volume,0.0002,0.21
REB0003938,T0003938,IL0003938,C00013,P0068,RP002,2025-08-06,Growth,0.0001,0.09
REB0003939,T0003939,IL0003939,C00135,P0115,RP003,2025-12-12,Promotional,0.016,15.92
REB0003940,T0003940,IL0003940,C00175,P0021,RP004,2025-05-23,Volume,0.0111,26.66
REB0003941,T0003941,IL0003941,C00244,P0045,RP005,2025-04-02,Growth,0.0499,47.21
REB0003942,T0003942,IL0003942,C00327,P0004,RP006,2026-10-15,Promotional,0.0091,20.31
REB0003943,T0003943,IL0003943,C00031,P0102,RP007,2025-08-26,Volume,0.0245,62.2
REB0003944,T0003944,IL0003944,C00461,P0025,RP008,2026-06-28,Growth,0.0071,15.75
REB0003945,T0003945,IL0003945,C00232,P0030,RP009,2026-11-01,Promotional,0.0227,1.1
REB0003946,T0003946,IL0003946,C00052,P0075,RP010,2025-11-11,Volume,0.0302,16.53
REB0003947,T0003947,IL0003947,C00176,P0045,RP011,2025-07-10,Growth,0.0313,40.66
REB0003948,T0003948,IL0003948,C00349,P0147,RP012,2025-08-15,Promotional,0.0399,9.26
REB0003949,T0003949,IL0003949,C00052,P0068,RP001,2025-01-31,Volume,0.0438,66.73
REB0003950,T0003950,IL0003950,C00318,P0098,RP002,2025-04-10,Growth,0.027,6.26
REB0003951,T0003951,IL0003951,C00186,P0089,RP003,2025-04-04,Promotional,0.0216,24.23
REB0003952,T0003952,IL0003952,C00498,P0005,RP004,2026-12-01,Volume,0.0396,25.28
REB0003953,T0003953,IL0003953,C00014,P0148,RP005,2025-07-17,Growth,0.0145,2.07
REB0003954,T0003954,IL0003954,C00165,P0112,RP006,2025-09-13,Promotional,0.0338,9.27
REB0003955,T0003955,IL0003955,C00075,P0076,RP007,2026-05-14,Volume,0.044,18.32
REB0003956,T0003956,IL0003956,C00147,P0128,RP008,2026-02-21,Growth,0.013,6.44
REB0003957,T0003957,IL0003957,C00089,P0150,RP009,2026-10-16,Promotional,0.0022,0.65
REB0003958,T0003958,IL0003958,C00072,P0113,RP010,2026-01-22,Volume,0.0287,9.59
REB0003959,T0003959,IL0003959,C00202,P0104,RP011,2026-04-22,Growth,0.0536,5.9
REB0003960,T0003960,IL0003960,C00175,P0047,RP012,2026-03-12,Promotional,0.0182,14.37
REB0003961,T0003961,IL0003961,C00190,P0019,RP001,2026-05-04,Volume,0.0305,5.71
REB0003962,T0003962,IL0003962,C00428,P0084,RP002,2026-10-04,Growth,0.0182,1.17
REB0003963,T0003963,IL0003963,C00274,P0118,RP003,2025-11-16,Promotional,0.0098,2.97
REB0003964,T0003964,IL0003964,C00180,P0074,RP004,2025-07-21,Volume,0.0141,9.83
REB0003965,T0003965,IL0003965,C00275,P0031,RP005,2026-07-09,Growth,0.017,1.36
REB0003966,T0003966,IL0003966,C00055,P0068,RP006,2026-02-22,Promotional,0.036,15.12
REB0003967,T0003967,IL0003967,C00329,P0021,RP007,2026-08-05,Volume,0.0172,31.45
REB0003968,T0003968,IL0003968,C00346,P0026,RP008,2025-01-09,Growth,0.0269,37.02
REB0003969,T0003969,IL0003969,C00100,P0002,RP009,2025-12-13,Promotional,0.0501,20.61
REB0003970,T0003970,IL0003970,C00015,P0138,RP010,2025-07-16,Volume,0.0144,3.03
REB0003971,T0003971,IL0003971,C00384,P0076,RP011,2026-07-24,Growth,0.0177,11.74
REB0003972,T0003972,IL0003972,C00269,P0004,RP012,2025-05-13,Promotional,0.0545,44.65
REB0003973,T0003973,IL0003973,C00279,P0007,RP001,2026-08-17,Volume,0.0136,32.98
REB0003974,T0003974,IL0003974,C00280,P0102,RP002,2025-06-07,Growth,0.0345,63.61
REB0003975,T0003975,IL0003975,C00037,P0016,RP003,2026-04-11,Promotional,0.0517,18.41
REB0003976,T0003976,IL0003976,C00201,P0043,RP004,2026-10-26,Volume,0.0037,2.54
REB0003977,T0003977,IL0003977,C00459,P0033,RP005,2026-11-27,Growth,0.0327,17.03
REB0003978,T0003978,IL0003978,C00111,P0086,RP006,2026-02-23,Promotional,0.011,5.45
REB0003979,T0003979,IL0003979,C00331,P0069,RP007,2026-05-15,Volume,0.0424,31.9
REB0003980,T0003980,IL0003980,C00259,P0090,RP008,2026-06-22,Growth,0.036,28.97
REB0003981,T0003981,IL0003981,C00042,P0007,RP009,2026-03-22,Promotional,0.001,1.87
REB0003982,T0003982,IL0003982,C00308,P0015,RP010,2026-08-23,Volume,0.0362,7.9
REB0003983,T0003983,IL0003983,C00315,P0025,RP011,2026-06-05,Growth,0.0039,6.53
REB0003984,T0003984,IL0003984,C00263,P0072,RP012,2025-06-15,Promotional,0.0142,14.84
REB0003985,T0003985,IL0003985,C00283,P0133,RP001,2025-07-08,Volume,0.0271,41.79
REB0003986,T0003986,IL0003986,C00339,P0006,RP002,2026-10-16,Growth,0.0157,34.42
REB0003987,T0003987,IL0003987,C00229,P0083,RP003,2025-11-26,Promotional,0.0418,12.1
REB0003988,T0003988,IL0003988,C00281,P0069,RP004,2026-12-06,Volume,0.0059,0.04
REB0003989,T0003989,IL0003989,C00096,P0076,RP005,2026-12-22,Growth,0.0535,72.33
REB0003990,T0003990,IL0003990,C00230,P0036,RP006,2026-10-29,Promotional,0.0445,56.54
REB0003991,T0003991,IL0003991,C00273,P0123,RP007,2025-10-22,Volume,0.003,2.52
REB0003992,T0003992,IL0003992,C00275,P0008,RP008,2026-11-17,Growth,0.038,19.07
REB0003993,T0003993,IL0003993,C00395,P0021,RP009,2026-10-05,Promotional,0.0373,3.45
REB0003994,T0003994,IL0003994,C00245,P0089,RP010,2026-08-01,Volume,0.0305,11.97
REB0003995,T0003995,IL0003995,C00194,P0089,RP011,2026-05-07,Growth,0.0228,36.08
REB0003996,T0003996,IL0003996,C00372,P0110,RP012,2025-01-26,Promotional,0.0362,56.67
REB0003997,T0003997,IL0003997,C00024,P0014,RP001,2025-08-18,Volume,0.0187,7.58
REB0003998,T0003998,IL0003998,C00070,P0150,RP002,2025-12-24,Growth,0.0065,6.45
REB0003999,T0003999,IL0003999,C00109,P0051,RP003,2026-01-30,Promotional,0.0469,5.7
REB0004000,T0004000,IL0004000,C00274,P0113,RP004,2025-07-22,Volume,0.0288,21.89
REB0004001,T0004001,IL0004001,C00078,P0074,RP005,2026-10-26,Growth,0.0045,10.35
REB0004002,T0004002,IL0004002,C00357,P0118,RP006,2026-03-29,Promotional,0.0535,25.87
REB0004003,T0004003,IL0004003,C00051,P0067,RP007,2026-03-26,Volume,0.0332,48.98
REB0004004,T0004004,IL0004004,C00486,P0133,RP008,2026-12-15,Growth,0.0406,37.63
REB0004005,T0004005,IL0004005,C00197,P0079,RP009,2026-04-16,Promotional,0.0434,92.98
REB0004006,T0004006,IL0004006,C00229,P0145,RP010,2026-12-12,Volume,0.0546,8.92
REB0004007,T0004007,IL0004007,C00032,P0036,RP011,2025-11-03,Growth,0.0533,88.77
REB0004008,T0004008,IL0004008,C00328,P0044,RP012,2025-04-07,Promotional,0.0248,11.15
REB0004009,T0004009,IL0004009,C00179,P0149,RP001,2025-09-05,Volume,0.0144,2.13
REB0004010,T0004010,IL0004010,C00355,P0133,RP002,2026-01-14,Growth,0.0504,18.24
REB0004011,T0004011,IL0004011,C00139,P0054,RP003,2026-04-22,Promotional,0.0452,25.96
REB0004012,T0004012,IL0004012,C00052,P0119,RP004,2025-07-30,Volume,0.021,0.86
REB0004013,T0004013,IL0004013,C00141,P0054,RP005,2025-10-31,Growth,0.0532,61.82
REB0004014,T0004014,IL0004014,C00204,P0072,RP006,2026-01-11,Promotional,0.0518,81.67
REB0004015,T0004015,IL0004015,C00370,P0023,RP007,2026-01-04,Volume,0.0072,9.27
REB0004016,T0004016,IL0004016,C00135,P0080,RP008,2025-02-14,Growth,0.0078,3.72
REB0004017,T0004017,IL0004017,C00079,P0044,RP009,2026-04-27,Promotional,0.0442,9.27
REB0004018,T0004018,IL0004018,C00493,P0030,RP010,2025-03-20,Volume,0.0333,0.28
REB0004019,T0004019,IL0004019,C00027,P0130,RP011,2025-10-02,Growth,0.0539,9.79
REB0004020,T0004020,IL0004020,C00206,P0062,RP012,2026-01-02,Promotional,0.0306,41.32
REB0004021,T0004021,IL0004021,C00272,P0100,RP001,2025-11-01,Volume,0.0269,9.11
REB0004022,T0004022,IL0004022,C00002,P0118,RP002,2026-06-22,Growth,0.0159,5.36
REB0004023,T0004023,IL0004023,C00053,P0117,RP003,2025-01-27,Promotional,0.0431,1.89
REB0004024,T0004024,IL0004024,C00331,P0102,RP004,2025-02-09,Volume,0.0434,128.14
REB0004025,T0004025,IL0004025,C00094,P0011,RP005,2025-10-24,Growth,0.0315,3.61
REB0004026,T0004026,IL0004026,C00430,P0026,RP006,2026-04-26,Promotional,0.0369,64.46
REB0004027,T0004027,IL0004027,C00427,P0013,RP007,2025-05-31,Volume,0.0087,12.19
REB0004028,T0004028,IL0004028,C00139,P0001,RP008,2025-05-04,Growth,0.0406,64.65
REB0004029,T0004029,IL0004029,C00354,P0034,RP009,2025-08-25,Promotional,0.0514,0.52
REB0004030,T0004030,IL0004030,C00121,P0086,RP010,2026-11-10,Volume,0.0127,21.67
REB0004031,T0004031,IL0004031,C00482,P0125,RP011,2026-10-14,Growth,0.0151,10.22
REB0004032,T0004032,IL0004032,C00386,P0117,RP012,2026-07-05,Promotional,0.0151,48.42
REB0004033,T0004033,IL0004033,C00028,P0101,RP001,2026-09-04,Volume,0.05,29.43
REB0004034,T0004034,IL0004034,C00216,P0018,RP002,2025-06-17,Growth,0.0446,24.57
REB0004035,T0004035,IL0004035,C00101,P0140,RP003,2026-04-11,Promotional,0.0238,10.38
REB0004036,T0004036,IL0004036,C00438,P0058,RP004,2026-06-27,Volume,0.051,115.86
REB0004037,T0004037,IL0004037,C00198,P0038,RP005,2025-01-29,Growth,0.0543,8.02
REB0004038,T0004038,IL0004038,C00154,P0020,RP006,2025-10-12,Promotional,0.0085,5.97
REB0004039,T0004039,IL0004039,C00341,P0146,RP007,2026-06-19,Volume,0.0192,47.03
REB0004040,T0004040,IL0004040,C00355,P0049,RP008,2026-09-21,Growth,0.0188,16.5
REB0004041,T0004041,IL0004041,C00107,P0134,RP009,2025-08-28,Promotional,0.0044,8.75
REB0004042,T0004042,IL0004042,C00391,P0009,RP010,2025-09-06,Volume,0.0033,1.98
REB0004043,T0004043,IL0004043,C00067,P0058,RP011,2026-05-04,Growth,0.0481,4.19
REB0004044,T0004044,IL0004044,C00423,P0077,RP012,2026-05-31,Promotional,0.0093,8.22
REB0004045,T0004045,IL0004045,C00489,P0098,RP001,2026-01-11,Volume,0.0366,5.72
REB0004046,T0004046,IL0004046,C00001,P0045,RP002,2026-11-08,Growth,0.0367,20.17
REB0004047,T0004047,IL0004047,C00032,P0095,RP003,2026-11-15,Promotional,0.0233,12.95
REB0004048,T0004048,IL0004048,C00403,P0146,RP004,2025-01-27,Volume,0.002,0.47
REB0004049,T0004049,IL0004049,C00432,P0084,RP005,2025-10-23,Growth,0.0403,3.22
REB0004050,T0004050,IL0004050,C00153,P0016,RP006,2025-08-14,Promotional,0.0146,5.36
REB0004051,T0004051,IL0004051,C00432,P0106,RP007,2026-11-24,Volume,0.0405,40.1
REB0004052,T0004052,IL0004052,C00084,P0094,RP008,2025-07-10,Growth,0.0255,19.43
REB0004053,T0004053,IL0004053,C00145,P0042,RP009,2025-10-25,Promotional,0.054,85.91
REB0004054,T0004054,IL0004054,C00375,P0018,RP010,2025-02-10,Volume,0.0288,3.63
REB0004055,T0004055,IL0004055,C00054,P0029,RP011,2025-05-12,Growth,0.0154,15.34
REB0004056,T0004056,IL0004056,C00225,P0044,RP012,2025-03-05,Promotional,0.0095,3.17
REB0004057,T0004057,IL0004057,C00149,P0015,RP001,2026-03-01,Volume,0.0466,4.55
REB0004058,T0004058,IL0004058,C00190,P0003,RP002,2025-12-23,Growth,0.0174,3.81
REB0004059,T0004059,IL0004059,C00332,P0030,RP003,2026-01-02,Promotional,0.0183,4.0
REB0004060,T0004060,IL0004060,C00477,P0118,RP004,2025-05-15,Volume,0.0297,6.86
REB0004061,T0004061,IL0004061,C00465,P0112,RP005,2025-03-23,Growth,0.0339,80.53
REB0004062,T0004062,IL0004062,C00494,P0084,RP006,2026-03-08,Promotional,0.0175,25.29
REB0004063,T0004063,IL0004063,C00256,P0020,RP007,2025-07-24,Volume,0.0299,1.83
REB0004064,T0004064,IL0004064,C00154,P0006,RP008,2025-07-01,Growth,0.0236,33.93
REB0004065,T0004065,IL0004065,C00209,P0010,RP009,2025-08-29,Promotional,0.0316,3.34
REB0004066,T0004066,IL0004066,C00484,P0069,RP010,2025-04-11,Volume,0.0091,1.32
REB0004067,T0004067,IL0004067,C00406,P0035,RP011,2025-04-24,Growth,0.0042,7.09
REB0004068,T0004068,IL0004068,C00410,P0092,RP012,2025-06-03,Promotional,0.0223,8.74
REB0004069,T0004069,IL0004069,C00222,P0101,RP001,2026-12-28,Volume,0.0039,3.68
REB0004070,T0004070,IL0004070,C00450,P0120,RP002,2026-12-17,Growth,0.0274,10.59
REB0004071,T0004071,IL0004071,C00035,P0003,RP003,2026-06-04,Promotional,0.0028,0.07
REB0004072,T0004072,IL0004072,C00441,P0057,RP004,2026-12-13,Volume,0.0309,18.21
REB0004073,T0004073,IL0004073,C00199,P0042,RP005,2026-12-29,Growth,0.0447,10.9
REB0004074,T0004074,IL0004074,C00432,P0103,RP006,2026-10-22,Promotional,0.0427,130.12
REB0004075,T0004075,IL0004075,C00001,P0062,RP007,2025-10-05,Volume,0.052,7.31
REB0004076,T0004076,IL0004076,C00011,P0136,RP008,2026-02-26,Growth,0.0328,39.94
REB0004077,T0004077,IL0004077,C00330,P0127,RP009,2026-02-19,Promotional,0.0355,2.2
REB0004078,T0004078,IL0004078,C00312,P0014,RP010,2026-11-27,Volume,0.0026,0.35
REB0004079,T0004079,IL0004079,C00500,P0095,RP011,2025-12-26,Growth,0.0158,9.84
REB0004080,T0004080,IL0004080,C00201,P0013,RP012,2025-03-09,Promotional,0.0322,2.37
REB0004081,T0004081,IL0004081,C00391,P0130,RP001,2025-05-01,Volume,0.0287,33.55
REB0004082,T0004082,IL0004082,C00231,P0114,RP002,2025-04-06,Growth,0.0422,118.09
REB0004083,T0004083,IL0004083,C00342,P0011,RP003,2026-12-11,Promotional,0.0406,38.22
REB0004084,T0004084,IL0004084,C00441,P0034,RP004,2026-11-12,Volume,0.0217,4.64
REB0004085,T0004085,IL0004085,C00254,P0075,RP005,2026-03-11,Growth,0.0523,63.29
REB0004086,T0004086,IL0004086,C00455,P0081,RP006,2025-03-18,Promotional,0.0111,11.65
REB0004087,T0004087,IL0004087,C00030,P0118,RP007,2025-06-24,Volume,0.0297,6.64
REB0004088,T0004088,IL0004088,C00411,P0002,RP008,2025-05-27,Growth,0.0423,33.13
REB0004089,T0004089,IL0004089,C00178,P0126,RP009,2026-04-21,Promotional,0.0219,56.53
REB0004090,T0004090,IL0004090,C00137,P0013,RP010,2025-11-16,Volume,0.0491,52.08
REB0004091,T0004091,IL0004091,C00065,P0044,RP011,2025-05-25,Growth,0.0429,21.03
REB0004092,T0004092,IL0004092,C00010,P0047,RP012,2026-01-26,Promotional,0.0322,49.63
REB0004093,T0004093,IL0004093,C00277,P0130,RP001,2026-01-28,Volume,0.0467,61.3
REB0004094,T0004094,IL0004094,C00449,P0017,RP002,2025-07-14,Growth,0.0227,1.43
REB0004095,T0004095,IL0004095,C00343,P0113,RP003,2025-08-18,Promotional,0.0465,81.54
REB0004096,T0004096,IL0004096,C00309,P0079,RP004,2026-04-25,Volume,0.036,64.11
REB0004097,T0004097,IL0004097,C00478,P0043,RP005,2025-10-20,Growth,0.0162,48.36
REB0004098,T0004098,IL0004098,C00058,P0110,RP006,2025-06-13,Promotional,0.0225,40.24
REB0004099,T0004099,IL0004099,C00259,P0115,RP007,2025-11-21,Volume,0.0232,16.13
REB0004100,T0004100,IL0004100,C00129,P0011,RP008,2025-12-04,Growth,0.0316,35.85
REB0004101,T0004101,IL0004101,C00194,P0100,RP009,2025-09-17,Promotional,0.0292,2.58
REB0004102,T0004102,IL0004102,C00116,P0047,RP010,2025-12-05,Volume,0.0012,1.42
REB0004103,T0004103,IL0004103,C00317,P0011,RP011,2025-04-17,Growth,0.0042,9.24
REB0004104,T0004104,IL0004104,C00467,P0062,RP012,2025-08-20,Promotional,0.0545,13.29
REB0004105,T0004105,IL0004105,C00107,P0052,RP001,2026-06-05,Volume,0.0498,90.57
REB0004106,T0004106,IL0004106,C00114,P0135,RP002,2025-11-12,Growth,0.0033,0.8
REB0004107,T0004107,IL0004107,C00229,P0086,RP003,2026-04-03,Promotional,0.0167,0.05
REB0004108,T0004108,IL0004108,C00366,P0016,RP004,2026-01-28,Volume,0.0037,7.51
REB0004109,T0004109,IL0004109,C00392,P0024,RP005,2025-12-31,Growth,0.0035,0.96
REB0004110,T0004110,IL0004110,C00081,P0068,RP006,2026-12-09,Promotional,0.0089,7.58
REB0004111,T0004111,IL0004111,C00031,P0100,RP007,2025-07-27,Volume,0.0368,50.08
REB0004112,T0004112,IL0004112,C00032,P0040,RP008,2025-03-03,Growth,0.0372,63.15
REB0004113,T0004113,IL0004113,C00229,P0134,RP009,2025-05-10,Promotional,0.0,0.01
REB0004114,T0004114,IL0004114,C00145,P0089,RP010,2025-05-05,Volume,0.007,3.94
REB0004115,T0004115,IL0004115,C00396,P0111,RP011,2026-10-23,Growth,0.0199,12.88
REB0004116,T0004116,IL0004116,C00423,P0067,RP012,2026-11-22,Promotional,0.0416,45.95
REB0004117,T0004117,IL0004117,C00184,P0085,RP001,2026-09-28,Volume,0.0377,60.31
REB0004118,T0004118,IL0004118,C00454,P0067,RP002,2025-09-21,Growth,0.0336,31.42
REB0004119,T0004119,IL0004119,C00484,P0144,RP003,2025-03-11,Promotional,0.0245,43.93
REB0004120,T0004120,IL0004120,C00444,P0133,RP004,2025-05-31,Volume,0.0128,4.34
REB0004121,T0004121,IL0004121,C00068,P0150,RP005,2025-01-26,Growth,0.0149,36.97
REB0004122,T0004122,IL0004122,C00460,P0067,RP006,2026-09-23,Promotional,0.0386,0.95
REB0004123,T0004123,IL0004123,C00319,P0012,RP007,2026-10-14,Volume,0.0516,60.21
REB0004124,T0004124,IL0004124,C00054,P0029,RP008,2026-04-22,Growth,0.0295,44.88
REB0004125,T0004125,IL0004125,C00081,P0017,RP009,2026-02-18,Promotional,0.0408,21.51
REB0004126,T0004126,IL0004126,C00328,P0056,RP010,2026-12-17,Volume,0.0477,113.45
REB0004127,T0004127,IL0004127,C00339,P0102,RP011,2026-11-22,Growth,0.0264,46.83
REB0004128,T0004128,IL0004128,C00071,P0047,RP012,2026-05-30,Promotional,0.0142,23.16
REB0004129,T0004129,IL0004129,C00226,P0011,RP001,2026-03-10,Volume,0.0285,7.67
REB0004130,T0004130,IL0004130,C00275,P0095,RP002,2026-04-13,Growth,0.003,3.34
REB0004131,T0004131,IL0004131,C00115,P0114,RP003,2025-03-13,Promotional,0.0458,26.17
REB0004132,T0004132,IL0004132,C00266,P0048,RP004,2025-11-19,Volume,0.0245,5.92
REB0004133,T0004133,IL0004133,C00223,P0117,RP005,2025-01-27,Growth,0.0064,15.85
REB0004134,T0004134,IL0004134,C00161,P0063,RP006,2025-11-01,Promotional,0.0177,5.08
REB0004135,T0004135,IL0004135,C00356,P0045,RP007,2025-09-06,Volume,0.022,0.76
REB0004136,T0004136,IL0004136,C00302,P0092,RP008,2026-08-17,Growth,0.0264,35.28
REB0004137,T0004137,IL0004137,C00283,P0051,RP009,2026-01-14,Promotional,0.0181,0.61
REB0004138,T0004138,IL0004138,C00448,P0121,RP010,2026-02-10,Volume,0.024,39.47
REB0004139,T0004139,IL0004139,C00343,P0080,RP011,2025-11-04,Growth,0.0512,94.03
REB0004140,T0004140,IL0004140,C00390,P0050,RP012,2026-04-05,Promotional,0.0013,0.7
REB0004141,T0004141,IL0004141,C00313,P0036,RP001,2026-09-23,Volume,0.0526,18.49
REB0004142,T0004142,IL0004142,C00309,P0124,RP002,2026-03-18,Growth,0.0264,3.2
REB0004143,T0004143,IL0004143,C00262,P0039,RP003,2025-08-09,Promotional,0.0484,35.01
REB0004144,T0004144,IL0004144,C00487,P0095,RP004,2026-11-14,Volume,0.0239,46.62
REB0004145,T0004145,IL0004145,C00263,P0009,RP005,2026-02-02,Growth,0.0475,4.22
REB0004146,T0004146,IL0004146,C00267,P0005,RP006,2026-03-07,Promotional,0.0505,10.52
REB0004147,T0004147,IL0004147,C00096,P0027,RP007,2025-07-20,Volume,0.0341,22.67
REB0004148,T0004148,IL0004148,C00389,P0122,RP008,2025-03-25,Growth,0.0342,13.93
REB0004149,T0004149,IL0004149,C00150,P0017,RP009,2026-01-24,Promotional,0.05,44.22
REB0004150,T0004150,IL0004150,C00105,P0102,RP010,2026-10-12,Volume,0.0231,76.87
REB0004151,T0004151,IL0004151,C00111,P0107,RP011,2026-11-09,Growth,0.0465,35.57
REB0004152,T0004152,IL0004152,C00065,P0016,RP012,2025-08-01,Promotional,0.0111,2.56
REB0004153,T0004153,IL0004153,C00092,P0089,RP001,2025-08-14,Volume,0.0301,28.99
REB0004154,T0004154,IL0004154,C00009,P0077,RP002,2026-07-07,Growth,0.0385,11.66
REB0004155,T0004155,IL0004155,C00292,P0054,RP003,2026-02-19,Promotional,0.0491,7.64
REB0004156,T0004156,IL0004156,C00042,P0145,RP004,2025-04-13,Volume,0.0282,15.38
REB0004157,T0004157,IL0004157,C00255,P0113,RP005,2026-02-14,Growth,0.0183,8.11
REB0004158,T0004158,IL0004158,C00134,P0049,RP006,2025-02-13,Promotional,0.0283,8.7
REB0004159,T0004159,IL0004159,C00425,P0084,RP007,2026-07-07,Volume,0.0299,72.85
REB0004160,T0004160,IL0004160,C00385,P0022,RP008,2025-07-31,Growth,0.0312,4.17
REB0004161,T0004161,IL0004161,C00234,P0065,RP009,2025-03-05,Promotional,0.0536,137.89
REB0004162,T0004162,IL0004162,C00008,P0082,RP010,2025-10-08,Volume,0.0212,5.53
REB0004163,T0004163,IL0004163,C00264,P0092,RP011,2025-10-10,Growth,0.0375,18.46
REB0004164,T0004164,IL0004164,C00146,P0084,RP012,2026-08-20,Promotional,0.008,5.59
REB0004165,T0004165,IL0004165,C00480,P0040,RP001,2025-04-14,Volume,0.0337,51.64
REB0004166,T0004166,IL0004166,C00056,P0128,RP002,2025-09-19,Growth,0.0533,5.93
REB0004167,T0004167,IL0004167,C00384,P0088,RP003,2026-02-20,Promotional,0.0433,86.83
REB0004168,T0004168,IL0004168,C00433,P0016,RP004,2026-12-21,Volume,0.0383,2.25
REB0004169,T0004169,IL0004169,C00189,P0100,RP005,2025-12-12,Growth,0.0541,18.85
REB0004170,T0004170,IL0004170,C00158,P0073,RP006,2025-09-04,Promotional,0.0145,3.36
REB0004171,T0004171,IL0004171,C00346,P0147,RP007,2026-06-09,Volume,0.0497,75.24
REB0004172,T0004172,IL0004172,C00224,P0140,RP008,2025-03-12,Growth,0.0047,2.28
REB0004173,T0004173,IL0004173,C00489,P0013,RP009,2025-05-06,Promotional,0.0498,22.49
REB0004174,T0004174,IL0004174,C00192,P0087,RP010,2025-03-28,Volume,0.0435,14.08
REB0004175,T0004175,IL0004175,C00072,P0036,RP011,2025-11-22,Growth,0.0427,30.34
REB0004176,T0004176,IL0004176,C00031,P0042,RP012,2026-07-02,Promotional,0.0095,5.67
REB0004177,T0004177,IL0004177,C00075,P0009,RP001,2025-09-27,Volume,0.0544,91.91
REB0004178,T0004178,IL0004178,C00071,P0096,RP002,2026-01-24,Growth,0.0036,0.37
REB0004179,T0004179,IL0004179,C00218,P0078,RP003,2025-10-16,Promotional,0.0276,4.32
REB0004180,T0004180,IL0004180,C00340,P0036,RP004,2025-12-10,Volume,0.0235,64.14
REB0004181,T0004181,IL0004181,C00243,P0150,RP005,2026-10-29,Growth,0.024,45.5
REB0004182,T0004182,IL0004182,C00438,P0115,RP006,2025-01-16,Promotional,0.0246,27.15
REB0004183,T0004183,IL0004183,C00485,P0011,RP007,2025-01-27,Volume,0.0173,10.88
REB0004184,T0004184,IL0004184,C00024,P0025,RP008,2025-05-12,Growth,0.0446,34.45
REB0004185,T0004185,IL0004185,C00190,P0146,RP009,2026-12-18,Promotional,0.0304,28.57
REB0004186,T0004186,IL0004186,C00221,P0104,RP010,2025-03-18,Volume,0.032,31.25
REB0004187,T0004187,IL0004187,C00414,P0149,RP011,2026-06-24,Growth,0.0496,16.97
REB0004188,T0004188,IL0004188,C00061,P0083,RP012,2026-05-22,Promotional,0.0116,15.4
REB0004189,T0004189,IL0004189,C00276,P0074,RP001,2026-06-06,Volume,0.0254,74.63
REB0004190,T0004190,IL0004190,C00012,P0092,RP002,2026-11-18,Growth,0.0291,1.51
REB0004191,T0004191,IL0004191,C00423,P0067,RP003,2026-05-15,Promotional,0.0334,11.29
REB0004192,T0004192,IL0004192,C00159,P0138,RP004,2025-10-21,Volume,0.0037,1.74
REB0004193,T0004193,IL0004193,C00152,P0115,RP005,2025-08-14,Growth,0.016,16.85
REB0004194,T0004194,IL0004194,C00329,P0027,RP006,2025-09-06,Promotional,0.0157,7.73
REB0004195,T0004195,IL0004195,C00181,P0088,RP007,2026-10-11,Volume,0.0431,76.58
REB0004196,T0004196,IL0004196,C00324,P0096,RP008,2025-11-13,Growth,0.0057,0.63
REB0004197,T0004197,IL0004197,C00301,P0045,RP009,2025-12-26,Promotional,0.038,25.07
REB0004198,T0004198,IL0004198,C00469,P0042,RP010,2026-10-24,Volume,0.0237,8.02
REB0004199,T0004199,IL0004199,C00389,P0070,RP011,2025-06-09,Growth,0.0085,7.68
REB0004200,T0004200,IL0004200,C00150,P0147,RP012,2026-03-05,Promotional,0.0034,0.45
REB0004201,T0004201,IL0004201,C00237,P0108,RP001,2026-06-10,Volume,0.0018,2.18
REB0004202,T0004202,IL0004202,C00176,P0100,RP002,2026-08-10,Growth,0.0232,21.74
REB0004203,T0004203,IL0004203,C00059,P0086,RP003,2026-10-06,Promotional,0.0218,20.08
REB0004204,T0004204,IL0004204,C00410,P0009,RP004,2025-01-28,Volume,0.0018,0.23
REB0004205,T0004205,IL0004205,C00050,P0093,RP005,2025-07-10,Growth,0.0436,42.92
REB0004206,T0004206,IL0004206,C00182,P0060,RP006,2026-03-17,Promotional,0.0099,11.09
REB0004207,T0004207,IL0004207,C00405,P0012,RP007,2025-03-22,Volume,0.034,20.24
REB0004208,T0004208,IL0004208,C00099,P0103,RP008,2026-08-04,Growth,0.0267,10.09
REB0004209,T0004209,IL0004209,C00444,P0136,RP009,2026-11-15,Promotional,0.0065,7.54
REB0004210,T0004210,IL0004210,C00352,P0149,RP010,2025-06-26,Volume,0.0081,5.64
REB0004211,T0004211,IL0004211,C00411,P0008,RP011,2026-06-21,Growth,0.0335,31.48
REB0004212,T0004212,IL0004212,C00475,P0044,RP012,2025-04-23,Promotional,0.0171,4.74
REB0004213,T0004213,IL0004213,C00241,P0015,RP001,2026-08-08,Volume,0.0408,26.73
REB0004214,T0004214,IL0004214,C00343,P0098,RP002,2026-04-30,Growth,0.0417,2.72
REB0004215,T0004215,IL0004215,C00384,P0012,RP003,2026-08-25,Promotional,0.0363,22.45
REB0004216,T0004216,IL0004216,C00165,P0106,RP004,2025-07-30,Volume,0.0151,20.31
REB0004217,T0004217,IL0004217,C00005,P0076,RP005,2026-02-11,Growth,0.0501,93.2
REB0004218,T0004218,IL0004218,C00345,P0104,RP006,2025-07-10,Promotional,0.0185,6.35
REB0004219,T0004219,IL0004219,C00092,P0149,RP007,2026-04-11,Volume,0.0072,10.71
REB0004220,T0004220,IL0004220,C00132,P0019,RP008,2026-07-14,Growth,0.0215,20.9
REB0004221,T0004221,IL0004221,C00343,P0067,RP009,2025-06-13,Promotional,0.013,35.94
REB0004222,T0004222,IL0004222,C00340,P0073,RP010,2025-08-29,Volume,0.0281,21.4
REB0004223,T0004223,IL0004223,C00296,P0047,RP011,2026-10-12,Growth,0.0298,40.34
REB0004224,T0004224,IL0004224,C00027,P0007,RP012,2025-09-02,Promotional,0.0339,31.09
REB0004225,T0004225,IL0004225,C00448,P0002,RP001,2026-04-27,Volume,0.0441,24.24
REB0004226,T0004226,IL0004226,C00148,P0116,RP002,2026-04-29,Growth,0.0079,19.5
REB0004227,T0004227,IL0004227,C00448,P0147,RP003,2025-10-13,Promotional,0.0069,2.26
REB0004228,T0004228,IL0004228,C00375,P0147,RP004,2026-02-09,Volume,0.0096,2.39
REB0004229,T0004229,IL0004229,C00314,P0129,RP005,2025-12-20,Growth,0.044,99.94
REB0004230,T0004230,IL0004230,C00135,P0005,RP006,2025-03-05,Promotional,0.0547,18.98
REB0004231,T0004231,IL0004231,C00185,P0067,RP007,2026-05-11,Volume,0.0391,46.89
REB0004232,T0004232,IL0004232,C00179,P0061,RP008,2025-11-19,Growth,0.0318,6.64
REB0004233,T0004233,IL0004233,C00130,P0093,RP009,2026-03-30,Promotional,0.0544,20.62
REB0004234,T0004234,IL0004234,C00397,P0076,RP010,2025-06-27,Volume,0.0234,39.96
REB0004235,T0004235,IL0004235,C00166,P0039,RP011,2026-04-21,Growth,0.0036,3.75
REB0004236,T0004236,IL0004236,C00338,P0001,RP012,2025-05-18,Promotional,0.0048,1.09
REB0004237,T0004237,IL0004237,C00397,P0106,RP001,2025-02-25,Volume,0.0548,84.96
REB0004238,T0004238,IL0004238,C00333,P0093,RP002,2026-03-07,Growth,0.0454,20.7
REB0004239,T0004239,IL0004239,C00102,P0097,RP003,2025-05-22,Promotional,0.0378,41.06
REB0004240,T0004240,IL0004240,C00101,P0065,RP004,2025-10-03,Volume,0.0109,12.07
REB0004241,T0004241,IL0004241,C00076,P0047,RP005,2025-10-07,Growth,0.0355,18.6
REB0004242,T0004242,IL0004242,C00499,P0132,RP006,2025-07-16,Promotional,0.0057,1.74
REB0004243,T0004243,IL0004243,C00277,P0061,RP007,2026-01-10,Volume,0.026,3.88
REB0004244,T0004244,IL0004244,C00045,P0056,RP008,2025-11-27,Growth,0.0548,103.25
REB0004245,T0004245,IL0004245,C00494,P0017,RP009,2026-11-21,Promotional,0.0245,31.43
REB0004246,T0004246,IL0004246,C00125,P0130,RP010,2025-08-05,Volume,0.0314,20.87
REB0004247,T0004247,IL0004247,C00069,P0146,RP011,2026-07-07,Growth,0.0511,29.59
REB0004248,T0004248,IL0004248,C00214,P0147,RP012,2026-07-25,Promotional,0.0409,93.02
REB0004249,T0004249,IL0004249,C00472,P0078,RP001,2025-04-20,Volume,0.0506,55.93
REB0004250,T0004250,IL0004250,C00355,P0075,RP002,2026-04-23,Growth,0.015,3.53
REB0004251,T0004251,IL0004251,C00407,P0061,RP003,2026-11-16,Promotional,0.0002,0.08
REB0004252,T0004252,IL0004252,C00412,P0020,RP004,2025-09-03,Volume,0.0167,5.35
REB0004253,T0004253,IL0004253,C00072,P0110,RP005,2026-04-07,Growth,0.0093,6.84
REB0004254,T0004254,IL0004254,C00194,P0114,RP006,2026-10-23,Promotional,0.038,36.14
REB0004255,T0004255,IL0004255,C00312,P0037,RP007,2025-04-30,Volume,0.0179,10.76
REB0004256,T0004256,IL0004256,C00152,P0060,RP008,2025-04-25,Growth,0.0465,8.17
REB0004257,T0004257,IL0004257,C00324,P0015,RP009,2026-08-27,Promotional,0.0414,10.58
REB0004258,T0004258,IL0004258,C00112,P0131,RP010,2025-02-27,Volume,0.0064,2.59
REB0004259,T0004259,IL0004259,C00263,P0056,RP011,2026-05-13,Growth,0.0201,22.79
REB0004260,T0004260,IL0004260,C00210,P0064,RP012,2026-04-23,Promotional,0.0317,36.77
REB0004261,T0004261,IL0004261,C00117,P0125,RP001,2025-10-04,Volume,0.0042,2.26
REB0004262,T0004262,IL0004262,C00495,P0088,RP002,2025-08-06,Growth,0.0203,15.53
REB0004263,T0004263,IL0004263,C00258,P0033,RP003,2025-12-11,Promotional,0.0334,29.62
REB0004264,T0004264,IL0004264,C00356,P0071,RP004,2025-11-30,Volume,0.0165,26.3
REB0004265,T0004265,IL0004265,C00135,P0041,RP005,2025-05-02,Growth,0.0018,1.15
REB0004266,T0004266,IL0004266,C00282,P0093,RP006,2025-05-27,Promotional,0.0088,1.28
REB0004267,T0004267,IL0004267,C00103,P0095,RP007,2025-01-21,Volume,0.0127,16.18
REB0004268,T0004268,IL0004268,C00293,P0126,RP008,2026-03-29,Growth,0.0387,12.68
REB0004269,T0004269,IL0004269,C00436,P0073,RP009,2026-09-29,Promotional,0.0523,33.35
REB0004270,T0004270,IL0004270,C00365,P0017,RP010,2025-05-02,Volume,0.0323,5.61
REB0004271,T0004271,IL0004271,C00015,P0002,RP011,2026-09-26,Growth,0.0243,5.36
REB0004272,T0004272,IL0004272,C00293,P0015,RP012,2026-09-24,Promotional,0.0382,30.49
REB0004273,T0004273,IL0004273,C00246,P0075,RP001,2025-12-20,Volume,0.021,43.64
REB0004274,T0004274,IL0004274,C00286,P0140,RP002,2026-10-12,Growth,0.0392,36.84
REB0004275,T0004275,IL0004275,C00046,P0054,RP003,2025-10-29,Promotional,0.0434,14.2
REB0004276,T0004276,IL0004276,C00104,P0094,RP004,2025-02-12,Volume,0.0531,67.68
REB0004277,T0004277,IL0004277,C00105,P0073,RP005,2025-07-19,Growth,0.025,6.56
REB0004278,T0004278,IL0004278,C00321,P0137,RP006,2025-04-13,Promotional,0.0366,16.79
REB0004279,T0004279,IL0004279,C00237,P0134,RP007,2026-01-21,Volume,0.0521,18.57
REB0004280,T0004280,IL0004280,C00286,P0062,RP008,2026-07-09,Growth,0.0077,18.37
REB0004281,T0004281,IL0004281,C00123,P0092,RP009,2025-11-21,Promotional,0.036,20.94
REB0004282,T0004282,IL0004282,C00095,P0134,RP010,2026-12-12,Volume,0.0168,15.38
REB0004283,T0004283,IL0004283,C00496,P0037,RP011,2025-09-26,Growth,0.0144,2.49
REB0004284,T0004284,IL0004284,C00098,P0094,RP012,2026-11-02,Promotional,0.0187,8.61
REB0004285,T0004285,IL0004285,C00013,P0099,RP001,2025-04-02,Volume,0.0211,7.67
REB0004286,T0004286,IL0004286,C00277,P0014,RP002,2025-10-30,Growth,0.0387,41.56
REB0004287,T0004287,IL0004287,C00379,P0047,RP003,2025-12-06,Promotional,0.0383,1.13
REB0004288,T0004288,IL0004288,C00159,P0078,RP004,2026-11-26,Volume,0.0246,68.35
REB0004289,T0004289,IL0004289,C00282,P0120,RP005,2026-12-09,Growth,0.0249,19.61
REB0004290,T0004290,IL0004290,C00384,P0136,RP006,2025-09-15,Promotional,0.0003,0.15
REB0004291,T0004291,IL0004291,C00068,P0131,RP007,2026-05-14,Volume,0.025,8.58
REB0004292,T0004292,IL0004292,C00453,P0030,RP008,2026-01-01,Growth,0.0419,28.2
REB0004293,T0004293,IL0004293,C00107,P0006,RP009,2025-08-05,Promotional,0.046,17.07
REB0004294,T0004294,IL0004294,C00147,P0107,RP010,2026-05-16,Volume,0.049,25.53
REB0004295,T0004295,IL0004295,C00493,P0102,RP011,2026-01-12,Growth,0.0514,25.69
REB0004296,T0004296,IL0004296,C00156,P0077,RP012,2026-08-04,Promotional,0.0235,22.07
REB0004297,T0004297,IL0004297,C00422,P0045,RP001,2026-12-29,Volume,0.0236,54.5
REB0004298,T0004298,IL0004298,C00461,P0083,RP002,2026-01-02,Growth,0.0474,100.49
REB0004299,T0004299,IL0004299,C00212,P0072,RP003,2026-08-19,Promotional,0.0338,2.2
REB0004300,T0004300,IL0004300,C00002,P0080,RP004,2026-04-13,Volume,0.0196,15.2
REB0004301,T0004301,IL0004301,C00353,P0102,RP005,2025-11-03,Growth,0.0388,1.81
REB0004302,T0004302,IL0004302,C00053,P0107,RP006,2025-10-30,Promotional,0.0089,9.13
REB0004303,T0004303,IL0004303,C00095,P0058,RP007,2025-04-23,Volume,0.0146,0.33
REB0004304,T0004304,IL0004304,C00460,P0127,RP008,2025-05-18,Growth,0.0162,8.58
REB0004305,T0004305,IL0004305,C00162,P0025,RP009,2025-04-04,Promotional,0.0132,8.28
REB0004306,T0004306,IL0004306,C00170,P0129,RP010,2025-08-21,Volume,0.0464,98.7
REB0004307,T0004307,IL0004307,C00473,P0087,RP011,2025-12-23,Growth,0.0044,2.03
REB0004308,T0004308,IL0004308,C00046,P0128,RP012,2026-07-16,Promotional,0.0158,26.27
REB0004309,T0004309,IL0004309,C00290,P0139,RP001,2025-01-27,Volume,0.0155,8.54
REB0004310,T0004310,IL0004310,C00435,P0027,RP002,2026-10-13,Growth,0.0466,112.6
REB0004311,T0004311,IL0004311,C00135,P0075,RP003,2025-08-01,Promotional,0.0009,0.33
REB0004312,T0004312,IL0004312,C00096,P0140,RP004,2026-06-11,Volume,0.0244,14.68
REB0004313,T0004313,IL0004313,C00172,P0031,RP005,2025-05-03,Growth,0.0418,7.72
REB0004314,T0004314,IL0004314,C00195,P0008,RP006,2026-08-17,Promotional,0.0116,6.02
REB0004315,T0004315,IL0004315,C00404,P0143,RP007,2025-09-26,Volume,0.0198,38.08
REB0004316,T0004316,IL0004316,C00378,P0016,RP008,2026-04-20,Growth,0.0061,4.31
REB0004317,T0004317,IL0004317,C00307,P0008,RP009,2025-09-15,Promotional,0.0068,0.87
REB0004318,T0004318,IL0004318,C00337,P0036,RP010,2025-03-20,Volume,0.0321,20.03
REB0004319,T0004319,IL0004319,C00308,P0067,RP011,2025-09-25,Growth,0.0112,14.42
REB0004320,T0004320,IL0004320,C00304,P0022,RP012,2025-10-03,Promotional,0.0479,114.67
REB0004321,T0004321,IL0004321,C00353,P0023,RP001,2026-11-10,Volume,0.0368,14.24
REB0004322,T0004322,IL0004322,C00142,P0021,RP002,2025-06-20,Growth,0.008,0.55
REB0004323,T0004323,IL0004323,C00382,P0131,RP003,2025-09-09,Promotional,0.0521,11.76
REB0004324,T0004324,IL0004324,C00093,P0014,RP004,2025-05-26,Volume,0.0474,43.55
REB0004325,T0004325,IL0004325,C00051,P0107,RP005,2026-07-30,Growth,0.016,17.01
REB0004326,T0004326,IL0004326,C00009,P0004,RP006,2026-08-29,Promotional,0.0274,27.99
REB0004327,T0004327,IL0004327,C00437,P0025,RP007,2025-08-17,Volume,0.0123,18.83
REB0004328,T0004328,IL0004328,C00243,P0147,RP008,2026-11-15,Growth,0.0123,17.5
REB0004329,T0004329,IL0004329,C00084,P0042,RP009,2026-05-28,Promotional,0.0526,17.28
REB0004330,T0004330,IL0004330,C00207,P0045,RP010,2025-10-22,Volume,0.0229,5.52
REB0004331,T0004331,IL0004331,C00138,P0003,RP011,2025-05-16,Growth,0.0367,38.4
REB0004332,T0004332,IL0004332,C00388,P0063,RP012,2025-04-30,Promotional,0.0141,2.61
REB0004333,T0004333,IL0004333,C00168,P0007,RP001,2026-08-17,Volume,0.0157,10.45
REB0004334,T0004334,IL0004334,C00343,P0150,RP002,2025-10-06,Growth,0.0362,18.31
REB0004335,T0004335,IL0004335,C00065,P0028,RP003,2025-11-10,Promotional,0.0518,49.56
REB0004336,T0004336,IL0004336,C00133,P0079,RP004,2025-11-05,Volume,0.0407,45.16
REB0004337,T0004337,IL0004337,C00274,P0101,RP005,2026-06-08,Growth,0.0126,10.2
REB0004338,T0004338,IL0004338,C00151,P0040,RP006,2026-07-26,Promotional,0.0387,51.53
REB0004339,T0004339,IL0004339,C00316,P0055,RP007,2025-08-13,Volume,0.0548,80.89
REB0004340,T0004340,IL0004340,C00084,P0066,RP008,2025-06-05,Growth,0.0001,0.08
REB0004341,T0004341,IL0004341,C00096,P0074,RP009,2025-04-11,Promotional,0.0503,9.68
REB0004342,T0004342,IL0004342,C00177,P0056,RP010,2026-05-10,Volume,0.0089,2.63
REB0004343,T0004343,IL0004343,C00285,P0126,RP011,2026-10-05,Growth,0.0,0.01
REB0004344,T0004344,IL0004344,C00188,P0092,RP012,2026-04-17,Promotional,0.0048,5.03
REB0004345,T0004345,IL0004345,C00451,P0026,RP001,2026-01-14,Volume,0.0379,68.74
REB0004346,T0004346,IL0004346,C00467,P0026,RP002,2025-05-06,Growth,0.0391,14.62
REB0004347,T0004347,IL0004347,C00131,P0049,RP003,2026-02-26,Promotional,0.0156,11.24
REB0004348,T0004348,IL0004348,C00066,P0004,RP004,2026-04-01,Volume,0.0119,3.21
REB0004349,T0004349,IL0004349,C00498,P0009,RP005,2026-10-04,Growth,0.0062,2.15
REB0004350,T0004350,IL0004350,C00337,P0133,RP006,2025-01-04,Promotional,0.0315,11.27
REB0004351,T0004351,IL0004351,C00467,P0043,RP007,2025-03-27,Volume,0.0514,96.62
REB0004352,T0004352,IL0004352,C00292,P0129,RP008,2025-04-25,Growth,0.0343,74.26
REB0004353,T0004353,IL0004353,C00322,P0020,RP009,2026-08-20,Promotional,0.0514,36.72
REB0004354,T0004354,IL0004354,C00219,P0104,RP010,2025-04-20,Volume,0.0205,6.83
REB0004355,T0004355,IL0004355,C00200,P0016,RP011,2026-03-25,Growth,0.0259,5.37
REB0004356,T0004356,IL0004356,C00441,P0106,RP012,2026-01-31,Promotional,0.0512,53.36
REB0004357,T0004357,IL0004357,C00498,P0024,RP001,2026-04-07,Volume,0.0214,27.82
REB0004358,T0004358,IL0004358,C00413,P0020,RP002,2026-08-30,Growth,0.0535,12.41
REB0004359,T0004359,IL0004359,C00267,P0009,RP003,2026-11-11,Promotional,0.0013,0.08
REB0004360,T0004360,IL0004360,C00371,P0045,RP004,2026-07-25,Volume,0.0155,12.97
REB0004361,T0004361,IL0004361,C00345,P0072,RP005,2026-12-22,Growth,0.0163,9.86
REB0004362,T0004362,IL0004362,C00198,P0087,RP006,2025-07-31,Promotional,0.0087,18.3
REB0004363,T0004363,IL0004363,C00224,P0109,RP007,2025-09-19,Volume,0.0384,66.31
REB0004364,T0004364,IL0004364,C00007,P0072,RP008,2026-08-26,Growth,0.0416,77.9
REB0004365,T0004365,IL0004365,C00497,P0038,RP009,2025-09-24,Promotional,0.0126,13.6
REB0004366,T0004366,IL0004366,C00021,P0049,RP010,2026-02-12,Volume,0.006,11.62
REB0004367,T0004367,IL0004367,C00455,P0145,RP011,2025-08-29,Growth,0.0352,18.21
REB0004368,T0004368,IL0004368,C00003,P0024,RP012,2025-09-19,Promotional,0.0256,2.85
REB0004369,T0004369,IL0004369,C00014,P0136,RP001,2026-07-16,Volume,0.0194,10.56
REB0004370,T0004370,IL0004370,C00165,P0068,RP002,2025-09-25,Growth,0.0425,46.34
REB0004371,T0004371,IL0004371,C00473,P0042,RP003,2025-10-27,Promotional,0.0292,7.96
REB0004372,T0004372,IL0004372,C00254,P0136,RP004,2026-08-23,Volume,0.0474,15.05
REB0004373,T0004373,IL0004373,C00391,P0082,RP005,2025-07-05,Growth,0.0299,8.31
REB0004374,T0004374,IL0004374,C00134,P0096,RP006,2026-09-02,Promotional,0.0374,20.96
REB0004375,T0004375,IL0004375,C00331,P0145,RP007,2025-03-14,Volume,0.0058,2.68
REB0004376,T0004376,IL0004376,C00493,P0095,RP008,2026-09-30,Growth,0.0466,25.64
REB0004377,T0004377,IL0004377,C00022,P0145,RP009,2025-07-05,Promotional,0.0159,4.75
REB0004378,T0004378,IL0004378,C00491,P0124,RP010,2026-09-29,Volume,0.0032,8.82
REB0004379,T0004379,IL0004379,C00291,P0057,RP011,2026-02-01,Growth,0.005,13.95
REB0004380,T0004380,IL0004380,C00487,P0125,RP012,2025-09-12,Promotional,0.0325,13.93
REB0004381,T0004381,IL0004381,C00111,P0028,RP001,2026-05-03,Volume,0.027,73.18
REB0004382,T0004382,IL0004382,C00327,P0114,RP002,2026-02-14,Growth,0.0035,0.67
REB0004383,T0004383,IL0004383,C00196,P0019,RP003,2026-02-12,Promotional,0.0433,1.39
REB0004384,T0004384,IL0004384,C00052,P0002,RP004,2025-01-22,Volume,0.0308,4.88
REB0004385,T0004385,IL0004385,C00050,P0010,RP005,2025-11-23,Growth,0.0404,14.83
REB0004386,T0004386,IL0004386,C00003,P0098,RP006,2025-04-25,Promotional,0.0022,3.59
REB0004387,T0004387,IL0004387,C00406,P0109,RP007,2025-03-25,Volume,0.0312,19.67
REB0004388,T0004388,IL0004388,C00480,P0085,RP008,2026-08-28,Growth,0.0494,19.94
REB0004389,T0004389,IL0004389,C00130,P0078,RP009,2025-12-01,Promotional,0.0151,12.55
REB0004390,T0004390,IL0004390,C00340,P0037,RP010,2026-06-15,Volume,0.0521,53.77
REB0004391,T0004391,IL0004391,C00151,P0037,RP011,2025-06-24,Growth,0.0125,4.75
REB0004392,T0004392,IL0004392,C00255,P0032,RP012,2026-03-30,Promotional,0.0114,0.69
REB0004393,T0004393,IL0004393,C00213,P0116,RP001,2026-06-21,Volume,0.0281,24.89
REB0004394,T0004394,IL0004394,C00032,P0012,RP002,2026-09-22,Growth,0.023,16.34
REB0004395,T0004395,IL0004395,C00194,P0009,RP003,2026-08-05,Promotional,0.0039,9.37
REB0004396,T0004396,IL0004396,C00063,P0107,RP004,2026-05-20,Volume,0.0351,59.48
REB0004397,T0004397,IL0004397,C00240,P0119,RP005,2025-12-19,Growth,0.019,19.57
REB0004398,T0004398,IL0004398,C00326,P0045,RP006,2025-08-05,Promotional,0.0095,20.48
REB0004399,T0004399,IL0004399,C00388,P0137,RP007,2025-09-21,Volume,0.044,18.1
REB0004400,T0004400,IL0004400,C00332,P0016,RP008,2025-10-09,Growth,0.0165,2.47
REB0004401,T0004401,IL0004401,C00151,P0092,RP009,2026-07-31,Promotional,0.0075,24.24
REB0004402,T0004402,IL0004402,C00112,P0090,RP010,2025-09-08,Volume,0.0419,56.23
REB0004403,T0004403,IL0004403,C00395,P0124,RP011,2026-01-09,Growth,0.0535,60.62
REB0004404,T0004404,IL0004404,C00058,P0052,RP012,2025-01-01,Promotional,0.0495,90.09
REB0004405,T0004405,IL0004405,C00449,P0023,RP001,2025-11-15,Volume,0.0209,4.05
REB0004406,T0004406,IL0004406,C00083,P0141,RP002,2025-10-07,Growth,0.0223,6.1
REB0004407,T0004407,IL0004407,C00230,P0094,RP003,2026-09-07,Promotional,0.0432,84.22
REB0004408,T0004408,IL0004408,C00336,P0143,RP004,2025-02-09,Volume,0.012,0.43
REB0004409,T0004409,IL0004409,C00347,P0097,RP005,2025-01-15,Growth,0.0346,48.1
REB0004410,T0004410,IL0004410,C00443,P0051,RP006,2026-01-27,Promotional,0.0353,67.42
REB0004411,T0004411,IL0004411,C00174,P0059,RP007,2026-04-15,Volume,0.0043,11.16
REB0004412,T0004412,IL0004412,C00370,P0075,RP008,2026-03-19,Growth,0.0141,1.71
REB0004413,T0004413,IL0004413,C00376,P0052,RP009,2026-06-03,Promotional,0.038,6.77
REB0004414,T0004414,IL0004414,C00183,P0137,RP010,2025-02-22,Volume,0.0269,23.01
REB0004415,T0004415,IL0004415,C00411,P0042,RP011,2026-05-11,Growth,0.0518,84.82
REB0004416,T0004416,IL0004416,C00177,P0076,RP012,2025-12-15,Promotional,0.035,11.9
REB0004417,T0004417,IL0004417,C00229,P0135,RP001,2026-04-30,Volume,0.0017,1.18
REB0004418,T0004418,IL0004418,C00478,P0033,RP002,2026-01-29,Growth,0.0441,40.03
REB0004419,T0004419,IL0004419,C00322,P0033,RP003,2026-11-19,Promotional,0.0101,19.81
REB0004420,T0004420,IL0004420,C00343,P0056,RP004,2026-05-15,Volume,0.0396,34.48
REB0004421,T0004421,IL0004421,C00378,P0030,RP005,2025-04-08,Growth,0.0201,20.65
REB0004422,T0004422,IL0004422,C00324,P0046,RP006,2026-07-31,Promotional,0.0121,3.48
REB0004423,T0004423,IL0004423,C00119,P0083,RP007,2025-03-12,Volume,0.0321,16.1
REB0004424,T0004424,IL0004424,C00276,P0045,RP008,2025-10-13,Growth,0.0234,12.67
REB0004425,T0004425,IL0004425,C00221,P0022,RP009,2025-05-08,Promotional,0.0232,0.44
REB0004426,T0004426,IL0004426,C00079,P0121,RP010,2025-10-28,Volume,0.0435,13.56
REB0004427,T0004427,IL0004427,C00019,P0099,RP011,2025-12-29,Growth,0.0301,13.39
REB0004428,T0004428,IL0004428,C00441,P0071,RP012,2026-08-02,Promotional,0.0055,1.22
REB0004429,T0004429,IL0004429,C00363,P0139,RP001,2026-10-15,Volume,0.0069,12.31
REB0004430,T0004430,IL0004430,C00367,P0063,RP002,2025-01-11,Growth,0.0302,9.98
REB0004431,T0004431,IL0004431,C00420,P0091,RP003,2026-03-14,Promotional,0.0404,5.78
REB0004432,T0004432,IL0004432,C00332,P0075,RP004,2025-03-22,Volume,0.0478,57.59
REB0004433,T0004433,IL0004433,C00418,P0116,RP005,2025-12-12,Growth,0.0494,126.44
REB0004434,T0004434,IL0004434,C00257,P0054,RP006,2025-04-13,Promotional,0.0122,8.45
REB0004435,T0004435,IL0004435,C00021,P0086,RP007,2025-07-21,Volume,0.0481,49.98
REB0004436,T0004436,IL0004436,C00012,P0117,RP008,2025-12-11,Growth,0.0371,43.27
REB0004437,T0004437,IL0004437,C00042,P0013,RP009,2026-03-13,Promotional,0.0404,78.25
REB0004438,T0004438,IL0004438,C00444,P0028,RP010,2025-10-05,Volume,0.046,4.3
REB0004439,T0004439,IL0004439,C00163,P0150,RP011,2025-08-04,Growth,0.0377,0.84
REB0004440,T0004440,IL0004440,C00111,P0136,RP012,2026-10-10,Promotional,0.0353,16.09
REB0004441,T0004441,IL0004441,C00414,P0057,RP001,2026-08-13,Volume,0.0071,4.36
REB0004442,T0004442,IL0004442,C00239,P0093,RP002,2025-03-17,Growth,0.0286,54.05
REB0004443,T0004443,IL0004443,C00065,P0106,RP003,2025-05-09,Promotional,0.0285,32.22
REB0004444,T0004444,IL0004444,C00447,P0112,RP004,2026-02-18,Volume,0.0046,1.18
REB0004445,T0004445,IL0004445,C00126,P0030,RP005,2026-08-07,Growth,0.0372,13.79
REB0004446,T0004446,IL0004446,C00316,P0064,RP006,2025-12-17,Promotional,0.0483,82.09
REB0004447,T0004447,IL0004447,C00057,P0099,RP007,2025-12-12,Volume,0.0139,4.53
REB0004448,T0004448,IL0004448,C00148,P0032,RP008,2025-07-19,Growth,0.0392,6.6
REB0004449,T0004449,IL0004449,C00226,P0084,RP009,2026-06-02,Promotional,0.0168,20.0
REB0004450,T0004450,IL0004450,C00112,P0143,RP010,2026-05-16,Volume,0.0281,13.98
REB0004451,T0004451,IL0004451,C00461,P0090,RP011,2025-02-10,Growth,0.042,42.83
REB0004452,T0004452,IL0004452,C00166,P0108,RP012,2026-03-02,Promotional,0.027,82.6
REB0004453,T0004453,IL0004453,C00158,P0023,RP001,2025-08-22,Volume,0.0383,58.49
REB0004454,T0004454,IL0004454,C00014,P0109,RP002,2025-03-31,Growth,0.0538,121.84
REB0004455,T0004455,IL0004455,C00216,P0041,RP003,2026-01-11,Promotional,0.0491,101.13
REB0004456,T0004456,IL0004456,C00250,P0117,RP004,2026-11-28,Volume,0.0546,86.16
REB0004457,T0004457,IL0004457,C00384,P0029,RP005,2025-05-05,Growth,0.0369,40.51
REB0004458,T0004458,IL0004458,C00378,P0131,RP006,2025-12-10,Promotional,0.0109,23.07
REB0004459,T0004459,IL0004459,C00109,P0021,RP007,2025-02-24,Volume,0.0198,22.22
REB0004460,T0004460,IL0004460,C00405,P0131,RP008,2026-06-05,Growth,0.0469,71.85
REB0004461,T0004461,IL0004461,C00239,P0149,RP009,2025-12-31,Promotional,0.0504,4.12
REB0004462,T0004462,IL0004462,C00028,P0097,RP010,2026-09-19,Volume,0.0195,16.79
REB0004463,T0004463,IL0004463,C00486,P0035,RP011,2025-07-29,Growth,0.0298,87.52
REB0004464,T0004464,IL0004464,C00010,P0006,RP012,2025-05-30,Promotional,0.0353,37.37
REB0004465,T0004465,IL0004465,C00049,P0025,RP001,2025-09-25,Volume,0.0464,4.68
REB0004466,T0004466,IL0004466,C00145,P0096,RP002,2026-07-31,Growth,0.0313,9.12
REB0004467,T0004467,IL0004467,C00403,P0146,RP003,2025-10-04,Promotional,0.0526,16.82
REB0004468,T0004468,IL0004468,C00230,P0106,RP004,2026-08-05,Volume,0.0108,4.94
REB0004469,T0004469,IL0004469,C00370,P0059,RP005,2025-10-15,Growth,0.0345,53.22
REB0004470,T0004470,IL0004470,C00296,P0093,RP006,2026-10-19,Promotional,0.0286,2.72
REB0004471,T0004471,IL0004471,C00445,P0045,RP007,2025-01-31,Volume,0.0394,24.39
REB0004472,T0004472,IL0004472,C00112,P0020,RP008,2025-09-12,Growth,0.0486,71.47
REB0004473,T0004473,IL0004473,C00447,P0101,RP009,2026-05-09,Promotional,0.047,16.9
REB0004474,T0004474,IL0004474,C00493,P0046,RP010,2025-05-25,Volume,0.0147,2.81
REB0004475,T0004475,IL0004475,C00463,P0123,RP011,2025-03-30,Growth,0.013,1.39
REB0004476,T0004476,IL0004476,C00301,P0100,RP012,2025-10-09,Promotional,0.0336,59.7
REB0004477,T0004477,IL0004477,C00027,P0109,RP001,2026-05-11,Volume,0.009,25.46
REB0004478,T0004478,IL0004478,C00357,P0115,RP002,2026-01-16,Growth,0.0036,1.49
REB0004479,T0004479,IL0004479,C00447,P0023,RP003,2026-11-03,Promotional,0.0414,68.56
REB0004480,T0004480,IL0004480,C00225,P0148,RP004,2026-10-25,Volume,0.0278,20.24
REB0004481,T0004481,IL0004481,C00113,P0140,RP005,2025-01-11,Growth,0.0532,103.55
REB0004482,T0004482,IL0004482,C00378,P0023,RP006,2025-11-11,Promotional,0.0331,46.27
REB0004483,T0004483,IL0004483,C00358,P0046,RP007,2025-07-18,Volume,0.0472,43.7
REB0004484,T0004484,IL0004484,C00241,P0094,RP008,2025-07-31,Growth,0.0266,43.2
REB0004485,T0004485,IL0004485,C00297,P0037,RP009,2025-01-05,Promotional,0.0122,10.06
REB0004486,T0004486,IL0004486,C00133,P0020,RP010,2025-01-20,Volume,0.0439,19.76
REB0004487,T0004487,IL0004487,C00190,P0114,RP011,2025-11-19,Growth,0.0233,4.63
REB0004488,T0004488,IL0004488,C00220,P0001,RP012,2026-03-25,Promotional,0.0265,17.8
REB0004489,T0004489,IL0004489,C00396,P0136,RP001,2026-06-23,Volume,0.0329,9.01
REB0004490,T0004490,IL0004490,C00448,P0058,RP002,2026-11-05,Growth,0.0245,8.72
REB0004491,T0004491,IL0004491,C00268,P0149,RP003,2026-02-13,Promotional,0.0307,10.68
REB0004492,T0004492,IL0004492,C00179,P0047,RP004,2026-01-23,Volume,0.0332,18.43
REB0004493,T0004493,IL0004493,C00120,P0093,RP005,2026-05-18,Growth,0.0284,11.93
REB0004494,T0004494,IL0004494,C00476,P0054,RP006,2025-07-21,Promotional,0.0193,12.65
REB0004495,T0004495,IL0004495,C00210,P0112,RP007,2025-06-07,Volume,0.0251,11.52
REB0004496,T0004496,IL0004496,C00493,P0114,RP008,2026-02-28,Growth,0.0025,0.95
REB0004497,T0004497,IL0004497,C00487,P0147,RP009,2026-05-29,Promotional,0.0154,5.58
REB0004498,T0004498,IL0004498,C00061,P0015,RP010,2026-02-02,Volume,0.0274,8.07
REB0004499,T0004499,IL0004499,C00057,P0138,RP011,2026-09-13,Growth,0.022,7.11
REB0004500,T0004500,IL0004500,C00207,P0053,RP012,2026-04-24,Promotional,0.0363,45.84
REB0004501,T0004501,IL0004501,C00476,P0077,RP001,2026-07-21,Volume,0.048,96.36
REB0004502,T0004502,IL0004502,C00220,P0112,RP002,2026-06-08,Growth,0.0482,37.16
REB0004503,T0004503,IL0004503,C00316,P0008,RP003,2025-10-01,Promotional,0.0334,76.34
REB0004504,T0004504,IL0004504,C00121,P0098,RP004,2025-11-26,Volume,0.0397,56.78
REB0004505,T0004505,IL0004505,C00083,P0037,RP005,2025-06-03,Growth,0.0416,66.54
REB0004506,T0004506,IL0004506,C00076,P0128,RP006,2025-01-11,Promotional,0.0466,18.9
REB0004507,T0004507,IL0004507,C00241,P0112,RP007,2026-09-19,Volume,0.006,7.46
REB0004508,T0004508,IL0004508,C00347,P0003,RP008,2026-09-01,Growth,0.0526,73.72
REB0004509,T0004509,IL0004509,C00207,P0021,RP009,2025-01-26,Promotional,0.012,14.58
REB0004510,T0004510,IL0004510,C00132,P0082,RP010,2025-09-22,Volume,0.0167,16.36
REB0004511,T0004511,IL0004511,C00098,P0147,RP011,2025-03-27,Growth,0.033,49.37
REB0004512,T0004512,IL0004512,C00223,P0150,RP012,2025-11-21,Promotional,0.042,5.85
REB0004513,T0004513,IL0004513,C00421,P0054,RP001,2026-03-18,Volume,0.0468,21.47
REB0004514,T0004514,IL0004514,C00033,P0117,RP002,2025-04-26,Growth,0.0458,5.53
REB0004515,T0004515,IL0004515,C00456,P0133,RP003,2026-03-28,Promotional,0.0529,161.79
REB0004516,T0004516,IL0004516,C00029,P0093,RP004,2025-10-21,Volume,0.0029,0.71
REB0004517,T0004517,IL0004517,C00335,P0105,RP005,2025-06-03,Growth,0.0291,32.64
REB0004518,T0004518,IL0004518,C00281,P0070,RP006,2025-03-11,Promotional,0.0457,3.31
REB0004519,T0004519,IL0004519,C00464,P0128,RP007,2025-07-11,Volume,0.002,1.35
REB0004520,T0004520,IL0004520,C00427,P0096,RP008,2025-02-18,Growth,0.0215,0.86
REB0004521,T0004521,IL0004521,C00399,P0057,RP009,2026-11-20,Promotional,0.0238,3.6
REB0004522,T0004522,IL0004522,C00317,P0006,RP010,2025-12-24,Volume,0.0267,37.87
REB0004523,T0004523,IL0004523,C00359,P0064,RP011,2026-08-10,Growth,0.0254,13.95
REB0004524,T0004524,IL0004524,C00167,P0040,RP012,2025-07-15,Promotional,0.001,2.51
REB0004525,T0004525,IL0004525,C00255,P0019,RP001,2025-10-06,Volume,0.0055,1.85
REB0004526,T0004526,IL0004526,C00214,P0035,RP002,2026-10-26,Growth,0.006,8.31
REB0004527,T0004527,IL0004527,C00464,P0138,RP003,2026-09-19,Promotional,0.027,16.1
REB0004528,T0004528,IL0004528,C00112,P0051,RP004,2026-01-31,Volume,0.0229,33.24
REB0004529,T0004529,IL0004529,C00390,P0137,RP005,2026-02-28,Growth,0.0198,36.21
REB0004530,T0004530,IL0004530,C00386,P0056,RP006,2026-12-18,Promotional,0.0029,0.76
REB0004531,T0004531,IL0004531,C00353,P0086,RP007,2026-07-11,Volume,0.025,12.94
REB0004532,T0004532,IL0004532,C00410,P0073,RP008,2025-04-20,Growth,0.0464,124.8
REB0004533,T0004533,IL0004533,C00219,P0105,RP009,2025-10-05,Promotional,0.0477,28.86
REB0004534,T0004534,IL0004534,C00201,P0110,RP010,2026-02-10,Volume,0.0183,23.97
REB0004535,T0004535,IL0004535,C00477,P0128,RP011,2026-05-25,Growth,0.033,33.8
REB0004536,T0004536,IL0004536,C00120,P0144,RP012,2025-05-16,Promotional,0.0281,16.5
REB0004537,T0004537,IL0004537,C00050,P0080,RP001,2026-02-06,Volume,0.0184,10.25
REB0004538,T0004538,IL0004538,C00045,P0093,RP002,2025-07-25,Growth,0.0063,1.01
REB0004539,T0004539,IL0004539,C00260,P0075,RP003,2026-05-12,Promotional,0.0434,16.64
REB0004540,T0004540,IL0004540,C00456,P0029,RP004,2026-09-28,Volume,0.0307,9.26
REB0004541,T0004541,IL0004541,C00485,P0134,RP005,2026-11-14,Growth,0.0383,7.92
REB0004542,T0004542,IL0004542,C00229,P0071,RP006,2025-11-11,Promotional,0.0231,15.13
REB0004543,T0004543,IL0004543,C00302,P0147,RP007,2026-05-12,Volume,0.0144,5.91
REB0004544,T0004544,IL0004544,C00134,P0086,RP008,2025-11-20,Growth,0.0057,1.69
REB0004545,T0004545,IL0004545,C00281,P0065,RP009,2025-11-15,Promotional,0.0248,9.97
REB0004546,T0004546,IL0004546,C00466,P0031,RP010,2026-09-14,Volume,0.0528,35.24
REB0004547,T0004547,IL0004547,C00314,P0025,RP011,2026-01-26,Growth,0.0164,39.86
REB0004548,T0004548,IL0004548,C00218,P0133,RP012,2026-05-02,Promotional,0.0345,1.75
REB0004549,T0004549,IL0004549,C00294,P0096,RP001,2025-04-24,Volume,0.0171,7.26
REB0004550,T0004550,IL0004550,C00184,P0084,RP002,2026-10-30,Growth,0.002,1.29
REB0004551,T0004551,IL0004551,C00433,P0133,RP003,2025-03-21,Promotional,0.0038,3.61
REB0004552,T0004552,IL0004552,C00366,P0044,RP004,2026-04-25,Volume,0.001,0.13
REB0004553,T0004553,IL0004553,C00002,P0061,RP005,2025-12-15,Growth,0.04,1.14
REB0004554,T0004554,IL0004554,C00246,P0060,RP006,2026-06-10,Promotional,0.0132,0.4
REB0004555,T0004555,IL0004555,C00106,P0128,RP007,2025-06-20,Volume,0.0114,18.31
REB0004556,T0004556,IL0004556,C00025,P0067,RP008,2026-08-23,Growth,0.023,12.71
REB0004557,T0004557,IL0004557,C00027,P0089,RP009,2025-07-30,Promotional,0.0203,33.77
REB0004558,T0004558,IL0004558,C00223,P0076,RP010,2026-08-25,Volume,0.0014,0.41
REB0004559,T0004559,IL0004559,C00452,P0003,RP011,2025-09-19,Growth,0.0469,7.87
REB0004560,T0004560,IL0004560,C00360,P0052,RP012,2025-04-02,Promotional,0.0538,53.26
REB0004561,T0004561,IL0004561,C00220,P0011,RP001,2025-06-27,Volume,0.0101,4.47
REB0004562,T0004562,IL0004562,C00312,P0049,RP002,2026-04-19,Growth,0.0309,54.26
REB0004563,T0004563,IL0004563,C00445,P0125,RP003,2025-10-13,Promotional,0.0219,14.36
REB0004564,T0004564,IL0004564,C00345,P0086,RP004,2026-06-10,Volume,0.0191,13.01
REB0004565,T0004565,IL0004565,C00086,P0033,RP005,2025-03-22,Growth,0.0284,11.32
REB0004566,T0004566,IL0004566,C00092,P0019,RP006,2025-09-26,Promotional,0.0159,20.38
REB0004567,T0004567,IL0004567,C00289,P0130,RP007,2025-10-23,Volume,0.0309,27.34
REB0004568,T0004568,IL0004568,C00019,P0050,RP008,2025-08-09,Growth,0.0194,26.81
REB0004569,T0004569,IL0004569,C00216,P0006,RP009,2026-01-24,Promotional,0.0404,93.92
REB0004570,T0004570,IL0004570,C00244,P0083,RP010,2026-01-02,Volume,0.0022,0.11
REB0004571,T0004571,IL0004571,C00367,P0036,RP011,2025-04-16,Growth,0.0447,86.22
REB0004572,T0004572,IL0004572,C00182,P0067,RP012,2026-07-23,Promotional,0.0127,19.3
REB0004573,T0004573,IL0004573,C00152,P0068,RP001,2025-04-27,Volume,0.0147,16.24
REB0004574,T0004574,IL0004574,C00253,P0141,RP002,2026-03-28,Growth,0.0351,5.94
REB0004575,T0004575,IL0004575,C00153,P0048,RP003,2026-07-04,Promotional,0.0436,33.16
REB0004576,T0004576,IL0004576,C00422,P0145,RP004,2026-02-01,Volume,0.0045,0.23
REB0004577,T0004577,IL0004577,C00182,P0076,RP005,2025-04-13,Growth,0.0401,15.44
REB0004578,T0004578,IL0004578,C00451,P0047,RP006,2025-01-07,Promotional,0.0128,11.63
REB0004579,T0004579,IL0004579,C00311,P0021,RP007,2026-06-06,Volume,0.0516,8.51
REB0004580,T0004580,IL0004580,C00342,P0135,RP008,2025-08-11,Growth,0.0312,104.56
REB0004581,T0004581,IL0004581,C00200,P0031,RP009,2025-10-07,Promotional,0.0005,0.65
REB0004582,T0004582,IL0004582,C00435,P0084,RP010,2026-05-22,Volume,0.0116,24.73
REB0004583,T0004583,IL0004583,C00259,P0103,RP011,2025-05-14,Growth,0.0203,27.72
REB0004584,T0004584,IL0004584,C00198,P0042,RP012,2025-04-02,Promotional,0.0467,12.73
REB0004585,T0004585,IL0004585,C00106,P0104,RP001,2026-04-18,Volume,0.0241,31.79
REB0004586,T0004586,IL0004586,C00339,P0037,RP002,2025-02-26,Growth,0.03,35.23
REB0004587,T0004587,IL0004587,C00312,P0049,RP003,2026-04-08,Promotional,0.0055,5.79
REB0004588,T0004588,IL0004588,C00087,P0089,RP004,2025-04-14,Volume,0.0003,0.07
REB0004589,T0004589,IL0004589,C00140,P0013,RP005,2026-11-30,Growth,0.0057,1.44
REB0004590,T0004590,IL0004590,C00341,P0021,RP006,2025-01-15,Promotional,0.0331,26.79
REB0004591,T0004591,IL0004591,C00456,P0047,RP007,2025-03-15,Volume,0.0379,32.0
REB0004592,T0004592,IL0004592,C00109,P0102,RP008,2025-12-15,Growth,0.0249,7.77
REB0004593,T0004593,IL0004593,C00476,P0147,RP009,2025-08-31,Promotional,0.0436,91.37
REB0004594,T0004594,IL0004594,C00292,P0026,RP010,2025-01-20,Volume,0.0423,21.71
REB0004595,T0004595,IL0004595,C00021,P0125,RP011,2026-07-04,Growth,0.0388,2.66
REB0004596,T0004596,IL0004596,C00426,P0082,RP012,2025-04-14,Promotional,0.0064,0.41
REB0004597,T0004597,IL0004597,C00123,P0128,RP001,2025-07-28,Volume,0.0356,6.44
REB0004598,T0004598,IL0004598,C00093,P0095,RP002,2026-04-17,Growth,0.0178,7.06
REB0004599,T0004599,IL0004599,C00173,P0098,RP003,2025-07-10,Promotional,0.0037,2.88
REB0004600,T0004600,IL0004600,C00047,P0107,RP004,2026-01-01,Volume,0.0381,32.66
REB0004601,T0004601,IL0004601,C00189,P0078,RP005,2025-03-30,Growth,0.0113,0.92
REB0004602,T0004602,IL0004602,C00127,P0020,RP006,2025-05-01,Promotional,0.0209,31.14
REB0004603,T0004603,IL0004603,C00101,P0085,RP007,2026-12-24,Volume,0.0075,4.9
REB0004604,T0004604,IL0004604,C00262,P0083,RP008,2025-11-13,Growth,0.0328,67.18
REB0004605,T0004605,IL0004605,C00123,P0057,RP009,2026-07-17,Promotional,0.0376,6.95
REB0004606,T0004606,IL0004606,C00101,P0020,RP010,2025-05-28,Volume,0.0277,4.68
REB0004607,T0004607,IL0004607,C00055,P0103,RP011,2025-01-15,Growth,0.0148,6.7
REB0004608,T0004608,IL0004608,C00065,P0098,RP012,2025-12-21,Promotional,0.0092,5.42
REB0004609,T0004609,IL0004609,C00485,P0067,RP001,2026-02-20,Volume,0.0519,22.21
REB0004610,T0004610,IL0004610,C00200,P0123,RP002,2025-11-10,Growth,0.0491,69.62
REB0004611,T0004611,IL0004611,C00315,P0144,RP003,2026-05-15,Promotional,0.0353,23.67
REB0004612,T0004612,IL0004612,C00198,P0019,RP004,2026-08-04,Volume,0.017,18.41
REB0004613,T0004613,IL0004613,C00379,P0011,RP005,2026-03-02,Growth,0.0083,8.7
REB0004614,T0004614,IL0004614,C00497,P0129,RP006,2025-06-11,Promotional,0.0047,5.53
REB0004615,T0004615,IL0004615,C00480,P0095,RP007,2026-11-20,Volume,0.0524,34.38
REB0004616,T0004616,IL0004616,C00172,P0012,RP008,2026-06-01,Growth,0.0424,10.94
REB0004617,T0004617,IL0004617,C00041,P0048,RP009,2025-03-14,Promotional,0.0076,3.18
REB0004618,T0004618,IL0004618,C00327,P0147,RP010,2026-01-07,Volume,0.054,22.94
REB0004619,T0004619,IL0004619,C00125,P0096,RP011,2025-07-29,Growth,0.0198,4.85
REB0004620,T0004620,IL0004620,C00299,P0128,RP012,2026-09-27,Promotional,0.0241,19.93
REB0004621,T0004621,IL0004621,C00421,P0041,RP001,2026-07-01,Volume,0.0071,1.16
REB0004622,T0004622,IL0004622,C00169,P0027,RP002,2026-02-22,Growth,0.0253,27.11
REB0004623,T0004623,IL0004623,C00196,P0136,RP003,2025-01-24,Promotional,0.0164,20.97
REB0004624,T0004624,IL0004624,C00225,P0037,RP004,2026-12-21,Volume,0.0006,0.49
REB0004625,T0004625,IL0004625,C00300,P0031,RP005,2025-08-12,Growth,0.0041,1.3
REB0004626,T0004626,IL0004626,C00011,P0087,RP006,2025-07-19,Promotional,0.0029,5.98
REB0004627,T0004627,IL0004627,C00050,P0043,RP007,2026-03-28,Volume,0.0286,84.03
REB0004628,T0004628,IL0004628,C00408,P0105,RP008,2025-04-25,Growth,0.0445,61.32
REB0004629,T0004629,IL0004629,C00443,P0030,RP009,2025-12-05,Promotional,0.0008,0.2
REB0004630,T0004630,IL0004630,C00040,P0010,RP010,2025-10-29,Volume,0.0401,50.42
REB0004631,T0004631,IL0004631,C00477,P0137,RP011,2026-01-04,Growth,0.0271,32.88
REB0004632,T0004632,IL0004632,C00366,P0112,RP012,2025-10-12,Promotional,0.0094,8.86
REB0004633,T0004633,IL0004633,C00455,P0046,RP001,2025-03-02,Volume,0.0471,27.38
REB0004634,T0004634,IL0004634,C00189,P0135,RP002,2026-07-19,Growth,0.0025,1.54
REB0004635,T0004635,IL0004635,C00325,P0102,RP003,2025-12-12,Promotional,0.0529,27.99
REB0004636,T0004636,IL0004636,C00220,P0059,RP004,2025-12-11,Volume,0.0249,30.95
REB0004637,T0004637,IL0004637,C00285,P0143,RP005,2026-10-11,Growth,0.0049,7.4
REB0004638,T0004638,IL0004638,C00118,P0079,RP006,2026-06-29,Promotional,0.0357,71.2
REB0004639,T0004639,IL0004639,C00322,P0143,RP007,2025-01-02,Volume,0.0063,6.9
REB0004640,T0004640,IL0004640,C00323,P0024,RP008,2025-11-15,Growth,0.0312,3.6
REB0004641,T0004641,IL0004641,C00289,P0106,RP009,2025-12-02,Promotional,0.0012,1.26
REB0004642,T0004642,IL0004642,C00116,P0064,RP010,2026-09-16,Volume,0.0049,0.73
REB0004643,T0004643,IL0004643,C00398,P0100,RP011,2026-03-30,Growth,0.0213,4.77
REB0004644,T0004644,IL0004644,C00160,P0138,RP012,2026-02-28,Promotional,0.017,3.31
REB0004645,T0004645,IL0004645,C00274,P0100,RP001,2025-04-19,Volume,0.0493,72.1
REB0004646,T0004646,IL0004646,C00256,P0119,RP002,2025-11-13,Growth,0.0108,4.42
REB0004647,T0004647,IL0004647,C00039,P0105,RP003,2026-08-20,Promotional,0.0262,25.93
REB0004648,T0004648,IL0004648,C00015,P0017,RP004,2026-10-02,Volume,0.029,7.35
REB0004649,T0004649,IL0004649,C00280,P0093,RP005,2026-12-16,Growth,0.04,35.89
REB0004650,T0004650,IL0004650,C00247,P0011,RP006,2025-11-09,Promotional,0.0229,9.0
REB0004651,T0004651,IL0004651,C00143,P0026,RP007,2026-12-11,Volume,0.0252,20.42
REB0004652,T0004652,IL0004652,C00072,P0010,RP008,2025-05-02,Growth,0.0185,0.39
REB0004653,T0004653,IL0004653,C00217,P0126,RP009,2026-08-07,Promotional,0.0397,36.01
REB0004654,T0004654,IL0004654,C00015,P0061,RP010,2025-12-24,Volume,0.0355,64.2
REB0004655,T0004655,IL0004655,C00221,P0133,RP011,2026-06-01,Growth,0.0089,0.63
REB0004656,T0004656,IL0004656,C00112,P0034,RP012,2026-01-18,Promotional,0.0301,0.17
REB0004657,T0004657,IL0004657,C00025,P0064,RP001,2025-01-08,Volume,0.0491,47.04
REB0004658,T0004658,IL0004658,C00022,P0087,RP002,2025-11-08,Growth,0.0302,44.68
REB0004659,T0004659,IL0004659,C00313,P0084,RP003,2025-02-17,Promotional,0.031,2.18
REB0004660,T0004660,IL0004660,C00399,P0148,RP004,2025-03-11,Volume,0.0147,34.79
REB0004661,T0004661,IL0004661,C00466,P0107,RP005,2026-08-24,Growth,0.0532,93.21
REB0004662,T0004662,IL0004662,C00095,P0106,RP006,2025-11-22,Promotional,0.0343,56.93
REB0004663,T0004663,IL0004663,C00237,P0139,RP007,2026-09-21,Volume,0.0142,5.32
REB0004664,T0004664,IL0004664,C00019,P0093,RP008,2026-04-29,Growth,0.0023,5.78
REB0004665,T0004665,IL0004665,C00042,P0140,RP009,2026-07-02,Promotional,0.0529,112.9
REB0004666,T0004666,IL0004666,C00058,P0148,RP010,2026-08-11,Volume,0.0393,60.31
REB0004667,T0004667,IL0004667,C00429,P0138,RP011,2025-10-11,Growth,0.0365,26.75
REB0004668,T0004668,IL0004668,C00200,P0046,RP012,2025-10-27,Promotional,0.0197,30.97
REB0004669,T0004669,IL0004669,C00084,P0124,RP001,2026-11-11,Volume,0.0168,2.51
REB0004670,T0004670,IL0004670,C00412,P0064,RP002,2025-10-18,Growth,0.0504,19.37
REB0004671,T0004671,IL0004671,C00053,P0125,RP003,2026-03-05,Promotional,0.0002,0.02
REB0004672,T0004672,IL0004672,C00329,P0129,RP004,2026-09-18,Volume,0.0316,35.58
REB0004673,T0004673,IL0004673,C00207,P0042,RP005,2025-12-26,Growth,0.0548,110.96
REB0004674,T0004674,IL0004674,C00233,P0088,RP006,2025-12-21,Promotional,0.0151,0.21
REB0004675,T0004675,IL0004675,C00349,P0061,RP007,2026-01-27,Volume,0.0239,39.28
REB0004676,T0004676,IL0004676,C00059,P0116,RP008,2025-06-17,Growth,0.031,58.85
REB0004677,T0004677,IL0004677,C00329,P0123,RP009,2025-08-21,Promotional,0.037,7.04
REB0004678,T0004678,IL0004678,C00099,P0037,RP010,2026-09-15,Volume,0.027,66.63
REB0004679,T0004679,IL0004679,C00167,P0053,RP011,2026-07-13,Growth,0.0086,2.44
REB0004680,T0004680,IL0004680,C00373,P0010,RP012,2026-07-18,Promotional,0.0241,25.0
REB0004681,T0004681,IL0004681,C00191,P0101,RP001,2026-07-17,Volume,0.0076,2.38
REB0004682,T0004682,IL0004682,C00434,P0144,RP002,2025-05-11,Growth,0.027,6.58
REB0004683,T0004683,IL0004683,C00247,P0136,RP003,2026-04-24,Promotional,0.0308,13.49
REB0004684,T0004684,IL0004684,C00399,P0051,RP004,2026-02-22,Volume,0.001,1.79
REB0004685,T0004685,IL0004685,C00255,P0125,RP005,2025-07-03,Growth,0.0278,66.6
REB0004686,T0004686,IL0004686,C00374,P0045,RP006,2025-10-17,Promotional,0.0178,24.62
REB0004687,T0004687,IL0004687,C00208,P0054,RP007,2025-03-13,Volume,0.0175,15.66
REB0004688,T0004688,IL0004688,C00457,P0019,RP008,2025-10-28,Growth,0.0266,14.76
REB0004689,T0004689,IL0004689,C00261,P0110,RP009,2026-11-08,Promotional,0.0444,27.08
REB0004690,T0004690,IL0004690,C00291,P0061,RP010,2025-12-25,Volume,0.0378,46.02
REB0004691,T0004691,IL0004691,C00040,P0035,RP011,2025-11-12,Growth,0.0362,79.19
REB0004692,T0004692,IL0004692,C00495,P0051,RP012,2026-04-09,Promotional,0.0449,13.07
REB0004693,T0004693,IL0004693,C00110,P0021,RP001,2025-03-26,Volume,0.0286,1.09
REB0004694,T0004694,IL0004694,C00499,P0081,RP002,2026-03-30,Growth,0.0355,36.38
REB0004695,T0004695,IL0004695,C00097,P0033,RP003,2025-03-11,Promotional,0.0319,83.1
REB0004696,T0004696,IL0004696,C00301,P0132,RP004,2026-01-02,Volume,0.0274,26.81
REB0004697,T0004697,IL0004697,C00262,P0070,RP005,2025-11-20,Growth,0.0257,12.66
REB0004698,T0004698,IL0004698,C00269,P0071,RP006,2026-09-17,Promotional,0.0034,6.38
REB0004699,T0004699,IL0004699,C00269,P0051,RP007,2026-04-24,Volume,0.0396,19.58
REB0004700,T0004700,IL0004700,C00284,P0128,RP008,2026-08-28,Growth,0.0533,26.65
REB0004701,T0004701,IL0004701,C00352,P0011,RP009,2025-05-24,Promotional,0.0455,23.19
REB0004702,T0004702,IL0004702,C00020,P0047,RP010,2025-05-22,Volume,0.0279,38.19
REB0004703,T0004703,IL0004703,C00149,P0028,RP011,2025-11-29,Growth,0.0422,18.04
REB0004704,T0004704,IL0004704,C00315,P0014,RP012,2025-03-21,Promotional,0.0262,7.33
REB0004705,T0004705,IL0004705,C00123,P0042,RP001,2025-10-21,Volume,0.015,39.52
REB0004706,T0004706,IL0004706,C00072,P0056,RP002,2025-08-02,Growth,0.0133,40.06
REB0004707,T0004707,IL0004707,C00383,P0092,RP003,2025-02-26,Promotional,0.0409,47.08
REB0004708,T0004708,IL0004708,C00077,P0036,RP004,2026-07-13,Volume,0.0044,0.81
REB0004709,T0004709,IL0004709,C00315,P0134,RP005,2026-05-29,Growth,0.0147,10.51
REB0004710,T0004710,IL0004710,C00340,P0106,RP006,2025-01-22,Promotional,0.0402,7.26
REB0004711,T0004711,IL0004711,C00130,P0088,RP007,2025-11-04,Volume,0.0057,5.78
REB0004712,T0004712,IL0004712,C00410,P0135,RP008,2026-03-02,Growth,0.0213,4.63
REB0004713,T0004713,IL0004713,C00293,P0072,RP009,2025-08-25,Promotional,0.0444,45.85
REB0004714,T0004714,IL0004714,C00348,P0089,RP010,2026-07-23,Volume,0.0442,23.54
REB0004715,T0004715,IL0004715,C00311,P0040,RP011,2025-03-14,Growth,0.0302,12.92
REB0004716,T0004716,IL0004716,C00016,P0126,RP012,2026-07-15,Promotional,0.0393,98.46
REB0004717,T0004717,IL0004717,C00320,P0081,RP001,2026-10-27,Volume,0.0452,1.44
REB0004718,T0004718,IL0004718,C00365,P0062,RP002,2026-11-09,Growth,0.0095,4.57
REB0004719,T0004719,IL0004719,C00242,P0002,RP003,2026-06-05,Promotional,0.0542,0.28
REB0004720,T0004720,IL0004720,C00301,P0061,RP004,2026-07-09,Volume,0.0291,26.06
REB0004721,T0004721,IL0004721,C00428,P0004,RP005,2025-04-30,Growth,0.0256,21.88
REB0004722,T0004722,IL0004722,C00464,P0125,RP006,2025-05-05,Promotional,0.0405,14.11
REB0004723,T0004723,IL0004723,C00368,P0110,RP007,2026-04-19,Volume,0.0011,0.6
REB0004724,T0004724,IL0004724,C00461,P0088,RP008,2025-11-09,Growth,0.0255,49.37
REB0004725,T0004725,IL0004725,C00179,P0040,RP009,2026-11-20,Promotional,0.0142,5.23
REB0004726,T0004726,IL0004726,C00196,P0138,RP010,2025-11-03,Volume,0.0403,45.08
REB0004727,T0004727,IL0004727,C00085,P0130,RP011,2025-10-12,Growth,0.0458,0.28
REB0004728,T0004728,IL0004728,C00098,P0115,RP012,2025-09-27,Promotional,0.0132,11.09
REB0004729,T0004729,IL0004729,C00434,P0139,RP001,2025-11-29,Volume,0.0353,24.15
REB0004730,T0004730,IL0004730,C00169,P0012,RP002,2025-10-03,Growth,0.0254,16.56
REB0004731,T0004731,IL0004731,C00358,P0013,RP003,2025-02-13,Promotional,0.0067,0.82
REB0004732,T0004732,IL0004732,C00312,P0062,RP004,2026-05-27,Volume,0.0366,30.44
REB0004733,T0004733,IL0004733,C00329,P0100,RP005,2026-08-26,Growth,0.0193,9.84
REB0004734,T0004734,IL0004734,C00256,P0087,RP006,2026-01-15,Promotional,0.0511,15.44
REB0004735,T0004735,IL0004735,C00252,P0014,RP007,2025-07-17,Volume,0.0176,9.39
REB0004736,T0004736,IL0004736,C00260,P0094,RP008,2025-09-08,Growth,0.0088,3.39
REB0004737,T0004737,IL0004737,C00034,P0121,RP009,2025-02-17,Promotional,0.0037,1.51
REB0004738,T0004738,IL0004738,C00405,P0145,RP010,2025-10-29,Volume,0.0021,0.25
REB0004739,T0004739,IL0004739,C00240,P0081,RP011,2026-05-08,Growth,0.0239,0.32
REB0004740,T0004740,IL0004740,C00207,P0026,RP012,2026-01-29,Promotional,0.0388,30.27
REB0004741,T0004741,IL0004741,C00185,P0144,RP001,2025-08-13,Volume,0.038,3.64
REB0004742,T0004742,IL0004742,C00257,P0105,RP002,2025-05-18,Growth,0.0176,5.56
REB0004743,T0004743,IL0004743,C00338,P0071,RP003,2025-11-21,Promotional,0.0016,3.34
REB0004744,T0004744,IL0004744,C00341,P0040,RP004,2026-08-11,Volume,0.044,49.85
REB0004745,T0004745,IL0004745,C00398,P0118,RP005,2026-07-20,Growth,0.0159,24.81
REB0004746,T0004746,IL0004746,C00179,P0060,RP006,2026-06-15,Promotional,0.0334,100.94
REB0004747,T0004747,IL0004747,C00480,P0116,RP007,2025-06-17,Volume,0.0459,109.17
REB0004748,T0004748,IL0004748,C00041,P0143,RP008,2026-05-29,Growth,0.0249,38.73
REB0004749,T0004749,IL0004749,C00028,P0126,RP009,2025-06-28,Promotional,0.0547,17.62
REB0004750,T0004750,IL0004750,C00328,P0136,RP010,2025-10-06,Volume,0.0455,4.8
REB0004751,T0004751,IL0004751,C00087,P0031,RP011,2026-10-16,Growth,0.0052,10.21
REB0004752,T0004752,IL0004752,C00293,P0042,RP012,2026-10-20,Promotional,0.0043,6.15
REB0004753,T0004753,IL0004753,C00148,P0064,RP001,2025-09-30,Volume,0.0402,95.24
REB0004754,T0004754,IL0004754,C00456,P0026,RP002,2026-08-11,Growth,0.0519,126.71
REB0004755,T0004755,IL0004755,C00477,P0027,RP003,2025-02-15,Promotional,0.0102,15.31
REB0004756,T0004756,IL0004756,C00115,P0134,RP004,2025-08-18,Volume,0.0349,30.14
REB0004757,T0004757,IL0004757,C00194,P0104,RP005,2025-05-19,Growth,0.0312,18.5
REB0004758,T0004758,IL0004758,C00346,P0007,RP006,2026-04-09,Promotional,0.0498,89.2
REB0004759,T0004759,IL0004759,C00231,P0114,RP007,2026-09-04,Volume,0.0436,62.31
REB0004760,T0004760,IL0004760,C00018,P0106,RP008,2025-11-22,Growth,0.0129,2.53
REB0004761,T0004761,IL0004761,C00354,P0024,RP009,2025-10-17,Promotional,0.0247,33.51
REB0004762,T0004762,IL0004762,C00134,P0104,RP010,2026-01-12,Volume,0.0516,22.92
REB0004763,T0004763,IL0004763,C00264,P0113,RP011,2025-12-07,Growth,0.0541,44.03
REB0004764,T0004764,IL0004764,C00337,P0089,RP012,2026-08-26,Promotional,0.0287,36.93
REB0004765,T0004765,IL0004765,C00375,P0150,RP001,2026-09-05,Volume,0.0046,0.18
REB0004766,T0004766,IL0004766,C00041,P0145,RP002,2026-10-02,Growth,0.0534,88.38
REB0004767,T0004767,IL0004767,C00361,P0113,RP003,2025-04-25,Promotional,0.0207,22.87
REB0004768,T0004768,IL0004768,C00497,P0065,RP004,2025-02-18,Volume,0.0425,98.2
REB0004769,T0004769,IL0004769,C00195,P0042,RP005,2026-09-14,Growth,0.0466,15.73
REB0004770,T0004770,IL0004770,C00033,P0020,RP006,2025-03-05,Promotional,0.0183,8.77
REB0004771,T0004771,IL0004771,C00244,P0021,RP007,2025-02-16,Volume,0.0043,13.17
REB0004772,T0004772,IL0004772,C00161,P0009,RP008,2025-02-03,Growth,0.026,20.41
REB0004773,T0004773,IL0004773,C00132,P0023,RP009,2026-12-25,Promotional,0.0047,9.61
REB0004774,T0004774,IL0004774,C00187,P0020,RP010,2025-12-15,Volume,0.0223,30.42
REB0004775,T0004775,IL0004775,C00211,P0079,RP011,2026-06-09,Growth,0.0144,12.74
REB0004776,T0004776,IL0004776,C00001,P0017,RP012,2026-10-30,Promotional,0.0011,0.26
REB0004777,T0004777,IL0004777,C00400,P0123,RP001,2026-10-03,Volume,0.0035,6.87
REB0004778,T0004778,IL0004778,C00281,P0111,RP002,2025-10-10,Growth,0.0013,0.38
REB0004779,T0004779,IL0004779,C00427,P0134,RP003,2025-03-19,Promotional,0.0084,2.06
REB0004780,T0004780,IL0004780,C00400,P0053,RP004,2025-04-11,Volume,0.0321,12.37
REB0004781,T0004781,IL0004781,C00386,P0061,RP005,2025-10-14,Growth,0.0308,37.52
REB0004782,T0004782,IL0004782,C00477,P0025,RP006,2025-02-19,Promotional,0.0362,13.11
REB0004783,T0004783,IL0004783,C00113,P0035,RP007,2026-08-20,Volume,0.054,54.86
REB0004784,T0004784,IL0004784,C00381,P0028,RP008,2026-08-11,Growth,0.0486,114.67
REB0004785,T0004785,IL0004785,C00263,P0055,RP009,2025-04-26,Promotional,0.0049,1.58
REB0004786,T0004786,IL0004786,C00005,P0126,RP010,2026-03-24,Volume,0.0477,3.8
REB0004787,T0004787,IL0004787,C00063,P0064,RP011,2026-08-02,Growth,0.0237,13.01
REB0004788,T0004788,IL0004788,C00368,P0080,RP012,2025-05-21,Promotional,0.0381,4.69
REB0004789,T0004789,IL0004789,C00255,P0024,RP001,2026-11-13,Volume,0.0043,3.02
REB0004790,T0004790,IL0004790,C00417,P0025,RP002,2025-06-14,Growth,0.0288,13.88
REB0004791,T0004791,IL0004791,C00328,P0113,RP003,2026-11-07,Promotional,0.0527,43.68
REB0004792,T0004792,IL0004792,C00372,P0055,RP004,2026-07-24,Volume,0.0162,37.15
REB0004793,T0004793,IL0004793,C00144,P0123,RP005,2026-07-09,Growth,0.0243,0.56
REB0004794,T0004794,IL0004794,C00235,P0077,RP006,2025-12-19,Promotional,0.0097,15.76
REB0004795,T0004795,IL0004795,C00340,P0138,RP007,2025-10-03,Volume,0.0203,24.88
REB0004796,T0004796,IL0004796,C00231,P0124,RP008,2026-09-11,Growth,0.0409,33.74
REB0004797,T0004797,IL0004797,C00178,P0001,RP009,2025-07-02,Promotional,0.0363,86.53
REB0004798,T0004798,IL0004798,C00281,P0122,RP010,2025-10-20,Volume,0.0064,5.91
REB0004799,T0004799,IL0004799,C00122,P0002,RP011,2026-11-26,Growth,0.0308,44.62
REB0004800,T0004800,IL0004800,C00258,P0002,RP012,2026-10-19,Promotional,0.0319,51.41
REB0004801,T0004801,IL0004801,C00361,P0071,RP001,2026-10-25,Volume,0.0045,3.47
REB0004802,T0004802,IL0004802,C00067,P0149,RP002,2026-08-18,Growth,0.0503,18.12
REB0004803,T0004803,IL0004803,C00433,P0093,RP003,2025-05-20,Promotional,0.0289,95.06
REB0004804,T0004804,IL0004804,C00129,P0055,RP004,2026-11-15,Volume,0.0165,33.69
REB0004805,T0004805,IL0004805,C00017,P0004,RP005,2026-10-20,Growth,0.0191,42.59
REB0004806,T0004806,IL0004806,C00007,P0130,RP006,2026-01-26,Promotional,0.0525,140.68
REB0004807,T0004807,IL0004807,C00400,P0048,RP007,2025-03-28,Volume,0.053,72.2
REB0004808,T0004808,IL0004808,C00296,P0072,RP008,2025-10-24,Growth,0.0494,24.56
REB0004809,T0004809,IL0004809,C00128,P0121,RP009,2026-05-16,Promotional,0.0415,53.91
REB0004810,T0004810,IL0004810,C00267,P0053,RP010,2025-10-13,Volume,0.0378,37.06
REB0004811,T0004811,IL0004811,C00172,P0080,RP011,2025-03-18,Growth,0.0508,120.22
REB0004812,T0004812,IL0004812,C00404,P0149,RP012,2025-03-25,Promotional,0.0257,46.13
REB0004813,T0004813,IL0004813,C00382,P0013,RP001,2026-12-23,Volume,0.0192,9.98
REB0004814,T0004814,IL0004814,C00137,P0003,RP002,2025-07-26,Growth,0.0299,6.57
REB0004815,T0004815,IL0004815,C00338,P0070,RP003,2025-04-23,Promotional,0.0167,26.65
REB0004816,T0004816,IL0004816,C00268,P0129,RP004,2026-12-15,Volume,0.0343,43.69
REB0004817,T0004817,IL0004817,C00061,P0122,RP005,2025-12-10,Growth,0.0066,3.95
REB0004818,T0004818,IL0004818,C00012,P0001,RP006,2025-09-28,Promotional,0.0003,0.51
REB0004819,T0004819,IL0004819,C00121,P0041,RP007,2025-10-05,Volume,0.0404,65.32
REB0004820,T0004820,IL0004820,C00062,P0149,RP008,2026-05-29,Growth,0.0545,108.63
REB0004821,T0004821,IL0004821,C00297,P0143,RP009,2026-02-15,Promotional,0.0525,21.14
REB0004822,T0004822,IL0004822,C00026,P0135,RP010,2025-10-07,Volume,0.022,0.9
REB0004823,T0004823,IL0004823,C00479,P0049,RP011,2025-07-12,Growth,0.044,52.04
REB0004824,T0004824,IL0004824,C00363,P0013,RP012,2025-09-01,Promotional,0.0015,0.2
REB0004825,T0004825,IL0004825,C00193,P0115,RP001,2025-03-03,Volume,0.0054,1.17
REB0004826,T0004826,IL0004826,C00277,P0098,RP002,2025-01-27,Growth,0.038,36.13
REB0004827,T0004827,IL0004827,C00187,P0112,RP003,2026-06-22,Promotional,0.0505,30.11
REB0004828,T0004828,IL0004828,C00265,P0141,RP004,2026-02-25,Volume,0.0409,2.15
REB0004829,T0004829,IL0004829,C00123,P0046,RP005,2026-11-19,Growth,0.0013,0.39
REB0004830,T0004830,IL0004830,C00066,P0064,RP006,2026-03-10,Promotional,0.0356,25.98
REB0004831,T0004831,IL0004831,C00238,P0108,RP007,2026-03-27,Volume,0.0277,51.02
REB0004832,T0004832,IL0004832,C00401,P0005,RP008,2026-03-22,Growth,0.019,25.18
REB0004833,T0004833,IL0004833,C00174,P0066,RP009,2025-07-08,Promotional,0.0366,43.4
REB0004834,T0004834,IL0004834,C00294,P0005,RP010,2025-09-18,Volume,0.0184,2.59
REB0004835,T0004835,IL0004835,C00088,P0096,RP011,2026-03-09,Growth,0.0338,10.32
REB0004836,T0004836,IL0004836,C00500,P0013,RP012,2026-08-20,Promotional,0.0083,8.53
REB0004837,T0004837,IL0004837,C00054,P0083,RP001,2025-09-04,Volume,0.0306,6.39
REB0004838,T0004838,IL0004838,C00408,P0122,RP002,2025-03-01,Growth,0.0439,40.1
REB0004839,T0004839,IL0004839,C00072,P0038,RP003,2026-08-06,Promotional,0.0471,26.67
REB0004840,T0004840,IL0004840,C00001,P0022,RP004,2026-03-06,Volume,0.0037,2.21
REB0004841,T0004841,IL0004841,C00098,P0086,RP005,2025-04-11,Growth,0.0045,3.11
REB0004842,T0004842,IL0004842,C00104,P0034,RP006,2025-08-07,Promotional,0.0024,0.17
REB0004843,T0004843,IL0004843,C00009,P0117,RP007,2025-11-13,Volume,0.0121,36.05
REB0004844,T0004844,IL0004844,C00260,P0057,RP008,2026-12-15,Growth,0.0485,27.27
REB0004845,T0004845,IL0004845,C00278,P0061,RP009,2025-09-22,Promotional,0.0451,33.59
REB0004846,T0004846,IL0004846,C00240,P0017,RP010,2026-06-18,Volume,0.0114,6.34
REB0004847,T0004847,IL0004847,C00366,P0132,RP011,2026-07-20,Growth,0.0046,0.84
REB0004848,T0004848,IL0004848,C00251,P0068,RP012,2025-12-11,Promotional,0.0057,4.4
REB0004849,T0004849,IL0004849,C00008,P0020,RP001,2025-10-25,Volume,0.0547,135.25
REB0004850,T0004850,IL0004850,C00378,P0100,RP002,2026-03-24,Growth,0.0057,2.58
REB0004851,T0004851,IL0004851,C00500,P0094,RP003,2025-11-09,Promotional,0.0209,5.92
REB0004852,T0004852,IL0004852,C00107,P0002,RP004,2025-06-26,Volume,0.0532,9.93
REB0004853,T0004853,IL0004853,C00112,P0050,RP005,2025-08-22,Growth,0.0409,17.56
REB0004854,T0004854,IL0004854,C00083,P0114,RP006,2026-09-21,Promotional,0.0236,21.04
REB0004855,T0004855,IL0004855,C00404,P0030,RP007,2026-12-17,Volume,0.0135,36.72
REB0004856,T0004856,IL0004856,C00490,P0068,RP008,2025-02-01,Growth,0.0027,0.07
REB0004857,T0004857,IL0004857,C00416,P0103,RP009,2026-07-02,Promotional,0.0115,0.52
REB0004858,T0004858,IL0004858,C00399,P0136,RP010,2026-12-24,Volume,0.0187,57.63
REB0004859,T0004859,IL0004859,C00444,P0006,RP011,2026-07-12,Growth,0.0254,38.37
REB0004860,T0004860,IL0004860,C00493,P0043,RP012,2025-12-27,Promotional,0.0091,4.78
REB0004861,T0004861,IL0004861,C00233,P0067,RP001,2025-09-23,Volume,0.0146,5.7
REB0004862,T0004862,IL0004862,C00081,P0038,RP002,2026-07-26,Growth,0.0315,26.72
REB0004863,T0004863,IL0004863,C00275,P0078,RP003,2025-11-06,Promotional,0.048,80.47
REB0004864,T0004864,IL0004864,C00091,P0031,RP004,2025-09-26,Volume,0.0073,3.88
REB0004865,T0004865,IL0004865,C00044,P0070,RP005,2026-08-17,Growth,0.0218,12.68
REB0004866,T0004866,IL0004866,C00166,P0068,RP006,2025-12-27,Promotional,0.046,36.79
REB0004867,T0004867,IL0004867,C00407,P0120,RP007,2026-02-28,Volume,0.0309,4.79
REB0004868,T0004868,IL0004868,C00205,P0144,RP008,2025-09-19,Growth,0.0521,5.58
REB0004869,T0004869,IL0004869,C00401,P0150,RP009,2026-11-07,Promotional,0.0453,137.08
REB0004870,T0004870,IL0004870,C00007,P0114,RP010,2025-11-25,Volume,0.0006,0.61
REB0004871,T0004871,IL0004871,C00045,P0068,RP011,2026-12-03,Growth,0.0539,21.43
REB0004872,T0004872,IL0004872,C00386,P0101,RP012,2026-12-25,Promotional,0.0278,66.91
REB0004873,T0004873,IL0004873,C00210,P0090,RP001,2026-01-07,Volume,0.0019,1.9
REB0004874,T0004874,IL0004874,C00134,P0083,RP002,2026-07-12,Growth,0.0078,4.95
REB0004875,T0004875,IL0004875,C00332,P0129,RP003,2026-06-18,Promotional,0.0528,27.3
REB0004876,T0004876,IL0004876,C00317,P0060,RP004,2026-06-17,Volume,0.0392,93.92
REB0004877,T0004877,IL0004877,C00415,P0128,RP005,2025-03-12,Growth,0.0439,97.31
REB0004878,T0004878,IL0004878,C00281,P0041,RP006,2026-12-15,Promotional,0.0376,15.52
REB0004879,T0004879,IL0004879,C00247,P0125,RP007,2026-11-11,Volume,0.0102,14.05
REB0004880,T0004880,IL0004880,C00073,P0024,RP008,2025-04-29,Growth,0.0186,14.99
REB0004881,T0004881,IL0004881,C00200,P0110,RP009,2025-09-22,Promotional,0.0504,33.29
REB0004882,T0004882,IL0004882,C00264,P0045,RP010,2025-10-02,Volume,0.0181,1.74
REB0004883,T0004883,IL0004883,C00192,P0082,RP011,2025-12-22,Growth,0.0406,6.25
REB0004884,T0004884,IL0004884,C00451,P0091,RP012,2025-11-29,Promotional,0.0445,0.29
REB0004885,T0004885,IL0004885,C00028,P0119,RP001,2026-02-06,Volume,0.0317,27.99
REB0004886,T0004886,IL0004886,C00325,P0144,RP002,2026-06-29,Growth,0.022,27.05
REB0004887,T0004887,IL0004887,C00272,P0089,RP003,2025-07-04,Promotional,0.0116,16.12
REB0004888,T0004888,IL0004888,C00222,P0060,RP004,2025-04-08,Volume,0.0389,2.52
REB0004889,T0004889,IL0004889,C00438,P0090,RP005,2026-10-15,Growth,0.0488,35.95
REB0004890,T0004890,IL0004890,C00243,P0144,RP006,2026-03-30,Promotional,0.0054,0.3
REB0004891,T0004891,IL0004891,C00088,P0076,RP007,2025-09-29,Volume,0.0422,61.54
REB0004892,T0004892,IL0004892,C00441,P0133,RP008,2026-06-09,Growth,0.0043,10.13
REB0004893,T0004893,IL0004893,C00069,P0030,RP009,2025-06-14,Promotional,0.0219,38.58
REB0004894,T0004894,IL0004894,C00434,P0104,RP010,2026-05-05,Volume,0.032,3.23
REB0004895,T0004895,IL0004895,C00463,P0081,RP011,2025-04-15,Growth,0.0257,22.33
REB0004896,T0004896,IL0004896,C00143,P0027,RP012,2026-04-13,Promotional,0.0404,23.31
REB0004897,T0004897,IL0004897,C00106,P0114,RP001,2026-03-06,Volume,0.0388,29.54
REB0004898,T0004898,IL0004898,C00416,P0096,RP002,2026-08-25,Growth,0.0272,6.48
REB0004899,T0004899,IL0004899,C00140,P0053,RP003,2025-09-11,Promotional,0.0091,2.54
REB0004900,T0004900,IL0004900,C00061,P0069,RP004,2026-12-12,Volume,0.0071,0.95
REB0004901,T0004901,IL0004901,C00133,P0144,RP005,2026-04-24,Growth,0.0323,42.39
REB0004902,T0004902,IL0004902,C00029,P0048,RP006,2026-05-28,Promotional,0.0144,4.55
REB0004903,T0004903,IL0004903,C00384,P0128,RP007,2025-01-26,Volume,0.0148,7.92
REB0004904,T0004904,IL0004904,C00092,P0080,RP008,2025-10-09,Growth,0.0346,12.57
REB0004905,T0004905,IL0004905,C00311,P0034,RP009,2026-03-23,Promotional,0.0072,16.27
REB0004906,T0004906,IL0004906,C00332,P0113,RP010,2026-06-20,Volume,0.0455,120.96
REB0004907,T0004907,IL0004907,C00226,P0093,RP011,2026-08-20,Growth,0.0111,8.03
REB0004908,T0004908,IL0004908,C00257,P0012,RP012,2026-09-02,Promotional,0.0248,28.21
REB0004909,T0004909,IL0004909,C00497,P0071,RP001,2026-07-20,Volume,0.0444,12.87
REB0004910,T0004910,IL0004910,C00042,P0089,RP002,2025-12-01,Growth,0.001,1.87
REB0004911,T0004911,IL0004911,C00128,P0133,RP003,2025-05-13,Promotional,0.0095,0.86
REB0004912,T0004912,IL0004912,C00072,P0069,RP004,2026-07-20,Volume,0.0082,10.0
REB0004913,T0004913,IL0004913,C00205,P0006,RP005,2025-04-16,Growth,0.0498,78.4
REB0004914,T0004914,IL0004914,C00116,P0079,RP006,2025-05-28,Promotional,0.0467,12.26
REB0004915,T0004915,IL0004915,C00042,P0066,RP007,2026-11-15,Volume,0.009,8.3
REB0004916,T0004916,IL0004916,C00218,P0102,RP008,2025-11-05,Growth,0.0421,67.47
REB0004917,T0004917,IL0004917,C00123,P0059,RP009,2025-04-24,Promotional,0.0429,59.23
REB0004918,T0004918,IL0004918,C00068,P0040,RP010,2026-04-03,Volume,0.05,6.99
REB0004919,T0004919,IL0004919,C00396,P0066,RP011,2025-09-27,Growth,0.011,7.86
REB0004920,T0004920,IL0004920,C00332,P0014,RP012,2026-01-09,Promotional,0.0122,12.33
REB0004921,T0004921,IL0004921,C00205,P0002,RP001,2025-02-23,Volume,0.0525,5.0
REB0004922,T0004922,IL0004922,C00183,P0149,RP002,2026-06-04,Growth,0.0501,118.97
REB0004923,T0004923,IL0004923,C00114,P0129,RP003,2025-12-07,Promotional,0.0136,31.12
REB0004924,T0004924,IL0004924,C00401,P0015,RP004,2025-10-26,Volume,0.0209,33.36
REB0004925,T0004925,IL0004925,C00062,P0040,RP005,2026-06-22,Growth,0.002,3.39
REB0004926,T0004926,IL0004926,C00337,P0035,RP006,2025-09-26,Promotional,0.0494,44.37
REB0004927,T0004927,IL0004927,C00426,P0006,RP007,2026-12-11,Volume,0.0215,7.09
REB0004928,T0004928,IL0004928,C00023,P0108,RP008,2025-04-25,Growth,0.0333,52.4
REB0004929,T0004929,IL0004929,C00486,P0032,RP009,2026-05-18,Promotional,0.0391,73.32
REB0004930,T0004930,IL0004930,C00385,P0148,RP010,2025-10-21,Volume,0.0005,0.48
REB0004931,T0004931,IL0004931,C00413,P0031,RP011,2026-05-07,Growth,0.0339,50.5
REB0004932,T0004932,IL0004932,C00098,P0095,RP012,2025-01-11,Promotional,0.0121,2.41
REB0004933,T0004933,IL0004933,C00015,P0070,RP001,2026-12-13,Volume,0.006,11.75
REB0004934,T0004934,IL0004934,C00237,P0059,RP002,2026-08-03,Growth,0.0289,20.41
REB0004935,T0004935,IL0004935,C00340,P0148,RP003,2026-12-19,Promotional,0.0231,14.07
REB0004936,T0004936,IL0004936,C00213,P0051,RP004,2026-07-30,Volume,0.0502,38.06
REB0004937,T0004937,IL0004937,C00333,P0098,RP005,2026-04-24,Growth,0.015,36.34
REB0004938,T0004938,IL0004938,C00022,P0028,RP006,2025-03-25,Promotional,0.0178,19.14
REB0004939,T0004939,IL0004939,C00383,P0012,RP007,2026-06-01,Volume,0.0123,6.83
REB0004940,T0004940,IL0004940,C00249,P0096,RP008,2025-07-04,Growth,0.0428,21.05
REB0004941,T0004941,IL0004941,C00036,P0031,RP009,2025-09-05,Promotional,0.0475,20.82
REB0004942,T0004942,IL0004942,C00407,P0150,RP010,2026-01-10,Volume,0.028,11.14
REB0004943,T0004943,IL0004943,C00488,P0101,RP011,2025-11-05,Growth,0.021,18.04
REB0004944,T0004944,IL0004944,C00401,P0130,RP012,2026-03-24,Promotional,0.0434,11.57
REB0004945,T0004945,IL0004945,C00385,P0050,RP001,2026-05-07,Volume,0.0504,2.59
REB0004946,T0004946,IL0004946,C00012,P0009,RP002,2025-01-14,Growth,0.046,72.71
REB0004947,T0004947,IL0004947,C00328,P0065,RP003,2026-05-04,Promotional,0.0101,16.58
REB0004948,T0004948,IL0004948,C00119,P0039,RP004,2025-07-23,Volume,0.0203,55.38
REB0004949,T0004949,IL0004949,C00468,P0124,RP005,2025-10-17,Growth,0.0096,13.8
REB0004950,T0004950,IL0004950,C00236,P0020,RP006,2026-12-04,Promotional,0.0247,3.9
REB0004951,T0004951,IL0004951,C00349,P0097,RP007,2025-01-06,Volume,0.0091,5.99
REB0004952,T0004952,IL0004952,C00369,P0053,RP008,2025-11-21,Growth,0.0016,2.69
REB0004953,T0004953,IL0004953,C00483,P0042,RP009,2025-03-26,Promotional,0.0305,14.2
REB0004954,T0004954,IL0004954,C00088,P0044,RP010,2026-02-03,Volume,0.0438,17.31
REB0004955,T0004955,IL0004955,C00345,P0047,RP011,2026-05-14,Growth,0.0492,48.21
REB0004956,T0004956,IL0004956,C00023,P0068,RP012,2025-03-01,Promotional,0.0275,3.27
REB0004957,T0004957,IL0004957,C00204,P0108,RP001,2026-09-25,Volume,0.027,40.32
REB0004958,T0004958,IL0004958,C00449,P0122,RP002,2025-08-10,Growth,0.0295,3.84
REB0004959,T0004959,IL0004959,C00053,P0098,RP003,2026-10-31,Promotional,0.016,33.85
REB0004960,T0004960,IL0004960,C00319,P0110,RP004,2025-10-06,Volume,0.0144,17.2
REB0004961,T0004961,IL0004961,C00178,P0149,RP005,2026-12-01,Growth,0.0254,4.35
REB0004962,T0004962,IL0004962,C00317,P0122,RP006,2026-09-15,Promotional,0.0401,29.39
REB0004963,T0004963,IL0004963,C00316,P0064,RP007,2025-12-11,Volume,0.0205,17.23
REB0004964,T0004964,IL0004964,C00476,P0081,RP008,2026-01-10,Growth,0.0073,7.51
REB0004965,T0004965,IL0004965,C00122,P0097,RP009,2025-06-02,Promotional,0.0176,27.64
REB0004966,T0004966,IL0004966,C00093,P0104,RP010,2026-03-13,Volume,0.0528,7.05
REB0004967,T0004967,IL0004967,C00493,P0029,RP011,2026-09-25,Growth,0.0157,11.6
REB0004968,T0004968,IL0004968,C00368,P0047,RP012,2026-11-27,Promotional,0.0011,0.48
REB0004969,T0004969,IL0004969,C00037,P0070,RP001,2025-11-04,Volume,0.0392,34.56
REB0004970,T0004970,IL0004970,C00500,P0092,RP002,2025-08-28,Growth,0.0546,18.84
REB0004971,T0004971,IL0004971,C00377,P0012,RP003,2026-07-08,Promotional,0.0364,34.64
REB0004972,T0004972,IL0004972,C00054,P0125,RP004,2026-12-16,Volume,0.0036,0.57
REB0004973,T0004973,IL0004973,C00204,P0052,RP005,2025-12-01,Growth,0.0422,30.27
REB0004974,T0004974,IL0004974,C00310,P0125,RP006,2026-09-16,Promotional,0.0325,34.58
REB0004975,T0004975,IL0004975,C00219,P0108,RP007,2025-03-25,Volume,0.0302,5.46
REB0004976,T0004976,IL0004976,C00156,P0122,RP008,2026-10-22,Growth,0.0421,6.44
REB0004977,T0004977,IL0004977,C00237,P0006,RP009,2026-11-30,Promotional,0.0187,2.67
REB0004978,T0004978,IL0004978,C00442,P0107,RP010,2026-01-18,Volume,0.0169,21.82
REB0004979,T0004979,IL0004979,C00187,P0039,RP011,2026-03-13,Growth,0.0449,13.37
REB0004980,T0004980,IL0004980,C00290,P0138,RP012,2026-10-01,Promotional,0.0444,16.44
REB0004981,T0004981,IL0004981,C00122,P0027,RP001,2026-02-12,Volume,0.0536,82.77
REB0004982,T0004982,IL0004982,C00123,P0125,RP002,2025-06-14,Growth,0.0111,15.41
REB0004983,T0004983,IL0004983,C00128,P0040,RP003,2026-08-19,Promotional,0.0276,25.32
REB0004984,T0004984,IL0004984,C00220,P0112,RP004,2026-02-08,Volume,0.0423,16.02
REB0004985,T0004985,IL0004985,C00478,P0022,RP005,2026-07-04,Growth,0.022,0.46
REB0004986,T0004986,IL0004986,C00423,P0104,RP006,2026-06-08,Promotional,0.0038,4.98
REB0004987,T0004987,IL0004987,C00399,P0106,RP007,2026-05-13,Volume,0.0512,0.5
REB0004988,T0004988,IL0004988,C00417,P0147,RP008,2025-05-17,Growth,0.0543,111.29
REB0004989,T0004989,IL0004989,C00238,P0102,RP009,2026-08-30,Promotional,0.0433,12.7
REB0004990,T0004990,IL0004990,C00392,P0122,RP010,2025-02-19,Volume,0.017,5.64
REB0004991,T0004991,IL0004991,C00136,P0148,RP011,2026-01-20,Growth,0.0471,102.78
REB0004992,T0004992,IL0004992,C00060,P0082,RP012,2025-08-16,Promotional,0.027,27.22
REB0004993,T0004993,IL0004993,C00114,P0116,RP001,2026-10-15,Volume,0.0405,8.86
REB0004994,T0004994,IL0004994,C00471,P0049,RP002,2025-07-11,Growth,0.0072,13.36
REB0004995,T0004995,IL0004995,C00357,P0106,RP003,2025-10-24,Promotional,0.0009,0.8
REB0004996,T0004996,IL0004996,C00415,P0021,RP004,2026-08-04,Volume,0.0317,12.02
REB0004997,T0004997,IL0004997,C00187,P0070,RP005,2026-02-01,Growth,0.0159,5.39
REB0004998,T0004998,IL0004998,C00134,P0081,RP006,2025-04-13,Promotional,0.0277,0.82
REB0004999,T0004999,IL0004999,C00429,P0110,RP007,2025-09-10,Volume,0.0055,8.82
REB0005000,T0005000,IL0005000,C00312,P0121,RP008,2026-05-12,Growth,0.0303,3.66
