Transaction_ID,Order_ID,Invoice_ID,Invoice_Line_ID,Transaction_Date,Posting_Date,Customer_ID,Product_ID,Sales_Org,Business_Unit,Region_ID,Currency_Code,Quantity_Sold,Gross_Sales_Amount,Discount_Amount,Net_Sales_Amount,Returns_Amount,Rebate_Amount,Freight_Revenue,Tax_Amount,COGS_Amount
T0000001,O0000001,INV0000001,IL0000001,2026-10-17,2026-10-17,C00058,P0007,SO04,BU1,R01,USD,511,396.54,29.2,341.21,8.05,19.46,1.38,0.71,237.19
T0000002,O0000001,INV0000001,IL0000002,2025-08-12,2025-08-12,C00120,P0130,SO05,BU4,R04,USD,64,107.42,7.69,96.92,2.26,2.48,1.93,5.9,59.93
T0000003,O0000001,INV0000002,IL0000003,2025-06-13,2025-06-13,C00358,P0109,SO01,BU3,R03,USD,579,344.56,32.98,307.67,3.48,1.76,1.33,13.0,247.15
T0000004,O0000002,INV0000002,IL0000004,2025-02-14,2025-02-14,C00374,P0118,SO03,BU2,R03,USD,265,736.22,27.87,680.79,12.19,33.58,18.21,27.51,531.02
T0000005,O0000002,INV0000003,IL0000005,2026-12-23,2026-12-23,C00036,P0012,SO03,BU4,R02,USD,602,1691.92,144.71,1498.55,43.98,35.37,30.69,17.06,1207.27
T0000006,O0000002,INV0000003,IL0000006,2025-12-30,2025-12-30,C00108,P0069,SO03,BU3,R02,USD,360,578.23,14.16,568.86,8.02,8.59,21.4,8.75,388.97
T0000007,O0000003,INV0000004,IL0000007,2025-11-29,2025-11-29,C00432,P0015,SO03,BU4,R04,USD,75,174.71,7.01,162.54,0.35,8.77,3.96,2.42,118.98
T0000008,O0000003,INV0000004,IL0000008,2026-05-27,2026-05-27,C00203,P0118,SO05,BU1,R02,USD,552,305.15,22.73,270.18,4.93,12.54,5.23,6.85,196.33
T0000009,O0000003,INV0000005,IL0000009,2025-05-22,2025-05-22,C00261,P0127,SO03,BU3,R03,USD,106,262.78,4.02,253.94,1.26,9.83,6.27,10.59,154.44
T0000010,O0000004,INV0000005,IL0000010,2026-04-25,2026-04-25,C00271,P0065,SO03,BU2,R04,USD,33,65.88,0.75,62.69,1.75,2.72,2.03,1.29,37.9
T0000011,O0000004,INV0000006,IL0000011,2025-06-11,2025-06-11,C00233,P0001,SO04,BU1,R01,USD,1035,2291.9,116.36,2166.56,7.32,78.82,77.16,30.17,1425.9
T0000012,O0000004,INV0000006,IL0000012,2026-01-18,2026-01-18,C00391,P0042,SO03,BU2,R04,USD,1096,2885.11,172.8,2694.16,42.29,17.75,41.89,152.15,2180.83
T0000013,O0000005,INV0000007,IL0000013,2025-09-03,2025-09-03,C00030,P0062,SO04,BU3,R03,USD,171,69.89,3.4,65.56,0.15,2.92,2.14,2.18,36.06
T0000014,O0000005,INV0000007,IL0000014,2026-07-17,2026-07-17,C00085,P0068,SO02,BU1,R03,USD,876,2413.2,224.17,2111.61,54.68,91.56,68.82,99.28,1427.93
T0000015,O0000005,INV0000008,IL0000015,2026-01-18,2026-01-18,C00225,P0133,SO05,BU3,R01,USD,257,216.37,1.39,213.34,0.14,6.59,5.09,10.57,104.29
T0000016,O0000006,INV0000008,IL0000016,2025-03-02,2025-03-02,C00118,P0018,SO02,BU2,R03,USD,686,253.27,6.03,240.52,5.08,2.98,1.34,9.61,187.91
T0000017,O0000006,INV0000009,IL0000017,2026-04-30,2026-04-30,C00125,P0122,SO04,BU2,R03,USD,399,172.29,11.35,161.16,1.83,3.9,5.95,7.37,85.31
T0000018,O0000006,INV0000009,IL0000018,2026-10-24,2026-10-24,C00051,P0016,SO03,BU1,R02,USD,704,1631.59,17.83,1565.41,9.38,48.12,9.15,50.69,866.99
T0000019,O0000007,INV0000010,IL0000019,2025-03-19,2025-03-19,C00227,P0141,SO04,BU4,R02,USD,113,217.1,11.74,210.69,0.1,1.11,6.54,5.99,118.58
T0000020,O0000007,INV0000010,IL0000020,2026-05-08,2026-05-08,C00110,P0103,SO02,BU2,R03,USD,347,413.59,40.75,359.24,3.29,17.84,7.53,24.07,247.51
T0000021,O0000007,INV0000011,IL0000021,2026-07-24,2026-07-24,C00339,P0125,SO05,BU1,R02,USD,398,386.94,37.48,342.78,6.72,11.54,11.58,14.02,191.92
T0000022,O0000008,INV0000011,IL0000022,2026-05-30,2026-05-30,C00471,P0136,SO01,BU2,R04,USD,126,345.91,2.77,339.23,1.93,11.32,9.34,2.85,188.82
T0000023,O0000008,INV0000012,IL0000023,2026-08-07,2026-08-07,C00127,P0149,SO05,BU4,R04,USD,91,166.87,7.0,158.39,2.92,4.8,6.24,7.94,89.64
T0000024,O0000008,INV0000012,IL0000024,2025-09-02,2025-09-02,C00136,P0102,SO05,BU1,R04,USD,624,874.1,81.21,789.62,24.54,0.45,21.72,5.53,557.36
T0000025,O0000009,INV0000013,IL0000025,2026-07-05,2026-07-05,C00110,P0130,SO04,BU1,R03,USD,281,750.78,66.13,654.33,19.8,15.26,4.74,32.22,535.64
T0000026,O0000009,INV0000013,IL0000026,2026-09-19,2026-09-19,C00414,P0136,SO01,BU1,R03,USD,1145,1121.3,74.39,1012.23,31.58,8.28,5.18,39.2,571.83
T0000027,O0000009,INV0000014,IL0000027,2025-10-06,2025-10-06,C00145,P0054,SO01,BU3,R01,USD,426,858.65,73.24,791.72,13.02,11.86,31.19,35.15,424.37
T0000028,O0000010,INV0000014,IL0000028,2025-10-11,2025-10-11,C00023,P0001,SO01,BU3,R04,USD,277,521.06,13.65,488.92,11.59,15.81,8.91,2.58,251.52
T0000029,O0000010,INV0000015,IL0000029,2026-12-09,2026-12-09,C00463,P0039,SO03,BU2,R04,USD,83,199.9,11.64,188.43,0.89,1.4,2.46,10.5,146.27
T0000030,O0000010,INV0000015,IL0000030,2025-02-10,2025-02-10,C00461,P0092,SO02,BU3,R03,USD,521,1021.52,36.13,958.88,17.16,49.14,39.79,62.14,704.7
T0000031,O0000011,INV0000016,IL0000031,2025-08-31,2025-08-31,C00443,P0042,SO01,BU2,R02,USD,854,210.25,15.49,188.65,2.1,10.76,6.75,10.71,151.79
T0000032,O0000011,INV0000016,IL0000032,2025-10-01,2025-10-01,C00082,P0028,SO03,BU1,R01,USD,89,220.04,4.89,206.88,5.39,5.57,2.69,3.3,154.62
T0000033,O0000011,INV0000017,IL0000033,2025-01-25,2025-01-25,C00338,P0050,SO03,BU1,R01,USD,682,630.1,4.37,611.78,14.62,12.17,12.84,36.13,422.33
T0000034,O0000012,INV0000017,IL0000034,2025-12-06,2025-12-06,C00481,P0008,SO04,BU4,R01,USD,544,357.3,34.39,324.14,2.85,2.13,6.21,7.12,244.39
T0000035,O0000012,INV0000018,IL0000035,2026-09-13,2026-09-13,C00262,P0030,SO03,BU1,R03,USD,1190,818.12,3.63,806.79,10.7,23.39,26.39,53.1,550.04
T0000036,O0000012,INV0000018,IL0000036,2026-11-18,2026-11-18,C00101,P0094,SO04,BU2,R03,USD,153,415.17,38.23,356.1,7.76,15.15,2.07,12.64,303.91
T0000037,O0000013,INV0000019,IL0000037,2026-11-14,2026-11-14,C00210,P0084,SO03,BU1,R01,USD,615,1021.08,19.59,990.39,20.37,21.29,30.56,39.45,539.87
T0000038,O0000013,INV0000019,IL0000038,2026-02-20,2026-02-20,C00281,P0001,SO05,BU2,R01,USD,597,442.5,34.77,399.66,8.05,7.84,7.82,14.3,296.11
T0000039,O0000013,INV0000020,IL0000039,2025-06-23,2025-06-23,C00338,P0022,SO05,BU2,R01,USD,1065,2079.41,128.77,1855.47,5.83,108.88,19.54,104.76,1178.85
T0000040,O0000014,INV0000020,IL0000040,2025-05-31,2025-05-31,C00013,P0012,SO03,BU4,R03,USD,983,1781.29,136.89,1574.26,24.34,86.82,41.02,42.31,1213.3
T0000041,O0000014,INV0000021,IL0000041,2026-02-14,2026-02-14,C00125,P0038,SO01,BU1,R03,USD,228,514.92,11.27,481.09,12.42,19.71,9.57,30.9,327.53
T0000042,O0000014,INV0000021,IL0000042,2025-05-05,2025-05-05,C00234,P0035,SO05,BU3,R01,USD,1097,3091.02,184.06,2743.06,88.1,151.55,75.75,96.92,2106.21
T0000043,O0000015,INV0000022,IL0000043,2026-07-16,2026-07-16,C00229,P0041,SO01,BU4,R03,USD,931,811.83,20.07,758.97,15.53,34.19,16.93,14.59,532.15
T0000044,O0000015,INV0000022,IL0000044,2025-03-21,2025-03-21,C00366,P0074,SO03,BU4,R03,USD,566,609.41,54.42,557.8,1.47,5.06,9.34,8.35,318.59
T0000045,O0000015,INV0000023,IL0000045,2026-03-01,2026-03-01,C00209,P0085,SO03,BU2,R01,USD,964,1243.66,25.72,1169.43,15.68,61.89,29.06,70.13,839.16
T0000046,O0000016,INV0000023,IL0000046,2026-08-13,2026-08-13,C00195,P0123,SO01,BU1,R02,USD,730,713.43,27.82,649.1,19.08,32.79,15.36,36.34,489.2
T0000047,O0000016,INV0000024,IL0000047,2025-08-14,2025-08-14,C00250,P0057,SO04,BU1,R01,USD,902,1331.98,51.8,1233.56,26.73,58.47,38.58,79.4,952.82
T0000048,O0000016,INV0000024,IL0000048,2026-09-30,2026-09-30,C00274,P0007,SO03,BU1,R01,USD,1165,2271.98,19.07,2131.9,29.21,108.32,16.52,48.85,1256.05
T0000049,O0000017,INV0000025,IL0000049,2026-04-11,2026-04-11,C00168,P0087,SO03,BU1,R04,USD,579,1266.79,105.39,1147.08,9.59,5.71,0.98,80.29,799.39
T0000050,O0000017,INV0000025,IL0000050,2025-12-25,2025-12-25,C00115,P0018,SO02,BU2,R02,USD,73,198.23,3.95,193.5,0.12,1.66,1.0,7.64,132.31
T0000051,O0000017,INV0000026,IL0000051,2025-08-12,2025-08-12,C00239,P0066,SO02,BU4,R04,USD,353,634.59,61.16,536.76,13.68,27.15,4.16,21.74,359.87
T0000052,O0000018,INV0000026,IL0000052,2025-11-16,2025-11-16,C00295,P0097,SO03,BU1,R04,USD,416,159.29,11.0,149.32,3.0,0.89,4.92,6.28,114.38
T0000053,O0000018,INV0000027,IL0000053,2025-05-04,2025-05-04,C00408,P0145,SO02,BU2,R04,USD,721,1155.33,76.43,1035.94,2.39,41.15,0.58,35.55,690.44
T0000054,O0000018,INV0000027,IL0000054,2026-03-20,2026-03-20,C00492,P0093,SO05,BU3,R02,USD,323,433.72,31.83,396.91,12.56,6.44,14.02,13.43,273.54
T0000055,O0000019,INV0000028,IL0000055,2026-03-23,2026-03-23,C00423,P0069,SO01,BU3,R04,USD,512,1227.83,10.64,1191.07,32.47,16.47,22.82,31.6,799.19
T0000056,O0000019,INV0000028,IL0000056,2025-01-30,2025-01-30,C00254,P0084,SO01,BU2,R03,USD,1008,752.37,60.03,669.33,7.68,36.43,21.1,0.48,419.34
T0000057,O0000019,INV0000029,IL0000057,2025-07-15,2025-07-15,C00044,P0062,SO04,BU2,R02,USD,1010,1678.92,40.35,1578.96,23.98,65.73,30.1,32.52,813.99
T0000058,O0000020,INV0000029,IL0000058,2026-02-19,2026-02-19,C00355,P0063,SO05,BU2,R02,USD,765,1104.35,58.63,1000.92,14.1,45.31,14.61,18.98,747.42
T0000059,O0000020,INV0000030,IL0000059,2025-09-15,2025-09-15,C00119,P0031,SO02,BU3,R04,USD,656,327.48,17.55,301.94,7.49,3.33,2.83,15.31,201.59
T0000060,O0000020,INV0000030,IL0000060,2026-06-22,2026-06-22,C00306,P0073,SO04,BU4,R01,USD,407,395.2,14.26,363.97,3.58,15.39,2.0,1.39,194.73
T0000061,O0000021,INV0000031,IL0000061,2025-10-27,2025-10-27,C00358,P0033,SO01,BU4,R03,USD,220,552.24,31.7,503.45,7.78,13.38,4.07,33.16,273.02
T0000062,O0000021,INV0000031,IL0000062,2026-05-05,2026-05-05,C00059,P0017,SO03,BU1,R02,USD,1017,384.22,24.18,364.92,0.62,3.15,8.65,25.39,217.11
T0000063,O0000021,INV0000032,IL0000063,2025-05-02,2025-05-02,C00286,P0107,SO05,BU4,R03,USD,472,1062.52,40.42,1000.77,28.96,17.38,25.01,39.83,637.59
T0000064,O0000022,INV0000032,IL0000064,2025-03-03,2025-03-03,C00313,P0026,SO02,BU3,R01,USD,442,391.88,3.18,376.43,2.82,11.9,2.45,18.16,232.93
T0000065,O0000022,INV0000033,IL0000065,2026-04-27,2026-04-27,C00150,P0009,SO03,BU4,R03,USD,600,1240.56,87.21,1135.4,16.9,46.9,45.85,49.68,869.13
T0000066,O0000022,INV0000033,IL0000066,2026-11-09,2026-11-09,C00412,P0051,SO04,BU2,R02,USD,245,400.33,25.93,346.43,10.91,18.2,1.14,7.46,210.76
T0000067,O0000023,INV0000034,IL0000067,2026-08-06,2026-08-06,C00472,P0074,SO05,BU3,R04,USD,264,377.89,11.49,364.34,4.56,5.66,8.16,15.25,227.71
T0000068,O0000023,INV0000034,IL0000068,2026-03-19,2026-03-19,C00377,P0083,SO05,BU4,R01,USD,522,130.03,2.98,121.32,2.63,6.15,3.05,6.49,63.17
T0000069,O0000023,INV0000035,IL0000069,2025-10-03,2025-10-03,C00296,P0011,SO01,BU2,R04,USD,973,1523.33,67.37,1386.28,12.71,83.53,26.56,94.04,1078.5
T0000070,O0000024,INV0000035,IL0000070,2026-04-27,2026-04-27,C00179,P0105,SO01,BU3,R02,USD,667,1313.52,112.66,1152.89,13.0,50.11,15.14,65.66,978.12
T0000071,O0000024,INV0000036,IL0000071,2026-07-18,2026-07-18,C00019,P0117,SO03,BU3,R02,USD,654,558.45,6.47,530.9,12.94,26.57,18.43,32.31,268.24
T0000072,O0000024,INV0000036,IL0000072,2026-04-19,2026-04-19,C00212,P0014,SO02,BU3,R02,USD,1071,1227.37,92.84,1070.19,23.03,51.3,9.99,69.5,777.88
T0000073,O0000025,INV0000037,IL0000073,2026-03-25,2026-03-25,C00451,P0125,SO04,BU4,R02,USD,69,191.7,11.67,181.2,1.38,1.67,4.22,1.18,121.66
T0000074,O0000025,INV0000037,IL0000074,2025-04-27,2025-04-27,C00237,P0031,SO05,BU1,R03,USD,1030,2750.31,80.27,2602.07,58.2,62.85,53.08,83.2,1683.8
T0000075,O0000025,INV0000038,IL0000075,2025-05-29,2025-05-29,C00197,P0049,SO05,BU4,R03,USD,1050,2281.23,31.14,2226.32,4.78,96.95,77.96,122.76,1312.08
T0000076,O0000026,INV0000038,IL0000076,2025-10-01,2025-10-01,C00421,P0001,SO05,BU2,R03,USD,621,1500.4,87.01,1339.08,29.71,71.4,26.8,31.16,923.67
T0000077,O0000026,INV0000039,IL0000077,2026-07-11,2026-07-11,C00194,P0117,SO01,BU3,R01,USD,396,1108.29,26.47,1035.12,12.73,52.18,18.21,34.27,630.72
T0000078,O0000026,INV0000039,IL0000078,2026-01-26,2026-01-26,C00198,P0039,SO01,BU4,R03,USD,85,43.95,4.24,40.52,0.44,0.24,1.49,2.58,22.32
T0000079,O0000027,INV0000040,IL0000079,2025-01-16,2025-01-16,C00370,P0037,SO04,BU2,R01,USD,326,123.81,9.68,110.88,0.98,4.24,1.97,2.55,62.21
T0000080,O0000027,INV0000040,IL0000080,2026-11-22,2026-11-22,C00440,P0137,SO03,BU1,R04,USD,658,1219.67,108.24,1087.41,17.85,36.29,30.12,52.1,665.62
T0000081,O0000027,INV0000041,IL0000081,2025-10-22,2025-10-22,C00117,P0024,SO04,BU2,R03,USD,211,466.35,32.83,433.43,1.41,4.27,5.59,9.84,227.63
T0000082,O0000028,INV0000041,IL0000082,2025-02-27,2025-02-27,C00151,P0092,SO02,BU4,R04,USD,892,507.28,26.95,453.06,8.61,22.11,3.45,27.62,254.71
T0000083,O0000028,INV0000042,IL0000083,2026-09-27,2026-09-27,C00350,P0062,SO01,BU4,R03,USD,303,242.37,15.46,223.39,3.34,8.89,8.71,4.5,147.91
T0000084,O0000028,INV0000042,IL0000084,2026-07-14,2026-07-14,C00081,P0019,SO05,BU3,R01,USD,717,2019.79,60.42,1861.3,58.29,76.69,36.91,130.21,1140.36
T0000085,O0000029,INV0000043,IL0000085,2026-05-10,2026-05-10,C00055,P0061,SO03,BU1,R04,USD,1181,1344.45,39.78,1319.49,28.2,1.62,44.64,0.75,794.34
T0000086,O0000029,INV0000043,IL0000086,2026-12-04,2026-12-04,C00399,P0013,SO05,BU4,R04,USD,1027,2468.6,222.9,2236.2,57.45,31.24,79.19,29.76,1336.31
T0000087,O0000029,INV0000044,IL0000087,2025-09-14,2025-09-14,C00348,P0036,SO04,BU4,R02,USD,90,90.44,3.99,81.57,1.57,3.64,0.33,4.27,50.88
T0000088,O0000030,INV0000044,IL0000088,2025-06-29,2025-06-29,C00103,P0034,SO03,BU2,R04,USD,759,1212.43,110.75,1094.33,30.21,17.14,40.0,61.78,745.54
T0000089,O0000030,INV0000045,IL0000089,2025-12-13,2025-12-13,C00412,P0030,SO05,BU3,R02,USD,164,91.15,8.81,79.93,2.35,3.63,3.57,4.5,68.44
T0000090,O0000030,INV0000045,IL0000090,2026-01-10,2026-01-10,C00047,P0102,SO01,BU1,R04,USD,551,888.54,40.41,818.11,17.94,32.86,20.78,53.85,631.11
T0000091,O0000031,INV0000046,IL0000091,2025-04-21,2025-04-21,C00346,P0060,SO01,BU4,R01,USD,61,111.89,10.55,99.39,1.1,3.75,2.9,3.23,73.61
T0000092,O0000031,INV0000046,IL0000092,2026-12-19,2026-12-19,C00155,P0105,SO04,BU4,R02,USD,296,89.13,0.33,86.41,2.66,0.57,0.84,2.35,56.2
T0000093,O0000031,INV0000047,IL0000093,2026-01-15,2026-01-15,C00344,P0139,SO04,BU2,R04,USD,326,829.38,54.32,757.39,20.74,28.08,31.15,36.6,463.07
T0000094,O0000032,INV0000047,IL0000094,2025-08-11,2025-08-11,C00228,P0114,SO03,BU4,R02,USD,752,334.87,22.96,293.23,5.47,18.01,4.8,3.9,198.07
T0000095,O0000032,INV0000048,IL0000095,2025-05-06,2025-05-06,C00486,P0117,SO03,BU3,R03,USD,444,840.67,50.2,761.74,0.54,36.38,8.19,30.1,433.16
T0000096,O0000032,INV0000048,IL0000096,2025-03-12,2025-03-12,C00425,P0142,SO02,BU3,R01,USD,452,1062.61,24.76,992.4,24.69,46.09,25.33,68.36,592.55
T0000097,O0000033,INV0000049,IL0000097,2025-05-14,2025-05-14,C00277,P0065,SO01,BU2,R03,USD,235,457.07,1.18,440.18,0.2,19.86,4.35,5.37,260.83
T0000098,O0000033,INV0000049,IL0000098,2025-02-23,2025-02-23,C00065,P0108,SO02,BU1,R01,USD,242,525.36,25.02,475.54,12.26,14.83,2.29,31.47,326.29
T0000099,O0000033,INV0000050,IL0000099,2025-02-14,2025-02-14,C00373,P0134,SO05,BU2,R03,USD,948,1799.02,5.6,1686.36,53.89,83.84,30.67,84.1,917.91
T0000100,O0000034,INV0000050,IL0000100,2026-03-31,2026-03-31,C00038,P0021,SO01,BU3,R03,USD,313,111.24,3.06,104.17,2.11,3.35,1.45,3.87,84.38
T0000101,O0000034,INV0000051,IL0000101,2026-04-10,2026-04-10,C00259,P0111,SO04,BU4,R02,USD,244,599.51,39.02,528.05,13.83,23.77,5.16,8.45,363.56
T0000102,O0000034,INV0000051,IL0000102,2025-12-14,2025-12-14,C00424,P0117,SO03,BU1,R04,USD,861,1832.29,57.27,1802.04,17.18,25.69,69.89,59.83,1231.87
T0000103,O0000035,INV0000052,IL0000103,2025-04-04,2025-04-04,C00426,P0022,SO03,BU3,R01,USD,894,391.39,28.92,350.14,9.53,11.98,9.18,8.08,249.41
T0000104,O0000035,INV0000052,IL0000104,2025-05-06,2025-05-06,C00211,P0091,SO04,BU2,R02,USD,115,318.04,19.1,288.18,3.36,10.11,2.71,4.52,211.14
T0000105,O0000035,INV0000053,IL0000105,2025-04-21,2025-04-21,C00180,P0143,SO02,BU4,R02,USD,245,542.97,31.17,494.58,13.15,25.24,21.17,21.24,385.05
T0000106,O0000036,INV0000053,IL0000106,2026-10-21,2026-10-21,C00286,P0007,SO05,BU4,R03,USD,557,143.32,3.92,130.87,3.28,7.26,2.01,1.31,76.07
T0000107,O0000036,INV0000054,IL0000107,2026-11-05,2026-11-05,C00206,P0018,SO05,BU1,R03,USD,72,30.6,1.62,28.06,0.35,0.76,0.19,0.64,17.36
T0000108,O0000036,INV0000054,IL0000108,2026-08-05,2026-08-05,C00306,P0022,SO02,BU2,R01,USD,328,196.9,12.17,183.01,3.98,2.95,5.21,5.66,121.29
T0000109,O0000037,INV0000055,IL0000109,2025-10-07,2025-10-07,C00111,P0132,SO04,BU4,R04,USD,716,950.78,26.93,904.42,19.35,25.45,25.37,25.02,468.47
T0000110,O0000037,INV0000055,IL0000110,2026-09-06,2026-09-06,C00029,P0002,SO02,BU3,R03,USD,627,1695.41,130.1,1507.59,38.87,26.99,8.14,45.45,1049.91
T0000111,O0000037,INV0000056,IL0000111,2025-05-13,2025-05-13,C00195,P0137,SO03,BU4,R02,USD,1034,1728.64,115.48,1608.35,18.37,37.75,51.31,51.76,1040.89
T0000112,O0000038,INV0000056,IL0000112,2025-03-21,2025-03-21,C00442,P0081,SO04,BU3,R01,USD,889,1521.08,107.92,1385.73,19.06,9.64,1.27,77.73,868.44
T0000113,O0000038,INV0000057,IL0000113,2026-09-25,2026-09-25,C00236,P0093,SO03,BU3,R02,USD,904,2201.06,53.56,2080.03,38.88,63.43,34.84,49.43,1247.73
T0000114,O0000038,INV0000057,IL0000114,2025-12-08,2025-12-08,C00399,P0044,SO03,BU3,R04,USD,1055,1973.59,104.72,1800.85,11.48,84.26,27.72,81.36,1476.84
T0000115,O0000039,INV0000058,IL0000115,2025-06-01,2025-06-01,C00121,P0027,SO05,BU1,R01,USD,534,377.38,22.73,335.1,8.61,13.61,2.67,11.59,262.81
T0000116,O0000039,INV0000058,IL0000116,2026-08-01,2026-08-01,C00390,P0149,SO05,BU3,R03,USD,1166,2211.67,218.19,1881.9,21.44,118.11,27.97,61.77,1333.93
T0000117,O0000039,INV0000059,IL0000117,2026-10-09,2026-10-09,C00156,P0071,SO04,BU3,R02,USD,125,139.96,1.04,138.75,1.94,0.29,2.06,6.26,78.43
T0000118,O0000040,INV0000059,IL0000118,2025-04-03,2025-04-03,C00315,P0130,SO03,BU1,R02,USD,957,1655.13,157.94,1516.95,36.69,3.73,60.18,19.99,1059.39
T0000119,O0000040,INV0000060,IL0000119,2026-09-12,2026-09-12,C00244,P0129,SO05,BU1,R02,USD,136,188.07,15.25,158.57,4.72,10.16,0.63,0.43,124.3
T0000120,O0000040,INV0000060,IL0000120,2026-12-26,2026-12-26,C00225,P0113,SO02,BU1,R01,USD,1080,1952.86,71.06,1846.91,53.78,41.61,60.5,6.77,1308.59
T0000121,O0000041,INV0000061,IL0000121,2026-10-09,2026-10-09,C00332,P0086,SO03,BU3,R02,USD,685,296.13,20.09,269.51,2.52,11.79,7.78,16.48,217.29
T0000122,O0000041,INV0000061,IL0000122,2025-12-08,2025-12-08,C00042,P0150,SO05,BU1,R01,USD,726,732.03,48.03,685.03,14.54,5.19,20.76,26.8,368.74
T0000123,O0000041,INV0000062,IL0000123,2026-10-21,2026-10-21,C00406,P0085,SO05,BU1,R03,USD,1088,467.3,31.33,434.14,7.13,0.47,5.77,10.39,348.76
T0000124,O0000042,INV0000062,IL0000124,2026-05-13,2026-05-13,C00099,P0058,SO05,BU1,R02,USD,327,126.22,10.66,114.05,0.38,5.35,4.22,0.3,91.82
T0000125,O0000042,INV0000063,IL0000125,2025-12-11,2025-12-11,C00449,P0034,SO05,BU4,R01,USD,781,462.27,8.36,445.11,9.61,15.88,16.69,1.36,315.24
T0000126,O0000042,INV0000063,IL0000126,2026-01-09,2026-01-09,C00347,P0061,SO05,BU3,R02,USD,593,1298.02,101.74,1220.23,9.11,17.07,50.13,77.21,908.13
T0000127,O0000043,INV0000064,IL0000127,2025-07-18,2025-07-18,C00189,P0147,SO05,BU3,R03,USD,955,2133.85,166.04,1900.32,32.19,49.13,13.83,80.43,1143.56
T0000128,O0000043,INV0000064,IL0000128,2025-09-14,2025-09-14,C00027,P0124,SO02,BU4,R02,USD,1145,3062.42,217.86,2786.43,47.4,21.0,10.27,87.64,1607.43
T0000129,O0000043,INV0000065,IL0000129,2026-06-10,2026-06-10,C00076,P0112,SO03,BU3,R02,USD,464,1095.32,96.9,960.23,30.57,24.99,17.37,25.96,640.44
T0000130,O0000044,INV0000065,IL0000130,2025-03-25,2025-03-25,C00192,P0058,SO01,BU1,R04,USD,662,1764.43,148.07,1514.87,34.4,76.8,9.71,87.99,988.66
T0000131,O0000044,INV0000066,IL0000131,2026-12-14,2026-12-14,C00426,P0036,SO01,BU4,R01,USD,928,1691.74,153.25,1527.58,0.96,20.07,10.12,65.11,1257.41
T0000132,O0000044,INV0000066,IL0000132,2026-03-10,2026-03-10,C00057,P0074,SO03,BU4,R01,USD,626,316.32,7.54,292.67,6.06,10.84,0.79,10.24,225.94
T0000133,O0000045,INV0000067,IL0000133,2026-07-03,2026-07-03,C00009,P0132,SO04,BU3,R01,USD,505,1059.74,30.87,1032.45,0.05,20.56,24.19,48.29,564.26
T0000134,O0000045,INV0000067,IL0000134,2026-06-21,2026-06-21,C00500,P0093,SO03,BU3,R02,USD,1087,1774.74,139.57,1668.16,27.03,1.98,62.0,45.18,873.51
T0000135,O0000045,INV0000068,IL0000135,2026-01-18,2026-01-18,C00130,P0005,SO02,BU4,R01,USD,148,162.89,11.94,145.76,3.07,6.91,4.79,0.45,93.35
T0000136,O0000046,INV0000068,IL0000136,2026-07-14,2026-07-14,C00174,P0045,SO05,BU3,R03,USD,990,1848.03,149.97,1649.5,3.5,78.89,33.83,5.06,1038.9
T0000137,O0000046,INV0000069,IL0000137,2025-07-24,2025-07-24,C00454,P0011,SO01,BU3,R03,USD,645,1003.68,99.28,904.31,16.35,13.98,30.24,22.6,535.47
T0000138,O0000046,INV0000069,IL0000138,2025-02-18,2025-02-18,C00444,P0085,SO04,BU1,R02,USD,264,610.95,26.7,585.51,7.33,14.78,23.37,7.66,351.25
T0000139,O0000047,INV0000070,IL0000139,2026-12-10,2026-12-10,C00255,P0095,SO02,BU1,R04,USD,556,1289.42,93.75,1192.31,3.05,42.72,42.41,26.81,815.86
T0000140,O0000047,INV0000070,IL0000140,2025-03-23,2025-03-23,C00168,P0076,SO05,BU2,R04,USD,923,1651.25,70.36,1517.59,34.17,31.93,2.8,37.45,1194.86
T0000141,O0000047,INV0000071,IL0000141,2026-03-22,2026-03-22,C00141,P0015,SO03,BU3,R03,USD,841,967.15,77.48,824.8,19.71,50.68,5.52,45.11,628.76
T0000142,O0000048,INV0000071,IL0000142,2025-02-05,2025-02-05,C00065,P0018,SO03,BU4,R01,USD,760,871.64,82.76,796.36,0.85,7.36,15.69,24.75,508.92
T0000143,O0000048,INV0000072,IL0000143,2025-03-20,2025-03-20,C00294,P0036,SO02,BU1,R03,USD,761,945.77,61.43,899.19,7.08,5.9,27.83,24.36,586.12
T0000144,O0000048,INV0000072,IL0000144,2026-07-30,2026-07-30,C00061,P0068,SO04,BU1,R03,USD,923,694.93,42.52,605.33,14.47,38.17,5.56,3.14,359.98
T0000145,O0000049,INV0000073,IL0000145,2025-06-26,2025-06-26,C00461,P0114,SO03,BU3,R03,USD,664,1303.5,92.49,1184.32,21.51,20.82,15.64,58.82,683.17
T0000146,O0000049,INV0000073,IL0000146,2026-12-19,2026-12-19,C00327,P0045,SO02,BU4,R04,USD,1051,818.41,80.62,723.85,19.45,10.66,16.17,29.0,475.54
T0000147,O0000049,INV0000074,IL0000147,2026-04-24,2026-04-24,C00412,P0142,SO05,BU1,R02,USD,186,66.12,2.63,61.42,1.42,1.74,1.09,2.47,39.32
T0000148,O0000050,INV0000074,IL0000148,2025-05-09,2025-05-09,C00498,P0082,SO03,BU3,R01,USD,931,1325.56,68.58,1220.67,5.1,60.44,29.23,65.6,854.43
T0000149,O0000050,INV0000075,IL0000149,2025-05-13,2025-05-13,C00222,P0129,SO02,BU2,R03,USD,264,412.71,12.55,380.65,2.01,21.22,3.72,13.83,307.59
T0000150,O0000050,INV0000075,IL0000150,2025-10-18,2025-10-18,C00434,P0021,SO04,BU1,R01,USD,412,772.75,42.57,730.9,2.9,12.87,16.49,8.63,479.66
T0000151,O0000051,INV0000076,IL0000151,2026-08-18,2026-08-18,C00079,P0044,SO05,BU4,R04,USD,701,1703.15,95.99,1565.43,42.17,2.66,3.1,63.2,1123.41
T0000152,O0000051,INV0000076,IL0000152,2026-10-29,2026-10-29,C00108,P0147,SO04,BU2,R02,USD,72,108.71,6.82,97.33,0.94,5.72,2.1,4.67,76.67
T0000153,O0000051,INV0000077,IL0000153,2025-11-01,2025-11-01,C00233,P0019,SO02,BU2,R01,USD,333,450.78,21.83,416.79,2.76,15.04,5.64,21.42,307.05
T0000154,O0000052,INV0000077,IL0000154,2025-12-20,2025-12-20,C00500,P0103,SO05,BU1,R02,USD,768,1194.24,12.68,1186.33,8.66,8.05,21.48,4.2,620.34
T0000155,O0000052,INV0000078,IL0000155,2026-01-29,2026-01-29,C00443,P0108,SO03,BU4,R02,USD,337,792.62,74.01,698.23,17.15,8.28,5.05,22.82,601.5
T0000156,O0000052,INV0000078,IL0000156,2025-11-12,2025-11-12,C00255,P0006,SO03,BU3,R04,USD,815,1246.54,120.5,1096.32,8.05,24.19,2.52,67.71,771.07
T0000157,O0000053,INV0000079,IL0000157,2026-11-01,2026-11-01,C00345,P0121,SO05,BU2,R01,USD,1109,223.8,2.41,220.5,0.9,3.26,3.27,0.7,132.69
T0000158,O0000053,INV0000079,IL0000158,2025-02-22,2025-02-22,C00292,P0144,SO02,BU3,R02,USD,752,1246.14,9.16,1179.68,18.85,52.39,13.94,56.19,943.26
T0000159,O0000053,INV0000080,IL0000159,2025-05-02,2025-05-02,C00066,P0025,SO03,BU1,R01,USD,774,1782.06,60.43,1611.62,50.2,74.0,14.19,56.42,1109.43
T0000160,O0000054,INV0000080,IL0000160,2025-02-16,2025-02-16,C00020,P0036,SO01,BU3,R02,USD,980,1535.27,22.87,1516.66,41.14,11.8,57.2,41.72,873.86
T0000161,O0000054,INV0000081,IL0000161,2026-09-24,2026-09-24,C00379,P0077,SO04,BU3,R02,USD,698,1071.08,54.59,987.94,15.74,33.16,20.35,22.91,519.11
T0000162,O0000054,INV0000081,IL0000162,2025-04-23,2025-04-23,C00214,P0150,SO05,BU2,R03,USD,64,113.52,3.01,104.84,2.23,6.07,2.63,0.38,61.72
T0000163,O0000055,INV0000082,IL0000163,2026-05-07,2026-05-07,C00088,P0135,SO05,BU4,R04,USD,788,452.78,30.82,399.91,0.43,23.61,1.99,8.78,219.74
T0000164,O0000055,INV0000082,IL0000164,2025-06-05,2025-06-05,C00212,P0053,SO04,BU2,R02,USD,1037,2332.42,214.7,1968.06,61.07,94.4,5.81,28.56,1209.74
T0000165,O0000055,INV0000083,IL0000165,2025-11-29,2025-11-29,C00340,P0123,SO02,BU1,R02,USD,781,794.82,13.76,755.61,21.75,14.96,11.26,38.13,553.32
T0000166,O0000056,INV0000083,IL0000166,2026-10-21,2026-10-21,C00412,P0068,SO05,BU4,R02,USD,1001,693.99,17.11,683.69,11.62,8.58,27.01,13.83,390.95
T0000167,O0000056,INV0000084,IL0000167,2025-08-01,2025-08-01,C00354,P0126,SO01,BU3,R01,USD,992,1102.41,102.93,961.96,26.31,16.58,5.37,25.57,738.01
T0000168,O0000056,INV0000084,IL0000168,2026-02-09,2026-02-09,C00420,P0089,SO05,BU1,R02,USD,604,176.55,16.87,154.92,0.42,8.97,4.63,2.32,121.69
T0000169,O0000057,INV0000085,IL0000169,2026-07-06,2026-07-06,C00139,P0144,SO04,BU1,R02,USD,291,137.24,10.17,130.67,0.99,0.38,4.97,2.13,74.55
T0000170,O0000057,INV0000085,IL0000170,2025-04-13,2025-04-13,C00212,P0085,SO01,BU4,R02,USD,215,429.74,5.91,391.0,12.43,23.11,2.71,24.1,284.84
T0000171,O0000057,INV0000086,IL0000171,2026-05-03,2026-05-03,C00245,P0052,SO05,BU2,R03,USD,667,628.38,3.72,593.47,14.49,22.54,5.84,35.33,431.59
T0000172,O0000058,INV0000086,IL0000172,2025-02-08,2025-02-08,C00468,P0045,SO04,BU2,R02,USD,370,989.23,3.59,925.32,24.82,42.87,7.37,56.5,682.29
T0000173,O0000058,INV0000087,IL0000173,2025-10-24,2025-10-24,C00449,P0010,SO01,BU1,R01,USD,621,1053.53,11.3,1036.35,31.07,16.49,41.68,35.83,665.96
T0000174,O0000058,INV0000087,IL0000174,2025-05-18,2025-05-18,C00436,P0130,SO05,BU3,R02,USD,568,394.65,4.45,382.38,1.92,9.96,4.06,19.72,210.01
T0000175,O0000059,INV0000088,IL0000175,2025-10-30,2025-10-30,C00291,P0050,SO01,BU2,R02,USD,840,2006.0,103.37,1838.4,5.22,73.84,14.83,41.64,1041.86
T0000176,O0000059,INV0000088,IL0000176,2025-09-12,2025-09-12,C00004,P0067,SO03,BU1,R02,USD,492,675.42,18.03,644.55,6.68,21.64,15.48,16.22,373.67
T0000177,O0000059,INV0000089,IL0000177,2025-08-30,2025-08-30,C00032,P0031,SO05,BU3,R04,USD,638,386.88,26.54,342.65,10.71,18.89,11.91,15.32,260.48
T0000178,O0000060,INV0000089,IL0000178,2025-10-30,2025-10-30,C00189,P0057,SO03,BU4,R03,USD,283,412.25,18.76,384.37,12.23,8.47,11.58,20.38,303.24
T0000179,O0000060,INV0000090,IL0000179,2026-11-12,2026-11-12,C00423,P0056,SO03,BU4,R04,USD,177,280.21,14.8,249.49,3.04,14.14,1.26,15.77,199.53
T0000180,O0000060,INV0000090,IL0000180,2025-07-27,2025-07-27,C00294,P0138,SO05,BU1,R03,USD,346,365.41,19.01,349.52,1.27,4.13,8.52,12.49,184.7
T0000181,O0000061,INV0000091,IL0000181,2025-02-26,2025-02-26,C00233,P0034,SO02,BU1,R01,USD,860,1203.74,6.95,1161.5,16.7,53.42,34.83,66.38,711.25
T0000182,O0000061,INV0000091,IL0000182,2025-08-12,2025-08-12,C00297,P0019,SO02,BU2,R01,USD,877,964.61,6.15,882.77,28.77,49.58,2.66,1.96,715.22
T0000183,O0000061,INV0000092,IL0000183,2026-02-23,2026-02-23,C00093,P0035,SO04,BU2,R03,USD,776,2196.78,84.02,1978.9,57.31,109.56,33.01,91.67,1474.4
T0000184,O0000062,INV0000092,IL0000184,2026-07-07,2026-07-07,C00069,P0090,SO04,BU4,R03,USD,375,1061.59,41.73,994.1,4.06,57.15,35.45,68.09,734.33
T0000185,O0000062,INV0000093,IL0000185,2026-04-20,2026-04-20,C00345,P0140,SO04,BU2,R01,USD,1099,1310.78,30.1,1261.27,18.11,11.18,9.88,67.58,950.39
T0000186,O0000062,INV0000093,IL0000186,2025-02-02,2025-02-02,C00415,P0108,SO05,BU4,R04,USD,42,34.55,0.23,33.78,0.62,0.85,0.93,0.58,25.02
T0000187,O0000063,INV0000094,IL0000187,2025-02-15,2025-02-15,C00206,P0113,SO03,BU4,R03,USD,1115,847.51,73.2,759.19,1.44,23.49,9.81,38.88,600.39
T0000188,O0000063,INV0000094,IL0000188,2025-11-23,2025-11-23,C00296,P0083,SO03,BU4,R04,USD,628,1582.31,155.97,1383.03,24.74,35.99,17.42,57.28,1006.16
T0000189,O0000063,INV0000095,IL0000189,2025-06-29,2025-06-29,C00321,P0110,SO03,BU2,R01,USD,1025,312.83,10.77,296.02,6.04,6.56,6.56,8.46,211.15
T0000190,O0000064,INV0000095,IL0000190,2025-11-04,2025-11-04,C00193,P0048,SO03,BU2,R01,USD,979,806.11,18.17,775.73,20.74,6.4,14.93,22.41,399.94
T0000191,O0000064,INV0000096,IL0000191,2026-03-03,2026-03-03,C00286,P0136,SO05,BU1,R03,USD,805,666.86,13.56,629.14,12.94,33.82,22.6,31.91,337.36
T0000192,O0000064,INV0000096,IL0000192,2025-07-15,2025-07-15,C00027,P0069,SO03,BU1,R02,USD,90,226.13,4.25,212.75,5.17,9.01,5.05,12.95,138.9
T0000193,O0000065,INV0000097,IL0000193,2025-12-07,2025-12-07,C00156,P0004,SO02,BU3,R02,USD,399,1096.73,12.87,1032.72,32.89,28.89,10.64,14.78,712.03
T0000194,O0000065,INV0000097,IL0000194,2025-09-03,2025-09-03,C00283,P0083,SO05,BU2,R02,USD,789,1124.25,72.93,1058.38,10.4,22.24,39.7,59.48,686.33
T0000195,O0000065,INV0000098,IL0000195,2026-04-26,2026-04-26,C00390,P0082,SO02,BU3,R03,USD,769,780.92,3.57,725.78,20.24,31.84,0.51,29.67,495.83
T0000196,O0000066,INV0000098,IL0000196,2026-03-04,2026-03-04,C00152,P0040,SO02,BU3,R04,USD,685,543.96,30.99,513.02,4.01,16.47,20.53,27.41,312.51
T0000197,O0000066,INV0000099,IL0000197,2026-05-16,2026-05-16,C00495,P0126,SO05,BU3,R04,USD,354,756.32,26.64,709.33,3.18,22.74,5.57,49.17,551.37
T0000198,O0000066,INV0000099,IL0000198,2025-03-02,2025-03-02,C00269,P0009,SO03,BU3,R03,USD,109,242.07,9.98,229.74,6.12,3.08,6.85,8.13,116.81
T0000199,O0000067,INV0000100,IL0000199,2026-01-18,2026-01-18,C00031,P0124,SO01,BU4,R04,USD,42,8.3,0.46,7.69,0.0,0.24,0.09,0.01,6.26
T0000200,O0000067,INV0000100,IL0000200,2026-12-16,2026-12-16,C00346,P0111,SO01,BU2,R01,USD,229,602.54,31.6,552.12,4.36,20.54,6.08,30.72,349.02
T0000201,O0000067,INV0000101,IL0000201,2025-03-22,2025-03-22,C00192,P0104,SO05,BU3,R04,USD,1167,967.91,67.49,850.75,8.71,44.08,3.12,38.7,733.36
T0000202,O0000068,INV0000101,IL0000202,2025-02-02,2025-02-02,C00048,P0104,SO03,BU1,R04,USD,782,1294.76,7.27,1300.81,0.37,12.2,25.89,71.42,778.79
T0000203,O0000068,INV0000102,IL0000203,2026-08-03,2026-08-03,C00440,P0025,SO02,BU1,R04,USD,97,76.97,6.94,66.86,1.6,2.4,0.83,3.2,56.86
T0000204,O0000068,INV0000102,IL0000204,2025-10-15,2025-10-15,C00461,P0140,SO04,BU3,R03,USD,77,50.74,4.32,46.11,0.02,0.58,0.29,2.65,36.01
T0000205,O0000069,INV0000103,IL0000205,2025-03-20,2025-03-20,C00154,P0042,SO04,BU3,R01,USD,502,849.94,72.2,748.26,17.26,25.27,13.05,41.4,584.02
T0000206,O0000069,INV0000103,IL0000206,2026-12-07,2026-12-07,C00371,P0021,SO02,BU1,R02,USD,718,232.2,10.15,219.0,5.84,4.35,7.14,6.08,173.54
T0000207,O0000069,INV0000104,IL0000207,2025-12-01,2025-12-01,C00016,P0070,SO05,BU3,R04,USD,1014,800.15,44.25,757.47,9.01,8.17,18.75,40.94,469.22
T0000208,O0000070,INV0000104,IL0000208,2025-10-30,2025-10-30,C00409,P0064,SO03,BU3,R01,USD,178,159.4,6.06,150.72,3.75,1.35,2.48,0.97,92.61
T0000209,O0000070,INV0000105,IL0000209,2025-11-12,2025-11-12,C00228,P0093,SO04,BU1,R02,USD,219,116.9,2.19,111.48,1.57,3.57,1.91,2.76,56.97
T0000210,O0000070,INV0000105,IL0000210,2025-04-06,2025-04-06,C00306,P0084,SO03,BU1,R01,USD,35,33.57,1.3,31.74,0.09,1.66,1.22,1.27,25.31
T0000211,O0000071,INV0000106,IL0000211,2025-06-23,2025-06-23,C00351,P0098,SO01,BU2,R04,USD,294,264.01,7.09,256.24,1.16,2.43,2.91,14.04,148.88
T0000212,O0000071,INV0000106,IL0000212,2026-01-05,2026-01-05,C00129,P0064,SO01,BU4,R01,USD,410,575.02,7.79,573.96,0.12,12.51,19.36,34.64,337.17
T0000213,O0000071,INV0000107,IL0000213,2026-03-27,2026-03-27,C00172,P0111,SO05,BU4,R02,USD,288,282.87,17.06,254.47,5.9,7.45,2.01,5.68,167.32
T0000214,O0000072,INV0000107,IL0000214,2026-12-13,2026-12-13,C00325,P0126,SO04,BU3,R03,USD,506,531.35,14.89,513.07,12.53,10.67,19.81,35.82,284.77
T0000215,O0000072,INV0000108,IL0000215,2025-07-04,2025-07-04,C00350,P0141,SO01,BU1,R03,USD,955,2576.3,54.01,2349.98,61.65,117.79,7.13,130.78,1848.19
T0000216,O0000072,INV0000108,IL0000216,2026-11-21,2026-11-21,C00256,P0036,SO05,BU2,R04,USD,505,431.62,6.65,418.29,5.48,8.95,7.75,17.05,279.44
T0000217,O0000073,INV0000109,IL0000217,2026-07-02,2026-07-02,C00260,P0108,SO03,BU2,R02,USD,85,194.75,7.0,181.74,5.23,5.75,4.97,9.78,98.11
T0000218,O0000073,INV0000109,IL0000218,2026-11-05,2026-11-05,C00341,P0091,SO01,BU2,R03,USD,100,168.38,10.86,147.53,3.27,8.95,2.23,1.09,118.36
T0000219,O0000073,INV0000110,IL0000219,2025-04-11,2025-04-11,C00133,P0057,SO02,BU1,R03,USD,1072,1790.03,123.09,1651.4,11.87,36.83,33.16,79.81,1199.81
T0000220,O0000074,INV0000110,IL0000220,2025-06-04,2025-06-04,C00177,P0007,SO01,BU4,R01,USD,224,217.01,19.98,192.89,0.56,9.92,6.34,4.63,125.33
T0000221,O0000074,INV0000111,IL0000221,2025-07-31,2025-07-31,C00267,P0124,SO02,BU4,R02,USD,985,434.09,31.34,396.04,5.89,1.6,0.78,0.63,294.75
T0000222,O0000074,INV0000111,IL0000222,2025-12-18,2025-12-18,C00332,P0028,SO01,BU2,R02,USD,509,792.87,43.76,737.3,7.87,18.59,14.65,32.5,557.68
T0000223,O0000075,INV0000112,IL0000223,2025-07-10,2025-07-10,C00328,P0111,SO03,BU1,R04,USD,69,148.27,13.09,129.71,2.0,3.5,0.03,2.53,80.09
T0000224,O0000075,INV0000112,IL0000224,2026-12-22,2026-12-22,C00415,P0017,SO04,BU3,R04,USD,218,504.6,27.09,468.8,5.54,5.47,2.3,16.06,336.97
T0000225,O0000075,INV0000113,IL0000225,2026-10-17,2026-10-17,C00161,P0100,SO05,BU4,R01,USD,813,1420.55,49.42,1333.11,36.03,48.23,46.24,27.76,962.67
T0000226,O0000076,INV0000113,IL0000226,2026-09-22,2026-09-22,C00303,P0022,SO05,BU1,R04,USD,651,322.05,9.83,304.75,1.77,12.28,6.58,2.94,192.3
T0000227,O0000076,INV0000114,IL0000227,2026-01-28,2026-01-28,C00217,P0048,SO01,BU4,R01,USD,1110,2254.96,145.5,2017.16,67.64,68.82,44.16,44.42,1170.96
T0000228,O0000076,INV0000114,IL0000228,2026-04-07,2026-04-07,C00318,P0014,SO02,BU4,R03,USD,29,42.74,0.83,41.22,0.49,1.32,1.12,1.42,25.41
T0000229,O0000077,INV0000115,IL0000229,2026-12-29,2026-12-29,C00431,P0114,SO01,BU4,R04,USD,352,141.05,0.44,136.67,3.22,2.27,1.55,1.61,88.94
T0000230,O0000077,INV0000115,IL0000230,2026-04-14,2026-04-14,C00290,P0127,SO03,BU2,R01,USD,1056,509.31,5.82,476.06,11.84,23.06,7.47,1.39,361.78
T0000231,O0000077,INV0000116,IL0000231,2026-03-28,2026-03-28,C00280,P0056,SO04,BU2,R04,USD,219,469.78,30.71,413.59,3.49,22.6,0.61,24.96,260.06
T0000232,O0000078,INV0000116,IL0000232,2025-03-31,2025-03-31,C00225,P0031,SO03,BU4,R01,USD,439,1029.28,60.51,943.75,10.83,40.24,26.05,9.2,541.89
T0000233,O0000078,INV0000117,IL0000233,2025-07-31,2025-07-31,C00417,P0053,SO02,BU2,R01,USD,1177,1314.36,36.94,1269.8,21.24,23.4,37.02,23.76,737.37
T0000234,O0000078,INV0000117,IL0000234,2026-06-11,2026-06-11,C00461,P0025,SO05,BU1,R03,USD,852,2243.4,222.65,2024.46,58.35,15.66,77.72,100.81,1233.67
T0000235,O0000079,INV0000118,IL0000235,2025-09-11,2025-09-11,C00390,P0101,SO01,BU4,R03,USD,301,518.23,13.93,498.11,6.44,12.88,13.13,3.25,376.46
T0000236,O0000079,INV0000118,IL0000236,2026-06-12,2026-06-12,C00384,P0072,SO02,BU4,R04,USD,941,2556.89,83.68,2439.09,0.19,108.87,74.94,78.27,1750.6
T0000237,O0000079,INV0000119,IL0000237,2026-11-12,2026-11-12,C00358,P0092,SO03,BU3,R03,USD,1104,1371.06,132.74,1184.79,33.93,37.31,17.71,45.39,766.98
T0000238,O0000080,INV0000119,IL0000238,2025-05-14,2025-05-14,C00290,P0125,SO01,BU3,R01,USD,109,32.99,2.07,31.29,0.83,0.03,1.23,1.0,17.29
T0000239,O0000080,INV0000120,IL0000239,2026-03-15,2026-03-15,C00104,P0034,SO05,BU2,R04,USD,335,842.42,73.85,752.29,2.36,16.7,2.78,34.17,561.1
T0000240,O0000080,INV0000120,IL0000240,2025-02-23,2025-02-23,C00203,P0079,SO03,BU4,R02,USD,889,1715.86,120.74,1559.17,0.06,45.0,9.11,74.21,932.28
T0000241,O0000081,INV0000121,IL0000241,2025-01-10,2025-01-10,C00005,P0088,SO04,BU4,R03,USD,874,1776.93,84.88,1728.41,12.2,8.73,57.29,44.47,904.27
T0000242,O0000081,INV0000121,IL0000242,2025-11-03,2025-11-03,C00071,P0098,SO05,BU1,R04,USD,302,109.54,6.17,101.91,2.01,0.99,1.54,5.34,59.11
T0000243,O0000081,INV0000122,IL0000243,2026-02-26,2026-02-26,C00316,P0114,SO02,BU3,R02,USD,187,481.32,6.74,460.24,1.78,19.33,6.77,25.49,288.9
T0000244,O0000082,INV0000122,IL0000244,2025-09-11,2025-09-11,C00142,P0022,SO03,BU4,R03,USD,1143,2039.91,147.11,1771.94,17.44,105.61,2.19,108.63,1462.98
T0000245,O0000082,INV0000123,IL0000245,2025-07-30,2025-07-30,C00266,P0131,SO02,BU3,R01,USD,812,786.91,4.29,735.68,21.2,41.32,15.58,25.73,402.56
T0000246,O0000082,INV0000123,IL0000246,2026-09-01,2026-09-01,C00037,P0136,SO01,BU1,R03,USD,749,2002.53,26.43,1891.06,51.71,62.6,29.27,100.97,1344.15
T0000247,O0000083,INV0000124,IL0000247,2025-03-16,2025-03-16,C00009,P0018,SO01,BU1,R01,USD,546,412.78,38.08,358.64,11.75,9.04,4.73,19.26,280.5
T0000248,O0000083,INV0000124,IL0000248,2026-03-10,2026-03-10,C00360,P0103,SO03,BU3,R04,USD,1108,1789.97,27.33,1816.31,4.49,7.78,65.94,19.75,1347.5
T0000249,O0000083,INV0000125,IL0000249,2025-12-01,2025-12-01,C00201,P0017,SO05,BU2,R01,USD,905,1926.74,163.09,1784.65,3.35,9.14,33.49,76.06,1169.42
T0000250,O0000084,INV0000125,IL0000250,2025-11-13,2025-11-13,C00342,P0045,SO04,BU4,R03,USD,35,72.45,5.08,64.73,0.36,3.8,1.52,3.27,50.66
T0000251,O0000084,INV0000126,IL0000251,2025-06-20,2025-06-20,C00191,P0033,SO04,BU1,R04,USD,251,562.16,1.65,539.93,13.61,8.41,1.44,21.79,381.96
T0000252,O0000084,INV0000126,IL0000252,2025-03-20,2025-03-20,C00255,P0117,SO02,BU1,R04,USD,747,245.02,21.06,228.19,1.23,2.12,7.58,10.77,178.96
T0000253,O0000085,INV0000127,IL0000253,2025-04-29,2025-04-29,C00117,P0131,SO01,BU1,R03,USD,100,247.27,0.3,250.78,0.34,4.95,9.1,16.86,131.08
T0000254,O0000085,INV0000127,IL0000254,2025-02-06,2025-02-06,C00284,P0108,SO03,BU4,R02,USD,669,563.9,51.65,494.11,5.41,25.62,12.89,23.29,289.52
T0000255,O0000085,INV0000128,IL0000255,2025-02-23,2025-02-23,C00092,P0058,SO02,BU1,R02,USD,104,283.65,1.96,282.92,3.96,4.4,9.59,10.95,162.15
T0000256,O0000086,INV0000128,IL0000256,2025-01-09,2025-01-09,C00189,P0052,SO05,BU2,R03,USD,1164,2647.63,195.81,2481.84,19.27,53.63,102.92,134.79,2010.56
T0000257,O0000086,INV0000129,IL0000257,2026-07-14,2026-07-14,C00390,P0063,SO05,BU1,R03,USD,23,61.4,0.15,59.8,1.0,2.15,1.7,1.4,29.64
T0000258,O0000086,INV0000129,IL0000258,2026-11-05,2026-11-05,C00193,P0079,SO04,BU4,R01,USD,430,685.68,16.33,684.31,10.12,2.26,27.34,4.46,465.76
T0000259,O0000087,INV0000130,IL0000259,2025-08-26,2025-08-26,C00460,P0134,SO04,BU2,R02,USD,772,1083.97,81.07,981.51,18.89,30.13,27.63,40.67,640.0
T0000260,O0000087,INV0000130,IL0000260,2025-03-05,2025-03-05,C00223,P0034,SO03,BU4,R04,USD,607,532.22,16.77,497.8,12.79,20.51,15.65,9.48,302.86
T0000261,O0000087,INV0000131,IL0000261,2025-03-18,2025-03-18,C00484,P0052,SO05,BU1,R02,USD,233,138.61,2.28,134.26,1.94,3.1,2.97,1.95,103.97
T0000262,O0000088,INV0000131,IL0000262,2025-11-12,2025-11-12,C00238,P0068,SO04,BU4,R03,USD,195,117.16,8.04,101.92,2.9,4.49,0.19,2.34,83.66
T0000263,O0000088,INV0000132,IL0000263,2025-04-04,2025-04-04,C00365,P0064,SO02,BU4,R03,USD,821,1273.29,86.23,1109.32,9.94,69.38,1.58,35.11,755.35
T0000264,O0000088,INV0000132,IL0000264,2026-07-18,2026-07-18,C00128,P0025,SO05,BU3,R04,USD,218,507.16,7.09,496.66,0.18,23.16,19.93,28.64,262.0
T0000265,O0000089,INV0000133,IL0000265,2026-01-17,2026-01-17,C00352,P0022,SO04,BU3,R04,USD,540,1419.93,10.65,1388.05,42.48,15.44,36.69,8.94,1003.33
T0000266,O0000089,INV0000133,IL0000266,2025-12-06,2025-12-06,C00063,P0011,SO05,BU3,R04,USD,113,71.02,4.08,63.73,1.75,1.54,0.08,0.77,47.68
T0000267,O0000089,INV0000134,IL0000267,2025-08-08,2025-08-08,C00466,P0048,SO04,BU1,R01,USD,583,799.23,11.88,766.2,14.72,27.12,20.69,47.35,495.27
T0000268,O0000090,INV0000134,IL0000268,2026-05-06,2026-05-06,C00032,P0023,SO04,BU1,R04,USD,794,433.84,8.65,412.08,11.51,12.55,10.95,22.93,305.69
T0000269,O0000090,INV0000135,IL0000269,2026-01-27,2026-01-27,C00401,P0092,SO01,BU4,R01,USD,1125,2549.7,87.72,2401.19,43.27,45.1,27.58,100.37,1242.46
T0000270,O0000090,INV0000135,IL0000270,2025-01-31,2025-01-31,C00459,P0072,SO02,BU2,R02,USD,976,1555.35,119.27,1312.35,46.64,83.32,6.23,24.48,1032.63
T0000271,O0000091,INV0000136,IL0000271,2025-02-27,2025-02-27,C00392,P0057,SO04,BU3,R04,USD,805,907.48,76.16,821.03,23.01,8.79,21.51,40.09,640.44
T0000272,O0000091,INV0000136,IL0000272,2026-08-29,2026-08-29,C00015,P0091,SO04,BU3,R04,USD,1164,651.14,61.75,569.3,16.34,29.02,25.27,7.0,411.39
T0000273,O0000091,INV0000137,IL0000273,2025-02-08,2025-02-08,C00047,P0015,SO03,BU4,R04,USD,458,106.81,5.11,100.48,1.06,3.61,3.45,1.25,61.46
T0000274,O0000092,INV0000137,IL0000274,2025-11-28,2025-11-28,C00031,P0006,SO05,BU1,R04,USD,300,674.28,57.08,574.25,17.41,35.62,10.08,15.9,501.49
T0000275,O0000092,INV0000138,IL0000275,2025-04-14,2025-04-14,C00173,P0078,SO01,BU3,R03,USD,289,805.01,58.96,722.89,10.55,28.3,15.69,35.79,457.92
T0000276,O0000092,INV0000138,IL0000276,2026-07-30,2026-07-30,C00356,P0092,SO03,BU4,R02,USD,369,439.22,32.24,398.84,3.88,4.29,0.03,15.99,297.16
T0000277,O0000093,INV0000139,IL0000277,2026-08-05,2026-08-05,C00017,P0047,SO05,BU4,R01,USD,661,1744.51,168.79,1575.26,11.56,54.26,65.36,82.19,906.06
T0000278,O0000093,INV0000139,IL0000278,2025-09-01,2025-09-01,C00178,P0082,SO01,BU2,R01,USD,191,453.4,30.38,404.94,9.92,8.37,0.21,19.65,244.25
T0000279,O0000093,INV0000140,IL0000279,2025-12-25,2025-12-25,C00132,P0028,SO01,BU1,R02,USD,108,130.73,9.58,113.57,3.8,6.36,2.58,4.34,76.61
T0000280,O0000094,INV0000140,IL0000280,2025-04-14,2025-04-14,C00425,P0123,SO04,BU3,R01,USD,471,289.34,2.13,278.87,7.34,4.69,3.69,1.45,215.98
T0000281,O0000094,INV0000141,IL0000281,2025-06-24,2025-06-24,C00455,P0097,SO01,BU2,R04,USD,163,267.42,24.02,240.47,0.75,8.74,6.56,0.52,164.51
T0000282,O0000094,INV0000141,IL0000282,2026-11-01,2026-11-01,C00085,P0112,SO01,BU2,R03,USD,119,53.6,1.1,51.68,0.31,2.06,1.55,0.96,36.68
T0000283,O0000095,INV0000142,IL0000283,2025-10-16,2025-10-16,C00153,P0061,SO04,BU4,R01,USD,111,136.42,7.5,126.52,2.01,0.41,0.02,7.3,68.83
T0000284,O0000095,INV0000142,IL0000284,2026-10-03,2026-10-03,C00308,P0123,SO02,BU3,R02,USD,208,51.73,0.88,51.92,0.45,0.23,1.75,1.44,29.3
T0000285,O0000095,INV0000143,IL0000285,2026-05-16,2026-05-16,C00459,P0068,SO03,BU3,R02,USD,1124,1365.32,50.66,1287.47,15.62,14.01,2.44,23.74,823.46
T0000286,O0000096,INV0000143,IL0000286,2025-10-03,2025-10-03,C00289,P0016,SO05,BU1,R01,USD,208,85.03,2.92,78.2,1.38,4.54,2.01,4.6,53.99
T0000287,O0000096,INV0000144,IL0000287,2026-06-20,2026-06-20,C00215,P0138,SO01,BU4,R04,USD,1182,2995.19,142.65,2782.31,7.09,148.72,85.58,175.37,1858.78
T0000288,O0000096,INV0000144,IL0000288,2026-08-09,2026-08-09,C00347,P0038,SO04,BU4,R02,USD,929,596.05,58.67,496.51,17.38,26.5,3.01,34.35,356.76
T0000289,O0000097,INV0000145,IL0000289,2026-03-22,2026-03-22,C00104,P0038,SO05,BU4,R04,USD,538,556.13,40.44,511.94,13.47,2.66,12.38,30.7,352.91
T0000290,O0000097,INV0000145,IL0000290,2026-06-17,2026-06-17,C00235,P0004,SO05,BU4,R02,USD,1080,2448.47,27.55,2390.7,10.99,76.3,57.07,16.77,1836.73
T0000291,O0000097,INV0000146,IL0000291,2025-04-19,2025-04-19,C00289,P0026,SO05,BU2,R01,USD,1106,2798.18,245.65,2493.61,22.17,100.77,64.02,30.06,1713.75
T0000292,O0000098,INV0000146,IL0000292,2026-02-17,2026-02-17,C00074,P0103,SO02,BU2,R01,USD,820,2095.26,69.46,2002.11,14.93,85.94,77.18,2.84,1531.99
T0000293,O0000098,INV0000147,IL0000293,2025-11-07,2025-11-07,C00160,P0072,SO01,BU4,R04,USD,211,585.86,13.36,561.4,5.28,23.96,18.14,28.64,333.85
T0000294,O0000098,INV0000147,IL0000294,2026-09-12,2026-09-12,C00331,P0023,SO02,BU3,R02,USD,914,680.38,56.06,604.38,15.12,28.42,23.6,21.8,482.99
T0000295,O0000099,INV0000148,IL0000295,2025-06-12,2025-06-12,C00034,P0080,SO02,BU1,R01,USD,836,453.28,38.59,405.51,11.96,0.72,3.5,23.76,323.29
T0000296,O0000099,INV0000148,IL0000296,2025-09-13,2025-09-13,C00017,P0117,SO02,BU2,R01,USD,748,1541.93,42.25,1457.94,38.09,42.84,39.19,3.12,793.61
T0000297,O0000099,INV0000149,IL0000297,2026-01-17,2026-01-17,C00251,P0115,SO01,BU2,R02,USD,981,1713.81,59.94,1612.49,8.41,84.31,51.34,32.18,1153.19
T0000298,O0000100,INV0000149,IL0000298,2026-01-31,2026-01-31,C00026,P0042,SO04,BU3,R01,USD,448,1105.89,71.59,1013.56,22.48,16.37,18.11,55.36,537.04
T0000299,O0000100,INV0000150,IL0000299,2026-11-30,2026-11-30,C00005,P0122,SO05,BU1,R03,USD,364,649.74,0.55,623.44,4.92,28.77,7.94,28.05,487.8
T0000300,O0000100,INV0000150,IL0000300,2026-03-10,2026-03-10,C00459,P0097,SO02,BU4,R02,USD,950,810.16,37.81,732.03,16.46,36.73,12.87,26.21,412.09
T0000301,O0000101,INV0000151,IL0000301,2026-11-10,2026-11-10,C00495,P0096,SO03,BU2,R04,USD,588,574.42,6.21,550.6,1.1,31.23,14.72,10.07,414.28
T0000302,O0000101,INV0000151,IL0000302,2026-12-30,2026-12-30,C00488,P0077,SO02,BU3,R04,USD,317,494.9,11.89,474.87,0.84,23.34,16.04,10.62,293.55
T0000303,O0000101,INV0000152,IL0000303,2025-05-24,2025-05-24,C00370,P0007,SO01,BU4,R01,USD,615,536.71,22.46,522.16,6.25,1.04,15.2,6.94,343.59
T0000304,O0000102,INV0000152,IL0000304,2025-08-16,2025-08-16,C00352,P0137,SO01,BU4,R04,USD,744,1141.67,96.52,969.59,28.79,55.04,8.27,8.68,579.2
T0000305,O0000102,INV0000153,IL0000305,2025-09-22,2025-09-22,C00372,P0144,SO01,BU2,R02,USD,697,1343.33,29.86,1262.68,9.0,64.38,22.59,32.85,978.37
T0000306,O0000102,INV0000153,IL0000306,2026-08-23,2026-08-23,C00151,P0119,SO04,BU4,R04,USD,973,314.57,19.96,284.33,5.48,10.74,5.94,2.38,168.13
T0000307,O0000103,INV0000154,IL0000307,2026-11-29,2026-11-29,C00196,P0136,SO05,BU2,R02,USD,856,277.6,23.71,254.23,1.14,3.06,4.54,16.13,177.51
T0000308,O0000103,INV0000154,IL0000308,2026-04-14,2026-04-14,C00074,P0081,SO01,BU2,R01,USD,175,259.31,16.36,232.57,1.38,9.05,0.05,12.39,144.33
T0000309,O0000103,INV0000155,IL0000309,2025-06-22,2025-06-22,C00296,P0041,SO01,BU4,R04,USD,190,99.84,4.33,93.77,1.29,2.36,1.91,3.5,48.05
T0000310,O0000104,INV0000155,IL0000310,2026-01-18,2026-01-18,C00487,P0004,SO01,BU3,R04,USD,1097,755.61,51.14,700.88,14.21,10.34,20.96,6.33,435.55
T0000311,O0000104,INV0000156,IL0000311,2026-01-28,2026-01-28,C00258,P0079,SO01,BU2,R01,USD,143,340.3,10.15,321.68,2.97,13.62,8.12,20.0,195.53
T0000312,O0000104,INV0000156,IL0000312,2025-05-18,2025-05-18,C00176,P0126,SO02,BU4,R04,USD,395,244.98,22.22,218.73,5.97,0.26,2.2,3.23,185.15
T0000313,O0000105,INV0000157,IL0000313,2025-01-23,2025-01-23,C00302,P0130,SO01,BU2,R03,USD,262,303.61,19.75,271.99,0.34,14.64,3.11,0.93,191.19
T0000314,O0000105,INV0000157,IL0000314,2025-02-19,2025-02-19,C00339,P0028,SO01,BU1,R02,USD,108,218.33,9.1,204.31,2.49,6.57,4.14,9.94,114.16
T0000315,O0000105,INV0000158,IL0000315,2026-10-08,2026-10-08,C00005,P0078,SO04,BU2,R03,USD,216,420.94,11.36,412.74,7.65,3.18,13.99,20.77,214.42
T0000316,O0000106,INV0000158,IL0000316,2025-05-01,2025-05-01,C00145,P0030,SO04,BU4,R01,USD,1029,731.0,14.6,695.5,5.77,21.03,5.9,14.38,494.86
T0000317,O0000106,INV0000159,IL0000317,2025-02-10,2025-02-10,C00281,P0128,SO02,BU3,R01,USD,994,1056.32,0.29,1017.35,21.28,52.69,35.29,10.62,704.91
T0000318,O0000106,INV0000159,IL0000318,2025-04-03,2025-04-03,C00400,P0131,SO03,BU3,R04,USD,217,563.29,36.29,494.95,7.72,30.28,5.95,28.17,278.28
T0000319,O0000107,INV0000160,IL0000319,2025-02-10,2025-02-10,C00437,P0075,SO02,BU4,R03,USD,650,856.31,9.92,782.92,21.87,41.93,0.33,35.47,444.21
T0000320,O0000107,INV0000160,IL0000320,2025-12-03,2025-12-03,C00184,P0113,SO05,BU4,R04,USD,559,1411.75,13.12,1372.54,34.52,14.2,22.63,26.12,1058.03
T0000321,O0000107,INV0000161,IL0000321,2026-01-30,2026-01-30,C00354,P0123,SO04,BU2,R01,USD,351,169.15,11.78,149.38,0.3,8.77,1.08,6.18,100.9
T0000322,O0000108,INV0000161,IL0000322,2026-08-06,2026-08-06,C00348,P0113,SO01,BU2,R02,USD,787,1778.93,108.76,1589.79,46.03,86.1,51.75,53.76,1298.07
T0000323,O0000108,INV0000162,IL0000323,2026-05-15,2026-05-15,C00058,P0106,SO05,BU3,R01,USD,104,36.31,2.38,32.95,0.01,1.73,0.76,1.67,24.99
T0000324,O0000108,INV0000162,IL0000324,2025-08-18,2025-08-18,C00490,P0087,SO02,BU1,R01,USD,1081,2181.03,134.84,1972.74,28.32,87.17,42.04,88.57,1452.21
T0000325,O0000109,INV0000163,IL0000325,2025-06-02,2025-06-02,C00430,P0143,SO05,BU4,R03,USD,121,25.54,2.39,22.61,0.39,0.66,0.51,1.19,13.44
T0000326,O0000109,INV0000163,IL0000326,2025-11-25,2025-11-25,C00124,P0085,SO04,BU1,R02,USD,113,173.29,9.54,154.54,1.97,7.79,0.55,6.2,104.73
T0000327,O0000109,INV0000164,IL0000327,2025-04-01,2025-04-01,C00439,P0128,SO05,BU3,R04,USD,657,326.46,16.24,307.36,6.4,1.84,5.38,0.0,207.63
T0000328,O0000110,INV0000164,IL0000328,2025-04-04,2025-04-04,C00406,P0078,SO02,BU1,R03,USD,1161,850.2,57.09,753.73,24.24,16.99,1.85,23.98,461.16
T0000329,O0000110,INV0000165,IL0000329,2026-07-28,2026-07-28,C00393,P0122,SO02,BU4,R01,USD,936,453.4,34.43,422.49,3.02,8.51,15.05,8.64,340.07
T0000330,O0000110,INV0000165,IL0000330,2026-06-19,2026-06-19,C00192,P0028,SO02,BU2,R04,USD,346,517.2,42.51,456.79,11.52,11.64,5.26,3.86,276.63
T0000331,O0000111,INV0000166,IL0000331,2026-02-07,2026-02-07,C00111,P0118,SO02,BU3,R04,USD,702,328.33,13.61,298.2,9.13,15.12,7.73,9.4,228.58
T0000332,O0000111,INV0000166,IL0000332,2026-11-06,2026-11-06,C00302,P0130,SO05,BU1,R03,USD,1031,197.54,14.54,179.64,3.28,4.7,4.62,9.82,145.95
T0000333,O0000111,INV0000167,IL0000333,2025-07-01,2025-07-01,C00355,P0149,SO01,BU2,R02,USD,272,124.17,8.16,115.93,2.26,2.2,4.38,4.94,74.16
T0000334,O0000112,INV0000167,IL0000334,2026-12-11,2026-12-11,C00391,P0064,SO04,BU1,R04,USD,824,2268.31,220.14,2038.16,30.82,16.64,37.45,106.78,1533.39
T0000335,O0000112,INV0000168,IL0000335,2025-11-03,2025-11-03,C00432,P0141,SO01,BU3,R04,USD,1143,2136.27,42.92,2048.72,40.0,34.14,29.51,140.73,1427.59
T0000336,O0000112,INV0000168,IL0000336,2026-10-28,2026-10-28,C00500,P0046,SO02,BU1,R02,USD,1121,2279.89,73.5,2198.14,7.89,44.17,43.81,102.66,1458.63
T0000337,O0000113,INV0000169,IL0000337,2026-03-04,2026-03-04,C00346,P0137,SO05,BU2,R01,USD,875,2045.92,106.95,1975.92,1.55,16.35,54.85,103.76,1096.56
T0000338,O0000113,INV0000169,IL0000338,2025-06-14,2025-06-14,C00147,P0065,SO05,BU1,R02,USD,137,277.27,8.18,271.36,6.27,0.49,9.03,16.49,141.05
T0000339,O0000113,INV0000170,IL0000339,2026-07-30,2026-07-30,C00443,P0058,SO03,BU2,R02,USD,806,656.41,51.48,596.27,15.73,10.38,17.45,16.18,485.36
T0000340,O0000114,INV0000170,IL0000340,2026-12-03,2026-12-03,C00161,P0142,SO02,BU2,R01,USD,36,77.96,1.58,72.04,2.03,3.69,1.38,3.2,42.34
T0000341,O0000114,INV0000171,IL0000341,2026-12-28,2026-12-28,C00332,P0095,SO04,BU3,R02,USD,1129,2429.27,47.73,2346.47,52.83,25.85,43.61,12.23,1834.99
T0000342,O0000114,INV0000171,IL0000342,2025-06-27,2025-06-27,C00377,P0132,SO04,BU4,R01,USD,782,225.61,6.3,223.15,1.79,2.0,7.63,7.28,108.65
T0000343,O0000115,INV0000172,IL0000343,2025-06-08,2025-06-08,C00021,P0040,SO01,BU3,R03,USD,114,256.01,16.01,237.37,6.48,4.24,8.09,1.21,162.32
T0000344,O0000115,INV0000172,IL0000344,2026-12-26,2026-12-26,C00163,P0135,SO03,BU4,R02,USD,386,606.02,47.65,547.15,2.9,18.1,9.78,33.83,350.18
T0000345,O0000115,INV0000173,IL0000345,2026-11-11,2026-11-11,C00170,P0085,SO02,BU4,R01,USD,611,466.32,35.1,413.6,7.42,25.56,15.36,0.25,351.94
T0000346,O0000116,INV0000173,IL0000346,2026-11-16,2026-11-16,C00178,P0115,SO03,BU4,R01,USD,509,1394.81,95.2,1268.63,13.43,70.27,52.72,47.98,820.21
T0000347,O0000116,INV0000174,IL0000347,2025-10-17,2025-10-17,C00013,P0133,SO02,BU4,R03,USD,1063,2469.88,110.05,2253.57,3.25,122.03,19.02,149.58,1540.93
T0000348,O0000116,INV0000174,IL0000348,2025-06-21,2025-06-21,C00498,P0138,SO03,BU2,R01,USD,25,46.35,0.98,45.22,0.88,0.54,1.27,0.65,33.09
T0000349,O0000117,INV0000175,IL0000349,2026-12-21,2026-12-21,C00450,P0112,SO03,BU3,R01,USD,324,78.86,5.65,73.36,0.09,0.32,0.56,0.36,43.42
T0000350,O0000117,INV0000175,IL0000350,2025-08-22,2025-08-22,C00467,P0067,SO04,BU2,R02,USD,804,1113.14,45.02,1038.97,10.57,23.85,5.27,52.38,536.15
T0000351,O0000117,INV0000176,IL0000351,2025-03-06,2025-03-06,C00388,P0150,SO02,BU2,R02,USD,158,179.35,9.02,166.35,1.56,6.77,4.35,10.79,100.23
T0000352,O0000118,INV0000176,IL0000352,2026-01-26,2026-01-26,C00203,P0008,SO01,BU4,R02,USD,330,529.45,7.22,504.36,6.21,23.22,11.56,5.09,396.47
T0000353,O0000118,INV0000177,IL0000353,2026-11-25,2026-11-25,C00455,P0096,SO01,BU1,R04,USD,1143,2875.33,40.65,2785.83,3.6,90.57,45.32,16.6,1820.97
T0000354,O0000118,INV0000177,IL0000354,2025-08-04,2025-08-04,C00384,P0089,SO02,BU3,R04,USD,855,2221.29,189.13,2055.0,9.49,22.48,54.81,16.49,1223.41
T0000355,O0000119,INV0000178,IL0000355,2026-11-19,2026-11-19,C00410,P0146,SO02,BU2,R01,USD,1134,1600.75,87.99,1499.16,13.96,5.93,6.29,51.13,1093.58
T0000356,O0000119,INV0000178,IL0000356,2025-12-05,2025-12-05,C00183,P0033,SO03,BU4,R04,USD,214,201.44,1.41,196.13,1.17,5.38,2.65,9.52,133.88
T0000357,O0000119,INV0000179,IL0000357,2025-06-06,2025-06-06,C00290,P0146,SO02,BU4,R01,USD,657,1799.92,30.35,1726.16,16.91,77.78,51.28,33.43,1186.93
T0000358,O0000120,INV0000179,IL0000358,2026-01-04,2026-01-04,C00069,P0085,SO01,BU4,R03,USD,957,1310.23,101.51,1215.57,19.14,7.84,33.83,23.88,658.98
T0000359,O0000120,INV0000180,IL0000359,2025-05-24,2025-05-24,C00457,P0138,SO02,BU3,R01,USD,549,1174.09,73.57,1057.19,25.62,57.61,39.9,60.14,771.21
T0000360,O0000120,INV0000180,IL0000360,2026-08-16,2026-08-16,C00208,P0055,SO02,BU2,R04,USD,1139,997.54,89.18,862.26,16.15,35.88,5.93,53.81,588.45
T0000361,O0000121,INV0000181,IL0000361,2026-08-27,2026-08-27,C00376,P0075,SO05,BU1,R04,USD,961,1458.8,13.21,1442.76,15.92,0.85,13.94,99.16,1093.98
T0000362,O0000121,INV0000181,IL0000362,2026-12-02,2026-12-02,C00085,P0132,SO05,BU1,R03,USD,923,558.51,31.63,493.88,9.48,26.79,3.27,32.47,382.56
T0000363,O0000121,INV0000182,IL0000363,2025-02-11,2025-02-11,C00113,P0125,SO03,BU4,R01,USD,138,122.24,2.86,117.32,2.45,3.48,3.87,7.54,71.96
T0000364,O0000122,INV0000182,IL0000364,2025-02-17,2025-02-17,C00021,P0083,SO04,BU4,R03,USD,1077,2015.71,55.13,1897.54,44.86,64.15,45.97,50.28,1180.13
T0000365,O0000122,INV0000183,IL0000365,2026-08-25,2026-08-25,C00335,P0020,SO02,BU1,R04,USD,525,622.02,56.43,565.47,9.64,12.07,21.59,19.08,383.36
T0000366,O0000122,INV0000183,IL0000366,2026-09-11,2026-09-11,C00004,P0129,SO05,BU1,R02,USD,910,566.2,4.36,548.55,10.93,6.59,4.23,27.54,329.2
T0000367,O0000123,INV0000184,IL0000367,2025-05-02,2025-05-02,C00339,P0059,SO04,BU2,R02,USD,686,1442.73,69.47,1345.13,20.72,16.72,9.31,2.11,1029.16
T0000368,O0000123,INV0000184,IL0000368,2025-02-14,2025-02-14,C00066,P0147,SO04,BU3,R01,USD,339,182.96,9.38,168.43,4.89,1.48,1.22,6.09,135.08
T0000369,O0000123,INV0000185,IL0000369,2026-02-20,2026-02-20,C00307,P0145,SO01,BU1,R02,USD,590,1598.43,34.62,1524.09,29.08,41.44,30.8,43.82,865.42
T0000370,O0000124,INV0000185,IL0000370,2025-05-27,2025-05-27,C00407,P0150,SO01,BU2,R04,USD,1056,935.93,67.78,857.3,9.62,23.34,22.11,23.13,509.47
T0000371,O0000124,INV0000186,IL0000371,2025-04-22,2025-04-22,C00009,P0052,SO02,BU1,R01,USD,1042,2091.61,172.87,1935.77,37.99,20.41,75.43,118.94,1355.25
T0000372,O0000124,INV0000186,IL0000372,2026-06-29,2026-06-29,C00258,P0031,SO03,BU3,R01,USD,997,1934.78,174.51,1801.41,31.3,0.13,72.57,54.41,1296.3
T0000373,O0000125,INV0000187,IL0000373,2026-03-07,2026-03-07,C00190,P0012,SO02,BU1,R03,USD,888,703.92,56.48,632.6,16.67,14.76,16.59,33.72,484.01
T0000374,O0000125,INV0000187,IL0000374,2026-12-15,2026-12-15,C00295,P0026,SO04,BU2,R04,USD,284,244.13,18.7,223.47,6.67,1.13,5.84,4.03,154.35
T0000375,O0000125,INV0000188,IL0000375,2025-01-06,2025-01-06,C00364,P0002,SO04,BU3,R02,USD,1080,534.17,0.38,509.84,10.49,20.21,6.75,5.52,310.59
T0000376,O0000126,INV0000188,IL0000376,2026-10-30,2026-10-30,C00300,P0065,SO04,BU1,R02,USD,1107,1451.17,53.06,1375.61,12.0,54.32,43.82,75.47,864.47
T0000377,O0000126,INV0000189,IL0000377,2026-05-10,2026-05-10,C00092,P0095,SO03,BU2,R02,USD,1146,1686.45,166.71,1445.56,29.23,71.81,26.86,87.41,874.69
T0000378,O0000126,INV0000189,IL0000378,2025-05-02,2025-05-02,C00383,P0059,SO05,BU3,R04,USD,341,152.67,7.76,138.34,3.6,6.72,3.75,0.5,102.55
T0000379,O0000127,INV0000190,IL0000379,2026-02-03,2026-02-03,C00494,P0002,SO03,BU3,R03,USD,307,441.9,26.52,414.37,1.17,6.39,6.55,21.01,287.47
T0000380,O0000127,INV0000190,IL0000380,2026-02-15,2026-02-15,C00315,P0134,SO05,BU2,R02,USD,127,343.55,28.18,303.25,6.6,8.29,2.77,17.06,228.09
T0000381,O0000127,INV0000191,IL0000381,2025-10-20,2025-10-20,C00100,P0009,SO05,BU4,R02,USD,1055,1642.85,38.06,1608.9,8.35,3.26,15.72,17.73,788.7
T0000382,O0000128,INV0000191,IL0000382,2025-10-10,2025-10-10,C00400,P0103,SO02,BU4,R04,USD,819,1034.07,20.71,1010.88,0.48,40.02,38.02,51.38,655.48
T0000383,O0000128,INV0000192,IL0000383,2026-07-27,2026-07-27,C00469,P0150,SO02,BU4,R03,USD,721,1984.19,54.86,1945.8,36.09,21.23,73.79,35.56,1271.81
T0000384,O0000128,INV0000192,IL0000384,2026-02-21,2026-02-21,C00260,P0028,SO03,BU2,R02,USD,158,240.71,8.18,227.37,0.84,6.8,2.48,12.63,151.79
T0000385,O0000129,INV0000193,IL0000385,2025-09-14,2025-09-14,C00356,P0114,SO03,BU1,R02,USD,1163,1711.12,41.63,1625.71,17.44,72.99,46.65,98.1,1250.87
T0000386,O0000129,INV0000193,IL0000386,2026-05-09,2026-05-09,C00060,P0067,SO03,BU3,R02,USD,793,1484.42,147.58,1306.68,30.14,18.77,18.75,47.24,1109.64
T0000387,O0000129,INV0000194,IL0000387,2025-01-10,2025-01-10,C00359,P0068,SO03,BU4,R04,USD,598,256.12,17.25,241.03,6.31,1.07,9.54,5.96,157.11
T0000388,O0000130,INV0000194,IL0000388,2026-08-11,2026-08-11,C00138,P0047,SO02,BU3,R01,USD,1031,2214.69,52.01,2134.57,16.08,32.33,20.3,124.97,1580.81
T0000389,O0000130,INV0000195,IL0000389,2025-12-31,2025-12-31,C00080,P0028,SO04,BU4,R04,USD,170,337.35,22.38,301.89,6.21,14.18,7.31,10.19,165.92
T0000390,O0000130,INV0000195,IL0000390,2026-09-28,2026-09-28,C00162,P0127,SO04,BU3,R01,USD,572,852.57,83.93,739.64,23.43,13.14,7.57,2.8,546.89
T0000391,O0000131,INV0000196,IL0000391,2026-03-10,2026-03-10,C00245,P0139,SO02,BU2,R03,USD,1039,1150.48,98.99,1001.32,26.78,28.93,5.54,22.12,719.16
T0000392,O0000131,INV0000196,IL0000392,2025-01-09,2025-01-09,C00007,P0054,SO03,BU1,R04,USD,1199,538.35,19.47,505.08,13.92,5.54,5.66,33.89,299.02
T0000393,O0000131,INV0000197,IL0000393,2025-12-18,2025-12-18,C00188,P0048,SO01,BU4,R02,USD,878,651.56,45.66,575.29,7.28,30.62,7.29,5.28,345.57
T0000394,O0000132,INV0000197,IL0000394,2026-08-13,2026-08-13,C00352,P0059,SO04,BU4,R04,USD,562,1307.72,72.62,1229.26,33.59,14.1,41.85,40.7,898.13
T0000395,O0000132,INV0000198,IL0000395,2025-01-10,2025-01-10,C00091,P0108,SO01,BU4,R02,USD,285,808.86,68.7,720.96,12.55,32.06,25.41,28.37,456.2
T0000396,O0000132,INV0000198,IL0000396,2026-08-05,2026-08-05,C00025,P0102,SO04,BU4,R01,USD,344,117.06,9.53,103.91,1.67,4.06,2.11,2.63,67.16
T0000397,O0000133,INV0000199,IL0000397,2026-07-28,2026-07-28,C00286,P0066,SO02,BU4,R03,USD,50,63.97,2.25,59.77,1.3,2.13,1.48,2.25,42.35
T0000398,O0000133,INV0000199,IL0000398,2025-10-19,2025-10-19,C00182,P0084,SO02,BU1,R03,USD,1008,2266.59,101.3,2125.51,5.33,76.5,42.05,129.18,1695.06
T0000399,O0000133,INV0000200,IL0000399,2026-10-18,2026-10-18,C00414,P0087,SO04,BU2,R03,USD,1180,1487.63,134.94,1339.69,3.53,28.12,18.65,66.62,986.07
T0000400,O0000134,INV0000200,IL0000400,2026-09-12,2026-09-12,C00331,P0102,SO04,BU1,R02,USD,921,2086.25,195.85,1821.4,46.81,59.77,37.58,108.91,1099.14
T0000401,O0000134,INV0000201,IL0000401,2025-05-09,2025-05-09,C00373,P0061,SO04,BU1,R03,USD,173,128.4,5.1,118.74,0.37,6.62,2.43,6.41,63.57
T0000402,O0000134,INV0000201,IL0000402,2026-06-21,2026-06-21,C00392,P0022,SO04,BU4,R04,USD,547,1001.17,8.44,952.46,27.98,21.47,9.18,29.55,687.33
T0000403,O0000135,INV0000202,IL0000403,2025-05-10,2025-05-10,C00068,P0135,SO01,BU2,R02,USD,68,18.63,0.66,16.92,0.51,0.89,0.35,1.11,13.49
T0000404,O0000135,INV0000202,IL0000404,2026-07-16,2026-07-16,C00228,P0035,SO03,BU2,R02,USD,372,653.79,29.85,589.08,14.69,31.55,11.38,22.01,430.94
T0000405,O0000135,INV0000203,IL0000405,2025-12-22,2025-12-22,C00247,P0139,SO03,BU4,R04,USD,193,262.44,9.6,246.41,2.05,4.38,0.0,14.63,185.89
T0000406,O0000136,INV0000203,IL0000406,2025-12-19,2025-12-19,C00147,P0121,SO03,BU2,R02,USD,27,54.44,2.68,51.3,1.23,0.9,1.67,2.14,38.29
T0000407,O0000136,INV0000204,IL0000407,2025-01-08,2025-01-08,C00281,P0096,SO02,BU3,R01,USD,853,2162.7,94.53,2022.8,16.21,85.04,55.88,31.24,1539.75
T0000408,O0000136,INV0000204,IL0000408,2025-03-23,2025-03-23,C00217,P0062,SO02,BU1,R01,USD,566,532.1,39.53,485.75,12.91,12.08,18.17,9.85,282.58
T0000409,O0000137,INV0000205,IL0000409,2026-10-15,2026-10-15,C00234,P0116,SO04,BU1,R01,USD,1017,692.98,1.34,675.37,1.03,20.39,5.15,12.73,352.47
T0000410,O0000137,INV0000205,IL0000410,2026-03-25,2026-03-25,C00373,P0003,SO03,BU4,R03,USD,194,112.97,5.58,107.9,1.16,1.94,3.61,3.5,85.79
T0000411,O0000137,INV0000206,IL0000411,2025-02-02,2025-02-02,C00170,P0021,SO05,BU1,R01,USD,124,110.56,4.34,107.28,1.8,1.1,3.96,2.87,60.81
T0000412,O0000138,INV0000206,IL0000412,2025-01-13,2025-01-13,C00063,P0064,SO03,BU1,R04,USD,917,770.19,76.6,660.73,4.6,31.15,2.89,9.64,513.32
T0000413,O0000138,INV0000207,IL0000413,2026-02-03,2026-02-03,C00349,P0080,SO01,BU3,R03,USD,334,621.21,2.62,589.61,17.47,17.8,6.29,8.2,409.24
T0000414,O0000138,INV0000207,IL0000414,2025-02-23,2025-02-23,C00443,P0056,SO04,BU4,R02,USD,493,921.86,29.92,877.72,4.63,14.0,4.41,0.55,646.19
T0000415,O0000139,INV0000208,IL0000415,2025-02-13,2025-02-13,C00298,P0122,SO05,BU4,R01,USD,327,383.11,3.43,385.42,1.81,1.93,9.48,26.9,283.75
T0000416,O0000139,INV0000208,IL0000416,2026-10-03,2026-10-03,C00031,P0016,SO02,BU4,R04,USD,325,667.06,52.8,629.39,2.52,8.54,26.19,33.34,467.47
T0000417,O0000139,INV0000209,IL0000417,2026-03-26,2026-03-26,C00376,P0050,SO01,BU1,R04,USD,783,889.72,11.99,845.56,23.99,23.75,15.57,41.26,500.49
T0000418,O0000140,INV0000209,IL0000418,2025-07-14,2025-07-14,C00291,P0048,SO03,BU2,R02,USD,722,753.91,35.31,700.11,19.62,24.82,25.95,26.03,395.72
T0000419,O0000140,INV0000210,IL0000419,2026-04-06,2026-04-06,C00152,P0068,SO03,BU2,R04,USD,761,1059.62,82.22,955.98,16.08,42.76,37.42,24.36,692.49
T0000420,O0000140,INV0000210,IL0000420,2026-09-28,2026-09-28,C00123,P0083,SO03,BU3,R02,USD,1113,2634.36,50.02,2435.63,54.0,110.95,16.24,69.87,1473.33
T0000421,O0000141,INV0000211,IL0000421,2025-11-26,2025-11-26,C00057,P0025,SO02,BU1,R01,USD,146,43.35,4.07,39.17,0.23,0.07,0.19,0.09,23.13
T0000422,O0000141,INV0000211,IL0000422,2026-10-20,2026-10-20,C00429,P0100,SO01,BU4,R03,USD,1086,2004.76,118.34,1916.69,2.95,24.34,57.56,123.57,969.63
T0000423,O0000141,INV0000212,IL0000423,2026-11-03,2026-11-03,C00252,P0021,SO05,BU3,R02,USD,134,153.26,11.39,135.72,4.09,6.93,4.87,5.86,76.07
T0000424,O0000142,INV0000212,IL0000424,2026-06-26,2026-06-26,C00021,P0019,SO05,BU2,R03,USD,169,456.65,43.87,402.95,1.33,18.21,9.71,14.84,243.42
T0000425,O0000142,INV0000213,IL0000425,2025-09-12,2025-09-12,C00292,P0046,SO03,BU2,R02,USD,1153,1485.64,15.68,1439.51,28.46,29.25,27.26,88.96,989.83
T0000426,O0000142,INV0000213,IL0000426,2025-06-20,2025-06-20,C00406,P0047,SO03,BU2,R03,USD,832,1270.88,83.56,1172.49,20.36,41.93,47.46,45.15,931.17
T0000427,O0000143,INV0000214,IL0000427,2025-11-29,2025-11-29,C00433,P0096,SO04,BU2,R01,USD,891,2125.75,68.76,2009.74,15.35,63.79,31.89,104.75,1347.87
T0000428,O0000143,INV0000214,IL0000428,2026-01-04,2026-01-04,C00493,P0116,SO05,BU3,R03,USD,823,148.55,0.51,147.44,1.27,0.13,0.8,0.07,108.34
T0000429,O0000143,INV0000215,IL0000429,2025-08-16,2025-08-16,C00110,P0081,SO01,BU1,R03,USD,575,1514.55,77.43,1369.28,25.93,47.62,5.71,14.96,922.21
T0000430,O0000144,INV0000215,IL0000430,2025-09-29,2025-09-29,C00188,P0150,SO03,BU4,R02,USD,487,420.87,12.64,391.52,7.2,13.17,3.66,8.9,211.12
T0000431,O0000144,INV0000216,IL0000431,2026-05-10,2026-05-10,C00089,P0125,SO04,BU3,R01,USD,205,362.71,10.9,333.5,7.95,11.5,1.14,18.0,179.78
T0000432,O0000144,INV0000216,IL0000432,2025-12-23,2025-12-23,C00451,P0112,SO04,BU2,R02,USD,256,640.59,14.52,592.6,12.54,21.22,0.29,15.87,446.93
T0000433,O0000145,INV0000217,IL0000433,2025-11-09,2025-11-09,C00269,P0011,SO01,BU3,R03,USD,1115,1882.45,61.52,1816.38,39.41,15.86,50.72,123.46,1429.27
T0000434,O0000145,INV0000217,IL0000434,2026-09-02,2026-09-02,C00295,P0130,SO03,BU3,R04,USD,464,618.65,48.65,567.59,2.75,11.44,11.78,21.78,426.06
T0000435,O0000145,INV0000218,IL0000435,2025-09-26,2025-09-26,C00044,P0103,SO02,BU1,R02,USD,899,2019.24,26.33,1962.03,8.17,62.11,39.4,26.93,1338.01
T0000436,O0000146,INV0000218,IL0000436,2026-09-23,2026-09-23,C00377,P0135,SO03,BU4,R01,USD,506,187.88,14.59,162.59,1.82,9.55,0.67,4.82,125.52
T0000437,O0000146,INV0000219,IL0000437,2025-12-23,2025-12-23,C00098,P0083,SO02,BU4,R01,USD,59,131.86,2.23,126.52,1.38,5.96,4.23,3.9,86.3
T0000438,O0000146,INV0000219,IL0000438,2025-08-28,2025-08-28,C00103,P0096,SO05,BU1,R04,USD,185,88.8,0.48,84.35,2.53,4.53,3.09,0.08,63.02
T0000439,O0000147,INV0000220,IL0000439,2026-12-12,2026-12-12,C00412,P0029,SO05,BU2,R02,USD,931,1338.87,44.43,1278.38,29.72,15.6,29.26,49.11,923.95
T0000440,O0000147,INV0000220,IL0000440,2026-09-30,2026-09-30,C00374,P0037,SO01,BU1,R03,USD,781,1356.28,89.99,1267.22,1.77,12.71,15.41,54.82,950.72
T0000441,O0000147,INV0000221,IL0000441,2025-02-24,2025-02-24,C00239,P0003,SO03,BU3,R04,USD,805,1564.28,103.71,1393.49,42.84,30.99,6.75,86.17,878.97
T0000442,O0000148,INV0000221,IL0000442,2026-01-31,2026-01-31,C00119,P0098,SO02,BU1,R04,USD,213,552.37,26.77,517.43,9.89,2.67,4.39,20.31,414.67
T0000443,O0000148,INV0000222,IL0000443,2026-12-31,2026-12-31,C00012,P0011,SO03,BU4,R02,USD,1094,1087.65,53.29,1038.74,24.29,1.1,29.77,21.98,630.3
T0000444,O0000148,INV0000222,IL0000444,2026-05-29,2026-05-29,C00142,P0016,SO04,BU1,R03,USD,802,2051.03,167.13,1842.48,1.81,62.6,22.99,115.71,1071.62
T0000445,O0000149,INV0000223,IL0000445,2026-11-04,2026-11-04,C00071,P0023,SO03,BU1,R04,USD,1076,2953.4,180.88,2708.56,55.42,36.94,28.4,184.01,1543.95
T0000446,O0000149,INV0000223,IL0000446,2026-09-12,2026-09-12,C00169,P0115,SO03,BU2,R01,USD,279,204.23,2.83,196.14,3.32,8.99,7.05,9.68,115.7
T0000447,O0000149,INV0000224,IL0000447,2026-06-21,2026-06-21,C00466,P0035,SO04,BU2,R01,USD,307,593.15,33.5,567.28,2.81,2.21,12.65,7.31,404.2
T0000448,O0000150,INV0000224,IL0000448,2025-05-30,2025-05-30,C00373,P0008,SO01,BU3,R03,USD,857,2353.66,71.4,2183.2,52.65,106.37,59.96,23.22,1616.34
T0000449,O0000150,INV0000225,IL0000449,2025-07-12,2025-07-12,C00055,P0034,SO01,BU2,R04,USD,63,139.59,8.54,126.87,1.12,4.35,1.29,6.1,76.08
T0000450,O0000150,INV0000225,IL0000450,2026-01-03,2026-01-03,C00041,P0123,SO05,BU1,R01,USD,1038,2531.89,118.69,2377.48,49.34,25.62,39.24,27.26,1551.23
T0000451,O0000151,INV0000226,IL0000451,2025-08-20,2025-08-20,C00017,P0105,SO01,BU1,R01,USD,562,1526.95,33.98,1457.68,30.75,17.03,12.49,97.42,808.65
T0000452,O0000151,INV0000226,IL0000452,2026-03-26,2026-03-26,C00444,P0126,SO01,BU3,R02,USD,947,2414.76,103.24,2254.17,56.23,80.74,79.62,62.19,1646.04
T0000453,O0000151,INV0000227,IL0000453,2026-08-09,2026-08-09,C00305,P0138,SO02,BU1,R01,USD,88,138.17,6.24,133.68,3.43,0.32,5.5,3.7,86.39
T0000454,O0000152,INV0000227,IL0000454,2025-02-10,2025-02-10,C00286,P0100,SO02,BU1,R03,USD,110,75.56,3.32,67.88,2.0,3.22,0.86,1.4,39.79
T0000455,O0000152,INV0000228,IL0000455,2025-02-25,2025-02-25,C00354,P0133,SO05,BU1,R01,USD,959,2297.57,103.78,2201.25,49.81,14.3,71.57,107.26,1706.17
T0000456,O0000152,INV0000228,IL0000456,2025-05-19,2025-05-19,C00202,P0106,SO01,BU3,R01,USD,933,229.98,10.43,210.15,6.19,11.33,8.12,4.77,116.2
T0000457,O0000153,INV0000229,IL0000457,2026-10-27,2026-10-27,C00465,P0042,SO04,BU4,R01,USD,196,95.02,4.27,88.44,1.03,2.74,1.46,3.17,66.66
T0000458,O0000153,INV0000229,IL0000458,2025-06-13,2025-06-13,C00194,P0141,SO03,BU1,R01,USD,99,220.9,20.15,190.32,3.75,8.01,1.33,2.38,159.77
T0000459,O0000153,INV0000230,IL0000459,2026-12-31,2026-12-31,C00027,P0108,SO05,BU2,R02,USD,643,1369.27,131.58,1261.43,11.86,13.61,49.21,0.31,1025.48
T0000460,O0000154,INV0000230,IL0000460,2025-09-17,2025-09-17,C00007,P0118,SO01,BU4,R04,USD,1031,1681.66,0.97,1653.77,44.53,22.0,39.61,47.48,1031.19
T0000461,O0000154,INV0000231,IL0000461,2025-03-23,2025-03-23,C00308,P0002,SO03,BU4,R02,USD,1130,1042.54,65.54,947.15,25.65,11.91,7.71,23.14,516.49
T0000462,O0000154,INV0000231,IL0000462,2025-05-29,2025-05-29,C00438,P0009,SO04,BU3,R03,USD,621,660.81,5.8,620.99,2.16,36.12,4.26,28.73,369.81
T0000463,O0000155,INV0000232,IL0000463,2026-12-18,2026-12-18,C00305,P0147,SO03,BU2,R01,USD,373,1029.48,77.14,970.84,11.12,2.03,31.65,61.0,587.21
T0000464,O0000155,INV0000232,IL0000464,2025-03-11,2025-03-11,C00389,P0110,SO03,BU2,R03,USD,142,136.59,1.84,132.72,2.85,2.06,2.88,6.46,85.63
T0000465,O0000155,INV0000233,IL0000465,2026-09-19,2026-09-19,C00030,P0028,SO04,BU3,R03,USD,1093,3077.67,148.86,2828.57,63.58,158.08,121.42,120.55,1724.76
T0000466,O0000156,INV0000233,IL0000466,2025-11-21,2025-11-21,C00133,P0135,SO04,BU3,R03,USD,734,1949.06,119.73,1760.94,29.03,78.17,38.81,108.93,1376.49
T0000467,O0000156,INV0000234,IL0000467,2025-08-27,2025-08-27,C00363,P0075,SO02,BU3,R02,USD,13,6.44,0.3,5.78,0.15,0.26,0.05,0.17,4.2
T0000468,O0000156,INV0000234,IL0000468,2025-02-16,2025-02-16,C00171,P0090,SO03,BU2,R02,USD,444,93.33,1.88,87.75,0.79,4.06,1.15,1.99,58.04
T0000469,O0000157,INV0000235,IL0000469,2025-01-07,2025-01-07,C00059,P0086,SO01,BU3,R02,USD,821,1735.68,106.92,1633.42,1.52,16.77,22.95,76.89,997.36
T0000470,O0000157,INV0000235,IL0000470,2026-05-01,2026-05-01,C00409,P0010,SO05,BU1,R01,USD,996,592.52,27.29,531.61,15.38,29.2,10.96,34.53,419.48
T0000471,O0000157,INV0000236,IL0000471,2025-02-27,2025-02-27,C00428,P0134,SO05,BU2,R02,USD,1167,2469.02,77.9,2390.85,39.69,28.28,67.7,148.62,1737.87
T0000472,O0000158,INV0000236,IL0000472,2025-12-29,2025-12-29,C00034,P0039,SO04,BU1,R01,USD,73,79.24,2.97,76.2,1.27,0.72,1.92,0.62,42.19
T0000473,O0000158,INV0000237,IL0000473,2025-11-12,2025-11-12,C00362,P0081,SO02,BU2,R01,USD,566,727.31,36.15,695.55,5.19,18.08,27.66,14.72,393.12
T0000474,O0000158,INV0000237,IL0000474,2025-04-25,2025-04-25,C00192,P0010,SO02,BU3,R04,USD,199,271.62,0.68,261.61,3.93,7.47,2.07,13.41,200.62
T0000475,O0000159,INV0000238,IL0000475,2026-06-21,2026-06-21,C00159,P0084,SO05,BU1,R04,USD,211,501.15,47.01,454.83,10.17,3.66,14.52,22.72,305.01
T0000476,O0000159,INV0000238,IL0000476,2026-06-19,2026-06-19,C00060,P0002,SO05,BU2,R02,USD,100,201.44,11.97,184.14,0.53,5.17,0.37,8.49,126.05
T0000477,O0000159,INV0000239,IL0000477,2025-11-16,2025-11-16,C00012,P0148,SO05,BU2,R02,USD,439,455.16,8.76,442.66,3.78,7.99,8.03,4.63,233.47
T0000478,O0000160,INV0000239,IL0000478,2025-10-08,2025-10-08,C00059,P0004,SO05,BU4,R02,USD,1156,1794.69,37.07,1717.48,18.86,31.44,10.16,34.06,1215.4
T0000479,O0000160,INV0000240,IL0000479,2025-09-08,2025-09-08,C00088,P0019,SO05,BU2,R04,USD,703,1141.18,5.79,1080.0,0.99,56.7,2.3,6.51,670.34
T0000480,O0000160,INV0000240,IL0000480,2026-02-06,2026-02-06,C00092,P0115,SO05,BU4,R02,USD,738,748.48,61.18,659.64,16.01,27.62,15.97,34.9,563.33
T0000481,O0000161,INV0000241,IL0000481,2026-04-22,2026-04-22,C00291,P0034,SO03,BU3,R02,USD,969,426.07,13.22,394.67,8.24,17.96,8.02,3.97,317.54
T0000482,O0000161,INV0000241,IL0000482,2026-09-24,2026-09-24,C00133,P0094,SO03,BU1,R03,USD,385,788.48,52.45,693.4,18.66,38.27,14.3,23.07,385.15
T0000483,O0000161,INV0000242,IL0000483,2025-12-26,2025-12-26,C00246,P0119,SO01,BU2,R03,USD,588,1311.48,79.27,1262.67,5.01,7.42,42.89,28.8,922.09
T0000484,O0000162,INV0000242,IL0000484,2026-10-28,2026-10-28,C00037,P0078,SO03,BU2,R03,USD,954,1192.69,49.31,1131.68,22.22,35.94,46.46,26.99,700.67
T0000485,O0000162,INV0000243,IL0000485,2026-12-12,2026-12-12,C00303,P0111,SO04,BU2,R04,USD,1171,2672.46,145.52,2418.95,18.93,97.39,8.33,97.23,1979.34
T0000486,O0000162,INV0000243,IL0000486,2026-05-14,2026-05-14,C00059,P0119,SO01,BU3,R02,USD,1146,505.04,22.49,478.7,4.67,11.27,12.09,19.98,339.36
T0000487,O0000163,INV0000244,IL0000487,2026-01-24,2026-01-24,C00168,P0127,SO02,BU2,R04,USD,195,148.4,2.06,142.4,2.59,6.16,4.81,6.59,102.69
T0000488,O0000163,INV0000244,IL0000488,2026-04-09,2026-04-09,C00273,P0075,SO03,BU1,R01,USD,1193,1639.06,33.71,1587.27,43.14,27.02,52.08,102.05,1098.62
T0000489,O0000163,INV0000245,IL0000489,2026-03-22,2026-03-22,C00368,P0089,SO03,BU3,R04,USD,26,47.13,2.41,41.43,1.2,2.21,0.12,2.81,34.51
T0000490,O0000164,INV0000245,IL0000490,2025-01-01,2025-01-01,C00361,P0144,SO02,BU4,R01,USD,234,580.2,50.23,512.62,4.09,22.41,9.15,13.74,330.18
T0000491,O0000164,INV0000246,IL0000491,2026-01-26,2026-01-26,C00223,P0140,SO02,BU3,R04,USD,365,528.48,9.95,503.32,6.1,26.87,17.76,35.14,276.5
T0000492,O0000164,INV0000246,IL0000492,2026-11-18,2026-11-18,C00065,P0035,SO01,BU1,R01,USD,156,298.15,4.29,286.79,7.91,10.79,11.63,2.75,154.45
T0000493,O0000165,INV0000247,IL0000493,2026-03-02,2026-03-02,C00441,P0117,SO05,BU4,R01,USD,881,1624.65,73.82,1481.88,20.67,73.28,25.0,44.06,882.52
T0000494,O0000165,INV0000247,IL0000494,2025-01-08,2025-01-08,C00296,P0128,SO03,BU4,R04,USD,1037,932.16,86.37,829.36,16.12,1.72,1.41,21.4,573.57
T0000495,O0000165,INV0000248,IL0000495,2026-08-18,2026-08-18,C00247,P0021,SO05,BU1,R04,USD,1088,3053.15,300.33,2612.96,71.34,78.07,9.55,16.18,2226.28
T0000496,O0000166,INV0000248,IL0000496,2026-04-29,2026-04-29,C00323,P0020,SO03,BU2,R02,USD,1197,1214.24,6.41,1166.1,12.51,51.99,22.77,38.3,757.13
T0000497,O0000166,INV0000249,IL0000497,2025-12-06,2025-12-06,C00216,P0091,SO05,BU2,R04,USD,602,377.57,26.24,350.11,6.77,6.31,11.86,15.42,208.77
T0000498,O0000166,INV0000249,IL0000498,2026-08-16,2026-08-16,C00087,P0147,SO02,BU2,R04,USD,607,1420.26,88.67,1341.64,12.22,6.45,28.72,26.09,1020.32
T0000499,O0000167,INV0000250,IL0000499,2025-05-16,2025-05-16,C00316,P0072,SO04,BU1,R02,USD,536,116.79,1.3,111.79,0.61,3.8,0.71,6.32,70.67
T0000500,O0000167,INV0000250,IL0000500,2025-09-25,2025-09-25,C00401,P0061,SO01,BU4,R01,USD,380,879.43,75.81,795.59,9.05,4.08,5.1,8.58,652.1
T0000501,O0000167,INV0000251,IL0000501,2026-05-23,2026-05-23,C00386,P0106,SO03,BU1,R01,USD,497,966.17,70.14,893.01,4.85,30.7,32.53,16.53,478.46
T0000502,O0000168,INV0000251,IL0000502,2025-04-29,2025-04-29,C00027,P0043,SO05,BU3,R02,USD,826,1198.94,57.1,1058.11,34.11,60.83,11.21,28.89,804.95
T0000503,O0000168,INV0000252,IL0000503,2025-09-26,2025-09-26,C00075,P0136,SO04,BU2,R02,USD,34,32.34,2.58,29.52,0.37,0.56,0.69,0.2,24.18
T0000504,O0000168,INV0000252,IL0000504,2026-06-29,2026-06-29,C00327,P0091,SO04,BU2,R04,USD,568,610.26,16.3,579.75,1.8,21.96,9.55,30.4,425.04
T0000505,O0000169,INV0000253,IL0000505,2026-11-20,2026-11-20,C00302,P0050,SO02,BU1,R03,USD,701,1394.64,138.52,1242.67,13.11,0.81,0.47,35.77,695.96
T0000506,O0000169,INV0000253,IL0000506,2026-06-22,2026-06-22,C00054,P0115,SO02,BU4,R03,USD,459,971.43,24.47,915.09,0.99,33.09,2.21,57.26,627.89
T0000507,O0000169,INV0000254,IL0000507,2025-08-11,2025-08-11,C00487,P0032,SO04,BU4,R04,USD,186,458.81,5.96,431.5,9.03,22.71,10.39,27.06,344.48
T0000508,O0000170,INV0000254,IL0000508,2026-12-14,2026-12-14,C00095,P0065,SO05,BU2,R04,USD,966,1877.42,14.21,1792.68,25.54,102.77,57.78,83.77,1265.05
T0000509,O0000170,INV0000255,IL0000509,2025-11-28,2025-11-28,C00132,P0042,SO03,BU3,R02,USD,577,1301.08,49.81,1283.72,12.98,4.3,49.73,39.59,720.94
T0000510,O0000170,INV0000255,IL0000510,2026-05-19,2026-05-19,C00476,P0052,SO05,BU4,R02,USD,814,534.31,26.29,487.79,2.31,22.59,4.67,31.16,352.72
T0000511,O0000171,INV0000256,IL0000511,2025-09-23,2025-09-23,C00053,P0009,SO03,BU3,R03,USD,154,262.65,6.58,241.17,3.51,12.95,1.56,15.75,173.16
T0000512,O0000171,INV0000256,IL0000512,2026-11-12,2026-11-12,C00200,P0069,SO05,BU1,R04,USD,685,1777.78,102.16,1591.12,27.49,91.9,34.89,94.01,1070.39
T0000513,O0000171,INV0000257,IL0000513,2025-03-13,2025-03-13,C00277,P0058,SO01,BU1,R03,USD,797,2173.9,177.82,1978.13,31.44,67.82,81.31,94.41,1261.94
T0000514,O0000172,INV0000257,IL0000514,2026-02-15,2026-02-15,C00029,P0024,SO02,BU4,R03,USD,1104,2714.07,92.3,2471.24,68.49,113.52,31.48,95.92,1457.11
T0000515,O0000172,INV0000258,IL0000515,2026-01-29,2026-01-29,C00339,P0049,SO05,BU2,R02,USD,808,2079.47,131.13,1968.85,22.41,9.71,52.63,19.29,1426.29
T0000516,O0000172,INV0000258,IL0000516,2025-07-17,2025-07-17,C00013,P0062,SO01,BU4,R03,USD,806,280.65,15.17,264.02,2.59,8.24,9.37,18.4,170.02
T0000517,O0000173,INV0000259,IL0000517,2025-02-07,2025-02-07,C00174,P0015,SO01,BU3,R03,USD,97,122.48,2.59,118.58,2.4,3.52,4.61,4.45,88.63
T0000518,O0000173,INV0000259,IL0000518,2026-08-17,2026-08-17,C00120,P0019,SO02,BU2,R04,USD,299,444.1,0.85,420.37,12.09,15.1,4.31,0.42,293.84
T0000519,O0000173,INV0000260,IL0000519,2026-10-10,2026-10-10,C00026,P0079,SO04,BU4,R01,USD,944,1710.53,142.89,1495.26,3.28,76.91,7.81,64.44,1106.02
T0000520,O0000174,INV0000260,IL0000520,2025-03-06,2025-03-06,C00412,P0052,SO04,BU2,R02,USD,700,1642.76,161.35,1482.8,33.43,29.3,64.12,14.25,1053.45
T0000521,O0000174,INV0000261,IL0000521,2025-08-07,2025-08-07,C00392,P0012,SO04,BU3,R04,USD,365,392.67,4.74,388.24,1.66,8.97,10.94,11.92,249.33
T0000522,O0000174,INV0000261,IL0000522,2026-08-19,2026-08-19,C00021,P0035,SO04,BU4,R03,USD,780,1759.99,2.75,1743.55,25.71,0.61,12.63,79.55,888.72
T0000523,O0000175,INV0000262,IL0000523,2025-10-18,2025-10-18,C00214,P0122,SO05,BU1,R03,USD,432,242.78,6.58,231.43,3.28,3.19,1.7,9.66,163.55
T0000524,O0000175,INV0000262,IL0000524,2026-05-27,2026-05-27,C00314,P0023,SO05,BU2,R01,USD,722,937.3,52.27,865.39,5.4,50.86,36.62,52.26,612.34
T0000525,O0000175,INV0000263,IL0000525,2026-07-07,2026-07-07,C00260,P0057,SO05,BU3,R02,USD,436,400.29,7.75,383.39,9.57,15.09,15.51,4.73,245.31
T0000526,O0000176,INV0000263,IL0000526,2026-11-18,2026-11-18,C00473,P0012,SO02,BU2,R01,USD,755,710.53,30.88,662.61,7.13,31.46,21.55,34.34,349.67
T0000527,O0000176,INV0000264,IL0000527,2026-07-05,2026-07-05,C00091,P0041,SO01,BU1,R02,USD,1003,1559.46,11.05,1535.41,11.01,38.15,36.16,80.3,931.53
T0000528,O0000176,INV0000264,IL0000528,2025-11-30,2025-11-30,C00118,P0029,SO01,BU3,R03,USD,476,210.3,15.51,186.82,5.49,4.34,1.86,6.33,128.68
T0000529,O0000177,INV0000265,IL0000529,2026-03-23,2026-03-23,C00075,P0056,SO05,BU4,R02,USD,941,616.73,23.03,587.49,8.47,6.59,8.85,13.81,342.6
T0000530,O0000177,INV0000265,IL0000530,2025-02-02,2025-02-02,C00355,P0146,SO02,BU2,R02,USD,584,317.99,27.08,287.92,4.37,2.99,4.37,12.17,231.56
T0000531,O0000177,INV0000266,IL0000531,2026-10-16,2026-10-16,C00488,P0044,SO04,BU3,R04,USD,1142,2812.63,24.32,2752.34,72.31,75.68,112.02,161.26,1815.95
T0000532,O0000178,INV0000266,IL0000532,2025-10-13,2025-10-13,C00008,P0110,SO03,BU4,R04,USD,517,544.87,31.57,484.24,14.58,17.73,3.25,0.17,349.06
T0000533,O0000178,INV0000267,IL0000533,2025-02-15,2025-02-15,C00021,P0121,SO02,BU1,R03,USD,78,102.69,4.05,92.62,2.49,3.93,0.4,0.54,63.53
T0000534,O0000178,INV0000267,IL0000534,2025-01-13,2025-01-13,C00355,P0105,SO02,BU3,R02,USD,281,319.47,7.64,310.53,9.57,0.28,8.55,9.98,167.82
T0000535,O0000179,INV0000268,IL0000535,2026-08-08,2026-08-08,C00383,P0150,SO01,BU1,R04,USD,941,1334.53,18.5,1320.83,28.15,13.57,46.52,65.08,874.79
T0000536,O0000179,INV0000268,IL0000536,2025-01-02,2025-01-02,C00441,P0019,SO03,BU1,R01,USD,691,1103.94,32.74,1030.94,24.93,42.38,27.05,14.95,707.7
T0000537,O0000179,INV0000269,IL0000537,2026-12-03,2026-12-03,C00042,P0086,SO02,BU2,R01,USD,1064,2877.06,194.1,2630.83,76.64,17.56,42.07,67.32,1879.75
T0000538,O0000180,INV0000269,IL0000538,2025-06-29,2025-06-29,C00332,P0144,SO03,BU3,R02,USD,1158,2401.58,49.16,2261.11,70.7,31.52,10.91,148.65,1474.52
T0000539,O0000180,INV0000270,IL0000539,2026-08-18,2026-08-18,C00447,P0054,SO03,BU4,R04,USD,666,747.05,19.97,702.34,15.24,11.39,1.89,23.9,430.8
T0000540,O0000180,INV0000270,IL0000540,2026-06-24,2026-06-24,C00425,P0032,SO01,BU4,R01,USD,1099,2188.22,116.6,2047.71,19.19,74.73,70.01,115.93,1629.57
T0000541,O0000181,INV0000271,IL0000541,2025-03-09,2025-03-09,C00097,P0118,SO03,BU3,R01,USD,174,212.82,3.81,203.39,6.12,0.9,1.4,2.11,108.83
T0000542,O0000181,INV0000271,IL0000542,2025-06-04,2025-06-04,C00448,P0053,SO02,BU1,R04,USD,56,53.92,5.23,48.17,0.88,0.39,0.75,2.17,32.58
T0000543,O0000181,INV0000272,IL0000543,2025-10-26,2025-10-26,C00097,P0017,SO01,BU1,R01,USD,485,1168.51,60.72,1089.48,11.77,37.19,30.65,37.08,818.32
T0000544,O0000182,INV0000272,IL0000544,2026-11-13,2026-11-13,C00357,P0136,SO03,BU2,R03,USD,921,1292.07,73.29,1202.97,34.82,21.78,40.79,31.32,702.24
T0000545,O0000182,INV0000273,IL0000545,2025-10-23,2025-10-23,C00395,P0013,SO05,BU1,R02,USD,733,688.51,65.84,618.54,12.78,6.09,14.74,7.59,365.63
T0000546,O0000182,INV0000273,IL0000546,2026-12-27,2026-12-27,C00355,P0040,SO01,BU2,R02,USD,497,244.62,24.31,213.78,4.22,5.93,3.62,10.58,131.47
T0000547,O0000183,INV0000274,IL0000547,2026-11-13,2026-11-13,C00163,P0089,SO05,BU1,R02,USD,773,1064.65,103.85,937.71,17.04,7.11,1.06,50.45,788.59
T0000548,O0000183,INV0000274,IL0000548,2026-04-15,2026-04-15,C00476,P0082,SO05,BU1,R02,USD,18,49.87,2.72,45.2,0.76,1.78,0.59,3.07,36.45
T0000549,O0000183,INV0000275,IL0000549,2026-08-11,2026-08-11,C00342,P0038,SO04,BU3,R03,USD,915,992.13,11.14,991.45,14.26,2.19,26.91,1.72,508.69
T0000550,O0000184,INV0000275,IL0000550,2026-09-25,2026-09-25,C00431,P0057,SO05,BU3,R04,USD,741,316.33,1.74,301.16,6.09,10.15,2.81,5.86,234.71
T0000551,O0000184,INV0000276,IL0000551,2025-01-24,2025-01-24,C00043,P0138,SO05,BU3,R02,USD,188,523.67,20.65,488.66,7.71,17.37,10.72,22.81,259.58
T0000552,O0000184,INV0000276,IL0000552,2026-02-12,2026-02-12,C00076,P0110,SO02,BU4,R02,USD,800,940.4,26.77,886.05,9.91,50.56,32.89,45.14,474.46
T0000553,O0000185,INV0000277,IL0000553,2026-03-31,2026-03-31,C00380,P0107,SO05,BU3,R02,USD,601,371.0,27.01,325.28,9.99,14.87,6.15,13.61,264.87
T0000554,O0000185,INV0000277,IL0000554,2025-05-28,2025-05-28,C00107,P0078,SO01,BU4,R02,USD,1085,3053.52,20.19,2829.2,87.95,126.98,10.8,181.09,1815.77
T0000555,O0000185,INV0000278,IL0000555,2026-03-01,2026-03-01,C00090,P0143,SO05,BU3,R01,USD,1173,2576.49,35.28,2529.81,14.38,54.1,57.08,146.32,1267.18
T0000556,O0000186,INV0000278,IL0000556,2026-08-23,2026-08-23,C00156,P0127,SO03,BU2,R02,USD,959,747.54,59.15,691.75,3.45,12.34,19.15,6.01,492.06
T0000557,O0000186,INV0000279,IL0000557,2026-11-13,2026-11-13,C00458,P0074,SO04,BU2,R01,USD,377,562.97,38.72,522.66,4.13,3.7,6.24,2.44,426.96
T0000558,O0000186,INV0000279,IL0000558,2026-01-06,2026-01-06,C00298,P0124,SO04,BU3,R01,USD,903,2256.15,141.69,2006.88,32.22,86.15,10.79,80.81,1406.73
T0000559,O0000187,INV0000280,IL0000559,2025-09-23,2025-09-23,C00084,P0149,SO02,BU2,R02,USD,309,319.35,28.05,290.61,1.3,2.87,3.48,18.55,190.8
T0000560,O0000187,INV0000280,IL0000560,2025-12-31,2025-12-31,C00025,P0075,SO05,BU2,R01,USD,1094,2063.28,15.85,2027.27,12.0,71.27,63.11,23.72,1336.29
T0000561,O0000187,INV0000281,IL0000561,2025-11-27,2025-11-27,C00447,P0081,SO05,BU2,R04,USD,565,1135.71,78.18,1055.43,3.27,36.23,37.4,38.28,549.24
T0000562,O0000188,INV0000281,IL0000562,2026-01-17,2026-01-17,C00399,P0125,SO04,BU2,R04,USD,706,1862.99,30.37,1830.83,12.18,51.58,61.97,71.6,1308.99
T0000563,O0000188,INV0000282,IL0000563,2026-12-08,2026-12-08,C00426,P0135,SO03,BU2,R01,USD,1138,2338.59,187.69,2014.7,29.28,117.82,10.9,2.45,1208.45
T0000564,O0000188,INV0000282,IL0000564,2025-12-23,2025-12-23,C00160,P0093,SO05,BU1,R04,USD,915,2338.37,139.75,2167.46,53.57,43.99,66.4,123.59,1141.25
T0000565,O0000189,INV0000283,IL0000565,2025-08-16,2025-08-16,C00066,P0037,SO03,BU4,R01,USD,639,328.89,4.28,321.64,0.78,12.5,10.31,17.44,165.03
T0000566,O0000189,INV0000283,IL0000566,2026-03-18,2026-03-18,C00022,P0051,SO04,BU4,R03,USD,77,176.91,9.08,168.15,0.31,1.16,1.79,7.86,88.2
T0000567,O0000189,INV0000284,IL0000567,2025-04-09,2025-04-09,C00401,P0032,SO05,BU4,R01,USD,430,752.03,15.04,725.03,15.13,1.21,4.38,14.08,518.1
T0000568,O0000190,INV0000284,IL0000568,2026-08-17,2026-08-17,C00179,P0091,SO01,BU2,R02,USD,1035,2343.96,143.67,2232.82,35.5,8.81,76.84,82.66,1626.02
T0000569,O0000190,INV0000285,IL0000569,2025-07-16,2025-07-16,C00494,P0073,SO01,BU2,R03,USD,1110,212.68,15.43,187.82,5.9,10.77,7.24,9.18,130.36
T0000570,O0000190,INV0000285,IL0000570,2025-07-09,2025-07-09,C00226,P0028,SO01,BU2,R01,USD,736,2060.87,87.4,1958.25,31.79,46.2,62.77,63.86,1170.57
T0000571,O0000191,INV0000286,IL0000571,2026-06-17,2026-06-17,C00070,P0127,SO02,BU4,R03,USD,600,1000.5,4.06,991.57,9.85,6.37,11.35,21.66,648.43
T0000572,O0000191,INV0000286,IL0000572,2026-03-31,2026-03-31,C00116,P0142,SO04,BU2,R02,USD,605,1699.93,72.75,1554.39,43.69,83.66,54.56,39.98,1262.95
T0000573,O0000191,INV0000287,IL0000573,2025-01-14,2025-01-14,C00346,P0126,SO04,BU4,R01,USD,821,1108.02,72.97,1041.24,2.83,8.74,17.76,7.41,715.07
T0000574,O0000192,INV0000287,IL0000574,2025-06-22,2025-06-22,C00034,P0094,SO02,BU3,R01,USD,703,502.43,42.41,456.03,6.09,6.44,8.54,24.41,311.38
T0000575,O0000192,INV0000288,IL0000575,2026-08-19,2026-08-19,C00304,P0070,SO03,BU1,R04,USD,739,1071.92,64.65,977.65,13.01,28.57,11.96,7.39,745.03
T0000576,O0000192,INV0000288,IL0000576,2025-09-14,2025-09-14,C00251,P0128,SO03,BU4,R02,USD,285,73.93,5.45,64.69,1.84,2.03,0.08,2.74,39.19
T0000577,O0000193,INV0000289,IL0000577,2025-12-01,2025-12-01,C00079,P0078,SO05,BU4,R04,USD,207,457.41,30.24,416.19,7.13,12.38,8.53,14.51,257.15
T0000578,O0000193,INV0000289,IL0000578,2026-06-01,2026-06-01,C00134,P0139,SO01,BU3,R03,USD,1117,1831.32,174.45,1678.8,1.74,43.35,67.02,36.97,1075.75
T0000579,O0000193,INV0000290,IL0000579,2026-01-21,2026-01-21,C00227,P0118,SO02,BU2,R02,USD,77,50.22,3.31,43.63,1.17,2.44,0.33,0.95,30.16
T0000580,O0000194,INV0000290,IL0000580,2026-02-03,2026-02-03,C00250,P0029,SO04,BU3,R01,USD,1014,1969.59,134.99,1816.55,33.81,51.55,67.31,49.77,1224.83
T0000581,O0000194,INV0000291,IL0000581,2026-05-22,2026-05-22,C00303,P0097,SO05,BU4,R04,USD,732,1629.8,46.36,1535.87,3.0,52.93,8.36,87.04,949.51
T0000582,O0000194,INV0000291,IL0000582,2026-08-21,2026-08-21,C00014,P0088,SO03,BU1,R03,USD,209,276.55,27.43,247.54,3.42,0.86,2.7,5.41,150.91
T0000583,O0000195,INV0000292,IL0000583,2025-03-28,2025-03-28,C00467,P0017,SO05,BU2,R02,USD,244,263.86,0.52,263.18,2.58,6.69,9.11,16.61,168.62
T0000584,O0000195,INV0000292,IL0000584,2025-10-01,2025-10-01,C00011,P0121,SO04,BU3,R02,USD,55,154.66,5.84,147.14,1.81,4.87,5.0,6.95,78.57
T0000585,O0000195,INV0000293,IL0000585,2025-12-11,2025-12-11,C00255,P0129,SO01,BU3,R04,USD,351,639.38,23.23,611.98,8.36,17.48,21.67,36.0,447.82
T0000586,O0000196,INV0000293,IL0000586,2026-07-03,2026-07-03,C00110,P0074,SO04,BU1,R03,USD,107,104.2,5.98,96.11,2.52,3.58,3.99,3.89,70.96
T0000587,O0000196,INV0000294,IL0000587,2026-08-30,2026-08-30,C00173,P0070,SO03,BU3,R03,USD,1170,2713.46,128.96,2519.41,17.07,118.74,70.72,141.81,1531.79
T0000588,O0000196,INV0000294,IL0000588,2026-03-20,2026-03-20,C00340,P0139,SO01,BU3,R02,USD,419,538.92,13.54,508.94,8.33,19.91,11.8,22.37,391.61
T0000589,O0000197,INV0000295,IL0000589,2026-06-13,2026-06-13,C00442,P0048,SO04,BU3,R01,USD,1032,772.56,74.33,690.13,17.2,19.86,28.96,29.68,486.06
T0000590,O0000197,INV0000295,IL0000590,2026-03-21,2026-03-21,C00479,P0145,SO02,BU2,R04,USD,1079,772.24,35.72,722.9,5.57,31.7,23.65,20.76,553.2
T0000591,O0000197,INV0000296,IL0000591,2025-03-07,2025-03-07,C00325,P0053,SO04,BU2,R03,USD,556,1322.89,85.46,1204.98,10.18,43.75,21.48,16.19,677.05
T0000592,O0000198,INV0000296,IL0000592,2025-09-09,2025-09-09,C00409,P0080,SO05,BU3,R01,USD,1004,1681.4,73.33,1582.74,32.63,3.42,10.72,28.63,871.3
T0000593,O0000198,INV0000297,IL0000593,2025-10-12,2025-10-12,C00338,P0141,SO01,BU2,R01,USD,96,264.32,12.84,239.71,0.16,12.5,0.89,14.55,171.4
T0000594,O0000198,INV0000297,IL0000594,2026-02-21,2026-02-21,C00460,P0094,SO03,BU3,R02,USD,822,2217.92,160.63,2099.45,9.35,13.65,65.16,76.71,1643.97
T0000595,O0000199,INV0000298,IL0000595,2026-08-18,2026-08-18,C00487,P0135,SO04,BU1,R04,USD,1026,2607.89,62.09,2454.87,9.57,115.71,34.35,67.01,1678.47
T0000596,O0000199,INV0000298,IL0000596,2025-08-30,2025-08-30,C00479,P0109,SO02,BU3,R04,USD,305,141.89,3.04,139.39,1.17,3.19,4.9,5.21,70.33
T0000597,O0000199,INV0000299,IL0000597,2026-12-18,2026-12-18,C00486,P0029,SO01,BU3,R03,USD,1127,1478.06,100.91,1318.34,42.72,71.49,55.4,66.04,859.7
T0000598,O0000200,INV0000299,IL0000598,2025-11-12,2025-11-12,C00011,P0009,SO02,BU2,R02,USD,500,427.75,16.46,402.06,8.2,16.48,15.45,15.05,287.39
T0000599,O0000200,INV0000300,IL0000599,2025-08-31,2025-08-31,C00440,P0114,SO03,BU1,R04,USD,26,67.84,2.67,62.47,1.99,0.95,0.24,1.03,48.19
T0000600,O0000200,INV0000300,IL0000600,2025-08-04,2025-08-04,C00441,P0042,SO05,BU3,R01,USD,659,1666.08,127.75,1572.66,20.31,3.1,57.74,103.54,1183.74
T0000601,O0000201,INV0000301,IL0000601,2026-04-28,2026-04-28,C00378,P0106,SO01,BU3,R01,USD,875,2205.88,180.94,1930.32,54.56,84.74,44.68,81.36,1276.15
T0000602,O0000201,INV0000301,IL0000602,2026-07-15,2026-07-15,C00378,P0084,SO05,BU3,R01,USD,66,146.16,9.37,136.17,0.81,3.56,3.75,1.91,70.28
T0000603,O0000201,INV0000302,IL0000603,2025-11-09,2025-11-09,C00161,P0148,SO03,BU3,R01,USD,236,141.93,7.33,128.32,4.13,6.48,4.33,6.16,101.78
T0000604,O0000202,INV0000302,IL0000604,2025-11-24,2025-11-24,C00232,P0123,SO05,BU1,R04,USD,543,349.26,20.71,320.89,3.43,5.41,1.18,8.84,203.59
T0000605,O0000202,INV0000303,IL0000605,2026-01-22,2026-01-22,C00484,P0147,SO03,BU4,R02,USD,52,141.0,13.02,125.49,2.74,4.86,5.11,1.74,106.14
T0000606,O0000202,INV0000303,IL0000606,2026-12-20,2026-12-20,C00437,P0044,SO02,BU2,R03,USD,831,1520.81,91.31,1352.91,6.81,80.13,10.35,1.34,971.54
T0000607,O0000203,INV0000304,IL0000607,2026-06-23,2026-06-23,C00223,P0117,SO01,BU4,R04,USD,252,196.41,3.99,180.15,5.57,8.79,2.09,4.82,135.33
T0000608,O0000203,INV0000304,IL0000608,2026-03-18,2026-03-18,C00439,P0053,SO05,BU4,R04,USD,451,1279.58,36.21,1208.84,26.0,29.44,20.91,24.56,666.49
T0000609,O0000203,INV0000305,IL0000609,2025-09-26,2025-09-26,C00121,P0116,SO03,BU4,R01,USD,767,1331.82,86.2,1254.26,3.43,34.35,46.42,34.9,1002.64
T0000610,O0000204,INV0000305,IL0000610,2025-08-06,2025-08-06,C00366,P0099,SO04,BU2,R03,USD,534,200.3,11.16,182.34,0.31,10.26,3.77,7.74,116.01
T0000611,O0000204,INV0000306,IL0000611,2026-11-18,2026-11-18,C00496,P0012,SO01,BU1,R04,USD,529,807.84,30.77,727.83,23.69,29.82,4.27,2.1,589.58
T0000612,O0000204,INV0000306,IL0000612,2025-07-03,2025-07-03,C00134,P0044,SO02,BU1,R03,USD,1019,2714.62,238.32,2475.78,10.74,47.38,57.6,20.25,1410.8
T0000613,O0000205,INV0000307,IL0000613,2025-02-15,2025-02-15,C00066,P0128,SO04,BU1,R01,USD,748,1984.52,56.15,1869.71,52.21,66.9,60.45,40.97,1099.13
T0000614,O0000205,INV0000307,IL0000614,2025-06-18,2025-06-18,C00162,P0126,SO05,BU1,R01,USD,1148,2821.32,185.48,2576.79,67.56,8.26,16.77,6.47,1535.82
T0000615,O0000205,INV0000308,IL0000615,2025-09-24,2025-09-24,C00084,P0120,SO04,BU2,R02,USD,247,700.79,64.98,641.09,0.86,13.74,19.88,22.12,431.59
T0000616,O0000206,INV0000308,IL0000616,2025-06-01,2025-06-01,C00064,P0090,SO03,BU3,R04,USD,427,1066.65,19.27,1023.78,5.39,29.85,11.64,41.97,778.07
T0000617,O0000206,INV0000309,IL0000617,2026-08-21,2026-08-21,C00498,P0002,SO02,BU1,R01,USD,1178,779.95,71.79,683.97,5.76,21.37,2.94,13.61,446.15
T0000618,O0000206,INV0000309,IL0000618,2026-11-28,2026-11-28,C00063,P0101,SO02,BU4,R04,USD,227,548.14,8.43,527.8,1.33,25.04,14.46,35.29,332.8
T0000619,O0000207,INV0000310,IL0000619,2026-09-01,2026-09-01,C00337,P0002,SO01,BU3,R01,USD,99,191.27,18.19,169.14,1.86,7.7,5.62,6.74,143.08
T0000620,O0000207,INV0000310,IL0000620,2025-08-05,2025-08-05,C00442,P0013,SO05,BU2,R01,USD,671,1550.75,115.34,1364.32,25.46,51.37,5.74,22.93,855.15
T0000621,O0000207,INV0000311,IL0000621,2026-02-13,2026-02-13,C00046,P0006,SO02,BU3,R03,USD,343,417.53,16.8,373.27,8.11,21.92,2.57,20.93,235.32
T0000622,O0000208,INV0000311,IL0000622,2025-11-14,2025-11-14,C00463,P0034,SO02,BU4,R04,USD,206,494.73,25.36,447.44,7.27,24.09,9.43,13.25,315.47
T0000623,O0000208,INV0000312,IL0000623,2026-03-09,2026-03-09,C00416,P0095,SO05,BU4,R04,USD,391,523.59,22.31,500.51,0.64,9.84,9.71,24.04,284.2
T0000624,O0000208,INV0000312,IL0000624,2025-06-08,2025-06-08,C00477,P0127,SO02,BU1,R03,USD,1084,438.15,20.52,402.53,1.04,19.32,5.26,19.28,331.05
T0000625,O0000209,INV0000313,IL0000625,2025-11-04,2025-11-04,C00431,P0064,SO02,BU1,R04,USD,885,857.48,4.09,852.98,1.97,2.13,3.69,5.64,513.61
T0000626,O0000209,INV0000313,IL0000626,2026-11-08,2026-11-08,C00369,P0146,SO04,BU1,R01,USD,737,634.19,5.19,632.23,9.58,3.97,16.78,8.06,336.29
T0000627,O0000209,INV0000314,IL0000627,2026-02-07,2026-02-07,C00024,P0022,SO04,BU2,R04,USD,619,630.27,45.64,575.08,14.32,15.6,20.37,36.96,362.77
T0000628,O0000210,INV0000314,IL0000628,2025-07-11,2025-07-11,C00109,P0048,SO03,BU3,R03,USD,541,1356.4,14.42,1326.13,21.74,0.44,6.33,44.29,716.3
T0000629,O0000210,INV0000315,IL0000629,2026-12-10,2026-12-10,C00208,P0125,SO05,BU2,R04,USD,748,1514.03,145.82,1275.86,30.66,67.0,5.31,17.04,784.01
T0000630,O0000210,INV0000315,IL0000630,2025-01-17,2025-01-17,C00357,P0049,SO01,BU1,R03,USD,438,641.49,9.31,619.84,4.65,29.71,22.02,3.74,404.65
T0000631,O0000211,INV0000316,IL0000631,2026-04-20,2026-04-20,C00076,P0122,SO04,BU2,R02,USD,54,26.51,2.39,23.39,0.59,0.65,0.51,0.74,12.87
T0000632,O0000211,INV0000316,IL0000632,2025-09-06,2025-09-06,C00104,P0076,SO04,BU3,R04,USD,812,256.59,0.2,251.53,4.85,10.06,10.05,12.98,184.13
T0000633,O0000211,INV0000317,IL0000633,2026-09-03,2026-09-03,C00375,P0142,SO05,BU2,R04,USD,85,125.94,6.12,116.77,2.23,4.24,3.42,3.99,89.25
T0000634,O0000212,INV0000317,IL0000634,2025-03-04,2025-03-04,C00271,P0005,SO04,BU2,R04,USD,1190,1217.73,7.73,1172.5,32.62,27.94,23.06,77.07,753.22
T0000635,O0000212,INV0000318,IL0000635,2025-12-22,2025-12-22,C00230,P0112,SO01,BU1,R03,USD,340,322.66,6.2,311.85,3.33,4.12,2.84,7.4,237.01
T0000636,O0000212,INV0000318,IL0000636,2026-09-09,2026-09-09,C00437,P0120,SO05,BU1,R03,USD,610,1287.34,50.25,1187.95,16.1,66.64,33.6,39.28,747.78
T0000637,O0000213,INV0000319,IL0000637,2025-06-15,2025-06-15,C00319,P0054,SO05,BU2,R04,USD,186,364.75,4.71,347.18,2.18,12.15,1.47,24.15,217.56
T0000638,O0000213,INV0000319,IL0000638,2025-11-07,2025-11-07,C00121,P0054,SO03,BU2,R01,USD,106,301.89,10.83,279.57,2.36,11.24,2.11,9.85,217.56
T0000639,O0000213,INV0000320,IL0000639,2025-03-07,2025-03-07,C00173,P0111,SO04,BU4,R03,USD,474,238.04,5.33,229.79,1.84,4.46,3.38,14.12,117.37
T0000640,O0000214,INV0000320,IL0000640,2025-10-01,2025-10-01,C00459,P0039,SO02,BU1,R02,USD,223,460.74,42.69,415.93,6.05,11.58,15.51,3.08,235.47
T0000641,O0000214,INV0000321,IL0000641,2026-09-18,2026-09-18,C00313,P0027,SO03,BU2,R01,USD,95,145.78,2.44,143.28,0.52,1.65,2.11,7.1,99.7
T0000642,O0000214,INV0000321,IL0000642,2026-06-03,2026-06-03,C00256,P0026,SO05,BU1,R04,USD,754,809.34,11.15,771.5,20.6,19.55,13.46,13.25,562.76
T0000643,O0000215,INV0000322,IL0000643,2026-05-01,2026-05-01,C00175,P0074,SO02,BU1,R04,USD,360,146.74,5.47,138.94,3.32,2.91,3.9,7.33,76.66
T0000644,O0000215,INV0000322,IL0000644,2026-03-08,2026-03-08,C00404,P0059,SO05,BU1,R02,USD,888,1140.01,46.66,1060.44,15.69,53.45,36.23,2.21,662.68
T0000645,O0000215,INV0000323,IL0000645,2025-05-30,2025-05-30,C00395,P0003,SO02,BU1,R02,USD,152,61.77,1.94,57.6,1.82,0.56,0.15,2.66,42.78
T0000646,O0000216,INV0000323,IL0000646,2026-10-19,2026-10-19,C00078,P0148,SO02,BU2,R03,USD,1074,2982.5,125.06,2767.43,79.26,114.96,104.21,60.77,2034.17
T0000647,O0000216,INV0000324,IL0000647,2025-12-19,2025-12-19,C00005,P0072,SO02,BU1,R03,USD,310,635.44,28.35,604.19,3.91,19.03,20.04,29.5,421.02
T0000648,O0000216,INV0000324,IL0000648,2026-10-27,2026-10-27,C00208,P0051,SO05,BU2,R04,USD,182,50.72,1.7,46.12,1.1,2.06,0.26,0.92,38.43
T0000649,O0000217,INV0000325,IL0000649,2025-04-06,2025-04-06,C00262,P0142,SO05,BU2,R03,USD,1077,1173.61,74.6,1066.07,0.82,57.47,25.35,62.11,648.34
T0000650,O0000217,INV0000325,IL0000650,2025-11-08,2025-11-08,C00372,P0109,SO02,BU1,R02,USD,236,503.72,42.39,445.83,3.93,14.06,2.49,29.38,348.49
T0000651,O0000217,INV0000326,IL0000651,2026-04-05,2026-04-05,C00153,P0147,SO01,BU1,R01,USD,938,1017.82,24.03,967.56,22.77,32.56,29.1,45.08,755.74
T0000652,O0000218,INV0000326,IL0000652,2026-09-02,2026-09-02,C00120,P0090,SO05,BU2,R04,USD,592,1160.73,94.61,1054.77,19.94,8.94,17.53,7.77,796.85
T0000653,O0000218,INV0000327,IL0000653,2026-06-13,2026-06-13,C00299,P0050,SO02,BU4,R02,USD,940,415.1,29.54,374.4,10.32,1.87,1.03,12.48,302.52
T0000654,O0000218,INV0000327,IL0000654,2026-04-02,2026-04-02,C00040,P0095,SO02,BU1,R04,USD,834,1460.0,75.77,1374.9,17.29,21.17,29.13,42.35,873.89
T0000655,O0000219,INV0000328,IL0000655,2026-05-17,2026-05-17,C00375,P0107,SO01,BU2,R04,USD,305,466.77,22.63,422.46,6.41,24.85,9.58,20.54,293.21
T0000656,O0000219,INV0000328,IL0000656,2026-04-12,2026-04-12,C00243,P0009,SO01,BU2,R02,USD,1154,1345.68,128.08,1169.58,24.29,30.24,6.51,3.3,861.36
T0000657,O0000219,INV0000329,IL0000657,2025-06-06,2025-06-06,C00061,P0096,SO05,BU2,R03,USD,776,768.01,37.32,724.57,18.23,6.0,18.11,45.36,379.11
T0000658,O0000220,INV0000329,IL0000658,2025-10-18,2025-10-18,C00111,P0047,SO01,BU4,R04,USD,14,7.09,0.25,6.65,0.19,0.16,0.16,0.42,4.53
T0000659,O0000220,INV0000330,IL0000659,2026-01-22,2026-01-22,C00244,P0034,SO05,BU1,R02,USD,1043,1960.11,149.3,1812.59,39.23,16.06,57.07,79.27,989.87
T0000660,O0000220,INV0000330,IL0000660,2026-10-01,2026-10-01,C00210,P0100,SO03,BU4,R01,USD,819,888.7,4.07,854.96,17.87,21.66,9.86,9.91,448.61
T0000661,O0000221,INV0000331,IL0000661,2025-01-26,2025-01-26,C00293,P0080,SO03,BU2,R03,USD,263,499.52,4.25,481.21,14.31,14.89,15.14,17.58,373.66
T0000662,O0000221,INV0000331,IL0000662,2026-05-03,2026-05-03,C00258,P0005,SO04,BU4,R01,USD,1099,725.23,1.38,717.42,17.12,9.78,20.47,22.31,528.36
T0000663,O0000221,INV0000332,IL0000663,2026-07-01,2026-07-01,C00311,P0083,SO03,BU1,R04,USD,102,152.2,14.21,135.08,1.55,1.51,0.15,3.61,95.55
T0000664,O0000222,INV0000332,IL0000664,2025-04-04,2025-04-04,C00059,P0026,SO03,BU2,R02,USD,354,333.43,6.09,329.52,7.69,2.83,12.7,1.36,223.4
T0000665,O0000222,INV0000333,IL0000665,2025-11-30,2025-11-30,C00093,P0007,SO02,BU2,R03,USD,620,757.08,24.23,721.34,9.38,13.5,11.37,6.11,538.87
T0000666,O0000222,INV0000333,IL0000666,2025-07-27,2025-07-27,C00123,P0061,SO01,BU4,R02,USD,1051,2300.53,88.58,2239.11,7.94,7.67,42.77,75.89,1366.47
T0000667,O0000223,INV0000334,IL0000667,2026-02-22,2026-02-22,C00325,P0060,SO01,BU1,R03,USD,561,930.92,54.57,858.72,2.83,39.06,24.26,34.16,479.57
T0000668,O0000223,INV0000334,IL0000668,2026-04-02,2026-04-02,C00043,P0129,SO02,BU3,R02,USD,301,354.19,34.9,306.51,8.31,10.47,6.0,9.69,260.41
T0000669,O0000223,INV0000335,IL0000669,2025-01-02,2025-01-02,C00417,P0119,SO05,BU4,R01,USD,602,1158.07,19.38,1090.55,2.09,58.71,12.66,51.91,637.23
T0000670,O0000224,INV0000335,IL0000670,2025-12-26,2025-12-26,C00432,P0055,SO04,BU3,R04,USD,1055,982.31,15.86,950.46,15.74,3.78,3.53,55.25,663.61
T0000671,O0000224,INV0000336,IL0000671,2026-07-24,2026-07-24,C00144,P0111,SO02,BU3,R04,USD,1043,2853.96,90.84,2680.78,58.4,53.78,29.84,84.95,1971.39
T0000672,O0000224,INV0000336,IL0000672,2025-09-09,2025-09-09,C00340,P0083,SO01,BU3,R02,USD,441,620.8,37.22,575.71,0.3,23.62,16.05,19.2,298.34
T0000673,O0000225,INV0000337,IL0000673,2025-01-10,2025-01-10,C00345,P0045,SO04,BU2,R01,USD,1148,2950.82,207.53,2681.38,67.5,87.34,92.93,14.55,1952.7
T0000674,O0000225,INV0000337,IL0000674,2025-02-01,2025-02-01,C00457,P0114,SO04,BU4,R01,USD,732,2031.52,76.46,1943.39,36.65,43.21,68.19,133.83,1436.94
T0000675,O0000225,INV0000338,IL0000675,2025-05-08,2025-05-08,C00237,P0095,SO02,BU3,R03,USD,920,188.6,14.02,168.58,4.29,7.06,5.35,9.63,100.64
T0000676,O0000226,INV0000338,IL0000676,2026-10-03,2026-10-03,C00156,P0057,SO03,BU4,R02,USD,1021,2820.72,10.38,2727.79,41.7,109.23,68.38,187.94,1359.58
T0000677,O0000226,INV0000339,IL0000677,2026-10-16,2026-10-16,C00203,P0029,SO04,BU1,R02,USD,1175,1781.18,30.37,1715.97,10.35,72.38,47.89,21.08,1155.69
T0000678,O0000226,INV0000339,IL0000678,2026-08-26,2026-08-26,C00066,P0017,SO05,BU1,R01,USD,541,1445.88,123.69,1241.89,38.21,57.96,15.87,2.01,1037.2
T0000679,O0000227,INV0000340,IL0000679,2026-12-11,2026-12-11,C00348,P0137,SO05,BU4,R02,USD,527,1052.63,92.96,963.22,0.06,24.73,28.34,57.57,696.85
T0000680,O0000227,INV0000340,IL0000680,2025-11-27,2025-11-27,C00222,P0105,SO04,BU1,R03,USD,259,516.99,24.12,483.96,5.61,21.58,18.28,9.42,280.66
T0000681,O0000227,INV0000341,IL0000681,2026-03-07,2026-03-07,C00273,P0115,SO01,BU3,R01,USD,20,24.53,0.82,22.94,0.65,1.09,0.97,1.11,13.32
T0000682,O0000228,INV0000341,IL0000682,2025-03-18,2025-03-18,C00470,P0064,SO02,BU3,R03,USD,346,366.41,2.3,363.01,6.87,0.56,6.33,20.26,178.34
T0000683,O0000228,INV0000342,IL0000683,2025-12-09,2025-12-09,C00431,P0065,SO03,BU4,R04,USD,230,332.21,31.85,283.96,8.3,15.01,6.91,1.45,181.48
T0000684,O0000228,INV0000342,IL0000684,2026-09-07,2026-09-07,C00318,P0113,SO04,BU4,R03,USD,924,1594.64,13.64,1595.16,2.9,2.92,19.98,7.26,1143.92
T0000685,O0000229,INV0000343,IL0000685,2025-05-11,2025-05-11,C00032,P0114,SO02,BU2,R04,USD,627,1135.31,49.03,1081.7,3.47,3.48,2.37,30.42,815.13
T0000686,O0000229,INV0000343,IL0000686,2026-09-25,2026-09-25,C00386,P0106,SO03,BU4,R01,USD,31,43.11,2.0,39.26,0.55,1.47,0.17,1.86,28.55
T0000687,O0000229,INV0000344,IL0000687,2025-01-27,2025-01-27,C00233,P0133,SO01,BU3,R01,USD,404,189.23,0.23,185.14,4.05,6.17,6.36,1.63,138.75
T0000688,O0000230,INV0000344,IL0000688,2026-06-06,2026-06-06,C00132,P0091,SO04,BU2,R02,USD,995,2104.13,93.55,1908.08,15.35,92.24,5.09,58.21,1193.6
T0000689,O0000230,INV0000345,IL0000689,2026-10-30,2026-10-30,C00387,P0092,SO05,BU2,R02,USD,1118,2516.17,37.09,2445.45,23.3,47.45,37.12,100.39,1213.46
T0000690,O0000230,INV0000345,IL0000690,2026-11-26,2026-11-26,C00075,P0015,SO03,BU4,R02,USD,1048,2480.83,138.79,2387.97,4.06,46.91,96.9,33.64,1635.75
T0000691,O0000231,INV0000346,IL0000691,2025-03-12,2025-03-12,C00175,P0049,SO01,BU4,R04,USD,967,1722.61,57.04,1586.89,29.89,91.24,42.45,18.03,1028.8
T0000692,O0000231,INV0000346,IL0000692,2026-04-11,2026-04-11,C00449,P0011,SO01,BU4,R01,USD,459,1210.06,77.29,1086.87,25.17,31.05,10.32,58.46,743.71
T0000693,O0000231,INV0000347,IL0000693,2025-12-06,2025-12-06,C00414,P0097,SO02,BU3,R03,USD,829,557.01,55.14,494.22,6.06,2.26,0.67,10.05,285.33
T0000694,O0000232,INV0000347,IL0000694,2025-07-19,2025-07-19,C00324,P0150,SO02,BU4,R02,USD,99,275.63,5.49,267.36,2.35,3.32,2.89,15.86,145.75
T0000695,O0000232,INV0000348,IL0000695,2025-09-09,2025-09-09,C00092,P0051,SO01,BU1,R02,USD,370,899.28,81.89,796.94,0.57,33.51,13.63,6.19,629.92
T0000696,O0000232,INV0000348,IL0000696,2025-08-04,2025-08-04,C00157,P0117,SO03,BU4,R03,USD,767,1795.78,118.68,1601.56,50.7,96.51,71.67,98.48,1305.29
T0000697,O0000233,INV0000349,IL0000697,2025-03-08,2025-03-08,C00061,P0037,SO05,BU1,R03,USD,398,275.34,10.41,263.52,3.09,9.08,10.76,0.85,151.02
T0000698,O0000233,INV0000349,IL0000698,2026-09-23,2026-09-23,C00301,P0049,SO03,BU2,R03,USD,612,1400.38,45.89,1339.86,2.24,61.28,48.89,90.82,1006.06
T0000699,O0000233,INV0000350,IL0000699,2026-05-16,2026-05-16,C00108,P0021,SO01,BU4,R02,USD,142,89.03,3.46,80.86,2.36,3.68,1.33,1.01,55.67
T0000700,O0000234,INV0000350,IL0000700,2026-12-31,2026-12-31,C00192,P0135,SO01,BU4,R04,USD,1023,1478.13,85.91,1338.06,28.3,64.28,38.42,83.82,795.26
T0000701,O0000234,INV0000351,IL0000701,2026-04-08,2026-04-08,C00442,P0061,SO03,BU1,R01,USD,457,455.63,40.49,390.71,7.81,23.44,6.82,3.67,288.94
T0000702,O0000234,INV0000351,IL0000702,2025-03-28,2025-03-28,C00152,P0114,SO02,BU1,R04,USD,730,580.06,2.39,568.5,8.91,10.73,10.47,14.63,348.67
T0000703,O0000235,INV0000352,IL0000703,2026-05-25,2026-05-25,C00163,P0070,SO03,BU1,R02,USD,60,39.56,0.92,37.22,0.77,0.78,0.13,1.34,28.32
T0000704,O0000235,INV0000352,IL0000704,2026-10-22,2026-10-22,C00041,P0071,SO03,BU4,R01,USD,211,104.78,3.77,100.2,1.72,1.92,2.83,5.23,57.63
T0000705,O0000235,INV0000353,IL0000705,2026-12-01,2026-12-01,C00433,P0071,SO02,BU3,R01,USD,292,830.94,62.52,708.56,18.44,41.7,0.28,40.79,468.53
T0000706,O0000236,INV0000353,IL0000706,2026-02-18,2026-02-18,C00485,P0104,SO04,BU3,R03,USD,34,48.97,2.51,45.72,1.12,0.4,0.78,2.4,26.62
T0000707,O0000236,INV0000354,IL0000707,2026-05-01,2026-05-01,C00120,P0133,SO04,BU3,R04,USD,1141,2513.39,181.6,2219.01,34.79,109.47,31.48,119.62,1338.62
T0000708,O0000236,INV0000354,IL0000708,2026-12-16,2026-12-16,C00214,P0054,SO05,BU3,R03,USD,931,2287.84,6.89,2189.42,9.54,109.95,27.96,76.6,1570.8
T0000709,O0000237,INV0000355,IL0000709,2026-11-06,2026-11-06,C00428,P0091,SO01,BU3,R02,USD,471,611.88,41.96,549.48,7.4,26.2,13.16,0.89,349.57
T0000710,O0000237,INV0000355,IL0000710,2025-02-02,2025-02-02,C00473,P0036,SO05,BU1,R01,USD,686,1164.21,93.04,1020.71,31.91,36.75,18.2,67.78,683.12
T0000711,O0000237,INV0000356,IL0000711,2025-03-07,2025-03-07,C00274,P0099,SO02,BU3,R01,USD,982,461.64,26.29,408.1,6.25,22.72,1.72,15.79,235.07
T0000712,O0000238,INV0000356,IL0000712,2025-02-02,2025-02-02,C00424,P0126,SO01,BU1,R04,USD,392,278.83,25.41,250.28,3.23,3.16,3.25,7.97,174.78
T0000713,O0000238,INV0000357,IL0000713,2026-01-13,2026-01-13,C00266,P0003,SO01,BU2,R01,USD,679,1680.8,69.06,1629.65,7.92,10.24,36.07,7.84,1031.86
T0000714,O0000238,INV0000357,IL0000714,2025-07-31,2025-07-31,C00067,P0053,SO05,BU2,R02,USD,895,2115.6,140.64,1924.22,10.08,66.92,26.26,96.55,1135.72
T0000715,O0000239,INV0000358,IL0000715,2026-04-15,2026-04-15,C00142,P0052,SO01,BU1,R03,USD,302,413.77,34.12,371.96,7.51,5.62,5.44,12.78,264.56
T0000716,O0000239,INV0000358,IL0000716,2026-04-19,2026-04-19,C00295,P0011,SO03,BU3,R04,USD,599,1141.45,104.89,1007.96,11.88,52.9,36.18,58.1,672.89
T0000717,O0000239,INV0000359,IL0000717,2025-06-29,2025-06-29,C00213,P0064,SO01,BU2,R03,USD,894,1253.75,114.2,1113.18,6.9,39.21,19.74,18.68,933.78
T0000718,O0000240,INV0000359,IL0000718,2025-06-11,2025-06-11,C00141,P0138,SO05,BU2,R03,USD,146,298.39,21.56,278.63,1.94,8.1,11.84,19.41,189.42
T0000719,O0000240,INV0000360,IL0000719,2025-03-20,2025-03-20,C00387,P0027,SO02,BU1,R02,USD,677,863.17,14.23,842.37,5.37,2.12,0.92,39.84,568.73
T0000720,O0000240,INV0000360,IL0000720,2026-04-18,2026-04-18,C00196,P0088,SO03,BU1,R02,USD,408,505.55,0.54,484.38,1.74,25.5,6.61,16.44,348.64
T0000721,O0000241,INV0000361,IL0000721,2025-03-11,2025-03-11,C00043,P0141,SO03,BU4,R02,USD,906,502.38,41.22,444.13,12.68,4.71,0.36,9.14,255.28
T0000722,O0000241,INV0000361,IL0000722,2026-07-02,2026-07-02,C00380,P0101,SO01,BU2,R02,USD,168,331.4,0.37,322.64,2.72,8.03,2.36,20.16,225.36
T0000723,O0000241,INV0000362,IL0000723,2026-06-30,2026-06-30,C00111,P0114,SO02,BU2,R04,USD,1080,2042.82,146.35,1822.8,54.97,43.89,25.19,0.6,1010.53
T0000724,O0000242,INV0000362,IL0000724,2026-01-22,2026-01-22,C00393,P0052,SO03,BU4,R01,USD,777,2025.17,40.5,1981.77,0.97,3.11,1.18,94.33,1437.36
T0000725,O0000242,INV0000363,IL0000725,2025-03-06,2025-03-06,C00113,P0025,SO01,BU2,R01,USD,352,104.72,5.37,97.56,2.56,1.86,2.63,6.38,68.58
T0000726,O0000242,INV0000363,IL0000726,2026-02-09,2026-02-09,C00481,P0110,SO04,BU4,R01,USD,485,364.14,12.98,345.82,1.9,8.05,4.61,11.11,214.47
T0000727,O0000243,INV0000364,IL0000727,2025-03-09,2025-03-09,C00337,P0072,SO05,BU4,R01,USD,765,227.43,20.14,199.43,2.8,9.6,4.54,9.95,172.24
T0000728,O0000243,INV0000364,IL0000728,2026-08-06,2026-08-06,C00088,P0065,SO04,BU4,R04,USD,674,1887.47,131.43,1669.09,38.39,100.94,52.38,74.23,1081.47
T0000729,O0000243,INV0000365,IL0000729,2026-12-06,2026-12-06,C00163,P0124,SO03,BU3,R02,USD,696,158.06,14.42,141.76,2.13,4.44,4.69,6.99,98.15
T0000730,O0000244,INV0000365,IL0000730,2025-01-14,2025-01-14,C00120,P0006,SO05,BU4,R04,USD,264,265.21,19.57,231.22,6.02,9.04,0.64,4.8,155.11
T0000731,O0000244,INV0000366,IL0000731,2025-06-05,2025-06-05,C00193,P0053,SO02,BU2,R01,USD,497,1314.81,78.64,1162.69,37.31,53.46,17.29,52.38,733.5
T0000732,O0000244,INV0000366,IL0000732,2025-02-10,2025-02-10,C00267,P0107,SO05,BU2,R02,USD,58,45.91,3.36,41.66,0.47,0.52,0.1,2.88,33.83
T0000733,O0000245,INV0000367,IL0000733,2026-12-05,2026-12-05,C00357,P0057,SO05,BU4,R03,USD,791,1243.69,22.83,1217.4,23.5,4.42,24.46,4.44,929.07
T0000734,O0000245,INV0000367,IL0000734,2025-05-25,2025-05-25,C00481,P0053,SO05,BU1,R01,USD,197,126.81,6.96,117.96,3.03,1.43,2.57,3.86,76.0
T0000735,O0000245,INV0000368,IL0000735,2025-06-18,2025-06-18,C00370,P0051,SO03,BU4,R01,USD,878,571.67,14.23,552.99,4.89,14.09,14.53,30.24,317.92
T0000736,O0000246,INV0000368,IL0000736,2025-03-23,2025-03-23,C00487,P0093,SO03,BU1,R04,USD,783,491.65,21.7,457.58,7.45,19.87,14.95,25.42,348.82
T0000737,O0000246,INV0000369,IL0000737,2025-01-21,2025-01-21,C00391,P0098,SO04,BU2,R04,USD,180,397.12,36.6,361.63,7.09,3.34,11.54,11.74,219.23
T0000738,O0000246,INV0000369,IL0000738,2026-04-10,2026-04-10,C00146,P0097,SO03,BU2,R01,USD,994,369.87,5.05,359.27,5.21,3.15,2.81,12.59,178.87
T0000739,O0000247,INV0000370,IL0000739,2026-01-19,2026-01-19,C00252,P0104,SO04,BU2,R02,USD,818,2266.84,84.59,2122.38,33.29,79.92,53.34,5.77,1347.55
T0000740,O0000247,INV0000370,IL0000740,2025-05-08,2025-05-08,C00198,P0145,SO01,BU2,R03,USD,407,902.36,86.36,770.4,20.88,37.3,12.58,34.24,612.3
T0000741,O0000247,INV0000371,IL0000741,2026-01-13,2026-01-13,C00357,P0015,SO03,BU1,R03,USD,878,1882.61,45.63,1798.35,1.95,84.19,47.51,87.8,1260.22
T0000742,O0000248,INV0000371,IL0000742,2026-10-23,2026-10-23,C00076,P0067,SO05,BU4,R02,USD,942,2544.53,37.5,2474.64,18.89,80.94,67.44,20.22,1336.39
T0000743,O0000248,INV0000372,IL0000743,2025-04-05,2025-04-05,C00330,P0099,SO03,BU1,R01,USD,174,272.22,5.14,253.96,3.45,12.42,2.75,17.2,153.7
T0000744,O0000248,INV0000372,IL0000744,2026-11-06,2026-11-06,C00454,P0098,SO04,BU3,R03,USD,640,1369.34,103.04,1168.84,37.97,65.48,5.99,65.25,876.83
T0000745,O0000249,INV0000373,IL0000745,2025-05-27,2025-05-27,C00138,P0054,SO03,BU1,R01,USD,640,126.14,2.12,125.39,1.86,0.67,3.9,3.66,75.3
T0000746,O0000249,INV0000373,IL0000746,2025-10-23,2025-10-23,C00376,P0111,SO01,BU2,R04,USD,371,437.89,30.83,416.69,2.6,4.38,16.61,23.75,265.44
T0000747,O0000249,INV0000374,IL0000747,2025-07-10,2025-07-10,C00103,P0016,SO01,BU2,R04,USD,402,350.75,31.65,311.47,4.3,12.09,8.76,3.62,253.64
T0000748,O0000250,INV0000374,IL0000748,2025-10-28,2025-10-28,C00044,P0097,SO04,BU4,R02,USD,576,202.52,0.6,201.25,1.43,5.4,6.16,3.75,97.75
T0000749,O0000250,INV0000375,IL0000749,2025-01-08,2025-01-08,C00341,P0150,SO02,BU2,R03,USD,208,154.67,12.25,142.21,1.74,4.42,5.95,4.84,85.75
T0000750,O0000250,INV0000375,IL0000750,2025-12-12,2025-12-12,C00310,P0110,SO01,BU3,R03,USD,769,1538.46,52.78,1473.09,14.55,20.27,22.23,62.98,910.11
T0000751,O0000251,INV0000376,IL0000751,2025-12-31,2025-12-31,C00448,P0085,SO04,BU4,R04,USD,16,22.4,1.56,19.38,0.49,1.09,0.12,1.18,14.53
T0000752,O0000251,INV0000376,IL0000752,2025-10-14,2025-10-14,C00487,P0064,SO02,BU4,R04,USD,935,1711.98,112.8,1548.74,24.41,38.9,12.87,103.81,1294.48
T0000753,O0000251,INV0000377,IL0000753,2025-11-26,2025-11-26,C00009,P0093,SO02,BU2,R01,USD,676,1345.31,31.42,1282.35,19.56,54.7,42.72,84.3,776.96
T0000754,O0000252,INV0000377,IL0000754,2026-05-03,2026-05-03,C00338,P0026,SO03,BU1,R01,USD,611,1100.53,78.35,974.97,28.72,53.04,34.55,2.17,749.09
T0000755,O0000252,INV0000378,IL0000755,2026-05-25,2026-05-25,C00408,P0023,SO05,BU2,R04,USD,1133,3190.41,148.93,2849.62,85.8,167.59,61.53,48.54,2014.38
T0000756,O0000252,INV0000378,IL0000756,2025-06-24,2025-06-24,C00386,P0023,SO04,BU4,R01,USD,900,2549.07,7.45,2463.9,71.04,45.78,39.1,124.04,1423.66
T0000757,O0000253,INV0000379,IL0000757,2026-11-13,2026-11-13,C00244,P0032,SO05,BU1,R02,USD,1104,2066.25,101.65,1895.97,49.31,37.82,18.5,122.61,1325.03
T0000758,O0000253,INV0000379,IL0000758,2025-03-08,2025-03-08,C00330,P0088,SO03,BU1,R01,USD,791,1523.47,119.6,1337.32,44.16,36.61,14.22,27.24,841.79
T0000759,O0000253,INV0000380,IL0000759,2025-04-25,2025-04-25,C00046,P0088,SO04,BU3,R03,USD,395,856.4,9.94,829.5,9.45,40.19,32.68,0.1,549.41
T0000760,O0000254,INV0000380,IL0000760,2025-03-05,2025-03-05,C00303,P0138,SO02,BU3,R04,USD,804,2248.14,71.86,2139.3,24.62,83.99,71.63,90.09,1406.28
T0000761,O0000254,INV0000381,IL0000761,2025-08-16,2025-08-16,C00055,P0102,SO01,BU1,R04,USD,1112,2730.85,86.27,2557.05,66.86,44.58,23.91,26.39,1830.75
T0000762,O0000254,INV0000381,IL0000762,2025-10-18,2025-10-18,C00075,P0009,SO05,BU4,R02,USD,665,668.13,66.17,581.74,2.47,36.63,18.88,33.75,410.18
T0000763,O0000255,INV0000382,IL0000763,2026-05-22,2026-05-22,C00150,P0097,SO02,BU2,R03,USD,692,406.69,29.15,349.95,10.35,20.9,3.66,22.61,278.99
T0000764,O0000255,INV0000382,IL0000764,2025-07-03,2025-07-03,C00439,P0125,SO03,BU1,R04,USD,622,1746.76,115.16,1530.21,44.46,95.21,38.28,72.61,1003.47
T0000765,O0000255,INV0000383,IL0000765,2025-12-23,2025-12-23,C00388,P0101,SO03,BU1,R02,USD,157,249.52,7.06,243.12,5.21,2.68,8.55,2.23,147.28
T0000766,O0000256,INV0000383,IL0000766,2026-08-18,2026-08-18,C00444,P0014,SO05,BU2,R02,USD,947,1825.72,105.37,1713.23,24.2,48.44,65.52,96.46,983.58
T0000767,O0000256,INV0000384,IL0000767,2025-07-20,2025-07-20,C00377,P0003,SO02,BU4,R01,USD,1188,537.21,42.2,491.17,13.83,11.13,21.12,5.78,360.06
T0000768,O0000256,INV0000384,IL0000768,2025-02-27,2025-02-27,C00050,P0092,SO01,BU4,R01,USD,377,1019.14,11.96,990.13,15.76,18.97,17.68,50.08,531.58
T0000769,O0000257,INV0000385,IL0000769,2025-09-08,2025-09-08,C00018,P0031,SO03,BU4,R01,USD,822,1220.34,83.96,1075.94,34.95,43.81,18.32,59.9,822.15
T0000770,O0000257,INV0000385,IL0000770,2026-11-06,2026-11-06,C00046,P0119,SO03,BU1,R03,USD,573,1070.54,47.65,1020.88,0.37,6.87,5.23,64.92,706.12
T0000771,O0000257,INV0000386,IL0000771,2025-08-19,2025-08-19,C00012,P0147,SO04,BU3,R02,USD,992,903.51,67.34,823.14,21.53,9.0,17.5,24.99,596.76
T0000772,O0000258,INV0000386,IL0000772,2026-08-09,2026-08-09,C00065,P0026,SO01,BU3,R01,USD,140,292.01,25.18,263.79,4.71,6.51,8.18,15.09,172.36
T0000773,O0000258,INV0000387,IL0000773,2026-06-27,2026-06-27,C00251,P0017,SO02,BU1,R02,USD,1113,2321.38,183.4,2122.87,8.64,96.14,89.67,26.85,1697.69
T0000774,O0000258,INV0000387,IL0000774,2026-09-06,2026-09-06,C00356,P0047,SO01,BU1,R02,USD,1146,1574.72,49.49,1514.68,1.85,49.81,41.11,27.22,794.59
T0000775,O0000259,INV0000388,IL0000775,2025-02-05,2025-02-05,C00044,P0032,SO02,BU1,R02,USD,621,714.58,38.9,629.46,9.07,37.15,0.0,41.69,403.14
T0000776,O0000259,INV0000388,IL0000776,2026-06-16,2026-06-16,C00464,P0076,SO03,BU2,R04,USD,921,509.68,25.0,474.69,4.78,25.53,20.32,16.97,331.15
T0000777,O0000259,INV0000389,IL0000777,2026-12-06,2026-12-06,C00051,P0012,SO03,BU4,R02,USD,85,57.99,1.74,53.15,1.45,3.05,1.4,1.34,31.34
T0000778,O0000260,INV0000389,IL0000778,2025-05-12,2025-05-12,C00374,P0109,SO03,BU3,R03,USD,1136,977.87,37.33,895.77,26.51,21.52,3.26,26.67,538.97
T0000779,O0000260,INV0000390,IL0000779,2026-12-13,2026-12-13,C00074,P0138,SO02,BU3,R01,USD,154,286.58,7.72,271.43,5.44,10.18,8.19,12.31,182.79
T0000780,O0000260,INV0000390,IL0000780,2026-06-08,2026-06-08,C00310,P0042,SO04,BU2,R03,USD,324,332.0,26.15,287.77,3.77,17.6,3.29,10.71,184.47
T0000781,O0000261,INV0000391,IL0000781,2026-12-02,2026-12-02,C00281,P0105,SO03,BU3,R01,USD,684,1292.28,46.89,1257.95,12.93,19.42,44.91,0.87,701.99
T0000782,O0000261,INV0000391,IL0000782,2026-01-22,2026-01-22,C00497,P0057,SO03,BU1,R01,USD,225,510.73,6.31,483.79,8.07,24.59,12.03,3.24,360.53
T0000783,O0000261,INV0000392,IL0000783,2025-12-24,2025-12-24,C00359,P0147,SO05,BU2,R04,USD,1139,1029.31,10.2,1030.59,1.48,18.0,30.96,58.15,546.14
T0000784,O0000262,INV0000392,IL0000784,2026-11-26,2026-11-26,C00496,P0137,SO03,BU2,R04,USD,834,1211.97,15.46,1169.47,0.35,34.23,7.54,31.01,624.63
T0000785,O0000262,INV0000393,IL0000785,2025-10-01,2025-10-01,C00028,P0095,SO03,BU4,R02,USD,866,1790.11,32.78,1661.72,52.96,78.61,35.96,49.76,997.5
T0000786,O0000262,INV0000393,IL0000786,2025-08-23,2025-08-23,C00157,P0023,SO05,BU2,R03,USD,842,1883.89,159.23,1698.93,35.87,7.95,18.09,68.42,953.66
T0000787,O0000263,INV0000394,IL0000787,2025-03-28,2025-03-28,C00381,P0074,SO03,BU2,R03,USD,1019,2382.73,2.55,2312.53,67.79,88.73,88.87,80.58,1234.73
T0000788,O0000263,INV0000394,IL0000788,2026-12-03,2026-12-03,C00347,P0137,SO04,BU4,R02,USD,840,182.36,3.47,177.37,4.55,0.07,3.1,4.28,114.82
T0000789,O0000263,INV0000395,IL0000789,2026-11-09,2026-11-09,C00487,P0136,SO05,BU4,R04,USD,96,172.96,16.68,148.01,3.5,8.39,3.62,0.78,93.92
T0000790,O0000264,INV0000395,IL0000790,2025-05-17,2025-05-17,C00264,P0091,SO02,BU2,R04,USD,875,1315.12,22.42,1265.71,38.26,24.45,35.72,75.38,937.53
T0000791,O0000264,INV0000396,IL0000791,2025-05-01,2025-05-01,C00149,P0077,SO01,BU4,R03,USD,611,541.9,0.12,539.8,10.26,11.73,20.01,36.24,401.09
T0000792,O0000264,INV0000396,IL0000792,2026-06-12,2026-06-12,C00423,P0010,SO05,BU3,R04,USD,1009,336.5,0.2,327.57,4.65,5.52,1.44,16.57,194.47
T0000793,O0000265,INV0000397,IL0000793,2026-02-16,2026-02-16,C00182,P0003,SO04,BU4,R03,USD,892,1332.47,11.29,1295.96,20.56,11.26,6.6,14.12,821.43
T0000794,O0000265,INV0000397,IL0000794,2026-11-04,2026-11-04,C00129,P0058,SO01,BU4,R01,USD,819,965.93,35.21,886.78,25.85,28.5,10.41,40.74,731.23
T0000795,O0000265,INV0000398,IL0000795,2026-03-26,2026-03-26,C00083,P0036,SO02,BU4,R02,USD,898,175.56,15.51,157.24,3.74,1.07,2.0,4.63,90.84
T0000796,O0000266,INV0000398,IL0000796,2025-12-06,2025-12-06,C00462,P0009,SO01,BU2,R03,USD,417,1130.99,108.54,1003.84,33.35,7.39,22.13,47.9,699.81
T0000797,O0000266,INV0000399,IL0000797,2025-05-11,2025-05-11,C00167,P0103,SO02,BU1,R04,USD,806,427.91,40.98,379.67,10.18,2.97,5.89,18.19,207.03
T0000798,O0000266,INV0000399,IL0000798,2025-02-23,2025-02-23,C00348,P0088,SO04,BU2,R02,USD,26,34.83,1.01,32.2,0.51,1.46,0.35,1.15,18.21
T0000799,O0000267,INV0000400,IL0000799,2025-09-13,2025-09-13,C00144,P0030,SO04,BU1,R04,USD,516,1010.9,43.38,913.8,14.37,43.52,4.17,39.09,691.99
T0000800,O0000267,INV0000400,IL0000800,2025-07-13,2025-07-13,C00438,P0039,SO03,BU4,R03,USD,256,136.5,0.52,127.27,4.06,6.98,2.33,0.81,89.08
T0000801,O0000267,INV0000401,IL0000801,2025-02-22,2025-02-22,C00195,P0105,SO02,BU1,R02,USD,637,1305.47,127.95,1141.44,8.69,30.59,3.2,4.13,782.73
T0000802,O0000268,INV0000401,IL0000802,2025-04-23,2025-04-23,C00138,P0094,SO04,BU1,R01,USD,728,1514.17,37.4,1421.0,40.66,15.14,0.03,31.99,1006.8
T0000803,O0000268,INV0000402,IL0000803,2025-10-20,2025-10-20,C00242,P0072,SO05,BU4,R01,USD,216,287.39,7.25,271.9,4.24,5.28,1.28,13.0,191.78
T0000804,O0000268,INV0000402,IL0000804,2025-05-14,2025-05-14,C00170,P0093,SO02,BU4,R01,USD,1093,1961.5,46.73,1842.33,16.24,63.04,6.84,81.19,999.94
T0000805,O0000269,INV0000403,IL0000805,2026-09-09,2026-09-09,C00062,P0011,SO04,BU3,R03,USD,400,278.04,12.39,257.31,0.82,14.4,6.88,8.54,156.93
T0000806,O0000269,INV0000403,IL0000806,2025-07-26,2025-07-26,C00274,P0040,SO02,BU2,R01,USD,271,187.5,10.32,173.12,1.42,9.04,6.4,11.82,137.61
T0000807,O0000269,INV0000404,IL0000807,2026-01-10,2026-01-10,C00230,P0031,SO04,BU2,R03,USD,148,217.43,11.39,191.82,6.21,9.46,1.45,12.99,121.06
T0000808,O0000270,INV0000404,IL0000808,2025-10-24,2025-10-24,C00024,P0145,SO02,BU2,R04,USD,399,860.92,34.22,801.27,17.68,41.21,33.46,42.11,453.14
T0000809,O0000270,INV0000405,IL0000809,2026-01-29,2026-01-29,C00288,P0100,SO03,BU1,R04,USD,566,414.6,0.15,393.99,7.11,13.5,0.15,14.14,306.81
T0000810,O0000270,INV0000405,IL0000810,2026-05-31,2026-05-31,C00363,P0135,SO04,BU1,R02,USD,631,1549.8,45.93,1495.12,12.48,10.15,13.88,30.54,975.44
T0000811,O0000271,INV0000406,IL0000811,2026-10-17,2026-10-17,C00076,P0072,SO05,BU1,R02,USD,563,1414.2,7.29,1300.24,41.58,76.97,11.88,59.04,724.82
T0000812,O0000271,INV0000406,IL0000812,2026-10-10,2026-10-10,C00310,P0095,SO01,BU3,R03,USD,180,487.26,43.07,454.26,3.86,3.58,17.51,31.33,274.12
T0000813,O0000271,INV0000407,IL0000813,2026-10-03,2026-10-03,C00418,P0003,SO02,BU4,R01,USD,459,977.85,27.35,967.86,7.51,0.84,25.71,63.62,707.02
T0000814,O0000272,INV0000407,IL0000814,2026-08-21,2026-08-21,C00055,P0098,SO04,BU1,R04,USD,1138,831.2,36.75,797.98,8.09,9.32,20.94,22.09,598.72
T0000815,O0000272,INV0000408,IL0000815,2026-04-02,2026-04-02,C00119,P0112,SO02,BU4,R04,USD,313,810.29,7.59,817.99,4.41,8.25,27.95,28.09,431.79
T0000816,O0000272,INV0000408,IL0000816,2025-07-04,2025-07-04,C00332,P0073,SO01,BU1,R02,USD,645,396.68,7.05,372.78,4.69,13.26,1.1,6.4,198.41
T0000817,O0000273,INV0000409,IL0000817,2026-10-23,2026-10-23,C00497,P0104,SO04,BU4,R01,USD,1088,594.7,44.63,555.73,0.21,3.26,9.13,0.53,303.78
T0000818,O0000273,INV0000409,IL0000818,2026-10-22,2026-10-22,C00479,P0012,SO05,BU1,R04,USD,518,1158.35,31.0,1093.25,32.62,38.2,36.72,60.58,559.06
T0000819,O0000273,INV0000410,IL0000819,2026-07-10,2026-07-10,C00377,P0087,SO03,BU3,R01,USD,424,233.92,17.77,202.28,6.26,10.49,2.88,3.45,143.65
T0000820,O0000274,INV0000410,IL0000820,2026-07-11,2026-07-11,C00355,P0069,SO03,BU2,R02,USD,262,61.99,0.28,62.55,1.01,0.35,2.2,0.01,36.96
T0000821,O0000274,INV0000411,IL0000821,2025-08-18,2025-08-18,C00013,P0059,SO04,BU2,R03,USD,799,458.23,30.03,409.99,3.11,22.15,7.05,23.61,333.4
T0000822,O0000274,INV0000411,IL0000822,2025-04-26,2025-04-26,C00252,P0044,SO04,BU4,R02,USD,469,211.8,20.24,183.12,2.27,7.17,1.0,11.79,156.42
T0000823,O0000275,INV0000412,IL0000823,2025-02-14,2025-02-14,C00310,P0039,SO01,BU2,R03,USD,887,1416.01,84.91,1328.33,28.86,11.7,37.79,76.02,799.25
T0000824,O0000275,INV0000412,IL0000824,2025-12-23,2025-12-23,C00449,P0027,SO04,BU1,R01,USD,1032,2009.1,187.43,1700.35,48.86,78.6,6.14,111.06,965.59
T0000825,O0000275,INV0000413,IL0000825,2025-06-02,2025-06-02,C00399,P0038,SO01,BU3,R04,USD,312,381.54,27.52,336.02,8.99,10.04,1.03,22.57,244.87
T0000826,O0000276,INV0000413,IL0000826,2025-10-13,2025-10-13,C00075,P0024,SO01,BU3,R02,USD,271,180.38,6.94,172.51,1.73,4.2,5.0,9.58,107.49
T0000827,O0000276,INV0000414,IL0000827,2025-12-08,2025-12-08,C00071,P0063,SO03,BU1,R04,USD,867,1427.69,76.92,1300.71,21.1,42.1,13.14,65.09,718.72
T0000828,O0000276,INV0000414,IL0000828,2026-06-24,2026-06-24,C00296,P0057,SO03,BU3,R04,USD,491,562.59,11.44,536.25,14.36,11.21,10.67,4.13,291.09
T0000829,O0000277,INV0000415,IL0000829,2025-12-24,2025-12-24,C00185,P0036,SO05,BU2,R01,USD,952,537.78,45.89,454.43,15.68,27.0,5.22,1.78,382.79
T0000830,O0000277,INV0000415,IL0000830,2025-05-22,2025-05-22,C00061,P0037,SO03,BU1,R03,USD,63,128.43,5.45,125.01,0.21,0.75,2.99,5.2,78.79
T0000831,O0000277,INV0000416,IL0000831,2025-06-11,2025-06-11,C00016,P0038,SO02,BU4,R04,USD,299,116.88,0.9,109.45,2.0,5.23,0.7,5.7,62.07
T0000832,O0000278,INV0000416,IL0000832,2026-06-25,2026-06-25,C00358,P0077,SO01,BU4,R03,USD,852,1797.04,79.78,1689.19,34.76,1.31,8.0,75.97,892.77
T0000833,O0000278,INV0000417,IL0000833,2026-09-11,2026-09-11,C00385,P0045,SO02,BU1,R01,USD,338,70.64,5.88,61.49,1.44,3.4,1.57,3.96,50.31
T0000834,O0000278,INV0000417,IL0000834,2026-05-29,2026-05-29,C00157,P0059,SO04,BU2,R03,USD,331,299.82,2.76,286.89,3.4,15.68,8.91,1.12,177.53
T0000835,O0000279,INV0000418,IL0000835,2026-02-06,2026-02-06,C00095,P0144,SO05,BU4,R04,USD,168,396.51,18.57,373.33,3.73,14.0,13.12,20.99,208.62
T0000836,O0000279,INV0000418,IL0000836,2026-10-25,2026-10-25,C00218,P0050,SO04,BU1,R01,USD,232,106.42,3.86,99.13,2.49,1.96,1.02,0.74,55.93
T0000837,O0000279,INV0000419,IL0000837,2025-08-05,2025-08-05,C00306,P0003,SO05,BU2,R01,USD,394,651.28,41.58,624.87,0.63,9.64,25.44,24.66,415.61
T0000838,O0000280,INV0000419,IL0000838,2026-05-11,2026-05-11,C00024,P0013,SO01,BU3,R04,USD,200,539.84,0.46,533.82,5.78,8.38,8.6,28.09,288.58
T0000839,O0000280,INV0000420,IL0000839,2025-12-31,2025-12-31,C00499,P0034,SO04,BU4,R02,USD,688,872.04,64.66,771.25,2.64,38.73,5.24,20.63,561.95
T0000840,O0000280,INV0000420,IL0000840,2026-08-24,2026-08-24,C00445,P0010,SO05,BU2,R03,USD,340,198.76,9.2,188.97,5.28,1.02,5.71,10.68,144.62
T0000841,O0000281,INV0000421,IL0000841,2026-11-01,2026-11-01,C00073,P0042,SO02,BU1,R01,USD,1067,3018.97,183.78,2714.21,47.39,127.63,54.04,55.26,1560.01
T0000842,O0000281,INV0000421,IL0000842,2026-10-01,2026-10-01,C00439,P0111,SO02,BU2,R04,USD,803,657.18,65.52,559.97,11.96,34.63,14.9,3.82,498.43
T0000843,O0000281,INV0000422,IL0000843,2025-01-16,2025-01-16,C00074,P0080,SO03,BU2,R01,USD,188,284.27,12.93,266.05,1.45,4.62,0.78,6.58,182.34
T0000844,O0000282,INV0000422,IL0000844,2025-03-14,2025-03-14,C00092,P0118,SO04,BU1,R02,USD,979,2733.96,208.64,2452.88,36.26,138.96,102.78,83.83,2056.13
T0000845,O0000282,INV0000423,IL0000845,2026-01-08,2026-01-08,C00440,P0074,SO03,BU1,R04,USD,847,2090.57,191.73,1919.23,8.09,42.17,70.65,50.2,1560.76
T0000846,O0000282,INV0000423,IL0000846,2026-11-30,2026-11-30,C00212,P0130,SO05,BU3,R02,USD,548,1382.44,137.03,1172.48,1.77,74.32,3.16,57.43,969.6
T0000847,O0000283,INV0000424,IL0000847,2026-07-29,2026-07-29,C00005,P0040,SO04,BU4,R03,USD,605,715.96,40.82,673.05,18.34,8.78,25.03,16.44,477.8
T0000848,O0000283,INV0000424,IL0000848,2026-04-25,2026-04-25,C00329,P0137,SO05,BU3,R01,USD,233,95.32,6.98,83.81,2.62,4.84,2.93,1.93,51.08
T0000849,O0000283,INV0000425,IL0000849,2025-11-21,2025-11-21,C00176,P0125,SO02,BU3,R04,USD,985,478.02,21.73,426.31,7.82,24.94,2.78,16.96,258.02
T0000850,O0000284,INV0000425,IL0000850,2026-09-08,2026-09-08,C00397,P0098,SO02,BU2,R03,USD,750,1716.08,167.93,1518.77,10.99,19.96,1.57,44.96,1188.24
T0000851,O0000284,INV0000426,IL0000851,2025-09-16,2025-09-16,C00326,P0046,SO03,BU3,R03,USD,300,109.47,4.43,103.59,0.98,4.29,3.82,4.86,68.63
T0000852,O0000284,INV0000426,IL0000852,2025-09-23,2025-09-23,C00095,P0014,SO03,BU3,R04,USD,887,969.67,73.03,889.48,4.79,18.63,16.26,42.89,594.54
T0000853,O0000285,INV0000427,IL0000853,2025-06-14,2025-06-14,C00495,P0112,SO02,BU4,R04,USD,1178,1435.98,1.43,1358.13,33.73,47.16,4.47,58.61,957.84
T0000854,O0000285,INV0000427,IL0000854,2025-11-28,2025-11-28,C00341,P0082,SO01,BU1,R03,USD,318,818.44,76.43,741.44,12.26,14.24,25.93,13.64,547.29
T0000855,O0000285,INV0000428,IL0000855,2025-01-04,2025-01-04,C00231,P0033,SO05,BU3,R04,USD,1194,525.6,11.49,498.0,15.44,12.15,11.48,13.16,276.73
T0000856,O0000286,INV0000428,IL0000856,2025-12-23,2025-12-23,C00108,P0049,SO04,BU3,R02,USD,39,45.58,1.66,44.23,0.41,0.77,1.49,1.55,23.47
T0000857,O0000286,INV0000429,IL0000857,2026-04-12,2026-04-12,C00212,P0106,SO02,BU4,R02,USD,731,1748.04,74.44,1655.0,51.08,32.29,64.77,43.23,1063.63
T0000858,O0000286,INV0000429,IL0000858,2026-07-21,2026-07-21,C00305,P0042,SO03,BU2,R01,USD,902,1081.32,91.38,953.83,22.34,26.02,12.25,61.77,706.86
T0000859,O0000287,INV0000430,IL0000859,2025-04-12,2025-04-12,C00045,P0027,SO03,BU3,R03,USD,43,78.49,3.23,73.75,1.17,3.25,2.91,2.29,39.87
T0000860,O0000287,INV0000430,IL0000860,2026-08-19,2026-08-19,C00413,P0009,SO05,BU2,R03,USD,871,649.5,50.46,606.45,10.75,4.09,22.25,14.88,484.63
T0000861,O0000287,INV0000431,IL0000861,2026-04-21,2026-04-21,C00212,P0102,SO01,BU1,R02,USD,777,1762.62,89.46,1616.82,14.15,63.86,21.67,102.92,1291.56
T0000862,O0000288,INV0000431,IL0000862,2026-11-21,2026-11-21,C00124,P0002,SO04,BU2,R02,USD,76,16.83,0.26,16.17,0.19,0.76,0.55,0.38,10.91
T0000863,O0000288,INV0000432,IL0000863,2026-08-09,2026-08-09,C00221,P0062,SO03,BU2,R03,USD,811,563.16,36.29,501.07,14.0,24.82,13.02,22.32,290.64
T0000864,O0000288,INV0000432,IL0000864,2025-06-27,2025-06-27,C00207,P0082,SO02,BU1,R04,USD,334,450.2,4.48,433.78,10.82,12.49,11.37,25.6,314.96
T0000865,O0000289,INV0000433,IL0000865,2026-10-05,2026-10-05,C00470,P0067,SO03,BU2,R03,USD,335,908.86,18.52,888.79,2.54,21.87,22.86,1.73,587.23
T0000866,O0000289,INV0000433,IL0000866,2026-12-26,2026-12-26,C00279,P0021,SO04,BU3,R04,USD,793,196.27,14.41,175.32,5.79,6.85,6.1,8.01,104.46
T0000867,O0000289,INV0000434,IL0000867,2025-08-16,2025-08-16,C00153,P0050,SO03,BU2,R01,USD,512,1085.08,87.58,971.89,12.31,15.55,2.25,9.78,546.04
T0000868,O0000290,INV0000434,IL0000868,2025-01-24,2025-01-24,C00327,P0149,SO04,BU4,R04,USD,237,333.2,19.86,319.01,1.07,5.18,11.92,11.04,168.59
T0000869,O0000290,INV0000435,IL0000869,2026-01-06,2026-01-06,C00468,P0054,SO03,BU1,R02,USD,216,322.08,0.71,304.65,0.71,16.99,0.98,8.0,216.58
T0000870,O0000290,INV0000435,IL0000870,2025-11-18,2025-11-18,C00325,P0116,SO01,BU2,R03,USD,378,369.57,33.4,328.67,7.31,12.83,12.64,7.89,189.52
T0000871,O0000291,INV0000436,IL0000871,2025-12-22,2025-12-22,C00248,P0140,SO01,BU1,R04,USD,334,525.42,13.37,503.87,1.92,17.52,11.26,26.84,328.41
T0000872,O0000291,INV0000436,IL0000872,2025-08-10,2025-08-10,C00444,P0094,SO04,BU4,R02,USD,454,117.5,1.63,111.7,0.29,4.47,0.59,1.56,65.4
T0000873,O0000291,INV0000437,IL0000873,2025-04-05,2025-04-05,C00179,P0142,SO05,BU2,R02,USD,966,2095.93,103.92,1929.87,32.23,46.1,16.19,92.82,1107.55
T0000874,O0000292,INV0000437,IL0000874,2025-10-15,2025-10-15,C00493,P0101,SO04,BU4,R03,USD,648,403.25,8.3,383.8,8.74,9.61,7.2,7.3,260.89
T0000875,O0000292,INV0000438,IL0000875,2025-11-23,2025-11-23,C00319,P0028,SO05,BU4,R04,USD,794,1053.08,59.72,947.61,11.81,36.65,2.71,2.24,554.79
T0000876,O0000292,INV0000438,IL0000876,2026-06-08,2026-06-08,C00130,P0105,SO05,BU2,R01,USD,1096,1228.07,3.68,1234.81,6.63,21.8,38.85,6.28,712.49
T0000877,O0000293,INV0000439,IL0000877,2026-11-04,2026-11-04,C00191,P0096,SO05,BU1,R04,USD,653,330.81,10.54,320.34,0.11,5.98,6.16,20.15,232.45
T0000878,O0000293,INV0000439,IL0000878,2026-07-30,2026-07-30,C00034,P0099,SO05,BU2,R01,USD,444,704.98,7.26,693.18,5.88,23.57,24.91,3.63,508.13
T0000879,O0000293,INV0000440,IL0000879,2026-10-24,2026-10-24,C00216,P0112,SO01,BU3,R04,USD,665,471.55,2.34,466.19,6.99,1.21,5.18,14.78,242.09
T0000880,O0000294,INV0000440,IL0000880,2026-09-08,2026-09-08,C00168,P0099,SO03,BU4,R04,USD,1190,281.79,0.5,265.8,6.62,8.92,0.05,2.44,171.69
T0000881,O0000294,INV0000441,IL0000881,2026-02-17,2026-02-17,C00019,P0137,SO02,BU1,R02,USD,90,97.27,0.16,92.91,1.37,4.44,1.61,2.06,54.89
T0000882,O0000294,INV0000441,IL0000882,2025-12-21,2025-12-21,C00205,P0021,SO03,BU2,R03,USD,651,975.52,4.59,928.66,8.73,52.79,19.25,59.19,643.36
T0000883,O0000295,INV0000442,IL0000883,2026-01-18,2026-01-18,C00481,P0027,SO01,BU1,R01,USD,468,144.0,0.15,144.8,0.45,2.56,3.96,1.73,86.69
T0000884,O0000295,INV0000442,IL0000884,2025-07-15,2025-07-15,C00371,P0095,SO03,BU2,R02,USD,20,53.48,4.64,46.35,0.42,2.31,0.24,0.24,39.85
T0000885,O0000295,INV0000443,IL0000885,2025-12-04,2025-12-04,C00353,P0098,SO04,BU1,R01,USD,358,948.49,55.34,878.7,3.41,16.66,5.62,52.29,610.41
T0000886,O0000296,INV0000443,IL0000886,2026-02-28,2026-02-28,C00327,P0115,SO04,BU4,R04,USD,1078,1712.62,98.97,1509.75,33.98,91.97,22.05,23.87,1172.53
T0000887,O0000296,INV0000444,IL0000887,2025-09-28,2025-09-28,C00393,P0076,SO03,BU3,R01,USD,732,1223.32,106.78,1052.94,24.2,49.47,10.07,71.62,613.92
T0000888,O0000296,INV0000444,IL0000888,2025-03-03,2025-03-03,C00109,P0004,SO02,BU3,R03,USD,968,2289.71,43.03,2267.31,7.18,26.28,54.09,136.25,1437.34
T0000889,O0000297,INV0000445,IL0000889,2025-11-16,2025-11-16,C00363,P0117,SO05,BU1,R02,USD,1043,481.97,6.27,460.95,13.25,10.22,8.72,6.55,315.08
T0000890,O0000297,INV0000445,IL0000890,2026-02-14,2026-02-14,C00097,P0018,SO04,BU1,R01,USD,876,541.72,16.64,494.81,14.14,19.32,3.19,25.81,392.93
T0000891,O0000297,INV0000446,IL0000891,2025-09-04,2025-09-04,C00009,P0118,SO01,BU2,R01,USD,556,142.5,9.43,134.33,1.94,2.08,5.28,4.06,71.75
T0000892,O0000298,INV0000446,IL0000892,2025-06-04,2025-06-04,C00204,P0129,SO04,BU2,R02,USD,1050,1124.65,49.64,1076.7,12.48,3.04,17.21,14.62,832.07
T0000893,O0000298,INV0000447,IL0000893,2025-07-13,2025-07-13,C00207,P0046,SO05,BU4,R04,USD,575,916.49,45.24,848.68,11.92,34.34,23.69,13.04,686.0
T0000894,O0000298,INV0000447,IL0000894,2025-02-24,2025-02-24,C00459,P0010,SO04,BU3,R02,USD,555,453.71,24.14,416.5,3.75,22.02,12.7,11.45,269.18
T0000895,O0000299,INV0000448,IL0000895,2025-08-14,2025-08-14,C00376,P0069,SO01,BU4,R04,USD,431,274.37,5.59,256.05,5.24,10.65,3.16,3.32,131.94
T0000896,O0000299,INV0000448,IL0000896,2026-12-19,2026-12-19,C00319,P0123,SO05,BU2,R04,USD,498,315.98,21.53,292.85,1.58,5.77,5.75,13.65,236.8
T0000897,O0000299,INV0000449,IL0000897,2026-03-15,2026-03-15,C00172,P0006,SO01,BU2,R02,USD,550,1393.15,23.78,1356.47,31.77,0.75,19.62,0.1,853.54
T0000898,O0000300,INV0000449,IL0000898,2025-09-11,2025-09-11,C00242,P0029,SO02,BU2,R01,USD,45,76.26,7.55,65.11,1.91,2.2,0.51,0.43,39.73
T0000899,O0000300,INV0000450,IL0000899,2025-11-08,2025-11-08,C00412,P0086,SO05,BU3,R02,USD,1014,2171.99,214.98,1913.77,16.77,58.12,31.65,47.24,1050.8
T0000900,O0000300,INV0000450,IL0000900,2026-12-29,2026-12-29,C00171,P0133,SO05,BU4,R02,USD,1001,481.58,33.03,456.33,10.52,0.55,18.85,21.06,346.62
T0000901,O0000301,INV0000451,IL0000901,2025-05-26,2025-05-26,C00183,P0128,SO01,BU1,R04,USD,510,878.27,61.11,798.98,11.35,9.97,3.14,21.13,647.97
T0000902,O0000301,INV0000451,IL0000902,2025-04-21,2025-04-21,C00495,P0071,SO03,BU2,R04,USD,930,2619.07,229.45,2281.29,13.75,131.13,36.55,94.08,1500.03
T0000903,O0000301,INV0000452,IL0000903,2025-10-10,2025-10-10,C00159,P0049,SO02,BU2,R04,USD,1196,1876.05,64.4,1766.61,34.46,44.73,34.15,97.98,1409.07
T0000904,O0000302,INV0000452,IL0000904,2025-10-23,2025-10-23,C00057,P0003,SO01,BU4,R01,USD,311,443.21,6.66,420.27,12.85,15.21,11.78,8.48,250.42
T0000905,O0000302,INV0000453,IL0000905,2025-10-29,2025-10-29,C00008,P0117,SO02,BU2,R04,USD,455,425.74,25.25,399.98,0.68,7.16,7.33,0.02,283.06
T0000906,O0000302,INV0000453,IL0000906,2025-09-15,2025-09-15,C00071,P0090,SO05,BU2,R04,USD,1038,2030.74,156.14,1877.53,9.45,9.61,21.99,25.86,1541.04
T0000907,O0000303,INV0000454,IL0000907,2026-08-23,2026-08-23,C00471,P0021,SO05,BU2,R04,USD,458,121.74,11.36,106.81,0.91,4.54,1.88,6.76,72.04
T0000908,O0000303,INV0000454,IL0000908,2025-09-25,2025-09-25,C00472,P0078,SO05,BU4,R04,USD,646,415.18,18.09,370.12,10.91,18.37,2.31,6.48,288.53
T0000909,O0000303,INV0000455,IL0000909,2026-03-03,2026-03-03,C00284,P0052,SO05,BU2,R02,USD,634,258.99,14.68,235.54,4.88,7.78,3.89,7.2,187.83
T0000910,O0000304,INV0000455,IL0000910,2025-05-22,2025-05-22,C00270,P0114,SO01,BU3,R03,USD,1041,2785.82,198.52,2529.49,39.14,65.53,46.86,4.9,1657.21
T0000911,O0000304,INV0000456,IL0000911,2026-07-27,2026-07-27,C00014,P0108,SO03,BU3,R03,USD,297,541.31,16.37,508.51,3.94,15.25,2.76,20.13,342.17
T0000912,O0000304,INV0000456,IL0000912,2025-10-28,2025-10-28,C00028,P0101,SO05,BU1,R02,USD,835,1644.2,76.09,1538.82,37.64,46.84,55.19,29.1,828.19
T0000913,O0000305,INV0000457,IL0000913,2026-10-28,2026-10-28,C00055,P0086,SO05,BU4,R04,USD,209,496.29,28.06,436.77,10.28,23.59,2.41,15.62,319.46
T0000914,O0000305,INV0000457,IL0000914,2025-02-24,2025-02-24,C00360,P0053,SO02,BU1,R04,USD,305,512.61,49.58,448.82,2.1,25.23,13.12,19.74,268.27
T0000915,O0000305,INV0000458,IL0000915,2025-01-07,2025-01-07,C00413,P0125,SO05,BU4,R03,USD,421,204.73,0.0,200.45,3.71,1.36,0.79,6.65,109.98
T0000916,O0000306,INV0000458,IL0000916,2026-06-02,2026-06-02,C00228,P0101,SO02,BU2,R02,USD,259,254.03,12.29,245.67,1.4,3.28,8.61,10.54,140.45
T0000917,O0000306,INV0000459,IL0000917,2026-03-26,2026-03-26,C00440,P0032,SO04,BU2,R04,USD,309,580.49,10.73,538.49,14.25,20.99,3.97,20.61,399.18
T0000918,O0000306,INV0000459,IL0000918,2026-05-03,2026-05-03,C00246,P0075,SO05,BU2,R03,USD,214,586.53,28.91,549.62,11.75,12.62,16.37,16.04,299.16
T0000919,O0000307,INV0000460,IL0000919,2026-03-12,2026-03-12,C00076,P0008,SO05,BU2,R02,USD,946,473.66,18.45,458.39,8.25,0.89,12.32,14.26,314.52
T0000920,O0000307,INV0000460,IL0000920,2025-12-30,2025-12-30,C00493,P0036,SO05,BU3,R03,USD,948,871.5,85.56,753.11,9.35,41.02,17.54,37.23,503.44
T0000921,O0000307,INV0000461,IL0000921,2026-02-04,2026-02-04,C00263,P0017,SO01,BU2,R04,USD,320,358.24,25.76,326.01,3.65,14.09,11.27,17.4,199.87
T0000922,O0000308,INV0000461,IL0000922,2025-11-07,2025-11-07,C00473,P0101,SO03,BU3,R01,USD,1000,1185.3,55.92,1112.37,23.43,37.55,43.97,40.91,826.29
T0000923,O0000308,INV0000462,IL0000923,2025-05-13,2025-05-13,C00358,P0083,SO04,BU3,R03,USD,1199,1330.17,82.13,1273.97,16.11,3.29,45.33,8.61,697.77
T0000924,O0000308,INV0000462,IL0000924,2025-04-19,2025-04-19,C00256,P0122,SO01,BU3,R04,USD,484,1355.25,109.58,1247.02,29.79,17.64,48.78,77.91,716.55
T0000925,O0000309,INV0000463,IL0000925,2026-03-07,2026-03-07,C00473,P0017,SO02,BU2,R01,USD,522,253.48,21.46,226.98,0.55,10.64,6.15,14.67,181.34
T0000926,O0000309,INV0000463,IL0000926,2025-11-25,2025-11-25,C00056,P0116,SO03,BU1,R04,USD,282,795.32,45.63,747.8,4.77,11.04,13.92,10.53,445.46
T0000927,O0000309,INV0000464,IL0000927,2025-06-15,2025-06-15,C00223,P0136,SO02,BU3,R04,USD,186,322.56,20.29,302.64,6.47,3.61,10.45,7.62,235.51
T0000928,O0000310,INV0000464,IL0000928,2026-02-22,2026-02-22,C00291,P0140,SO03,BU3,R02,USD,707,477.08,34.83,421.83,13.04,16.85,9.47,16.84,340.19
T0000929,O0000310,INV0000465,IL0000929,2026-05-01,2026-05-01,C00257,P0091,SO02,BU4,R01,USD,1154,2837.22,227.43,2574.02,37.36,97.6,99.19,22.92,1814.01
T0000930,O0000310,INV0000465,IL0000930,2026-06-14,2026-06-14,C00153,P0026,SO04,BU4,R01,USD,1031,820.26,49.34,783.53,8.14,10.11,30.86,13.79,605.55
T0000931,O0000311,INV0000466,IL0000931,2026-12-22,2026-12-22,C00184,P0018,SO01,BU2,R04,USD,599,227.44,13.09,201.42,5.82,11.66,4.55,0.8,134.59
T0000932,O0000311,INV0000466,IL0000932,2026-12-16,2026-12-16,C00457,P0029,SO04,BU3,R01,USD,974,2611.88,257.25,2342.84,51.18,4.64,44.03,145.64,1400.34
T0000933,O0000311,INV0000467,IL0000933,2025-03-02,2025-03-02,C00072,P0053,SO03,BU2,R04,USD,685,1813.54,120.3,1627.25,47.78,23.5,5.29,103.01,1351.88
T0000934,O0000312,INV0000467,IL0000934,2026-12-21,2026-12-21,C00428,P0010,SO02,BU4,R02,USD,154,418.31,25.02,392.98,7.69,1.85,9.23,7.44,311.66
T0000935,O0000312,INV0000468,IL0000935,2025-02-12,2025-02-12,C00054,P0010,SO01,BU4,R03,USD,1049,819.69,28.71,772.75,11.74,35.23,28.74,50.37,445.72
T0000936,O0000312,INV0000468,IL0000936,2025-01-27,2025-01-27,C00397,P0051,SO03,BU2,R03,USD,786,1572.63,116.05,1474.17,26.07,4.51,48.17,44.34,1061.09
T0000937,O0000313,INV0000469,IL0000937,2026-03-14,2026-03-14,C00282,P0036,SO04,BU4,R01,USD,906,448.47,27.61,406.18,12.16,8.68,6.16,6.77,330.55
T0000938,O0000313,INV0000469,IL0000938,2025-04-05,2025-04-05,C00302,P0003,SO03,BU4,R03,USD,855,1860.31,165.26,1666.4,44.27,58.12,73.74,83.97,900.71
T0000939,O0000313,INV0000470,IL0000939,2025-02-28,2025-02-28,C00040,P0015,SO05,BU1,R04,USD,908,601.28,2.63,576.54,6.31,21.67,5.87,24.46,337.84
T0000940,O0000314,INV0000470,IL0000940,2026-05-06,2026-05-06,C00337,P0032,SO03,BU3,R01,USD,166,140.77,7.65,127.35,2.09,5.69,2.01,1.96,103.64
T0000941,O0000314,INV0000471,IL0000941,2025-11-06,2025-11-06,C00483,P0094,SO03,BU2,R02,USD,609,1522.62,37.18,1450.93,40.79,26.7,32.98,35.21,775.36
T0000942,O0000314,INV0000471,IL0000942,2026-02-25,2026-02-25,C00362,P0125,SO04,BU1,R01,USD,170,123.0,1.69,119.8,3.6,1.56,3.65,3.12,66.3
T0000943,O0000315,INV0000472,IL0000943,2025-05-26,2025-05-26,C00019,P0061,SO05,BU3,R02,USD,939,2558.4,5.45,2510.93,64.19,38.03,60.2,169.63,1443.23
T0000944,O0000315,INV0000472,IL0000944,2025-03-03,2025-03-03,C00143,P0099,SO01,BU4,R04,USD,48,119.21,4.59,113.99,0.16,1.35,0.88,0.42,71.61
T0000945,O0000315,INV0000473,IL0000945,2025-11-09,2025-11-09,C00017,P0139,SO02,BU4,R01,USD,63,164.42,12.41,144.59,1.66,7.49,1.73,2.19,113.6
T0000946,O0000316,INV0000473,IL0000946,2025-01-29,2025-01-29,C00175,P0112,SO04,BU2,R04,USD,126,294.3,16.28,257.9,8.41,15.09,3.38,9.65,222.92
T0000947,O0000316,INV0000474,IL0000947,2026-03-11,2026-03-11,C00294,P0146,SO02,BU1,R03,USD,542,332.79,12.69,297.5,7.44,16.92,1.76,16.65,161.15
T0000948,O0000316,INV0000474,IL0000948,2025-10-08,2025-10-08,C00044,P0064,SO03,BU2,R02,USD,615,664.94,26.24,630.72,12.28,13.23,17.53,35.77,464.85
T0000949,O0000317,INV0000475,IL0000949,2026-09-15,2026-09-15,C00007,P0032,SO05,BU2,R04,USD,1174,2282.61,190.83,1979.6,58.04,55.72,1.58,5.13,1101.32
T0000950,O0000317,INV0000475,IL0000950,2026-01-03,2026-01-03,C00246,P0143,SO02,BU3,R03,USD,846,284.59,26.72,249.53,2.36,9.55,3.57,3.14,141.71
T0000951,O0000317,INV0000476,IL0000951,2025-10-10,2025-10-10,C00133,P0127,SO05,BU1,R03,USD,475,884.92,13.0,857.15,16.41,2.41,4.05,41.07,434.3
T0000952,O0000318,INV0000476,IL0000952,2026-03-27,2026-03-27,C00297,P0082,SO02,BU2,R01,USD,1143,2394.93,14.56,2319.57,51.34,34.12,24.66,139.23,1604.48
T0000953,O0000318,INV0000477,IL0000953,2025-12-28,2025-12-28,C00277,P0012,SO05,BU4,R03,USD,490,545.76,4.23,524.09,7.27,15.34,5.17,13.62,311.75
T0000954,O0000318,INV0000477,IL0000954,2026-11-29,2026-11-29,C00213,P0019,SO04,BU2,R03,USD,589,331.02,10.81,311.68,7.83,6.1,5.4,10.27,219.32
T0000955,O0000319,INV0000478,IL0000955,2025-10-29,2025-10-29,C00319,P0008,SO01,BU2,R04,USD,764,228.51,21.26,206.25,6.25,0.32,5.57,7.37,161.39
T0000956,O0000319,INV0000478,IL0000956,2026-06-05,2026-06-05,C00402,P0149,SO02,BU4,R01,USD,450,536.17,31.24,506.29,10.57,4.43,16.36,33.85,354.83
T0000957,O0000319,INV0000479,IL0000957,2025-08-18,2025-08-18,C00290,P0129,SO04,BU3,R01,USD,1132,2422.03,130.54,2242.99,8.81,117.02,77.33,103.5,1574.29
T0000958,O0000320,INV0000479,IL0000958,2026-06-17,2026-06-17,C00226,P0082,SO04,BU1,R01,USD,409,986.55,28.91,967.52,7.22,13.19,30.29,30.87,573.53
T0000959,O0000320,INV0000480,IL0000959,2025-04-29,2025-04-29,C00355,P0062,SO05,BU3,R02,USD,849,973.12,34.25,900.59,14.76,48.95,25.43,28.3,632.0
T0000960,O0000320,INV0000480,IL0000960,2026-03-05,2026-03-05,C00118,P0146,SO05,BU1,R03,USD,1111,926.57,84.25,812.08,18.74,33.94,22.44,19.42,651.23
T0000961,O0000321,INV0000481,IL0000961,2025-05-01,2025-05-01,C00042,P0105,SO04,BU2,R01,USD,1044,2928.73,168.7,2685.41,55.58,124.46,105.42,2.92,2124.48
T0000962,O0000321,INV0000481,IL0000962,2025-05-04,2025-05-04,C00215,P0068,SO03,BU2,R04,USD,972,2102.82,26.58,2082.23,2.15,49.9,58.04,19.29,1592.22
T0000963,O0000321,INV0000482,IL0000963,2026-06-27,2026-06-27,C00471,P0100,SO04,BU2,R04,USD,735,382.42,26.65,351.98,2.77,6.17,5.15,8.29,271.87
T0000964,O0000322,INV0000482,IL0000964,2026-09-16,2026-09-16,C00316,P0028,SO02,BU2,R02,USD,161,346.55,12.3,328.02,4.67,7.79,6.23,6.64,247.35
T0000965,O0000322,INV0000483,IL0000965,2026-05-04,2026-05-04,C00359,P0035,SO01,BU2,R04,USD,1053,425.1,38.07,381.85,7.57,8.65,11.04,11.72,249.2
T0000966,O0000322,INV0000483,IL0000966,2026-06-05,2026-06-05,C00370,P0072,SO04,BU4,R01,USD,485,472.34,16.11,435.89,7.99,23.31,10.96,13.02,338.36
T0000967,O0000323,INV0000484,IL0000967,2025-11-27,2025-11-27,C00197,P0082,SO01,BU2,R03,USD,303,88.48,8.36,75.74,2.34,3.56,1.52,4.66,49.36
T0000968,O0000323,INV0000484,IL0000968,2025-11-18,2025-11-18,C00051,P0089,SO05,BU2,R02,USD,349,173.28,4.75,159.81,2.28,8.44,2.0,11.06,127.7
T0000969,O0000323,INV0000485,IL0000969,2025-04-19,2025-04-19,C00474,P0060,SO04,BU1,R01,USD,298,130.02,7.18,122.76,1.98,1.21,3.11,7.65,63.86
T0000970,O0000324,INV0000485,IL0000970,2026-07-05,2026-07-05,C00410,P0050,SO01,BU1,R01,USD,1010,2426.83,6.26,2335.51,14.79,125.71,55.44,85.16,1662.34
T0000971,O0000324,INV0000486,IL0000971,2026-04-10,2026-04-10,C00152,P0029,SO04,BU4,R04,USD,920,2349.04,115.87,2235.53,6.12,17.68,26.16,151.55,1567.37
T0000972,O0000324,INV0000486,IL0000972,2025-03-22,2025-03-22,C00382,P0057,SO03,BU3,R03,USD,679,406.38,13.63,381.7,5.53,16.44,10.92,18.38,203.49
T0000973,O0000325,INV0000487,IL0000973,2025-02-09,2025-02-09,C00222,P0026,SO02,BU1,R03,USD,660,454.34,25.36,419.17,11.42,15.64,17.25,7.22,297.88
T0000974,O0000325,INV0000487,IL0000974,2026-08-24,2026-08-24,C00193,P0057,SO02,BU3,R01,USD,553,793.67,38.45,733.27,4.45,21.68,4.18,4.55,522.03
T0000975,O0000325,INV0000488,IL0000975,2026-06-13,2026-06-13,C00439,P0055,SO01,BU1,R04,USD,899,323.28,18.03,305.47,2.02,3.17,5.41,8.13,178.99
T0000976,O0000326,INV0000488,IL0000976,2026-08-21,2026-08-21,C00121,P0090,SO01,BU4,R01,USD,1096,2119.66,38.17,2060.15,19.08,27.03,24.77,114.9,1305.32
T0000977,O0000326,INV0000489,IL0000977,2026-02-06,2026-02-06,C00307,P0092,SO03,BU2,R02,USD,995,963.96,21.1,896.92,27.85,47.55,29.46,28.08,575.95
T0000978,O0000326,INV0000489,IL0000978,2025-09-11,2025-09-11,C00340,P0109,SO04,BU4,R02,USD,370,525.7,16.76,501.82,1.79,20.15,14.82,16.99,366.22
T0000979,O0000327,INV0000490,IL0000979,2026-05-16,2026-05-16,C00308,P0106,SO03,BU4,R02,USD,69,66.02,3.35,58.23,1.76,2.84,0.16,1.07,45.96
T0000980,O0000327,INV0000490,IL0000980,2025-11-22,2025-11-22,C00211,P0101,SO05,BU3,R02,USD,880,1095.16,99.92,957.45,8.82,43.86,14.89,20.68,776.67
T0000981,O0000327,INV0000491,IL0000981,2026-02-24,2026-02-24,C00114,P0147,SO01,BU2,R01,USD,1107,808.77,50.57,718.59,23.0,27.28,10.67,1.0,525.21
T0000982,O0000328,INV0000491,IL0000982,2025-01-22,2025-01-22,C00411,P0098,SO03,BU3,R02,USD,692,1810.06,138.8,1613.59,30.02,65.2,37.55,22.41,1052.35
T0000983,O0000328,INV0000492,IL0000983,2025-06-10,2025-06-10,C00430,P0138,SO03,BU1,R03,USD,479,457.35,7.38,444.56,5.13,10.4,10.12,0.42,251.38
T0000984,O0000328,INV0000492,IL0000984,2025-01-21,2025-01-21,C00387,P0135,SO04,BU4,R02,USD,1037,1288.47,62.48,1210.41,6.07,21.36,11.85,20.95,897.13
T0000985,O0000329,INV0000493,IL0000985,2025-10-06,2025-10-06,C00384,P0032,SO03,BU1,R04,USD,830,440.15,32.59,403.23,3.57,2.06,1.3,21.52,300.27
T0000986,O0000329,INV0000493,IL0000986,2026-03-02,2026-03-02,C00011,P0004,SO03,BU2,R02,USD,320,139.23,8.19,127.83,1.63,6.37,4.79,3.8,97.42
T0000987,O0000329,INV0000494,IL0000987,2025-01-24,2025-01-24,C00155,P0071,SO05,BU3,R02,USD,425,189.59,18.38,167.26,3.28,3.93,3.26,4.76,102.8
T0000988,O0000330,INV0000494,IL0000988,2025-10-13,2025-10-13,C00248,P0073,SO03,BU2,R04,USD,1047,872.26,1.5,851.87,13.01,18.88,13.0,6.46,552.18
T0000989,O0000330,INV0000495,IL0000989,2025-08-18,2025-08-18,C00296,P0007,SO03,BU1,R04,USD,485,666.24,31.77,624.74,2.18,11.38,3.83,3.66,437.3
T0000990,O0000330,INV0000495,IL0000990,2026-07-29,2026-07-29,C00087,P0054,SO01,BU4,R04,USD,521,210.48,8.49,197.71,5.29,6.06,7.07,0.82,145.85
T0000991,O0000331,INV0000496,IL0000991,2026-05-21,2026-05-21,C00130,P0106,SO05,BU2,R01,USD,701,1687.73,6.16,1649.93,34.89,55.58,58.83,24.16,936.83
T0000992,O0000331,INV0000496,IL0000992,2026-07-30,2026-07-30,C00407,P0126,SO03,BU2,R04,USD,1033,1049.32,68.42,951.45,10.13,40.91,21.59,66.12,755.95
T0000993,O0000331,INV0000497,IL0000993,2025-03-25,2025-03-25,C00472,P0027,SO04,BU2,R04,USD,168,198.76,15.04,175.89,0.97,8.18,1.32,11.97,119.76
T0000994,O0000332,INV0000497,IL0000994,2025-02-09,2025-02-09,C00454,P0109,SO01,BU4,R03,USD,359,664.83,34.88,606.31,2.79,31.97,11.12,4.99,320.84
T0000995,O0000332,INV0000498,IL0000995,2025-10-29,2025-10-29,C00369,P0070,SO02,BU1,R01,USD,670,1220.94,45.37,1167.8,23.82,9.5,25.55,50.19,655.95
T0000996,O0000332,INV0000498,IL0000996,2026-01-16,2026-01-16,C00266,P0065,SO01,BU4,R01,USD,957,710.38,23.46,658.45,15.91,38.92,26.36,32.96,373.65
T0000997,O0000333,INV0000499,IL0000997,2026-05-01,2026-05-01,C00006,P0082,SO04,BU2,R03,USD,377,219.19,1.47,209.19,6.42,3.76,1.65,7.87,147.81
T0000998,O0000333,INV0000499,IL0000998,2025-12-05,2025-12-05,C00049,P0016,SO05,BU4,R01,USD,969,1712.42,11.43,1608.73,32.69,83.2,23.63,21.69,828.74
T0000999,O0000333,INV0000500,IL0000999,2025-10-19,2025-10-19,C00421,P0110,SO04,BU3,R03,USD,636,738.14,56.61,657.0,20.69,22.78,18.94,27.26,396.18
T0001000,O0000334,INV0000500,IL0001000,2025-04-16,2025-04-16,C00375,P0056,SO04,BU1,R04,USD,375,330.75,3.38,318.91,7.91,10.68,10.13,17.23,189.34
T0001001,O0000334,INV0000501,IL0001001,2026-08-30,2026-08-30,C00310,P0071,SO05,BU4,R03,USD,979,723.29,0.19,736.35,5.03,8.61,26.89,7.39,471.71
T0001002,O0000334,INV0000501,IL0001002,2026-05-02,2026-05-02,C00448,P0001,SO01,BU3,R04,USD,169,434.7,2.27,426.81,6.67,10.51,11.56,14.95,248.47
T0001003,O0000335,INV0000502,IL0001003,2025-05-01,2025-05-01,C00124,P0144,SO03,BU1,R02,USD,782,1756.68,124.06,1555.15,18.71,81.03,22.27,65.9,881.67
T0001004,O0000335,INV0000502,IL0001004,2025-08-08,2025-08-08,C00490,P0043,SO04,BU1,R01,USD,302,731.59,41.0,668.14,10.76,31.75,20.06,20.36,465.45
T0001005,O0000335,INV0000503,IL0001005,2025-12-23,2025-12-23,C00092,P0007,SO02,BU4,R02,USD,964,2157.34,74.64,2057.66,27.45,73.21,75.62,27.51,1591.62
T0001006,O0000336,INV0000503,IL0001006,2026-01-19,2026-01-19,C00092,P0003,SO02,BU3,R02,USD,915,1046.58,20.4,1027.01,18.4,18.91,38.14,36.15,770.73
T0001007,O0000336,INV0000504,IL0001007,2025-01-14,2025-01-14,C00311,P0070,SO02,BU2,R04,USD,573,1084.86,43.21,979.12,32.41,42.02,11.9,39.22,538.12
T0001008,O0000336,INV0000504,IL0001008,2025-02-01,2025-02-01,C00442,P0121,SO05,BU4,R01,USD,940,1399.75,66.27,1284.17,36.74,57.78,45.21,2.59,686.85
T0001009,O0000337,INV0000505,IL0001009,2025-06-06,2025-06-06,C00362,P0046,SO05,BU1,R01,USD,179,232.75,19.69,205.09,0.39,8.16,0.58,7.81,118.07
T0001010,O0000337,INV0000505,IL0001010,2025-07-18,2025-07-18,C00336,P0005,SO01,BU3,R04,USD,658,1695.67,28.69,1574.3,50.17,67.35,24.84,73.23,820.65
T0001011,O0000337,INV0000506,IL0001011,2026-03-03,2026-03-03,C00429,P0016,SO03,BU3,R03,USD,405,965.07,48.4,908.23,21.1,4.46,17.12,12.63,537.69
T0001012,O0000338,INV0000506,IL0001012,2026-06-02,2026-06-02,C00210,P0045,SO01,BU1,R01,USD,647,589.35,20.67,560.63,6.04,18.42,16.41,18.17,376.32
T0001013,O0000338,INV0000507,IL0001013,2025-04-30,2025-04-30,C00471,P0024,SO01,BU2,R04,USD,186,125.68,7.43,113.28,3.64,5.3,3.97,2.97,67.98
T0001014,O0000338,INV0000507,IL0001014,2025-03-25,2025-03-25,C00450,P0064,SO05,BU2,R01,USD,401,872.42,64.39,791.72,8.13,18.2,10.02,31.31,486.91
T0001015,O0000339,INV0000508,IL0001015,2026-02-28,2026-02-28,C00116,P0049,SO04,BU1,R02,USD,418,272.91,8.05,260.53,5.71,3.97,5.35,6.36,175.22
T0001016,O0000339,INV0000508,IL0001016,2026-10-20,2026-10-20,C00268,P0116,SO01,BU2,R02,USD,85,230.83,13.51,218.2,1.08,7.22,9.18,9.87,138.84
T0001017,O0000339,INV0000509,IL0001017,2026-11-30,2026-11-30,C00408,P0074,SO02,BU3,R04,USD,710,1454.15,73.26,1286.44,36.2,63.53,5.28,23.25,1012.89
T0001018,O0000340,INV0000509,IL0001018,2026-04-24,2026-04-24,C00134,P0009,SO04,BU4,R03,USD,1068,2069.46,38.58,1986.23,8.68,66.79,30.82,81.81,1212.32
T0001019,O0000340,INV0000510,IL0001019,2025-02-04,2025-02-04,C00166,P0027,SO02,BU4,R03,USD,26,15.7,0.75,14.13,0.16,0.78,0.12,0.16,9.11
T0001020,O0000340,INV0000510,IL0001020,2026-07-14,2026-07-14,C00096,P0006,SO05,BU3,R04,USD,944,1665.97,115.7,1486.58,36.53,43.39,16.23,62.53,1137.1
T0001021,O0000341,INV0000511,IL0001021,2026-05-10,2026-05-10,C00348,P0103,SO05,BU2,R02,USD,92,255.01,22.38,219.32,5.84,12.64,5.17,11.88,152.46
T0001022,O0000341,INV0000511,IL0001022,2026-08-15,2026-08-15,C00206,P0008,SO01,BU2,R03,USD,1058,660.4,19.85,617.23,11.82,25.34,13.84,24.54,492.93
T0001023,O0000341,INV0000512,IL0001023,2025-05-23,2025-05-23,C00067,P0086,SO02,BU2,R02,USD,195,196.13,15.02,172.74,4.72,4.95,1.3,1.78,94.19
T0001024,O0000342,INV0000512,IL0001024,2025-06-26,2025-06-26,C00155,P0079,SO03,BU3,R02,USD,388,314.51,6.39,311.65,0.85,4.23,8.61,8.16,225.44
T0001025,O0000342,INV0000513,IL0001025,2026-05-04,2026-05-04,C00082,P0089,SO04,BU4,R01,USD,974,1605.15,63.25,1514.13,10.23,41.7,24.16,25.73,978.78
T0001026,O0000342,INV0000513,IL0001026,2025-04-09,2025-04-09,C00199,P0033,SO01,BU3,R04,USD,283,353.1,11.55,337.78,3.0,13.1,12.33,12.63,228.51
T0001027,O0000343,INV0000514,IL0001027,2025-12-22,2025-12-22,C00251,P0007,SO03,BU4,R02,USD,374,834.06,30.79,777.38,8.5,37.76,20.37,49.77,575.89
T0001028,O0000343,INV0000514,IL0001028,2026-10-24,2026-10-24,C00118,P0036,SO01,BU4,R03,USD,394,117.45,3.55,111.94,0.33,2.48,0.85,2.44,61.33
T0001029,O0000343,INV0000515,IL0001029,2026-11-23,2026-11-23,C00421,P0124,SO02,BU2,R03,USD,544,1490.12,62.84,1413.77,7.31,55.92,49.72,8.18,909.24
T0001030,O0000344,INV0000515,IL0001030,2026-12-04,2026-12-04,C00376,P0026,SO03,BU1,R04,USD,35,21.34,0.27,19.95,0.32,0.81,0.01,0.94,14.15
T0001031,O0000344,INV0000516,IL0001031,2026-03-09,2026-03-09,C00395,P0014,SO05,BU2,R02,USD,880,766.13,48.58,683.67,13.87,33.81,13.8,22.66,447.72
T0001032,O0000344,INV0000516,IL0001032,2025-12-10,2025-12-10,C00433,P0137,SO02,BU4,R01,USD,238,542.0,53.16,483.39,8.65,11.43,14.63,11.41,282.98
T0001033,O0000345,INV0000517,IL0001033,2026-12-26,2026-12-26,C00303,P0067,SO02,BU3,R04,USD,1064,2500.72,181.96,2306.13,34.13,6.68,28.18,79.04,1285.46
T0001034,O0000345,INV0000517,IL0001034,2026-01-11,2026-01-11,C00026,P0095,SO04,BU1,R01,USD,881,952.36,28.2,879.14,23.4,28.43,6.81,1.08,552.3
T0001035,O0000345,INV0000518,IL0001035,2025-11-29,2025-11-29,C00153,P0010,SO05,BU4,R01,USD,238,269.84,0.99,260.09,5.98,3.69,0.91,13.23,136.67
T0001036,O0000346,INV0000518,IL0001036,2026-10-11,2026-10-11,C00253,P0111,SO04,BU1,R03,USD,717,1989.53,137.08,1813.98,14.57,90.34,66.44,66.48,1363.13
T0001037,O0000346,INV0000519,IL0001037,2026-04-15,2026-04-15,C00021,P0020,SO01,BU3,R03,USD,773,218.14,13.29,191.24,4.74,9.75,0.88,9.71,136.02
T0001038,O0000346,INV0000519,IL0001038,2025-12-12,2025-12-12,C00475,P0078,SO04,BU2,R02,USD,830,199.03,18.91,178.47,1.53,7.15,7.03,5.41,142.17
T0001039,O0000347,INV0000520,IL0001039,2025-04-30,2025-04-30,C00407,P0050,SO04,BU3,R04,USD,544,1543.0,94.98,1398.55,24.96,67.36,42.85,56.13,761.74
T0001040,O0000347,INV0000520,IL0001040,2025-08-09,2025-08-09,C00390,P0112,SO04,BU1,R03,USD,390,358.49,24.07,319.71,6.5,17.94,9.73,9.11,199.45
T0001041,O0000347,INV0000521,IL0001041,2025-01-20,2025-01-20,C00401,P0107,SO05,BU1,R01,USD,572,510.8,30.6,460.83,14.95,8.94,4.52,10.47,247.77
T0001042,O0000348,INV0000521,IL0001042,2025-03-07,2025-03-07,C00314,P0074,SO05,BU4,R01,USD,953,1667.46,105.85,1571.5,16.45,35.68,62.02,37.47,806.25
T0001043,O0000348,INV0000522,IL0001043,2025-12-21,2025-12-21,C00422,P0114,SO05,BU1,R03,USD,956,2352.81,117.4,2212.55,37.57,22.0,36.71,102.33,1394.8
T0001044,O0000348,INV0000522,IL0001044,2026-08-09,2026-08-09,C00496,P0021,SO01,BU4,R04,USD,1159,3256.56,27.06,3101.16,73.08,94.86,39.6,98.01,2247.81
T0001045,O0000349,INV0000523,IL0001045,2026-04-24,2026-04-24,C00016,P0040,SO05,BU4,R04,USD,351,648.23,36.62,595.74,8.08,27.27,19.48,31.03,362.68
T0001046,O0000349,INV0000523,IL0001046,2025-08-29,2025-08-29,C00193,P0138,SO05,BU1,R01,USD,785,1413.78,120.12,1328.69,4.11,16.97,56.11,16.61,904.55
T0001047,O0000349,INV0000524,IL0001047,2025-06-12,2025-06-12,C00393,P0103,SO03,BU2,R01,USD,846,947.44,20.63,915.89,25.59,14.53,29.2,42.59,621.97
T0001048,O0000350,INV0000524,IL0001048,2026-12-05,2026-12-05,C00492,P0082,SO02,BU1,R02,USD,1106,1771.59,39.88,1656.79,21.47,73.74,20.29,18.2,1308.98
T0001049,O0000350,INV0000525,IL0001049,2025-07-01,2025-07-01,C00205,P0074,SO01,BU1,R03,USD,1100,2635.27,201.05,2293.66,51.88,99.04,10.36,67.13,1693.01
T0001050,O0000350,INV0000525,IL0001050,2026-03-05,2026-03-05,C00211,P0049,SO01,BU1,R02,USD,469,257.95,15.99,233.27,7.73,8.51,7.55,5.31,192.1
T0001051,O0000351,INV0000526,IL0001051,2025-09-13,2025-09-13,C00086,P0146,SO01,BU4,R03,USD,196,533.39,1.21,507.7,9.62,23.17,8.31,6.86,332.39
T0001052,O0000351,INV0000526,IL0001052,2025-06-15,2025-06-15,C00235,P0095,SO03,BU4,R02,USD,368,530.18,37.79,486.71,3.18,3.87,1.37,19.68,259.07
T0001053,O0000351,INV0000527,IL0001053,2026-04-16,2026-04-16,C00126,P0114,SO03,BU4,R03,USD,372,1033.19,51.68,957.43,3.45,34.32,13.69,10.67,762.13
T0001054,O0000352,INV0000527,IL0001054,2026-04-19,2026-04-19,C00370,P0018,SO01,BU1,R01,USD,76,152.08,6.18,141.94,2.37,3.93,2.34,9.51,106.34
T0001055,O0000352,INV0000528,IL0001055,2026-07-05,2026-07-05,C00062,P0137,SO01,BU1,R03,USD,908,1329.13,96.5,1235.55,11.68,29.12,43.72,31.43,924.08
T0001056,O0000352,INV0000528,IL0001056,2026-06-08,2026-06-08,C00323,P0113,SO04,BU2,R02,USD,264,120.57,10.21,107.6,2.74,3.84,3.82,2.76,82.25
T0001057,O0000353,INV0000529,IL0001057,2026-11-04,2026-11-04,C00174,P0037,SO03,BU4,R03,USD,998,739.42,7.18,741.59,14.24,3.01,26.6,12.7,456.7
T0001058,O0000353,INV0000529,IL0001058,2025-09-24,2025-09-24,C00176,P0076,SO05,BU3,R04,USD,687,1567.94,109.69,1428.01,26.73,51.26,47.75,28.83,817.6
T0001059,O0000353,INV0000530,IL0001059,2025-08-15,2025-08-15,C00451,P0095,SO04,BU3,R02,USD,752,1568.6,48.1,1456.96,33.69,48.97,19.12,68.67,1066.12
T0001060,O0000354,INV0000530,IL0001060,2025-06-08,2025-06-08,C00381,P0033,SO05,BU1,R03,USD,608,1504.13,38.7,1419.85,10.28,70.39,35.09,1.2,784.47
T0001061,O0000354,INV0000531,IL0001061,2026-01-08,2026-01-08,C00370,P0131,SO02,BU1,R01,USD,841,1222.39,110.02,1062.13,35.66,43.29,28.71,38.91,758.26
T0001062,O0000354,INV0000531,IL0001062,2026-01-23,2026-01-23,C00444,P0125,SO01,BU2,R02,USD,1085,1591.8,77.04,1442.19,18.14,58.55,4.12,20.84,864.27
T0001063,O0000355,INV0000532,IL0001063,2025-06-03,2025-06-03,C00143,P0031,SO02,BU3,R04,USD,740,1118.73,63.7,1066.24,21.43,0.75,33.39,58.79,793.51
T0001064,O0000355,INV0000532,IL0001064,2025-08-22,2025-08-22,C00380,P0052,SO02,BU4,R02,USD,77,95.79,0.95,95.66,0.95,0.35,2.12,4.96,60.32
T0001065,O0000355,INV0000533,IL0001065,2025-03-23,2025-03-23,C00497,P0015,SO05,BU3,R01,USD,1170,1844.27,45.13,1805.57,44.11,18.53,69.07,28.86,1328.07
T0001066,O0000356,INV0000533,IL0001066,2026-04-13,2026-04-13,C00091,P0011,SO05,BU4,R02,USD,554,916.21,8.37,863.09,5.22,41.86,2.33,31.57,671.47
T0001067,O0000356,INV0000534,IL0001067,2025-03-04,2025-03-04,C00107,P0059,SO03,BU4,R02,USD,1200,1745.16,17.15,1732.1,46.16,4.9,55.15,57.99,873.37
T0001068,O0000356,INV0000534,IL0001068,2026-03-29,2026-03-29,C00043,P0122,SO02,BU3,R02,USD,214,348.41,7.49,333.03,5.09,10.91,8.11,2.6,251.25
T0001069,O0000357,INV0000535,IL0001069,2026-03-30,2026-03-30,C00399,P0050,SO04,BU3,R04,USD,944,2670.86,67.24,2598.66,32.62,39.77,67.43,87.91,1527.78
T0001070,O0000357,INV0000535,IL0001070,2025-10-18,2025-10-18,C00488,P0077,SO04,BU1,R04,USD,1099,928.55,25.56,887.93,15.63,15.77,16.34,58.78,699.78
T0001071,O0000357,INV0000536,IL0001071,2026-05-15,2026-05-15,C00004,P0082,SO02,BU1,R02,USD,973,1463.2,26.16,1355.03,33.38,54.16,5.53,32.48,1055.51
T0001072,O0000358,INV0000536,IL0001072,2026-12-05,2026-12-05,C00276,P0047,SO02,BU3,R02,USD,232,514.3,10.97,497.45,7.74,9.05,10.91,10.45,261.68
T0001073,O0000358,INV0000537,IL0001073,2026-09-17,2026-09-17,C00108,P0147,SO05,BU1,R02,USD,673,402.18,30.82,352.85,9.48,18.85,9.82,23.63,210.74
T0001074,O0000358,INV0000537,IL0001074,2026-05-01,2026-05-01,C00335,P0107,SO04,BU1,R04,USD,478,1276.59,60.25,1169.63,32.79,21.32,7.4,28.98,732.05
T0001075,O0000359,INV0000538,IL0001075,2025-11-19,2025-11-19,C00231,P0079,SO04,BU2,R04,USD,1163,1431.42,59.71,1362.63,32.73,31.81,55.46,76.82,828.81
T0001076,O0000359,INV0000538,IL0001076,2026-04-13,2026-04-13,C00393,P0071,SO01,BU1,R01,USD,424,312.49,22.4,284.93,2.76,6.42,4.02,6.5,219.2
T0001077,O0000359,INV0000539,IL0001077,2026-07-28,2026-07-28,C00379,P0052,SO02,BU3,R02,USD,1040,1409.3,38.61,1395.86,3.15,12.43,40.75,57.94,1047.98
T0001078,O0000360,INV0000539,IL0001078,2025-02-17,2025-02-17,C00400,P0100,SO01,BU4,R04,USD,521,483.49,29.33,458.39,5.44,2.7,12.37,11.85,269.45
T0001079,O0000360,INV0000540,IL0001079,2025-10-19,2025-10-19,C00057,P0121,SO05,BU1,R01,USD,161,168.49,13.06,152.94,2.09,1.41,1.01,2.14,94.97
T0001080,O0000360,INV0000540,IL0001080,2025-04-01,2025-04-01,C00225,P0063,SO01,BU3,R01,USD,1182,1937.77,128.03,1743.72,32.36,87.11,53.45,93.98,1006.34
T0001081,O0000361,INV0000541,IL0001081,2026-12-18,2026-12-18,C00365,P0081,SO02,BU4,R03,USD,923,2007.71,43.13,1949.18,19.35,25.14,29.09,132.55,1075.56
T0001082,O0000361,INV0000541,IL0001082,2025-09-23,2025-09-23,C00131,P0006,SO05,BU1,R02,USD,254,481.28,20.57,443.95,11.64,21.13,16.01,30.75,239.14
T0001083,O0000361,INV0000542,IL0001083,2026-01-18,2026-01-18,C00009,P0145,SO04,BU2,R01,USD,75,205.69,17.96,181.94,2.02,6.1,2.33,0.85,117.95
T0001084,O0000362,INV0000542,IL0001084,2025-03-19,2025-03-19,C00290,P0024,SO03,BU2,R01,USD,240,383.95,30.66,355.86,9.75,1.85,14.17,24.73,249.88
T0001085,O0000362,INV0000543,IL0001085,2025-03-16,2025-03-16,C00393,P0111,SO04,BU1,R01,USD,963,1333.66,117.43,1142.86,29.56,47.71,3.9,27.18,882.08
T0001086,O0000362,INV0000543,IL0001086,2026-06-25,2026-06-25,C00400,P0111,SO01,BU1,R04,USD,832,1426.55,0.91,1401.56,35.45,1.48,12.85,25.4,855.36
T0001087,O0000363,INV0000544,IL0001087,2025-08-17,2025-08-17,C00300,P0084,SO03,BU2,R02,USD,947,1823.07,36.52,1713.98,44.93,92.78,65.14,69.21,1240.0
T0001088,O0000363,INV0000544,IL0001088,2025-07-13,2025-07-13,C00396,P0038,SO02,BU3,R02,USD,641,426.14,1.12,410.81,7.7,19.8,13.29,27.45,268.99
T0001089,O0000363,INV0000545,IL0001089,2025-12-02,2025-12-02,C00446,P0081,SO03,BU4,R03,USD,437,313.98,5.13,307.05,9.33,4.02,11.55,0.59,218.61
T0001090,O0000364,INV0000545,IL0001090,2026-03-27,2026-03-27,C00064,P0097,SO01,BU1,R04,USD,919,2294.1,195.96,2117.81,14.36,6.21,40.24,114.3,1228.76
T0001091,O0000364,INV0000546,IL0001091,2026-08-28,2026-08-28,C00418,P0032,SO03,BU3,R01,USD,368,564.11,32.62,522.43,8.74,5.05,4.73,27.09,419.36
T0001092,O0000364,INV0000546,IL0001092,2026-01-02,2026-01-02,C00384,P0082,SO04,BU2,R04,USD,401,297.38,2.7,288.39,4.52,7.82,6.05,0.33,221.42
T0001093,O0000365,INV0000547,IL0001093,2026-01-25,2026-01-25,C00412,P0108,SO03,BU1,R02,USD,214,241.18,22.81,214.74,6.05,5.76,8.18,15.03,136.07
T0001094,O0000365,INV0000547,IL0001094,2025-03-28,2025-03-28,C00334,P0100,SO01,BU4,R03,USD,42,114.24,3.14,107.49,2.22,2.03,0.64,4.25,62.8
T0001095,O0000365,INV0000548,IL0001095,2025-05-12,2025-05-12,C00266,P0040,SO05,BU1,R01,USD,972,2153.27,13.17,2042.6,51.83,102.6,56.93,59.32,1257.68
T0001096,O0000366,INV0000548,IL0001096,2025-06-11,2025-06-11,C00215,P0045,SO01,BU2,R04,USD,1072,2955.93,219.32,2739.16,71.86,29.53,103.94,31.13,1509.39
T0001097,O0000366,INV0000549,IL0001097,2026-05-25,2026-05-25,C00105,P0079,SO03,BU1,R01,USD,774,2017.82,53.51,1884.7,19.44,86.93,26.76,4.51,1470.73
T0001098,O0000366,INV0000549,IL0001098,2025-05-28,2025-05-28,C00468,P0105,SO02,BU2,R02,USD,1114,1321.98,79.12,1211.32,20.83,11.5,0.79,7.81,966.65
T0001099,O0000367,INV0000550,IL0001099,2025-03-09,2025-03-09,C00058,P0122,SO05,BU3,R01,USD,860,2120.67,113.82,1981.96,8.55,70.36,54.02,65.14,1202.85
T0001100,O0000367,INV0000550,IL0001100,2025-09-21,2025-09-21,C00066,P0083,SO03,BU2,R01,USD,758,2073.05,138.57,1941.21,6.0,56.19,68.92,17.1,1326.64
T0001101,O0000367,INV0000551,IL0001101,2026-06-12,2026-06-12,C00067,P0037,SO03,BU4,R02,USD,178,385.25,27.63,345.18,3.26,13.03,3.85,17.64,211.96
T0001102,O0000368,INV0000551,IL0001102,2025-11-05,2025-11-05,C00169,P0119,SO04,BU3,R01,USD,1074,1675.55,165.48,1435.74,13.41,82.9,21.98,14.59,980.09
T0001103,O0000368,INV0000552,IL0001103,2025-02-05,2025-02-05,C00383,P0099,SO02,BU2,R04,USD,415,1160.05,1.66,1094.04,22.09,53.3,11.04,0.9,685.7
T0001104,O0000368,INV0000552,IL0001104,2026-05-08,2026-05-08,C00248,P0089,SO02,BU3,R04,USD,1192,1505.62,149.46,1340.42,20.47,21.76,26.49,61.5,1036.75
T0001105,O0000369,INV0000553,IL0001105,2026-06-11,2026-06-11,C00474,P0087,SO01,BU3,R01,USD,391,336.89,27.19,303.54,4.93,10.17,8.94,7.27,224.72
T0001106,O0000369,INV0000553,IL0001106,2026-06-16,2026-06-16,C00135,P0017,SO02,BU4,R04,USD,883,1673.2,161.42,1515.16,6.34,20.9,30.62,58.38,855.2
T0001107,O0000369,INV0000554,IL0001107,2025-10-30,2025-10-30,C00065,P0089,SO05,BU2,R01,USD,936,1258.55,123.88,1096.94,3.13,60.01,25.41,72.27,744.2
T0001108,O0000370,INV0000554,IL0001108,2026-06-08,2026-06-08,C00100,P0037,SO03,BU4,R02,USD,44,31.26,2.33,27.8,0.49,1.34,0.7,0.09,19.65
T0001109,O0000370,INV0000555,IL0001109,2026-06-30,2026-06-30,C00186,P0139,SO03,BU4,R01,USD,1097,685.84,10.89,660.56,14.0,23.95,23.56,43.03,372.65
T0001110,O0000370,INV0000555,IL0001110,2025-06-05,2025-06-05,C00277,P0109,SO02,BU3,R03,USD,580,180.15,17.46,160.42,2.17,3.86,3.76,5.35,107.72
T0001111,O0000371,INV0000556,IL0001111,2025-11-26,2025-11-26,C00070,P0077,SO01,BU1,R03,USD,163,138.71,7.71,126.06,1.3,7.04,3.4,0.52,103.84
T0001112,O0000371,INV0000556,IL0001112,2026-02-25,2026-02-25,C00072,P0037,SO01,BU4,R04,USD,338,750.87,60.59,682.47,21.42,10.01,23.62,18.68,496.25
T0001113,O0000371,INV0000557,IL0001113,2025-07-18,2025-07-18,C00128,P0090,SO03,BU3,R04,USD,473,1301.79,35.96,1260.65,34.86,8.84,38.52,13.4,969.07
T0001114,O0000372,INV0000557,IL0001114,2026-03-31,2026-03-31,C00073,P0071,SO01,BU3,R01,USD,32,60.16,3.13,54.97,0.95,2.55,1.44,1.69,32.79
T0001115,O0000372,INV0000558,IL0001115,2025-05-08,2025-05-08,C00278,P0117,SO05,BU1,R03,USD,154,389.65,29.39,347.88,8.42,18.76,14.8,20.41,191.5
T0001116,O0000372,INV0000558,IL0001116,2025-09-19,2025-09-19,C00058,P0120,SO04,BU2,R01,USD,354,891.94,61.67,779.81,21.26,37.21,8.01,54.46,453.87
T0001117,O0000373,INV0000559,IL0001117,2026-09-10,2026-09-10,C00492,P0093,SO03,BU4,R02,USD,1022,2467.11,237.64,2197.06,31.21,86.58,85.38,111.36,1377.77
T0001118,O0000373,INV0000559,IL0001118,2025-10-10,2025-10-10,C00464,P0065,SO02,BU1,R04,USD,683,888.24,74.28,787.29,26.2,4.06,3.59,13.38,626.81
T0001119,O0000373,INV0000560,IL0001119,2026-05-22,2026-05-22,C00114,P0112,SO04,BU1,R01,USD,222,631.1,52.15,562.93,9.24,21.06,14.28,34.3,410.12
T0001120,O0000374,INV0000560,IL0001120,2026-11-15,2026-11-15,C00196,P0011,SO05,BU4,R02,USD,230,403.93,32.06,349.42,11.56,12.79,1.9,8.82,280.3
T0001121,O0000374,INV0000561,IL0001121,2026-11-20,2026-11-20,C00364,P0108,SO03,BU1,R02,USD,91,100.76,7.94,89.17,2.58,3.18,2.11,5.08,74.89
T0001122,O0000374,INV0000561,IL0001122,2026-10-06,2026-10-06,C00382,P0111,SO01,BU1,R03,USD,452,765.55,1.85,766.0,21.73,4.16,28.19,39.09,539.35
T0001123,O0000375,INV0000562,IL0001123,2025-09-17,2025-09-17,C00184,P0089,SO02,BU4,R04,USD,519,476.75,37.36,428.53,4.64,18.33,12.11,4.82,331.44
T0001124,O0000375,INV0000562,IL0001124,2026-07-26,2026-07-26,C00395,P0141,SO01,BU3,R02,USD,831,1821.05,142.22,1625.84,9.4,50.06,6.47,61.26,1053.49
T0001125,O0000375,INV0000563,IL0001125,2025-08-22,2025-08-22,C00163,P0079,SO04,BU4,R02,USD,195,368.02,11.52,352.87,5.49,3.77,5.63,17.47,203.92
T0001126,O0000376,INV0000563,IL0001126,2025-12-26,2025-12-26,C00173,P0113,SO02,BU4,R03,USD,336,921.11,29.73,892.31,3.08,29.48,33.49,35.01,622.73
T0001127,O0000376,INV0000564,IL0001127,2026-07-28,2026-07-28,C00276,P0046,SO03,BU1,R02,USD,165,117.2,1.06,110.29,2.1,5.65,1.9,5.53,64.9
T0001128,O0000376,INV0000564,IL0001128,2026-06-30,2026-06-30,C00182,P0102,SO05,BU1,R03,USD,798,364.45,34.84,307.19,8.91,17.79,4.28,1.77,233.11
T0001129,O0000377,INV0000565,IL0001129,2025-08-19,2025-08-19,C00227,P0011,SO03,BU4,R02,USD,1132,672.29,66.74,615.41,0.53,8.3,18.69,37.7,363.92
T0001130,O0000377,INV0000565,IL0001130,2026-03-27,2026-03-27,C00332,P0056,SO05,BU1,R02,USD,35,34.03,3.28,29.57,0.88,0.9,0.6,2.07,21.64
T0001131,O0000377,INV0000566,IL0001131,2025-07-16,2025-07-16,C00212,P0048,SO02,BU1,R02,USD,1199,1495.15,86.04,1352.45,40.47,31.83,15.64,34.46,1051.24
T0001132,O0000378,INV0000566,IL0001132,2025-09-27,2025-09-27,C00221,P0095,SO02,BU4,R03,USD,490,507.05,18.11,488.06,14.57,3.75,17.44,8.43,383.41
T0001133,O0000378,INV0000567,IL0001133,2026-07-06,2026-07-06,C00297,P0033,SO04,BU4,R01,USD,1049,2172.79,116.32,1970.7,6.83,98.74,19.8,96.86,1254.86
T0001134,O0000378,INV0000567,IL0001134,2026-07-22,2026-07-22,C00421,P0058,SO05,BU3,R03,USD,561,961.16,5.11,928.7,17.84,26.28,16.77,11.14,717.88
T0001135,O0000379,INV0000568,IL0001135,2026-07-28,2026-07-28,C00230,P0144,SO02,BU2,R03,USD,721,1047.32,73.97,990.93,2.0,20.42,40.0,17.48,583.68
T0001136,O0000379,INV0000568,IL0001136,2025-01-29,2025-01-29,C00366,P0126,SO04,BU2,R03,USD,283,796.14,17.13,766.12,10.8,23.58,21.49,30.56,455.83
T0001137,O0000379,INV0000569,IL0001137,2026-06-05,2026-06-05,C00485,P0105,SO05,BU1,R03,USD,1115,3118.77,183.03,2695.09,80.72,166.54,6.61,110.83,2155.85
T0001138,O0000380,INV0000569,IL0001138,2025-03-14,2025-03-14,C00315,P0017,SO02,BU1,R02,USD,857,1825.5,133.73,1673.16,13.63,60.39,55.41,21.23,967.91
T0001139,O0000380,INV0000570,IL0001139,2026-10-27,2026-10-27,C00476,P0127,SO04,BU4,R02,USD,689,287.93,27.24,245.16,4.96,15.03,4.46,11.95,171.07
T0001140,O0000380,INV0000570,IL0001140,2025-05-22,2025-05-22,C00434,P0088,SO01,BU2,R01,USD,206,208.25,3.69,199.74,2.69,2.89,0.76,2.8,115.15
T0001141,O0000381,INV0000571,IL0001141,2025-12-26,2025-12-26,C00332,P0021,SO01,BU3,R02,USD,935,2045.13,107.14,1948.89,1.25,68.18,80.33,50.91,1015.53
T0001142,O0000381,INV0000571,IL0001142,2025-06-22,2025-06-22,C00001,P0136,SO01,BU1,R01,USD,19,20.0,0.61,18.59,0.48,0.62,0.3,0.22,9.99
T0001143,O0000381,INV0000572,IL0001143,2026-10-14,2026-10-14,C00318,P0128,SO01,BU2,R03,USD,1106,843.99,29.14,770.66,22.08,42.36,20.25,48.09,540.76
T0001144,O0000382,INV0000572,IL0001144,2026-12-25,2026-12-25,C00434,P0046,SO02,BU1,R01,USD,314,739.25,32.9,680.79,13.8,38.03,26.27,5.73,519.12
T0001145,O0000382,INV0000573,IL0001145,2025-11-16,2025-11-16,C00479,P0075,SO04,BU4,R04,USD,724,1450.68,85.61,1361.04,7.28,7.96,11.21,58.42,759.39
T0001146,O0000382,INV0000573,IL0001146,2025-12-12,2025-12-12,C00481,P0117,SO03,BU2,R01,USD,806,1832.36,172.98,1634.07,36.76,6.6,18.05,109.85,952.07
T0001147,O0000383,INV0000574,IL0001147,2026-05-18,2026-05-18,C00097,P0104,SO02,BU2,R01,USD,743,250.02,24.56,216.86,3.6,11.6,6.6,8.97,172.84
T0001148,O0000383,INV0000574,IL0001148,2026-06-17,2026-06-17,C00047,P0083,SO02,BU1,R04,USD,1163,1995.13,106.13,1821.49,23.59,59.96,16.04,57.11,1136.6
T0001149,O0000383,INV0000575,IL0001149,2025-07-22,2025-07-22,C00150,P0110,SO03,BU1,R03,USD,901,1069.31,52.45,1002.9,15.76,18.91,20.71,34.93,629.68
T0001150,O0000384,INV0000575,IL0001150,2025-10-22,2025-10-22,C00395,P0015,SO02,BU1,R02,USD,95,64.81,0.58,61.31,1.73,2.67,1.48,1.35,34.25
T0001151,O0000384,INV0000576,IL0001151,2025-02-19,2025-02-19,C00274,P0008,SO02,BU2,R01,USD,630,760.85,26.76,708.17,12.27,34.47,20.82,25.2,457.62
T0001152,O0000384,INV0000576,IL0001152,2025-07-02,2025-07-02,C00261,P0095,SO02,BU2,R03,USD,449,199.09,18.91,167.63,5.33,7.8,0.58,2.43,106.91
T0001153,O0000385,INV0000577,IL0001153,2026-10-18,2026-10-18,C00314,P0004,SO02,BU2,R01,USD,791,577.51,39.81,527.09,16.01,0.15,5.55,30.67,408.77
T0001154,O0000385,INV0000577,IL0001154,2025-07-01,2025-07-01,C00200,P0059,SO02,BU4,R04,USD,833,249.48,3.53,243.74,1.84,9.17,8.8,9.73,149.29
T0001155,O0000385,INV0000578,IL0001155,2026-10-04,2026-10-04,C00159,P0053,SO04,BU1,R04,USD,848,1715.59,71.35,1658.55,21.29,26.24,61.84,56.68,1215.81
T0001156,O0000386,INV0000578,IL0001156,2026-09-07,2026-09-07,C00006,P0102,SO02,BU2,R03,USD,929,486.89,33.57,452.33,1.03,3.06,3.1,2.11,341.57
T0001157,O0000386,INV0000579,IL0001157,2026-07-04,2026-07-04,C00168,P0043,SO04,BU1,R04,USD,825,775.83,22.22,746.16,19.91,11.16,23.62,46.26,458.18
T0001158,O0000386,INV0000579,IL0001158,2025-07-26,2025-07-26,C00487,P0023,SO03,BU2,R04,USD,1029,736.87,38.19,681.76,0.79,19.41,3.28,18.52,361.54
T0001159,O0000387,INV0000580,IL0001159,2025-03-27,2025-03-27,C00391,P0018,SO03,BU4,R04,USD,902,1644.26,72.04,1513.89,7.04,53.99,2.7,81.26,1219.07
T0001160,O0000387,INV0000580,IL0001160,2025-07-13,2025-07-13,C00394,P0054,SO01,BU3,R01,USD,99,168.17,15.95,147.91,1.72,8.79,6.2,2.08,97.21
T0001161,O0000387,INV0000581,IL0001161,2026-10-22,2026-10-22,C00029,P0101,SO03,BU1,R03,USD,323,874.68,44.22,806.13,5.91,30.17,11.75,1.43,596.47
T0001162,O0000388,INV0000581,IL0001162,2026-03-28,2026-03-28,C00036,P0063,SO05,BU4,R02,USD,1092,1035.65,16.68,988.49,17.0,18.09,4.61,35.85,516.0
T0001163,O0000388,INV0000582,IL0001163,2025-01-18,2025-01-18,C00317,P0044,SO01,BU3,R03,USD,768,217.04,19.57,192.97,4.46,0.07,0.03,5.23,107.73
T0001164,O0000388,INV0000582,IL0001164,2026-08-04,2026-08-04,C00062,P0058,SO02,BU2,R03,USD,1164,1905.12,3.77,1847.89,47.09,49.92,43.55,88.69,1120.39
T0001165,O0000389,INV0000583,IL0001165,2026-02-01,2026-02-01,C00231,P0061,SO01,BU4,R04,USD,522,574.98,56.81,484.76,7.85,29.08,3.52,12.22,362.36
T0001166,O0000389,INV0000583,IL0001166,2025-05-28,2025-05-28,C00147,P0045,SO03,BU1,R02,USD,536,1358.65,50.01,1255.42,0.85,60.19,7.82,62.45,827.12
T0001167,O0000389,INV0000584,IL0001167,2026-07-09,2026-07-09,C00437,P0059,SO03,BU1,R03,USD,266,644.57,22.75,599.45,18.21,14.93,10.77,18.63,441.77
T0001168,O0000390,INV0000584,IL0001168,2026-02-02,2026-02-02,C00238,P0094,SO01,BU3,R03,USD,677,1324.55,17.63,1305.69,21.06,17.92,37.75,86.65,846.58
T0001169,O0000390,INV0000585,IL0001169,2026-11-07,2026-11-07,C00402,P0094,SO05,BU3,R01,USD,1132,2810.42,222.61,2552.93,31.6,47.44,44.16,97.01,1719.04
T0001170,O0000390,INV0000585,IL0001170,2026-04-09,2026-04-09,C00154,P0106,SO02,BU2,R01,USD,418,317.64,17.52,298.5,1.49,6.71,6.58,9.26,168.5
T0001171,O0000391,INV0000586,IL0001171,2026-12-12,2026-12-12,C00106,P0099,SO04,BU3,R01,USD,362,329.35,24.57,301.68,5.57,2.82,5.29,4.18,230.19
T0001172,O0000391,INV0000586,IL0001172,2026-02-26,2026-02-26,C00163,P0120,SO03,BU4,R02,USD,277,613.89,29.88,560.02,11.24,25.78,13.03,1.38,402.63
T0001173,O0000391,INV0000587,IL0001173,2025-04-10,2025-04-10,C00403,P0017,SO03,BU3,R02,USD,53,10.76,0.93,9.44,0.02,0.5,0.13,0.13,7.88
T0001174,O0000392,INV0000587,IL0001174,2025-06-04,2025-06-04,C00491,P0055,SO05,BU2,R02,USD,145,166.6,15.15,144.11,2.92,7.59,3.17,2.92,112.79
T0001175,O0000392,INV0000588,IL0001175,2025-04-14,2025-04-14,C00411,P0144,SO01,BU2,R02,USD,321,197.7,2.34,189.95,5.4,4.45,4.44,9.31,129.7
T0001176,O0000392,INV0000588,IL0001176,2025-10-15,2025-10-15,C00354,P0064,SO04,BU4,R01,USD,310,808.32,7.85,775.68,0.95,39.13,15.29,41.65,495.93
T0001177,O0000393,INV0000589,IL0001177,2026-08-24,2026-08-24,C00353,P0093,SO05,BU3,R01,USD,1181,785.96,70.26,669.72,22.88,40.92,17.82,46.31,572.15
T0001178,O0000393,INV0000589,IL0001178,2026-01-14,2026-01-14,C00036,P0046,SO05,BU1,R02,USD,624,1240.89,113.76,1106.86,4.13,63.81,47.67,49.14,664.12
T0001179,O0000393,INV0000590,IL0001179,2025-10-27,2025-10-27,C00365,P0022,SO02,BU4,R03,USD,1023,227.72,20.29,210.21,2.85,2.12,7.75,4.12,121.55
T0001180,O0000394,INV0000590,IL0001180,2026-06-17,2026-06-17,C00463,P0007,SO01,BU4,R04,USD,662,1720.21,8.95,1700.82,12.32,29.01,30.89,4.82,1034.23
T0001181,O0000394,INV0000591,IL0001181,2026-11-04,2026-11-04,C00235,P0021,SO01,BU3,R02,USD,1139,300.47,26.2,272.63,8.35,0.18,6.89,3.81,169.69
T0001182,O0000394,INV0000591,IL0001182,2026-04-27,2026-04-27,C00195,P0100,SO02,BU2,R02,USD,563,1148.86,38.56,1064.71,27.68,53.94,36.03,25.5,682.44
T0001183,O0000395,INV0000592,IL0001183,2025-12-21,2025-12-21,C00369,P0067,SO03,BU2,R01,USD,405,601.51,16.04,540.63,16.48,30.4,2.04,12.06,400.93
T0001184,O0000395,INV0000592,IL0001184,2026-06-06,2026-06-06,C00459,P0030,SO01,BU1,R02,USD,273,636.8,6.82,619.4,1.42,13.08,3.92,33.77,448.57
T0001185,O0000395,INV0000593,IL0001185,2025-03-19,2025-03-19,C00005,P0004,SO01,BU3,R03,USD,154,91.97,5.76,84.69,2.4,2.33,3.21,0.63,64.39
T0001186,O0000396,INV0000593,IL0001186,2025-05-05,2025-05-05,C00029,P0036,SO02,BU3,R03,USD,176,118.89,8.54,110.45,0.33,2.83,3.26,5.54,64.07
T0001187,O0000396,INV0000594,IL0001187,2026-02-01,2026-02-01,C00165,P0136,SO02,BU3,R03,USD,984,2325.09,164.67,2079.19,34.55,90.32,43.64,86.13,1592.31
T0001188,O0000396,INV0000594,IL0001188,2025-03-04,2025-03-04,C00227,P0048,SO02,BU1,R02,USD,22,8.63,0.84,7.5,0.07,0.42,0.2,0.07,4.6
T0001189,O0000397,INV0000595,IL0001189,2025-03-19,2025-03-19,C00097,P0048,SO01,BU3,R01,USD,476,292.12,18.56,264.63,5.19,9.66,5.92,7.9,163.56
T0001190,O0000397,INV0000595,IL0001190,2025-12-20,2025-12-20,C00377,P0062,SO02,BU1,R01,USD,24,46.28,4.48,39.65,0.35,1.92,0.12,0.96,23.03
T0001191,O0000397,INV0000596,IL0001191,2025-03-03,2025-03-03,C00318,P0111,SO03,BU3,R03,USD,923,195.68,14.56,181.44,0.52,6.33,7.17,8.65,113.73
T0001192,O0000398,INV0000596,IL0001192,2026-11-26,2026-11-26,C00492,P0017,SO04,BU3,R02,USD,547,1160.46,37.03,1076.4,12.47,51.76,17.2,36.85,654.58
T0001193,O0000398,INV0000597,IL0001193,2026-07-14,2026-07-14,C00382,P0049,SO03,BU4,R03,USD,359,105.55,3.72,101.58,1.47,2.68,3.9,6.91,75.68
T0001194,O0000398,INV0000597,IL0001194,2026-04-20,2026-04-20,C00445,P0119,SO05,BU3,R03,USD,322,180.13,13.52,165.1,2.27,0.24,1.0,11.44,102.44
T0001195,O0000399,INV0000598,IL0001195,2026-10-10,2026-10-10,C00077,P0103,SO02,BU4,R03,USD,38,50.91,4.16,46.88,1.38,0.42,1.93,0.05,27.53
T0001196,O0000399,INV0000598,IL0001196,2026-04-29,2026-04-29,C00077,P0070,SO01,BU3,R03,USD,415,98.73,3.87,90.94,0.9,5.19,2.17,3.1,53.69
T0001197,O0000399,INV0000599,IL0001197,2026-05-27,2026-05-27,C00222,P0112,SO01,BU2,R03,USD,1008,2789.64,16.67,2718.31,80.46,10.27,36.07,55.05,1711.38
T0001198,O0000400,INV0000599,IL0001198,2025-08-29,2025-08-29,C00266,P0127,SO02,BU3,R01,USD,862,1284.12,122.87,1128.96,24.33,23.91,15.95,48.34,838.75
T0001199,O0000400,INV0000600,IL0001199,2026-09-06,2026-09-06,C00067,P0136,SO05,BU2,R02,USD,708,1497.49,120.87,1365.49,38.82,30.44,58.13,42.73,745.26
T0001200,O0000400,INV0000600,IL0001200,2026-03-04,2026-03-04,C00127,P0054,SO01,BU3,R04,USD,488,1273.73,114.96,1095.63,24.22,63.18,24.26,26.13,711.44
T0001201,O0000401,INV0000601,IL0001201,2025-12-06,2025-12-06,C00358,P0050,SO05,BU1,R03,USD,669,1516.56,86.79,1366.22,41.46,59.06,36.97,23.82,1073.32
T0001202,O0000401,INV0000601,IL0001202,2026-07-31,2026-07-31,C00241,P0005,SO01,BU3,R01,USD,1056,2673.26,102.69,2567.97,11.9,47.29,56.59,161.86,1629.49
T0001203,O0000401,INV0000602,IL0001203,2025-09-30,2025-09-30,C00035,P0116,SO03,BU1,R02,USD,405,928.54,25.65,857.79,3.99,43.3,2.19,38.01,509.81
T0001204,O0000402,INV0000602,IL0001204,2025-12-02,2025-12-02,C00183,P0124,SO03,BU2,R04,USD,309,702.17,67.17,637.47,10.21,12.13,24.81,36.18,376.37
T0001205,O0000402,INV0000603,IL0001205,2025-07-12,2025-07-12,C00491,P0031,SO05,BU2,R02,USD,134,287.27,5.6,279.42,6.88,4.46,9.09,16.01,171.91
T0001206,O0000402,INV0000603,IL0001206,2025-01-12,2025-01-12,C00153,P0067,SO02,BU3,R01,USD,305,296.03,0.85,286.97,5.72,6.86,4.37,19.95,206.4
T0001207,O0000403,INV0000604,IL0001207,2026-04-03,2026-04-03,C00321,P0098,SO03,BU2,R01,USD,331,584.41,44.33,535.85,1.89,8.79,6.45,17.0,396.09
T0001208,O0000403,INV0000604,IL0001208,2025-06-16,2025-06-16,C00301,P0033,SO01,BU3,R03,USD,44,22.48,1.95,19.98,0.37,0.46,0.28,0.77,15.33
T0001209,O0000403,INV0000605,IL0001209,2026-10-06,2026-10-06,C00223,P0083,SO03,BU1,R04,USD,374,393.45,32.9,362.92,0.41,6.12,8.9,22.44,251.49
T0001210,O0000404,INV0000605,IL0001210,2025-02-27,2025-02-27,C00371,P0034,SO01,BU4,R02,USD,140,371.7,5.2,372.63,1.14,3.34,10.61,9.4,187.98
T0001211,O0000404,INV0000606,IL0001211,2026-01-01,2026-01-01,C00174,P0021,SO04,BU2,R03,USD,713,1557.76,76.71,1450.62,25.47,44.95,39.99,15.74,920.44
T0001212,O0000404,INV0000606,IL0001212,2025-04-02,2025-04-02,C00417,P0054,SO05,BU3,R01,USD,335,163.38,14.89,149.27,1.28,2.15,4.21,0.55,103.93
T0001213,O0000405,INV0000607,IL0001213,2026-12-16,2026-12-16,C00116,P0123,SO02,BU2,R02,USD,96,73.41,1.71,69.32,0.34,3.51,1.47,3.67,41.87
T0001214,O0000405,INV0000607,IL0001214,2026-11-18,2026-11-18,C00203,P0005,SO02,BU1,R02,USD,603,901.0,60.33,796.02,18.84,27.26,1.45,11.64,581.24
T0001215,O0000405,INV0000608,IL0001215,2026-08-20,2026-08-20,C00252,P0002,SO02,BU4,R02,USD,175,303.24,11.16,283.75,8.17,2.74,2.58,18.18,191.08
T0001216,O0000406,INV0000608,IL0001216,2026-09-30,2026-09-30,C00145,P0069,SO03,BU2,R01,USD,776,1198.14,19.15,1147.73,7.25,40.04,16.03,20.92,684.83
T0001217,O0000406,INV0000609,IL0001217,2025-05-03,2025-05-03,C00334,P0074,SO05,BU3,R03,USD,69,94.5,9.15,80.22,1.9,4.0,0.77,2.18,48.34
T0001218,O0000406,INV0000609,IL0001218,2025-04-20,2025-04-20,C00381,P0053,SO02,BU3,R03,USD,1177,2523.84,75.36,2426.4,52.22,29.75,59.89,78.77,1425.83
T0001219,O0000407,INV0000610,IL0001219,2026-10-26,2026-10-26,C00321,P0059,SO04,BU3,R01,USD,526,399.18,0.95,393.61,0.15,18.21,13.74,26.09,214.67
T0001220,O0000407,INV0000610,IL0001220,2026-02-02,2026-02-02,C00369,P0084,SO05,BU3,R01,USD,810,1447.31,23.92,1373.92,21.35,44.64,16.52,82.46,1094.6
T0001221,O0000407,INV0000611,IL0001221,2025-09-12,2025-09-12,C00040,P0028,SO01,BU1,R04,USD,73,133.85,11.47,113.35,3.8,6.85,1.62,4.51,78.54
T0001222,O0000408,INV0000611,IL0001222,2025-06-13,2025-06-13,C00050,P0014,SO02,BU4,R01,USD,450,856.89,83.2,746.65,19.07,17.57,9.6,15.55,568.13
T0001223,O0000408,INV0000612,IL0001223,2025-02-05,2025-02-05,C00461,P0031,SO05,BU2,R03,USD,300,264.45,24.6,223.33,7.04,11.64,2.16,11.64,195.01
T0001224,O0000408,INV0000612,IL0001224,2026-11-30,2026-11-30,C00406,P0008,SO01,BU4,R03,USD,367,80.12,0.69,76.9,0.56,3.83,1.86,1.45,50.96
T0001225,O0000409,INV0000613,IL0001225,2026-12-21,2026-12-21,C00289,P0123,SO03,BU3,R01,USD,323,243.96,9.7,235.22,2.76,0.5,4.22,2.88,148.91
T0001226,O0000409,INV0000613,IL0001226,2025-01-14,2025-01-14,C00296,P0012,SO03,BU3,R04,USD,585,1214.11,87.28,1134.2,7.38,17.85,32.6,14.93,910.21
T0001227,O0000409,INV0000614,IL0001227,2026-12-08,2026-12-08,C00230,P0001,SO02,BU2,R03,USD,1163,2803.41,122.04,2551.93,80.08,75.32,25.96,8.45,2011.64
T0001228,O0000410,INV0000614,IL0001228,2026-01-08,2026-01-08,C00046,P0095,SO05,BU3,R03,USD,977,1596.52,59.59,1464.5,43.19,63.77,34.53,65.54,909.7
T0001229,O0000410,INV0000615,IL0001229,2026-02-21,2026-02-21,C00090,P0149,SO03,BU1,R01,USD,772,1102.57,38.31,1038.36,9.67,49.38,33.15,39.41,681.9
T0001230,O0000410,INV0000615,IL0001230,2026-01-04,2026-01-04,C00493,P0111,SO03,BU3,R03,USD,528,1342.33,44.67,1289.25,14.44,34.44,40.47,14.83,968.23
T0001231,O0000411,INV0000616,IL0001231,2025-02-13,2025-02-13,C00176,P0130,SO05,BU1,R04,USD,709,1150.28,95.7,1004.97,5.5,50.53,6.42,14.48,815.03
T0001232,O0000411,INV0000616,IL0001232,2026-12-11,2026-12-11,C00203,P0021,SO04,BU2,R02,USD,239,675.08,36.72,613.35,10.52,21.37,6.88,40.46,428.09
T0001233,O0000411,INV0000617,IL0001233,2025-08-21,2025-08-21,C00351,P0086,SO01,BU4,R04,USD,249,261.23,21.85,228.46,2.93,13.46,5.47,3.5,185.32
T0001234,O0000412,INV0000617,IL0001234,2025-12-26,2025-12-26,C00384,P0105,SO04,BU4,R04,USD,472,892.13,40.47,792.12,22.33,43.93,6.72,44.0,428.37
T0001235,O0000412,INV0000618,IL0001235,2026-06-01,2026-06-01,C00410,P0028,SO01,BU4,R01,USD,305,800.72,55.65,714.12,7.36,33.29,9.7,31.91,431.26
T0001236,O0000412,INV0000618,IL0001236,2025-07-15,2025-07-15,C00013,P0005,SO01,BU1,R03,USD,615,309.53,5.75,298.5,7.21,1.21,3.14,8.82,231.0
T0001237,O0000413,INV0000619,IL0001237,2026-01-02,2026-01-02,C00339,P0104,SO01,BU1,R02,USD,624,684.09,25.65,654.07,6.23,23.3,25.16,27.17,450.04
T0001238,O0000413,INV0000619,IL0001238,2026-11-27,2026-11-27,C00252,P0009,SO01,BU4,R02,USD,664,742.68,19.0,702.91,10.55,32.59,22.37,20.8,516.56
T0001239,O0000413,INV0000620,IL0001239,2026-08-25,2026-08-25,C00318,P0090,SO01,BU4,R03,USD,65,77.64,7.47,68.81,1.77,0.37,0.78,1.18,39.27
T0001240,O0000414,INV0000620,IL0001240,2026-10-09,2026-10-09,C00473,P0025,SO05,BU3,R01,USD,787,1715.66,41.41,1641.62,50.65,3.24,21.26,98.21,1196.85
T0001241,O0000414,INV0000621,IL0001241,2025-08-10,2025-08-10,C00315,P0106,SO04,BU4,R02,USD,31,62.18,3.69,58.39,1.26,0.1,1.26,0.74,31.05
T0001242,O0000414,INV0000621,IL0001242,2025-10-09,2025-10-09,C00357,P0145,SO03,BU1,R03,USD,1107,2131.42,10.38,2043.61,37.45,81.85,41.87,41.97,1561.55
T0001243,O0000415,INV0000622,IL0001243,2025-06-16,2025-06-16,C00021,P0075,SO05,BU4,R03,USD,688,907.75,62.34,832.7,26.38,3.84,17.51,22.58,499.02
T0001244,O0000415,INV0000622,IL0001244,2026-11-01,2026-11-01,C00464,P0046,SO03,BU1,R04,USD,99,97.72,2.18,91.79,2.54,3.14,1.93,5.19,66.44
T0001245,O0000415,INV0000623,IL0001245,2025-04-29,2025-04-29,C00052,P0043,SO05,BU1,R02,USD,280,603.9,57.17,530.84,10.2,14.55,8.86,0.76,408.05
T0001246,O0000416,INV0000623,IL0001246,2026-06-22,2026-06-22,C00460,P0095,SO03,BU2,R02,USD,227,294.58,0.99,279.15,3.86,11.37,0.79,17.15,148.59
T0001247,O0000416,INV0000624,IL0001247,2026-11-12,2026-11-12,C00184,P0122,SO03,BU1,R04,USD,1048,2760.96,250.31,2437.64,72.52,18.38,17.89,113.41,1766.24
T0001248,O0000416,INV0000624,IL0001248,2026-04-02,2026-04-02,C00338,P0140,SO02,BU4,R01,USD,1151,1015.41,6.78,990.98,24.07,10.36,16.78,16.11,646.52
T0001249,O0000417,INV0000625,IL0001249,2025-05-31,2025-05-31,C00154,P0035,SO03,BU1,R01,USD,32,37.53,1.91,34.93,0.01,1.08,0.4,0.74,23.59
T0001250,O0000417,INV0000625,IL0001250,2025-05-21,2025-05-21,C00164,P0063,SO01,BU4,R02,USD,447,305.61,14.51,289.79,4.39,1.66,4.74,10.98,200.89
T0001251,O0000417,INV0000626,IL0001251,2025-03-14,2025-03-14,C00075,P0033,SO02,BU1,R02,USD,307,761.18,5.18,720.18,11.72,41.34,17.24,37.98,418.02
T0001252,O0000418,INV0000626,IL0001252,2026-10-03,2026-10-03,C00186,P0058,SO04,BU1,R01,USD,842,285.69,12.34,253.94,7.46,12.27,0.32,16.55,190.86
T0001253,O0000418,INV0000627,IL0001253,2026-02-05,2026-02-05,C00231,P0058,SO05,BU1,R04,USD,991,1805.4,142.71,1604.95,48.14,64.15,54.55,67.29,946.1
T0001254,O0000418,INV0000627,IL0001254,2025-10-22,2025-10-22,C00255,P0020,SO04,BU2,R04,USD,73,94.48,5.31,86.05,2.0,4.04,2.92,1.67,46.41
T0001255,O0000419,INV0000628,IL0001255,2025-10-15,2025-10-15,C00238,P0088,SO05,BU2,R03,USD,1106,1986.49,182.62,1740.31,50.98,51.34,38.76,102.27,1374.8
T0001256,O0000419,INV0000628,IL0001256,2026-08-27,2026-08-27,C00356,P0144,SO05,BU4,R02,USD,1185,647.6,21.83,591.4,13.43,34.74,13.8,2.61,422.61
T0001257,O0000419,INV0000629,IL0001257,2026-10-07,2026-10-07,C00138,P0070,SO05,BU2,R01,USD,1061,836.39,77.52,746.13,8.13,11.01,6.4,10.02,629.18
T0001258,O0000420,INV0000629,IL0001258,2025-12-10,2025-12-10,C00266,P0106,SO04,BU1,R01,USD,550,976.8,65.41,903.68,5.52,32.94,30.75,43.54,688.28
T0001259,O0000420,INV0000630,IL0001259,2025-07-14,2025-07-14,C00352,P0093,SO03,BU2,R04,USD,1142,1184.83,94.55,1092.64,20.68,11.3,34.34,48.84,859.38
T0001260,O0000420,INV0000630,IL0001260,2025-07-30,2025-07-30,C00307,P0087,SO01,BU2,R02,USD,1027,1213.09,47.51,1099.54,26.1,62.22,22.28,19.61,698.24
T0001261,O0000421,INV0000631,IL0001261,2025-03-15,2025-03-15,C00130,P0032,SO03,BU1,R01,USD,1137,3191.45,1.04,3126.79,18.09,163.97,118.44,216.87,1938.27
T0001262,O0000421,INV0000631,IL0001262,2026-08-21,2026-08-21,C00421,P0071,SO02,BU1,R03,USD,1172,1526.76,40.57,1418.39,44.96,52.74,29.9,43.41,779.05
T0001263,O0000421,INV0000632,IL0001263,2025-11-17,2025-11-17,C00062,P0036,SO01,BU2,R03,USD,261,298.79,23.94,263.75,0.49,13.92,3.31,4.96,189.31
T0001264,O0000422,INV0000632,IL0001264,2025-04-09,2025-04-09,C00474,P0109,SO02,BU3,R01,USD,91,232.94,13.2,221.16,0.07,4.33,5.82,6.65,129.89
T0001265,O0000422,INV0000633,IL0001265,2025-08-25,2025-08-25,C00113,P0147,SO04,BU1,R01,USD,1141,1282.48,30.31,1249.2,0.88,41.2,39.11,84.51,677.3
T0001266,O0000422,INV0000633,IL0001266,2026-01-28,2026-01-28,C00105,P0139,SO05,BU4,R01,USD,45,122.78,1.12,113.64,2.73,6.61,1.32,0.76,75.65
T0001267,O0000423,INV0000634,IL0001267,2026-02-21,2026-02-21,C00114,P0062,SO05,BU3,R01,USD,349,893.89,82.03,828.21,7.49,0.16,24.0,49.91,537.99
T0001268,O0000423,INV0000634,IL0001268,2026-01-31,2026-01-31,C00229,P0055,SO03,BU4,R03,USD,215,525.07,21.45,510.93,7.0,4.34,18.65,26.85,377.09
T0001269,O0000423,INV0000635,IL0001269,2025-01-24,2025-01-24,C00278,P0070,SO02,BU3,R03,USD,1016,1367.43,119.67,1259.92,14.04,1.56,27.76,39.0,804.89
T0001270,O0000424,INV0000635,IL0001270,2025-07-30,2025-07-30,C00191,P0037,SO03,BU3,R04,USD,783,492.98,19.92,465.67,3.22,9.58,5.41,29.29,335.32
T0001271,O0000424,INV0000636,IL0001271,2026-01-24,2026-01-24,C00308,P0121,SO01,BU1,R02,USD,1163,967.27,67.47,859.16,13.12,42.57,15.05,22.91,557.78
T0001272,O0000424,INV0000636,IL0001272,2026-05-18,2026-05-18,C00224,P0115,SO04,BU2,R04,USD,193,260.13,9.06,238.63,2.1,13.04,2.7,3.66,136.38
T0001273,O0000425,INV0000637,IL0001273,2026-08-23,2026-08-23,C00331,P0133,SO05,BU4,R02,USD,1097,2570.38,217.43,2304.12,75.5,51.54,78.21,147.72,1298.54
T0001274,O0000425,INV0000637,IL0001274,2025-04-05,2025-04-05,C00316,P0142,SO02,BU2,R02,USD,522,204.42,19.05,186.31,2.78,3.3,7.02,11.95,114.06
T0001275,O0000425,INV0000638,IL0001275,2025-08-23,2025-08-23,C00210,P0080,SO01,BU2,R01,USD,1076,385.53,33.61,344.68,7.18,12.14,12.08,20.91,279.17
T0001276,O0000426,INV0000638,IL0001276,2025-06-30,2025-06-30,C00148,P0141,SO01,BU4,R02,USD,876,2250.79,53.17,2183.04,54.54,24.19,64.15,15.51,1122.84
T0001277,O0000426,INV0000639,IL0001277,2025-07-03,2025-07-03,C00274,P0032,SO05,BU3,R01,USD,1143,2527.74,182.81,2228.6,11.58,129.59,24.84,133.45,1219.51
T0001278,O0000426,INV0000639,IL0001278,2025-10-06,2025-10-06,C00263,P0006,SO02,BU1,R04,USD,1043,2679.68,105.53,2582.33,13.43,69.13,90.74,110.08,1467.77
T0001279,O0000427,INV0000640,IL0001279,2026-01-12,2026-01-12,C00294,P0072,SO05,BU3,R03,USD,513,715.48,50.81,660.32,15.31,6.38,17.34,45.43,351.9
T0001280,O0000427,INV0000640,IL0001280,2025-05-20,2025-05-20,C00001,P0074,SO05,BU3,R01,USD,1093,2528.0,171.28,2292.31,29.96,75.29,40.84,154.38,1585.09
T0001281,O0000427,INV0000641,IL0001281,2026-06-17,2026-06-17,C00182,P0148,SO03,BU1,R03,USD,524,826.71,33.7,784.42,12.48,22.72,26.61,32.93,444.71
T0001282,O0000428,INV0000641,IL0001282,2026-01-12,2026-01-12,C00432,P0077,SO04,BU4,R04,USD,854,1026.08,30.73,997.92,0.73,27.5,30.8,54.14,554.45
T0001283,O0000428,INV0000642,IL0001283,2025-05-31,2025-05-31,C00231,P0036,SO05,BU2,R04,USD,821,683.73,1.12,674.75,4.66,16.51,13.31,21.97,417.47
T0001284,O0000428,INV0000642,IL0001284,2025-07-29,2025-07-29,C00238,P0034,SO04,BU2,R03,USD,115,96.04,1.4,93.7,1.84,0.54,1.44,5.96,55.53
T0001285,O0000429,INV0000643,IL0001285,2026-11-01,2026-11-01,C00447,P0111,SO03,BU3,R04,USD,612,689.85,35.36,633.15,9.87,35.44,23.97,15.62,423.74
T0001286,O0000429,INV0000643,IL0001286,2025-07-18,2025-07-18,C00159,P0130,SO01,BU2,R04,USD,32,90.52,1.32,86.02,1.93,1.34,0.09,3.14,48.99
T0001287,O0000429,INV0000644,IL0001287,2025-01-25,2025-01-25,C00230,P0104,SO01,BU3,R03,USD,952,1053.2,34.39,985.44,11.63,46.41,24.67,52.32,766.09
T0001288,O0000430,INV0000644,IL0001288,2026-03-20,2026-03-20,C00391,P0132,SO02,BU2,R04,USD,1132,2406.07,136.27,2226.61,4.86,128.12,89.79,102.97,1409.52
T0001289,O0000430,INV0000645,IL0001289,2026-03-27,2026-03-27,C00375,P0069,SO05,BU1,R04,USD,301,666.65,13.09,636.98,12.34,10.11,5.87,0.54,328.21
T0001290,O0000430,INV0000645,IL0001290,2025-05-17,2025-05-17,C00100,P0108,SO04,BU3,R02,USD,406,525.77,43.42,469.51,2.39,15.82,5.37,0.02,387.23
T0001291,O0000431,INV0000646,IL0001291,2025-03-09,2025-03-09,C00084,P0010,SO04,BU1,R02,USD,998,2276.74,49.88,2204.86,62.51,20.74,61.25,103.32,1165.66
T0001292,O0000431,INV0000646,IL0001292,2025-12-17,2025-12-17,C00316,P0096,SO01,BU4,R02,USD,538,925.74,50.72,835.59,25.03,37.79,23.39,9.1,528.99
T0001293,O0000431,INV0000647,IL0001293,2026-11-30,2026-11-30,C00428,P0134,SO04,BU1,R02,USD,512,401.41,0.89,395.63,5.82,7.24,8.17,20.06,248.75
T0001294,O0000432,INV0000647,IL0001294,2026-02-19,2026-02-19,C00027,P0077,SO04,BU1,R02,USD,228,542.71,30.12,513.06,13.75,6.54,20.76,5.5,331.06
T0001295,O0000432,INV0000648,IL0001295,2025-04-11,2025-04-11,C00358,P0139,SO02,BU1,R03,USD,753,965.2,38.59,903.68,16.41,15.88,9.36,60.0,631.68
T0001296,O0000432,INV0000648,IL0001296,2026-11-10,2026-11-10,C00034,P0081,SO02,BU2,R01,USD,902,1139.95,49.26,1030.4,14.17,61.34,15.22,22.22,665.4
T0001297,O0000433,INV0000649,IL0001297,2026-05-14,2026-05-14,C00451,P0126,SO03,BU1,R02,USD,448,565.47,48.03,497.32,4.86,18.99,3.73,11.39,296.63
T0001298,O0000433,INV0000649,IL0001298,2026-01-21,2026-01-21,C00437,P0022,SO04,BU4,R03,USD,178,71.16,5.25,66.46,0.32,1.68,2.55,3.69,52.77
T0001299,O0000433,INV0000650,IL0001299,2026-12-16,2026-12-16,C00332,P0039,SO02,BU2,R02,USD,14,20.13,0.07,19.5,0.18,0.93,0.55,0.96,14.84
T0001300,O0000434,INV0000650,IL0001300,2026-11-14,2026-11-14,C00293,P0023,SO02,BU2,R03,USD,348,892.27,29.46,868.44,1.04,28.6,35.27,49.94,581.78
T0001301,O0000434,INV0000651,IL0001301,2025-07-16,2025-07-16,C00405,P0044,SO03,BU1,R03,USD,1014,473.64,28.1,438.86,8.74,13.7,15.76,2.0,265.07
T0001302,O0000434,INV0000651,IL0001302,2026-09-13,2026-09-13,C00437,P0067,SO01,BU2,R03,USD,1064,464.54,28.17,441.78,9.6,0.82,15.83,21.49,309.48
T0001303,O0000435,INV0000652,IL0001303,2026-04-09,2026-04-09,C00184,P0131,SO05,BU2,R04,USD,611,1176.05,95.81,1042.66,14.75,60.19,37.36,48.63,843.46
T0001304,O0000435,INV0000652,IL0001304,2025-08-04,2025-08-04,C00124,P0119,SO05,BU1,R02,USD,327,90.97,0.53,90.94,2.39,0.74,3.63,4.6,46.88
T0001305,O0000435,INV0000653,IL0001305,2025-10-17,2025-10-17,C00395,P0086,SO01,BU3,R02,USD,1196,979.28,47.16,896.18,12.04,50.08,26.18,45.76,654.22
T0001306,O0000436,INV0000653,IL0001306,2025-11-06,2025-11-06,C00480,P0054,SO01,BU4,R04,USD,79,91.04,3.56,89.36,0.94,0.24,3.06,2.44,64.18
T0001307,O0000436,INV0000654,IL0001307,2026-05-25,2026-05-25,C00238,P0102,SO01,BU3,R03,USD,930,497.46,16.26,461.47,14.43,11.56,6.26,18.3,366.3
T0001308,O0000436,INV0000654,IL0001308,2026-12-18,2026-12-18,C00095,P0002,SO01,BU2,R04,USD,523,674.77,32.85,640.28,20.01,5.5,23.87,27.07,369.24
T0001309,O0000437,INV0000655,IL0001309,2025-10-12,2025-10-12,C00465,P0052,SO01,BU2,R01,USD,865,244.54,0.23,243.06,2.65,4.61,6.01,1.78,140.47
T0001310,O0000437,INV0000655,IL0001310,2026-05-29,2026-05-29,C00104,P0055,SO05,BU1,R04,USD,690,1377.59,118.17,1229.48,30.75,20.72,21.53,50.82,865.19
T0001311,O0000437,INV0000656,IL0001311,2026-09-19,2026-09-19,C00101,P0112,SO02,BU2,R03,USD,941,2591.8,153.17,2321.3,22.56,142.09,47.32,2.91,1450.52
T0001312,O0000438,INV0000656,IL0001312,2026-08-27,2026-08-27,C00322,P0017,SO01,BU4,R01,USD,864,2298.76,210.13,2046.43,41.98,29.2,28.98,64.36,1483.74
T0001313,O0000438,INV0000657,IL0001313,2025-11-04,2025-11-04,C00457,P0010,SO03,BU4,R01,USD,1196,1026.89,27.25,1020.1,16.35,2.29,39.1,28.35,622.08
T0001314,O0000438,INV0000657,IL0001314,2026-03-17,2026-03-17,C00025,P0020,SO04,BU1,R01,USD,1106,2604.08,142.32,2456.57,32.56,71.86,99.23,110.06,1829.36
T0001315,O0000439,INV0000658,IL0001315,2025-11-10,2025-11-10,C00394,P0014,SO01,BU4,R01,USD,1198,898.26,59.4,833.83,7.75,5.72,8.44,32.73,679.98
T0001316,O0000439,INV0000658,IL0001316,2025-12-03,2025-12-03,C00091,P0140,SO02,BU3,R02,USD,39,78.36,0.62,72.2,1.52,4.08,0.06,3.79,40.46
T0001317,O0000439,INV0000659,IL0001317,2025-09-22,2025-09-22,C00087,P0075,SO04,BU1,R04,USD,861,527.1,22.48,498.74,11.53,10.48,16.13,34.84,295.63
T0001318,O0000440,INV0000659,IL0001318,2026-12-10,2026-12-10,C00281,P0018,SO03,BU3,R01,USD,328,823.77,70.27,768.23,0.08,10.85,25.66,50.78,578.65
T0001319,O0000440,INV0000660,IL0001319,2025-07-03,2025-07-03,C00059,P0116,SO01,BU3,R02,USD,258,391.18,32.67,348.78,6.27,10.99,7.53,19.18,255.06
T0001320,O0000440,INV0000660,IL0001320,2025-12-31,2025-12-31,C00404,P0024,SO02,BU4,R02,USD,371,450.99,8.54,428.11,12.78,17.99,16.43,29.05,294.81
T0001321,O0000441,INV0000661,IL0001321,2025-03-30,2025-03-30,C00033,P0042,SO05,BU1,R01,USD,710,431.75,35.2,394.22,6.93,11.37,15.97,0.82,283.59
T0001322,O0000441,INV0000661,IL0001322,2026-02-03,2026-02-03,C00406,P0111,SO04,BU4,R03,USD,1059,2384.44,95.96,2241.16,11.98,81.45,46.11,109.4,1536.01
T0001323,O0000441,INV0000662,IL0001323,2025-08-21,2025-08-21,C00428,P0127,SO03,BU2,R02,USD,947,1149.66,73.87,1087.1,6.87,2.65,20.83,27.05,553.03
T0001324,O0000442,INV0000662,IL0001324,2026-11-12,2026-11-12,C00479,P0096,SO01,BU3,R04,USD,861,1878.53,1.4,1821.55,17.76,47.89,10.07,66.37,952.18
T0001325,O0000442,INV0000663,IL0001325,2025-04-30,2025-04-30,C00304,P0035,SO01,BU4,R04,USD,1022,1694.58,93.47,1606.19,38.72,11.16,54.96,71.74,1186.41
T0001326,O0000442,INV0000663,IL0001326,2025-09-09,2025-09-09,C00160,P0138,SO04,BU2,R04,USD,610,173.24,1.85,167.1,4.88,6.33,6.92,9.54,116.91
T0001327,O0000443,INV0000664,IL0001327,2025-06-06,2025-06-06,C00144,P0088,SO04,BU2,R04,USD,162,450.94,16.4,416.82,6.74,18.32,7.34,8.32,219.75
T0001328,O0000443,INV0000664,IL0001328,2025-07-09,2025-07-09,C00365,P0024,SO05,BU1,R03,USD,1085,1941.93,165.37,1765.8,21.12,10.16,20.52,109.81,1113.62
T0001329,O0000443,INV0000665,IL0001329,2025-07-07,2025-07-07,C00296,P0055,SO04,BU3,R04,USD,171,136.49,3.77,128.1,3.45,4.13,2.96,7.28,98.35
T0001330,O0000444,INV0000665,IL0001330,2026-07-17,2026-07-17,C00479,P0148,SO03,BU2,R04,USD,618,1606.74,105.71,1520.34,4.84,35.67,59.82,93.44,911.55
T0001331,O0000444,INV0000666,IL0001331,2025-04-06,2025-04-06,C00337,P0086,SO04,BU1,R01,USD,116,63.28,0.6,63.14,1.79,0.01,2.26,3.58,31.13
T0001332,O0000444,INV0000666,IL0001332,2026-02-20,2026-02-20,C00278,P0028,SO04,BU1,R03,USD,335,588.8,33.04,543.04,14.03,2.66,3.97,21.63,389.54
T0001333,O0000445,INV0000667,IL0001333,2025-04-17,2025-04-17,C00323,P0005,SO01,BU4,R02,USD,457,971.49,12.31,920.27,21.5,43.93,26.52,26.28,531.21
T0001334,O0000445,INV0000667,IL0001334,2026-11-29,2026-11-29,C00268,P0070,SO04,BU3,R02,USD,394,589.19,14.02,556.85,7.6,19.87,9.15,11.41,418.92
T0001335,O0000445,INV0000668,IL0001335,2025-05-20,2025-05-20,C00208,P0106,SO04,BU3,R04,USD,599,538.62,33.2,475.6,14.37,20.94,5.49,0.05,349.82
T0001336,O0000446,INV0000668,IL0001336,2025-04-28,2025-04-28,C00208,P0049,SO04,BU1,R04,USD,272,467.73,38.09,401.27,8.14,24.88,4.65,6.48,317.64
T0001337,O0000446,INV0000669,IL0001337,2025-09-13,2025-09-13,C00382,P0012,SO03,BU3,R03,USD,818,437.63,9.55,413.06,12.6,13.83,11.41,24.0,297.95
T0001338,O0000446,INV0000669,IL0001338,2025-01-15,2025-01-15,C00212,P0028,SO01,BU3,R02,USD,432,593.44,8.72,577.91,11.54,4.02,8.75,15.32,447.23
T0001339,O0000447,INV0000670,IL0001339,2026-06-16,2026-06-16,C00349,P0071,SO05,BU3,R03,USD,422,1042.42,15.21,1032.02,12.17,10.78,27.76,17.54,776.7
T0001340,O0000447,INV0000670,IL0001340,2026-05-16,2026-05-16,C00486,P0071,SO04,BU2,R03,USD,110,93.84,4.07,88.42,0.45,4.03,3.13,3.24,64.71
T0001341,O0000447,INV0000671,IL0001341,2025-07-28,2025-07-28,C00212,P0029,SO05,BU2,R02,USD,298,279.17,4.94,269.04,6.44,7.27,8.52,8.56,139.11
T0001342,O0000448,INV0000671,IL0001342,2025-11-07,2025-11-07,C00330,P0058,SO05,BU3,R01,USD,421,849.62,23.42,801.25,12.15,18.25,5.45,50.75,460.29
T0001343,O0000448,INV0000672,IL0001343,2025-01-18,2025-01-18,C00400,P0061,SO01,BU4,R04,USD,797,609.23,57.79,513.5,9.32,31.3,2.68,18.76,415.46
T0001344,O0000448,INV0000672,IL0001344,2026-12-08,2026-12-08,C00051,P0070,SO02,BU1,R02,USD,645,1401.52,2.85,1320.14,23.85,68.2,13.52,74.83,783.71
T0001345,O0000449,INV0000673,IL0001345,2026-11-16,2026-11-16,C00477,P0143,SO05,BU4,R03,USD,1186,2743.57,145.39,2566.1,15.06,75.0,57.98,3.52,1431.45
T0001346,O0000449,INV0000673,IL0001346,2026-12-08,2026-12-08,C00395,P0142,SO04,BU2,R02,USD,1173,1280.09,61.57,1196.65,7.2,51.58,36.91,58.3,766.72
T0001347,O0000449,INV0000674,IL0001347,2025-10-06,2025-10-06,C00301,P0052,SO03,BU1,R03,USD,1167,1967.45,18.91,1918.72,27.85,21.24,19.27,45.15,969.61
T0001348,O0000450,INV0000674,IL0001348,2026-04-28,2026-04-28,C00389,P0062,SO03,BU2,R03,USD,692,1035.72,44.62,938.61,17.48,39.29,4.28,15.2,756.97
T0001349,O0000450,INV0000675,IL0001349,2025-02-14,2025-02-14,C00105,P0120,SO04,BU2,R01,USD,1105,3137.32,22.78,2937.43,64.09,168.4,55.38,151.75,1625.14
T0001350,O0000450,INV0000675,IL0001350,2025-08-12,2025-08-12,C00190,P0025,SO02,BU2,R03,USD,535,112.99,6.64,106.86,0.41,1.74,2.66,1.56,68.47
T0001351,O0000451,INV0000676,IL0001351,2025-12-15,2025-12-15,C00473,P0061,SO05,BU4,R01,USD,253,108.71,2.72,103.66,1.95,4.46,4.08,3.45,59.52
T0001352,O0000451,INV0000676,IL0001352,2025-10-11,2025-10-11,C00278,P0043,SO01,BU1,R03,USD,1012,2389.94,51.71,2273.7,29.53,43.48,8.48,147.19,1537.22
T0001353,O0000451,INV0000677,IL0001353,2025-10-12,2025-10-12,C00001,P0110,SO02,BU4,R01,USD,740,1621.64,90.21,1521.15,7.99,65.9,63.61,71.05,1037.97
T0001354,O0000452,INV0000677,IL0001354,2025-07-17,2025-07-17,C00089,P0041,SO03,BU4,R01,USD,102,217.83,4.27,214.62,1.37,1.59,4.02,3.39,144.91
T0001355,O0000452,INV0000678,IL0001355,2025-05-18,2025-05-18,C00017,P0031,SO02,BU3,R01,USD,760,1409.34,124.05,1228.07,12.67,53.23,8.68,77.47,701.45
T0001356,O0000452,INV0000678,IL0001356,2026-05-01,2026-05-01,C00194,P0002,SO01,BU2,R01,USD,777,212.74,3.72,199.44,5.38,4.92,0.72,1.02,111.5
T0001357,O0000453,INV0000679,IL0001357,2026-03-02,2026-03-02,C00056,P0112,SO03,BU4,R04,USD,350,311.71,16.22,290.53,5.19,11.61,11.84,18.28,230.97
T0001358,O0000453,INV0000679,IL0001358,2026-08-23,2026-08-23,C00169,P0116,SO01,BU2,R01,USD,1101,2139.9,46.13,2116.3,28.83,20.26,71.62,46.77,1293.83
T0001359,O0000453,INV0000680,IL0001359,2026-09-13,2026-09-13,C00110,P0006,SO02,BU3,R03,USD,841,815.01,62.96,755.55,11.37,4.08,18.95,6.71,572.99
T0001360,O0000454,INV0000680,IL0001360,2025-02-25,2025-02-25,C00118,P0137,SO04,BU4,R03,USD,1157,1688.99,153.59,1446.6,29.42,68.52,9.14,54.58,1055.66
T0001361,O0000454,INV0000681,IL0001361,2025-08-26,2025-08-26,C00410,P0033,SO03,BU4,R01,USD,113,173.74,10.54,160.12,4.61,2.31,3.84,6.03,99.89
T0001362,O0000454,INV0000681,IL0001362,2025-09-23,2025-09-23,C00134,P0086,SO03,BU2,R03,USD,288,688.64,3.03,647.59,10.13,31.74,3.85,31.68,482.88
T0001363,O0000455,INV0000682,IL0001363,2025-04-02,2025-04-02,C00266,P0038,SO05,BU4,R01,USD,915,339.19,24.45,299.79,5.56,13.76,4.37,5.8,178.45
T0001364,O0000455,INV0000682,IL0001364,2025-12-12,2025-12-12,C00016,P0009,SO01,BU1,R04,USD,65,146.26,10.1,127.04,3.79,5.82,0.49,6.6,76.96
T0001365,O0000455,INV0000683,IL0001365,2026-10-15,2026-10-15,C00300,P0021,SO03,BU3,R02,USD,399,584.02,47.04,515.69,7.69,28.73,15.13,22.77,289.69
T0001366,O0000456,INV0000683,IL0001366,2026-09-12,2026-09-12,C00014,P0039,SO02,BU4,R03,USD,650,774.87,8.92,740.51,21.25,27.51,23.32,4.41,428.52
T0001367,O0000456,INV0000684,IL0001367,2025-06-01,2025-06-01,C00308,P0148,SO03,BU2,R02,USD,986,933.54,48.75,886.33,21.51,7.73,30.78,38.57,523.64
T0001368,O0000456,INV0000684,IL0001368,2025-02-13,2025-02-13,C00161,P0098,SO01,BU4,R01,USD,92,141.14,6.6,137.71,0.19,0.38,3.74,3.64,102.75
T0001369,O0000457,INV0000685,IL0001369,2026-10-14,2026-10-14,C00175,P0023,SO02,BU4,R04,USD,1066,974.86,14.62,958.7,11.05,6.59,16.1,34.34,685.67
T0001370,O0000457,INV0000685,IL0001370,2025-11-26,2025-11-26,C00190,P0013,SO02,BU4,R03,USD,645,1530.97,120.2,1433.74,17.24,3.53,43.74,5.32,1002.79
T0001371,O0000457,INV0000686,IL0001371,2025-08-01,2025-08-01,C00124,P0106,SO05,BU4,R02,USD,1153,1623.77,57.66,1499.05,48.65,68.98,50.57,89.84,1212.74
T0001372,O0000458,INV0000686,IL0001372,2026-06-23,2026-06-23,C00095,P0033,SO03,BU3,R04,USD,134,119.94,0.56,120.37,0.44,2.58,4.01,4.68,61.74
T0001373,O0000458,INV0000687,IL0001373,2026-06-26,2026-06-26,C00379,P0002,SO04,BU1,R02,USD,539,1481.66,95.39,1375.51,24.34,38.6,52.18,18.67,814.5
T0001374,O0000458,INV0000687,IL0001374,2025-07-12,2025-07-12,C00271,P0017,SO03,BU1,R04,USD,558,461.3,31.05,430.65,1.96,10.15,12.51,15.73,315.2
T0001375,O0000459,INV0000688,IL0001375,2026-10-23,2026-10-23,C00343,P0079,SO04,BU2,R04,USD,619,373.5,9.07,350.5,4.7,14.73,5.5,12.96,255.12
T0001376,O0000459,INV0000688,IL0001376,2025-08-08,2025-08-08,C00054,P0080,SO04,BU1,R03,USD,178,251.59,1.03,240.9,2.94,13.08,6.36,15.95,131.8
T0001377,O0000459,INV0000689,IL0001377,2026-01-18,2026-01-18,C00388,P0075,SO02,BU2,R02,USD,392,492.67,11.29,475.64,9.99,9.21,13.46,31.94,277.02
T0001378,O0000460,INV0000689,IL0001378,2025-01-24,2025-01-24,C00343,P0022,SO01,BU4,R04,USD,782,783.25,62.04,708.91,20.28,22.1,30.08,45.47,492.27
T0001379,O0000460,INV0000690,IL0001379,2025-01-24,2025-01-24,C00396,P0058,SO04,BU4,R02,USD,764,630.07,43.94,554.48,9.81,28.78,6.94,5.21,430.43
T0001380,O0000460,INV0000690,IL0001380,2026-09-17,2026-09-17,C00426,P0016,SO01,BU3,R01,USD,86,82.0,5.24,73.68,2.44,1.31,0.67,5.0,44.32
T0001381,O0000461,INV0000691,IL0001381,2025-12-30,2025-12-30,C00100,P0135,SO04,BU1,R02,USD,655,1662.98,20.32,1586.15,36.34,73.78,53.61,78.98,840.16
T0001382,O0000461,INV0000691,IL0001382,2026-04-11,2026-04-11,C00270,P0120,SO04,BU4,R03,USD,1124,347.32,33.88,318.61,2.51,1.75,9.43,3.0,214.62
T0001383,O0000461,INV0000692,IL0001383,2026-10-22,2026-10-22,C00166,P0058,SO02,BU2,R03,USD,842,2073.34,149.98,1809.93,59.48,104.7,50.75,96.09,1288.31
T0001384,O0000462,INV0000692,IL0001384,2025-12-02,2025-12-02,C00200,P0025,SO05,BU3,R04,USD,1035,2558.42,199.28,2230.92,55.28,73.8,0.86,32.59,1881.01
T0001385,O0000462,INV0000693,IL0001385,2025-01-28,2025-01-28,C00416,P0008,SO04,BU3,R04,USD,228,244.74,10.16,224.4,4.04,11.27,5.13,10.81,118.37
T0001386,O0000462,INV0000693,IL0001386,2025-12-08,2025-12-08,C00242,P0128,SO04,BU1,R01,USD,590,1402.72,83.61,1260.08,40.41,70.05,51.43,59.99,1019.83
T0001387,O0000463,INV0000694,IL0001387,2026-02-06,2026-02-06,C00189,P0089,SO05,BU1,R03,USD,128,49.1,2.96,43.86,1.19,2.35,1.26,0.33,31.47
T0001388,O0000463,INV0000694,IL0001388,2025-10-27,2025-10-27,C00116,P0060,SO03,BU1,R02,USD,1095,1592.68,133.48,1390.85,28.03,66.27,25.95,70.39,840.57
T0001389,O0000463,INV0000695,IL0001389,2025-08-09,2025-08-09,C00311,P0130,SO05,BU1,R04,USD,160,131.39,3.61,127.24,1.33,0.55,1.34,6.64,64.41
T0001390,O0000464,INV0000695,IL0001390,2025-10-29,2025-10-29,C00067,P0134,SO03,BU2,R02,USD,844,2271.71,9.74,2306.28,25.0,2.66,71.97,151.04,1241.58
T0001391,O0000464,INV0000696,IL0001391,2026-03-15,2026-03-15,C00223,P0012,SO02,BU1,R04,USD,206,101.17,1.3,97.57,2.37,0.1,0.17,6.76,54.03
T0001392,O0000464,INV0000696,IL0001392,2026-06-17,2026-06-17,C00454,P0053,SO02,BU4,R03,USD,809,1004.94,61.04,892.6,24.67,42.16,15.53,4.54,675.09
T0001393,O0000465,INV0000697,IL0001393,2025-08-06,2025-08-06,C00052,P0045,SO02,BU3,R02,USD,530,1365.44,48.58,1255.17,33.48,38.23,10.02,42.65,874.12
T0001394,O0000465,INV0000697,IL0001394,2026-05-12,2026-05-12,C00218,P0144,SO05,BU1,R01,USD,441,1237.93,102.92,1064.39,10.78,65.58,5.74,41.32,699.58
T0001395,O0000465,INV0000698,IL0001395,2026-06-25,2026-06-25,C00230,P0050,SO01,BU3,R03,USD,621,505.43,43.61,438.19,13.84,20.48,10.69,6.5,300.27
T0001396,O0000466,INV0000698,IL0001396,2026-10-23,2026-10-23,C00192,P0032,SO02,BU2,R04,USD,219,429.46,19.39,387.64,8.94,14.31,0.82,15.32,250.42
T0001397,O0000466,INV0000699,IL0001397,2026-12-26,2026-12-26,C00034,P0075,SO05,BU2,R01,USD,1185,788.38,1.24,738.97,23.54,43.01,18.38,39.12,414.98
T0001398,O0000466,INV0000699,IL0001398,2026-12-25,2026-12-25,C00294,P0108,SO05,BU4,R03,USD,1182,2762.92,240.26,2412.97,54.44,126.17,70.92,126.01,1913.76
T0001399,O0000467,INV0000700,IL0001399,2026-11-24,2026-11-24,C00348,P0117,SO03,BU3,R02,USD,1079,1045.66,55.97,995.93,11.49,22.09,39.82,23.03,574.59
T0001400,O0000467,INV0000700,IL0001400,2025-04-16,2025-04-16,C00151,P0006,SO02,BU1,R04,USD,644,1095.12,86.77,961.79,28.15,57.42,39.01,56.5,558.88
T0001401,O0000467,INV0000701,IL0001401,2025-08-17,2025-08-17,C00151,P0037,SO04,BU2,R04,USD,837,1410.93,135.54,1226.09,2.32,48.28,1.3,13.3,897.65
T0001402,O0000468,INV0000701,IL0001402,2026-10-18,2026-10-18,C00061,P0118,SO04,BU2,R03,USD,72,136.37,2.37,134.34,0.88,4.21,5.43,5.71,74.17
T0001403,O0000468,INV0000702,IL0001403,2025-11-30,2025-11-30,C00344,P0093,SO03,BU4,R04,USD,1075,591.14,53.03,520.69,13.43,27.18,23.19,32.7,420.8
T0001404,O0000468,INV0000702,IL0001404,2026-02-22,2026-02-22,C00455,P0031,SO05,BU1,R04,USD,1169,2114.37,72.17,1921.08,34.84,98.73,12.45,48.24,1364.49
T0001405,O0000469,INV0000703,IL0001405,2026-11-24,2026-11-24,C00076,P0112,SO04,BU1,R02,USD,201,456.71,17.47,425.17,5.18,10.22,1.33,0.44,325.26
T0001406,O0000469,INV0000703,IL0001406,2026-05-09,2026-05-09,C00415,P0110,SO04,BU4,R04,USD,308,685.76,55.36,636.59,6.45,12.7,25.34,37.58,352.24
T0001407,O0000469,INV0000704,IL0001407,2025-10-01,2025-10-01,C00205,P0139,SO05,BU1,R03,USD,502,877.95,67.88,806.13,22.38,13.13,31.57,46.98,631.51
T0001408,O0000470,INV0000704,IL0001408,2025-06-18,2025-06-18,C00245,P0058,SO01,BU1,R03,USD,23,45.14,2.32,40.46,0.81,2.25,0.7,0.33,34.29
T0001409,O0000470,INV0000705,IL0001409,2026-02-01,2026-02-01,C00258,P0052,SO03,BU3,R01,USD,176,345.73,28.15,307.49,3.47,18.44,11.82,1.43,170.59
T0001410,O0000470,INV0000705,IL0001410,2026-06-25,2026-06-25,C00029,P0072,SO03,BU3,R03,USD,610,1135.64,8.31,1117.33,25.13,3.39,18.52,49.24,601.45
T0001411,O0000471,INV0000706,IL0001411,2025-07-20,2025-07-20,C00447,P0150,SO05,BU3,R04,USD,852,1579.61,7.95,1515.88,17.46,55.39,17.07,46.76,1154.38
T0001412,O0000471,INV0000706,IL0001412,2026-09-06,2026-09-06,C00145,P0101,SO01,BU2,R01,USD,129,269.25,12.09,259.35,1.13,5.97,9.29,10.83,179.86
T0001413,O0000471,INV0000707,IL0001413,2025-12-19,2025-12-19,C00010,P0143,SO03,BU3,R01,USD,1017,2151.67,177.73,1889.65,59.57,109.24,84.52,123.34,1373.45
T0001414,O0000472,INV0000707,IL0001414,2025-03-10,2025-03-10,C00394,P0068,SO01,BU1,R01,USD,823,2206.22,148.84,1939.76,17.39,117.74,17.51,12.11,1339.36
T0001415,O0000472,INV0000708,IL0001415,2025-05-16,2025-05-16,C00489,P0081,SO02,BU4,R01,USD,360,259.56,23.77,235.63,3.12,6.67,9.63,3.38,158.33
T0001416,O0000472,INV0000708,IL0001416,2025-06-18,2025-06-18,C00348,P0027,SO03,BU3,R02,USD,344,62.33,0.7,60.69,1.4,0.82,1.28,0.56,41.61
T0001417,O0000473,INV0000709,IL0001417,2026-05-23,2026-05-23,C00280,P0147,SO02,BU4,R04,USD,780,392.96,8.58,373.73,0.88,14.43,4.66,1.29,217.73
T0001418,O0000473,INV0000709,IL0001418,2025-06-22,2025-06-22,C00443,P0149,SO01,BU3,R02,USD,107,59.5,2.35,53.28,0.91,3.18,0.22,3.71,33.15
T0001419,O0000473,INV0000710,IL0001419,2025-08-31,2025-08-31,C00232,P0053,SO04,BU1,R04,USD,218,271.1,14.48,243.62,7.54,13.49,8.03,8.76,168.06
T0001420,O0000474,INV0000710,IL0001420,2025-07-11,2025-07-11,C00039,P0004,SO01,BU2,R04,USD,198,499.89,44.7,425.66,8.83,22.75,2.05,15.48,267.02
T0001421,O0000474,INV0000711,IL0001421,2026-03-06,2026-03-06,C00088,P0147,SO03,BU2,R04,USD,706,1511.69,74.27,1367.97,33.16,50.43,14.14,79.13,905.93
T0001422,O0000474,INV0000711,IL0001422,2026-07-07,2026-07-07,C00125,P0030,SO02,BU1,R03,USD,372,606.81,60.43,541.53,7.44,11.3,13.89,28.01,367.67
T0001423,O0000475,INV0000712,IL0001423,2026-05-20,2026-05-20,C00403,P0140,SO04,BU2,R02,USD,834,1666.0,165.68,1440.33,22.67,64.15,26.83,23.79,1237.33
T0001424,O0000475,INV0000712,IL0001424,2026-02-19,2026-02-19,C00266,P0038,SO01,BU1,R01,USD,757,1681.52,63.24,1561.59,7.25,60.94,11.5,38.18,912.55
T0001425,O0000475,INV0000713,IL0001425,2026-11-22,2026-11-22,C00082,P0023,SO03,BU1,R01,USD,759,166.68,5.58,152.15,4.94,8.59,4.58,1.6,98.9
T0001426,O0000476,INV0000713,IL0001426,2025-03-16,2025-03-16,C00268,P0045,SO03,BU3,R02,USD,1178,648.37,36.82,590.54,18.85,26.92,24.76,22.09,412.43
T0001427,O0000476,INV0000714,IL0001427,2026-11-30,2026-11-30,C00138,P0061,SO04,BU2,R01,USD,1119,1064.28,58.19,1034.28,0.52,9.27,37.98,23.96,522.12
T0001428,O0000476,INV0000714,IL0001428,2025-02-04,2025-02-04,C00488,P0059,SO03,BU2,R04,USD,897,2496.62,149.35,2254.96,51.79,69.67,29.15,139.3,1289.25
T0001429,O0000477,INV0000715,IL0001429,2025-12-12,2025-12-12,C00434,P0132,SO03,BU2,R01,USD,145,276.69,7.85,261.86,3.75,8.3,5.07,16.73,195.58
T0001430,O0000477,INV0000715,IL0001430,2026-12-13,2026-12-13,C00336,P0113,SO03,BU3,R04,USD,741,1960.76,46.13,1871.82,32.0,48.27,37.46,127.37,1237.23
T0001431,O0000477,INV0000716,IL0001431,2025-07-11,2025-07-11,C00014,P0116,SO04,BU1,R03,USD,789,1785.74,172.06,1618.15,3.4,61.66,69.53,60.28,1104.61
T0001432,O0000478,INV0000716,IL0001432,2026-01-29,2026-01-29,C00278,P0039,SO05,BU4,R03,USD,1186,3111.95,157.4,2964.96,67.08,26.34,103.83,119.71,1772.67
T0001433,O0000478,INV0000717,IL0001433,2026-05-21,2026-05-21,C00384,P0010,SO03,BU2,R04,USD,661,1321.87,0.09,1288.55,25.52,49.61,41.9,62.73,770.96
T0001434,O0000478,INV0000717,IL0001434,2025-01-31,2025-01-31,C00340,P0093,SO03,BU1,R02,USD,790,1677.09,55.66,1640.08,22.97,3.53,45.15,103.3,883.86
T0001435,O0000479,INV0000718,IL0001435,2025-06-30,2025-06-30,C00399,P0088,SO02,BU4,R04,USD,559,475.54,44.43,413.7,5.61,15.53,3.73,23.61,275.26
T0001436,O0000479,INV0000718,IL0001436,2025-10-29,2025-10-29,C00096,P0064,SO05,BU1,R04,USD,1100,2369.51,200.64,2025.6,56.12,108.21,21.06,77.44,1761.42
T0001437,O0000479,INV0000719,IL0001437,2026-08-10,2026-08-10,C00479,P0027,SO01,BU3,R04,USD,839,519.34,4.13,506.31,10.6,9.37,11.07,35.07,298.42
T0001438,O0000480,INV0000719,IL0001438,2026-05-10,2026-05-10,C00092,P0088,SO03,BU1,R02,USD,353,976.47,16.78,947.21,27.71,11.9,27.13,40.31,562.57
T0001439,O0000480,INV0000720,IL0001439,2026-12-04,2026-12-04,C00190,P0027,SO03,BU4,R03,USD,1043,483.53,34.36,455.62,5.36,0.68,12.49,30.5,302.35
T0001440,O0000480,INV0000720,IL0001440,2026-07-27,2026-07-27,C00167,P0005,SO05,BU4,R04,USD,666,1464.2,113.18,1317.77,12.62,21.08,0.45,57.48,828.52
T0001441,O0000481,INV0000721,IL0001441,2026-11-23,2026-11-23,C00458,P0132,SO04,BU3,R01,USD,162,429.83,4.87,408.11,6.21,11.45,0.81,20.13,269.09
T0001442,O0000481,INV0000721,IL0001442,2026-08-19,2026-08-19,C00121,P0069,SO02,BU2,R01,USD,186,449.93,9.46,436.43,4.15,8.05,8.16,10.01,257.13
T0001443,O0000481,INV0000722,IL0001443,2025-04-20,2025-04-20,C00111,P0045,SO02,BU4,R04,USD,449,1060.9,50.48,963.0,26.92,30.61,10.11,57.4,635.85
T0001444,O0000482,INV0000722,IL0001444,2025-02-16,2025-02-16,C00009,P0069,SO05,BU1,R01,USD,233,218.3,16.8,193.16,0.57,9.32,1.55,7.16,128.19
T0001445,O0000482,INV0000723,IL0001445,2025-05-05,2025-05-05,C00357,P0135,SO01,BU4,R03,USD,1159,394.76,28.92,358.19,1.56,10.38,4.29,21.18,203.83
T0001446,O0000482,INV0000723,IL0001446,2026-06-24,2026-06-24,C00286,P0090,SO03,BU1,R03,USD,343,876.98,82.01,763.49,14.67,44.03,27.22,51.07,523.12
T0001447,O0000483,INV0000724,IL0001447,2026-08-21,2026-08-21,C00260,P0107,SO05,BU3,R02,USD,1113,1514.46,45.23,1441.05,7.61,41.04,20.47,74.73,869.97
T0001448,O0000483,INV0000724,IL0001448,2026-11-17,2026-11-17,C00144,P0139,SO01,BU3,R04,USD,874,2408.13,191.83,2158.1,22.92,94.39,59.11,19.47,1275.77
T0001449,O0000483,INV0000725,IL0001449,2026-09-22,2026-09-22,C00467,P0031,SO03,BU3,R02,USD,886,2490.55,6.32,2417.62,69.68,0.86,3.93,51.93,1304.21
T0001450,O0000484,INV0000725,IL0001450,2026-10-17,2026-10-17,C00118,P0060,SO03,BU3,R03,USD,494,261.87,22.98,228.41,6.94,11.91,8.37,1.11,189.38
T0001451,O0000484,INV0000726,IL0001451,2025-01-06,2025-01-06,C00166,P0088,SO01,BU4,R03,USD,79,124.28,7.87,113.16,1.59,5.05,3.39,2.25,69.53
T0001452,O0000484,INV0000726,IL0001452,2026-06-17,2026-06-17,C00269,P0099,SO03,BU1,R03,USD,1014,572.61,55.15,485.79,11.86,29.5,9.69,26.82,418.97
T0001453,O0000485,INV0000727,IL0001453,2025-10-27,2025-10-27,C00330,P0106,SO05,BU1,R01,USD,23,12.11,1.02,10.71,0.36,0.47,0.45,0.71,6.79
T0001454,O0000485,INV0000727,IL0001454,2025-03-13,2025-03-13,C00270,P0056,SO01,BU2,R03,USD,1122,2621.67,27.75,2476.05,10.52,120.59,13.24,152.29,1703.67
T0001455,O0000485,INV0000728,IL0001455,2026-10-23,2026-10-23,C00004,P0079,SO05,BU4,R02,USD,199,67.16,4.96,59.62,1.78,1.92,1.12,0.85,41.44
T0001456,O0000486,INV0000728,IL0001456,2026-07-21,2026-07-21,C00238,P0089,SO01,BU1,R03,USD,1100,682.77,32.2,649.13,10.62,3.27,12.45,40.89,478.17
T0001457,O0000486,INV0000729,IL0001457,2026-05-07,2026-05-07,C00238,P0083,SO04,BU1,R03,USD,753,1265.57,33.62,1244.95,5.15,10.77,28.92,12.41,619.06
T0001458,O0000486,INV0000729,IL0001458,2025-04-03,2025-04-03,C00262,P0117,SO03,BU1,R03,USD,1144,942.31,9.64,913.2,1.5,45.04,27.07,41.26,705.69
T0001459,O0000487,INV0000730,IL0001459,2025-06-29,2025-06-29,C00033,P0118,SO02,BU3,R01,USD,416,566.8,40.65,518.07,3.69,17.6,13.21,30.38,301.61
T0001460,O0000487,INV0000730,IL0001460,2025-01-30,2025-01-30,C00167,P0047,SO01,BU2,R04,USD,327,562.34,31.88,517.0,10.37,22.92,19.83,26.52,420.35
T0001461,O0000487,INV0000731,IL0001461,2025-12-01,2025-12-01,C00337,P0150,SO03,BU3,R01,USD,630,510.8,28.13,487.72,3.62,4.68,13.35,8.35,345.65
T0001462,O0000488,INV0000731,IL0001462,2026-08-15,2026-08-15,C00439,P0139,SO02,BU3,R04,USD,665,1106.83,34.1,1057.62,13.88,29.77,28.54,65.33,759.72
T0001463,O0000488,INV0000732,IL0001463,2025-08-13,2025-08-13,C00083,P0101,SO05,BU2,R02,USD,516,1390.57,79.41,1325.95,10.89,19.42,45.1,56.73,969.2
T0001464,O0000488,INV0000732,IL0001464,2025-04-30,2025-04-30,C00093,P0115,SO05,BU4,R03,USD,908,169.98,9.71,158.76,2.24,1.52,2.25,6.62,113.32
T0001465,O0000489,INV0000733,IL0001465,2026-06-24,2026-06-24,C00467,P0128,SO04,BU4,R02,USD,448,667.16,59.74,594.51,6.54,21.27,14.9,10.11,491.16
T0001466,O0000489,INV0000733,IL0001466,2025-06-02,2025-06-02,C00015,P0026,SO05,BU1,R04,USD,756,937.67,74.13,817.5,24.28,28.26,6.5,15.18,682.01
T0001467,O0000489,INV0000734,IL0001467,2026-07-22,2026-07-22,C00251,P0120,SO02,BU1,R02,USD,1041,1593.56,90.66,1514.91,16.7,18.46,47.17,39.47,1079.46
T0001468,O0000490,INV0000734,IL0001468,2026-06-11,2026-06-11,C00183,P0048,SO03,BU4,R04,USD,1105,1362.35,8.29,1317.94,34.24,56.24,54.36,18.64,947.1
T0001469,O0000490,INV0000735,IL0001469,2025-10-12,2025-10-12,C00155,P0061,SO03,BU1,R02,USD,177,416.87,35.65,372.64,7.18,2.51,1.11,4.25,297.58
T0001470,O0000490,INV0000735,IL0001470,2025-08-04,2025-08-04,C00447,P0147,SO03,BU3,R04,USD,56,126.55,8.14,116.09,0.64,6.45,4.77,5.4,87.29
T0001471,O0000491,INV0000736,IL0001471,2025-04-05,2025-04-05,C00156,P0051,SO01,BU4,R02,USD,577,1111.01,81.65,994.26,6.43,37.4,8.73,28.92,534.81
T0001472,O0000491,INV0000736,IL0001472,2026-04-27,2026-04-27,C00043,P0054,SO04,BU3,R02,USD,1033,442.23,42.78,399.01,1.93,1.18,2.67,5.79,231.07
T0001473,O0000491,INV0000737,IL0001473,2025-05-01,2025-05-01,C00444,P0118,SO04,BU2,R02,USD,965,2112.96,29.5,2043.44,7.3,89.64,56.92,54.72,1082.81
T0001474,O0000492,INV0000737,IL0001474,2025-04-18,2025-04-18,C00067,P0047,SO02,BU2,R02,USD,257,469.98,1.5,471.66,1.92,8.86,13.96,14.45,295.22
T0001475,O0000492,INV0000738,IL0001475,2025-09-12,2025-09-12,C00102,P0055,SO02,BU2,R03,USD,611,1042.92,45.0,984.17,10.55,30.75,27.55,60.41,633.57
T0001476,O0000492,INV0000738,IL0001476,2025-11-05,2025-11-05,C00398,P0134,SO04,BU4,R03,USD,316,701.77,19.79,691.06,2.11,10.98,22.17,30.25,471.06
T0001477,O0000493,INV0000739,IL0001477,2025-05-24,2025-05-24,C00473,P0087,SO01,BU1,R01,USD,1190,2326.81,228.49,2063.14,10.48,36.69,11.99,85.41,1664.13
T0001478,O0000493,INV0000739,IL0001478,2026-12-19,2026-12-19,C00434,P0094,SO02,BU4,R01,USD,789,1910.88,12.62,1848.42,42.54,68.86,61.56,86.3,1032.05
T0001479,O0000493,INV0000740,IL0001479,2026-09-03,2026-09-03,C00177,P0033,SO04,BU3,R01,USD,1026,2440.55,189.48,2187.26,16.76,60.9,13.85,143.18,1301.82
T0001480,O0000494,INV0000740,IL0001480,2026-07-17,2026-07-17,C00168,P0139,SO02,BU4,R04,USD,803,802.6,74.16,752.38,5.1,1.19,30.23,41.0,584.83
T0001481,O0000494,INV0000741,IL0001481,2025-01-27,2025-01-27,C00073,P0124,SO02,BU2,R01,USD,875,445.11,27.34,402.67,6.4,13.65,4.95,17.46,234.39
T0001482,O0000494,INV0000741,IL0001482,2026-03-30,2026-03-30,C00369,P0022,SO04,BU2,R01,USD,882,2188.59,4.9,2178.11,14.98,15.23,24.63,137.39,1448.9
T0001483,O0000495,INV0000742,IL0001483,2025-12-17,2025-12-17,C00164,P0067,SO01,BU2,R02,USD,25,19.31,1.37,17.6,0.17,0.27,0.1,1.12,12.6
T0001484,O0000495,INV0000742,IL0001484,2026-02-20,2026-02-20,C00490,P0128,SO04,BU3,R01,USD,934,1087.27,97.1,995.5,10.05,3.88,19.26,69.55,728.01
T0001485,O0000495,INV0000743,IL0001485,2026-01-16,2026-01-16,C00146,P0109,SO01,BU2,R01,USD,514,437.36,36.81,387.34,1.8,19.49,8.08,1.2,210.27
T0001486,O0000496,INV0000743,IL0001486,2025-03-02,2025-03-02,C00394,P0031,SO02,BU1,R01,USD,261,73.97,0.2,70.17,2.02,3.22,1.64,1.96,37.58
T0001487,O0000496,INV0000744,IL0001487,2025-04-03,2025-04-03,C00251,P0042,SO04,BU2,R02,USD,1067,313.48,0.41,304.21,0.92,12.53,4.59,12.62,159.9
T0001488,O0000496,INV0000744,IL0001488,2025-04-21,2025-04-21,C00499,P0088,SO02,BU2,R02,USD,959,388.78,19.76,362.92,4.77,2.17,0.84,8.44,264.19
T0001489,O0000497,INV0000745,IL0001489,2025-02-18,2025-02-18,C00417,P0074,SO02,BU4,R01,USD,1096,2988.68,147.05,2771.54,17.89,65.85,13.65,3.38,1599.05
T0001490,O0000497,INV0000745,IL0001490,2026-03-22,2026-03-22,C00094,P0090,SO03,BU2,R03,USD,1091,2166.62,96.81,1996.05,45.72,71.04,43.0,78.42,1164.08
T0001491,O0000497,INV0000746,IL0001491,2025-12-08,2025-12-08,C00102,P0052,SO05,BU4,R03,USD,834,498.82,40.4,435.81,14.05,25.29,16.73,13.33,363.69
T0001492,O0000498,INV0000746,IL0001492,2025-06-02,2025-06-02,C00041,P0091,SO04,BU3,R01,USD,141,222.88,18.51,194.16,4.68,5.82,0.29,5.48,168.13
T0001493,O0000498,INV0000747,IL0001493,2026-03-12,2026-03-12,C00052,P0080,SO01,BU3,R02,USD,61,133.96,10.65,122.34,0.2,4.34,3.57,2.16,68.96
T0001494,O0000498,INV0000747,IL0001494,2025-01-21,2025-01-21,C00384,P0068,SO04,BU3,R04,USD,493,804.67,75.76,720.0,1.64,31.64,24.37,31.81,579.54
T0001495,O0000499,INV0000748,IL0001495,2025-10-04,2025-10-04,C00294,P0001,SO01,BU3,R03,USD,520,1020.66,72.24,939.49,9.7,9.66,10.43,2.49,663.92
T0001496,O0000499,INV0000748,IL0001496,2026-08-27,2026-08-27,C00153,P0128,SO03,BU1,R01,USD,1093,3084.99,197.09,2867.06,59.97,33.71,72.84,163.3,2072.63
T0001497,O0000499,INV0000749,IL0001497,2026-01-27,2026-01-27,C00309,P0143,SO05,BU2,R03,USD,219,279.68,10.68,268.04,0.84,3.33,3.21,9.0,138.09
T0001498,O0000500,INV0000749,IL0001498,2025-09-30,2025-09-30,C00128,P0060,SO01,BU2,R04,USD,670,902.15,19.03,860.24,18.64,25.57,21.33,34.23,506.06
T0001499,O0000500,INV0000750,IL0001499,2025-04-27,2025-04-27,C00313,P0115,SO01,BU1,R01,USD,147,305.72,27.85,281.2,1.51,7.24,12.08,0.52,203.27
T0001500,O0000500,INV0000750,IL0001500,2026-04-24,2026-04-24,C00027,P0132,SO05,BU3,R02,USD,1117,2718.89,28.74,2602.74,33.5,125.77,71.86,114.93,1806.96
T0001501,O0000501,INV0000751,IL0001501,2026-11-08,2026-11-08,C00322,P0067,SO04,BU4,R01,USD,1127,3042.56,243.16,2754.8,21.47,114.52,91.39,114.83,1947.35
T0001502,O0000501,INV0000751,IL0001502,2026-08-22,2026-08-22,C00230,P0038,SO04,BU4,R03,USD,181,504.27,48.54,442.39,11.06,14.91,12.63,28.73,378.24
T0001503,O0000501,INV0000752,IL0001503,2026-06-05,2026-06-05,C00016,P0019,SO03,BU2,R04,USD,827,2123.24,64.57,1999.69,8.81,88.5,38.33,49.84,1542.43
T0001504,O0000502,INV0000752,IL0001504,2026-06-10,2026-06-10,C00378,P0060,SO04,BU3,R01,USD,911,2529.48,94.55,2295.41,70.76,75.0,6.24,86.78,1232.35
T0001505,O0000502,INV0000753,IL0001505,2026-03-05,2026-03-05,C00243,P0082,SO01,BU4,R02,USD,201,480.97,8.65,460.45,2.73,14.9,5.76,24.64,285.17
T0001506,O0000502,INV0000753,IL0001506,2026-11-16,2026-11-16,C00044,P0041,SO02,BU1,R02,USD,1033,2045.86,120.79,1843.64,48.58,67.5,34.65,19.41,1499.75
T0001507,O0000503,INV0000754,IL0001507,2026-02-06,2026-02-06,C00297,P0123,SO02,BU2,R01,USD,557,164.43,5.83,157.94,3.52,2.34,5.2,4.68,115.3
T0001508,O0000503,INV0000754,IL0001508,2025-12-30,2025-12-30,C00219,P0012,SO01,BU4,R02,USD,1140,2160.3,38.24,2057.16,18.41,106.19,59.7,48.0,1374.58
T0001509,O0000503,INV0000755,IL0001509,2026-01-22,2026-01-22,C00182,P0028,SO05,BU3,R03,USD,1199,2770.05,222.94,2463.22,55.68,60.66,32.45,104.27,1364.66
T0001510,O0000504,INV0000755,IL0001510,2026-03-08,2026-03-08,C00360,P0073,SO05,BU4,R04,USD,780,939.59,23.36,878.11,7.46,31.62,0.96,19.2,570.2
T0001511,O0000504,INV0000756,IL0001511,2025-03-08,2025-03-08,C00228,P0003,SO05,BU1,R02,USD,1158,1253.54,48.38,1163.88,6.01,64.35,29.08,51.35,687.05
T0001512,O0000504,INV0000756,IL0001512,2025-10-09,2025-10-09,C00278,P0140,SO05,BU1,R03,USD,10,15.22,0.87,14.13,0.36,0.19,0.33,0.5,9.58
T0001513,O0000505,INV0000757,IL0001513,2026-09-21,2026-09-21,C00022,P0112,SO05,BU1,R03,USD,539,665.77,10.08,632.69,19.72,19.31,16.03,0.98,332.27
T0001514,O0000505,INV0000757,IL0001514,2025-03-06,2025-03-06,C00046,P0077,SO03,BU3,R03,USD,449,1278.12,14.44,1172.12,34.36,69.89,12.69,80.99,850.12
T0001515,O0000505,INV0000758,IL0001515,2026-10-18,2026-10-18,C00418,P0042,SO02,BU3,R01,USD,844,395.25,8.43,364.25,8.53,19.44,5.4,1.12,298.29
T0001516,O0000506,INV0000758,IL0001516,2025-09-18,2025-09-18,C00165,P0143,SO02,BU1,R03,USD,203,253.67,19.78,219.52,5.33,12.7,3.66,11.53,189.67
T0001517,O0000506,INV0000759,IL0001517,2026-05-23,2026-05-23,C00075,P0068,SO04,BU4,R02,USD,209,276.97,18.01,244.12,7.25,10.62,3.03,7.12,194.03
T0001518,O0000506,INV0000759,IL0001518,2025-03-06,2025-03-06,C00241,P0124,SO03,BU3,R01,USD,1066,552.72,14.3,520.55,8.92,22.89,13.94,34.85,349.91
T0001519,O0000507,INV0000760,IL0001519,2025-01-03,2025-01-03,C00444,P0103,SO05,BU3,R02,USD,1138,646.84,17.56,627.91,8.59,14.72,21.94,9.95,329.43
T0001520,O0000507,INV0000760,IL0001520,2025-12-01,2025-12-01,C00319,P0048,SO03,BU1,R04,USD,781,2115.73,115.5,1966.56,39.13,62.65,68.11,134.25,1163.04
T0001521,O0000507,INV0000761,IL0001521,2026-02-10,2026-02-10,C00357,P0141,SO05,BU3,R03,USD,648,1726.21,65.8,1565.72,16.18,84.74,6.23,28.63,993.05
T0001522,O0000508,INV0000761,IL0001522,2025-11-18,2025-11-18,C00412,P0013,SO04,BU4,R02,USD,264,480.11,34.68,447.29,9.79,1.55,13.2,11.31,294.68
T0001523,O0000508,INV0000762,IL0001523,2026-12-15,2026-12-15,C00476,P0098,SO02,BU2,R02,USD,729,351.89,16.7,319.84,4.46,14.09,3.2,16.85,227.63
T0001524,O0000508,INV0000762,IL0001524,2026-07-23,2026-07-23,C00414,P0102,SO02,BU3,R03,USD,872,888.92,36.52,845.63,18.92,6.15,18.3,22.04,491.37
T0001525,O0000509,INV0000763,IL0001525,2025-02-27,2025-02-27,C00195,P0125,SO01,BU1,R02,USD,110,27.07,1.78,23.95,0.46,1.2,0.32,0.42,20.36
T0001526,O0000509,INV0000763,IL0001526,2025-02-18,2025-02-18,C00151,P0097,SO03,BU1,R04,USD,571,1300.34,96.3,1177.1,21.72,31.1,25.88,65.03,642.37
T0001527,O0000509,INV0000764,IL0001527,2025-09-26,2025-09-26,C00083,P0004,SO05,BU2,R02,USD,654,857.39,31.23,821.29,19.45,16.03,30.61,44.99,548.68
T0001528,O0000510,INV0000764,IL0001528,2025-11-12,2025-11-12,C00394,P0082,SO03,BU4,R01,USD,403,913.2,73.54,863.61,0.79,6.57,31.31,48.3,532.82
T0001529,O0000510,INV0000765,IL0001529,2026-01-26,2026-01-26,C00402,P0034,SO01,BU2,R01,USD,867,935.06,27.04,895.03,3.04,32.53,22.58,57.98,539.69
T0001530,O0000510,INV0000765,IL0001530,2025-01-10,2025-01-10,C00356,P0109,SO01,BU2,R02,USD,392,194.51,2.96,185.86,1.06,8.15,3.52,6.22,145.89
T0001531,O0000511,INV0000766,IL0001531,2026-11-04,2026-11-04,C00243,P0080,SO03,BU1,R02,USD,285,632.53,38.79,587.21,7.4,3.61,4.48,4.11,429.21
T0001532,O0000511,INV0000766,IL0001532,2026-01-17,2026-01-17,C00467,P0129,SO04,BU1,R02,USD,1102,2543.09,162.61,2395.83,75.79,0.86,92.0,18.17,1602.96
T0001533,O0000511,INV0000767,IL0001533,2026-08-26,2026-08-26,C00265,P0102,SO01,BU4,R01,USD,1022,2889.91,36.95,2818.49,75.83,27.48,68.84,87.62,2149.21
T0001534,O0000512,INV0000767,IL0001534,2025-01-14,2025-01-14,C00477,P0070,SO05,BU3,R03,USD,286,810.7,33.12,790.19,6.4,7.32,26.33,40.4,406.42
T0001535,O0000512,INV0000768,IL0001535,2025-06-18,2025-06-18,C00028,P0053,SO02,BU1,R02,USD,524,414.43,31.49,377.52,5.95,5.2,5.73,10.2,267.24
T0001536,O0000512,INV0000768,IL0001536,2026-06-30,2026-06-30,C00025,P0119,SO03,BU2,R01,USD,727,2020.91,128.44,1882.26,22.34,29.42,41.55,16.26,1145.32
T0001537,O0000513,INV0000769,IL0001537,2026-07-25,2026-07-25,C00356,P0060,SO02,BU1,R02,USD,674,1702.52,61.64,1516.7,38.43,88.96,3.21,45.57,1139.38
T0001538,O0000513,INV0000769,IL0001538,2025-11-09,2025-11-09,C00335,P0095,SO05,BU2,R04,USD,966,1047.05,15.25,979.61,6.18,50.68,4.67,10.57,779.48
T0001539,O0000513,INV0000770,IL0001539,2026-04-04,2026-04-04,C00147,P0138,SO05,BU4,R02,USD,1016,2033.42,126.23,1883.61,49.75,9.49,35.66,100.76,1416.47
T0001540,O0000514,INV0000770,IL0001540,2025-09-06,2025-09-06,C00341,P0076,SO01,BU2,R03,USD,1012,640.8,12.28,611.08,16.01,18.99,17.56,38.4,454.65
T0001541,O0000514,INV0000771,IL0001541,2025-12-29,2025-12-29,C00366,P0004,SO03,BU2,R03,USD,134,310.77,2.09,295.2,7.31,16.45,10.28,14.77,171.35
T0001542,O0000514,INV0000771,IL0001542,2025-07-19,2025-07-19,C00017,P0099,SO05,BU4,R01,USD,480,502.9,27.42,473.56,12.52,7.38,17.98,7.61,288.0
T0001543,O0000515,INV0000772,IL0001543,2025-11-09,2025-11-09,C00007,P0010,SO04,BU4,R04,USD,1064,387.93,33.85,346.15,5.13,10.78,7.98,10.3,193.48
T0001544,O0000515,INV0000772,IL0001544,2025-06-26,2025-06-26,C00143,P0066,SO04,BU1,R04,USD,746,655.44,28.02,617.63,16.24,7.58,14.03,2.85,380.98
T0001545,O0000515,INV0000773,IL0001545,2026-09-10,2026-09-10,C00318,P0056,SO05,BU3,R03,USD,1141,531.82,34.13,476.11,10.39,26.63,15.44,21.45,303.0
T0001546,O0000516,INV0000773,IL0001546,2025-05-07,2025-05-07,C00076,P0138,SO05,BU3,R02,USD,1038,1607.24,41.06,1546.07,25.98,34.12,39.99,106.94,1032.17
T0001547,O0000516,INV0000774,IL0001547,2026-06-25,2026-06-25,C00264,P0040,SO05,BU4,R04,USD,134,133.62,13.17,117.83,1.93,5.17,4.48,6.93,68.05
T0001548,O0000516,INV0000774,IL0001548,2026-11-29,2026-11-29,C00071,P0065,SO03,BU1,R04,USD,486,134.77,1.21,130.21,2.95,4.43,4.03,2.3,79.08
T0001549,O0000517,INV0000775,IL0001549,2025-10-02,2025-10-02,C00068,P0053,SO03,BU2,R02,USD,473,833.28,13.56,791.24,5.89,26.03,3.44,54.57,627.64
T0001550,O0000517,INV0000775,IL0001550,2026-11-07,2026-11-07,C00282,P0128,SO01,BU1,R01,USD,812,2140.68,33.63,2040.46,56.61,24.74,14.76,132.0,1547.16
T0001551,O0000517,INV0000776,IL0001551,2026-12-30,2026-12-30,C00296,P0143,SO02,BU3,R04,USD,353,200.86,0.9,198.62,0.7,2.05,1.41,0.88,96.53
T0001552,O0000518,INV0000776,IL0001552,2026-06-19,2026-06-19,C00198,P0119,SO04,BU2,R03,USD,787,382.48,34.81,338.83,5.83,13.28,10.27,19.02,243.36
T0001553,O0000518,INV0000777,IL0001553,2026-05-08,2026-05-08,C00367,P0099,SO04,BU4,R04,USD,32,52.56,4.3,47.05,0.3,1.11,0.2,2.39,26.14
T0001554,O0000518,INV0000777,IL0001554,2026-07-21,2026-07-21,C00149,P0082,SO03,BU4,R03,USD,184,322.79,24.37,296.01,7.61,4.91,10.11,11.4,224.21
T0001555,O0000519,INV0000778,IL0001555,2025-05-22,2025-05-22,C00100,P0081,SO05,BU2,R02,USD,846,2109.25,124.17,1843.71,52.65,91.66,2.94,99.78,1129.71
T0001556,O0000519,INV0000778,IL0001556,2025-01-18,2025-01-18,C00235,P0104,SO01,BU2,R02,USD,17,19.86,1.62,17.11,0.56,1.04,0.47,0.09,11.97
T0001557,O0000519,INV0000779,IL0001557,2025-01-21,2025-01-21,C00463,P0012,SO04,BU2,R04,USD,896,2487.65,166.28,2278.58,31.5,12.59,1.3,146.12,1644.95
T0001558,O0000520,INV0000779,IL0001558,2025-11-03,2025-11-03,C00445,P0023,SO03,BU3,R03,USD,470,1322.91,0.21,1302.49,17.74,23.57,21.1,83.54,937.98
T0001559,O0000520,INV0000780,IL0001559,2025-10-03,2025-10-03,C00396,P0121,SO02,BU2,R02,USD,1080,1968.3,72.29,1874.81,33.17,21.07,33.04,72.7,1056.28
T0001560,O0000520,INV0000780,IL0001560,2026-01-22,2026-01-22,C00274,P0146,SO04,BU3,R01,USD,839,507.85,30.82,461.29,11.96,14.75,10.97,16.79,323.12
T0001561,O0000521,INV0000781,IL0001561,2026-10-13,2026-10-13,C00290,P0031,SO01,BU4,R01,USD,1093,3100.51,204.76,2790.99,45.14,104.77,45.15,115.53,1810.32
T0001562,O0000521,INV0000781,IL0001562,2025-07-04,2025-07-04,C00186,P0117,SO03,BU3,R01,USD,1176,1638.64,61.79,1522.89,34.08,21.34,1.46,46.01,826.45
T0001563,O0000521,INV0000782,IL0001563,2026-12-20,2026-12-20,C00392,P0092,SO05,BU3,R04,USD,1079,1857.39,154.36,1763.76,10.41,1.5,72.64,0.72,1179.3
T0001564,O0000522,INV0000782,IL0001564,2026-08-09,2026-08-09,C00189,P0036,SO03,BU3,R03,USD,954,1091.76,55.73,1018.39,31.82,7.07,21.25,6.43,612.94
T0001565,O0000522,INV0000783,IL0001565,2025-05-22,2025-05-22,C00250,P0076,SO03,BU1,R01,USD,388,882.08,8.52,834.71,17.81,40.5,19.46,35.56,492.64
T0001566,O0000522,INV0000783,IL0001566,2026-08-30,2026-08-30,C00207,P0036,SO04,BU2,R04,USD,555,362.25,5.1,348.75,10.25,6.66,8.51,19.8,219.45
T0001567,O0000523,INV0000784,IL0001567,2025-09-28,2025-09-28,C00370,P0094,SO04,BU1,R01,USD,280,129.08,7.15,120.94,2.64,2.65,4.3,3.68,63.6
T0001568,O0000523,INV0000784,IL0001568,2026-06-02,2026-06-02,C00065,P0001,SO04,BU3,R01,USD,299,154.67,13.45,142.46,2.31,0.0,3.55,0.5,114.87
T0001569,O0000523,INV0000785,IL0001569,2026-10-10,2026-10-10,C00205,P0057,SO01,BU3,R03,USD,849,776.41,4.1,741.63,4.0,35.33,8.65,51.49,560.62
T0001570,O0000524,INV0000785,IL0001570,2026-05-31,2026-05-31,C00084,P0144,SO05,BU4,R02,USD,681,1736.14,153.73,1595.96,14.58,5.58,33.71,101.93,1150.27
T0001571,O0000524,INV0000786,IL0001571,2026-06-14,2026-06-14,C00094,P0042,SO04,BU1,R03,USD,936,769.2,10.48,761.3,9.68,16.48,28.74,42.36,568.27
T0001572,O0000524,INV0000786,IL0001572,2026-01-18,2026-01-18,C00004,P0124,SO03,BU3,R02,USD,130,296.32,27.94,251.11,5.7,12.27,0.7,6.54,151.87
T0001573,O0000525,INV0000787,IL0001573,2025-01-02,2025-01-02,C00313,P0046,SO05,BU3,R01,USD,233,652.26,42.85,607.42,6.16,15.33,19.5,15.42,321.05
T0001574,O0000525,INV0000787,IL0001574,2026-03-28,2026-03-28,C00028,P0146,SO05,BU1,R02,USD,418,124.19,5.74,114.76,3.02,4.05,3.38,3.89,59.77
T0001575,O0000525,INV0000788,IL0001575,2026-12-19,2026-12-19,C00425,P0023,SO02,BU1,R01,USD,1185,2697.65,151.55,2563.62,26.48,43.48,87.48,101.84,1401.26
T0001576,O0000526,INV0000788,IL0001576,2026-04-25,2026-04-25,C00212,P0143,SO04,BU3,R02,USD,446,1110.58,45.77,1087.22,4.38,15.7,42.49,31.46,771.27
T0001577,O0000526,INV0000789,IL0001577,2025-04-01,2025-04-01,C00492,P0132,SO05,BU1,R02,USD,981,706.12,21.95,686.24,11.41,8.28,21.76,1.71,491.86
T0001578,O0000526,INV0000789,IL0001578,2025-12-07,2025-12-07,C00024,P0040,SO02,BU4,R04,USD,1159,2263.3,91.27,2197.79,46.48,8.55,80.79,135.64,1221.58
T0001579,O0000527,INV0000790,IL0001579,2026-01-04,2026-01-04,C00225,P0066,SO02,BU1,R01,USD,505,545.8,50.13,505.78,6.89,1.82,18.82,15.42,411.6
T0001580,O0000527,INV0000790,IL0001580,2026-03-16,2026-03-16,C00230,P0050,SO04,BU3,R03,USD,1132,865.75,62.14,801.59,6.53,14.26,18.77,17.04,462.89
T0001581,O0000527,INV0000791,IL0001581,2025-07-01,2025-07-01,C00163,P0059,SO03,BU1,R02,USD,620,783.49,10.8,771.15,1.11,14.39,13.96,14.94,473.55
T0001582,O0000528,INV0000791,IL0001582,2025-02-21,2025-02-21,C00202,P0093,SO05,BU3,R01,USD,697,781.34,28.46,740.43,9.31,8.85,5.71,30.79,555.46
T0001583,O0000528,INV0000792,IL0001583,2026-07-08,2026-07-08,C00480,P0086,SO01,BU3,R04,USD,229,67.21,4.23,64.92,0.62,0.1,2.66,1.06,34.17
T0001584,O0000528,INV0000792,IL0001584,2025-03-27,2025-03-27,C00052,P0119,SO02,BU1,R02,USD,804,348.13,34.34,311.41,0.2,6.29,4.11,14.87,258.97
T0001585,O0000529,INV0000793,IL0001585,2025-02-25,2025-02-25,C00352,P0046,SO01,BU2,R04,USD,58,73.33,4.55,68.19,2.02,1.27,2.7,4.49,40.7
T0001586,O0000529,INV0000793,IL0001586,2026-11-30,2026-11-30,C00091,P0001,SO03,BU3,R02,USD,286,190.65,17.18,162.27,4.49,9.44,2.73,0.12,142.86
T0001587,O0000529,INV0000794,IL0001587,2026-03-04,2026-03-04,C00389,P0013,SO03,BU3,R03,USD,664,316.33,6.79,310.64,6.83,3.19,11.12,14.24,237.45
T0001588,O0000530,INV0000794,IL0001588,2026-12-04,2026-12-04,C00302,P0067,SO05,BU3,R03,USD,705,187.11,5.29,177.11,5.37,5.07,5.73,10.47,126.71
T0001589,O0000530,INV0000795,IL0001589,2026-04-20,2026-04-20,C00305,P0141,SO02,BU2,R01,USD,734,1520.26,89.68,1425.55,16.7,2.35,14.02,6.56,1049.4
T0001590,O0000530,INV0000795,IL0001590,2025-01-10,2025-01-10,C00202,P0074,SO05,BU4,R01,USD,452,1251.81,96.75,1136.08,0.46,47.51,28.99,27.69,601.92
T0001591,O0000531,INV0000796,IL0001591,2025-02-02,2025-02-02,C00450,P0055,SO04,BU2,R01,USD,103,157.83,11.03,146.07,3.6,0.56,3.43,9.3,103.46
T0001592,O0000531,INV0000796,IL0001592,2025-08-15,2025-08-15,C00335,P0087,SO05,BU4,R04,USD,366,1003.86,36.06,946.47,22.89,13.45,15.01,9.71,641.25
T0001593,O0000531,INV0000797,IL0001593,2026-01-06,2026-01-06,C00199,P0019,SO02,BU2,R04,USD,131,166.13,8.09,153.36,4.69,0.12,0.13,10.12,106.31
T0001594,O0000532,INV0000797,IL0001594,2026-07-15,2026-07-15,C00031,P0019,SO03,BU2,R04,USD,802,1679.95,80.22,1549.49,2.22,64.26,16.24,28.97,1031.68
T0001595,O0000532,INV0000798,IL0001595,2026-11-28,2026-11-28,C00065,P0056,SO02,BU3,R01,USD,1177,2877.65,88.27,2672.12,60.33,156.14,99.21,73.44,1397.8
T0001596,O0000532,INV0000798,IL0001596,2026-04-15,2026-04-15,C00194,P0041,SO01,BU3,R01,USD,681,137.22,2.2,136.22,1.43,0.08,2.71,2.99,103.73
T0001597,O0000533,INV0000799,IL0001597,2025-05-14,2025-05-14,C00461,P0101,SO01,BU2,R03,USD,595,275.13,14.78,259.96,1.52,0.93,2.06,12.78,205.02
T0001598,O0000533,INV0000799,IL0001598,2025-06-03,2025-06-03,C00113,P0057,SO05,BU2,R01,USD,687,1693.87,11.81,1644.32,37.46,2.98,2.7,48.54,1237.56
T0001599,O0000533,INV0000800,IL0001599,2026-11-25,2026-11-25,C00024,P0092,SO03,BU4,R04,USD,21,39.51,3.79,34.56,0.66,0.9,0.4,2.14,19.12
T0001600,O0000534,INV0000800,IL0001600,2025-04-30,2025-04-30,C00046,P0099,SO03,BU1,R03,USD,919,705.15,9.6,684.14,19.62,10.92,19.13,44.23,527.56
T0001601,O0000534,INV0000801,IL0001601,2026-04-13,2026-04-13,C00172,P0145,SO03,BU2,R02,USD,1122,1553.52,133.17,1409.62,40.11,7.5,36.88,41.79,1003.9
T0001602,O0000534,INV0000801,IL0001602,2025-06-21,2025-06-21,C00203,P0012,SO03,BU4,R02,USD,502,652.05,52.43,613.92,3.51,0.3,18.11,15.2,396.52
T0001603,O0000535,INV0000802,IL0001603,2025-07-11,2025-07-11,C00040,P0066,SO05,BU3,R04,USD,958,2448.74,170.16,2158.34,9.26,122.2,11.22,127.19,1724.7
T0001604,O0000535,INV0000802,IL0001604,2025-08-20,2025-08-20,C00366,P0141,SO01,BU1,R03,USD,380,260.22,18.23,237.75,1.31,9.26,6.33,1.12,173.01
T0001605,O0000535,INV0000803,IL0001605,2026-06-22,2026-06-22,C00403,P0032,SO02,BU1,R02,USD,1183,3086.8,223.11,2757.67,63.56,96.01,53.55,97.12,2149.6
T0001606,O0000536,INV0000803,IL0001606,2025-08-05,2025-08-05,C00275,P0096,SO01,BU3,R02,USD,1136,1874.51,136.9,1664.19,49.53,58.66,34.77,19.51,1410.36
T0001607,O0000536,INV0000804,IL0001607,2026-12-09,2026-12-09,C00049,P0098,SO03,BU2,R01,USD,1068,319.01,1.61,304.96,9.5,5.96,3.02,17.25,200.91
T0001608,O0000536,INV0000804,IL0001608,2026-09-11,2026-09-11,C00440,P0056,SO03,BU3,R04,USD,1131,3160.24,192.35,2855.94,14.65,157.93,60.63,101.77,1669.45
T0001609,O0000537,INV0000805,IL0001609,2025-12-06,2025-12-06,C00493,P0080,SO02,BU2,R03,USD,206,584.59,8.07,548.55,12.67,15.33,0.03,8.21,309.68
T0001610,O0000537,INV0000805,IL0001610,2025-10-29,2025-10-29,C00275,P0033,SO03,BU4,R02,USD,287,559.31,8.7,548.75,4.23,8.53,10.9,8.12,312.12
T0001611,O0000537,INV0000806,IL0001611,2025-05-15,2025-05-15,C00474,P0135,SO04,BU4,R01,USD,145,189.27,18.05,164.4,2.04,6.27,1.49,1.46,91.39
T0001612,O0000538,INV0000806,IL0001612,2026-10-05,2026-10-05,C00377,P0004,SO05,BU1,R01,USD,83,155.45,15.21,133.77,1.29,6.11,0.93,1.22,111.72
T0001613,O0000538,INV0000807,IL0001613,2026-03-26,2026-03-26,C00255,P0092,SO05,BU1,R04,USD,221,183.58,13.18,163.29,0.23,7.84,0.96,3.83,92.93
T0001614,O0000538,INV0000807,IL0001614,2025-02-18,2025-02-18,C00209,P0065,SO03,BU1,R01,USD,413,77.52,7.63,68.55,0.13,3.05,1.84,2.11,57.5
T0001615,O0000539,INV0000808,IL0001615,2026-04-16,2026-04-16,C00183,P0102,SO04,BU3,R04,USD,206,373.21,8.37,351.93,8.6,14.04,9.73,2.21,282.66
T0001616,O0000539,INV0000808,IL0001616,2026-12-01,2026-12-01,C00453,P0019,SO01,BU4,R03,USD,621,738.74,44.92,690.41,19.07,6.47,22.13,5.77,464.41
T0001617,O0000539,INV0000809,IL0001617,2025-01-30,2025-01-30,C00135,P0064,SO03,BU2,R04,USD,575,206.19,7.98,197.38,1.0,6.44,6.61,1.64,110.69
T0001618,O0000540,INV0000809,IL0001618,2026-05-14,2026-05-14,C00008,P0129,SO02,BU2,R04,USD,761,961.68,85.09,863.85,27.95,22.09,37.3,57.69,567.5
T0001619,O0000540,INV0000810,IL0001619,2025-02-11,2025-02-11,C00197,P0060,SO03,BU1,R03,USD,323,130.69,6.69,121.44,1.54,2.6,1.58,6.49,73.23
T0001620,O0000540,INV0000810,IL0001620,2025-09-18,2025-09-18,C00154,P0010,SO05,BU3,R01,USD,893,1094.19,21.48,1047.7,10.05,46.35,31.39,25.21,699.09
T0001621,O0000541,INV0000811,IL0001621,2025-11-06,2025-11-06,C00332,P0097,SO01,BU2,R02,USD,939,644.81,54.58,588.9,7.45,15.39,21.51,39.93,325.48
T0001622,O0000541,INV0000811,IL0001622,2025-09-19,2025-09-19,C00111,P0106,SO05,BU1,R04,USD,713,1919.4,106.49,1731.14,18.46,71.1,7.79,62.19,1197.92
T0001623,O0000541,INV0000812,IL0001623,2025-02-10,2025-02-10,C00274,P0127,SO05,BU4,R01,USD,210,452.65,42.11,408.19,2.0,5.98,5.63,2.42,321.28
T0001624,O0000542,INV0000812,IL0001624,2026-09-08,2026-09-08,C00293,P0098,SO04,BU1,R03,USD,461,330.4,11.2,327.16,2.37,2.43,12.76,21.69,250.12
T0001625,O0000542,INV0000813,IL0001625,2025-07-11,2025-07-11,C00456,P0094,SO02,BU2,R04,USD,756,1209.15,27.2,1198.47,9.46,13.45,39.43,20.21,854.26
T0001626,O0000542,INV0000813,IL0001626,2025-03-22,2025-03-22,C00362,P0094,SO02,BU1,R01,USD,1032,1303.52,48.73,1224.51,28.11,26.51,24.34,78.53,891.31
T0001627,O0000543,INV0000814,IL0001627,2026-08-01,2026-08-01,C00346,P0069,SO01,BU4,R01,USD,687,1583.88,63.57,1486.44,33.84,62.77,62.74,98.09,1080.35
T0001628,O0000543,INV0000814,IL0001628,2026-10-13,2026-10-13,C00172,P0052,SO02,BU4,R02,USD,501,674.2,38.05,616.49,20.05,10.04,10.43,33.53,461.07
T0001629,O0000543,INV0000815,IL0001629,2026-01-27,2026-01-27,C00493,P0017,SO04,BU2,R03,USD,437,1135.72,14.36,1098.5,6.03,17.84,1.01,0.61,767.03
T0001630,O0000544,INV0000815,IL0001630,2025-12-07,2025-12-07,C00474,P0079,SO02,BU1,R01,USD,189,445.17,8.25,442.11,5.33,3.49,14.01,11.8,259.95
T0001631,O0000544,INV0000816,IL0001631,2025-11-06,2025-11-06,C00433,P0115,SO01,BU2,R01,USD,241,592.55,14.19,541.57,8.06,31.97,3.24,27.2,345.47
T0001632,O0000544,INV0000816,IL0001632,2025-05-02,2025-05-02,C00137,P0047,SO03,BU1,R01,USD,260,694.56,19.86,635.56,20.79,36.43,18.08,11.02,446.87
T0001633,O0000545,INV0000817,IL0001633,2025-06-11,2025-06-11,C00482,P0107,SO04,BU4,R01,USD,626,1410.94,125.03,1239.6,9.04,62.83,25.56,57.08,840.27
T0001634,O0000545,INV0000817,IL0001634,2026-04-14,2026-04-14,C00116,P0027,SO01,BU1,R02,USD,71,114.04,7.83,103.64,0.42,5.9,3.75,1.03,84.11
T0001635,O0000545,INV0000818,IL0001635,2025-05-04,2025-05-04,C00041,P0095,SO03,BU2,R01,USD,924,394.18,36.76,356.43,3.32,3.39,5.72,6.97,296.21
T0001636,O0000546,INV0000818,IL0001636,2025-06-30,2025-06-30,C00222,P0130,SO05,BU3,R03,USD,541,483.11,32.86,426.29,12.9,13.23,2.17,28.79,258.13
T0001637,O0000546,INV0000819,IL0001637,2026-10-26,2026-10-26,C00479,P0007,SO02,BU1,R04,USD,851,1963.26,171.85,1753.98,48.32,24.03,34.92,70.88,1191.37
T0001638,O0000546,INV0000819,IL0001638,2026-02-14,2026-02-14,C00350,P0083,SO04,BU2,R03,USD,395,276.74,0.09,282.56,2.31,0.94,9.16,12.45,204.51
T0001639,O0000547,INV0000820,IL0001639,2026-01-01,2026-01-01,C00418,P0040,SO05,BU3,R01,USD,1109,385.82,35.79,342.17,4.25,13.77,10.16,0.61,190.12
T0001640,O0000547,INV0000820,IL0001640,2025-06-05,2025-06-05,C00248,P0046,SO05,BU1,R04,USD,144,144.79,4.63,130.44,2.88,7.53,0.69,2.75,70.57
T0001641,O0000547,INV0000821,IL0001641,2026-08-11,2026-08-11,C00355,P0032,SO02,BU3,R02,USD,825,1313.98,82.46,1204.05,3.42,71.8,47.75,16.7,703.73
T0001642,O0000548,INV0000821,IL0001642,2026-09-30,2026-09-30,C00178,P0090,SO05,BU1,R01,USD,1071,2410.61,42.43,2254.36,52.13,79.67,17.98,135.07,1647.29
T0001643,O0000548,INV0000822,IL0001643,2025-09-10,2025-09-10,C00177,P0033,SO02,BU4,R01,USD,731,1746.14,150.13,1483.25,35.77,87.35,10.36,71.98,911.86
T0001644,O0000548,INV0000822,IL0001644,2026-03-30,2026-03-30,C00117,P0049,SO02,BU1,R03,USD,366,67.27,2.45,63.7,0.96,2.57,2.41,3.49,47.95
T0001645,O0000549,INV0000823,IL0001645,2025-08-19,2025-08-19,C00067,P0059,SO04,BU2,R02,USD,884,364.74,12.77,356.86,0.38,7.97,13.24,11.47,231.37
T0001646,O0000549,INV0000823,IL0001646,2026-06-08,2026-06-08,C00096,P0100,SO05,BU4,R04,USD,1029,2349.93,28.39,2345.65,35.65,20.47,80.23,16.2,1378.74
T0001647,O0000549,INV0000824,IL0001647,2026-05-19,2026-05-19,C00064,P0040,SO03,BU1,R04,USD,214,240.92,20.37,215.87,5.95,7.34,8.61,8.47,153.3
T0001648,O0000550,INV0000824,IL0001648,2025-07-07,2025-07-07,C00362,P0023,SO01,BU4,R01,USD,900,2380.05,181.37,2165.05,38.14,33.81,38.32,67.08,1275.91
T0001649,O0000550,INV0000825,IL0001649,2025-09-26,2025-09-26,C00068,P0038,SO02,BU3,R02,USD,453,1269.44,124.72,1164.22,5.39,11.27,36.16,8.65,615.33
T0001650,O0000550,INV0000825,IL0001650,2026-09-15,2026-09-15,C00150,P0065,SO05,BU1,R03,USD,718,1203.22,80.66,1124.88,26.73,10.21,39.26,49.71,911.35
T0001651,O0000551,INV0000826,IL0001651,2025-07-08,2025-07-08,C00092,P0091,SO03,BU1,R02,USD,127,150.71,12.37,128.59,2.79,8.23,1.27,8.1,100.03
T0001652,O0000551,INV0000826,IL0001652,2025-09-06,2025-09-06,C00427,P0123,SO03,BU4,R02,USD,146,359.61,4.13,358.44,0.6,7.85,11.41,20.77,200.38
T0001653,O0000551,INV0000827,IL0001653,2025-01-07,2025-01-07,C00249,P0081,SO03,BU4,R01,USD,1154,3134.15,242.01,2776.58,61.42,55.84,1.7,42.71,2083.58
T0001654,O0000552,INV0000827,IL0001654,2026-01-30,2026-01-30,C00090,P0103,SO02,BU2,R01,USD,1051,2390.71,158.74,2151.91,16.44,108.9,45.28,9.53,1392.12
T0001655,O0000552,INV0000828,IL0001655,2025-10-11,2025-10-11,C00405,P0122,SO02,BU2,R03,USD,750,772.65,43.94,690.76,18.53,39.81,20.39,20.7,450.55
T0001656,O0000552,INV0000828,IL0001656,2025-10-02,2025-10-02,C00037,P0020,SO04,BU3,R03,USD,710,753.31,20.46,709.56,12.87,27.78,17.36,48.91,440.89
T0001657,O0000553,INV0000829,IL0001657,2026-08-29,2026-08-29,C00165,P0116,SO03,BU2,R03,USD,1027,1165.85,21.55,1133.97,16.69,0.03,6.39,34.5,642.4
T0001658,O0000553,INV0000829,IL0001658,2025-06-12,2025-06-12,C00342,P0004,SO03,BU3,R03,USD,1026,447.95,32.65,423.37,1.21,7.58,16.86,22.28,286.71
T0001659,O0000553,INV0000830,IL0001659,2026-03-17,2026-03-17,C00464,P0104,SO05,BU3,R04,USD,1099,1860.17,84.43,1711.33,2.03,97.69,35.31,51.08,931.53
T0001660,O0000554,INV0000830,IL0001660,2026-05-11,2026-05-11,C00119,P0021,SO05,BU4,R04,USD,389,206.95,13.49,196.89,4.19,0.32,7.94,13.28,139.63
T0001661,O0000554,INV0000831,IL0001661,2026-07-02,2026-07-02,C00319,P0122,SO03,BU2,R04,USD,870,975.27,81.99,842.16,27.38,50.46,26.72,41.16,713.93
T0001662,O0000554,INV0000831,IL0001662,2025-11-13,2025-11-13,C00104,P0030,SO05,BU4,R04,USD,197,366.81,14.02,356.29,3.4,0.62,7.52,14.42,250.54
T0001663,O0000555,INV0000832,IL0001663,2025-12-09,2025-12-09,C00094,P0060,SO04,BU4,R03,USD,306,92.41,1.12,89.68,0.19,4.28,2.86,2.37,56.94
T0001664,O0000555,INV0000832,IL0001664,2025-10-17,2025-10-17,C00289,P0117,SO05,BU2,R01,USD,992,196.81,0.98,188.17,0.83,10.48,3.65,7.18,111.34
T0001665,O0000555,INV0000833,IL0001665,2026-03-22,2026-03-22,C00255,P0103,SO05,BU2,R04,USD,1182,1626.08,73.2,1480.92,15.1,84.16,27.3,92.32,872.17
T0001666,O0000556,INV0000833,IL0001666,2026-03-13,2026-03-13,C00354,P0009,SO04,BU1,R01,USD,687,184.25,7.49,171.2,1.95,7.08,3.47,8.86,90.38
T0001667,O0000556,INV0000834,IL0001667,2025-10-06,2025-10-06,C00290,P0110,SO05,BU4,R01,USD,391,1075.6,47.47,1014.99,3.55,37.56,27.97,49.45,557.65
T0001668,O0000556,INV0000834,IL0001668,2025-08-17,2025-08-17,C00165,P0053,SO02,BU2,R03,USD,769,1357.13,97.58,1234.91,7.3,26.11,8.77,35.75,712.64
T0001669,O0000557,INV0000835,IL0001669,2025-07-31,2025-07-31,C00219,P0077,SO03,BU4,R02,USD,170,417.93,25.66,375.86,11.49,14.27,9.35,8.82,267.3
T0001670,O0000557,INV0000835,IL0001670,2026-02-07,2026-02-07,C00179,P0073,SO04,BU2,R02,USD,900,757.98,73.7,659.24,17.14,36.46,28.56,10.22,425.84
T0001671,O0000557,INV0000836,IL0001671,2026-12-28,2026-12-28,C00132,P0019,SO05,BU2,R02,USD,258,318.89,29.59,273.54,5.64,13.21,3.09,16.42,216.08
T0001672,O0000558,INV0000836,IL0001672,2025-10-10,2025-10-10,C00297,P0116,SO05,BU2,R01,USD,473,811.2,21.87,803.21,9.98,0.77,24.63,39.34,579.44
T0001673,O0000558,INV0000837,IL0001673,2025-06-25,2025-06-25,C00075,P0058,SO02,BU2,R02,USD,682,1034.12,13.27,966.31,22.43,41.15,9.04,55.3,663.05
T0001674,O0000558,INV0000837,IL0001674,2026-10-20,2026-10-20,C00395,P0134,SO04,BU3,R02,USD,562,250.88,3.96,233.5,7.28,13.77,7.63,1.0,151.72
T0001675,O0000559,INV0000838,IL0001675,2025-06-27,2025-06-27,C00059,P0123,SO02,BU2,R02,USD,990,1042.07,93.71,947.37,16.21,11.05,26.27,24.57,729.06
T0001676,O0000559,INV0000838,IL0001676,2026-04-29,2026-04-29,C00410,P0150,SO05,BU1,R01,USD,267,74.65,0.08,74.09,0.68,2.33,2.53,0.33,43.81
T0001677,O0000559,INV0000839,IL0001677,2026-09-18,2026-09-18,C00115,P0146,SO02,BU2,R02,USD,66,36.8,2.71,33.59,0.39,0.28,0.17,1.09,25.23
T0001678,O0000560,INV0000839,IL0001678,2026-02-07,2026-02-07,C00443,P0092,SO02,BU1,R02,USD,812,558.74,32.54,511.41,10.53,25.8,21.54,15.4,355.08
T0001679,O0000560,INV0000840,IL0001679,2025-03-22,2025-03-22,C00473,P0147,SO05,BU4,R01,USD,457,1234.59,32.23,1181.56,13.35,20.26,12.81,32.08,705.73
T0001680,O0000560,INV0000840,IL0001680,2025-03-28,2025-03-28,C00038,P0058,SO03,BU2,R03,USD,1137,1330.86,117.78,1231.92,11.84,13.44,44.12,57.84,697.53
T0001681,O0000561,INV0000841,IL0001681,2025-05-19,2025-05-19,C00018,P0064,SO02,BU3,R01,USD,644,902.63,16.53,843.2,11.01,32.57,0.68,26.61,491.89
T0001682,O0000561,INV0000841,IL0001682,2026-08-17,2026-08-17,C00213,P0130,SO03,BU1,R03,USD,1116,2677.62,8.75,2529.44,63.58,145.59,69.74,158.86,1818.13
T0001683,O0000561,INV0000842,IL0001683,2026-08-06,2026-08-06,C00441,P0072,SO03,BU1,R01,USD,112,65.91,5.3,59.31,0.18,2.4,1.28,0.27,48.05
T0001684,O0000562,INV0000842,IL0001684,2025-09-27,2025-09-27,C00097,P0010,SO05,BU2,R01,USD,435,1055.61,6.17,1031.37,7.23,46.09,35.25,11.79,786.67
T0001685,O0000562,INV0000843,IL0001685,2026-07-27,2026-07-27,C00313,P0072,SO04,BU2,R01,USD,810,877.55,39.35,819.61,8.87,42.09,32.37,11.53,460.41
T0001686,O0000562,INV0000843,IL0001686,2026-06-17,2026-06-17,C00079,P0060,SO01,BU1,R04,USD,289,64.56,2.13,61.47,1.11,0.38,0.53,0.09,31.17
T0001687,O0000563,INV0000844,IL0001687,2025-07-22,2025-07-22,C00130,P0105,SO05,BU3,R01,USD,913,329.41,22.8,298.25,6.62,7.75,6.01,0.22,244.15
T0001688,O0000563,INV0000844,IL0001688,2026-03-14,2026-03-14,C00073,P0123,SO05,BU4,R01,USD,721,1575.31,49.65,1495.8,42.47,4.91,17.52,5.87,919.44
T0001689,O0000563,INV0000845,IL0001689,2025-06-27,2025-06-27,C00467,P0060,SO04,BU3,R02,USD,1148,2565.55,209.37,2366.75,13.13,4.1,27.8,131.28,1890.84
T0001690,O0000564,INV0000845,IL0001690,2025-02-17,2025-02-17,C00066,P0139,SO05,BU2,R01,USD,948,342.99,33.35,303.38,5.98,13.99,13.71,1.93,238.64
T0001691,O0000564,INV0000846,IL0001691,2025-06-16,2025-06-16,C00491,P0042,SO05,BU1,R02,USD,609,194.39,7.26,178.4,2.56,9.39,3.22,8.25,138.56
T0001692,O0000564,INV0000846,IL0001692,2026-07-14,2026-07-14,C00237,P0027,SO01,BU4,R03,USD,1024,1062.3,27.67,1010.83,3.37,45.96,25.53,65.5,766.38
T0001693,O0000565,INV0000847,IL0001693,2025-02-21,2025-02-21,C00198,P0093,SO03,BU2,R03,USD,475,766.32,70.54,682.96,3.54,28.56,19.28,41.7,440.68
T0001694,O0000565,INV0000847,IL0001694,2025-03-07,2025-03-07,C00093,P0040,SO01,BU3,R03,USD,92,213.73,12.5,198.77,4.41,4.53,6.48,3.54,119.45
T0001695,O0000565,INV0000848,IL0001695,2026-06-04,2026-06-04,C00372,P0038,SO03,BU4,R02,USD,1004,848.48,15.92,801.03,14.6,43.89,26.96,4.74,430.96
T0001696,O0000566,INV0000848,IL0001696,2025-02-18,2025-02-18,C00062,P0136,SO05,BU3,R03,USD,1061,309.81,21.59,279.67,9.13,9.42,10.0,0.98,213.14
T0001697,O0000566,INV0000849,IL0001697,2025-03-17,2025-03-17,C00233,P0013,SO01,BU4,R01,USD,606,1231.33,98.25,1075.47,34.45,40.52,17.36,46.63,793.68
T0001698,O0000566,INV0000849,IL0001698,2025-09-15,2025-09-15,C00356,P0091,SO01,BU2,R02,USD,661,1416.52,127.12,1286.74,4.65,7.95,9.94,85.15,1039.0
T0001699,O0000567,INV0000850,IL0001699,2025-09-18,2025-09-18,C00128,P0057,SO03,BU2,R04,USD,940,625.48,1.34,605.74,16.08,5.15,2.83,28.8,331.08
T0001700,O0000567,INV0000850,IL0001700,2026-12-03,2026-12-03,C00416,P0067,SO04,BU3,R04,USD,793,1942.45,37.36,1868.88,11.38,78.62,53.79,26.47,1376.43
T0001701,O0000567,INV0000851,IL0001701,2025-10-24,2025-10-24,C00151,P0078,SO05,BU3,R04,USD,47,46.7,3.93,42.25,0.7,1.54,1.72,1.37,22.57
T0001702,O0000568,INV0000851,IL0001702,2025-06-20,2025-06-20,C00006,P0096,SO05,BU4,R03,USD,783,1742.25,119.23,1567.71,3.73,73.41,21.83,49.18,1220.7
T0001703,O0000568,INV0000852,IL0001703,2025-09-21,2025-09-21,C00320,P0047,SO03,BU1,R04,USD,884,1657.06,34.67,1541.78,47.11,54.48,20.98,19.96,903.57
T0001704,O0000568,INV0000852,IL0001704,2026-05-25,2026-05-25,C00243,P0082,SO01,BU2,R02,USD,337,881.32,49.99,841.05,0.46,3.9,14.08,8.35,556.96
T0001705,O0000569,INV0000853,IL0001705,2026-09-12,2026-09-12,C00069,P0008,SO02,BU4,R03,USD,1182,2501.23,39.44,2433.5,44.46,16.1,32.27,158.24,1806.17
T0001706,O0000569,INV0000853,IL0001706,2026-02-25,2026-02-25,C00112,P0011,SO05,BU1,R04,USD,660,675.31,44.9,616.59,11.78,8.64,6.6,35.06,450.53
T0001707,O0000569,INV0000854,IL0001707,2026-10-24,2026-10-24,C00210,P0045,SO05,BU4,R01,USD,617,1205.06,114.96,1079.72,1.55,24.99,16.16,38.88,665.89
T0001708,O0000570,INV0000854,IL0001708,2026-10-24,2026-10-24,C00343,P0142,SO01,BU3,R04,USD,208,145.48,10.53,134.62,0.97,4.31,4.95,5.41,71.61
T0001709,O0000570,INV0000855,IL0001709,2025-08-18,2025-08-18,C00361,P0041,SO03,BU3,R01,USD,181,118.01,1.79,112.1,3.36,1.12,0.36,4.01,81.4
T0001710,O0000570,INV0000855,IL0001710,2025-04-26,2025-04-26,C00365,P0096,SO03,BU2,R03,USD,324,810.71,44.06,719.07,13.03,44.21,9.66,38.43,391.06
T0001711,O0000571,INV0000856,IL0001711,2025-04-23,2025-04-23,C00272,P0084,SO04,BU1,R04,USD,1149,1854.95,72.24,1713.28,55.03,76.52,62.12,5.11,1240.3
T0001712,O0000571,INV0000856,IL0001712,2026-02-02,2026-02-02,C00091,P0146,SO02,BU1,R02,USD,1029,1400.26,73.43,1310.73,10.27,24.16,18.33,35.57,960.98
T0001713,O0000571,INV0000857,IL0001713,2026-02-16,2026-02-16,C00145,P0103,SO05,BU2,R01,USD,253,448.01,32.45,398.4,2.93,16.23,2.0,25.94,232.72
T0001714,O0000572,INV0000857,IL0001714,2025-05-29,2025-05-29,C00092,P0020,SO02,BU3,R02,USD,384,86.67,5.98,80.67,0.12,0.78,0.88,5.49,46.87
T0001715,O0000572,INV0000858,IL0001715,2025-10-16,2025-10-16,C00376,P0125,SO02,BU1,R04,USD,1173,2630.45,184.14,2434.04,8.83,68.15,64.71,129.55,1375.62
T0001716,O0000572,INV0000858,IL0001716,2026-08-26,2026-08-26,C00313,P0072,SO04,BU3,R01,USD,1088,476.22,7.66,466.15,9.98,2.9,10.47,28.56,236.19
T0001717,O0000573,INV0000859,IL0001717,2026-03-09,2026-03-09,C00210,P0006,SO01,BU2,R01,USD,14,4.85,0.17,4.68,0.03,0.04,0.07,0.06,3.07
T0001718,O0000573,INV0000859,IL0001718,2025-04-09,2025-04-09,C00002,P0083,SO02,BU2,R01,USD,678,1587.67,42.89,1458.98,42.21,78.51,34.92,36.28,762.93
T0001719,O0000573,INV0000860,IL0001719,2026-12-07,2026-12-07,C00083,P0107,SO05,BU4,R02,USD,360,699.19,39.47,655.73,12.83,2.29,11.13,7.53,472.16
T0001720,O0000574,INV0000860,IL0001720,2026-04-14,2026-04-14,C00388,P0112,SO03,BU4,R02,USD,475,310.37,17.25,276.01,8.28,15.06,6.23,13.01,226.58
T0001721,O0000574,INV0000861,IL0001721,2025-07-28,2025-07-28,C00110,P0124,SO04,BU2,R03,USD,180,275.42,17.49,246.1,7.3,14.59,10.06,13.23,190.04
T0001722,O0000574,INV0000861,IL0001722,2025-07-01,2025-07-01,C00204,P0117,SO04,BU4,R02,USD,517,692.21,21.09,657.02,16.13,0.03,2.06,23.26,362.31
T0001723,O0000575,INV0000862,IL0001723,2025-06-10,2025-06-10,C00103,P0058,SO05,BU4,R04,USD,322,143.19,7.74,127.62,2.18,7.65,2.0,6.59,76.22
T0001724,O0000575,INV0000862,IL0001724,2025-03-06,2025-03-06,C00271,P0123,SO01,BU3,R04,USD,50,63.21,5.66,56.4,0.93,0.33,0.11,2.86,43.71
T0001725,O0000575,INV0000863,IL0001725,2026-08-19,2026-08-19,C00086,P0002,SO03,BU2,R03,USD,1080,484.06,31.67,440.04,3.87,20.51,12.03,13.69,295.66
T0001726,O0000576,INV0000863,IL0001726,2026-02-24,2026-02-24,C00060,P0118,SO02,BU1,R02,USD,236,264.51,15.7,239.06,4.6,7.76,2.61,5.86,178.27
T0001727,O0000576,INV0000864,IL0001727,2026-05-25,2026-05-25,C00092,P0005,SO05,BU1,R02,USD,810,960.82,66.87,871.4,23.69,28.21,29.35,21.59,625.74
T0001728,O0000576,INV0000864,IL0001728,2025-04-07,2025-04-07,C00071,P0083,SO05,BU3,R04,USD,428,429.07,21.76,383.44,7.28,22.48,5.89,7.32,232.81
T0001729,O0000577,INV0000865,IL0001729,2026-03-22,2026-03-22,C00322,P0003,SO05,BU3,R01,USD,620,1579.26,91.49,1459.94,28.8,38.66,39.63,63.09,821.15
T0001730,O0000577,INV0000865,IL0001730,2026-03-10,2026-03-10,C00303,P0078,SO03,BU3,R04,USD,906,1551.8,61.51,1537.48,1.01,0.33,48.53,73.83,943.56
T0001731,O0000577,INV0000866,IL0001731,2026-05-25,2026-05-25,C00131,P0144,SO02,BU4,R02,USD,1179,1106.96,30.53,1059.91,31.67,11.78,26.93,22.43,687.58
T0001732,O0000578,INV0000866,IL0001732,2026-02-25,2026-02-25,C00237,P0063,SO05,BU2,R03,USD,948,1484.28,93.5,1353.61,9.18,59.84,31.85,94.49,934.06
T0001733,O0000578,INV0000867,IL0001733,2025-10-27,2025-10-27,C00398,P0150,SO03,BU2,R03,USD,67,59.5,1.88,57.18,1.41,0.55,1.52,3.51,41.99
T0001734,O0000578,INV0000867,IL0001734,2025-12-01,2025-12-01,C00495,P0044,SO04,BU4,R04,USD,74,45.73,0.64,43.99,0.63,1.0,0.53,0.19,29.66
T0001735,O0000579,INV0000868,IL0001735,2026-07-12,2026-07-12,C00092,P0070,SO03,BU2,R02,USD,527,599.41,6.26,583.77,3.98,18.34,12.94,35.75,380.96
T0001736,O0000579,INV0000868,IL0001736,2025-02-12,2025-02-12,C00169,P0124,SO05,BU2,R01,USD,1117,1844.5,114.15,1726.05,40.78,26.57,63.05,66.86,1399.16
T0001737,O0000579,INV0000869,IL0001737,2026-03-02,2026-03-02,C00444,P0061,SO01,BU1,R02,USD,315,835.06,37.33,787.89,9.28,0.58,0.02,19.02,411.57
T0001738,O0000580,INV0000869,IL0001738,2026-02-04,2026-02-04,C00390,P0104,SO04,BU4,R03,USD,738,1403.9,2.43,1349.53,40.78,27.6,16.44,72.48,893.2
T0001739,O0000580,INV0000870,IL0001739,2025-07-16,2025-07-16,C00423,P0113,SO03,BU2,R04,USD,612,816.04,46.47,759.26,12.31,21.54,23.54,6.29,396.16
T0001740,O0000580,INV0000870,IL0001740,2026-04-29,2026-04-29,C00083,P0107,SO02,BU2,R02,USD,73,35.16,2.64,30.52,0.45,1.72,0.17,1.96,19.15
T0001741,O0000581,INV0000871,IL0001741,2025-11-07,2025-11-07,C00487,P0065,SO05,BU1,R04,USD,98,120.58,3.31,117.58,1.24,2.8,4.35,7.54,71.41
T0001742,O0000581,INV0000871,IL0001742,2025-06-18,2025-06-18,C00155,P0010,SO03,BU1,R02,USD,300,684.72,8.63,672.84,6.65,12.96,16.36,6.45,495.89
T0001743,O0000581,INV0000872,IL0001743,2026-03-12,2026-03-12,C00394,P0046,SO01,BU2,R01,USD,380,195.09,0.15,188.61,1.38,10.0,5.05,10.47,109.75
T0001744,O0000582,INV0000872,IL0001744,2025-09-22,2025-09-22,C00256,P0079,SO01,BU4,R04,USD,806,798.34,23.04,747.26,18.81,16.35,7.12,8.93,480.9
T0001745,O0000582,INV0000873,IL0001745,2025-08-26,2025-08-26,C00274,P0058,SO01,BU3,R01,USD,22,32.69,0.27,32.14,0.13,0.6,0.45,1.58,16.62
T0001746,O0000582,INV0000873,IL0001746,2026-09-03,2026-09-03,C00029,P0001,SO03,BU4,R03,USD,817,425.66,7.87,412.1,1.17,20.34,15.82,6.83,297.18
T0001747,O0000583,INV0000874,IL0001747,2026-10-18,2026-10-18,C00074,P0119,SO01,BU4,R01,USD,331,435.7,11.79,408.74,8.4,17.53,10.76,20.38,276.93
T0001748,O0000583,INV0000874,IL0001748,2025-11-25,2025-11-25,C00284,P0084,SO01,BU2,R02,USD,380,661.39,20.19,633.94,13.52,12.6,18.86,18.02,375.36
T0001749,O0000583,INV0000875,IL0001749,2026-05-30,2026-05-30,C00168,P0126,SO02,BU4,R04,USD,182,250.76,1.37,241.59,6.89,7.3,6.39,10.13,145.87
T0001750,O0000584,INV0000875,IL0001750,2025-09-22,2025-09-22,C00230,P0117,SO05,BU2,R03,USD,561,807.39,61.74,718.9,15.47,15.84,4.56,26.62,486.65
T0001751,O0000584,INV0000876,IL0001751,2025-10-30,2025-10-30,C00058,P0119,SO04,BU4,R01,USD,739,1278.62,89.8,1132.22,37.59,32.31,13.3,47.79,917.12
T0001752,O0000584,INV0000876,IL0001752,2025-02-07,2025-02-07,C00171,P0060,SO01,BU4,R02,USD,1055,1694.96,37.67,1636.28,6.35,20.3,5.64,78.85,1187.33
T0001753,O0000585,INV0000877,IL0001753,2025-09-03,2025-09-03,C00423,P0134,SO05,BU4,R04,USD,383,505.71,1.89,485.28,7.2,14.88,3.54,2.32,372.11
T0001754,O0000585,INV0000877,IL0001754,2025-06-28,2025-06-28,C00246,P0140,SO01,BU4,R03,USD,412,84.75,7.01,75.37,1.11,1.47,0.21,2.35,44.99
T0001755,O0000585,INV0000878,IL0001755,2025-11-10,2025-11-10,C00210,P0084,SO02,BU3,R01,USD,680,1445.88,69.78,1306.32,34.95,40.7,5.87,9.82,922.57
T0001756,O0000586,INV0000878,IL0001756,2026-03-12,2026-03-12,C00352,P0123,SO02,BU3,R04,USD,609,563.63,21.5,542.54,1.48,14.85,16.74,22.5,417.87
T0001757,O0000586,INV0000879,IL0001757,2026-02-12,2026-02-12,C00302,P0017,SO05,BU2,R03,USD,469,347.25,13.75,328.73,6.12,10.99,12.34,9.9,227.85
T0001758,O0000586,INV0000879,IL0001758,2025-12-16,2025-12-16,C00027,P0148,SO04,BU3,R02,USD,69,139.44,1.56,134.08,2.23,4.25,2.68,4.99,89.48
T0001759,O0000587,INV0000880,IL0001759,2025-08-28,2025-08-28,C00427,P0088,SO01,BU2,R02,USD,204,420.32,22.71,395.59,5.16,12.07,15.21,8.16,221.78
T0001760,O0000587,INV0000880,IL0001760,2025-10-11,2025-10-11,C00377,P0132,SO02,BU1,R01,USD,619,1134.87,106.58,982.1,28.58,38.39,20.78,11.73,662.54
T0001761,O0000587,INV0000881,IL0001761,2026-01-15,2026-01-15,C00422,P0126,SO01,BU3,R03,USD,1179,1309.4,68.08,1194.88,37.14,53.43,44.13,12.0,647.34
T0001762,O0000588,INV0000881,IL0001762,2026-03-28,2026-03-28,C00382,P0150,SO05,BU3,R03,USD,1113,2010.75,180.4,1752.54,51.02,92.74,65.95,66.3,1133.63
T0001763,O0000588,INV0000882,IL0001763,2026-10-17,2026-10-17,C00312,P0116,SO03,BU3,R04,USD,956,208.79,6.85,202.92,3.64,3.44,8.06,11.52,154.32
T0001764,O0000588,INV0000882,IL0001764,2025-09-30,2025-09-30,C00407,P0053,SO04,BU2,R04,USD,1026,2268.18,36.26,2051.22,67.7,122.51,9.51,31.25,1204.46
T0001765,O0000589,INV0000883,IL0001765,2025-01-31,2025-01-31,C00108,P0136,SO02,BU1,R02,USD,709,1551.15,131.68,1422.42,5.31,6.99,15.25,48.96,1172.82
T0001766,O0000589,INV0000883,IL0001766,2026-07-06,2026-07-06,C00041,P0071,SO01,BU3,R01,USD,1190,250.26,20.55,224.85,5.54,8.5,9.18,11.33,187.82
T0001767,O0000589,INV0000884,IL0001767,2026-10-08,2026-10-08,C00434,P0043,SO04,BU4,R01,USD,921,1316.66,6.19,1279.83,12.47,40.57,22.4,18.61,787.93
T0001768,O0000590,INV0000884,IL0001768,2026-01-18,2026-01-18,C00046,P0081,SO02,BU1,R03,USD,1112,2429.5,183.32,2186.94,33.87,100.08,74.71,29.88,1621.21
T0001769,O0000590,INV0000885,IL0001769,2026-11-21,2026-11-21,C00203,P0006,SO04,BU4,R02,USD,259,444.7,35.01,417.81,1.06,6.08,15.26,16.77,229.1
T0001770,O0000590,INV0000885,IL0001770,2026-05-01,2026-05-01,C00158,P0035,SO01,BU3,R03,USD,725,365.25,26.43,344.93,0.46,1.19,7.76,19.26,259.83
T0001771,O0000591,INV0000886,IL0001771,2026-05-30,2026-05-30,C00368,P0032,SO02,BU2,R04,USD,590,622.51,54.74,542.85,5.59,24.47,5.14,13.04,310.95
T0001772,O0000591,INV0000886,IL0001772,2026-12-15,2026-12-15,C00408,P0136,SO01,BU4,R04,USD,431,513.84,20.66,491.03,14.11,2.23,14.19,20.61,319.97
T0001773,O0000591,INV0000887,IL0001773,2026-08-05,2026-08-05,C00126,P0054,SO02,BU4,R03,USD,505,1167.51,7.05,1153.8,0.25,21.44,15.03,60.68,846.06
T0001774,O0000592,INV0000887,IL0001774,2026-03-17,2026-03-17,C00047,P0094,SO05,BU2,R04,USD,932,1824.2,15.68,1778.91,18.3,38.71,27.4,70.74,1174.31
T0001775,O0000592,INV0000888,IL0001775,2026-01-01,2026-01-01,C00178,P0030,SO04,BU4,R01,USD,787,751.43,29.52,708.88,15.3,1.76,4.03,11.91,467.58
T0001776,O0000592,INV0000888,IL0001776,2026-05-13,2026-05-13,C00094,P0117,SO01,BU1,R03,USD,334,545.89,23.03,499.06,12.54,11.36,0.1,10.31,401.75
T0001777,O0000593,INV0000889,IL0001777,2026-06-18,2026-06-18,C00043,P0097,SO04,BU1,R02,USD,535,194.42,13.7,178.77,2.4,0.37,0.82,5.78,147.71
T0001778,O0000593,INV0000889,IL0001778,2025-11-28,2025-11-28,C00325,P0053,SO01,BU3,R03,USD,1106,2774.73,176.14,2452.01,24.94,126.4,4.76,21.36,1621.9
T0001779,O0000593,INV0000890,IL0001779,2025-07-13,2025-07-13,C00343,P0144,SO03,BU2,R04,USD,12,6.5,0.64,5.92,0.0,0.05,0.11,0.39,3.89
T0001780,O0000594,INV0000890,IL0001780,2026-06-06,2026-06-06,C00447,P0027,SO04,BU1,R04,USD,540,1072.49,48.61,998.11,17.02,34.15,25.4,64.74,753.31
T0001781,O0000594,INV0000891,IL0001781,2026-08-13,2026-08-13,C00211,P0148,SO02,BU2,R02,USD,866,1301.08,33.84,1216.84,29.52,65.65,44.77,58.95,852.83
T0001782,O0000594,INV0000891,IL0001782,2025-01-04,2025-01-04,C00292,P0045,SO01,BU2,R02,USD,1045,1685.27,144.63,1497.59,47.45,47.19,51.59,79.08,1220.01
T0001783,O0000595,INV0000892,IL0001783,2025-12-26,2025-12-26,C00058,P0061,SO01,BU3,R01,USD,1111,2420.65,109.82,2258.73,61.43,16.41,25.74,101.48,1295.13
T0001784,O0000595,INV0000892,IL0001784,2026-03-12,2026-03-12,C00413,P0142,SO03,BU2,R03,USD,255,582.98,44.16,515.91,14.68,26.32,18.09,1.27,404.81
T0001785,O0000595,INV0000893,IL0001785,2025-11-09,2025-11-09,C00485,P0054,SO04,BU3,R03,USD,1041,2299.78,207.24,2074.77,35.0,26.0,43.23,52.16,1523.68
T0001786,O0000596,INV0000893,IL0001786,2026-06-09,2026-06-09,C00114,P0060,SO02,BU3,R01,USD,838,786.21,37.34,744.99,0.33,10.86,7.31,0.65,379.24
T0001787,O0000596,INV0000894,IL0001787,2025-04-26,2025-04-26,C00483,P0090,SO02,BU3,R02,USD,1059,2525.93,220.6,2218.9,73.45,25.88,12.9,41.08,1306.68
T0001788,O0000596,INV0000894,IL0001788,2025-06-20,2025-06-20,C00497,P0011,SO04,BU1,R01,USD,148,285.55,4.87,266.16,7.45,14.05,6.98,6.63,194.96
T0001789,O0000597,INV0000895,IL0001789,2026-04-18,2026-04-18,C00069,P0002,SO04,BU1,R03,USD,582,207.77,1.18,201.38,4.3,7.88,6.97,7.96,115.56
T0001790,O0000597,INV0000895,IL0001790,2025-06-13,2025-06-13,C00139,P0096,SO03,BU4,R02,USD,1138,2159.36,12.85,2050.6,31.27,73.17,8.53,20.73,1420.0
T0001791,O0000597,INV0000896,IL0001791,2025-10-11,2025-10-11,C00279,P0120,SO01,BU1,R04,USD,1152,1667.4,124.12,1453.04,49.17,79.38,38.31,18.05,895.91
T0001792,O0000598,INV0000896,IL0001792,2025-03-22,2025-03-22,C00254,P0077,SO05,BU1,R03,USD,389,370.83,9.83,341.1,9.9,13.17,3.17,2.58,221.53
T0001793,O0000598,INV0000897,IL0001793,2026-09-29,2026-09-29,C00027,P0010,SO02,BU3,R02,USD,635,762.95,32.93,719.74,15.74,9.03,14.49,20.12,398.11
T0001794,O0000598,INV0000897,IL0001794,2026-12-13,2026-12-13,C00335,P0044,SO02,BU2,R04,USD,320,723.2,2.3,693.42,7.27,31.52,11.31,35.02,509.66
T0001795,O0000599,INV0000898,IL0001795,2025-03-13,2025-03-13,C00293,P0093,SO02,BU3,R03,USD,848,2322.67,135.5,2183.29,0.7,59.38,56.2,14.64,1134.41
T0001796,O0000599,INV0000898,IL0001796,2025-09-07,2025-09-07,C00070,P0086,SO04,BU3,R03,USD,35,8.73,0.4,8.39,0.16,0.04,0.26,0.27,4.27
T0001797,O0000599,INV0000899,IL0001797,2025-06-14,2025-06-14,C00048,P0028,SO02,BU3,R04,USD,1117,2625.73,148.71,2358.16,58.55,68.25,7.94,23.53,1546.97
T0001798,O0000600,INV0000899,IL0001798,2025-05-03,2025-05-03,C00013,P0065,SO01,BU3,R03,USD,582,1260.09,99.84,1123.23,37.76,7.69,8.43,75.83,889.84
T0001799,O0000600,INV0000900,IL0001799,2026-05-01,2026-05-01,C00428,P0002,SO05,BU3,R02,USD,535,533.98,21.74,497.06,15.75,4.25,4.82,29.81,301.39
T0001800,O0000600,INV0000900,IL0001800,2025-05-15,2025-05-15,C00095,P0093,SO05,BU1,R04,USD,200,382.0,0.59,381.96,3.92,4.51,8.98,3.79,264.15
T0001801,O0000601,INV0000901,IL0001801,2026-11-12,2026-11-12,C00374,P0005,SO04,BU3,R03,USD,566,562.94,46.35,492.49,13.47,14.69,4.06,7.18,367.47
T0001802,O0000601,INV0000901,IL0001802,2025-07-07,2025-07-07,C00216,P0091,SO01,BU3,R04,USD,203,158.3,2.07,152.44,1.94,5.67,3.82,5.95,89.29
T0001803,O0000601,INV0000902,IL0001803,2026-11-25,2026-11-25,C00069,P0070,SO02,BU4,R03,USD,745,1296.45,45.47,1232.25,14.87,9.37,5.51,27.57,864.57
T0001804,O0000602,INV0000902,IL0001804,2026-07-04,2026-07-04,C00298,P0024,SO01,BU2,R01,USD,890,1444.56,58.45,1365.64,32.83,22.69,35.05,39.54,910.13
T0001805,O0000602,INV0000903,IL0001805,2026-05-06,2026-05-06,C00285,P0110,SO02,BU1,R03,USD,872,452.39,20.97,404.32,13.56,22.59,9.05,12.91,251.25
T0001806,O0000602,INV0000903,IL0001806,2025-01-25,2025-01-25,C00262,P0060,SO05,BU3,R03,USD,1151,3207.84,313.32,2915.65,10.54,5.74,37.41,26.66,2299.97
T0001807,O0000603,INV0000904,IL0001807,2026-03-24,2026-03-24,C00154,P0012,SO02,BU2,R01,USD,836,1425.63,103.51,1285.86,22.63,64.6,50.97,35.38,1073.29
T0001808,O0000603,INV0000904,IL0001808,2026-10-03,2026-10-03,C00066,P0051,SO01,BU3,R01,USD,481,444.4,11.96,432.53,5.83,10.98,16.9,3.55,276.05
T0001809,O0000603,INV0000905,IL0001809,2026-08-11,2026-08-11,C00495,P0136,SO04,BU2,R04,USD,662,604.01,11.32,581.01,12.95,0.32,1.59,30.24,318.08
T0001810,O0000604,INV0000905,IL0001810,2026-05-19,2026-05-19,C00352,P0038,SO01,BU1,R04,USD,745,1929.62,0.29,1898.87,12.05,23.12,4.71,68.99,936.04
T0001811,O0000604,INV0000906,IL0001811,2025-09-12,2025-09-12,C00407,P0075,SO03,BU1,R04,USD,938,768.13,8.54,755.24,0.11,21.81,17.57,52.83,536.06
T0001812,O0000604,INV0000906,IL0001812,2025-05-05,2025-05-05,C00130,P0031,SO03,BU1,R01,USD,15,3.63,0.35,3.22,0.09,0.08,0.11,0.18,2.38
T0001813,O0000605,INV0000907,IL0001813,2025-05-23,2025-05-23,C00351,P0127,SO02,BU3,R04,USD,945,2042.71,118.88,1863.73,32.6,86.88,59.38,80.6,1403.76
T0001814,O0000605,INV0000907,IL0001814,2026-02-02,2026-02-02,C00005,P0139,SO01,BU3,R03,USD,624,1017.56,85.74,918.51,2.51,47.83,37.03,64.29,609.59
T0001815,O0000605,INV0000908,IL0001815,2026-02-02,2026-02-02,C00126,P0011,SO02,BU2,R03,USD,57,150.48,12.28,133.67,4.39,4.26,4.12,1.11,82.72
T0001816,O0000606,INV0000908,IL0001816,2025-04-10,2025-04-10,C00371,P0063,SO05,BU3,R02,USD,178,473.82,24.8,456.85,1.21,2.41,11.45,22.2,313.11
T0001817,O0000606,INV0000909,IL0001817,2025-12-04,2025-12-04,C00257,P0037,SO04,BU3,R01,USD,642,372.81,0.68,358.43,7.11,16.5,9.91,5.1,186.09
T0001818,O0000606,INV0000909,IL0001818,2025-09-02,2025-09-02,C00143,P0106,SO04,BU2,R04,USD,71,97.42,3.65,89.99,1.68,3.2,1.1,1.72,71.05
T0001819,O0000607,INV0000910,IL0001819,2026-02-19,2026-02-19,C00222,P0114,SO05,BU1,R03,USD,119,51.77,2.85,46.71,0.41,1.83,0.03,2.52,26.87
T0001820,O0000607,INV0000910,IL0001820,2025-04-04,2025-04-04,C00353,P0130,SO05,BU1,R01,USD,292,561.37,28.82,520.56,10.05,23.68,21.74,32.46,292.92
T0001821,O0000607,INV0000911,IL0001821,2025-05-25,2025-05-25,C00018,P0136,SO02,BU4,R01,USD,1035,2638.11,131.08,2370.56,54.52,131.29,49.34,59.49,1849.6
T0001822,O0000608,INV0000911,IL0001822,2025-07-17,2025-07-17,C00211,P0080,SO01,BU2,R02,USD,465,511.36,23.24,498.22,0.13,2.45,12.68,19.53,387.56
T0001823,O0000608,INV0000912,IL0001823,2025-05-23,2025-05-23,C00283,P0085,SO04,BU4,R02,USD,1134,555.89,23.27,540.1,1.16,5.4,14.04,21.34,317.78
T0001824,O0000608,INV0000912,IL0001824,2025-10-21,2025-10-21,C00341,P0102,SO04,BU4,R03,USD,74,25.34,1.52,23.69,0.17,0.37,0.41,0.21,12.54
T0001825,O0000609,INV0000913,IL0001825,2025-09-06,2025-09-06,C00268,P0037,SO05,BU3,R02,USD,187,48.45,3.5,45.31,1.08,0.47,1.91,2.33,24.98
T0001826,O0000609,INV0000913,IL0001826,2026-10-05,2026-10-05,C00219,P0018,SO02,BU4,R02,USD,193,99.2,6.5,90.5,0.79,2.9,1.49,2.72,61.44
T0001827,O0000609,INV0000914,IL0001827,2025-11-29,2025-11-29,C00115,P0067,SO05,BU2,R02,USD,791,1674.39,162.52,1489.83,15.34,16.37,9.67,102.99,1009.9
T0001828,O0000610,INV0000914,IL0001828,2026-10-12,2026-10-12,C00154,P0099,SO01,BU1,R01,USD,229,421.54,14.03,408.39,0.09,11.57,12.54,5.86,276.22
T0001829,O0000610,INV0000915,IL0001829,2025-11-13,2025-11-13,C00252,P0039,SO04,BU1,R02,USD,491,546.88,52.56,474.61,1.36,30.05,11.7,10.56,287.49
T0001830,O0000610,INV0000915,IL0001830,2025-04-14,2025-04-14,C00384,P0033,SO05,BU3,R04,USD,385,474.55,46.83,411.72,7.25,22.11,13.36,10.12,279.26
T0001831,O0000611,INV0000916,IL0001831,2026-12-17,2026-12-17,C00401,P0103,SO05,BU1,R01,USD,276,253.12,1.94,240.85,7.04,12.24,8.95,9.2,150.47
T0001832,O0000611,INV0000916,IL0001832,2026-06-07,2026-06-07,C00439,P0070,SO05,BU4,R04,USD,610,880.66,73.08,784.59,17.5,28.0,22.51,2.0,511.88
T0001833,O0000611,INV0000917,IL0001833,2025-04-22,2025-04-22,C00413,P0131,SO05,BU2,R03,USD,1035,1749.36,173.79,1534.32,51.09,12.08,21.92,22.5,972.86
T0001834,O0000612,INV0000917,IL0001834,2025-02-24,2025-02-24,C00158,P0108,SO03,BU1,R03,USD,1131,663.67,7.33,637.24,1.73,28.86,11.49,32.93,365.53
T0001835,O0000612,INV0000918,IL0001835,2025-12-31,2025-12-31,C00084,P0092,SO04,BU1,R02,USD,1187,2703.63,4.65,2650.45,32.42,102.74,86.63,16.32,1784.37
T0001836,O0000612,INV0000918,IL0001836,2025-05-07,2025-05-07,C00052,P0127,SO02,BU3,R02,USD,1129,1862.51,98.94,1787.23,25.9,0.26,49.82,28.19,1015.78
T0001837,O0000613,INV0000919,IL0001837,2026-11-25,2026-11-25,C00301,P0074,SO02,BU1,R03,USD,1039,2423.78,175.49,2250.61,38.41,36.96,77.69,156.45,1527.75
T0001838,O0000613,INV0000919,IL0001838,2026-02-19,2026-02-19,C00133,P0005,SO02,BU4,R03,USD,211,498.0,49.45,458.91,2.72,4.41,17.49,21.09,282.41
T0001839,O0000613,INV0000920,IL0001839,2025-10-13,2025-10-13,C00043,P0048,SO03,BU4,R02,USD,70,34.74,1.39,32.34,0.32,1.42,0.73,2.14,16.72
T0001840,O0000614,INV0000920,IL0001840,2026-05-24,2026-05-24,C00073,P0026,SO02,BU1,R01,USD,798,256.32,1.5,241.55,1.25,14.09,2.07,9.31,165.71
T0001841,O0000614,INV0000921,IL0001841,2026-08-30,2026-08-30,C00319,P0013,SO03,BU3,R04,USD,193,450.91,1.46,458.78,0.18,7.39,16.9,7.73,319.12
T0001842,O0000614,INV0000921,IL0001842,2026-12-08,2026-12-08,C00255,P0026,SO04,BU3,R04,USD,965,2136.8,118.54,2002.9,2.92,88.05,75.61,123.95,1478.98
T0001843,O0000615,INV0000922,IL0001843,2025-06-09,2025-06-09,C00390,P0091,SO05,BU4,R03,USD,114,240.21,6.21,235.45,4.19,3.76,9.4,8.63,146.69
T0001844,O0000615,INV0000922,IL0001844,2026-01-09,2026-01-09,C00472,P0003,SO04,BU4,R04,USD,167,121.93,5.34,115.66,0.82,3.55,3.44,7.47,59.3
T0001845,O0000615,INV0000923,IL0001845,2026-07-26,2026-07-26,C00271,P0114,SO02,BU1,R04,USD,17,24.47,1.91,22.26,0.44,0.08,0.22,0.65,12.51
T0001846,O0000616,INV0000923,IL0001846,2026-03-13,2026-03-13,C00015,P0142,SO02,BU1,R04,USD,237,535.74,25.18,497.67,13.42,3.82,4.35,26.41,346.52
T0001847,O0000616,INV0000924,IL0001847,2026-10-11,2026-10-11,C00197,P0065,SO01,BU4,R03,USD,1014,2280.49,122.11,2023.82,33.19,105.05,3.68,79.29,1655.47
T0001848,O0000616,INV0000924,IL0001848,2025-04-19,2025-04-19,C00461,P0002,SO01,BU2,R03,USD,597,979.44,65.99,886.46,21.05,19.73,13.79,31.06,707.94
T0001849,O0000617,INV0000925,IL0001849,2025-01-16,2025-01-16,C00087,P0066,SO05,BU2,R04,USD,407,940.86,12.7,859.65,24.74,49.88,6.11,23.51,668.75
T0001850,O0000617,INV0000925,IL0001850,2025-02-08,2025-02-08,C00405,P0099,SO05,BU4,R03,USD,793,1310.43,110.98,1142.26,10.2,48.03,1.04,54.55,922.85
T0001851,O0000617,INV0000926,IL0001851,2026-01-01,2026-01-01,C00034,P0112,SO05,BU4,R01,USD,252,210.82,17.91,189.21,5.78,4.23,6.31,1.88,152.99
T0001852,O0000618,INV0000926,IL0001852,2025-11-26,2025-11-26,C00029,P0030,SO04,BU2,R03,USD,620,1474.73,57.28,1354.84,0.2,75.25,12.84,92.87,858.17
T0001853,O0000618,INV0000927,IL0001853,2026-10-27,2026-10-27,C00268,P0067,SO01,BU2,R02,USD,587,1435.57,100.89,1305.52,29.92,48.95,49.71,26.37,921.36
T0001854,O0000618,INV0000927,IL0001854,2025-10-27,2025-10-27,C00258,P0017,SO03,BU4,R01,USD,58,12.02,1.1,10.64,0.27,0.4,0.39,0.24,8.51
T0001855,O0000619,INV0000928,IL0001855,2025-08-23,2025-08-23,C00024,P0038,SO04,BU4,R04,USD,764,1997.1,75.3,1851.86,43.12,83.88,57.06,90.52,1511.74
T0001856,O0000619,INV0000928,IL0001856,2026-02-18,2026-02-18,C00366,P0063,SO03,BU4,R03,USD,685,548.82,30.18,525.27,1.54,9.84,18.01,10.15,398.73
T0001857,O0000619,INV0000929,IL0001857,2026-05-26,2026-05-26,C00216,P0067,SO05,BU1,R04,USD,1014,1551.32,125.41,1323.86,36.64,73.0,7.59,51.14,949.86
T0001858,O0000620,INV0000929,IL0001858,2025-11-25,2025-11-25,C00382,P0029,SO05,BU1,R03,USD,1128,2523.34,228.57,2190.27,68.71,45.73,9.94,57.05,1376.68
T0001859,O0000620,INV0000930,IL0001859,2026-07-31,2026-07-31,C00255,P0130,SO04,BU4,R04,USD,709,813.44,12.59,776.21,20.84,28.61,24.81,25.1,575.42
T0001860,O0000620,INV0000930,IL0001860,2025-08-21,2025-08-21,C00376,P0099,SO01,BU1,R04,USD,324,314.05,9.19,287.81,7.15,14.55,4.65,15.58,175.38
T0001861,O0000621,INV0000931,IL0001861,2026-04-25,2026-04-25,C00073,P0010,SO02,BU4,R01,USD,142,192.96,0.53,186.05,1.18,8.78,3.58,10.49,112.16
T0001862,O0000621,INV0000931,IL0001862,2026-10-30,2026-10-30,C00247,P0137,SO03,BU4,R04,USD,995,1944.63,11.9,1969.14,5.7,34.02,76.13,107.01,1222.05
T0001863,O0000621,INV0000932,IL0001863,2026-03-29,2026-03-29,C00152,P0019,SO05,BU2,R04,USD,1040,2538.22,179.12,2270.89,51.15,53.51,16.45,41.26,1341.13
T0001864,O0000622,INV0000932,IL0001864,2026-02-08,2026-02-08,C00351,P0136,SO03,BU1,R04,USD,312,800.5,14.88,761.46,12.4,13.22,1.46,13.36,477.62
T0001865,O0000622,INV0000933,IL0001865,2025-01-11,2025-01-11,C00229,P0097,SO02,BU3,R03,USD,304,442.9,2.99,429.78,11.09,5.03,5.99,29.09,302.7
T0001866,O0000622,INV0000933,IL0001866,2026-02-15,2026-02-15,C00244,P0107,SO05,BU1,R02,USD,743,1331.46,29.01,1272.97,21.13,52.87,44.52,36.22,865.54
T0001867,O0000623,INV0000934,IL0001867,2026-11-19,2026-11-19,C00356,P0008,SO04,BU1,R02,USD,1068,2811.51,147.13,2545.97,33.18,105.06,19.83,139.04,1895.8
T0001868,O0000623,INV0000934,IL0001868,2025-08-29,2025-08-29,C00133,P0002,SO02,BU4,R03,USD,62,124.94,11.79,110.9,2.26,0.99,1.0,0.65,74.6
T0001869,O0000623,INV0000935,IL0001869,2025-12-02,2025-12-02,C00306,P0116,SO04,BU2,R01,USD,537,1210.02,38.03,1118.05,24.75,49.11,19.92,37.07,600.38
T0001870,O0000624,INV0000935,IL0001870,2026-09-02,2026-09-02,C00452,P0119,SO01,BU4,R02,USD,704,773.84,12.29,743.53,19.75,24.97,26.7,40.66,423.71
T0001871,O0000624,INV0000936,IL0001871,2025-09-23,2025-09-23,C00076,P0047,SO01,BU4,R02,USD,440,1089.88,81.7,968.1,4.26,43.68,7.86,11.89,738.64
T0001872,O0000624,INV0000936,IL0001872,2026-10-21,2026-10-21,C00076,P0124,SO04,BU4,R02,USD,227,502.44,42.0,439.78,12.51,18.0,9.85,29.82,326.53
T0001873,O0000625,INV0000937,IL0001873,2025-04-20,2025-04-20,C00217,P0043,SO02,BU2,R01,USD,613,368.29,32.52,338.14,4.11,5.85,12.33,13.1,218.46
T0001874,O0000625,INV0000937,IL0001874,2025-02-03,2025-02-03,C00192,P0045,SO04,BU4,R04,USD,880,2403.1,1.89,2270.47,42.14,106.59,17.99,118.7,1758.05
T0001875,O0000625,INV0000938,IL0001875,2026-08-06,2026-08-06,C00407,P0141,SO01,BU1,R04,USD,205,582.55,51.88,526.26,3.22,12.74,11.55,15.56,292.25
T0001876,O0000626,INV0000938,IL0001876,2025-01-26,2025-01-26,C00445,P0019,SO05,BU3,R03,USD,961,2439.98,185.31,2086.87,67.46,108.19,7.85,65.1,1802.36
T0001877,O0000626,INV0000939,IL0001877,2025-02-10,2025-02-10,C00455,P0088,SO01,BU1,R04,USD,77,73.73,1.46,69.01,0.41,3.39,0.54,1.82,54.32
T0001878,O0000626,INV0000939,IL0001878,2025-08-18,2025-08-18,C00437,P0029,SO05,BU3,R03,USD,337,567.41,44.4,520.7,7.37,7.54,12.6,34.91,358.14
T0001879,O0000627,INV0000940,IL0001879,2025-02-03,2025-02-03,C00380,P0102,SO01,BU3,R02,USD,542,185.64,16.35,166.93,3.43,6.26,7.33,8.17,106.0
T0001880,O0000627,INV0000940,IL0001880,2025-08-13,2025-08-13,C00378,P0058,SO05,BU1,R01,USD,956,1960.66,194.36,1685.78,29.01,58.33,6.82,13.91,1432.35
T0001881,O0000627,INV0000941,IL0001881,2026-02-01,2026-02-01,C00114,P0090,SO02,BU2,R01,USD,621,1728.31,97.34,1626.55,22.26,11.92,29.76,44.99,1032.73
T0001882,O0000628,INV0000941,IL0001882,2025-12-06,2025-12-06,C00422,P0044,SO05,BU3,R03,USD,350,579.74,17.61,532.52,17.0,18.75,6.14,21.86,399.85
T0001883,O0000628,INV0000942,IL0001883,2025-01-24,2025-01-24,C00232,P0001,SO02,BU1,R04,USD,1128,1512.65,123.44,1351.0,19.0,41.2,21.99,82.37,900.9
T0001884,O0000628,INV0000942,IL0001884,2025-06-23,2025-06-23,C00023,P0140,SO01,BU1,R04,USD,221,373.2,31.44,341.67,1.92,0.95,2.78,8.88,187.26
T0001885,O0000629,INV0000943,IL0001885,2025-11-03,2025-11-03,C00452,P0061,SO05,BU4,R02,USD,76,70.39,3.82,62.87,1.93,2.26,0.49,4.21,36.88
T0001886,O0000629,INV0000943,IL0001886,2025-09-11,2025-09-11,C00106,P0045,SO01,BU1,R01,USD,353,294.15,1.98,292.43,1.36,6.05,7.67,17.47,168.49
T0001887,O0000629,INV0000944,IL0001887,2025-03-02,2025-03-02,C00059,P0058,SO01,BU3,R02,USD,590,623.81,44.78,564.57,16.8,7.76,10.1,21.91,387.51
T0001888,O0000630,INV0000944,IL0001888,2026-07-28,2026-07-28,C00146,P0054,SO05,BU4,R01,USD,406,891.58,21.9,840.61,23.41,14.44,8.78,34.84,657.41
T0001889,O0000630,INV0000945,IL0001889,2025-05-16,2025-05-16,C00004,P0138,SO01,BU1,R02,USD,720,1214.5,89.92,1078.89,36.43,15.4,6.14,20.35,911.43
T0001890,O0000630,INV0000945,IL0001890,2025-10-04,2025-10-04,C00047,P0042,SO04,BU3,R04,USD,127,173.53,5.78,167.71,3.12,2.99,6.07,1.57,112.5
T0001891,O0000631,INV0000946,IL0001891,2025-02-27,2025-02-27,C00061,P0037,SO03,BU4,R03,USD,1026,1284.55,9.67,1229.9,17.72,41.54,14.28,1.28,640.17
T0001892,O0000631,INV0000946,IL0001892,2025-07-06,2025-07-06,C00305,P0069,SO03,BU3,R01,USD,1169,844.49,37.84,773.67,15.76,37.01,19.79,24.17,448.11
T0001893,O0000631,INV0000947,IL0001893,2026-12-21,2026-12-21,C00118,P0026,SO01,BU4,R03,USD,772,617.45,24.75,552.95,17.49,29.03,6.77,25.85,351.44
T0001894,O0000632,INV0000947,IL0001894,2026-06-05,2026-06-05,C00323,P0103,SO04,BU1,R02,USD,794,361.03,32.7,309.21,7.59,17.68,6.15,16.59,218.64
T0001895,O0000632,INV0000948,IL0001895,2025-01-28,2025-01-28,C00003,P0147,SO04,BU3,R02,USD,334,648.56,57.03,566.29,17.56,11.25,3.57,6.59,322.4
T0001896,O0000632,INV0000948,IL0001896,2025-04-19,2025-04-19,C00033,P0091,SO03,BU4,R01,USD,689,776.43,24.67,719.04,6.31,30.74,4.33,5.29,499.19
T0001897,O0000633,INV0000949,IL0001897,2025-09-01,2025-09-01,C00342,P0013,SO02,BU1,R03,USD,914,1348.42,79.73,1256.2,25.8,19.35,32.66,60.89,695.13
T0001898,O0000633,INV0000949,IL0001898,2025-09-15,2025-09-15,C00441,P0034,SO05,BU1,R01,USD,201,305.44,7.22,288.42,7.5,10.55,8.25,10.9,206.51
T0001899,O0000633,INV0000950,IL0001899,2025-04-23,2025-04-23,C00303,P0047,SO01,BU1,R04,USD,629,1409.15,68.08,1322.67,1.75,38.19,21.54,89.04,903.1
T0001900,O0000634,INV0000950,IL0001900,2025-08-29,2025-08-29,C00388,P0044,SO04,BU3,R02,USD,1153,1531.3,14.59,1407.38,40.09,79.4,10.16,53.48,935.37
T0001901,O0000634,INV0000951,IL0001901,2025-10-24,2025-10-24,C00492,P0111,SO04,BU1,R02,USD,127,322.41,10.75,302.36,4.87,13.91,9.48,17.56,202.64
T0001902,O0000634,INV0000951,IL0001902,2026-07-09,2026-07-09,C00088,P0083,SO04,BU2,R04,USD,988,533.92,42.1,485.11,0.29,14.92,8.5,19.85,275.02
T0001903,O0000635,INV0000952,IL0001903,2025-06-22,2025-06-22,C00186,P0079,SO02,BU3,R01,USD,663,1424.19,11.42,1383.59,25.02,13.22,9.06,33.93,756.81
T0001904,O0000635,INV0000952,IL0001904,2025-04-19,2025-04-19,C00274,P0047,SO02,BU4,R01,USD,840,528.02,46.62,480.33,4.75,5.0,8.68,8.47,340.53
T0001905,O0000635,INV0000953,IL0001905,2025-07-04,2025-07-04,C00331,P0004,SO03,BU3,R02,USD,357,820.06,20.15,799.02,6.73,12.97,18.81,44.08,530.03
T0001906,O0000636,INV0000953,IL0001906,2026-09-13,2026-09-13,C00360,P0107,SO03,BU1,R04,USD,358,859.2,38.1,807.82,3.46,18.83,9.01,19.38,612.35
T0001907,O0000636,INV0000954,IL0001907,2025-02-23,2025-02-23,C00493,P0149,SO02,BU4,R03,USD,891,622.36,4.15,580.92,15.61,22.15,0.47,3.04,339.09
T0001908,O0000636,INV0000954,IL0001908,2025-03-28,2025-03-28,C00295,P0057,SO03,BU4,R04,USD,769,1705.1,91.86,1646.15,9.09,15.04,57.04,109.43,863.16
T0001909,O0000637,INV0000955,IL0001909,2025-08-16,2025-08-16,C00196,P0002,SO02,BU2,R02,USD,869,2395.66,223.22,2101.67,10.32,64.02,3.57,58.88,1418.21
T0001910,O0000637,INV0000955,IL0001910,2026-12-03,2026-12-03,C00384,P0108,SO02,BU2,R04,USD,980,2729.2,237.52,2484.28,32.01,32.78,57.39,1.8,2027.88
T0001911,O0000637,INV0000956,IL0001911,2026-08-10,2026-08-10,C00167,P0059,SO05,BU3,R04,USD,365,260.5,11.04,241.41,3.48,6.1,1.53,1.88,141.3
T0001912,O0000638,INV0000956,IL0001912,2025-07-22,2025-07-22,C00403,P0106,SO04,BU4,R02,USD,35,66.38,5.26,60.56,0.52,2.6,2.56,3.98,37.43
T0001913,O0000638,INV0000957,IL0001913,2025-04-12,2025-04-12,C00200,P0090,SO04,BU1,R04,USD,599,293.81,22.0,268.0,4.05,7.5,7.74,6.79,172.98
T0001914,O0000638,INV0000957,IL0001914,2026-03-07,2026-03-07,C00458,P0009,SO04,BU2,R01,USD,436,998.18,60.33,911.64,5.39,53.51,32.69,51.62,725.08
T0001915,O0000639,INV0000958,IL0001915,2026-04-30,2026-04-30,C00168,P0088,SO04,BU4,R04,USD,1057,1743.84,3.45,1697.93,4.53,81.16,43.23,20.49,1112.74
T0001916,O0000639,INV0000958,IL0001916,2026-12-16,2026-12-16,C00094,P0011,SO01,BU2,R03,USD,597,1000.69,44.56,964.18,8.0,14.71,30.76,18.13,527.46
T0001917,O0000639,INV0000959,IL0001917,2026-03-15,2026-03-15,C00400,P0086,SO02,BU3,R04,USD,1036,2465.58,141.18,2189.1,33.18,103.18,1.06,44.96,1431.27
T0001918,O0000640,INV0000959,IL0001918,2026-07-03,2026-07-03,C00190,P0058,SO03,BU1,R03,USD,290,375.87,21.34,344.66,3.17,9.67,2.97,17.04,226.08
T0001919,O0000640,INV0000960,IL0001919,2025-03-06,2025-03-06,C00335,P0004,SO01,BU1,R04,USD,704,553.7,48.42,501.78,10.4,9.53,16.43,3.21,307.31
T0001920,O0000640,INV0000960,IL0001920,2025-10-13,2025-10-13,C00121,P0083,SO04,BU3,R01,USD,42,101.22,0.33,96.17,2.37,2.66,0.31,0.34,67.63
T0001921,O0000641,INV0000961,IL0001921,2026-05-16,2026-05-16,C00434,P0106,SO04,BU4,R01,USD,611,472.36,23.86,432.86,12.85,6.8,4.01,22.05,233.51
T0001922,O0000641,INV0000961,IL0001922,2025-03-26,2025-03-26,C00278,P0116,SO02,BU4,R03,USD,861,744.42,30.83,686.87,10.44,27.82,11.54,26.61,406.06
T0001923,O0000641,INV0000962,IL0001923,2025-03-10,2025-03-10,C00189,P0077,SO03,BU3,R03,USD,1073,1261.1,65.27,1173.48,23.04,2.33,3.02,75.94,765.22
T0001924,O0000642,INV0000962,IL0001924,2025-06-20,2025-06-20,C00296,P0029,SO01,BU1,R04,USD,1068,1070.67,4.39,1026.21,14.6,49.54,24.07,70.13,520.05
T0001925,O0000642,INV0000963,IL0001925,2026-01-08,2026-01-08,C00211,P0110,SO02,BU2,R02,USD,701,1809.63,41.24,1759.1,13.46,26.58,30.75,26.02,1126.63
T0001926,O0000642,INV0000963,IL0001926,2026-02-10,2026-02-10,C00248,P0113,SO02,BU3,R04,USD,55,129.94,6.12,117.11,3.09,6.47,2.85,6.02,67.31
T0001927,O0000643,INV0000964,IL0001927,2026-03-07,2026-03-07,C00211,P0122,SO04,BU3,R02,USD,585,1317.54,80.94,1207.46,30.48,32.76,34.1,18.43,791.39
T0001928,O0000643,INV0000964,IL0001928,2025-12-04,2025-12-04,C00347,P0012,SO03,BU1,R02,USD,974,2129.46,121.94,1929.27,13.05,79.61,14.41,83.45,1329.23
T0001929,O0000643,INV0000965,IL0001929,2026-05-31,2026-05-31,C00388,P0124,SO03,BU1,R02,USD,59,127.49,4.01,117.53,3.8,2.26,0.11,2.49,85.14
T0001930,O0000644,INV0000965,IL0001930,2025-05-22,2025-05-22,C00072,P0031,SO05,BU3,R04,USD,130,114.46,9.8,99.16,1.45,4.41,0.36,4.74,82.64
T0001931,O0000644,INV0000966,IL0001931,2026-03-30,2026-03-30,C00016,P0105,SO03,BU1,R04,USD,431,292.56,1.79,284.64,0.61,12.28,6.76,17.86,219.25
T0001932,O0000644,INV0000966,IL0001932,2025-01-16,2025-01-16,C00243,P0050,SO04,BU3,R02,USD,1200,784.08,65.63,726.47,19.74,3.45,31.21,47.32,555.59
T0001933,O0000645,INV0000967,IL0001933,2026-05-18,2026-05-18,C00062,P0144,SO05,BU1,R03,USD,867,1782.12,172.11,1509.78,41.14,75.73,16.64,77.95,900.55
T0001934,O0000645,INV0000967,IL0001934,2025-01-07,2025-01-07,C00274,P0109,SO05,BU2,R01,USD,547,349.1,20.5,332.7,1.65,3.96,9.71,22.21,219.92
T0001935,O0000645,INV0000968,IL0001935,2025-08-29,2025-08-29,C00498,P0023,SO03,BU4,R01,USD,679,670.58,66.36,598.98,12.1,0.71,7.57,25.6,467.41
T0001936,O0000646,INV0000968,IL0001936,2026-03-05,2026-03-05,C00231,P0007,SO03,BU1,R04,USD,377,131.8,4.48,125.75,2.13,1.38,1.94,4.67,100.03
T0001937,O0000646,INV0000969,IL0001937,2025-10-06,2025-10-06,C00119,P0144,SO02,BU1,R04,USD,579,1122.51,27.54,1123.21,1.83,9.06,39.13,58.21,751.99
T0001938,O0000646,INV0000969,IL0001938,2026-04-23,2026-04-23,C00372,P0138,SO04,BU4,R02,USD,858,1234.49,106.17,1132.16,0.21,43.05,47.1,17.58,686.26
T0001939,O0000647,INV0000970,IL0001939,2025-04-27,2025-04-27,C00176,P0136,SO04,BU3,R04,USD,116,52.77,3.43,48.64,0.4,2.24,1.94,3.07,35.05
T0001940,O0000647,INV0000970,IL0001940,2026-11-01,2026-11-01,C00262,P0024,SO01,BU3,R03,USD,13,9.27,0.42,8.95,0.01,0.24,0.35,0.26,6.99
T0001941,O0000647,INV0000971,IL0001941,2025-11-02,2025-11-02,C00022,P0115,SO02,BU2,R03,USD,426,112.04,7.05,104.81,0.11,3.95,3.88,3.33,80.73
T0001942,O0000648,INV0000971,IL0001942,2026-02-16,2026-02-16,C00077,P0136,SO01,BU2,R03,USD,859,1416.66,92.26,1274.5,32.74,64.9,47.74,84.44,809.41
T0001943,O0000648,INV0000972,IL0001943,2026-11-08,2026-11-08,C00436,P0005,SO05,BU3,R02,USD,311,484.72,31.98,416.89,14.05,25.36,3.56,18.42,320.46
T0001944,O0000648,INV0000972,IL0001944,2025-04-01,2025-04-01,C00039,P0108,SO03,BU2,R04,USD,14,18.33,1.09,17.24,0.06,0.6,0.66,0.21,13.2
T0001945,O0000649,INV0000973,IL0001945,2026-04-29,2026-04-29,C00208,P0101,SO05,BU1,R04,USD,41,68.4,3.63,62.47,1.73,0.9,0.33,3.31,33.92
T0001946,O0000649,INV0000973,IL0001946,2025-06-29,2025-06-29,C00473,P0108,SO02,BU3,R01,USD,551,511.99,11.18,491.07,12.33,10.74,13.33,11.48,337.78
T0001947,O0000649,INV0000974,IL0001947,2026-06-19,2026-06-19,C00349,P0125,SO01,BU1,R03,USD,176,115.63,8.51,104.93,1.02,4.21,3.04,4.83,65.16
T0001948,O0000650,INV0000974,IL0001948,2026-01-18,2026-01-18,C00111,P0105,SO05,BU4,R04,USD,48,83.69,7.86,75.63,0.39,1.03,1.22,2.92,40.38
T0001949,O0000650,INV0000975,IL0001949,2025-09-30,2025-09-30,C00292,P0116,SO03,BU1,R02,USD,130,110.15,4.15,107.54,2.51,0.0,4.05,2.83,61.93
T0001950,O0000650,INV0000975,IL0001950,2025-05-17,2025-05-17,C00433,P0079,SO02,BU2,R01,USD,730,823.07,57.48,735.02,10.49,22.69,2.61,22.62,517.86
T0001951,O0000651,INV0000976,IL0001951,2026-01-12,2026-01-12,C00399,P0072,SO01,BU1,R04,USD,507,1273.99,105.37,1122.76,10.39,61.46,25.99,27.69,663.91
T0001952,O0000651,INV0000976,IL0001952,2026-08-07,2026-08-07,C00232,P0128,SO03,BU4,R04,USD,1070,1248.05,117.2,1115.28,14.98,10.45,9.86,33.41,643.51
T0001953,O0000651,INV0000977,IL0001953,2026-01-26,2026-01-26,C00207,P0119,SO05,BU4,R04,USD,1093,1386.69,81.16,1287.25,5.38,44.35,31.45,82.12,853.77
T0001954,O0000652,INV0000977,IL0001954,2026-11-14,2026-11-14,C00464,P0045,SO05,BU1,R04,USD,113,307.36,5.72,305.5,4.84,3.12,11.82,2.75,196.04
T0001955,O0000652,INV0000978,IL0001955,2026-01-29,2026-01-29,C00214,P0102,SO03,BU3,R03,USD,939,2547.32,144.99,2379.77,31.19,26.5,35.13,98.29,1657.99
T0001956,O0000652,INV0000978,IL0001956,2026-09-08,2026-09-08,C00337,P0040,SO04,BU3,R01,USD,1132,953.14,30.56,918.82,15.81,25.03,37.08,29.84,605.89
T0001957,O0000653,INV0000979,IL0001957,2026-05-23,2026-05-23,C00231,P0048,SO02,BU4,R04,USD,898,191.27,2.32,189.67,1.46,1.82,4.0,3.34,138.24
T0001958,O0000653,INV0000979,IL0001958,2026-09-15,2026-09-15,C00417,P0064,SO04,BU4,R01,USD,680,485.79,25.64,438.61,2.76,20.42,1.64,12.36,367.98
T0001959,O0000653,INV0000980,IL0001959,2025-01-31,2025-01-31,C00003,P0018,SO05,BU2,R02,USD,619,193.5,18.94,161.75,4.05,9.9,1.14,8.46,126.31
T0001960,O0000654,INV0000980,IL0001960,2025-03-10,2025-03-10,C00490,P0079,SO03,BU4,R01,USD,79,197.88,14.47,178.63,3.35,2.37,0.94,10.15,106.29
T0001961,O0000654,INV0000981,IL0001961,2026-05-23,2026-05-23,C00165,P0039,SO03,BU2,R03,USD,972,518.56,30.67,478.38,8.4,18.38,17.27,5.35,304.63
T0001962,O0000654,INV0000981,IL0001962,2026-11-15,2026-11-15,C00482,P0035,SO05,BU2,R01,USD,33,34.97,3.39,31.05,0.68,0.11,0.26,0.5,20.08
T0001963,O0000655,INV0000982,IL0001963,2026-08-07,2026-08-07,C00478,P0125,SO04,BU2,R03,USD,886,1599.23,128.0,1476.35,29.86,22.96,57.94,94.6,947.05
T0001964,O0000655,INV0000982,IL0001964,2026-08-06,2026-08-06,C00482,P0140,SO02,BU2,R01,USD,767,961.89,12.67,938.05,0.12,25.07,14.02,0.18,630.83
T0001965,O0000655,INV0000983,IL0001965,2026-09-23,2026-09-23,C00210,P0105,SO04,BU4,R01,USD,1087,1445.38,48.16,1353.83,20.83,60.23,37.67,91.32,990.25
T0001966,O0000656,INV0000983,IL0001966,2025-10-25,2025-10-25,C00435,P0002,SO05,BU2,R02,USD,517,1191.01,36.61,1113.78,9.21,46.56,15.15,51.2,893.28
T0001967,O0000656,INV0000984,IL0001967,2026-05-09,2026-05-09,C00339,P0081,SO03,BU1,R02,USD,208,44.51,2.21,40.2,0.66,1.57,0.13,0.98,33.71
T0001968,O0000656,INV0000984,IL0001968,2025-08-20,2025-08-20,C00215,P0023,SO04,BU3,R04,USD,377,1040.22,15.25,1013.75,10.41,35.59,34.78,5.04,673.37
T0001969,O0000657,INV0000985,IL0001969,2025-07-23,2025-07-23,C00265,P0124,SO02,BU3,R01,USD,440,619.17,11.76,587.32,13.59,27.6,21.1,34.81,351.03
T0001970,O0000657,INV0000985,IL0001970,2025-10-21,2025-10-21,C00282,P0001,SO04,BU1,R01,USD,1020,1358.03,60.29,1234.6,39.06,31.07,6.99,85.25,737.6
T0001971,O0000657,INV0000986,IL0001971,2025-01-06,2025-01-06,C00355,P0121,SO04,BU2,R02,USD,668,256.18,19.39,229.95,0.55,6.64,0.35,8.97,188.88
T0001972,O0000658,INV0000986,IL0001972,2026-01-01,2026-01-01,C00046,P0124,SO03,BU4,R03,USD,350,870.31,51.62,806.51,2.05,16.83,6.7,34.16,480.08
T0001973,O0000658,INV0000987,IL0001973,2025-03-17,2025-03-17,C00286,P0091,SO02,BU1,R03,USD,12,13.19,0.72,11.96,0.03,0.53,0.05,0.38,9.64
T0001974,O0000658,INV0000987,IL0001974,2025-10-05,2025-10-05,C00368,P0101,SO02,BU4,R04,USD,519,928.02,10.86,903.56,11.09,33.0,30.49,18.03,446.15
T0001975,O0000659,INV0000988,IL0001975,2026-08-25,2026-08-25,C00126,P0004,SO05,BU2,R03,USD,663,1699.73,19.93,1715.74,14.09,1.72,51.75,94.7,1103.43
T0001976,O0000659,INV0000988,IL0001976,2026-07-14,2026-07-14,C00077,P0046,SO03,BU3,R03,USD,1115,272.51,5.7,260.52,3.13,11.52,8.36,0.73,187.15
T0001977,O0000659,INV0000989,IL0001977,2026-06-11,2026-06-11,C00191,P0140,SO03,BU2,R04,USD,827,1660.29,46.27,1541.52,48.42,67.92,43.84,1.34,1045.27
T0001978,O0000660,INV0000989,IL0001978,2026-02-06,2026-02-06,C00165,P0041,SO05,BU4,R03,USD,702,296.03,26.68,266.83,2.51,7.12,7.11,13.49,213.95
T0001979,O0000660,INV0000990,IL0001979,2025-12-17,2025-12-17,C00370,P0107,SO05,BU1,R01,USD,419,137.52,2.61,133.25,4.07,2.27,4.68,4.73,85.38
T0001980,O0000660,INV0000990,IL0001980,2025-02-24,2025-02-24,C00391,P0111,SO01,BU4,R04,USD,97,148.4,14.32,123.74,2.49,8.1,0.25,8.48,78.22
T0001981,O0000661,INV0000991,IL0001981,2025-05-01,2025-05-01,C00307,P0024,SO03,BU2,R02,USD,587,1462.39,11.53,1381.74,8.76,68.86,8.5,9.7,861.56
T0001982,O0000661,INV0000991,IL0001982,2025-12-10,2025-12-10,C00276,P0071,SO03,BU2,R02,USD,703,1179.28,40.44,1125.95,28.31,15.63,31.05,51.72,602.85
T0001983,O0000661,INV0000992,IL0001983,2025-02-03,2025-02-03,C00152,P0117,SO01,BU2,R04,USD,310,70.77,1.6,65.96,1.92,2.64,1.35,1.68,52.83
T0001984,O0000662,INV0000992,IL0001984,2025-10-13,2025-10-13,C00152,P0123,SO02,BU2,R04,USD,1099,2189.98,148.68,1972.33,9.04,77.16,17.23,8.77,1323.32
T0001985,O0000662,INV0000993,IL0001985,2026-02-04,2026-02-04,C00382,P0019,SO05,BU4,R03,USD,1182,1282.47,31.28,1203.82,10.48,61.82,24.93,34.4,754.73
T0001986,O0000662,INV0000993,IL0001986,2026-02-22,2026-02-22,C00093,P0064,SO01,BU3,R03,USD,1190,1408.6,0.39,1439.55,9.81,1.05,42.2,53.87,705.19
T0001987,O0000663,INV0000994,IL0001987,2025-01-17,2025-01-17,C00067,P0096,SO01,BU4,R02,USD,1147,2984.84,1.77,2822.79,81.2,84.86,5.78,10.24,2208.41
T0001988,O0000663,INV0000994,IL0001988,2025-08-31,2025-08-31,C00022,P0102,SO03,BU1,R03,USD,498,666.67,0.56,662.09,0.88,26.8,23.66,29.35,336.38
T0001989,O0000663,INV0000995,IL0001989,2025-09-30,2025-09-30,C00429,P0003,SO05,BU4,R03,USD,1126,1969.71,2.16,1959.34,12.78,4.75,9.32,110.48,1036.41
T0001990,O0000664,INV0000995,IL0001990,2025-08-31,2025-08-31,C00328,P0008,SO05,BU1,R04,USD,757,409.61,24.92,377.58,4.17,15.51,12.57,9.81,249.38
T0001991,O0000664,INV0000996,IL0001991,2026-04-24,2026-04-24,C00357,P0094,SO03,BU4,R03,USD,239,409.62,33.77,373.21,11.91,0.94,10.21,1.12,257.8
T0001992,O0000664,INV0000996,IL0001992,2026-04-20,2026-04-20,C00179,P0127,SO05,BU2,R02,USD,668,580.02,15.86,523.85,10.97,30.36,1.02,20.42,324.83
T0001993,O0000665,INV0000997,IL0001993,2026-09-12,2026-09-12,C00145,P0074,SO01,BU3,R01,USD,471,730.9,9.09,719.9,0.36,22.55,21.0,17.53,472.65
T0001994,O0000665,INV0000997,IL0001994,2025-12-25,2025-12-25,C00272,P0055,SO05,BU2,R04,USD,589,1304.52,51.94,1205.65,15.89,62.2,31.16,12.61,876.68
T0001995,O0000665,INV0000998,IL0001995,2026-05-21,2026-05-21,C00316,P0127,SO02,BU2,R02,USD,654,1339.0,50.87,1224.42,9.43,59.77,5.49,11.96,800.19
T0001996,O0000666,INV0000998,IL0001996,2026-07-09,2026-07-09,C00217,P0008,SO05,BU3,R01,USD,31,30.11,2.6,27.78,0.14,0.7,1.11,0.38,14.59
T0001997,O0000666,INV0000999,IL0001997,2025-03-06,2025-03-06,C00188,P0130,SO02,BU4,R02,USD,65,24.02,2.29,21.37,0.49,0.09,0.22,1.42,16.41
T0001998,O0000666,INV0000999,IL0001998,2026-03-10,2026-03-10,C00255,P0025,SO01,BU3,R04,USD,876,283.91,14.95,260.3,4.87,5.83,2.04,3.81,160.3
T0001999,O0000667,INV0001000,IL0001999,2026-08-28,2026-08-28,C00168,P0079,SO05,BU3,R04,USD,1171,1040.43,73.83,909.7,30.23,41.88,15.21,51.69,527.69
T0002000,O0000667,INV0001000,IL0002000,2026-12-13,2026-12-13,C00481,P0120,SO04,BU3,R01,USD,121,124.94,5.75,115.78,2.15,5.05,3.79,5.16,92.59
T0002001,O0000667,INV0001001,IL0002001,2026-06-29,2026-06-29,C00204,P0112,SO05,BU2,R02,USD,838,1450.24,62.31,1374.85,16.9,9.82,13.64,68.67,1053.9
T0002002,O0000668,INV0001001,IL0002002,2026-05-22,2026-05-22,C00136,P0144,SO05,BU3,R04,USD,820,1345.05,0.93,1322.76,27.71,3.64,9.99,69.08,737.1
T0002003,O0000668,INV0001002,IL0002003,2026-05-05,2026-05-05,C00434,P0122,SO03,BU3,R01,USD,1120,995.12,85.14,887.83,24.05,5.49,7.39,22.37,484.77
T0002004,O0000668,INV0001002,IL0002004,2026-05-16,2026-05-16,C00124,P0056,SO02,BU3,R02,USD,304,614.93,37.12,545.66,8.84,26.59,3.28,32.87,392.54
T0002005,O0000669,INV0001003,IL0002005,2025-10-24,2025-10-24,C00133,P0011,SO01,BU2,R03,USD,1158,3057.81,98.51,2866.48,70.0,137.15,114.33,92.34,2234.69
T0002006,O0000669,INV0001003,IL0002006,2026-09-25,2026-09-25,C00441,P0048,SO04,BU1,R01,USD,348,470.81,43.24,404.65,8.78,18.36,4.22,9.58,296.51
T0002007,O0000669,INV0001004,IL0002007,2025-05-25,2025-05-25,C00024,P0035,SO03,BU4,R04,USD,383,91.12,0.86,89.92,1.88,0.0,1.54,4.79,48.56
T0002008,O0000670,INV0001004,IL0002008,2025-06-29,2025-06-29,C00265,P0072,SO05,BU2,R01,USD,293,218.93,6.5,205.42,4.33,7.28,4.6,0.13,159.61
T0002009,O0000670,INV0001005,IL0002009,2026-11-20,2026-11-20,C00248,P0085,SO01,BU3,R04,USD,182,192.26,5.17,176.08,1.97,9.48,0.44,3.99,142.13
T0002010,O0000670,INV0001005,IL0002010,2026-08-06,2026-08-06,C00354,P0018,SO02,BU3,R01,USD,1138,3119.94,38.79,3036.39,0.35,142.83,98.42,45.37,2357.77
T0002011,O0000671,INV0001006,IL0002011,2025-06-08,2025-06-08,C00095,P0111,SO05,BU1,R04,USD,272,406.83,19.02,370.87,2.66,21.02,6.74,18.17,277.98
T0002012,O0000671,INV0001006,IL0002012,2025-02-04,2025-02-04,C00489,P0102,SO03,BU1,R01,USD,621,1322.36,3.74,1316.07,31.84,0.25,29.54,34.86,654.12
T0002013,O0000671,INV0001007,IL0002013,2025-02-05,2025-02-05,C00172,P0081,SO01,BU2,R02,USD,1041,2400.23,32.47,2254.56,20.71,96.1,3.61,111.75,1469.94
T0002014,O0000672,INV0001007,IL0002014,2025-02-24,2025-02-24,C00068,P0127,SO04,BU1,R02,USD,47,93.22,8.1,81.8,1.32,3.89,1.89,2.41,55.92
T0002015,O0000672,INV0001008,IL0002015,2026-01-16,2026-01-16,C00292,P0001,SO04,BU2,R02,USD,337,73.06,0.29,71.94,1.55,0.77,1.49,3.19,55.16
T0002016,O0000672,INV0001008,IL0002016,2026-02-18,2026-02-18,C00453,P0068,SO04,BU2,R03,USD,155,144.91,6.49,136.58,1.37,3.87,3.4,8.85,73.8
T0002017,O0000673,INV0001009,IL0002017,2026-08-25,2026-08-25,C00358,P0147,SO01,BU4,R03,USD,1186,2869.17,203.16,2508.01,72.49,94.39,8.88,123.96,1858.21
T0002018,O0000673,INV0001009,IL0002018,2026-03-14,2026-03-14,C00018,P0081,SO01,BU3,R01,USD,39,97.28,5.81,91.22,2.34,1.11,3.2,2.79,67.81
T0002019,O0000673,INV0001010,IL0002019,2025-08-10,2025-08-10,C00066,P0034,SO03,BU4,R01,USD,536,1374.73,13.94,1334.51,4.16,54.33,32.21,49.85,1019.61
T0002020,O0000674,INV0001010,IL0002020,2026-10-29,2026-10-29,C00039,P0027,SO01,BU3,R04,USD,600,1008.96,34.25,969.83,7.61,0.23,2.96,29.66,677.84
T0002021,O0000674,INV0001011,IL0002021,2026-12-17,2026-12-17,C00471,P0042,SO05,BU1,R04,USD,405,955.96,92.94,845.89,20.17,15.99,19.03,52.67,505.07
T0002022,O0000674,INV0001011,IL0002022,2026-10-15,2026-10-15,C00083,P0088,SO03,BU1,R02,USD,954,2073.23,144.31,1907.95,3.99,58.54,41.56,128.91,1077.2
T0002023,O0000675,INV0001012,IL0002023,2025-07-29,2025-07-29,C00231,P0135,SO03,BU2,R04,USD,999,333.97,21.95,302.13,9.74,5.33,5.18,14.75,164.93
T0002024,O0000675,INV0001012,IL0002024,2025-07-24,2025-07-24,C00358,P0066,SO04,BU3,R03,USD,767,958.9,44.83,891.57,28.18,31.62,37.3,24.43,720.32
T0002025,O0000675,INV0001013,IL0002025,2026-11-27,2026-11-27,C00167,P0132,SO04,BU2,R04,USD,918,1693.53,96.09,1584.95,40.48,17.96,45.95,0.41,927.38
T0002026,O0000676,INV0001013,IL0002026,2026-09-28,2026-09-28,C00440,P0114,SO05,BU1,R04,USD,422,521.0,6.22,518.3,13.12,1.7,18.34,13.94,310.94
T0002027,O0000676,INV0001014,IL0002027,2025-05-16,2025-05-16,C00004,P0026,SO04,BU2,R02,USD,670,758.04,24.16,731.38,10.22,21.12,28.84,34.07,434.02
T0002028,O0000676,INV0001014,IL0002028,2026-06-20,2026-06-20,C00485,P0103,SO01,BU3,R03,USD,681,1489.21,53.38,1463.15,22.05,8.18,57.55,44.14,821.05
T0002029,O0000677,INV0001015,IL0002029,2025-01-06,2025-01-06,C00004,P0014,SO03,BU1,R02,USD,1082,1484.4,77.34,1355.84,36.04,66.0,50.82,5.46,833.53
T0002030,O0000677,INV0001015,IL0002030,2025-03-15,2025-03-15,C00213,P0098,SO02,BU4,R03,USD,532,557.54,8.58,513.42,14.92,26.42,5.8,21.16,387.8
T0002031,O0000677,INV0001016,IL0002031,2026-04-29,2026-04-29,C00478,P0076,SO01,BU1,R03,USD,304,705.43,58.78,641.69,4.27,15.77,15.08,23.02,422.71
T0002032,O0000678,INV0001016,IL0002032,2025-08-27,2025-08-27,C00429,P0082,SO01,BU4,R03,USD,95,202.31,9.16,183.16,5.82,4.54,0.37,10.38,132.36
T0002033,O0000678,INV0001017,IL0002033,2025-10-02,2025-10-02,C00079,P0055,SO02,BU1,R04,USD,852,291.55,1.32,278.73,6.07,11.73,6.3,4.36,200.02
T0002034,O0000678,INV0001017,IL0002034,2026-09-16,2026-09-16,C00398,P0072,SO03,BU3,R03,USD,445,399.83,23.13,361.23,7.0,9.53,1.06,15.08,259.92
T0002035,O0000679,INV0001018,IL0002035,2026-08-13,2026-08-13,C00450,P0125,SO05,BU1,R01,USD,568,612.76,9.37,600.92,4.94,7.07,9.54,0.55,340.5
T0002036,O0000679,INV0001018,IL0002036,2025-11-22,2025-11-22,C00469,P0011,SO05,BU3,R03,USD,429,482.62,37.17,440.58,10.88,13.06,19.07,0.44,363.23
T0002037,O0000679,INV0001019,IL0002037,2025-11-26,2025-11-26,C00256,P0058,SO04,BU3,R04,USD,524,1041.24,92.49,917.38,18.26,35.96,22.85,63.1,540.72
T0002038,O0000680,INV0001019,IL0002038,2025-01-02,2025-01-02,C00087,P0065,SO04,BU1,R04,USD,311,596.28,48.22,541.77,0.79,7.65,2.15,22.77,438.37
T0002039,O0000680,INV0001020,IL0002039,2025-05-24,2025-05-24,C00171,P0134,SO04,BU1,R02,USD,45,64.41,5.44,59.31,0.3,0.81,1.45,1.91,38.85
T0002040,O0000680,INV0001020,IL0002040,2025-10-20,2025-10-20,C00273,P0112,SO05,BU3,R01,USD,752,1359.47,129.92,1229.74,4.64,23.09,27.92,23.01,814.46
T0002041,O0000681,INV0001021,IL0002041,2026-12-05,2026-12-05,C00268,P0041,SO02,BU3,R02,USD,17,25.79,1.95,23.69,0.1,0.86,0.81,0.66,16.13
T0002042,O0000681,INV0001021,IL0002042,2026-06-11,2026-06-11,C00413,P0071,SO04,BU4,R03,USD,1178,1533.99,37.54,1501.68,35.27,14.2,54.7,67.57,749.69
T0002043,O0000681,INV0001022,IL0002043,2026-07-16,2026-07-16,C00193,P0072,SO01,BU2,R01,USD,950,1236.33,59.41,1170.23,34.42,14.27,42.0,57.32,746.95
T0002044,O0000682,INV0001022,IL0002044,2026-01-29,2026-01-29,C00207,P0047,SO04,BU3,R04,USD,447,864.81,55.54,807.88,17.68,17.67,33.96,50.53,543.36
T0002045,O0000682,INV0001023,IL0002045,2025-04-03,2025-04-03,C00240,P0139,SO02,BU1,R04,USD,316,305.7,4.48,295.8,3.5,6.08,4.16,12.9,173.48
T0002046,O0000682,INV0001023,IL0002046,2026-08-31,2026-08-31,C00429,P0006,SO04,BU2,R03,USD,322,260.5,11.99,239.25,1.13,9.37,1.24,15.84,170.6
T0002047,O0000683,INV0001024,IL0002047,2025-01-28,2025-01-28,C00078,P0044,SO03,BU4,R03,USD,975,1943.95,111.43,1802.87,2.09,86.88,59.32,103.98,1166.28
T0002048,O0000683,INV0001024,IL0002048,2026-07-10,2026-07-10,C00322,P0115,SO02,BU2,R01,USD,1140,1059.17,49.36,987.8,14.19,18.81,10.99,30.78,694.39
T0002049,O0000683,INV0001025,IL0002049,2026-05-24,2026-05-24,C00161,P0081,SO02,BU3,R01,USD,1084,419.07,34.3,372.93,10.87,12.46,11.49,19.55,300.07
T0002050,O0000684,INV0001025,IL0002050,2026-04-19,2026-04-19,C00264,P0017,SO02,BU4,R04,USD,142,147.04,8.86,136.27,2.46,2.45,3.0,6.79,95.63
T0002051,O0000684,INV0001026,IL0002051,2026-02-04,2026-02-04,C00086,P0104,SO03,BU2,R03,USD,440,673.11,37.05,620.13,8.95,7.6,0.62,0.73,352.41
T0002052,O0000684,INV0001026,IL0002052,2026-05-06,2026-05-06,C00205,P0021,SO05,BU1,R03,USD,497,877.25,59.76,795.19,4.75,45.14,27.59,35.18,569.1
T0002053,O0000685,INV0001027,IL0002053,2025-12-08,2025-12-08,C00378,P0023,SO03,BU2,R01,USD,1129,503.99,46.79,445.42,9.78,14.97,12.97,24.45,361.49
T0002054,O0000685,INV0001027,IL0002054,2025-04-11,2025-04-11,C00262,P0035,SO01,BU1,R03,USD,1010,200.79,8.07,183.82,4.31,9.38,4.79,0.61,145.46
T0002055,O0000685,INV0001028,IL0002055,2026-08-24,2026-08-24,C00068,P0057,SO01,BU4,R02,USD,310,543.71,7.83,505.01,9.02,26.72,4.87,18.08,398.8
T0002056,O0000686,INV0001028,IL0002056,2026-03-24,2026-03-24,C00339,P0078,SO05,BU4,R02,USD,940,2481.51,60.2,2372.9,23.54,57.42,32.55,68.73,1546.2
T0002057,O0000686,INV0001029,IL0002057,2026-06-16,2026-06-16,C00401,P0058,SO02,BU3,R01,USD,702,790.45,35.26,740.37,18.98,19.23,23.39,43.53,548.94
T0002058,O0000686,INV0001029,IL0002058,2026-11-05,2026-11-05,C00461,P0056,SO04,BU4,R03,USD,671,710.66,44.92,633.72,14.53,30.0,12.51,15.86,521.21
T0002059,O0000687,INV0001030,IL0002059,2026-10-22,2026-10-22,C00048,P0135,SO01,BU4,R04,USD,465,725.07,51.55,676.31,6.09,1.78,10.66,9.91,451.39
T0002060,O0000687,INV0001030,IL0002060,2025-03-20,2025-03-20,C00160,P0017,SO05,BU2,R04,USD,999,2716.38,176.95,2471.55,57.17,112.43,101.72,137.24,2047.55
T0002061,O0000687,INV0001031,IL0002061,2025-02-20,2025-02-20,C00102,P0103,SO03,BU2,R03,USD,919,444.7,27.92,398.18,5.25,22.85,9.5,1.04,222.75
T0002062,O0000688,INV0001031,IL0002062,2026-10-17,2026-10-17,C00225,P0116,SO05,BU4,R01,USD,924,1492.91,130.44,1321.72,6.37,52.45,18.07,24.7,1041.8
T0002063,O0000688,INV0001032,IL0002063,2026-03-13,2026-03-13,C00263,P0075,SO04,BU1,R04,USD,853,2377.14,136.57,2194.11,20.93,119.63,94.1,65.01,1686.42
T0002064,O0000688,INV0001032,IL0002064,2026-03-14,2026-03-14,C00489,P0077,SO01,BU1,R01,USD,145,193.36,18.13,172.44,3.56,5.1,5.87,2.51,120.21
T0002065,O0000689,INV0001033,IL0002065,2025-05-02,2025-05-02,C00182,P0150,SO01,BU4,R03,USD,759,1054.63,96.71,904.31,19.03,40.79,6.21,6.61,635.91
T0002066,O0000689,INV0001033,IL0002066,2026-02-07,2026-02-07,C00493,P0144,SO02,BU3,R03,USD,87,47.42,3.94,43.39,0.47,0.96,1.34,0.5,26.8
T0002067,O0000689,INV0001034,IL0002067,2025-08-21,2025-08-21,C00117,P0045,SO05,BU2,R03,USD,195,230.82,22.91,204.14,2.58,6.98,5.79,3.54,127.23
T0002068,O0000690,INV0001034,IL0002068,2026-03-20,2026-03-20,C00409,P0100,SO01,BU1,R01,USD,965,2519.33,75.55,2337.87,60.06,117.3,71.45,119.0,1483.53
T0002069,O0000690,INV0001035,IL0002069,2025-12-20,2025-12-20,C00381,P0147,SO02,BU4,R03,USD,1125,1053.9,8.68,1049.15,19.83,15.52,39.28,8.44,780.04
T0002070,O0000690,INV0001035,IL0002070,2025-03-07,2025-03-07,C00227,P0001,SO01,BU3,R02,USD,36,97.63,8.76,86.65,0.23,3.57,1.58,3.92,61.95
T0002071,O0000691,INV0001036,IL0002071,2025-10-21,2025-10-21,C00457,P0026,SO03,BU4,R01,USD,624,1508.15,100.69,1358.74,17.49,73.77,42.54,53.5,831.66
T0002072,O0000691,INV0001036,IL0002072,2026-12-12,2026-12-12,C00250,P0116,SO05,BU2,R01,USD,62,132.99,1.71,124.61,3.23,6.29,2.85,5.56,74.58
T0002073,O0000691,INV0001037,IL0002073,2025-09-05,2025-09-05,C00498,P0052,SO01,BU1,R01,USD,320,420.51,35.86,359.19,4.39,21.57,0.5,14.71,287.33
T0002074,O0000692,INV0001037,IL0002074,2026-12-26,2026-12-26,C00420,P0048,SO04,BU4,R02,USD,1152,2946.93,122.48,2852.47,40.0,19.95,87.97,82.64,2231.37
T0002075,O0000692,INV0001038,IL0002075,2025-03-21,2025-03-21,C00001,P0036,SO01,BU3,R01,USD,817,2143.64,59.57,1934.76,52.17,108.67,11.53,17.34,1538.55
T0002076,O0000692,INV0001038,IL0002076,2026-11-28,2026-11-28,C00358,P0057,SO04,BU1,R03,USD,1124,321.24,28.9,288.04,2.01,7.73,5.44,8.49,174.05
T0002077,O0000693,INV0001039,IL0002077,2026-01-02,2026-01-02,C00317,P0005,SO04,BU4,R03,USD,981,2440.24,149.9,2208.01,23.97,85.31,26.95,42.4,1447.09
T0002078,O0000693,INV0001039,IL0002078,2025-01-28,2025-01-28,C00316,P0043,SO02,BU3,R02,USD,512,1154.15,40.45,1085.71,15.86,54.05,41.92,23.34,694.34
T0002079,O0000693,INV0001040,IL0002079,2026-01-21,2026-01-21,C00417,P0014,SO04,BU4,R01,USD,1135,1367.22,66.94,1309.65,5.26,16.41,31.04,32.7,955.74
T0002080,O0000694,INV0001040,IL0002080,2026-10-21,2026-10-21,C00196,P0086,SO02,BU4,R02,USD,333,628.4,30.54,566.78,8.27,29.41,6.6,24.12,317.94
T0002081,O0000694,INV0001041,IL0002081,2025-01-27,2025-01-27,C00111,P0141,SO01,BU3,R04,USD,15,41.66,3.1,39.19,0.42,0.15,1.2,2.57,22.43
T0002082,O0000694,INV0001041,IL0002082,2025-10-05,2025-10-05,C00400,P0074,SO04,BU1,R04,USD,1135,1414.44,19.9,1362.61,22.64,41.69,32.4,72.02,798.02
T0002083,O0000695,INV0001042,IL0002083,2025-08-28,2025-08-28,C00034,P0065,SO02,BU4,R01,USD,575,683.79,50.53,613.72,1.72,25.82,8.0,6.39,487.03
T0002084,O0000695,INV0001042,IL0002084,2025-04-06,2025-04-06,C00059,P0067,SO04,BU3,R02,USD,947,1500.43,70.0,1383.75,37.09,17.63,8.04,28.04,1009.33
T0002085,O0000695,INV0001043,IL0002085,2026-08-21,2026-08-21,C00165,P0074,SO03,BU4,R03,USD,912,1370.83,59.69,1330.88,3.9,14.65,38.29,46.77,966.75
T0002086,O0000696,INV0001043,IL0002086,2025-03-03,2025-03-03,C00052,P0138,SO01,BU4,R02,USD,508,207.77,4.28,202.45,0.53,1.05,0.54,6.82,113.04
T0002087,O0000696,INV0001044,IL0002087,2026-02-27,2026-02-27,C00088,P0027,SO01,BU1,R04,USD,1005,2323.36,18.03,2330.15,31.79,5.79,62.4,52.21,1525.61
T0002088,O0000696,INV0001044,IL0002088,2025-11-05,2025-11-05,C00066,P0085,SO05,BU3,R01,USD,118,149.33,8.18,138.79,3.75,1.17,2.56,1.92,95.85
T0002089,O0000697,INV0001045,IL0002089,2025-03-15,2025-03-15,C00191,P0068,SO01,BU2,R04,USD,411,87.42,0.29,89.74,0.48,0.26,3.35,2.11,52.53
T0002090,O0000697,INV0001045,IL0002090,2026-10-25,2026-10-25,C00354,P0086,SO01,BU1,R01,USD,678,1779.34,24.57,1750.62,15.39,9.35,20.59,49.47,930.51
T0002091,O0000697,INV0001046,IL0002091,2026-05-07,2026-05-07,C00019,P0027,SO01,BU3,R02,USD,164,141.66,10.46,134.21,2.41,0.15,5.57,8.39,83.93
T0002092,O0000698,INV0001046,IL0002092,2025-07-30,2025-07-30,C00435,P0133,SO05,BU1,R02,USD,273,148.05,2.02,139.16,0.17,8.07,1.37,1.27,111.58
T0002093,O0000698,INV0001047,IL0002093,2026-11-12,2026-11-12,C00091,P0013,SO02,BU4,R02,USD,783,433.31,1.19,415.14,12.49,17.62,13.13,3.31,311.16
T0002094,O0000698,INV0001047,IL0002094,2025-08-01,2025-08-01,C00132,P0137,SO05,BU2,R02,USD,438,340.37,3.44,333.81,2.33,3.26,2.47,22.73,199.48
T0002095,O0000699,INV0001048,IL0002095,2025-08-08,2025-08-08,C00082,P0063,SO05,BU4,R01,USD,530,570.23,49.04,504.06,11.62,10.45,4.94,14.1,303.36
T0002096,O0000699,INV0001048,IL0002096,2025-11-02,2025-11-02,C00313,P0114,SO04,BU2,R01,USD,20,12.85,0.75,11.88,0.17,0.14,0.09,0.67,6.36
T0002097,O0000699,INV0001049,IL0002097,2026-01-01,2026-01-01,C00127,P0112,SO05,BU3,R04,USD,979,1810.17,156.94,1613.99,13.17,65.9,39.83,20.04,1185.71
T0002098,O0000700,INV0001049,IL0002098,2026-04-29,2026-04-29,C00426,P0060,SO02,BU4,R01,USD,838,2018.74,18.6,1927.0,41.69,110.73,79.28,109.81,1197.52
T0002099,O0000700,INV0001050,IL0002099,2026-07-31,2026-07-31,C00434,P0017,SO04,BU1,R01,USD,1009,2239.98,87.38,2123.14,10.6,97.02,78.16,92.08,1395.62
T0002100,O0000700,INV0001050,IL0002100,2026-03-03,2026-03-03,C00214,P0077,SO04,BU4,R03,USD,555,800.42,79.45,716.53,5.26,17.8,18.62,14.47,467.32
T0002101,O0000701,INV0001051,IL0002101,2026-03-29,2026-03-29,C00399,P0070,SO03,BU1,R04,USD,899,1889.25,126.0,1738.58,19.16,58.31,52.8,49.62,1276.98
T0002102,O0000701,INV0001051,IL0002102,2026-10-12,2026-10-12,C00451,P0148,SO03,BU2,R02,USD,704,1532.61,23.62,1469.19,9.31,76.77,46.28,95.0,902.27
T0002103,O0000701,INV0001052,IL0002103,2025-06-04,2025-06-04,C00153,P0027,SO01,BU3,R01,USD,982,391.23,25.08,347.55,10.13,15.02,6.55,15.21,209.32
T0002104,O0000702,INV0001052,IL0002104,2025-08-18,2025-08-18,C00166,P0070,SO02,BU3,R03,USD,596,761.03,25.0,726.21,17.1,10.31,17.59,5.15,453.29
T0002105,O0000702,INV0001053,IL0002105,2026-07-06,2026-07-06,C00076,P0076,SO04,BU3,R02,USD,973,1708.49,40.38,1590.69,31.18,83.58,37.34,46.24,1134.5
T0002106,O0000702,INV0001053,IL0002106,2025-12-29,2025-12-29,C00441,P0058,SO02,BU1,R01,USD,180,81.18,7.28,73.27,1.25,0.88,1.5,0.12,39.63
T0002107,O0000703,INV0001054,IL0002107,2025-08-02,2025-08-02,C00243,P0034,SO03,BU1,R02,USD,130,187.07,3.11,179.97,4.66,0.04,0.71,5.34,117.89
T0002108,O0000703,INV0001054,IL0002108,2026-05-09,2026-05-09,C00491,P0142,SO01,BU1,R02,USD,1148,2953.8,114.19,2797.01,24.38,33.79,15.57,55.89,1519.13
T0002109,O0000703,INV0001055,IL0002109,2025-07-21,2025-07-21,C00304,P0077,SO05,BU3,R04,USD,822,551.64,35.44,501.5,13.87,22.71,21.88,13.64,362.53
T0002110,O0000704,INV0001055,IL0002110,2026-12-21,2026-12-21,C00152,P0089,SO03,BU1,R04,USD,430,1130.38,21.62,1138.53,3.69,8.62,42.08,46.91,814.96
T0002111,O0000704,INV0001056,IL0002111,2025-11-04,2025-11-04,C00006,P0056,SO03,BU1,R03,USD,1182,1040.4,88.07,919.18,2.49,38.21,7.55,58.62,619.88
T0002112,O0000704,INV0001056,IL0002112,2025-10-27,2025-10-27,C00291,P0118,SO03,BU3,R02,USD,849,1176.29,79.07,1035.72,14.53,57.52,10.55,43.51,672.86
T0002113,O0000705,INV0001057,IL0002113,2025-02-03,2025-02-03,C00054,P0100,SO04,BU4,R03,USD,357,397.77,30.76,369.33,0.33,8.78,11.43,7.03,254.16
T0002114,O0000705,INV0001057,IL0002114,2026-08-23,2026-08-23,C00018,P0021,SO02,BU3,R01,USD,473,377.64,36.71,325.76,2.44,19.06,6.33,18.25,232.24
T0002115,O0000705,INV0001058,IL0002115,2026-12-04,2026-12-04,C00141,P0137,SO04,BU4,R03,USD,586,176.8,9.96,165.18,4.23,2.58,5.15,10.0,132.14
T0002116,O0000706,INV0001058,IL0002116,2026-05-21,2026-05-21,C00308,P0056,SO02,BU2,R02,USD,161,456.26,41.46,421.3,1.25,10.05,17.8,20.95,292.89
T0002117,O0000706,INV0001059,IL0002117,2026-11-10,2026-11-10,C00337,P0022,SO01,BU1,R01,USD,107,261.65,17.17,224.78,7.24,12.86,0.4,13.07,164.39
T0002118,O0000706,INV0001059,IL0002118,2026-03-04,2026-03-04,C00437,P0107,SO04,BU4,R03,USD,837,2197.71,219.61,1974.61,49.32,8.75,54.58,40.36,1079.24
T0002119,O0000707,INV0001060,IL0002119,2025-05-05,2025-05-05,C00489,P0052,SO04,BU1,R01,USD,1037,2665.61,249.11,2370.67,24.18,38.28,16.63,52.98,1324.21
T0002120,O0000707,INV0001060,IL0002120,2025-03-18,2025-03-18,C00218,P0016,SO01,BU4,R01,USD,1168,3280.09,31.54,3011.79,82.4,167.44,13.08,80.57,2420.11
T0002121,O0000707,INV0001061,IL0002121,2025-03-23,2025-03-23,C00166,P0124,SO04,BU4,R03,USD,186,426.16,4.94,393.33,11.21,18.35,1.67,25.5,285.92
T0002122,O0000708,INV0001061,IL0002122,2025-01-17,2025-01-17,C00070,P0078,SO05,BU3,R03,USD,18,11.01,1.03,9.53,0.18,0.4,0.13,0.56,5.65
T0002123,O0000708,INV0001062,IL0002123,2026-04-16,2026-04-16,C00436,P0077,SO01,BU3,R02,USD,289,753.16,70.34,649.04,1.7,38.5,6.42,38.58,453.49
T0002124,O0000708,INV0001062,IL0002124,2026-01-13,2026-01-13,C00252,P0098,SO05,BU2,R02,USD,887,603.78,4.33,558.31,10.04,32.01,0.91,11.79,397.53
T0002125,O0000709,INV0001063,IL0002125,2025-04-24,2025-04-24,C00337,P0098,SO04,BU4,R01,USD,1192,3393.27,57.45,3286.87,65.29,22.2,38.54,163.35,1674.27
T0002126,O0000709,INV0001063,IL0002126,2025-03-26,2025-03-26,C00472,P0086,SO02,BU3,R04,USD,688,218.23,13.02,197.82,2.84,7.94,3.39,3.51,129.59
T0002127,O0000709,INV0001064,IL0002127,2025-12-19,2025-12-19,C00173,P0043,SO01,BU3,R03,USD,369,812.91,40.39,766.07,7.61,3.36,4.52,26.09,472.89
T0002128,O0000710,INV0001064,IL0002128,2025-03-08,2025-03-08,C00479,P0120,SO04,BU3,R04,USD,1121,1989.33,122.06,1764.66,31.07,100.1,28.56,34.87,1172.35
T0002129,O0000710,INV0001065,IL0002129,2026-08-07,2026-08-07,C00487,P0057,SO02,BU2,R04,USD,72,83.94,4.96,75.48,1.58,3.37,1.45,3.51,48.47
T0002130,O0000710,INV0001065,IL0002130,2026-02-16,2026-02-16,C00107,P0094,SO02,BU4,R02,USD,1043,1012.75,14.75,972.29,30.09,24.97,29.35,26.52,615.34
T0002131,O0000711,INV0001066,IL0002131,2025-05-17,2025-05-17,C00390,P0093,SO03,BU1,R03,USD,761,189.57,7.26,182.34,0.05,0.24,0.32,12.75,106.6
T0002132,O0000711,INV0001066,IL0002132,2025-10-09,2025-10-09,C00057,P0057,SO01,BU1,R01,USD,784,1207.12,115.37,1066.51,15.25,11.95,1.96,33.23,816.16
T0002133,O0000711,INV0001067,IL0002133,2025-04-16,2025-04-16,C00449,P0002,SO01,BU1,R01,USD,853,1085.44,65.07,974.4,21.89,59.0,34.92,9.25,551.49
T0002134,O0000712,INV0001067,IL0002134,2025-05-25,2025-05-25,C00004,P0121,SO04,BU2,R02,USD,355,246.05,17.72,222.14,0.9,11.78,6.49,2.22,127.75
T0002135,O0000712,INV0001068,IL0002135,2025-06-01,2025-06-01,C00093,P0045,SO03,BU2,R03,USD,327,306.73,16.44,277.79,4.33,14.62,6.45,11.78,177.97
T0002136,O0000712,INV0001068,IL0002136,2026-09-02,2026-09-02,C00153,P0009,SO01,BU1,R01,USD,568,242.2,17.59,222.32,4.03,6.03,7.77,13.85,131.73
T0002137,O0000713,INV0001069,IL0002137,2025-04-15,2025-04-15,C00361,P0030,SO03,BU4,R01,USD,720,1411.85,116.62,1248.75,40.06,24.42,18.0,38.72,985.94
T0002138,O0000713,INV0001069,IL0002138,2025-05-30,2025-05-30,C00085,P0136,SO04,BU3,R03,USD,278,735.53,0.56,721.58,20.51,11.7,18.82,18.15,545.82
T0002139,O0000713,INV0001070,IL0002139,2026-05-17,2026-05-17,C00285,P0011,SO05,BU4,R03,USD,961,1518.0,4.43,1474.35,42.2,1.44,4.42,10.56,1109.03
T0002140,O0000714,INV0001070,IL0002140,2025-10-22,2025-10-22,C00466,P0085,SO03,BU4,R01,USD,627,242.08,8.06,222.98,5.51,10.47,4.94,14.51,177.64
T0002141,O0000714,INV0001071,IL0002141,2025-09-26,2025-09-26,C00148,P0121,SO03,BU2,R02,USD,849,1965.94,56.59,1846.15,52.12,13.94,2.86,65.9,990.44
T0002142,O0000714,INV0001071,IL0002142,2026-07-23,2026-07-23,C00475,P0058,SO01,BU1,R02,USD,799,617.47,21.26,576.59,18.18,18.99,17.55,40.18,300.7
T0002143,O0000715,INV0001072,IL0002143,2026-04-21,2026-04-21,C00286,P0150,SO04,BU4,R03,USD,308,135.49,11.16,117.48,2.52,6.74,2.41,7.43,100.36
T0002144,O0000715,INV0001072,IL0002144,2026-02-17,2026-02-17,C00306,P0148,SO01,BU1,R01,USD,663,1560.83,86.24,1400.15,44.85,78.55,48.96,30.0,1008.08
T0002145,O0000715,INV0001073,IL0002145,2025-01-22,2025-01-22,C00279,P0072,SO01,BU2,R04,USD,1189,3054.66,0.2,2923.18,38.41,162.08,69.21,60.99,1508.01
T0002146,O0000716,INV0001073,IL0002146,2025-06-06,2025-06-06,C00267,P0140,SO04,BU2,R02,USD,40,47.49,3.46,42.84,0.55,1.1,0.46,0.82,28.81
T0002147,O0000716,INV0001074,IL0002147,2026-03-31,2026-03-31,C00458,P0012,SO03,BU3,R01,USD,827,851.81,37.83,823.79,2.38,10.43,22.62,33.89,425.35
T0002148,O0000716,INV0001074,IL0002148,2026-07-20,2026-07-20,C00030,P0036,SO02,BU4,R03,USD,460,862.73,44.17,800.49,5.03,34.3,21.26,34.34,452.94
T0002149,O0000717,INV0001075,IL0002149,2026-02-12,2026-02-12,C00152,P0069,SO05,BU2,R04,USD,951,2136.14,106.57,2008.22,58.28,37.96,74.89,39.64,1030.82
T0002150,O0000717,INV0001075,IL0002150,2025-07-08,2025-07-08,C00124,P0037,SO04,BU1,R02,USD,366,273.62,14.02,254.16,6.29,4.12,4.97,1.97,140.99
T0002151,O0000717,INV0001076,IL0002151,2025-12-05,2025-12-05,C00176,P0064,SO03,BU1,R04,USD,231,243.66,8.24,226.43,3.35,11.34,5.7,2.76,118.92
T0002152,O0000718,INV0001076,IL0002152,2026-05-26,2026-05-26,C00289,P0097,SO01,BU1,R01,USD,342,315.02,11.62,288.23,0.58,17.27,2.68,12.52,209.17
T0002153,O0000718,INV0001077,IL0002153,2025-12-13,2025-12-13,C00346,P0075,SO02,BU4,R01,USD,381,1015.56,86.15,922.47,9.82,30.04,32.92,14.62,636.86
T0002154,O0000718,INV0001077,IL0002154,2025-10-14,2025-10-14,C00011,P0036,SO05,BU4,R02,USD,901,1105.98,100.07,966.09,22.9,36.5,19.58,19.98,561.59
T0002155,O0000719,INV0001078,IL0002155,2025-06-10,2025-06-10,C00308,P0036,SO05,BU1,R02,USD,64,63.13,2.57,59.15,1.03,2.67,2.29,1.0,36.65
T0002156,O0000719,INV0001078,IL0002156,2025-06-30,2025-06-30,C00461,P0104,SO03,BU1,R03,USD,439,635.58,62.96,568.0,0.09,7.74,3.21,1.31,368.25
T0002157,O0000719,INV0001079,IL0002157,2025-08-09,2025-08-09,C00063,P0060,SO04,BU3,R04,USD,331,501.56,15.15,452.16,11.74,22.66,0.15,13.23,261.99
T0002158,O0000720,INV0001079,IL0002158,2026-11-19,2026-11-19,C00300,P0013,SO04,BU4,R02,USD,1190,974.73,23.74,951.52,10.93,12.1,23.56,4.12,491.0
T0002159,O0000720,INV0001080,IL0002159,2025-03-01,2025-03-01,C00331,P0006,SO01,BU2,R02,USD,709,942.19,35.5,910.8,5.21,17.65,26.97,44.63,630.86
T0002160,O0000720,INV0001080,IL0002160,2025-03-07,2025-03-07,C00264,P0095,SO02,BU4,R04,USD,643,119.98,5.39,106.32,3.59,5.36,0.68,5.91,57.61
T0002161,O0000721,INV0001081,IL0002161,2025-12-19,2025-12-19,C00373,P0056,SO05,BU1,R03,USD,489,196.19,7.55,186.07,3.69,5.02,6.14,3.71,136.38
T0002162,O0000721,INV0001081,IL0002162,2026-01-21,2026-01-21,C00149,P0113,SO05,BU2,R03,USD,511,697.67,54.58,650.38,2.48,11.35,21.12,27.97,373.13
T0002163,O0000721,INV0001082,IL0002163,2025-04-17,2025-04-17,C00472,P0021,SO05,BU3,R04,USD,1031,1363.5,57.37,1293.88,17.51,4.38,9.64,81.18,834.27
T0002164,O0000722,INV0001082,IL0002164,2026-03-05,2026-03-05,C00035,P0033,SO01,BU1,R02,USD,1188,721.71,6.25,703.35,15.16,12.75,15.8,3.65,428.62
T0002165,O0000722,INV0001083,IL0002165,2026-10-02,2026-10-02,C00031,P0040,SO05,BU1,R04,USD,513,187.19,2.13,183.68,2.69,5.63,6.94,8.09,91.11
T0002166,O0000722,INV0001083,IL0002166,2026-05-05,2026-05-05,C00324,P0110,SO02,BU3,R02,USD,696,582.55,8.81,566.14,11.95,3.94,8.29,34.44,304.96
T0002167,O0000723,INV0001084,IL0002167,2026-01-23,2026-01-23,C00420,P0133,SO05,BU2,R02,USD,1059,1230.13,27.15,1220.6,18.38,5.62,41.62,16.45,799.29
T0002168,O0000723,INV0001084,IL0002168,2025-02-11,2025-02-11,C00015,P0063,SO05,BU3,R04,USD,699,1568.35,38.53,1489.44,35.4,48.7,43.72,73.3,1136.48
T0002169,O0000723,INV0001085,IL0002169,2025-03-16,2025-03-16,C00107,P0037,SO04,BU1,R02,USD,905,995.5,65.57,918.51,15.0,20.81,24.39,30.78,513.19
T0002170,O0000724,INV0001085,IL0002170,2026-07-03,2026-07-03,C00366,P0067,SO04,BU4,R03,USD,1015,1968.9,39.71,1889.06,40.34,44.69,44.9,45.07,1431.52
T0002171,O0000724,INV0001086,IL0002171,2025-08-04,2025-08-04,C00471,P0135,SO05,BU1,R04,USD,94,40.57,3.16,37.16,0.81,0.07,0.63,1.82,23.48
T0002172,O0000724,INV0001086,IL0002172,2026-02-07,2026-02-07,C00150,P0048,SO04,BU2,R03,USD,921,2294.86,201.22,2061.03,60.0,46.55,73.94,143.32,1415.01
T0002173,O0000725,INV0001087,IL0002173,2025-11-20,2025-11-20,C00483,P0089,SO03,BU4,R02,USD,519,771.08,64.34,701.03,15.56,13.32,23.17,47.96,502.6
T0002174,O0000725,INV0001087,IL0002174,2025-09-24,2025-09-24,C00271,P0113,SO02,BU1,R04,USD,611,1070.35,17.1,1009.41,8.95,47.22,12.33,8.5,623.94
T0002175,O0000725,INV0001088,IL0002175,2025-11-11,2025-11-11,C00209,P0036,SO01,BU3,R01,USD,21,57.53,3.33,52.07,1.68,1.33,0.88,3.13,42.58
T0002176,O0000726,INV0001088,IL0002176,2025-05-27,2025-05-27,C00420,P0014,SO04,BU2,R02,USD,268,585.42,51.27,538.01,12.49,5.77,22.12,26.44,402.25
T0002177,O0000726,INV0001089,IL0002177,2026-09-21,2026-09-21,C00226,P0150,SO02,BU3,R01,USD,537,1078.56,29.04,1042.03,4.48,7.77,4.76,57.08,649.71
T0002178,O0000726,INV0001089,IL0002178,2026-01-16,2026-01-16,C00462,P0002,SO01,BU2,R03,USD,311,709.83,20.78,681.39,10.51,21.48,24.33,33.35,526.54
T0002179,O0000727,INV0001090,IL0002179,2026-12-17,2026-12-17,C00004,P0074,SO02,BU4,R02,USD,1019,2150.6,99.71,2024.43,56.6,44.19,74.33,92.88,1207.7
T0002180,O0000727,INV0001090,IL0002180,2026-04-15,2026-04-15,C00013,P0053,SO03,BU4,R03,USD,1094,588.24,17.21,556.23,9.8,27.21,22.21,30.14,438.41
T0002181,O0000727,INV0001091,IL0002181,2025-07-17,2025-07-17,C00228,P0040,SO02,BU2,R02,USD,1172,2397.44,64.67,2253.34,4.61,121.64,46.82,70.23,1664.93
T0002182,O0000728,INV0001091,IL0002182,2026-02-09,2026-02-09,C00101,P0105,SO03,BU4,R03,USD,297,726.46,56.94,635.01,17.61,17.03,0.13,6.15,362.4
T0002183,O0000728,INV0001092,IL0002183,2025-06-05,2025-06-05,C00014,P0013,SO02,BU1,R03,USD,608,926.59,24.87,913.79,10.78,12.9,35.75,13.09,585.68
T0002184,O0000728,INV0001092,IL0002184,2025-08-06,2025-08-06,C00217,P0116,SO04,BU3,R01,USD,790,190.63,15.06,168.49,0.95,10.25,4.12,8.54,113.15
T0002185,O0000729,INV0001093,IL0002185,2026-10-16,2026-10-16,C00044,P0053,SO03,BU1,R02,USD,27,66.27,4.24,60.55,0.5,3.34,2.36,2.54,48.08
T0002186,O0000729,INV0001093,IL0002186,2025-01-25,2025-01-25,C00288,P0095,SO04,BU2,R04,USD,583,989.53,82.52,903.76,3.38,10.22,10.35,54.86,577.38
T0002187,O0000729,INV0001094,IL0002187,2026-08-01,2026-08-01,C00477,P0056,SO02,BU4,R03,USD,112,266.83,25.86,242.42,7.0,1.14,9.59,1.86,149.88
T0002188,O0000730,INV0001094,IL0002188,2025-12-20,2025-12-20,C00403,P0136,SO02,BU2,R02,USD,1117,2818.97,61.1,2706.59,44.31,79.01,72.04,6.77,1927.92
T0002189,O0000730,INV0001095,IL0002189,2025-09-19,2025-09-19,C00327,P0018,SO02,BU2,R04,USD,587,201.93,4.89,194.76,2.11,4.28,4.11,2.91,101.21
T0002190,O0000730,INV0001095,IL0002190,2025-12-05,2025-12-05,C00098,P0134,SO04,BU4,R01,USD,572,889.57,19.33,864.31,8.28,15.64,17.99,37.78,476.08
T0002191,O0000731,INV0001096,IL0002191,2025-01-13,2025-01-13,C00053,P0104,SO02,BU1,R03,USD,660,790.94,35.38,725.89,11.56,35.48,17.37,48.88,387.64
T0002192,O0000731,INV0001096,IL0002192,2026-09-15,2026-09-15,C00020,P0040,SO05,BU3,R02,USD,220,277.38,16.82,247.21,5.77,9.85,2.27,7.54,187.64
T0002193,O0000731,INV0001097,IL0002193,2025-04-20,2025-04-20,C00188,P0133,SO03,BU1,R02,USD,878,2457.61,127.15,2343.97,31.14,11.51,56.16,63.23,1748.46
T0002194,O0000732,INV0001097,IL0002194,2025-12-31,2025-12-31,C00297,P0134,SO02,BU3,R01,USD,417,252.99,1.66,243.47,6.6,10.01,8.75,16.69,145.01
T0002195,O0000732,INV0001098,IL0002195,2025-08-01,2025-08-01,C00192,P0049,SO04,BU1,R04,USD,740,1404.89,9.41,1395.19,14.66,25.28,39.65,24.11,888.9
T0002196,O0000732,INV0001098,IL0002196,2025-09-03,2025-09-03,C00127,P0149,SO04,BU3,R04,USD,1052,647.51,10.31,636.49,7.77,5.06,12.12,21.47,451.64
T0002197,O0000733,INV0001099,IL0002197,2026-07-27,2026-07-27,C00023,P0018,SO01,BU3,R04,USD,1114,2622.8,243.67,2366.69,33.66,69.95,91.17,144.96,1262.1
T0002198,O0000733,INV0001099,IL0002198,2025-07-27,2025-07-27,C00004,P0039,SO02,BU1,R02,USD,708,514.01,46.31,454.94,7.12,13.54,7.9,25.83,332.0
T0002199,O0000733,INV0001100,IL0002199,2025-08-16,2025-08-16,C00131,P0082,SO03,BU3,R02,USD,769,1803.61,128.08,1691.5,8.91,12.48,37.36,50.5,1342.15
T0002200,O0000734,INV0001100,IL0002200,2025-09-02,2025-09-02,C00003,P0140,SO05,BU3,R02,USD,400,1077.4,0.82,997.61,29.61,54.75,5.39,0.56,734.98
T0002201,O0000734,INV0001101,IL0002201,2026-04-13,2026-04-13,C00392,P0058,SO03,BU2,R04,USD,351,953.6,75.65,852.53,13.42,48.24,36.24,52.45,488.69
T0002202,O0000734,INV0001101,IL0002202,2026-05-29,2026-05-29,C00150,P0036,SO01,BU3,R03,USD,272,552.46,26.56,505.72,8.35,11.85,0.02,0.31,358.39
T0002203,O0000735,INV0001102,IL0002203,2025-03-26,2025-03-26,C00075,P0019,SO02,BU2,R02,USD,299,625.69,17.44,593.62,3.63,23.23,12.23,40.07,455.98
T0002204,O0000735,INV0001102,IL0002204,2025-12-24,2025-12-24,C00379,P0124,SO05,BU3,R02,USD,971,418.31,25.9,371.54,11.64,16.38,7.15,15.07,214.88
T0002205,O0000735,INV0001103,IL0002205,2026-10-09,2026-10-09,C00244,P0028,SO03,BU1,R02,USD,757,1570.85,68.25,1460.04,36.38,34.79,28.61,62.06,884.2
T0002206,O0000736,INV0001103,IL0002206,2026-11-29,2026-11-29,C00194,P0135,SO03,BU4,R01,USD,408,386.7,10.29,363.4,0.2,15.17,2.36,21.36,286.98
T0002207,O0000736,INV0001104,IL0002207,2025-05-22,2025-05-22,C00346,P0098,SO02,BU4,R01,USD,411,930.3,58.06,867.38,26.71,9.33,31.18,46.16,597.48
T0002208,O0000736,INV0001104,IL0002208,2025-09-07,2025-09-07,C00320,P0004,SO05,BU3,R04,USD,53,60.74,1.73,58.23,1.22,1.41,1.85,3.21,34.85
T0002209,O0000737,INV0001105,IL0002209,2026-08-24,2026-08-24,C00059,P0022,SO01,BU3,R02,USD,86,186.59,1.79,183.93,0.39,7.27,6.79,0.4,111.46
T0002210,O0000737,INV0001105,IL0002210,2025-02-03,2025-02-03,C00069,P0103,SO02,BU4,R03,USD,1157,1974.77,41.26,1893.66,15.5,50.91,26.56,73.74,1199.87
T0002211,O0000737,INV0001106,IL0002211,2025-07-28,2025-07-28,C00113,P0082,SO05,BU2,R01,USD,1049,1590.39,32.92,1538.08,23.47,7.81,11.89,43.38,889.72
T0002212,O0000738,INV0001106,IL0002212,2026-08-07,2026-08-07,C00047,P0065,SO03,BU1,R04,USD,506,1401.97,99.66,1209.21,38.87,75.95,21.72,70.4,784.29
T0002213,O0000738,INV0001107,IL0002213,2025-06-09,2025-06-09,C00012,P0054,SO03,BU3,R02,USD,1023,2076.08,169.68,1904.01,25.39,41.66,64.66,52.36,1079.06
T0002214,O0000738,INV0001107,IL0002214,2025-12-08,2025-12-08,C00136,P0043,SO01,BU4,R04,USD,273,260.61,1.03,253.73,0.27,12.62,7.04,9.7,135.4
T0002215,O0000739,INV0001108,IL0002215,2026-11-12,2026-11-12,C00026,P0023,SO05,BU2,R01,USD,782,1790.08,57.22,1670.34,31.64,55.08,24.2,16.75,963.73
T0002216,O0000739,INV0001108,IL0002216,2025-04-28,2025-04-28,C00206,P0052,SO02,BU2,R03,USD,415,1169.84,37.47,1085.59,14.77,42.17,10.16,57.95,757.49
T0002217,O0000739,INV0001109,IL0002217,2025-07-25,2025-07-25,C00416,P0004,SO03,BU3,R04,USD,129,42.8,0.16,41.65,0.07,1.93,1.01,1.29,21.33
T0002218,O0000740,INV0001109,IL0002218,2025-04-27,2025-04-27,C00373,P0001,SO05,BU2,R03,USD,1098,3033.12,52.62,2804.48,58.57,158.21,40.76,12.66,2264.27
T0002219,O0000740,INV0001110,IL0002219,2026-07-11,2026-07-11,C00451,P0047,SO05,BU4,R02,USD,113,207.9,4.78,194.55,5.76,8.08,5.27,1.21,124.08
T0002220,O0000740,INV0001110,IL0002220,2026-03-04,2026-03-04,C00202,P0044,SO03,BU2,R01,USD,60,92.8,7.52,86.55,0.39,0.7,2.36,2.11,58.05
T0002221,O0000741,INV0001111,IL0002221,2026-08-09,2026-08-09,C00156,P0118,SO04,BU1,R02,USD,947,2311.63,201.53,2110.75,63.2,28.01,91.86,13.04,1668.27
T0002222,O0000741,INV0001111,IL0002222,2025-12-24,2025-12-24,C00349,P0141,SO02,BU3,R03,USD,510,103.17,6.32,96.01,1.54,1.15,1.85,6.58,64.08
T0002223,O0000741,INV0001112,IL0002223,2025-04-07,2025-04-07,C00286,P0150,SO04,BU4,R03,USD,641,354.86,14.98,328.32,2.48,19.49,10.41,0.66,205.7
T0002224,O0000742,INV0001112,IL0002224,2025-04-17,2025-04-17,C00208,P0125,SO04,BU2,R04,USD,990,2002.27,19.68,1980.92,29.75,43.84,71.92,75.25,1330.1
T0002225,O0000742,INV0001113,IL0002225,2025-08-10,2025-08-10,C00210,P0061,SO04,BU2,R01,USD,1125,1782.34,118.49,1682.8,19.12,8.61,46.68,92.15,1294.24
T0002226,O0000742,INV0001113,IL0002226,2025-06-15,2025-06-15,C00236,P0103,SO01,BU2,R02,USD,335,224.95,9.72,206.58,3.0,10.28,4.63,9.95,143.87
T0002227,O0000743,INV0001114,IL0002227,2026-04-04,2026-04-04,C00330,P0102,SO03,BU3,R01,USD,819,2311.22,75.08,2162.3,12.98,116.54,55.68,81.4,1686.63
T0002228,O0000743,INV0001114,IL0002228,2026-09-16,2026-09-16,C00001,P0119,SO05,BU2,R01,USD,1199,2084.58,168.52,1895.49,35.37,12.17,26.97,63.72,1363.93
T0002229,O0000743,INV0001115,IL0002229,2025-06-05,2025-06-05,C00223,P0083,SO05,BU4,R04,USD,1025,1224.98,3.05,1147.76,30.82,61.45,18.1,1.98,842.51
T0002230,O0000744,INV0001115,IL0002230,2025-01-31,2025-01-31,C00474,P0019,SO05,BU2,R01,USD,265,594.79,6.5,570.2,16.9,12.68,11.49,22.82,382.54
T0002231,O0000744,INV0001116,IL0002231,2025-05-23,2025-05-23,C00303,P0091,SO03,BU1,R04,USD,728,1688.81,90.25,1572.83,22.36,60.22,56.85,47.18,956.45
T0002232,O0000744,INV0001116,IL0002232,2025-02-27,2025-02-27,C00447,P0093,SO02,BU2,R04,USD,18,37.77,0.69,35.58,0.31,1.46,0.27,1.4,28.15
T0002233,O0000745,INV0001117,IL0002233,2026-05-19,2026-05-19,C00179,P0119,SO02,BU2,R02,USD,487,923.16,71.45,838.22,16.33,0.91,3.75,19.94,669.86
T0002234,O0000745,INV0001117,IL0002234,2025-01-14,2025-01-14,C00033,P0130,SO03,BU1,R01,USD,83,124.28,2.12,122.48,2.81,0.16,3.29,1.28,80.56
T0002235,O0000745,INV0001118,IL0002235,2025-07-05,2025-07-05,C00083,P0059,SO02,BU3,R02,USD,845,1516.44,124.48,1372.01,28.84,1.31,10.2,75.15,745.66
T0002236,O0000746,INV0001118,IL0002236,2026-05-26,2026-05-26,C00328,P0051,SO01,BU1,R04,USD,288,676.54,53.14,592.27,18.36,24.23,11.46,33.37,373.91
T0002237,O0000746,INV0001119,IL0002237,2026-04-08,2026-04-08,C00187,P0062,SO01,BU4,R02,USD,600,1700.64,118.58,1529.66,16.66,82.7,46.96,81.66,1200.47
T0002238,O0000746,INV0001119,IL0002238,2025-11-09,2025-11-09,C00201,P0095,SO04,BU2,R01,USD,1025,884.37,63.71,789.65,14.4,23.98,7.37,13.99,584.45
T0002239,O0000747,INV0001120,IL0002239,2026-01-17,2026-01-17,C00113,P0066,SO01,BU3,R01,USD,144,133.83,8.77,117.83,3.6,7.18,3.55,7.65,79.93
T0002240,O0000747,INV0001120,IL0002240,2026-06-11,2026-06-11,C00102,P0069,SO02,BU1,R03,USD,416,948.52,53.27,871.55,24.36,34.5,35.16,57.63,629.23
T0002241,O0000747,INV0001121,IL0002241,2026-10-08,2026-10-08,C00082,P0107,SO01,BU4,R01,USD,452,605.36,23.71,569.52,5.44,10.43,3.74,32.35,436.46
T0002242,O0000748,INV0001121,IL0002242,2026-04-30,2026-04-30,C00187,P0135,SO01,BU4,R02,USD,19,50.31,4.53,46.68,0.44,0.44,1.78,2.63,29.9
T0002243,O0000748,INV0001122,IL0002243,2026-07-29,2026-07-29,C00112,P0065,SO05,BU2,R04,USD,509,1275.71,92.97,1140.36,38.15,48.45,44.22,1.9,623.65
T0002244,O0000748,INV0001122,IL0002244,2025-11-09,2025-11-09,C00164,P0016,SO02,BU4,R02,USD,75,132.82,7.07,127.31,1.6,1.21,4.37,1.76,65.66
T0002245,O0000749,INV0001123,IL0002245,2025-06-26,2025-06-26,C00470,P0051,SO04,BU3,R03,USD,103,210.2,9.39,190.56,5.77,5.67,1.19,4.2,158.11
T0002246,O0000749,INV0001123,IL0002246,2026-10-13,2026-10-13,C00404,P0089,SO01,BU1,R02,USD,504,847.27,2.42,852.17,10.72,15.61,33.65,2.29,432.77
T0002247,O0000749,INV0001124,IL0002247,2025-05-16,2025-05-16,C00353,P0002,SO05,BU2,R01,USD,713,172.4,3.19,165.71,2.91,2.96,2.37,1.62,125.46
T0002248,O0000750,INV0001124,IL0002248,2026-04-21,2026-04-21,C00306,P0068,SO03,BU4,R01,USD,468,1022.16,63.42,917.84,25.53,18.59,3.22,58.19,697.15
T0002249,O0000750,INV0001125,IL0002249,2025-04-25,2025-04-25,C00073,P0062,SO02,BU4,R01,USD,1189,306.64,30.47,279.44,1.54,6.04,10.85,2.91,217.34
T0002250,O0000750,INV0001125,IL0002250,2026-03-21,2026-03-21,C00431,P0098,SO01,BU2,R04,USD,714,340.15,1.74,333.14,3.71,4.18,2.62,8.16,231.36
T0002251,O0000751,INV0001126,IL0002251,2025-10-27,2025-10-27,C00176,P0021,SO04,BU1,R04,USD,893,2489.77,198.73,2202.03,61.53,85.7,58.22,12.08,1421.09
T0002252,O0000751,INV0001126,IL0002252,2026-11-13,2026-11-13,C00462,P0078,SO02,BU4,R03,USD,742,752.98,51.52,684.79,15.56,28.93,27.82,22.72,449.53
T0002253,O0000751,INV0001127,IL0002253,2026-07-11,2026-07-11,C00433,P0028,SO04,BU2,R01,USD,943,672.83,29.76,602.15,7.78,36.92,3.78,13.38,339.32
T0002254,O0000752,INV0001127,IL0002254,2026-05-03,2026-05-03,C00192,P0109,SO01,BU2,R04,USD,881,763.92,7.75,745.57,17.26,1.21,7.87,50.92,392.03
T0002255,O0000752,INV0001128,IL0002255,2026-11-02,2026-11-02,C00227,P0101,SO01,BU2,R02,USD,38,66.61,6.21,60.3,0.85,0.86,1.61,0.09,40.02
T0002256,O0000752,INV0001128,IL0002256,2025-08-29,2025-08-29,C00473,P0087,SO03,BU3,R01,USD,902,1955.9,184.06,1775.93,18.23,3.49,25.81,73.37,1275.94
T0002257,O0000753,INV0001129,IL0002257,2025-05-27,2025-05-27,C00470,P0033,SO04,BU2,R03,USD,912,718.29,57.74,608.7,20.42,37.62,6.19,35.27,501.98
T0002258,O0000753,INV0001129,IL0002258,2026-06-28,2026-06-28,C00471,P0143,SO02,BU1,R04,USD,88,88.34,3.04,81.93,2.48,3.19,2.3,2.12,43.82
T0002259,O0000753,INV0001130,IL0002259,2025-09-06,2025-09-06,C00206,P0077,SO02,BU4,R03,USD,104,257.25,3.72,243.05,1.36,10.22,1.1,8.02,141.87
T0002260,O0000754,INV0001130,IL0002260,2026-01-15,2026-01-15,C00227,P0097,SO05,BU3,R02,USD,388,698.01,4.46,667.95,15.04,11.24,0.68,12.1,390.79
T0002261,O0000754,INV0001131,IL0002261,2025-03-29,2025-03-29,C00267,P0052,SO05,BU2,R02,USD,519,697.43,42.89,644.04,4.71,30.52,24.73,38.58,468.67
T0002262,O0000754,INV0001131,IL0002262,2026-11-12,2026-11-12,C00300,P0124,SO01,BU4,R02,USD,253,503.67,5.4,505.74,0.24,4.07,11.78,33.14,375.56
T0002263,O0000755,INV0001132,IL0002263,2026-09-12,2026-09-12,C00065,P0100,SO01,BU3,R01,USD,141,367.85,7.86,362.24,1.78,2.26,6.29,2.11,247.15
T0002264,O0000755,INV0001132,IL0002264,2025-02-24,2025-02-24,C00375,P0129,SO01,BU4,R04,USD,478,1132.72,17.63,1095.49,3.33,34.26,17.99,60.34,829.12
T0002265,O0000755,INV0001133,IL0002265,2026-03-30,2026-03-30,C00112,P0118,SO04,BU2,R04,USD,1001,484.58,1.3,476.35,1.99,13.69,8.75,21.46,232.73
T0002266,O0000756,INV0001133,IL0002266,2025-12-21,2025-12-21,C00436,P0021,SO02,BU4,R02,USD,412,136.29,3.74,127.25,0.21,6.06,0.97,5.76,70.42
T0002267,O0000756,INV0001134,IL0002267,2026-06-18,2026-06-18,C00125,P0144,SO01,BU4,R03,USD,1146,2081.71,184.66,1843.91,46.51,35.46,28.83,76.73,1031.45
T0002268,O0000756,INV0001134,IL0002268,2026-05-31,2026-05-31,C00205,P0116,SO03,BU1,R03,USD,106,86.37,6.73,78.54,0.71,2.87,2.48,2.24,46.43
T0002269,O0000757,INV0001135,IL0002269,2026-12-08,2026-12-08,C00236,P0090,SO05,BU2,R02,USD,150,241.86,17.5,221.87,1.74,5.64,4.89,13.8,119.12
T0002270,O0000757,INV0001135,IL0002270,2026-07-17,2026-07-17,C00341,P0034,SO05,BU3,R03,USD,363,134.82,11.75,121.5,1.27,1.81,1.51,4.64,66.98
T0002271,O0000757,INV0001136,IL0002271,2025-06-13,2025-06-13,C00077,P0001,SO04,BU4,R03,USD,491,790.31,43.22,729.26,8.57,10.26,1.0,10.06,501.09
T0002272,O0000758,INV0001136,IL0002272,2025-03-20,2025-03-20,C00452,P0100,SO02,BU1,R02,USD,258,544.95,34.72,486.57,3.63,25.21,5.18,22.74,347.84
T0002273,O0000758,INV0001137,IL0002273,2025-03-30,2025-03-30,C00333,P0123,SO03,BU4,R03,USD,789,1406.47,65.52,1301.23,21.53,54.65,36.46,16.78,843.82
T0002274,O0000758,INV0001137,IL0002274,2025-02-13,2025-02-13,C00012,P0091,SO05,BU1,R02,USD,175,151.57,10.87,134.63,3.55,8.06,5.54,4.09,92.14
T0002275,O0000759,INV0001138,IL0002275,2025-10-03,2025-10-03,C00288,P0094,SO01,BU1,R04,USD,1101,2661.45,85.34,2550.88,14.4,67.16,56.33,19.66,1337.8
T0002276,O0000759,INV0001138,IL0002276,2026-08-22,2026-08-22,C00386,P0021,SO05,BU4,R01,USD,552,1276.28,38.79,1232.95,9.94,25.51,30.91,34.13,663.28
T0002277,O0000759,INV0001139,IL0002277,2025-12-13,2025-12-13,C00200,P0030,SO05,BU4,R04,USD,391,543.84,27.11,514.42,3.86,13.34,14.89,27.2,278.76
T0002278,O0000760,INV0001139,IL0002278,2026-05-29,2026-05-29,C00257,P0107,SO05,BU1,R01,USD,881,724.36,25.67,688.96,2.32,29.57,22.16,37.44,425.11
T0002279,O0000760,INV0001140,IL0002279,2026-07-11,2026-07-11,C00113,P0007,SO02,BU4,R01,USD,754,1131.08,51.89,1043.66,6.64,52.63,23.74,60.14,779.63
T0002280,O0000760,INV0001140,IL0002280,2025-02-17,2025-02-17,C00085,P0036,SO02,BU3,R03,USD,601,1178.86,113.34,1045.55,10.68,51.06,41.77,31.05,623.92
T0002281,O0000761,INV0001141,IL0002281,2025-08-12,2025-08-12,C00001,P0076,SO04,BU4,R01,USD,156,363.6,15.13,350.56,1.06,5.96,9.11,4.55,184.94
T0002282,O0000761,INV0001141,IL0002282,2026-06-08,2026-06-08,C00117,P0029,SO05,BU4,R03,USD,822,2321.49,171.12,2042.4,14.43,117.86,24.32,35.78,1132.0
T0002283,O0000761,INV0001142,IL0002283,2025-11-17,2025-11-17,C00194,P0138,SO04,BU3,R01,USD,803,1416.25,127.8,1263.44,39.38,16.86,31.23,20.46,988.87
T0002284,O0000762,INV0001142,IL0002284,2025-01-29,2025-01-29,C00143,P0139,SO03,BU4,R04,USD,1006,2015.42,185.53,1790.94,13.78,80.8,55.63,43.19,1011.85
T0002285,O0000762,INV0001143,IL0002285,2025-07-05,2025-07-05,C00383,P0038,SO05,BU4,R04,USD,242,470.86,7.89,451.1,13.21,9.93,11.27,1.38,262.95
T0002286,O0000762,INV0001143,IL0002286,2025-09-28,2025-09-28,C00026,P0097,SO05,BU1,R01,USD,1195,515.64,28.01,476.22,2.64,14.56,5.79,6.42,265.42
T0002287,O0000763,INV0001144,IL0002287,2025-03-31,2025-03-31,C00275,P0030,SO05,BU3,R02,USD,830,1594.26,135.19,1410.24,22.98,59.38,33.53,82.58,1090.71
T0002288,O0000763,INV0001144,IL0002288,2026-06-18,2026-06-18,C00336,P0065,SO04,BU3,R04,USD,987,2534.62,147.42,2301.4,34.13,83.68,32.01,21.72,1876.53
T0002289,O0000763,INV0001145,IL0002289,2026-05-18,2026-05-18,C00064,P0029,SO04,BU1,R04,USD,1128,2774.09,219.3,2500.14,82.21,54.31,81.87,93.55,1761.02
T0002290,O0000764,INV0001145,IL0002290,2025-04-15,2025-04-15,C00482,P0003,SO04,BU2,R01,USD,167,249.67,15.78,222.67,5.13,13.15,7.06,3.79,148.25
T0002291,O0000764,INV0001146,IL0002291,2026-02-22,2026-02-22,C00103,P0025,SO01,BU2,R04,USD,954,2670.72,97.89,2504.02,28.23,120.15,79.57,18.12,1845.26
T0002292,O0000764,INV0001146,IL0002292,2026-09-04,2026-09-04,C00157,P0106,SO02,BU3,R03,USD,1009,2643.58,134.06,2402.82,7.03,122.01,22.34,119.51,1900.27
T0002293,O0000765,INV0001147,IL0002293,2026-10-26,2026-10-26,C00298,P0150,SO02,BU2,R01,USD,812,1296.11,122.84,1148.77,27.13,8.11,10.74,40.17,920.92
T0002294,O0000765,INV0001147,IL0002294,2026-03-13,2026-03-13,C00253,P0090,SO02,BU3,R03,USD,361,175.73,3.9,171.23,5.19,1.88,6.47,2.9,123.83
T0002295,O0000765,INV0001148,IL0002295,2026-04-27,2026-04-27,C00315,P0135,SO01,BU3,R02,USD,558,962.16,72.58,883.93,1.31,36.47,32.13,41.61,527.21
T0002296,O0000766,INV0001148,IL0002296,2026-09-08,2026-09-08,C00183,P0076,SO02,BU4,R04,USD,1066,2402.02,120.95,2293.79,24.63,55.63,92.98,109.2,1736.47
T0002297,O0000766,INV0001149,IL0002297,2026-08-24,2026-08-24,C00281,P0032,SO05,BU1,R01,USD,996,2441.3,243.93,2110.75,15.95,84.88,14.21,142.0,1392.04
T0002298,O0000766,INV0001149,IL0002298,2025-12-17,2025-12-17,C00055,P0113,SO04,BU1,R04,USD,152,365.68,25.62,339.67,2.02,11.22,12.85,20.04,239.97
T0002299,O0000767,INV0001150,IL0002299,2025-09-18,2025-09-18,C00427,P0127,SO04,BU2,R02,USD,377,978.43,10.4,944.94,20.64,9.8,7.35,8.04,691.86
T0002300,O0000767,INV0001150,IL0002300,2026-07-10,2026-07-10,C00203,P0060,SO04,BU3,R02,USD,544,617.93,6.04,588.0,3.85,26.26,6.22,12.92,337.05
T0002301,O0000767,INV0001151,IL0002301,2025-08-11,2025-08-11,C00398,P0014,SO05,BU4,R03,USD,506,102.82,7.94,93.89,1.45,2.26,2.72,6.3,59.08
T0002302,O0000768,INV0001151,IL0002302,2025-02-17,2025-02-17,C00334,P0110,SO05,BU2,R03,USD,752,1906.17,110.42,1772.9,26.58,66.01,69.74,122.28,932.1
T0002303,O0000768,INV0001152,IL0002303,2026-09-18,2026-09-18,C00310,P0046,SO04,BU4,R03,USD,953,1401.67,108.83,1277.39,7.91,50.18,42.64,35.81,709.28
T0002304,O0000768,INV0001152,IL0002304,2025-03-07,2025-03-07,C00035,P0053,SO02,BU3,R02,USD,973,674.19,28.91,622.29,0.58,25.67,3.26,30.78,447.61
T0002305,O0000769,INV0001153,IL0002305,2025-01-12,2025-01-12,C00362,P0047,SO05,BU2,R01,USD,281,538.59,34.81,465.93,11.88,28.0,2.03,28.69,351.53
T0002306,O0000769,INV0001153,IL0002306,2025-08-24,2025-08-24,C00416,P0016,SO04,BU2,R04,USD,513,345.51,8.11,318.32,3.24,17.14,1.3,14.46,218.5
T0002307,O0000769,INV0001154,IL0002307,2025-11-14,2025-11-14,C00149,P0069,SO01,BU2,R03,USD,617,1364.37,75.42,1296.16,34.91,11.65,53.77,62.89,666.67
T0002308,O0000770,INV0001154,IL0002308,2025-09-08,2025-09-08,C00414,P0095,SO01,BU1,R03,USD,640,865.73,30.39,830.92,23.23,4.33,23.14,38.24,540.33
T0002309,O0000770,INV0001155,IL0002309,2025-12-11,2025-12-11,C00214,P0071,SO01,BU1,R03,USD,1189,1118.85,34.56,1062.03,11.8,38.21,27.75,14.31,557.4
T0002310,O0000770,INV0001155,IL0002310,2025-02-09,2025-02-09,C00164,P0080,SO05,BU1,R02,USD,624,1509.77,149.49,1308.21,31.0,51.78,30.71,35.31,1073.3
T0002311,O0000771,INV0001156,IL0002311,2025-03-19,2025-03-19,C00342,P0019,SO01,BU1,R03,USD,418,430.5,13.76,405.77,3.45,17.74,10.22,18.01,227.79
T0002312,O0000771,INV0001156,IL0002312,2025-06-28,2025-06-28,C00124,P0123,SO03,BU1,R02,USD,791,1056.38,70.14,952.48,31.66,34.86,32.76,15.58,675.62
T0002313,O0000771,INV0001157,IL0002313,2026-07-05,2026-07-05,C00197,P0024,SO04,BU3,R03,USD,522,223.36,1.46,208.49,5.51,9.61,1.71,12.2,149.54
T0002314,O0000772,INV0001157,IL0002314,2025-08-25,2025-08-25,C00402,P0079,SO05,BU1,R01,USD,584,1124.43,96.55,1024.84,9.92,23.41,30.29,13.47,701.05
T0002315,O0000772,INV0001158,IL0002315,2026-02-24,2026-02-24,C00098,P0052,SO05,BU2,R01,USD,1069,1730.28,39.81,1683.92,12.36,19.86,25.67,86.94,1285.49
T0002316,O0000772,INV0001158,IL0002316,2026-01-26,2026-01-26,C00224,P0066,SO02,BU2,R04,USD,1049,1406.18,113.67,1258.68,34.25,13.59,14.01,33.81,896.25
T0002317,O0000773,INV0001159,IL0002317,2026-09-28,2026-09-28,C00484,P0035,SO03,BU2,R02,USD,685,751.58,33.8,679.88,4.6,33.95,0.65,7.76,542.15
T0002318,O0000773,INV0001159,IL0002318,2026-07-27,2026-07-27,C00325,P0134,SO05,BU4,R03,USD,774,1397.38,122.85,1219.46,38.62,64.83,48.38,36.44,768.07
T0002319,O0000773,INV0001160,IL0002319,2026-09-12,2026-09-12,C00448,P0109,SO05,BU2,R04,USD,679,502.05,30.17,452.84,12.64,12.99,6.59,3.95,277.34
T0002320,O0000774,INV0001160,IL0002320,2026-07-17,2026-07-17,C00268,P0052,SO01,BU1,R02,USD,87,192.67,15.38,177.79,1.97,1.45,3.92,11.63,117.05
T0002321,O0000774,INV0001161,IL0002321,2025-10-19,2025-10-19,C00379,P0103,SO03,BU1,R02,USD,1067,2935.21,126.13,2688.85,51.87,98.68,30.32,131.9,1422.38
T0002322,O0000774,INV0001161,IL0002322,2026-04-14,2026-04-14,C00359,P0006,SO04,BU2,R04,USD,115,46.8,1.22,44.8,0.62,0.21,0.05,2.5,32.41
T0002323,O0000775,INV0001162,IL0002323,2025-09-24,2025-09-24,C00408,P0115,SO04,BU4,R04,USD,699,857.74,71.13,741.49,10.78,34.34,0.0,28.17,493.06
T0002324,O0000775,INV0001162,IL0002324,2026-06-02,2026-06-02,C00217,P0006,SO04,BU4,R01,USD,797,1189.12,34.79,1095.55,20.08,47.3,8.6,15.91,665.37
T0002325,O0000775,INV0001163,IL0002325,2026-01-12,2026-01-12,C00313,P0112,SO04,BU3,R01,USD,1069,1127.69,99.57,1011.55,33.57,17.26,34.26,23.73,546.54
T0002326,O0000776,INV0001163,IL0002326,2026-02-23,2026-02-23,C00210,P0148,SO03,BU4,R01,USD,1002,1098.39,5.0,1032.55,27.18,45.27,11.61,40.55,581.95
T0002327,O0000776,INV0001164,IL0002327,2025-03-15,2025-03-15,C00242,P0138,SO04,BU3,R01,USD,353,911.34,73.05,817.6,3.4,48.07,30.78,56.11,521.76
T0002328,O0000776,INV0001164,IL0002328,2026-11-30,2026-11-30,C00440,P0062,SO03,BU2,R04,USD,672,1684.3,168.26,1503.81,21.62,15.97,25.36,54.12,1200.33
T0002329,O0000777,INV0001165,IL0002329,2025-03-15,2025-03-15,C00323,P0106,SO03,BU4,R02,USD,1069,2038.58,116.8,1875.33,46.4,45.66,45.61,50.59,1008.07
T0002330,O0000777,INV0001165,IL0002330,2025-11-27,2025-11-27,C00263,P0090,SO03,BU4,R04,USD,48,100.92,0.85,93.59,2.33,4.72,0.57,2.47,63.96
T0002331,O0000777,INV0001166,IL0002331,2025-12-08,2025-12-08,C00044,P0054,SO01,BU1,R02,USD,612,1160.35,58.45,1073.14,12.84,57.86,41.94,26.31,716.08
T0002332,O0000778,INV0001166,IL0002332,2026-01-21,2026-01-21,C00389,P0122,SO02,BU2,R03,USD,452,548.77,22.77,528.56,0.85,5.86,9.27,25.16,302.4
T0002333,O0000778,INV0001167,IL0002333,2025-08-05,2025-08-05,C00322,P0067,SO03,BU1,R01,USD,1051,2380.52,89.87,2215.85,52.76,32.03,9.99,149.37,1190.6
T0002334,O0000778,INV0001167,IL0002334,2025-07-20,2025-07-20,C00114,P0095,SO05,BU3,R01,USD,873,364.04,25.99,341.83,8.11,0.96,12.85,21.2,260.18
T0002335,O0000779,INV0001168,IL0002335,2025-11-05,2025-11-05,C00144,P0092,SO05,BU3,R04,USD,955,2431.43,42.08,2364.85,30.16,18.17,23.83,89.09,1434.24
T0002336,O0000779,INV0001168,IL0002336,2026-12-15,2026-12-15,C00022,P0131,SO05,BU4,R03,USD,1145,3002.88,181.81,2763.56,73.3,43.76,59.55,72.41,2091.65
T0002337,O0000779,INV0001169,IL0002337,2025-10-07,2025-10-07,C00351,P0074,SO03,BU4,R04,USD,594,1438.07,102.51,1312.52,5.97,28.01,10.94,72.33,992.23
T0002338,O0000780,INV0001169,IL0002338,2025-01-29,2025-01-29,C00493,P0062,SO01,BU4,R03,USD,807,1148.76,64.05,1065.17,9.7,16.75,6.91,35.79,859.64
T0002339,O0000780,INV0001170,IL0002339,2026-04-24,2026-04-24,C00182,P0021,SO05,BU2,R03,USD,921,1028.3,30.65,984.16,2.35,42.67,31.53,14.33,681.24
T0002340,O0000780,INV0001170,IL0002340,2026-09-29,2026-09-29,C00302,P0015,SO02,BU2,R03,USD,105,178.97,4.97,172.64,0.18,4.03,2.85,1.81,122.29
T0002341,O0000781,INV0001171,IL0002341,2025-10-25,2025-10-25,C00370,P0068,SO01,BU3,R01,USD,510,807.13,77.37,704.3,8.08,29.18,11.8,8.89,464.7
T0002342,O0000781,INV0001171,IL0002342,2025-07-25,2025-07-25,C00443,P0034,SO04,BU2,R02,USD,890,2498.14,157.71,2180.96,68.61,92.21,1.35,39.73,1869.19
T0002343,O0000781,INV0001172,IL0002343,2025-01-30,2025-01-30,C00438,P0147,SO03,BU3,R03,USD,153,52.02,1.28,48.82,0.48,2.83,1.39,0.27,36.98
T0002344,O0000782,INV0001172,IL0002344,2026-09-07,2026-09-07,C00353,P0129,SO04,BU3,R01,USD,827,1989.43,197.67,1846.0,5.18,11.14,70.56,96.77,1234.77
T0002345,O0000782,INV0001173,IL0002345,2026-04-04,2026-04-04,C00404,P0071,SO03,BU1,R02,USD,883,339.34,24.78,303.1,4.79,7.93,1.26,13.75,223.96
T0002346,O0000782,INV0001173,IL0002346,2026-06-08,2026-06-08,C00250,P0001,SO04,BU1,R01,USD,955,2041.12,84.01,1887.71,41.1,96.38,68.08,19.46,1292.68
T0002347,O0000783,INV0001174,IL0002347,2026-09-21,2026-09-21,C00009,P0096,SO05,BU1,R01,USD,765,963.13,94.19,875.84,16.94,0.89,24.73,44.04,480.59
T0002348,O0000783,INV0001174,IL0002348,2026-12-20,2026-12-20,C00120,P0060,SO01,BU1,R04,USD,379,649.34,12.07,619.27,8.24,10.21,0.45,20.86,362.27
T0002349,O0000783,INV0001175,IL0002349,2025-09-05,2025-09-05,C00320,P0137,SO04,BU2,R04,USD,367,962.31,6.46,984.42,1.58,3.56,33.71,25.92,605.24
T0002350,O0000784,INV0001175,IL0002350,2025-11-12,2025-11-12,C00249,P0079,SO05,BU3,R01,USD,508,380.64,22.49,358.9,1.03,9.5,11.28,6.56,218.9
T0002351,O0000784,INV0001176,IL0002351,2025-11-03,2025-11-03,C00443,P0078,SO05,BU1,R02,USD,15,10.23,0.62,9.88,0.09,0.01,0.37,0.12,7.41
T0002352,O0000784,INV0001176,IL0002352,2025-08-20,2025-08-20,C00401,P0130,SO01,BU4,R01,USD,472,1141.44,113.24,994.81,18.4,46.94,31.95,28.8,822.56
T0002353,O0000785,INV0001177,IL0002353,2026-05-24,2026-05-24,C00246,P0078,SO04,BU4,R03,USD,427,179.68,3.66,170.39,1.98,5.0,1.35,6.13,93.36
T0002354,O0000785,INV0001177,IL0002354,2025-07-20,2025-07-20,C00137,P0108,SO01,BU3,R01,USD,1104,2600.25,90.82,2382.14,74.17,133.81,80.69,27.98,1513.63
T0002355,O0000785,INV0001178,IL0002355,2025-05-02,2025-05-02,C00251,P0141,SO05,BU4,R02,USD,681,747.6,46.55,669.52,13.9,33.26,15.63,31.75,506.61
T0002356,O0000786,INV0001178,IL0002356,2025-03-19,2025-03-19,C00470,P0044,SO03,BU2,R03,USD,778,826.16,66.72,698.08,20.81,44.21,3.66,37.04,503.13
T0002357,O0000786,INV0001179,IL0002357,2025-07-02,2025-07-02,C00111,P0138,SO02,BU3,R04,USD,208,363.77,11.32,340.66,8.32,11.44,7.97,0.98,247.59
T0002358,O0000786,INV0001179,IL0002358,2025-02-26,2025-02-26,C00101,P0137,SO03,BU3,R03,USD,538,1341.02,25.36,1309.59,5.11,44.75,43.79,14.39,760.75
T0002359,O0000787,INV0001180,IL0002359,2026-12-07,2026-12-07,C00312,P0095,SO04,BU3,R04,USD,958,2076.94,50.3,2021.97,47.55,5.94,48.82,24.54,1534.13
T0002360,O0000787,INV0001180,IL0002360,2026-06-12,2026-06-12,C00161,P0040,SO01,BU4,R01,USD,405,392.12,38.83,344.23,3.48,8.66,3.08,21.27,197.42
T0002361,O0000787,INV0001181,IL0002361,2025-12-31,2025-12-31,C00186,P0051,SO02,BU2,R01,USD,138,143.01,0.56,139.84,0.25,2.42,0.06,0.86,86.3
T0002362,O0000788,INV0001181,IL0002362,2026-12-31,2026-12-31,C00052,P0013,SO05,BU4,R02,USD,844,964.44,52.95,893.31,19.2,16.6,17.62,44.27,663.15
T0002363,O0000788,INV0001182,IL0002363,2025-09-01,2025-09-01,C00384,P0079,SO01,BU3,R04,USD,631,315.18,17.6,279.25,9.21,10.36,1.24,12.0,187.17
T0002364,O0000788,INV0001182,IL0002364,2026-09-05,2026-09-05,C00137,P0088,SO05,BU1,R01,USD,122,157.78,10.8,139.66,4.43,7.96,5.07,9.5,76.75
T0002365,O0000789,INV0001183,IL0002365,2026-12-13,2026-12-13,C00384,P0098,SO03,BU1,R04,USD,201,45.45,4.07,39.37,1.21,2.12,1.32,0.44,29.92
T0002366,O0000789,INV0001183,IL0002366,2025-09-14,2025-09-14,C00069,P0032,SO03,BU1,R03,USD,1106,616.6,50.82,545.58,17.11,5.15,2.06,13.59,435.91
T0002367,O0000789,INV0001184,IL0002367,2026-10-16,2026-10-16,C00206,P0044,SO03,BU1,R03,USD,1174,2653.47,253.3,2398.25,2.43,28.25,28.76,156.53,1699.34
T0002368,O0000790,INV0001184,IL0002368,2025-03-30,2025-03-30,C00382,P0001,SO01,BU1,R03,USD,717,1217.75,16.95,1174.81,29.21,42.42,45.64,40.48,800.54
T0002369,O0000790,INV0001185,IL0002369,2025-05-16,2025-05-16,C00283,P0117,SO02,BU2,R02,USD,422,253.88,0.77,245.84,7.31,9.23,9.27,5.84,140.87
T0002370,O0000790,INV0001185,IL0002370,2026-05-21,2026-05-21,C00377,P0033,SO04,BU1,R01,USD,401,668.03,62.75,597.42,2.9,12.85,7.89,29.99,355.5
T0002371,O0000791,INV0001186,IL0002371,2025-02-15,2025-02-15,C00170,P0132,SO01,BU1,R01,USD,311,814.54,77.2,692.9,9.76,36.11,1.43,8.42,516.97
T0002372,O0000791,INV0001186,IL0002372,2025-07-06,2025-07-06,C00135,P0004,SO04,BU2,R04,USD,744,1816.85,161.05,1575.06,14.36,95.39,29.01,106.51,1370.49
T0002373,O0000791,INV0001187,IL0002373,2025-02-12,2025-02-12,C00368,P0149,SO01,BU1,R04,USD,536,1342.47,85.19,1192.73,39.15,43.15,17.75,57.43,791.79
T0002374,O0000792,INV0001187,IL0002374,2025-07-29,2025-07-29,C00019,P0025,SO03,BU1,R02,USD,684,1268.2,44.95,1205.58,30.64,15.38,28.35,78.21,797.24
T0002375,O0000792,INV0001188,IL0002375,2026-03-30,2026-03-30,C00373,P0098,SO02,BU4,R03,USD,881,1798.74,163.92,1524.98,33.1,82.07,5.33,102.37,1059.49
T0002376,O0000792,INV0001188,IL0002376,2026-03-03,2026-03-03,C00332,P0033,SO05,BU1,R02,USD,57,144.91,14.38,123.35,3.48,6.92,3.22,2.41,69.93
T0002377,O0000793,INV0001189,IL0002377,2026-08-27,2026-08-27,C00142,P0115,SO03,BU3,R03,USD,1192,2173.14,46.57,2152.18,1.09,39.36,66.06,129.08,1487.47
T0002378,O0000793,INV0001189,IL0002378,2026-06-18,2026-06-18,C00301,P0083,SO03,BU4,R03,USD,1157,728.79,52.35,687.9,6.34,2.94,20.74,22.13,374.72
T0002379,O0000793,INV0001190,IL0002379,2026-07-31,2026-07-31,C00375,P0013,SO02,BU4,R04,USD,487,487.68,6.25,470.13,3.5,9.61,1.81,15.61,334.51
T0002380,O0000794,INV0001190,IL0002380,2026-10-17,2026-10-17,C00029,P0145,SO01,BU3,R03,USD,462,238.72,17.43,209.59,3.53,10.61,2.44,7.59,148.71
T0002381,O0000794,INV0001191,IL0002381,2026-10-04,2026-10-04,C00271,P0106,SO01,BU3,R04,USD,788,1590.97,23.75,1534.77,42.52,32.16,42.23,71.29,1058.76
T0002382,O0000794,INV0001191,IL0002382,2025-06-12,2025-06-12,C00270,P0043,SO03,BU2,R03,USD,13,28.72,0.32,28.06,0.19,0.39,0.24,1.0,17.3
T0002383,O0000795,INV0001192,IL0002383,2025-12-18,2025-12-18,C00219,P0138,SO05,BU2,R02,USD,875,1290.45,52.84,1266.12,19.17,1.31,48.99,71.05,720.06
T0002384,O0000795,INV0001192,IL0002384,2025-08-13,2025-08-13,C00246,P0069,SO04,BU1,R03,USD,1186,1244.11,71.52,1172.46,12.49,5.43,17.79,76.95,667.07
T0002385,O0000795,INV0001193,IL0002385,2025-11-27,2025-11-27,C00460,P0089,SO01,BU3,R02,USD,334,883.93,61.88,799.13,12.96,26.13,16.17,54.09,492.7
T0002386,O0000796,INV0001193,IL0002386,2025-03-07,2025-03-07,C00362,P0075,SO02,BU1,R01,USD,800,1604.8,157.71,1449.22,7.53,39.17,48.83,66.13,1147.32
T0002387,O0000796,INV0001194,IL0002387,2026-09-24,2026-09-24,C00317,P0127,SO04,BU2,R03,USD,536,575.4,15.43,529.71,7.01,24.91,1.66,23.78,333.9
T0002388,O0000796,INV0001194,IL0002388,2025-11-15,2025-11-15,C00455,P0029,SO05,BU4,R04,USD,835,1132.59,67.83,1053.07,8.07,45.01,41.39,70.43,559.44
T0002389,O0000797,INV0001195,IL0002389,2025-12-26,2025-12-26,C00378,P0130,SO01,BU2,R01,USD,134,322.89,12.79,317.37,1.86,0.67,9.8,10.56,184.58
T0002390,O0000797,INV0001195,IL0002390,2026-10-17,2026-10-17,C00080,P0045,SO04,BU1,R04,USD,306,158.23,4.44,146.67,2.57,6.48,1.93,1.72,105.32
T0002391,O0000797,INV0001196,IL0002391,2026-01-26,2026-01-26,C00211,P0142,SO02,BU2,R02,USD,1172,2177.46,166.86,1982.17,28.47,83.13,83.17,121.3,1535.65
T0002392,O0000798,INV0001196,IL0002392,2025-02-04,2025-02-04,C00141,P0003,SO02,BU3,R03,USD,412,1075.2,59.52,1000.28,2.32,50.52,37.44,16.95,648.15
T0002393,O0000798,INV0001197,IL0002393,2026-06-24,2026-06-24,C00205,P0103,SO01,BU4,R03,USD,223,593.0,19.35,548.25,4.85,28.73,8.18,34.25,381.9
T0002394,O0000798,INV0001197,IL0002394,2025-02-11,2025-02-11,C00315,P0112,SO01,BU4,R02,USD,557,1485.41,122.5,1317.19,17.95,57.23,29.46,30.68,732.99
T0002395,O0000799,INV0001198,IL0002395,2025-07-31,2025-07-31,C00203,P0077,SO05,BU4,R02,USD,1184,412.15,24.7,389.71,1.89,12.03,16.18,20.16,245.0
T0002396,O0000799,INV0001198,IL0002396,2026-12-01,2026-12-01,C00079,P0129,SO02,BU4,R04,USD,97,61.67,0.53,59.09,1.63,1.21,0.79,3.25,44.9
T0002397,O0000799,INV0001199,IL0002397,2026-11-04,2026-11-04,C00112,P0143,SO03,BU4,R04,USD,50,98.92,4.49,89.19,2.6,2.99,0.35,1.14,51.88
T0002398,O0000800,INV0001199,IL0002398,2025-09-24,2025-09-24,C00112,P0095,SO03,BU1,R04,USD,988,1869.69,49.92,1819.5,41.98,0.26,41.97,2.85,1304.1
T0002399,O0000800,INV0001200,IL0002399,2026-05-08,2026-05-08,C00426,P0088,SO03,BU3,R01,USD,1162,2371.53,222.49,2143.24,43.2,8.44,45.84,22.98,1384.24
T0002400,O0000800,INV0001200,IL0002400,2026-11-25,2026-11-25,C00353,P0071,SO05,BU2,R01,USD,206,473.51,28.6,439.09,2.35,5.37,1.9,19.05,348.95
T0002401,O0000801,INV0001201,IL0002401,2025-07-02,2025-07-02,C00267,P0063,SO02,BU1,R02,USD,698,1361.17,64.77,1266.56,17.97,32.52,20.65,79.61,775.03
T0002402,O0000801,INV0001201,IL0002402,2026-05-08,2026-05-08,C00010,P0093,SO01,BU3,R01,USD,630,1333.39,35.11,1295.66,31.75,15.42,44.55,69.46,723.16
T0002403,O0000801,INV0001202,IL0002403,2026-07-04,2026-07-04,C00242,P0127,SO04,BU4,R01,USD,698,1728.04,138.36,1567.41,9.06,13.39,0.18,84.23,1111.19
T0002404,O0000802,INV0001202,IL0002404,2025-02-25,2025-02-25,C00250,P0104,SO03,BU4,R01,USD,621,1546.23,53.46,1444.36,16.7,39.44,7.73,4.83,764.25
T0002405,O0000802,INV0001203,IL0002405,2025-05-07,2025-05-07,C00487,P0086,SO04,BU1,R04,USD,956,1333.14,30.49,1233.5,11.51,70.46,12.82,77.23,666.69
T0002406,O0000802,INV0001203,IL0002406,2025-09-26,2025-09-26,C00356,P0138,SO01,BU4,R02,USD,283,181.63,17.12,159.88,2.55,5.0,2.92,3.83,92.46
T0002407,O0000803,INV0001204,IL0002407,2026-10-26,2026-10-26,C00495,P0125,SO05,BU2,R04,USD,205,252.29,8.3,238.84,4.91,6.49,6.25,3.98,143.29
T0002408,O0000803,INV0001204,IL0002408,2025-05-29,2025-05-29,C00275,P0094,SO02,BU4,R02,USD,725,1200.38,100.11,1084.04,24.28,38.43,46.48,56.67,691.81
T0002409,O0000803,INV0001205,IL0002409,2025-11-05,2025-11-05,C00427,P0125,SO02,BU4,R02,USD,1037,457.21,18.69,434.75,0.61,19.8,16.64,7.99,318.47
T0002410,O0000804,INV0001205,IL0002410,2026-10-18,2026-10-18,C00061,P0050,SO04,BU2,R03,USD,353,288.19,21.37,249.39,5.66,15.25,3.48,0.32,138.48
T0002411,O0000804,INV0001206,IL0002411,2025-04-15,2025-04-15,C00129,P0103,SO04,BU3,R01,USD,920,1721.96,16.53,1661.71,37.69,46.66,40.63,93.83,1173.86
T0002412,O0000804,INV0001206,IL0002412,2026-12-12,2026-12-12,C00126,P0075,SO04,BU4,R03,USD,1148,1277.26,40.79,1256.93,13.03,2.93,36.42,24.94,791.66
T0002413,O0000805,INV0001207,IL0002413,2026-02-17,2026-02-17,C00019,P0032,SO05,BU3,R02,USD,62,42.77,3.53,39.53,0.13,0.18,0.6,1.82,28.65
T0002414,O0000805,INV0001207,IL0002414,2025-02-10,2025-02-10,C00389,P0027,SO05,BU3,R03,USD,82,220.59,10.15,202.24,5.23,3.27,0.3,9.92,139.42
T0002415,O0000805,INV0001208,IL0002415,2025-07-02,2025-07-02,C00484,P0136,SO01,BU3,R02,USD,652,1300.94,51.76,1255.39,27.46,7.86,41.53,68.6,835.1
T0002416,O0000806,INV0001208,IL0002416,2026-11-12,2026-11-12,C00282,P0150,SO04,BU2,R01,USD,921,1153.83,28.84,1062.74,34.55,50.17,22.47,65.4,631.43
T0002417,O0000806,INV0001209,IL0002417,2025-12-31,2025-12-31,C00361,P0135,SO05,BU4,R01,USD,844,254.38,1.47,246.64,0.98,7.47,2.18,16.7,177.59
T0002418,O0000806,INV0001209,IL0002418,2025-08-25,2025-08-25,C00411,P0089,SO04,BU4,R02,USD,407,738.42,5.49,731.12,4.2,24.51,26.9,25.21,418.51
T0002419,O0000807,INV0001210,IL0002419,2025-11-14,2025-11-14,C00500,P0059,SO04,BU2,R02,USD,839,2057.48,189.88,1827.49,19.36,80.6,59.85,98.33,1226.12
T0002420,O0000807,INV0001210,IL0002420,2025-03-06,2025-03-06,C00487,P0069,SO02,BU1,R04,USD,55,38.69,2.97,34.2,1.13,1.42,1.03,1.61,28.47
T0002421,O0000807,INV0001211,IL0002421,2025-08-22,2025-08-22,C00412,P0094,SO04,BU2,R02,USD,757,1269.56,19.47,1232.3,31.4,35.87,49.48,81.83,731.21
T0002422,O0000808,INV0001211,IL0002422,2026-11-17,2026-11-17,C00213,P0061,SO01,BU4,R03,USD,551,1140.07,91.2,1047.09,4.84,31.76,34.82,68.82,671.84
T0002423,O0000808,INV0001212,IL0002423,2025-04-17,2025-04-17,C00046,P0033,SO05,BU1,R03,USD,411,948.34,15.77,902.98,7.51,34.3,12.22,23.87,497.44
T0002424,O0000808,INV0001212,IL0002424,2025-04-21,2025-04-21,C00300,P0126,SO03,BU2,R02,USD,1172,2733.22,40.11,2606.25,27.32,93.01,33.47,138.43,2059.45
T0002425,O0000809,INV0001213,IL0002425,2026-04-08,2026-04-08,C00494,P0068,SO04,BU1,R03,USD,783,2053.26,143.74,1846.9,11.14,77.52,26.04,9.88,1150.23
T0002426,O0000809,INV0001213,IL0002426,2026-06-18,2026-06-18,C00050,P0137,SO01,BU3,R01,USD,184,138.17,12.73,121.12,0.78,7.34,3.8,1.75,71.91
T0002427,O0000809,INV0001214,IL0002427,2026-10-26,2026-10-26,C00330,P0139,SO04,BU4,R01,USD,453,619.25,58.9,544.6,7.97,10.25,2.47,10.65,432.24
T0002428,O0000810,INV0001214,IL0002428,2026-05-24,2026-05-24,C00481,P0021,SO04,BU1,R01,USD,792,1560.95,25.88,1500.96,44.31,22.41,32.61,34.0,835.94
T0002429,O0000810,INV0001215,IL0002429,2025-03-03,2025-03-03,C00461,P0025,SO04,BU4,R03,USD,388,528.69,28.64,485.29,14.46,0.33,0.03,26.42,325.08
T0002430,O0000810,INV0001215,IL0002430,2025-10-26,2025-10-26,C00240,P0124,SO02,BU2,R04,USD,1183,246.3,10.39,234.67,4.91,5.9,9.57,7.64,134.58
T0002431,O0000811,INV0001216,IL0002431,2025-05-28,2025-05-28,C00380,P0096,SO01,BU1,R02,USD,999,1303.0,62.91,1171.37,32.77,45.62,9.67,12.08,659.67
T0002432,O0000811,INV0001216,IL0002432,2025-10-16,2025-10-16,C00280,P0135,SO02,BU1,R04,USD,818,1372.28,90.13,1280.0,4.24,29.43,31.52,79.39,675.88
T0002433,O0000811,INV0001217,IL0002433,2026-11-19,2026-11-19,C00083,P0100,SO05,BU2,R02,USD,682,1571.94,40.35,1522.55,20.25,25.81,37.02,3.94,791.2
T0002434,O0000812,INV0001217,IL0002434,2026-12-03,2026-12-03,C00386,P0060,SO05,BU4,R01,USD,51,61.86,5.64,55.19,1.48,1.94,2.39,2.9,42.15
T0002435,O0000812,INV0001218,IL0002435,2026-10-23,2026-10-23,C00008,P0059,SO05,BU2,R04,USD,277,298.58,19.77,267.37,1.03,15.79,5.38,10.34,147.76
T0002436,O0000812,INV0001218,IL0002436,2026-01-18,2026-01-18,C00287,P0147,SO04,BU4,R04,USD,394,488.68,26.62,441.28,8.5,12.49,0.21,3.64,272.51
T0002437,O0000813,INV0001219,IL0002437,2025-12-07,2025-12-07,C00473,P0064,SO03,BU3,R01,USD,519,976.97,38.88,924.26,4.06,47.0,37.23,0.22,578.78
T0002438,O0000813,INV0001219,IL0002438,2025-06-28,2025-06-28,C00058,P0109,SO04,BU3,R01,USD,61,100.63,5.13,92.9,1.11,1.53,0.04,6.04,72.67
T0002439,O0000813,INV0001220,IL0002439,2025-08-26,2025-08-26,C00102,P0095,SO03,BU2,R03,USD,482,1059.68,87.69,944.05,6.11,48.91,27.08,23.93,509.91
T0002440,O0000814,INV0001220,IL0002440,2025-09-03,2025-09-03,C00454,P0084,SO03,BU3,R03,USD,993,1004.62,92.25,916.71,11.37,12.03,27.74,1.67,579.31
T0002441,O0000814,INV0001221,IL0002441,2025-06-16,2025-06-16,C00377,P0021,SO05,BU2,R01,USD,106,275.88,21.11,247.37,1.25,8.24,2.09,6.37,176.56
T0002442,O0000814,INV0001221,IL0002442,2026-10-13,2026-10-13,C00299,P0124,SO04,BU3,R02,USD,1194,253.01,5.58,233.89,6.13,12.0,4.59,8.07,156.35
T0002443,O0000815,INV0001222,IL0002443,2026-05-13,2026-05-13,C00359,P0007,SO02,BU3,R04,USD,76,83.77,4.19,74.2,2.28,4.12,1.02,4.73,43.25
T0002444,O0000815,INV0001222,IL0002444,2026-12-17,2026-12-17,C00196,P0002,SO01,BU3,R02,USD,200,550.34,13.94,513.9,13.36,23.03,13.89,7.51,355.17
T0002445,O0000815,INV0001223,IL0002445,2026-04-04,2026-04-04,C00198,P0144,SO04,BU1,R03,USD,246,540.88,24.53,507.96,13.51,13.61,18.73,2.16,325.59
T0002446,O0000816,INV0001223,IL0002446,2026-02-02,2026-02-02,C00144,P0058,SO05,BU2,R04,USD,674,1816.09,119.15,1651.39,38.92,58.64,52.01,77.25,1215.64
T0002447,O0000816,INV0001224,IL0002447,2025-08-27,2025-08-27,C00432,P0021,SO01,BU4,R04,USD,494,147.76,3.34,141.24,1.17,6.43,4.42,4.46,100.82
T0002448,O0000816,INV0001224,IL0002448,2026-05-27,2026-05-27,C00459,P0068,SO01,BU3,R02,USD,248,560.78,16.95,523.62,4.73,16.45,0.97,32.01,316.82
T0002449,O0000817,INV0001225,IL0002449,2026-03-26,2026-03-26,C00372,P0056,SO04,BU4,R02,USD,1118,478.06,16.47,457.89,0.28,8.96,5.54,14.58,294.21
T0002450,O0000817,INV0001225,IL0002450,2026-08-21,2026-08-21,C00457,P0093,SO04,BU3,R01,USD,622,1445.09,59.76,1399.68,5.09,8.54,27.98,46.31,1095.53
T0002451,O0000817,INV0001226,IL0002451,2025-11-11,2025-11-11,C00452,P0116,SO02,BU4,R02,USD,603,1193.04,41.89,1156.08,12.22,9.83,26.98,13.47,724.96
T0002452,O0000818,INV0001226,IL0002452,2026-12-01,2026-12-01,C00296,P0054,SO05,BU2,R04,USD,1048,1134.04,106.97,982.95,23.14,47.29,26.31,17.74,737.67
T0002453,O0000818,INV0001227,IL0002453,2026-12-03,2026-12-03,C00195,P0136,SO02,BU4,R02,USD,863,181.66,7.88,163.88,3.94,7.28,1.32,7.46,131.22
T0002454,O0000818,INV0001227,IL0002454,2026-02-22,2026-02-22,C00035,P0056,SO02,BU1,R02,USD,280,746.79,58.38,677.84,10.67,25.66,25.76,42.25,543.13
T0002455,O0000819,INV0001228,IL0002455,2026-03-26,2026-03-26,C00306,P0096,SO05,BU3,R01,USD,93,204.67,4.2,188.89,3.47,9.29,1.18,6.19,111.01
T0002456,O0000819,INV0001228,IL0002456,2025-07-08,2025-07-08,C00451,P0114,SO03,BU3,R02,USD,184,60.22,2.64,56.28,0.43,1.18,0.31,0.68,38.97
T0002457,O0000819,INV0001229,IL0002457,2026-11-08,2026-11-08,C00407,P0009,SO04,BU2,R04,USD,1115,3079.07,201.11,2856.84,15.51,34.16,28.55,155.25,2068.01
T0002458,O0000820,INV0001229,IL0002458,2025-02-23,2025-02-23,C00404,P0037,SO02,BU3,R02,USD,480,409.68,15.53,380.7,9.68,18.35,14.58,25.37,292.37
T0002459,O0000820,INV0001230,IL0002459,2026-01-22,2026-01-22,C00290,P0067,SO03,BU4,R01,USD,14,17.43,0.6,16.8,0.07,0.33,0.37,0.92,10.28
T0002460,O0000820,INV0001230,IL0002460,2026-09-06,2026-09-06,C00157,P0024,SO05,BU1,R03,USD,1045,1146.89,55.33,1078.31,28.72,2.08,17.55,19.16,852.43
T0002461,O0000821,INV0001231,IL0002461,2026-07-24,2026-07-24,C00173,P0074,SO03,BU2,R03,USD,990,2239.68,76.29,2094.35,7.16,118.48,56.6,76.28,1554.58
T0002462,O0000821,INV0001231,IL0002462,2025-01-11,2025-01-11,C00132,P0043,SO02,BU4,R02,USD,726,1997.52,180.68,1804.18,31.73,0.71,19.78,96.0,1207.18
T0002463,O0000821,INV0001232,IL0002463,2025-11-06,2025-11-06,C00497,P0034,SO02,BU4,R01,USD,692,1603.99,76.94,1437.1,41.37,83.91,35.33,44.93,1056.25
T0002464,O0000822,INV0001232,IL0002464,2026-02-11,2026-02-11,C00015,P0047,SO02,BU2,R04,USD,478,1007.62,95.82,895.92,5.1,13.81,3.03,56.57,619.23
T0002465,O0000822,INV0001233,IL0002465,2025-04-06,2025-04-06,C00319,P0084,SO03,BU2,R04,USD,831,2289.49,211.21,1975.86,65.35,97.68,60.61,65.28,1445.09
T0002466,O0000822,INV0001233,IL0002466,2026-06-22,2026-06-22,C00398,P0124,SO01,BU2,R03,USD,1073,1617.23,133.64,1437.45,33.95,22.38,10.19,36.45,916.52
T0002467,O0000823,INV0001234,IL0002467,2026-02-23,2026-02-23,C00089,P0148,SO04,BU4,R01,USD,980,2572.5,148.55,2384.66,23.9,16.25,0.86,30.51,1375.04
T0002468,O0000823,INV0001234,IL0002468,2026-07-25,2026-07-25,C00260,P0002,SO01,BU4,R02,USD,19,4.4,0.03,4.28,0.01,0.13,0.05,0.04,2.96
T0002469,O0000823,INV0001235,IL0002469,2025-01-22,2025-01-22,C00076,P0041,SO01,BU1,R02,USD,178,375.72,18.38,335.42,3.35,19.57,1.0,11.7,209.32
T0002470,O0000824,INV0001235,IL0002470,2025-05-21,2025-05-21,C00338,P0018,SO02,BU2,R01,USD,561,708.82,9.33,664.73,9.92,25.35,0.51,7.96,359.62
T0002471,O0000824,INV0001236,IL0002471,2026-11-29,2026-11-29,C00349,P0147,SO05,BU3,R03,USD,527,482.89,39.85,421.62,3.33,19.16,1.07,22.64,304.06
T0002472,O0000824,INV0001236,IL0002472,2025-10-27,2025-10-27,C00377,P0139,SO02,BU3,R01,USD,423,91.28,8.83,81.87,1.39,2.48,3.29,1.24,61.42
T0002473,O0000825,INV0001237,IL0002473,2026-07-02,2026-07-02,C00363,P0003,SO04,BU2,R02,USD,110,253.47,21.91,216.94,2.55,13.63,1.56,7.37,131.22
T0002474,O0000825,INV0001237,IL0002474,2025-10-02,2025-10-02,C00380,P0137,SO01,BU3,R02,USD,1034,2128.9,132.2,1959.87,29.4,11.2,3.77,59.31,1085.57
T0002475,O0000825,INV0001238,IL0002475,2026-09-16,2026-09-16,C00434,P0124,SO05,BU1,R01,USD,66,120.68,4.23,118.17,2.07,0.31,4.1,5.99,63.16
T0002476,O0000826,INV0001238,IL0002476,2025-12-28,2025-12-28,C00065,P0061,SO03,BU4,R01,USD,315,872.11,39.24,842.47,0.1,12.89,22.59,28.11,466.89
T0002477,O0000826,INV0001239,IL0002477,2025-12-15,2025-12-15,C00259,P0042,SO04,BU3,R02,USD,221,242.57,23.4,212.74,4.6,4.96,3.13,6.39,124.92
T0002478,O0000826,INV0001239,IL0002478,2025-08-05,2025-08-05,C00411,P0114,SO03,BU3,R02,USD,588,1050.23,102.25,927.44,28.48,26.95,34.89,45.18,639.23
T0002479,O0000827,INV0001240,IL0002479,2025-04-24,2025-04-24,C00406,P0080,SO01,BU2,R03,USD,622,1044.09,48.84,980.23,7.46,23.66,16.1,5.47,602.26
T0002480,O0000827,INV0001240,IL0002480,2026-07-13,2026-07-13,C00122,P0018,SO01,BU2,R01,USD,625,1202.44,114.53,1027.49,34.91,60.51,35.0,66.46,656.51
T0002481,O0000827,INV0001241,IL0002481,2026-03-21,2026-03-21,C00363,P0119,SO01,BU4,R02,USD,361,914.99,23.6,893.8,5.25,15.39,23.05,19.04,526.97
T0002482,O0000828,INV0001241,IL0002482,2026-04-19,2026-04-19,C00266,P0127,SO01,BU2,R01,USD,780,894.11,9.86,853.44,24.25,37.01,30.45,30.98,484.95
T0002483,O0000828,INV0001242,IL0002483,2026-11-24,2026-11-24,C00332,P0012,SO01,BU2,R02,USD,1180,360.14,29.03,317.88,2.92,10.58,0.27,6.52,202.8
T0002484,O0000828,INV0001242,IL0002484,2026-08-19,2026-08-19,C00443,P0108,SO02,BU2,R02,USD,72,151.57,8.6,146.62,0.04,0.55,4.24,4.9,93.25
T0002485,O0000829,INV0001243,IL0002485,2025-05-11,2025-05-11,C00148,P0043,SO03,BU1,R02,USD,792,1611.24,156.13,1420.54,40.28,11.16,16.87,3.29,842.78
T0002486,O0000829,INV0001243,IL0002486,2026-02-27,2026-02-27,C00401,P0060,SO02,BU2,R01,USD,183,383.68,10.3,357.25,9.56,20.57,14.0,3.71,257.09
T0002487,O0000829,INV0001244,IL0002487,2025-09-05,2025-09-05,C00056,P0030,SO05,BU3,R04,USD,387,916.53,36.29,877.33,25.06,13.04,35.19,35.1,524.17
T0002488,O0000830,INV0001244,IL0002488,2025-01-14,2025-01-14,C00450,P0003,SO03,BU3,R01,USD,1078,959.31,88.1,849.46,22.94,11.47,12.66,43.82,602.16
T0002489,O0000830,INV0001245,IL0002489,2026-04-05,2026-04-05,C00411,P0079,SO01,BU2,R02,USD,333,571.36,36.42,505.18,14.3,30.26,14.8,14.76,325.93
T0002490,O0000830,INV0001245,IL0002490,2026-03-02,2026-03-02,C00467,P0124,SO01,BU4,R02,USD,178,499.18,12.44,459.47,8.91,21.68,3.32,5.26,347.11
T0002491,O0000831,INV0001246,IL0002491,2025-11-05,2025-11-05,C00239,P0061,SO03,BU1,R04,USD,674,140.39,10.1,128.57,0.6,4.35,3.23,5.73,95.03
T0002492,O0000831,INV0001246,IL0002492,2026-03-19,2026-03-19,C00154,P0117,SO04,BU2,R01,USD,148,368.33,23.75,339.3,3.33,9.15,7.2,16.76,263.64
T0002493,O0000831,INV0001247,IL0002493,2025-11-22,2025-11-22,C00134,P0014,SO05,BU2,R03,USD,370,700.15,8.75,675.62,13.01,23.05,20.28,34.75,483.09
T0002494,O0000832,INV0001247,IL0002494,2026-03-30,2026-03-30,C00487,P0094,SO04,BU1,R04,USD,1179,919.38,18.06,855.09,26.37,34.58,14.72,19.12,446.25
T0002495,O0000832,INV0001248,IL0002495,2025-08-06,2025-08-06,C00379,P0047,SO02,BU4,R02,USD,367,569.11,31.75,524.92,3.8,14.29,5.65,18.77,400.36
T0002496,O0000832,INV0001248,IL0002496,2025-08-15,2025-08-15,C00127,P0006,SO01,BU4,R04,USD,486,447.22,11.12,408.24,12.05,16.71,0.9,12.09,338.1
T0002497,O0000833,INV0001249,IL0002497,2025-04-14,2025-04-14,C00433,P0046,SO05,BU1,R01,USD,610,1344.62,125.51,1196.21,0.87,42.16,20.13,38.4,914.45
T0002498,O0000833,INV0001249,IL0002498,2025-02-26,2025-02-26,C00124,P0059,SO02,BU4,R02,USD,101,105.61,0.77,103.81,0.15,1.44,0.56,0.21,53.53
T0002499,O0000833,INV0001250,IL0002499,2026-12-27,2026-12-27,C00046,P0094,SO02,BU4,R03,USD,674,1082.85,54.0,957.35,26.12,56.94,11.56,3.51,822.26
T0002500,O0000834,INV0001250,IL0002500,2025-06-05,2025-06-05,C00078,P0077,SO01,BU3,R03,USD,815,811.58,6.39,785.58,15.11,16.58,12.08,17.64,409.47
T0002501,O0000834,INV0001251,IL0002501,2026-06-07,2026-06-07,C00411,P0010,SO01,BU4,R02,USD,1068,407.12,3.71,394.34,3.05,21.88,15.86,0.59,234.77
T0002502,O0000834,INV0001251,IL0002502,2025-08-17,2025-08-17,C00374,P0080,SO05,BU4,R03,USD,530,1413.72,137.71,1188.08,26.15,68.0,6.22,71.38,952.51
T0002503,O0000835,INV0001252,IL0002503,2025-11-18,2025-11-18,C00184,P0128,SO04,BU4,R04,USD,813,1084.62,25.01,996.42,31.2,37.69,5.7,17.16,604.94
T0002504,O0000835,INV0001252,IL0002504,2026-03-17,2026-03-17,C00062,P0106,SO05,BU1,R03,USD,162,319.54,27.88,278.84,6.3,15.67,9.15,2.57,174.62
T0002505,O0000835,INV0001253,IL0002505,2025-01-01,2025-01-01,C00235,P0112,SO03,BU3,R02,USD,650,189.09,2.91,181.47,1.78,5.85,2.92,8.48,133.58
T0002506,O0000836,INV0001253,IL0002506,2026-03-07,2026-03-07,C00305,P0115,SO05,BU3,R01,USD,168,167.53,11.49,154.79,3.48,3.89,6.12,8.07,104.11
T0002507,O0000836,INV0001254,IL0002507,2026-08-31,2026-08-31,C00020,P0028,SO02,BU2,R02,USD,171,449.2,34.38,407.72,5.63,2.37,0.9,4.25,242.85
T0002508,O0000836,INV0001254,IL0002508,2026-06-10,2026-06-10,C00269,P0129,SO03,BU2,R03,USD,211,341.04,7.06,318.16,2.88,18.27,5.33,20.9,174.64
T0002509,O0000837,INV0001255,IL0002509,2026-07-23,2026-07-23,C00268,P0030,SO04,BU2,R02,USD,1050,1515.46,81.18,1415.83,16.02,43.96,41.53,92.27,1123.15
T0002510,O0000837,INV0001255,IL0002510,2025-02-16,2025-02-16,C00180,P0010,SO04,BU3,R02,USD,791,847.95,33.94,777.37,14.16,35.38,12.9,1.87,448.83
T0002511,O0000837,INV0001256,IL0002511,2026-05-06,2026-05-06,C00487,P0040,SO01,BU4,R04,USD,330,785.53,56.87,721.64,23.18,4.85,21.01,22.6,567.27
T0002512,O0000838,INV0001256,IL0002512,2026-10-10,2026-10-10,C00099,P0118,SO02,BU3,R02,USD,730,949.95,1.69,922.62,14.7,37.99,27.05,34.45,463.63
T0002513,O0000838,INV0001257,IL0002513,2025-02-20,2025-02-20,C00394,P0103,SO05,BU4,R01,USD,918,2499.35,130.07,2294.92,44.87,86.44,56.95,41.01,1271.94
T0002514,O0000838,INV0001257,IL0002514,2025-10-18,2025-10-18,C00312,P0141,SO02,BU3,R04,USD,853,1204.52,9.57,1165.2,14.0,17.45,1.7,42.97,724.81
T0002515,O0000839,INV0001258,IL0002515,2026-03-04,2026-03-04,C00231,P0096,SO03,BU3,R04,USD,1159,1253.46,61.6,1176.53,3.8,29.3,17.77,55.08,617.61
T0002516,O0000839,INV0001258,IL0002516,2026-01-10,2026-01-10,C00421,P0103,SO02,BU3,R03,USD,631,533.01,40.0,472.07,8.06,26.86,13.98,30.8,287.11
T0002517,O0000839,INV0001259,IL0002517,2025-01-17,2025-01-17,C00369,P0009,SO05,BU1,R01,USD,725,1155.0,111.03,990.82,14.85,48.18,9.88,48.79,803.59
T0002518,O0000840,INV0001259,IL0002518,2026-05-09,2026-05-09,C00407,P0062,SO01,BU1,R04,USD,419,186.66,9.24,179.03,3.12,1.11,5.84,1.35,133.48
T0002519,O0000840,INV0001260,IL0002519,2025-10-17,2025-10-17,C00281,P0124,SO05,BU1,R01,USD,35,85.93,1.23,83.63,1.71,0.65,1.29,1.97,60.93
T0002520,O0000840,INV0001260,IL0002520,2025-01-25,2025-01-25,C00337,P0015,SO01,BU3,R01,USD,615,1079.26,3.38,1029.72,32.17,42.73,28.74,39.68,695.17
T0002521,O0000841,INV0001261,IL0002521,2025-08-02,2025-08-02,C00291,P0127,SO03,BU1,R02,USD,948,770.25,39.28,723.93,3.12,15.99,12.07,40.46,372.56
T0002522,O0000841,INV0001261,IL0002522,2025-10-16,2025-10-16,C00128,P0135,SO03,BU4,R04,USD,131,33.2,1.93,31.23,0.29,0.57,0.82,0.49,21.69
T0002523,O0000841,INV0001262,IL0002523,2025-01-19,2025-01-19,C00252,P0072,SO04,BU4,R02,USD,906,2561.72,145.09,2350.72,49.48,44.25,27.82,25.11,1770.88
T0002524,O0000842,INV0001262,IL0002524,2026-09-27,2026-09-27,C00255,P0050,SO02,BU4,R04,USD,214,336.71,26.88,308.1,1.58,6.24,6.09,8.72,192.48
T0002525,O0000842,INV0001263,IL0002525,2025-01-05,2025-01-05,C00085,P0033,SO03,BU4,R03,USD,86,45.24,4.06,41.21,0.39,0.93,1.35,2.45,27.44
T0002526,O0000842,INV0001263,IL0002526,2025-04-15,2025-04-15,C00095,P0093,SO03,BU3,R04,USD,765,1197.07,88.17,1097.24,29.67,6.73,24.74,59.31,785.43
T0002527,O0000843,INV0001264,IL0002527,2026-06-04,2026-06-04,C00452,P0004,SO01,BU3,R02,USD,152,194.89,8.41,180.36,4.15,8.59,6.62,1.6,105.42
T0002528,O0000843,INV0001264,IL0002528,2026-06-24,2026-06-24,C00284,P0076,SO04,BU1,R02,USD,1005,1884.48,6.34,1795.16,31.48,82.88,31.38,59.52,1076.77
T0002529,O0000843,INV0001265,IL0002529,2026-09-19,2026-09-19,C00166,P0142,SO05,BU2,R03,USD,630,622.94,0.92,602.84,2.99,33.48,17.29,22.65,325.03
T0002530,O0000844,INV0001265,IL0002530,2026-02-07,2026-02-07,C00098,P0019,SO03,BU4,R01,USD,955,770.4,5.92,748.68,8.48,9.59,2.27,5.76,550.04
T0002531,O0000844,INV0001266,IL0002531,2026-06-30,2026-06-30,C00017,P0040,SO03,BU1,R01,USD,789,1471.96,119.55,1283.57,40.63,63.79,35.58,51.55,808.97
T0002532,O0000844,INV0001266,IL0002532,2025-01-07,2025-01-07,C00197,P0022,SO01,BU1,R03,USD,550,765.99,59.94,708.33,2.13,21.12,25.53,5.05,394.3
T0002533,O0000845,INV0001267,IL0002533,2026-08-18,2026-08-18,C00412,P0033,SO01,BU3,R02,USD,784,2143.14,144.99,1994.82,9.2,35.81,41.68,93.43,1364.87
T0002534,O0000845,INV0001267,IL0002534,2025-08-05,2025-08-05,C00149,P0017,SO02,BU2,R03,USD,461,405.27,11.38,391.61,2.41,1.55,1.68,27.4,301.64
T0002535,O0000845,INV0001268,IL0002535,2026-07-30,2026-07-30,C00325,P0027,SO05,BU2,R03,USD,29,78.68,2.69,73.23,0.2,3.05,0.49,2.28,51.78
T0002536,O0000846,INV0001268,IL0002536,2026-08-25,2026-08-25,C00343,P0001,SO05,BU2,R04,USD,648,895.99,45.01,821.49,11.13,28.21,9.85,57.47,442.06
T0002537,O0000846,INV0001269,IL0002537,2026-01-31,2026-01-31,C00233,P0026,SO05,BU2,R01,USD,1040,1461.1,31.07,1467.98,0.95,8.4,47.3,93.55,846.02
T0002538,O0000846,INV0001269,IL0002538,2025-10-06,2025-10-06,C00162,P0122,SO05,BU1,R01,USD,322,451.48,29.86,409.54,6.4,6.67,0.99,0.78,308.44
T0002539,O0000847,INV0001270,IL0002539,2025-08-08,2025-08-08,C00440,P0116,SO04,BU1,R04,USD,538,984.92,57.19,872.21,27.22,28.45,0.15,15.08,732.7
T0002540,O0000847,INV0001270,IL0002540,2025-04-20,2025-04-20,C00363,P0059,SO03,BU1,R02,USD,601,250.92,20.47,223.29,3.05,4.15,0.04,3.5,147.51
T0002541,O0000847,INV0001271,IL0002541,2026-03-13,2026-03-13,C00389,P0116,SO02,BU4,R03,USD,488,1313.01,92.28,1222.31,21.92,25.11,48.61,7.49,776.04
T0002542,O0000848,INV0001271,IL0002542,2025-02-07,2025-02-07,C00042,P0007,SO03,BU2,R01,USD,841,1597.48,47.18,1512.46,37.71,14.56,14.43,98.57,783.54
T0002543,O0000848,INV0001272,IL0002543,2025-01-22,2025-01-22,C00032,P0072,SO05,BU3,R04,USD,605,1644.45,65.78,1494.7,29.57,79.3,24.9,61.09,1081.99
T0002544,O0000848,INV0001272,IL0002544,2026-06-16,2026-06-16,C00303,P0070,SO02,BU1,R04,USD,526,820.45,38.34,775.4,22.11,11.12,26.52,2.91,399.64
T0002545,O0000849,INV0001273,IL0002545,2026-04-12,2026-04-12,C00409,P0120,SO01,BU1,R01,USD,157,214.6,20.38,190.79,4.93,2.62,4.12,4.14,137.51
T0002546,O0000849,INV0001273,IL0002546,2025-07-22,2025-07-22,C00415,P0052,SO02,BU2,R04,USD,919,1460.47,16.16,1403.53,38.77,35.53,33.52,81.76,1011.36
T0002547,O0000849,INV0001274,IL0002547,2025-02-07,2025-02-07,C00143,P0007,SO01,BU2,R04,USD,200,179.14,5.26,163.21,5.08,7.98,2.39,5.12,115.68
T0002548,O0000850,INV0001274,IL0002548,2025-08-21,2025-08-21,C00119,P0060,SO02,BU1,R04,USD,630,1229.63,89.81,1059.29,36.33,62.6,18.4,42.08,645.92
T0002549,O0000850,INV0001275,IL0002549,2025-04-22,2025-04-22,C00246,P0007,SO02,BU3,R03,USD,489,558.29,50.63,476.68,14.68,23.25,6.95,19.54,376.58
T0002550,O0000850,INV0001275,IL0002550,2025-07-04,2025-07-04,C00197,P0104,SO02,BU4,R03,USD,449,943.17,67.68,841.01,27.09,31.82,24.43,6.11,573.24
T0002551,O0000851,INV0001276,IL0002551,2026-04-11,2026-04-11,C00111,P0146,SO05,BU2,R04,USD,885,1800.27,27.86,1684.95,27.36,71.06,10.96,93.51,1327.0
T0002552,O0000851,INV0001276,IL0002552,2026-07-28,2026-07-28,C00422,P0090,SO02,BU1,R03,USD,780,1926.91,186.86,1726.81,14.08,65.89,66.73,46.9,1280.39
T0002553,O0000851,INV0001277,IL0002553,2026-04-10,2026-04-10,C00340,P0024,SO04,BU1,R02,USD,170,480.44,46.07,427.52,3.94,5.3,2.39,27.45,333.54
T0002554,O0000852,INV0001277,IL0002554,2026-02-04,2026-02-04,C00226,P0009,SO04,BU2,R01,USD,22,25.42,1.42,23.54,0.08,1.22,0.84,0.21,15.49
T0002555,O0000852,INV0001278,IL0002555,2025-05-05,2025-05-05,C00199,P0035,SO01,BU3,R04,USD,60,73.79,5.99,68.4,1.23,0.76,2.59,1.88,50.92
T0002556,O0000852,INV0001278,IL0002556,2026-02-15,2026-02-15,C00107,P0137,SO05,BU4,R02,USD,927,205.42,19.28,177.65,4.08,7.1,2.69,10.53,126.56
T0002557,O0000853,INV0001279,IL0002557,2025-08-25,2025-08-25,C00307,P0061,SO04,BU1,R02,USD,280,405.83,34.09,364.86,1.21,12.08,6.41,14.89,303.18
T0002558,O0000853,INV0001279,IL0002558,2025-06-04,2025-06-04,C00186,P0083,SO05,BU1,R01,USD,122,129.21,8.03,113.55,0.67,7.0,0.04,6.23,86.15
T0002559,O0000853,INV0001280,IL0002559,2025-04-24,2025-04-24,C00342,P0015,SO03,BU3,R03,USD,679,891.12,37.01,828.99,22.62,22.53,20.03,56.17,624.3
T0002560,O0000854,INV0001280,IL0002560,2026-10-01,2026-10-01,C00321,P0132,SO03,BU3,R01,USD,295,799.45,68.39,719.24,0.03,29.57,17.78,38.45,415.06
T0002561,O0000854,INV0001281,IL0002561,2026-06-28,2026-06-28,C00438,P0078,SO03,BU1,R03,USD,1183,2185.47,167.01,1928.47,45.02,106.94,61.97,54.66,1392.12
T0002562,O0000854,INV0001281,IL0002562,2025-05-11,2025-05-11,C00101,P0056,SO03,BU3,R03,USD,135,119.35,3.13,115.84,0.45,4.44,4.51,5.09,72.87
T0002563,O0000855,INV0001282,IL0002563,2026-10-06,2026-10-06,C00212,P0093,SO01,BU3,R02,USD,868,318.99,4.42,298.34,9.45,13.55,6.77,2.92,165.28
T0002564,O0000855,INV0001282,IL0002564,2026-02-25,2026-02-25,C00110,P0021,SO02,BU1,R03,USD,824,1956.67,23.79,1890.75,22.56,68.67,49.1,109.65,1332.45
T0002565,O0000855,INV0001283,IL0002565,2025-06-09,2025-06-09,C00098,P0106,SO04,BU1,R01,USD,248,501.7,21.89,468.6,3.59,13.98,6.36,19.39,328.71
T0002566,O0000856,INV0001283,IL0002566,2026-02-28,2026-02-28,C00434,P0119,SO04,BU2,R01,USD,570,125.34,3.06,117.79,0.85,3.98,0.34,1.88,80.22
T0002567,O0000856,INV0001284,IL0002567,2025-07-03,2025-07-03,C00176,P0036,SO03,BU2,R04,USD,315,801.45,50.9,724.12,9.67,20.02,3.26,30.54,470.09
T0002568,O0000856,INV0001284,IL0002568,2026-04-18,2026-04-18,C00299,P0067,SO05,BU4,R02,USD,1172,1215.01,104.5,1099.54,34.13,20.92,44.08,19.8,724.21
T0002569,O0000857,INV0001285,IL0002569,2025-11-05,2025-11-05,C00351,P0134,SO04,BU1,R04,USD,518,1201.66,89.76,1076.0,15.47,46.49,26.06,65.69,747.48
T0002570,O0000857,INV0001285,IL0002570,2025-04-29,2025-04-29,C00039,P0080,SO03,BU4,R04,USD,462,140.31,3.61,131.94,2.55,4.01,1.8,0.79,86.98
T0002571,O0000857,INV0001286,IL0002571,2025-12-08,2025-12-08,C00163,P0090,SO05,BU4,R02,USD,124,277.56,25.25,249.29,5.82,2.55,5.35,10.64,170.45
T0002572,O0000858,INV0001286,IL0002572,2025-06-25,2025-06-25,C00473,P0092,SO04,BU3,R01,USD,210,423.61,0.67,407.59,9.27,22.24,16.16,3.32,258.84
T0002573,O0000858,INV0001287,IL0002573,2025-07-02,2025-07-02,C00454,P0102,SO03,BU1,R03,USD,56,42.43,0.81,42.15,0.65,0.17,1.35,0.94,22.45
T0002574,O0000858,INV0001287,IL0002574,2026-11-05,2026-11-05,C00318,P0146,SO01,BU4,R03,USD,969,2165.42,156.23,1868.23,63.02,94.88,16.94,127.74,1543.0
T0002575,O0000859,INV0001288,IL0002575,2026-08-16,2026-08-16,C00162,P0089,SO03,BU3,R01,USD,1165,3201.07,261.25,2923.22,24.47,79.48,87.35,98.11,1602.38
T0002576,O0000859,INV0001288,IL0002576,2025-08-10,2025-08-10,C00201,P0117,SO01,BU1,R01,USD,457,949.19,40.41,885.69,27.37,20.51,24.79,6.45,684.93
T0002577,O0000859,INV0001289,IL0002577,2025-06-14,2025-06-14,C00187,P0143,SO05,BU2,R02,USD,338,246.1,0.75,248.58,0.11,0.58,3.92,12.93,135.3
T0002578,O0000860,INV0001289,IL0002578,2026-06-05,2026-06-05,C00359,P0038,SO04,BU3,R04,USD,350,650.12,64.64,562.1,10.9,18.28,5.8,34.02,477.55
T0002579,O0000860,INV0001290,IL0002579,2025-04-24,2025-04-24,C00021,P0121,SO02,BU1,R03,USD,1084,781.89,13.43,758.01,10.35,30.8,30.7,15.42,542.24
T0002580,O0000860,INV0001290,IL0002580,2025-12-24,2025-12-24,C00077,P0048,SO01,BU1,R03,USD,976,524.21,3.36,519.32,7.06,0.65,6.18,9.21,331.58
T0002581,O0000861,INV0001291,IL0002581,2026-11-21,2026-11-21,C00036,P0112,SO01,BU2,R02,USD,1013,1840.52,79.12,1672.69,49.03,63.7,24.02,85.63,964.36
T0002582,O0000861,INV0001291,IL0002582,2025-12-02,2025-12-02,C00181,P0085,SO03,BU3,R03,USD,49,11.22,0.41,10.74,0.03,0.32,0.28,0.58,7.55
T0002583,O0000861,INV0001292,IL0002583,2026-12-29,2026-12-29,C00066,P0033,SO04,BU2,R01,USD,364,267.65,1.28,269.37,1.68,0.16,4.84,6.08,138.14
T0002584,O0000862,INV0001292,IL0002584,2025-06-07,2025-06-07,C00382,P0136,SO03,BU4,R03,USD,15,30.95,0.59,30.88,0.25,0.24,1.01,2.15,17.24
T0002585,O0000862,INV0001293,IL0002585,2025-12-05,2025-12-05,C00414,P0053,SO04,BU3,R03,USD,244,682.76,52.4,592.35,2.9,35.93,0.82,36.12,443.6
T0002586,O0000862,INV0001293,IL0002586,2026-12-28,2026-12-28,C00203,P0057,SO04,BU4,R02,USD,874,2118.05,166.17,1855.49,38.9,97.41,39.92,1.2,1417.6
T0002587,O0000863,INV0001294,IL0002587,2025-07-31,2025-07-31,C00440,P0001,SO04,BU1,R04,USD,775,715.71,18.09,674.53,20.24,15.33,12.48,21.92,396.43
T0002588,O0000863,INV0001294,IL0002588,2025-02-01,2025-02-01,C00352,P0140,SO05,BU2,R04,USD,604,1380.74,45.74,1345.08,1.14,25.0,36.22,28.18,852.12
T0002589,O0000863,INV0001295,IL0002589,2026-08-18,2026-08-18,C00485,P0106,SO01,BU2,R03,USD,1066,202.11,2.62,197.49,0.58,3.99,2.57,8.43,98.04
T0002590,O0000864,INV0001295,IL0002590,2026-02-22,2026-02-22,C00316,P0147,SO04,BU2,R02,USD,212,451.84,34.92,407.27,1.66,20.79,12.8,19.9,264.01
T0002591,O0000864,INV0001296,IL0002591,2026-12-15,2026-12-15,C00084,P0035,SO03,BU2,R02,USD,108,112.98,9.46,102.05,0.65,2.83,2.01,2.5,63.85
T0002592,O0000864,INV0001296,IL0002592,2025-10-05,2025-10-05,C00379,P0015,SO05,BU2,R02,USD,1027,2913.39,50.8,2716.56,29.7,139.46,23.13,146.72,1695.47
T0002593,O0000865,INV0001297,IL0002593,2025-03-31,2025-03-31,C00060,P0085,SO01,BU2,R02,USD,674,695.97,47.73,632.69,17.43,17.72,19.6,7.85,441.67
T0002594,O0000865,INV0001297,IL0002594,2025-02-11,2025-02-11,C00114,P0022,SO05,BU3,R01,USD,575,919.54,1.72,933.83,6.56,12.88,35.45,34.88,647.96
T0002595,O0000865,INV0001298,IL0002595,2026-06-04,2026-06-04,C00004,P0121,SO04,BU4,R02,USD,1123,1496.73,119.63,1367.42,38.15,25.48,53.95,94.92,793.07
T0002596,O0000866,INV0001298,IL0002596,2025-08-14,2025-08-14,C00189,P0085,SO05,BU2,R03,USD,756,1339.63,24.25,1274.02,13.1,58.46,30.2,39.68,809.17
T0002597,O0000866,INV0001299,IL0002597,2026-09-06,2026-09-06,C00311,P0023,SO04,BU4,R04,USD,395,899.26,88.98,803.21,21.51,11.05,25.49,26.3,622.65
T0002598,O0000866,INV0001299,IL0002598,2025-05-27,2025-05-27,C00227,P0065,SO01,BU3,R02,USD,223,92.39,3.59,85.45,1.52,4.97,3.14,3.41,69.39
T0002599,O0000867,INV0001300,IL0002599,2025-02-09,2025-02-09,C00409,P0028,SO02,BU4,R01,USD,353,234.64,18.22,211.44,1.42,9.15,5.59,0.11,137.33
T0002600,O0000867,INV0001300,IL0002600,2026-06-11,2026-06-11,C00101,P0070,SO05,BU3,R03,USD,896,1789.85,12.59,1742.21,36.06,62.57,63.58,87.99,1153.16
T0002601,O0000867,INV0001301,IL0002601,2025-01-08,2025-01-08,C00352,P0127,SO04,BU1,R04,USD,809,2095.07,155.13,1856.73,46.99,84.18,47.96,62.28,1448.59
T0002602,O0000868,INV0001301,IL0002602,2026-09-01,2026-09-01,C00065,P0120,SO04,BU4,R01,USD,682,1389.98,129.97,1168.75,38.05,65.46,12.25,39.74,869.91
T0002603,O0000868,INV0001302,IL0002603,2026-07-08,2026-07-08,C00452,P0133,SO02,BU4,R02,USD,308,477.62,35.05,425.79,13.8,14.73,11.75,19.43,282.29
T0002604,O0000868,INV0001302,IL0002604,2026-07-14,2026-07-14,C00396,P0067,SO03,BU4,R02,USD,1188,1696.46,118.19,1529.4,2.6,84.85,38.58,50.35,1120.71
T0002605,O0000869,INV0001303,IL0002605,2026-05-24,2026-05-24,C00301,P0073,SO05,BU4,R03,USD,618,1401.32,43.81,1293.4,28.75,49.52,14.16,25.09,986.52
T0002606,O0000869,INV0001303,IL0002606,2025-02-14,2025-02-14,C00232,P0104,SO04,BU3,R04,USD,358,775.43,10.5,719.37,14.89,39.5,8.83,38.7,422.63
T0002607,O0000869,INV0001304,IL0002607,2025-12-30,2025-12-30,C00291,P0028,SO03,BU1,R02,USD,73,195.71,14.36,180.85,1.46,6.24,7.2,7.74,105.41
T0002608,O0000870,INV0001304,IL0002608,2025-12-04,2025-12-04,C00489,P0146,SO02,BU2,R01,USD,956,2245.64,158.1,2041.45,38.56,53.01,45.48,72.51,1275.49
T0002609,O0000870,INV0001305,IL0002609,2025-08-17,2025-08-17,C00473,P0128,SO01,BU3,R01,USD,863,1689.93,134.75,1528.12,3.65,44.33,20.92,106.0,1200.98
T0002610,O0000870,INV0001305,IL0002610,2026-11-25,2026-11-25,C00020,P0126,SO02,BU3,R02,USD,126,357.78,23.33,326.56,1.05,13.51,6.67,2.15,267.64
T0002611,O0000871,INV0001306,IL0002611,2026-12-04,2026-12-04,C00327,P0050,SO01,BU3,R04,USD,62,117.42,0.03,116.93,1.79,1.41,2.74,1.62,61.25
T0002612,O0000871,INV0001306,IL0002612,2026-12-30,2026-12-30,C00257,P0083,SO05,BU2,R01,USD,37,30.0,0.57,28.07,0.52,1.0,0.16,1.34,19.06
T0002613,O0000871,INV0001307,IL0002613,2025-02-14,2025-02-14,C00373,P0048,SO03,BU4,R03,USD,188,417.83,40.2,356.84,11.65,15.7,6.56,11.46,223.44
T0002614,O0000872,INV0001307,IL0002614,2025-11-18,2025-11-18,C00356,P0085,SO04,BU4,R02,USD,593,1093.25,17.04,1059.61,19.49,3.22,6.11,19.87,563.93
T0002615,O0000872,INV0001308,IL0002615,2026-05-14,2026-05-14,C00039,P0075,SO04,BU2,R04,USD,685,1744.15,102.06,1598.85,37.17,30.12,24.05,110.65,1057.68
T0002616,O0000872,INV0001308,IL0002616,2025-06-02,2025-06-02,C00019,P0011,SO04,BU2,R02,USD,242,347.42,2.56,347.61,4.36,5.91,13.02,13.71,243.9
T0002617,O0000873,INV0001309,IL0002617,2026-04-27,2026-04-27,C00410,P0101,SO04,BU4,R01,USD,337,157.65,8.89,145.22,4.39,5.18,6.03,6.88,82.18
T0002618,O0000873,INV0001309,IL0002618,2025-01-15,2025-01-15,C00432,P0108,SO01,BU3,R04,USD,70,94.39,3.82,87.68,2.57,0.88,0.56,3.98,71.17
T0002619,O0000873,INV0001310,IL0002619,2026-11-03,2026-11-03,C00364,P0007,SO02,BU4,R02,USD,800,776.32,32.55,717.12,16.19,10.6,0.14,18.56,428.43
T0002620,O0000874,INV0001310,IL0002620,2025-12-15,2025-12-15,C00298,P0086,SO02,BU2,R01,USD,268,741.98,15.75,733.34,7.41,0.27,14.79,31.09,515.74
T0002621,O0000874,INV0001311,IL0002621,2026-11-20,2026-11-20,C00160,P0056,SO03,BU4,R04,USD,290,430.19,36.9,374.77,2.47,17.11,1.06,10.78,288.2
T0002622,O0000874,INV0001311,IL0002622,2025-01-30,2025-01-30,C00267,P0046,SO03,BU4,R02,USD,829,1401.09,101.0,1247.54,41.32,64.36,53.13,81.14,838.9
T0002623,O0000875,INV0001312,IL0002623,2025-01-18,2025-01-18,C00095,P0048,SO05,BU1,R04,USD,137,231.05,8.65,220.72,2.34,0.3,0.96,0.57,160.93
T0002624,O0000875,INV0001312,IL0002624,2026-10-21,2026-10-21,C00481,P0119,SO01,BU1,R01,USD,147,401.75,27.25,380.58,2.08,1.23,9.39,8.24,216.33
T0002625,O0000875,INV0001313,IL0002625,2025-02-03,2025-02-03,C00235,P0112,SO05,BU4,R02,USD,984,2526.03,230.47,2221.12,28.98,101.16,55.7,36.95,1349.45
T0002626,O0000876,INV0001313,IL0002626,2026-12-04,2026-12-04,C00419,P0060,SO04,BU3,R02,USD,158,340.89,5.37,319.74,9.41,14.68,8.31,19.03,174.36
T0002627,O0000876,INV0001314,IL0002627,2025-08-18,2025-08-18,C00013,P0123,SO03,BU3,R03,USD,336,215.98,9.03,191.77,5.61,10.66,1.09,3.13,112.46
T0002628,O0000876,INV0001314,IL0002628,2026-04-20,2026-04-20,C00228,P0072,SO01,BU2,R02,USD,939,2123.08,67.0,2041.16,39.52,37.85,62.45,63.57,1337.38
T0002629,O0000877,INV0001315,IL0002629,2025-06-20,2025-06-20,C00457,P0141,SO05,BU1,R01,USD,137,171.06,2.58,164.79,3.56,4.88,4.75,11.07,117.67
T0002630,O0000877,INV0001315,IL0002630,2025-06-21,2025-06-21,C00216,P0148,SO03,BU2,R04,USD,118,305.28,7.9,291.88,6.44,6.14,7.08,18.0,158.28
T0002631,O0000877,INV0001316,IL0002631,2026-05-18,2026-05-18,C00210,P0004,SO04,BU3,R01,USD,863,2041.25,167.77,1812.03,39.6,99.48,77.63,88.13,1231.26
T0002632,O0000878,INV0001316,IL0002632,2025-09-21,2025-09-21,C00470,P0088,SO01,BU2,R03,USD,750,1058.25,47.94,1001.88,14.79,14.59,20.95,18.3,776.46
T0002633,O0000878,INV0001317,IL0002633,2026-03-29,2026-03-29,C00002,P0070,SO04,BU2,R01,USD,661,963.54,44.14,844.97,25.08,52.68,3.33,30.4,706.63
T0002634,O0000878,INV0001317,IL0002634,2026-09-14,2026-09-14,C00233,P0040,SO03,BU2,R01,USD,637,378.38,19.77,358.8,9.03,2.84,12.06,10.07,197.16
T0002635,O0000879,INV0001318,IL0002635,2025-03-14,2025-03-14,C00363,P0097,SO04,BU1,R02,USD,254,342.47,0.04,339.98,2.01,9.28,8.84,0.79,254.67
T0002636,O0000879,INV0001318,IL0002636,2026-02-01,2026-02-01,C00374,P0102,SO03,BU2,R03,USD,1065,221.73,4.46,204.49,4.59,11.75,3.56,6.76,125.4
T0002637,O0000879,INV0001319,IL0002637,2026-08-15,2026-08-15,C00430,P0095,SO03,BU3,R03,USD,305,434.56,22.76,392.29,11.7,21.04,13.23,3.67,329.87
T0002638,O0000880,INV0001319,IL0002638,2026-12-03,2026-12-03,C00185,P0061,SO02,BU4,R01,USD,563,226.44,9.03,210.89,0.12,7.18,0.78,10.05,147.8
T0002639,O0000880,INV0001320,IL0002639,2026-07-24,2026-07-24,C00011,P0134,SO05,BU3,R02,USD,15,39.99,0.47,39.55,0.0,1.13,1.16,2.41,23.68
T0002640,O0000880,INV0001320,IL0002640,2025-04-16,2025-04-16,C00188,P0044,SO02,BU2,R02,USD,992,1416.38,14.65,1340.85,40.33,36.71,16.16,21.11,792.88
T0002641,O0000881,INV0001321,IL0002641,2026-07-16,2026-07-16,C00297,P0096,SO05,BU3,R01,USD,786,1092.15,16.56,1050.2,29.88,24.77,29.26,4.95,624.39
T0002642,O0000881,INV0001321,IL0002642,2025-02-05,2025-02-05,C00475,P0147,SO01,BU1,R02,USD,114,226.37,1.15,220.87,0.72,6.91,3.28,0.18,154.71
T0002643,O0000881,INV0001322,IL0002643,2025-02-19,2025-02-19,C00077,P0090,SO05,BU2,R03,USD,1167,1685.61,115.65,1547.66,47.04,21.29,46.03,8.87,891.98
T0002644,O0000882,INV0001322,IL0002644,2026-11-22,2026-11-22,C00089,P0121,SO02,BU4,R01,USD,979,879.44,40.52,821.5,18.28,32.1,32.96,49.92,579.73
T0002645,O0000882,INV0001323,IL0002645,2026-03-09,2026-03-09,C00165,P0116,SO05,BU2,R03,USD,531,1274.35,21.28,1235.49,5.79,46.48,34.69,22.31,884.14
T0002646,O0000882,INV0001323,IL0002646,2026-10-27,2026-10-27,C00085,P0015,SO05,BU2,R03,USD,180,226.78,2.56,218.94,5.3,2.63,2.65,12.06,168.62
T0002647,O0000883,INV0001324,IL0002647,2026-01-11,2026-01-11,C00048,P0049,SO03,BU4,R04,USD,949,2546.07,250.35,2195.9,58.61,121.61,80.4,60.79,1789.74
T0002648,O0000883,INV0001324,IL0002648,2026-08-11,2026-08-11,C00395,P0115,SO03,BU1,R02,USD,1102,537.34,36.33,485.83,6.07,27.11,18.0,16.88,306.1
T0002649,O0000883,INV0001325,IL0002649,2025-04-01,2025-04-01,C00414,P0118,SO05,BU2,R03,USD,105,243.16,12.67,225.72,4.49,5.23,4.95,9.29,135.44
T0002650,O0000884,INV0001325,IL0002650,2025-02-05,2025-02-05,C00264,P0015,SO02,BU3,R04,USD,701,1068.25,18.26,1005.84,23.54,39.59,18.98,1.89,592.18
T0002651,O0000884,INV0001326,IL0002651,2026-09-25,2026-09-25,C00296,P0143,SO04,BU2,R04,USD,438,292.45,10.93,282.2,2.14,2.34,5.16,1.92,188.78
T0002652,O0000884,INV0001326,IL0002652,2025-04-30,2025-04-30,C00047,P0015,SO02,BU1,R04,USD,771,1787.02,153.97,1605.29,51.58,24.6,48.42,68.51,1306.63
T0002653,O0000885,INV0001327,IL0002653,2026-11-16,2026-11-16,C00373,P0083,SO05,BU4,R03,USD,465,1099.91,8.4,1050.01,11.78,34.9,5.18,3.85,733.07
T0002654,O0000885,INV0001327,IL0002654,2026-11-06,2026-11-06,C00233,P0051,SO04,BU1,R01,USD,1099,222.22,16.87,205.27,5.9,1.81,7.63,4.97,123.14
T0002655,O0000885,INV0001328,IL0002655,2026-05-23,2026-05-23,C00340,P0035,SO01,BU1,R02,USD,695,1705.32,50.56,1570.6,42.27,77.16,35.27,53.24,1240.83
T0002656,O0000886,INV0001328,IL0002656,2026-07-16,2026-07-16,C00443,P0027,SO05,BU4,R02,USD,298,824.15,70.37,735.08,19.89,21.33,22.52,27.78,536.09
T0002657,O0000886,INV0001329,IL0002657,2026-04-03,2026-04-03,C00157,P0099,SO01,BU1,R03,USD,613,395.94,9.82,389.87,5.41,2.26,11.42,18.62,291.92
T0002658,O0000886,INV0001329,IL0002658,2025-07-04,2025-07-04,C00042,P0068,SO04,BU2,R01,USD,170,238.49,11.9,215.43,3.83,10.61,3.28,12.55,124.09
T0002659,O0000887,INV0001330,IL0002659,2025-07-05,2025-07-05,C00217,P0115,SO04,BU2,R01,USD,1041,1628.44,100.74,1480.4,28.81,48.52,30.03,30.38,996.24
T0002660,O0000887,INV0001330,IL0002660,2025-12-04,2025-12-04,C00263,P0067,SO05,BU3,R04,USD,613,1692.19,39.87,1629.35,0.22,85.44,62.69,106.71,876.78
T0002661,O0000887,INV0001331,IL0002661,2026-12-10,2026-12-10,C00110,P0107,SO01,BU1,R03,USD,682,1875.5,81.58,1794.8,39.13,34.34,74.35,73.05,1419.01
T0002662,O0000888,INV0001331,IL0002662,2025-09-15,2025-09-15,C00193,P0064,SO02,BU1,R01,USD,65,30.94,2.6,27.63,0.78,0.9,0.97,0.47,19.0
T0002663,O0000888,INV0001332,IL0002663,2026-11-17,2026-11-17,C00179,P0105,SO04,BU4,R02,USD,153,428.37,17.55,399.56,10.32,3.21,2.27,24.27,316.16
T0002664,O0000888,INV0001332,IL0002664,2025-03-05,2025-03-05,C00495,P0120,SO01,BU1,R04,USD,867,932.2,23.52,900.27,0.85,16.21,8.65,8.28,546.32
T0002665,O0000889,INV0001333,IL0002665,2025-05-14,2025-05-14,C00231,P0077,SO03,BU4,R04,USD,518,166.33,13.92,151.9,4.79,1.61,5.89,7.98,110.14
T0002666,O0000889,INV0001333,IL0002666,2026-05-19,2026-05-19,C00035,P0138,SO04,BU2,R02,USD,341,320.2,14.62,300.85,8.4,7.37,11.04,2.21,225.4
T0002667,O0000889,INV0001334,IL0002667,2026-10-03,2026-10-03,C00040,P0054,SO03,BU2,R04,USD,39,58.2,4.93,52.51,0.97,1.56,1.77,1.45,28.71
T0002668,O0000890,INV0001334,IL0002668,2025-03-21,2025-03-21,C00164,P0077,SO02,BU4,R02,USD,1055,1123.15,45.08,1075.35,7.81,26.75,31.84,39.36,632.34
T0002669,O0000890,INV0001335,IL0002669,2025-01-30,2025-01-30,C00085,P0142,SO02,BU1,R03,USD,370,401.08,3.05,392.66,2.06,14.62,11.31,16.05,235.33
T0002670,O0000890,INV0001335,IL0002670,2025-11-20,2025-11-20,C00428,P0070,SO03,BU1,R02,USD,1087,2404.88,42.23,2372.42,36.18,20.68,66.63,47.59,1512.99
T0002671,O0000891,INV0001336,IL0002671,2025-02-06,2025-02-06,C00169,P0040,SO02,BU2,R01,USD,506,198.15,4.36,185.18,4.01,8.88,4.28,5.97,143.22
T0002672,O0000891,INV0001336,IL0002672,2025-06-21,2025-06-21,C00108,P0041,SO01,BU1,R02,USD,435,1085.8,102.57,913.18,17.03,58.53,5.51,55.79,655.72
T0002673,O0000891,INV0001337,IL0002673,2026-05-08,2026-05-08,C00280,P0100,SO05,BU1,R04,USD,885,2391.71,168.0,2157.19,55.81,24.49,13.78,57.19,1457.93
T0002674,O0000892,INV0001337,IL0002674,2025-01-30,2025-01-30,C00370,P0063,SO05,BU1,R01,USD,22,33.67,3.07,30.09,0.45,0.42,0.36,2.01,25.31
T0002675,O0000892,INV0001338,IL0002675,2025-01-08,2025-01-08,C00209,P0047,SO03,BU2,R01,USD,476,1132.78,30.13,1064.64,21.52,50.67,34.18,47.44,854.13
T0002676,O0000892,INV0001338,IL0002676,2026-01-13,2026-01-13,C00246,P0063,SO01,BU3,R03,USD,880,566.02,54.0,503.79,2.19,25.04,19.0,25.17,350.89
T0002677,O0000893,INV0001339,IL0002677,2025-02-07,2025-02-07,C00029,P0066,SO01,BU3,R03,USD,446,484.76,17.28,471.43,8.49,5.82,18.26,7.28,338.01
T0002678,O0000893,INV0001339,IL0002678,2026-10-14,2026-10-14,C00343,P0033,SO01,BU2,R04,USD,1137,1250.13,115.57,1070.68,16.81,62.68,15.61,19.08,657.19
T0002679,O0000893,INV0001340,IL0002679,2025-06-06,2025-06-06,C00170,P0088,SO01,BU3,R01,USD,604,1573.42,82.01,1410.54,34.29,60.61,14.03,44.42,1010.26
T0002680,O0000894,INV0001340,IL0002680,2026-04-15,2026-04-15,C00333,P0010,SO05,BU2,R03,USD,223,102.07,4.87,90.98,1.71,4.79,0.28,2.68,71.53
T0002681,O0000894,INV0001341,IL0002681,2025-10-20,2025-10-20,C00205,P0118,SO03,BU4,R03,USD,1090,1334.05,104.96,1166.77,34.97,27.89,0.54,22.75,1000.4
T0002682,O0000894,INV0001341,IL0002682,2026-11-19,2026-11-19,C00475,P0068,SO04,BU2,R02,USD,1032,2241.61,46.45,2076.75,47.86,76.88,6.33,41.2,1508.92
T0002683,O0000895,INV0001342,IL0002683,2026-09-09,2026-09-09,C00170,P0091,SO03,BU2,R01,USD,962,2531.12,110.79,2391.57,0.8,118.19,90.23,102.95,1384.43
T0002684,O0000895,INV0001342,IL0002684,2025-11-17,2025-11-17,C00299,P0072,SO01,BU2,R02,USD,873,797.14,38.92,743.61,0.57,24.34,10.3,6.7,395.83
T0002685,O0000895,INV0001343,IL0002685,2025-02-18,2025-02-18,C00116,P0063,SO04,BU3,R02,USD,1057,271.97,3.19,256.33,5.89,7.55,0.99,2.58,188.36
T0002686,O0000896,INV0001343,IL0002686,2025-08-18,2025-08-18,C00127,P0092,SO04,BU2,R04,USD,1135,2097.03,67.2,1890.95,55.84,89.39,6.35,2.24,1324.14
T0002687,O0000896,INV0001344,IL0002687,2025-04-30,2025-04-30,C00188,P0056,SO02,BU3,R02,USD,946,877.98,70.95,780.85,8.59,22.13,4.54,26.84,582.68
T0002688,O0000896,INV0001344,IL0002688,2026-06-08,2026-06-08,C00393,P0118,SO03,BU3,R01,USD,662,1755.89,64.23,1641.46,22.73,59.97,32.5,76.73,1293.43
T0002689,O0000897,INV0001345,IL0002689,2025-10-30,2025-10-30,C00181,P0127,SO01,BU3,R03,USD,1173,1286.19,73.32,1191.03,37.67,1.8,17.63,20.01,940.25
T0002690,O0000897,INV0001345,IL0002690,2026-10-07,2026-10-07,C00199,P0035,SO04,BU3,R04,USD,179,243.99,7.33,230.25,2.67,11.94,8.2,9.01,178.43
T0002691,O0000897,INV0001346,IL0002691,2026-10-02,2026-10-02,C00177,P0042,SO01,BU3,R01,USD,278,598.62,39.68,527.19,6.59,26.64,1.48,24.68,363.29
T0002692,O0000898,INV0001346,IL0002692,2026-06-27,2026-06-27,C00331,P0129,SO01,BU2,R02,USD,162,199.73,6.26,187.21,5.23,6.7,5.67,10.91,101.05
T0002693,O0000898,INV0001347,IL0002693,2026-01-19,2026-01-19,C00252,P0076,SO05,BU2,R02,USD,664,383.59,30.83,337.36,0.46,17.02,2.08,18.07,251.86
T0002694,O0000898,INV0001347,IL0002694,2025-09-26,2025-09-26,C00238,P0052,SO01,BU1,R03,USD,1060,2258.65,123.53,2182.05,20.34,7.04,74.31,131.09,1313.33
T0002695,O0000899,INV0001348,IL0002695,2025-06-26,2025-06-26,C00371,P0024,SO01,BU2,R02,USD,592,1494.44,42.7,1416.47,33.03,14.21,11.97,23.16,1040.75
T0002696,O0000899,INV0001348,IL0002696,2026-10-22,2026-10-22,C00428,P0006,SO04,BU3,R02,USD,523,220.18,17.55,195.71,0.58,6.68,0.34,9.04,149.98
T0002697,O0000899,INV0001349,IL0002697,2025-12-29,2025-12-29,C00245,P0147,SO01,BU3,R03,USD,1173,402.57,1.08,394.43,11.17,10.59,14.7,22.1,203.21
T0002698,O0000900,INV0001349,IL0002698,2026-11-03,2026-11-03,C00122,P0040,SO01,BU3,R01,USD,629,796.13,6.87,794.73,21.5,3.81,30.78,44.5,407.52
T0002699,O0000900,INV0001350,IL0002699,2025-08-27,2025-08-27,C00135,P0129,SO02,BU4,R04,USD,978,355.31,7.62,337.16,8.18,12.18,9.83,10.09,259.34
T0002700,O0000900,INV0001350,IL0002700,2026-03-02,2026-03-02,C00045,P0048,SO01,BU4,R03,USD,499,476.64,6.12,470.33,10.98,3.95,14.74,29.07,311.43
T0002701,O0000901,INV0001351,IL0002701,2026-12-26,2026-12-26,C00105,P0129,SO03,BU3,R01,USD,468,133.52,3.87,122.96,3.44,4.12,0.87,5.18,83.74
T0002702,O0000901,INV0001351,IL0002702,2026-07-24,2026-07-24,C00280,P0136,SO03,BU3,R04,USD,1194,1425.87,58.77,1326.77,34.63,12.37,6.67,62.79,912.9
T0002703,O0000901,INV0001352,IL0002703,2026-08-28,2026-08-28,C00019,P0132,SO05,BU1,R02,USD,153,301.53,5.8,292.72,3.55,9.31,9.85,9.06,162.2
T0002704,O0000902,INV0001352,IL0002704,2025-06-05,2025-06-05,C00120,P0111,SO03,BU1,R04,USD,1011,327.26,9.83,305.47,9.09,15.84,12.97,1.82,240.59
T0002705,O0000902,INV0001353,IL0002705,2026-11-02,2026-11-02,C00112,P0141,SO04,BU3,R04,USD,198,362.56,32.19,312.71,8.63,9.55,0.52,0.66,256.58
T0002706,O0000902,INV0001353,IL0002706,2025-09-02,2025-09-02,C00370,P0053,SO01,BU2,R01,USD,56,124.23,12.25,108.44,1.02,5.46,2.94,7.27,74.58
T0002707,O0000903,INV0001354,IL0002707,2025-03-20,2025-03-20,C00132,P0133,SO01,BU4,R02,USD,810,891.81,73.7,812.92,13.27,17.01,25.09,48.92,517.49
T0002708,O0000903,INV0001354,IL0002708,2026-04-16,2026-04-16,C00078,P0058,SO03,BU3,R03,USD,782,1719.07,35.92,1629.37,20.34,78.97,45.53,57.46,1287.09
T0002709,O0000903,INV0001355,IL0002709,2025-03-20,2025-03-20,C00048,P0015,SO01,BU3,R04,USD,910,2536.53,246.31,2169.81,72.6,105.98,58.17,117.18,1486.79
T0002710,O0000904,INV0001355,IL0002710,2025-03-03,2025-03-03,C00218,P0103,SO05,BU3,R01,USD,56,12.12,0.72,11.11,0.1,0.61,0.42,0.31,9.1
T0002711,O0000904,INV0001356,IL0002711,2026-09-12,2026-09-12,C00126,P0036,SO03,BU4,R03,USD,456,922.21,5.47,877.19,13.64,37.65,11.74,47.98,654.09
T0002712,O0000904,INV0001356,IL0002712,2026-08-17,2026-08-17,C00254,P0017,SO04,BU1,R03,USD,109,182.43,3.61,180.99,1.0,2.99,6.16,5.15,128.38
T0002713,O0000905,INV0001357,IL0002713,2026-07-02,2026-07-02,C00399,P0126,SO05,BU2,R04,USD,594,1505.26,81.54,1436.71,23.76,15.95,52.7,47.08,794.64
T0002714,O0000905,INV0001357,IL0002714,2026-09-07,2026-09-07,C00375,P0002,SO04,BU3,R04,USD,1019,690.88,36.24,624.67,18.43,34.71,23.17,16.35,358.97
T0002715,O0000905,INV0001358,IL0002715,2025-12-12,2025-12-12,C00381,P0071,SO02,BU4,R03,USD,657,1870.61,21.06,1846.1,34.8,11.76,43.11,3.09,1118.31
T0002716,O0000906,INV0001358,IL0002716,2025-08-08,2025-08-08,C00471,P0080,SO02,BU1,R04,USD,348,785.78,18.48,737.86,11.68,24.24,6.48,10.1,533.48
T0002717,O0000906,INV0001359,IL0002717,2026-07-31,2026-07-31,C00431,P0050,SO05,BU1,R04,USD,502,803.25,2.61,779.83,16.74,18.17,14.1,22.56,502.26
T0002718,O0000906,INV0001359,IL0002718,2025-10-08,2025-10-08,C00265,P0111,SO01,BU4,R01,USD,554,245.09,5.66,235.95,5.64,1.76,3.92,5.5,124.89
T0002719,O0000907,INV0001360,IL0002719,2025-06-22,2025-06-22,C00295,P0114,SO01,BU4,R04,USD,828,231.51,6.02,222.82,3.57,0.06,0.96,4.2,159.7
T0002720,O0000907,INV0001360,IL0002720,2025-03-23,2025-03-23,C00190,P0113,SO01,BU2,R03,USD,1124,540.64,16.85,510.52,3.47,11.28,1.48,13.62,322.19
T0002721,O0000907,INV0001361,IL0002721,2025-04-15,2025-04-15,C00158,P0099,SO01,BU1,R03,USD,416,1049.48,7.99,1047.05,16.26,9.6,31.42,24.4,510.25
T0002722,O0000908,INV0001361,IL0002722,2025-12-14,2025-12-14,C00364,P0070,SO03,BU1,R02,USD,728,1899.42,33.33,1770.94,22.69,101.31,28.85,114.66,1312.23
T0002723,O0000908,INV0001362,IL0002723,2025-08-26,2025-08-26,C00256,P0116,SO03,BU3,R04,USD,556,1298.04,25.75,1222.63,34.16,48.31,32.81,84.89,737.46
T0002724,O0000908,INV0001362,IL0002724,2026-08-04,2026-08-04,C00182,P0106,SO04,BU2,R03,USD,68,13.85,1.37,12.59,0.35,0.07,0.53,0.12,9.14
T0002725,O0000909,INV0001363,IL0002725,2026-05-24,2026-05-24,C00398,P0039,SO03,BU4,R03,USD,1080,1279.8,75.13,1156.83,34.83,48.36,35.35,58.85,847.81
T0002726,O0000909,INV0001363,IL0002726,2026-04-01,2026-04-01,C00381,P0054,SO03,BU1,R03,USD,1096,875.48,32.19,840.31,20.65,2.67,20.34,37.12,625.59
T0002727,O0000909,INV0001364,IL0002727,2025-01-22,2025-01-22,C00405,P0150,SO02,BU3,R03,USD,539,139.28,9.97,128.92,2.4,3.11,5.12,4.91,80.92
T0002728,O0000910,INV0001364,IL0002728,2025-03-13,2025-03-13,C00097,P0106,SO04,BU1,R01,USD,49,40.29,3.29,35.29,0.76,1.25,0.3,1.17,27.75
T0002729,O0000910,INV0001365,IL0002729,2026-04-20,2026-04-20,C00018,P0004,SO04,BU2,R01,USD,363,850.87,78.96,743.96,8.44,30.92,11.41,15.88,577.53
T0002730,O0000910,INV0001365,IL0002730,2025-07-05,2025-07-05,C00305,P0091,SO04,BU1,R01,USD,593,1077.42,41.72,1035.68,18.62,17.4,36.0,54.49,813.1
T0002731,O0000911,INV0001366,IL0002731,2026-05-03,2026-05-03,C00432,P0091,SO04,BU2,R04,USD,277,400.9,6.76,400.44,0.09,0.26,6.65,24.92,296.85
T0002732,O0000911,INV0001366,IL0002732,2025-03-10,2025-03-10,C00332,P0115,SO02,BU3,R02,USD,564,562.36,32.61,502.15,13.21,21.56,7.17,11.0,298.93
T0002733,O0000911,INV0001367,IL0002733,2025-05-01,2025-05-01,C00418,P0105,SO02,BU3,R01,USD,1138,897.43,14.57,860.98,7.5,36.14,21.76,41.4,611.29
T0002734,O0000912,INV0001367,IL0002734,2026-12-01,2026-12-01,C00437,P0012,SO02,BU2,R03,USD,195,266.76,12.41,252.39,7.73,1.52,7.29,11.24,174.58
T0002735,O0000912,INV0001368,IL0002735,2025-12-12,2025-12-12,C00230,P0104,SO03,BU3,R03,USD,500,144.65,3.91,132.15,4.34,7.53,3.28,0.83,92.09
T0002736,O0000912,INV0001368,IL0002736,2025-10-23,2025-10-23,C00089,P0063,SO01,BU3,R01,USD,728,1635.23,128.72,1395.99,43.51,80.22,13.21,16.51,882.56
T0002737,O0000913,INV0001369,IL0002737,2026-07-02,2026-07-02,C00415,P0121,SO02,BU4,R04,USD,840,1627.92,93.41,1451.51,27.09,59.05,3.14,89.95,844.54
T0002738,O0000913,INV0001369,IL0002738,2026-01-23,2026-01-23,C00141,P0117,SO01,BU4,R03,USD,206,492.46,16.82,457.79,8.28,23.93,14.36,16.81,245.31
T0002739,O0000913,INV0001370,IL0002739,2026-04-25,2026-04-25,C00492,P0010,SO02,BU1,R02,USD,578,216.69,15.63,193.43,0.01,8.67,1.05,1.61,164.01
T0002740,O0000914,INV0001370,IL0002740,2025-11-04,2025-11-04,C00478,P0103,SO04,BU1,R03,USD,531,636.93,41.38,563.87,18.49,35.01,21.82,29.93,348.73
T0002741,O0000914,INV0001371,IL0002741,2026-04-14,2026-04-14,C00186,P0078,SO01,BU2,R01,USD,628,1577.1,77.19,1426.26,45.4,70.55,42.3,85.66,1162.05
T0002742,O0000914,INV0001371,IL0002742,2025-12-11,2025-12-11,C00497,P0048,SO03,BU4,R01,USD,1027,2926.95,195.84,2654.01,85.22,90.08,98.2,85.18,2001.57
T0002743,O0000915,INV0001372,IL0002743,2025-02-27,2025-02-27,C00241,P0144,SO03,BU2,R01,USD,257,480.28,16.36,439.84,2.49,24.6,3.01,22.39,331.52
T0002744,O0000915,INV0001372,IL0002744,2026-07-23,2026-07-23,C00425,P0008,SO03,BU2,R01,USD,344,755.32,30.68,705.92,12.96,24.33,18.57,20.36,503.37
T0002745,O0000915,INV0001373,IL0002745,2025-01-20,2025-01-20,C00076,P0139,SO04,BU2,R02,USD,748,1953.18,164.77,1777.74,32.19,23.1,44.62,57.17,1483.03
T0002746,O0000916,INV0001373,IL0002746,2026-02-24,2026-02-24,C00158,P0104,SO02,BU1,R03,USD,283,787.73,60.54,748.08,0.03,0.6,21.52,0.5,542.44
T0002747,O0000916,INV0001374,IL0002747,2026-08-31,2026-08-31,C00432,P0006,SO05,BU3,R04,USD,105,246.19,12.0,226.34,5.74,7.15,5.04,14.56,168.71
T0002748,O0000916,INV0001374,IL0002748,2026-12-23,2026-12-23,C00392,P0112,SO04,BU3,R04,USD,470,290.7,14.5,257.25,7.33,12.03,0.41,16.03,217.99
T0002749,O0000917,INV0001375,IL0002749,2025-08-29,2025-08-29,C00140,P0130,SO04,BU1,R02,USD,326,643.95,44.53,590.48,9.5,10.78,11.34,28.28,382.91
T0002750,O0000917,INV0001375,IL0002750,2026-09-23,2026-09-23,C00210,P0089,SO02,BU2,R01,USD,982,2270.19,152.83,2085.31,18.32,42.49,28.76,68.74,1174.38
T0002751,O0000917,INV0001376,IL0002751,2026-01-05,2026-01-05,C00347,P0071,SO03,BU3,R02,USD,1054,640.41,6.59,617.3,19.17,9.56,12.21,37.12,370.16
T0002752,O0000918,INV0001376,IL0002752,2025-02-11,2025-02-11,C00100,P0079,SO01,BU3,R02,USD,281,616.88,3.76,614.02,8.1,6.09,15.09,2.51,464.8
T0002753,O0000918,INV0001377,IL0002753,2025-05-09,2025-05-09,C00433,P0100,SO04,BU1,R01,USD,717,458.02,42.43,397.08,13.09,5.61,0.19,21.1,336.62
T0002754,O0000918,INV0001377,IL0002754,2026-04-18,2026-04-18,C00386,P0067,SO02,BU2,R01,USD,790,621.26,5.38,604.96,9.6,5.01,3.69,31.53,379.09
T0002755,O0000919,INV0001378,IL0002755,2026-01-12,2026-01-12,C00063,P0033,SO01,BU3,R04,USD,1152,822.87,62.54,703.67,14.19,44.51,2.04,41.4,578.97
T0002756,O0000919,INV0001378,IL0002756,2025-08-03,2025-08-03,C00205,P0105,SO05,BU4,R03,USD,437,305.16,15.03,272.94,2.11,16.66,1.58,6.78,192.0
T0002757,O0000919,INV0001379,IL0002757,2026-02-14,2026-02-14,C00082,P0134,SO03,BU4,R01,USD,963,532.83,41.91,485.21,13.66,6.42,14.37,25.5,283.54
T0002758,O0000920,INV0001379,IL0002758,2025-08-01,2025-08-01,C00053,P0010,SO03,BU4,R03,USD,479,1003.79,82.77,861.64,22.08,39.44,2.14,35.23,634.5
T0002759,O0000920,INV0001380,IL0002759,2025-05-26,2025-05-26,C00336,P0054,SO04,BU1,R04,USD,79,57.34,2.56,55.75,0.46,0.6,2.03,0.48,30.68
T0002760,O0000920,INV0001380,IL0002760,2026-10-04,2026-10-04,C00276,P0132,SO02,BU3,R02,USD,1102,1024.97,40.86,970.66,23.56,4.65,14.76,37.2,631.71
T0002761,O0000921,INV0001381,IL0002761,2025-01-13,2025-01-13,C00138,P0119,SO03,BU4,R01,USD,910,409.23,21.43,377.29,8.73,14.1,12.32,3.0,275.16
T0002762,O0000921,INV0001381,IL0002762,2026-03-08,2026-03-08,C00293,P0099,SO03,BU2,R03,USD,43,110.34,7.2,102.74,1.28,2.24,3.12,5.23,62.45
T0002763,O0000921,INV0001382,IL0002763,2026-12-09,2026-12-09,C00074,P0025,SO02,BU4,R01,USD,1012,1980.89,106.85,1805.66,13.22,67.63,12.47,40.85,1111.32
T0002764,O0000922,INV0001382,IL0002764,2025-05-29,2025-05-29,C00323,P0116,SO02,BU3,R02,USD,887,1396.85,50.66,1289.29,8.56,55.76,7.42,19.26,1058.49
T0002765,O0000922,INV0001383,IL0002765,2026-08-09,2026-08-09,C00020,P0057,SO05,BU4,R02,USD,945,1718.29,104.33,1538.48,47.1,63.97,35.59,22.75,929.52
T0002766,O0000922,INV0001383,IL0002766,2026-12-12,2026-12-12,C00191,P0006,SO03,BU4,R04,USD,347,150.11,7.65,134.77,3.41,6.81,2.53,3.42,86.57
T0002767,O0000923,INV0001384,IL0002767,2025-03-24,2025-03-24,C00349,P0008,SO05,BU1,R03,USD,689,145.52,6.34,132.51,3.83,5.89,3.05,7.12,95.84
T0002768,O0000923,INV0001384,IL0002768,2026-02-17,2026-02-17,C00331,P0118,SO03,BU4,R02,USD,619,928.19,43.72,839.33,24.25,42.31,21.42,14.49,583.77
T0002769,O0000923,INV0001385,IL0002769,2026-07-27,2026-07-27,C00299,P0092,SO05,BU4,R02,USD,192,491.1,0.05,481.15,7.78,5.0,2.88,5.69,300.32
T0002770,O0000924,INV0001385,IL0002770,2025-04-16,2025-04-16,C00167,P0091,SO04,BU3,R04,USD,830,685.75,46.43,638.69,6.07,21.6,27.04,26.99,372.91
T0002771,O0000924,INV0001386,IL0002771,2026-09-22,2026-09-22,C00173,P0074,SO01,BU1,R03,USD,421,701.13,24.39,659.3,16.57,11.03,10.16,30.13,489.41
T0002772,O0000924,INV0001386,IL0002772,2025-07-23,2025-07-23,C00039,P0121,SO02,BU2,R04,USD,1061,1580.78,4.95,1495.63,7.1,74.09,0.99,84.45,823.61
T0002773,O0000925,INV0001387,IL0002773,2026-04-24,2026-04-24,C00482,P0053,SO03,BU1,R01,USD,780,601.61,44.69,545.35,3.03,24.35,15.81,27.48,366.46
T0002774,O0000925,INV0001387,IL0002774,2025-07-10,2025-07-10,C00088,P0053,SO05,BU2,R04,USD,1044,1447.92,81.7,1373.69,25.99,5.2,38.66,9.23,697.06
T0002775,O0000925,INV0001388,IL0002775,2025-05-07,2025-05-07,C00018,P0003,SO05,BU2,R01,USD,1133,1775.18,70.36,1682.32,51.67,2.24,31.41,87.84,1337.29
T0002776,O0000926,INV0001388,IL0002776,2026-02-28,2026-02-28,C00159,P0078,SO05,BU3,R04,USD,1152,2934.26,184.26,2698.86,17.4,75.69,41.95,177.48,1706.74
T0002777,O0000926,INV0001389,IL0002777,2025-04-04,2025-04-04,C00248,P0111,SO02,BU2,R04,USD,57,101.49,5.03,95.84,2.8,1.63,3.81,4.44,68.81
T0002778,O0000926,INV0001389,IL0002778,2026-10-16,2026-10-16,C00487,P0144,SO04,BU4,R04,USD,39,36.76,2.76,32.27,0.9,1.45,0.62,1.89,27.54
T0002779,O0000927,INV0001390,IL0002779,2025-09-19,2025-09-19,C00469,P0127,SO02,BU3,R03,USD,488,790.85,60.75,701.68,20.93,32.37,24.88,15.99,588.81
T0002780,O0000927,INV0001390,IL0002780,2026-05-29,2026-05-29,C00484,P0147,SO01,BU1,R02,USD,689,839.62,28.95,775.12,24.87,25.54,14.86,16.44,590.82
T0002781,O0000927,INV0001391,IL0002781,2026-04-06,2026-04-06,C00227,P0024,SO04,BU3,R02,USD,1092,2885.83,155.76,2667.3,20.47,70.64,28.34,8.1,1598.54
T0002782,O0000928,INV0001391,IL0002782,2026-02-17,2026-02-17,C00261,P0082,SO05,BU4,R03,USD,448,682.75,26.97,644.86,15.3,2.17,6.55,25.76,425.5
T0002783,O0000928,INV0001392,IL0002783,2026-08-29,2026-08-29,C00425,P0100,SO04,BU1,R01,USD,815,1892.35,180.21,1628.49,9.39,96.83,22.57,40.85,1371.88
T0002784,O0000928,INV0001392,IL0002784,2026-06-26,2026-06-26,C00208,P0085,SO01,BU2,R04,USD,239,162.14,1.66,159.98,1.73,0.29,1.52,0.06,98.34
T0002785,O0000929,INV0001393,IL0002785,2026-07-14,2026-07-14,C00024,P0054,SO01,BU3,R04,USD,645,838.76,24.39,781.59,10.75,41.74,19.71,26.09,416.37
T0002786,O0000929,INV0001393,IL0002786,2025-09-23,2025-09-23,C00226,P0071,SO05,BU3,R01,USD,891,1908.08,111.21,1699.29,37.61,92.49,32.52,13.77,1015.39
T0002787,O0000929,INV0001394,IL0002787,2025-12-13,2025-12-13,C00023,P0061,SO04,BU3,R04,USD,839,1716.34,168.04,1515.84,28.38,38.59,34.51,7.44,1268.95
T0002788,O0000930,INV0001394,IL0002788,2026-07-31,2026-07-31,C00463,P0012,SO02,BU2,R04,USD,629,319.15,16.63,298.27,2.12,3.8,1.67,14.92,201.79
T0002789,O0000930,INV0001395,IL0002789,2026-11-09,2026-11-09,C00206,P0001,SO04,BU4,R03,USD,467,726.98,22.95,674.4,0.01,34.49,4.87,40.34,417.9
T0002790,O0000930,INV0001395,IL0002790,2025-07-17,2025-07-17,C00405,P0133,SO01,BU1,R03,USD,226,638.99,56.5,571.83,1.31,30.07,20.72,3.79,459.9
T0002791,O0000931,INV0001396,IL0002791,2026-07-09,2026-07-09,C00048,P0096,SO03,BU2,R04,USD,122,147.29,13.47,128.99,3.57,4.84,3.58,1.05,102.48
T0002792,O0000931,INV0001396,IL0002792,2026-02-15,2026-02-15,C00321,P0096,SO02,BU2,R01,USD,739,796.05,45.82,720.69,16.04,32.39,18.89,29.08,567.84
T0002793,O0000931,INV0001397,IL0002793,2026-06-30,2026-06-30,C00225,P0021,SO02,BU1,R01,USD,896,2063.04,101.6,1923.67,29.9,60.85,52.98,19.88,1342.81
T0002794,O0000932,INV0001397,IL0002794,2025-07-28,2025-07-28,C00363,P0042,SO03,BU2,R02,USD,758,171.38,15.74,146.94,3.61,5.66,0.57,2.26,128.47
T0002795,O0000932,INV0001398,IL0002795,2025-05-24,2025-05-24,C00039,P0050,SO04,BU1,R04,USD,1190,1335.78,128.46,1187.53,1.69,64.03,45.93,3.44,943.52
T0002796,O0000932,INV0001398,IL0002796,2025-02-23,2025-02-23,C00484,P0055,SO01,BU4,R02,USD,159,425.82,20.06,394.67,4.64,13.01,6.56,7.04,289.8
T0002797,O0000933,INV0001399,IL0002797,2025-01-08,2025-01-08,C00199,P0103,SO04,BU4,R04,USD,149,301.53,27.03,260.13,8.88,15.01,9.52,13.13,207.27
T0002798,O0000933,INV0001399,IL0002798,2026-10-28,2026-10-28,C00118,P0016,SO03,BU1,R03,USD,768,2072.29,88.97,1951.33,30.49,10.63,9.13,6.57,1316.37
T0002799,O0000933,INV0001400,IL0002799,2026-10-21,2026-10-21,C00033,P0139,SO03,BU3,R01,USD,258,506.07,6.67,475.97,10.14,17.95,4.66,28.11,339.21
T0002800,O0000934,INV0001400,IL0002800,2025-08-15,2025-08-15,C00101,P0016,SO01,BU2,R03,USD,674,764.11,66.85,686.83,11.64,20.82,22.03,20.63,395.8
T0002801,O0000934,INV0001401,IL0002801,2025-06-04,2025-06-04,C00114,P0030,SO05,BU2,R01,USD,708,1261.73,70.02,1167.33,26.02,48.65,50.29,69.11,893.72
T0002802,O0000934,INV0001401,IL0002802,2026-08-20,2026-08-20,C00361,P0100,SO04,BU4,R01,USD,1178,2611.27,224.62,2344.69,3.79,41.39,3.22,10.69,1372.79
T0002803,O0000935,INV0001402,IL0002803,2025-02-20,2025-02-20,C00432,P0056,SO04,BU2,R04,USD,22,34.44,1.39,33.52,0.28,0.2,0.95,0.03,21.9
T0002804,O0000935,INV0001402,IL0002804,2025-09-19,2025-09-19,C00383,P0105,SO02,BU2,R04,USD,1118,2295.14,158.78,2092.56,34.4,12.9,3.5,123.16,1599.34
T0002805,O0000935,INV0001403,IL0002805,2025-10-07,2025-10-07,C00218,P0145,SO01,BU3,R01,USD,549,509.97,44.64,465.59,0.46,11.33,12.05,24.12,360.67
T0002806,O0000936,INV0001403,IL0002806,2026-05-29,2026-05-29,C00018,P0106,SO05,BU1,R01,USD,945,831.88,33.14,794.39,14.83,10.09,20.57,46.33,526.57
T0002807,O0000936,INV0001404,IL0002807,2026-08-09,2026-08-09,C00335,P0011,SO01,BU4,R04,USD,538,300.31,29.51,275.17,0.7,2.36,7.43,11.95,145.5
T0002808,O0000936,INV0001404,IL0002808,2026-04-11,2026-04-11,C00477,P0114,SO04,BU2,R03,USD,376,385.1,7.34,364.67,8.79,11.3,7.0,15.44,266.02
T0002809,O0000937,INV0001405,IL0002809,2026-09-07,2026-09-07,C00413,P0089,SO02,BU3,R03,USD,101,44.0,4.13,38.31,1.28,1.2,0.92,0.33,28.88
T0002810,O0000937,INV0001405,IL0002810,2025-10-28,2025-10-28,C00345,P0097,SO02,BU1,R01,USD,665,1153.84,1.65,1075.58,33.44,61.05,17.88,33.58,750.52
T0002811,O0000937,INV0001406,IL0002811,2026-02-02,2026-02-02,C00044,P0031,SO03,BU1,R02,USD,802,437.97,31.5,404.36,5.24,0.19,3.32,3.61,283.41
T0002812,O0000938,INV0001406,IL0002812,2026-02-14,2026-02-14,C00449,P0141,SO05,BU4,R01,USD,855,1256.76,5.78,1252.09,14.92,26.16,42.19,72.0,865.76
T0002813,O0000938,INV0001407,IL0002813,2025-10-30,2025-10-30,C00023,P0041,SO03,BU3,R04,USD,755,1792.67,89.14,1755.12,7.11,8.55,67.25,33.6,1022.25
T0002814,O0000938,INV0001407,IL0002814,2025-07-27,2025-07-27,C00175,P0039,SO01,BU3,R04,USD,809,1940.87,0.13,1897.74,18.69,89.34,65.03,51.87,1099.49
T0002815,O0000939,INV0001408,IL0002815,2025-03-06,2025-03-06,C00232,P0047,SO04,BU4,R04,USD,751,2051.73,11.61,2021.17,47.56,0.93,29.54,32.21,1405.44
T0002816,O0000939,INV0001408,IL0002816,2025-07-23,2025-07-23,C00393,P0023,SO02,BU3,R01,USD,253,393.44,14.61,381.94,4.88,7.13,15.12,7.7,257.56
T0002817,O0000939,INV0001409,IL0002817,2025-06-02,2025-06-02,C00125,P0039,SO05,BU1,R03,USD,263,52.0,0.44,49.38,0.23,2.51,0.56,2.57,28.72
T0002818,O0000940,INV0001409,IL0002818,2025-04-22,2025-04-22,C00406,P0071,SO03,BU3,R03,USD,585,1451.91,117.23,1277.88,23.44,63.09,29.73,81.13,804.75
T0002819,O0000940,INV0001410,IL0002819,2025-07-21,2025-07-21,C00349,P0120,SO01,BU4,R03,USD,1124,655.85,57.31,616.63,0.89,5.36,24.34,22.92,393.24
T0002820,O0000940,INV0001410,IL0002820,2025-08-22,2025-08-22,C00048,P0056,SO01,BU4,R04,USD,1168,2909.37,262.19,2597.69,45.13,80.37,76.01,146.2,2178.63
T0002821,O0000941,INV0001411,IL0002821,2026-08-04,2026-08-04,C00197,P0039,SO05,BU2,R03,USD,343,953.2,32.77,895.48,13.24,40.49,28.78,13.61,573.69
T0002822,O0000941,INV0001411,IL0002822,2025-12-07,2025-12-07,C00186,P0130,SO01,BU4,R01,USD,934,2593.06,201.3,2243.63,67.75,123.63,43.25,47.2,1801.73
T0002823,O0000941,INV0001412,IL0002823,2026-06-20,2026-06-20,C00487,P0137,SO05,BU1,R04,USD,410,893.72,88.67,786.74,22.09,7.33,11.11,7.06,616.13
T0002824,O0000942,INV0001412,IL0002824,2025-11-26,2025-11-26,C00104,P0084,SO04,BU4,R04,USD,148,381.9,37.04,329.62,7.79,15.91,8.46,22.73,218.72
T0002825,O0000942,INV0001413,IL0002825,2025-09-15,2025-09-15,C00173,P0094,SO03,BU4,R03,USD,1144,2454.68,45.83,2413.46,70.86,21.44,96.91,79.88,1481.61
T0002826,O0000942,INV0001413,IL0002826,2026-01-24,2026-01-24,C00469,P0097,SO02,BU2,R03,USD,1100,575.41,31.42,541.31,8.55,10.16,16.03,2.99,356.84
T0002827,O0000943,INV0001414,IL0002827,2026-11-13,2026-11-13,C00067,P0015,SO01,BU4,R02,USD,651,478.03,32.7,422.16,11.78,18.85,7.46,5.6,277.63
T0002828,O0000943,INV0001414,IL0002828,2026-01-16,2026-01-16,C00398,P0035,SO03,BU1,R03,USD,272,118.16,7.74,111.05,1.7,1.92,4.25,6.14,59.44
T0002829,O0000943,INV0001415,IL0002829,2025-09-27,2025-09-27,C00113,P0001,SO04,BU4,R01,USD,41,95.53,0.78,92.5,2.64,1.87,2.26,2.47,69.05
T0002830,O0000944,INV0001415,IL0002830,2025-11-10,2025-11-10,C00181,P0119,SO05,BU2,R03,USD,565,1507.02,32.18,1426.04,26.91,50.75,28.86,68.23,1065.49
T0002831,O0000944,INV0001416,IL0002831,2026-01-07,2026-01-07,C00117,P0059,SO03,BU4,R03,USD,576,1311.72,122.36,1183.98,6.48,31.18,32.28,2.08,640.09
T0002832,O0000944,INV0001416,IL0002832,2025-02-16,2025-02-16,C00383,P0053,SO05,BU2,R04,USD,473,457.06,27.41,414.19,6.81,18.57,9.92,15.99,264.94
T0002833,O0000945,INV0001417,IL0002833,2026-02-28,2026-02-28,C00321,P0018,SO02,BU1,R01,USD,1082,1658.27,138.94,1521.72,23.69,36.8,62.88,86.17,1258.42
T0002834,O0000945,INV0001417,IL0002834,2025-05-14,2025-05-14,C00060,P0094,SO04,BU3,R02,USD,324,490.11,12.5,448.85,6.71,26.35,4.3,28.37,252.76
T0002835,O0000945,INV0001418,IL0002835,2026-08-21,2026-08-21,C00445,P0012,SO02,BU3,R03,USD,449,221.72,3.71,211.49,1.52,7.34,2.34,13.03,108.97
T0002836,O0000946,INV0001418,IL0002836,2025-01-15,2025-01-15,C00149,P0116,SO02,BU3,R03,USD,250,699.52,51.19,610.82,18.43,33.78,14.7,23.75,491.98
T0002837,O0000946,INV0001419,IL0002837,2025-11-14,2025-11-14,C00236,P0121,SO01,BU4,R02,USD,533,105.0,0.19,105.36,1.27,2.37,4.19,2.97,72.81
T0002838,O0000946,INV0001419,IL0002838,2025-01-04,2025-01-04,C00345,P0116,SO03,BU1,R01,USD,295,180.75,17.94,163.99,4.62,1.19,6.99,7.4,126.61
T0002839,O0000947,INV0001420,IL0002839,2025-05-11,2025-05-11,C00062,P0149,SO02,BU3,R03,USD,1041,1341.85,128.6,1179.65,6.64,41.0,14.04,35.23,809.54
T0002840,O0000947,INV0001420,IL0002840,2026-12-27,2026-12-27,C00405,P0056,SO05,BU4,R03,USD,431,304.93,0.34,296.63,2.74,13.07,7.85,8.95,231.6
T0002841,O0000947,INV0001421,IL0002841,2025-06-20,2025-06-20,C00340,P0010,SO03,BU1,R02,USD,831,1614.3,64.1,1522.83,42.98,48.22,63.83,21.57,817.58
T0002842,O0000948,INV0001421,IL0002842,2026-11-01,2026-11-01,C00469,P0068,SO02,BU3,R03,USD,706,1109.27,80.64,952.46,19.24,60.99,4.06,43.86,832.67
T0002843,O0000948,INV0001422,IL0002843,2026-03-20,2026-03-20,C00180,P0026,SO05,BU1,R02,USD,545,361.93,1.05,360.05,4.22,4.68,8.07,19.08,182.68
T0002844,O0000948,INV0001422,IL0002844,2025-01-20,2025-01-20,C00158,P0144,SO03,BU4,R03,USD,780,666.12,63.26,595.07,1.9,25.25,19.36,38.56,427.8
T0002845,O0000949,INV0001423,IL0002845,2026-07-20,2026-07-20,C00413,P0096,SO04,BU3,R03,USD,538,336.63,20.96,309.06,5.05,13.97,12.41,18.46,181.24
T0002846,O0000949,INV0001423,IL0002846,2025-07-18,2025-07-18,C00466,P0101,SO01,BU3,R01,USD,1190,1791.9,87.6,1662.43,24.79,51.22,34.14,24.39,1043.8
T0002847,O0000949,INV0001424,IL0002847,2026-07-27,2026-07-27,C00218,P0019,SO02,BU3,R01,USD,642,268.61,6.9,250.63,4.8,8.64,2.36,9.74,190.16
T0002848,O0000950,INV0001424,IL0002848,2026-07-15,2026-07-15,C00335,P0140,SO05,BU2,R04,USD,376,501.73,24.65,481.77,1.96,5.53,12.18,16.52,336.3
T0002849,O0000950,INV0001425,IL0002849,2026-02-20,2026-02-20,C00059,P0094,SO01,BU1,R02,USD,77,33.18,0.27,32.39,0.61,0.61,0.7,0.64,15.93
T0002850,O0000950,INV0001425,IL0002850,2025-07-23,2025-07-23,C00212,P0065,SO01,BU4,R02,USD,330,727.39,19.02,695.16,12.77,0.51,0.07,46.27,497.04
T0002851,O0000951,INV0001426,IL0002851,2025-04-10,2025-04-10,C00410,P0099,SO04,BU1,R01,USD,952,1960.93,3.64,1853.8,49.37,105.78,51.66,11.62,1254.59
T0002852,O0000951,INV0001426,IL0002852,2026-05-08,2026-05-08,C00115,P0136,SO01,BU1,R02,USD,791,1101.63,103.4,962.33,12.59,40.37,17.06,2.46,584.77
T0002853,O0000951,INV0001427,IL0002853,2026-11-23,2026-11-23,C00202,P0031,SO02,BU2,R01,USD,381,843.42,38.63,789.32,10.94,10.38,5.85,44.12,490.76
T0002854,O0000952,INV0001427,IL0002854,2026-08-05,2026-08-05,C00290,P0113,SO01,BU2,R01,USD,556,1452.72,90.13,1332.8,20.44,53.1,43.75,85.37,845.38
T0002855,O0000952,INV0001428,IL0002855,2026-03-31,2026-03-31,C00317,P0051,SO01,BU2,R03,USD,1011,1442.29,17.1,1406.95,29.48,24.45,35.69,45.95,1028.92
T0002856,O0000952,INV0001428,IL0002856,2026-05-27,2026-05-27,C00106,P0047,SO04,BU2,R01,USD,19,44.87,2.63,41.55,0.68,1.0,0.99,1.86,28.27
T0002857,O0000953,INV0001429,IL0002857,2026-07-18,2026-07-18,C00216,P0017,SO02,BU2,R04,USD,1082,1185.76,71.73,1102.23,7.13,22.62,17.95,66.51,890.63
T0002858,O0000953,INV0001429,IL0002858,2026-08-29,2026-08-29,C00151,P0055,SO02,BU3,R04,USD,851,775.35,68.52,693.98,1.19,16.32,4.66,23.94,458.05
T0002859,O0000953,INV0001430,IL0002859,2026-03-11,2026-03-11,C00454,P0090,SO05,BU4,R03,USD,816,1908.3,152.38,1709.49,42.1,54.39,50.06,74.07,1122.9
T0002860,O0000954,INV0001430,IL0002860,2026-08-21,2026-08-21,C00325,P0068,SO05,BU3,R03,USD,170,188.95,15.91,172.42,4.59,2.48,6.45,10.42,138.69
T0002861,O0000954,INV0001431,IL0002861,2026-10-26,2026-10-26,C00019,P0034,SO04,BU1,R02,USD,58,130.4,3.15,121.03,1.94,4.31,0.03,5.75,89.06
T0002862,O0000954,INV0001431,IL0002862,2026-06-21,2026-06-21,C00313,P0102,SO01,BU3,R01,USD,474,897.42,23.22,867.76,23.63,11.7,28.89,33.65,518.56
T0002863,O0000955,INV0001432,IL0002863,2025-02-03,2025-02-03,C00396,P0124,SO02,BU1,R02,USD,24,28.32,1.51,26.86,0.17,0.83,1.05,0.35,18.2
T0002864,O0000955,INV0001432,IL0002864,2026-09-14,2026-09-14,C00062,P0064,SO04,BU2,R03,USD,787,778.26,57.62,705.57,1.0,39.33,25.26,10.94,379.92
T0002865,O0000955,INV0001433,IL0002865,2025-08-03,2025-08-03,C00029,P0071,SO03,BU3,R03,USD,730,133.95,11.79,119.1,0.88,5.97,3.79,2.62,95.74
T0002866,O0000956,INV0001433,IL0002866,2025-02-16,2025-02-16,C00411,P0037,SO04,BU2,R02,USD,749,1167.77,101.52,1022.7,15.83,37.34,9.62,66.19,851.82
T0002867,O0000956,INV0001434,IL0002867,2026-04-24,2026-04-24,C00144,P0110,SO04,BU1,R04,USD,817,2031.31,151.45,1847.04,15.09,95.05,77.32,25.41,1488.87
T0002868,O0000956,INV0001434,IL0002868,2026-08-08,2026-08-08,C00318,P0122,SO04,BU1,R03,USD,238,256.16,3.76,244.44,0.41,13.45,5.9,1.19,181.64
T0002869,O0000957,INV0001435,IL0002869,2025-04-01,2025-04-01,C00011,P0046,SO01,BU4,R02,USD,903,270.81,21.78,238.66,0.9,13.02,3.55,16.32,159.69
T0002870,O0000957,INV0001435,IL0002870,2025-09-26,2025-09-26,C00304,P0119,SO01,BU4,R04,USD,1168,2186.96,44.22,2174.47,12.88,28.39,73.0,40.12,1311.28
T0002871,O0000957,INV0001436,IL0002871,2025-08-09,2025-08-09,C00456,P0083,SO05,BU3,R04,USD,770,692.85,65.58,617.73,10.98,8.02,9.46,39.4,516.06
T0002872,O0000958,INV0001436,IL0002872,2026-11-16,2026-11-16,C00388,P0047,SO04,BU2,R02,USD,74,50.02,2.34,45.16,1.09,2.37,0.94,1.49,30.07
T0002873,O0000958,INV0001437,IL0002873,2026-05-08,2026-05-08,C00044,P0139,SO04,BU4,R02,USD,337,600.26,14.36,563.22,12.94,30.45,20.71,5.02,383.92
T0002874,O0000958,INV0001437,IL0002874,2026-05-19,2026-05-19,C00237,P0065,SO02,BU4,R03,USD,1076,2967.18,284.84,2577.62,9.12,120.18,24.58,89.9,2183.09
T0002875,O0000959,INV0001438,IL0002875,2026-05-28,2026-05-28,C00229,P0003,SO01,BU3,R03,USD,1044,2357.98,2.76,2275.14,40.94,98.37,59.23,134.58,1629.54
T0002876,O0000959,INV0001438,IL0002876,2026-01-08,2026-01-08,C00061,P0008,SO04,BU2,R03,USD,557,160.97,0.58,159.84,2.2,1.81,3.46,4.94,106.36
T0002877,O0000959,INV0001439,IL0002877,2025-10-03,2025-10-03,C00263,P0051,SO01,BU1,R04,USD,476,408.88,34.4,380.59,4.31,4.79,15.21,7.59,233.88
T0002878,O0000960,INV0001439,IL0002878,2026-11-26,2026-11-26,C00004,P0075,SO04,BU1,R02,USD,274,399.9,20.56,381.68,7.37,4.16,13.87,21.89,253.99
T0002879,O0000960,INV0001440,IL0002879,2025-09-08,2025-09-08,C00406,P0100,SO04,BU1,R03,USD,513,1105.05,9.14,1081.0,16.33,31.56,32.98,20.2,685.93
T0002880,O0000960,INV0001440,IL0002880,2025-09-25,2025-09-25,C00137,P0011,SO03,BU2,R01,USD,1160,2249.82,202.71,1909.3,67.26,72.71,2.16,129.87,1707.25
T0002881,O0000961,INV0001441,IL0002881,2025-02-04,2025-02-04,C00237,P0096,SO04,BU2,R03,USD,20,48.71,4.02,44.32,0.23,1.66,1.52,1.12,25.07
T0002882,O0000961,INV0001441,IL0002882,2025-07-31,2025-07-31,C00427,P0010,SO05,BU1,R02,USD,833,997.52,21.84,908.43,28.71,45.13,6.59,54.03,547.49
T0002883,O0000961,INV0001442,IL0002883,2026-02-14,2026-02-14,C00181,P0068,SO01,BU1,R03,USD,511,132.04,7.89,117.42,2.35,5.83,1.45,0.49,92.77
T0002884,O0000962,INV0001442,IL0002884,2025-07-04,2025-07-04,C00350,P0119,SO02,BU3,R03,USD,344,85.59,1.25,79.71,2.5,2.87,0.74,5.14,54.47
T0002885,O0000962,INV0001443,IL0002885,2025-01-05,2025-01-05,C00012,P0075,SO05,BU1,R02,USD,420,163.51,15.49,153.5,0.69,0.35,6.52,10.03,117.6
T0002886,O0000962,INV0001443,IL0002886,2025-05-10,2025-05-10,C00414,P0015,SO05,BU2,R03,USD,1092,2746.27,214.69,2599.32,2.68,35.88,106.3,63.06,2017.61
T0002887,O0000963,INV0001444,IL0002887,2026-06-28,2026-06-28,C00148,P0115,SO02,BU3,R02,USD,1067,1214.57,91.88,1085.08,17.69,29.86,9.94,71.49,858.92
T0002888,O0000963,INV0001444,IL0002888,2025-06-03,2025-06-03,C00139,P0085,SO01,BU3,R02,USD,494,783.04,8.22,746.81,20.16,23.07,15.22,9.82,564.32
T0002889,O0000963,INV0001445,IL0002889,2026-06-12,2026-06-12,C00446,P0036,SO04,BU2,R03,USD,572,1404.09,82.4,1296.8,36.57,7.6,19.28,33.15,1016.32
T0002890,O0000964,INV0001445,IL0002890,2026-04-24,2026-04-24,C00352,P0108,SO02,BU1,R04,USD,1087,2115.19,16.77,1992.76,57.44,68.84,20.62,17.29,1570.15
T0002891,O0000964,INV0001446,IL0002891,2026-03-10,2026-03-10,C00373,P0085,SO05,BU2,R03,USD,546,1179.58,53.49,1071.28,3.66,51.85,0.7,22.06,800.24
T0002892,O0000964,INV0001446,IL0002892,2026-07-22,2026-07-22,C00145,P0150,SO04,BU4,R01,USD,676,1452.05,74.12,1375.26,5.93,20.39,23.65,22.85,815.09
T0002893,O0000965,INV0001447,IL0002893,2025-12-07,2025-12-07,C00014,P0114,SO04,BU2,R03,USD,749,828.09,29.17,753.33,17.33,35.23,6.97,26.8,597.11
T0002894,O0000965,INV0001447,IL0002894,2025-03-21,2025-03-21,C00440,P0016,SO02,BU1,R04,USD,284,554.65,24.77,524.85,12.91,9.15,17.03,18.25,336.43
T0002895,O0000965,INV0001448,IL0002895,2026-05-20,2026-05-20,C00140,P0096,SO04,BU3,R02,USD,378,441.39,38.82,403.65,1.56,5.26,7.9,20.81,317.11
T0002896,O0000966,INV0001448,IL0002896,2025-09-12,2025-09-12,C00248,P0121,SO05,BU4,R04,USD,88,19.84,0.12,19.48,0.17,0.36,0.29,0.75,14.99
T0002897,O0000966,INV0001449,IL0002897,2025-11-14,2025-11-14,C00292,P0107,SO05,BU3,R02,USD,553,1460.92,123.51,1310.07,4.62,34.26,11.54,72.27,931.8
T0002898,O0000966,INV0001449,IL0002898,2026-11-06,2026-11-06,C00433,P0126,SO04,BU4,R01,USD,325,344.76,20.21,322.76,3.55,0.57,2.33,10.09,208.96
T0002899,O0000967,INV0001450,IL0002899,2026-10-02,2026-10-02,C00376,P0006,SO03,BU1,R04,USD,626,319.82,4.95,306.63,7.44,2.69,1.89,7.74,196.74
T0002900,O0000967,INV0001450,IL0002900,2025-03-06,2025-03-06,C00483,P0073,SO02,BU4,R02,USD,241,489.59,9.89,466.24,1.52,24.41,12.47,11.06,241.78
T0002901,O0000967,INV0001451,IL0002901,2026-01-09,2026-01-09,C00173,P0143,SO03,BU4,R03,USD,603,677.17,42.15,622.27,6.83,30.94,25.02,41.74,477.0
T0002902,O0000968,INV0001451,IL0002902,2026-03-11,2026-03-11,C00286,P0055,SO02,BU3,R03,USD,773,1778.6,165.02,1547.2,25.81,94.94,54.37,5.85,1060.28
T0002903,O0000968,INV0001452,IL0002903,2026-09-20,2026-09-20,C00183,P0002,SO05,BU2,R04,USD,1198,508.79,25.58,474.29,11.59,1.42,4.09,12.3,311.7
T0002904,O0000968,INV0001452,IL0002904,2025-12-04,2025-12-04,C00349,P0121,SO03,BU2,R03,USD,667,1484.14,13.88,1414.73,31.98,37.29,13.74,38.0,874.86
T0002905,O0000969,INV0001453,IL0002905,2025-02-17,2025-02-17,C00399,P0063,SO03,BU3,R04,USD,870,240.29,13.83,217.54,6.95,6.84,4.87,10.34,138.91
T0002906,O0000969,INV0001453,IL0002906,2025-04-01,2025-04-01,C00018,P0095,SO02,BU4,R01,USD,1140,804.5,6.3,763.94,2.61,37.22,5.57,15.24,422.6
T0002907,O0000969,INV0001454,IL0002907,2025-02-03,2025-02-03,C00313,P0049,SO03,BU4,R01,USD,454,1221.71,52.95,1192.03,18.32,2.86,44.45,74.22,814.14
T0002908,O0000970,INV0001454,IL0002908,2026-07-11,2026-07-11,C00287,P0115,SO02,BU1,R04,USD,357,963.72,95.82,846.01,1.82,28.21,8.14,56.41,542.77
T0002909,O0000970,INV0001455,IL0002909,2026-04-06,2026-04-06,C00267,P0026,SO04,BU2,R02,USD,937,1250.15,31.06,1165.68,33.08,60.55,40.22,44.36,858.8
T0002910,O0000970,INV0001455,IL0002910,2025-11-03,2025-11-03,C00263,P0024,SO01,BU2,R04,USD,612,414.63,31.76,368.97,5.41,10.96,2.47,7.93,293.78
T0002911,O0000971,INV0001456,IL0002911,2025-01-31,2025-01-31,C00132,P0119,SO03,BU2,R02,USD,407,906.19,69.32,802.02,20.71,29.87,15.73,33.34,495.77
T0002912,O0000971,INV0001456,IL0002912,2026-10-29,2026-10-29,C00168,P0133,SO03,BU3,R04,USD,1135,1641.89,135.42,1447.63,14.89,55.03,11.08,45.18,966.56
T0002913,O0000971,INV0001457,IL0002913,2025-04-01,2025-04-01,C00157,P0066,SO03,BU1,R03,USD,454,1273.02,72.44,1197.53,26.85,17.46,41.26,36.65,728.78
T0002914,O0000972,INV0001457,IL0002914,2025-11-15,2025-11-15,C00335,P0037,SO02,BU3,R04,USD,581,120.44,1.84,115.63,1.37,5.26,3.66,7.6,86.37
T0002915,O0000972,INV0001458,IL0002915,2026-01-20,2026-01-20,C00138,P0100,SO03,BU1,R01,USD,866,1699.7,137.31,1520.2,3.26,83.89,44.96,89.36,1071.79
T0002916,O0000972,INV0001458,IL0002916,2026-08-14,2026-08-14,C00401,P0038,SO03,BU4,R01,USD,289,257.5,14.42,231.56,1.06,12.79,2.33,7.88,138.58
T0002917,O0000973,INV0001459,IL0002917,2026-07-26,2026-07-26,C00397,P0070,SO02,BU2,R03,USD,802,1590.85,10.23,1532.16,24.56,43.04,19.14,55.86,1157.04
T0002918,O0000973,INV0001459,IL0002918,2025-12-01,2025-12-01,C00254,P0129,SO03,BU4,R03,USD,115,305.72,24.07,281.95,3.01,6.47,9.78,13.34,222.89
T0002919,O0000973,INV0001460,IL0002919,2026-04-06,2026-04-06,C00340,P0103,SO02,BU4,R02,USD,952,1448.37,81.34,1315.85,0.09,70.63,19.54,12.14,1039.82
T0002920,O0000974,INV0001460,IL0002920,2026-02-10,2026-02-10,C00327,P0123,SO04,BU2,R04,USD,544,1026.26,96.53,904.54,8.13,54.64,37.58,2.31,540.19
T0002921,O0000974,INV0001461,IL0002921,2026-02-25,2026-02-25,C00055,P0066,SO04,BU2,R04,USD,737,512.21,12.87,500.24,3.89,1.19,5.98,23.99,258.45
T0002922,O0000974,INV0001461,IL0002922,2026-03-18,2026-03-18,C00227,P0065,SO05,BU3,R02,USD,214,533.03,7.32,531.54,3.99,2.43,12.25,19.63,341.17
T0002923,O0000975,INV0001462,IL0002923,2026-11-18,2026-11-18,C00484,P0006,SO01,BU3,R02,USD,847,998.44,10.11,955.21,6.7,48.28,21.86,5.86,493.13
T0002924,O0000975,INV0001462,IL0002924,2025-09-27,2025-09-27,C00097,P0048,SO01,BU2,R01,USD,1162,1762.64,163.77,1581.67,47.54,39.82,70.16,54.25,937.95
T0002925,O0000975,INV0001463,IL0002925,2026-08-29,2026-08-29,C00355,P0013,SO04,BU1,R02,USD,273,200.16,10.97,196.59,0.01,0.45,7.86,8.47,140.94
T0002926,O0000976,INV0001463,IL0002926,2025-03-21,2025-03-21,C00378,P0126,SO02,BU2,R01,USD,88,101.28,1.29,100.11,0.25,1.49,1.86,5.46,72.4
T0002927,O0000976,INV0001464,IL0002927,2025-10-30,2025-10-30,C00298,P0105,SO02,BU4,R01,USD,52,55.7,0.74,55.75,0.03,0.55,1.37,3.74,33.43
T0002928,O0000976,INV0001464,IL0002928,2025-10-24,2025-10-24,C00111,P0082,SO02,BU1,R04,USD,406,121.6,11.46,110.44,0.02,3.24,3.56,2.83,83.63
T0002929,O0000977,INV0001465,IL0002929,2025-08-15,2025-08-15,C00021,P0110,SO03,BU3,R03,USD,32,56.63,0.87,54.72,1.51,0.44,0.91,1.1,36.5
T0002930,O0000977,INV0001465,IL0002930,2025-07-25,2025-07-25,C00422,P0118,SO04,BU4,R03,USD,588,1673.21,40.02,1603.74,41.88,4.02,16.45,49.78,1088.73
T0002931,O0000977,INV0001466,IL0002931,2025-09-12,2025-09-12,C00410,P0023,SO01,BU2,R01,USD,857,1126.7,39.59,1056.37,28.93,10.88,9.07,30.6,568.09
T0002932,O0000978,INV0001466,IL0002932,2025-12-31,2025-12-31,C00174,P0131,SO01,BU1,R03,USD,867,1921.97,48.15,1851.62,18.79,35.77,32.36,115.91,1428.5
T0002933,O0000978,INV0001467,IL0002933,2026-11-22,2026-11-22,C00124,P0104,SO01,BU4,R02,USD,127,71.68,5.19,68.97,0.24,0.03,2.75,4.08,52.54
T0002934,O0000978,INV0001467,IL0002934,2026-12-03,2026-12-03,C00473,P0112,SO03,BU2,R01,USD,1008,293.63,17.0,267.44,2.81,15.45,9.07,1.56,220.81
T0002935,O0000979,INV0001468,IL0002935,2026-06-20,2026-06-20,C00047,P0099,SO05,BU3,R04,USD,424,993.52,96.55,865.44,10.88,43.48,22.83,42.18,540.77
T0002936,O0000979,INV0001468,IL0002936,2025-08-25,2025-08-25,C00009,P0095,SO04,BU1,R01,USD,1094,1020.26,59.46,981.95,9.78,4.6,35.53,56.21,584.24
T0002937,O0000979,INV0001469,IL0002937,2026-03-29,2026-03-29,C00298,P0076,SO02,BU3,R01,USD,307,760.75,53.73,701.02,5.19,6.19,5.38,20.23,510.73
T0002938,O0000980,INV0001469,IL0002938,2026-06-26,2026-06-26,C00402,P0086,SO01,BU3,R01,USD,236,403.87,5.76,408.68,0.42,1.53,12.52,9.24,296.3
T0002939,O0000980,INV0001470,IL0002939,2025-11-09,2025-11-09,C00279,P0130,SO02,BU2,R04,USD,657,291.12,17.66,269.78,1.66,6.27,4.25,18.52,159.94
T0002940,O0000980,INV0001470,IL0002940,2025-07-27,2025-07-27,C00392,P0061,SO01,BU1,R04,USD,656,962.29,74.31,884.5,20.21,10.24,26.97,35.76,476.16
T0002941,O0000981,INV0001471,IL0002941,2026-07-08,2026-07-08,C00461,P0073,SO04,BU4,R03,USD,840,1880.59,49.56,1807.28,25.44,46.44,48.13,99.47,979.94
T0002942,O0000981,INV0001471,IL0002942,2025-01-11,2025-01-11,C00425,P0070,SO05,BU3,R01,USD,135,64.42,1.18,59.22,1.36,3.1,0.44,3.46,47.13
T0002943,O0000981,INV0001472,IL0002943,2025-08-18,2025-08-18,C00442,P0055,SO04,BU3,R01,USD,973,415.57,26.68,378.58,10.56,8.55,8.8,16.04,252.3
T0002944,O0000982,INV0001472,IL0002944,2026-01-19,2026-01-19,C00019,P0091,SO05,BU4,R02,USD,203,304.07,22.49,262.71,8.83,12.95,2.91,1.27,210.96
T0002945,O0000982,INV0001473,IL0002945,2025-02-28,2025-02-28,C00352,P0089,SO02,BU4,R04,USD,181,406.85,24.68,380.54,6.69,5.53,10.59,5.64,250.89
T0002946,O0000982,INV0001473,IL0002946,2026-01-20,2026-01-20,C00148,P0128,SO01,BU1,R02,USD,1073,1918.31,156.65,1742.41,41.59,4.55,26.89,76.78,1306.11
T0002947,O0000983,INV0001474,IL0002947,2025-12-30,2025-12-30,C00424,P0039,SO01,BU3,R04,USD,1179,850.06,71.48,764.62,11.91,31.04,28.99,46.3,643.78
T0002948,O0000983,INV0001474,IL0002948,2025-01-07,2025-01-07,C00296,P0067,SO03,BU1,R04,USD,378,945.45,44.34,865.04,24.98,16.66,5.57,11.04,703.13
T0002949,O0000983,INV0001475,IL0002949,2025-04-24,2025-04-24,C00298,P0041,SO04,BU2,R01,USD,63,139.19,13.62,121.46,3.47,5.03,4.39,0.55,98.73
T0002950,O0000984,INV0001475,IL0002950,2026-07-29,2026-07-29,C00224,P0132,SO01,BU1,R04,USD,250,62.62,3.8,58.4,1.76,0.76,2.1,0.28,40.36
T0002951,O0000984,INV0001476,IL0002951,2025-10-13,2025-10-13,C00433,P0147,SO01,BU1,R01,USD,1148,412.71,19.29,390.59,0.61,4.46,2.24,18.23,277.87
T0002952,O0000984,INV0001476,IL0002952,2026-06-25,2026-06-25,C00013,P0089,SO02,BU1,R03,USD,955,1357.44,66.64,1281.97,20.19,3.71,15.07,12.04,875.31
T0002953,O0000985,INV0001477,IL0002953,2026-01-30,2026-01-30,C00260,P0034,SO04,BU4,R02,USD,225,378.83,16.17,353.65,7.46,15.32,13.77,0.7,214.29
T0002954,O0000985,INV0001477,IL0002954,2026-05-18,2026-05-18,C00231,P0052,SO01,BU3,R04,USD,751,917.87,73.26,805.73,18.89,50.0,30.01,19.97,478.95
T0002955,O0000985,INV0001478,IL0002955,2025-05-04,2025-05-04,C00498,P0053,SO02,BU4,R01,USD,831,682.42,63.29,585.1,17.07,35.05,18.09,29.92,479.87
T0002956,O0000986,INV0001478,IL0002956,2026-11-18,2026-11-18,C00313,P0045,SO02,BU4,R01,USD,101,31.32,1.12,29.61,0.4,1.29,1.1,0.86,21.37
T0002957,O0000986,INV0001479,IL0002957,2026-04-30,2026-04-30,C00097,P0093,SO03,BU2,R01,USD,257,424.36,31.01,384.17,6.24,11.59,8.65,7.59,315.84
T0002958,O0000986,INV0001479,IL0002958,2026-04-07,2026-04-07,C00311,P0062,SO02,BU4,R04,USD,692,1334.04,40.94,1276.5,21.49,27.36,32.25,67.17,860.82
T0002959,O0000987,INV0001480,IL0002959,2025-07-01,2025-07-01,C00180,P0038,SO02,BU2,R02,USD,174,315.48,1.94,313.61,3.6,4.41,8.08,8.38,162.3
T0002960,O0000987,INV0001480,IL0002960,2026-05-18,2026-05-18,C00058,P0148,SO03,BU3,R01,USD,1174,1528.55,89.46,1440.82,8.67,31.07,41.47,7.7,824.82
T0002961,O0000987,INV0001481,IL0002961,2026-07-23,2026-07-23,C00245,P0143,SO02,BU3,R03,USD,91,94.36,3.71,88.86,0.38,4.14,2.73,1.44,57.91
T0002962,O0000988,INV0001481,IL0002962,2025-12-04,2025-12-04,C00432,P0085,SO01,BU2,R04,USD,877,1772.5,9.44,1743.18,31.81,26.98,38.91,58.58,1094.46
T0002963,O0000988,INV0001482,IL0002963,2025-05-07,2025-05-07,C00059,P0048,SO03,BU2,R02,USD,332,417.19,35.65,373.66,7.37,6.66,6.15,14.92,253.06
T0002964,O0000988,INV0001482,IL0002964,2025-06-19,2025-06-19,C00410,P0033,SO05,BU1,R01,USD,1195,920.27,40.54,878.53,12.7,21.84,33.34,15.02,443.81
T0002965,O0000989,INV0001483,IL0002965,2026-10-29,2026-10-29,C00142,P0113,SO02,BU4,R03,USD,123,126.0,12.16,110.22,2.62,3.43,2.43,0.61,90.29
T0002966,O0000989,INV0001483,IL0002966,2025-11-04,2025-11-04,C00105,P0019,SO05,BU1,R01,USD,626,466.5,29.89,444.63,2.89,6.35,17.26,21.47,233.91
T0002967,O0000989,INV0001484,IL0002967,2026-05-22,2026-05-22,C00181,P0009,SO04,BU3,R03,USD,298,769.67,35.36,722.72,1.16,11.5,1.07,19.25,539.09
T0002968,O0000990,INV0001484,IL0002968,2026-12-20,2026-12-20,C00438,P0096,SO05,BU3,R03,USD,731,2067.34,38.55,2016.12,37.94,22.41,47.68,53.29,1227.88
T0002969,O0000990,INV0001485,IL0002969,2026-04-17,2026-04-17,C00500,P0002,SO02,BU1,R02,USD,1109,1133.62,1.88,1130.39,19.47,16.98,35.1,72.47,727.99
T0002970,O0000990,INV0001485,IL0002970,2025-09-30,2025-09-30,C00411,P0028,SO02,BU2,R02,USD,148,32.83,0.48,31.14,0.48,1.35,0.62,0.76,21.48
T0002971,O0000991,INV0001486,IL0002971,2026-08-22,2026-08-22,C00077,P0030,SO01,BU1,R03,USD,228,558.96,44.7,492.57,8.47,26.97,13.75,32.34,363.97
T0002972,O0000991,INV0001486,IL0002972,2026-10-19,2026-10-19,C00059,P0055,SO05,BU1,R02,USD,512,597.56,58.03,535.44,5.75,17.38,19.04,2.91,435.36
T0002973,O0000991,INV0001487,IL0002973,2025-04-02,2025-04-02,C00167,P0128,SO02,BU2,R04,USD,396,388.0,14.33,386.25,0.62,1.97,15.17,22.75,231.0
T0002974,O0000992,INV0001487,IL0002974,2026-12-05,2026-12-05,C00083,P0099,SO01,BU2,R02,USD,628,1508.39,50.43,1418.61,14.63,34.53,9.81,95.48,1109.22
T0002975,O0000992,INV0001488,IL0002975,2025-08-25,2025-08-25,C00175,P0065,SO03,BU1,R04,USD,357,201.6,5.04,196.34,1.72,5.44,6.94,3.38,139.15
T0002976,O0000992,INV0001488,IL0002976,2025-10-30,2025-10-30,C00118,P0071,SO03,BU1,R03,USD,794,2078.61,190.88,1801.18,49.98,105.85,69.28,86.39,1148.58
T0002977,O0000993,INV0001489,IL0002977,2026-11-09,2026-11-09,C00026,P0107,SO02,BU2,R01,USD,521,1382.37,72.64,1296.93,40.86,3.91,31.97,9.84,963.04
T0002978,O0000993,INV0001489,IL0002978,2025-07-14,2025-07-14,C00173,P0035,SO03,BU3,R03,USD,541,1010.86,74.62,920.65,22.45,0.03,6.89,6.88,567.6
T0002979,O0000993,INV0001490,IL0002979,2025-12-13,2025-12-13,C00205,P0018,SO03,BU1,R03,USD,1063,309.44,18.79,276.35,4.05,11.31,1.06,17.55,211.95
T0002980,O0000994,INV0001490,IL0002980,2025-10-04,2025-10-04,C00063,P0050,SO02,BU3,R04,USD,413,553.75,19.92,523.74,13.35,4.28,7.54,29.33,411.6
T0002981,O0000994,INV0001491,IL0002981,2025-03-10,2025-03-10,C00169,P0111,SO01,BU3,R01,USD,1140,559.97,36.22,521.2,1.66,11.49,10.6,2.17,295.51
T0002982,O0000994,INV0001491,IL0002982,2025-12-04,2025-12-04,C00091,P0078,SO04,BU3,R02,USD,375,237.9,19.38,204.93,6.16,8.41,0.98,8.18,133.05
T0002983,O0000995,INV0001492,IL0002983,2026-09-15,2026-09-15,C00139,P0129,SO04,BU4,R02,USD,604,286.36,0.2,283.6,0.72,12.85,11.01,7.88,193.05
T0002984,O0000995,INV0001492,IL0002984,2026-08-15,2026-08-15,C00298,P0049,SO04,BU3,R01,USD,257,241.48,4.07,236.17,2.33,0.08,1.17,11.75,126.88
T0002985,O0000995,INV0001493,IL0002985,2025-04-21,2025-04-21,C00231,P0078,SO02,BU2,R04,USD,321,102.05,9.21,88.7,1.98,3.94,1.78,3.19,76.98
T0002986,O0000996,INV0001493,IL0002986,2026-06-18,2026-06-18,C00201,P0104,SO02,BU4,R01,USD,618,1008.45,69.69,956.21,4.44,10.35,32.24,44.32,519.25
T0002987,O0000996,INV0001494,IL0002987,2026-04-14,2026-04-14,C00455,P0084,SO05,BU4,R04,USD,218,570.75,17.82,531.01,4.68,20.07,2.83,11.65,419.2
T0002988,O0000996,INV0001494,IL0002988,2025-06-03,2025-06-03,C00369,P0030,SO03,BU2,R01,USD,62,158.89,1.56,155.16,0.29,2.75,0.87,4.37,80.82
T0002989,O0000997,INV0001495,IL0002989,2026-07-01,2026-07-01,C00393,P0044,SO03,BU4,R01,USD,603,403.23,10.11,386.22,8.65,0.27,2.02,23.7,293.07
T0002990,O0000997,INV0001495,IL0002990,2025-09-15,2025-09-15,C00203,P0045,SO03,BU1,R02,USD,986,2372.12,149.38,2225.42,71.1,20.63,94.41,146.01,1346.6
T0002991,O0000997,INV0001496,IL0002991,2025-09-17,2025-09-17,C00082,P0062,SO03,BU2,R01,USD,878,1191.88,4.69,1160.75,16.03,25.23,14.82,74.65,617.03
T0002992,O0000998,INV0001496,IL0002992,2025-07-22,2025-07-22,C00334,P0138,SO01,BU4,R03,USD,883,1828.87,166.42,1599.42,16.59,97.71,51.27,55.89,1336.53
T0002993,O0000998,INV0001497,IL0002993,2025-05-18,2025-05-18,C00039,P0011,SO05,BU3,R04,USD,702,460.86,13.46,452.72,9.51,0.52,15.35,27.97,311.41
T0002994,O0000998,INV0001497,IL0002994,2026-01-15,2026-01-15,C00438,P0019,SO01,BU1,R03,USD,1019,2813.05,40.69,2596.03,67.37,124.44,15.48,78.55,1568.06
T0002995,O0000999,INV0001498,IL0002995,2025-10-24,2025-10-24,C00454,P0017,SO04,BU2,R03,USD,1099,1936.77,40.16,1813.6,10.34,106.32,33.65,95.65,1322.23
T0002996,O0000999,INV0001498,IL0002996,2025-08-28,2025-08-28,C00298,P0142,SO01,BU3,R01,USD,389,298.01,19.6,279.5,7.2,2.77,11.06,17.76,191.15
T0002997,O0000999,INV0001499,IL0002997,2026-10-26,2026-10-26,C00099,P0043,SO05,BU3,R02,USD,1134,2174.9,112.22,1993.73,31.19,117.68,79.92,90.81,1210.93
T0002998,O0001000,INV0001499,IL0002998,2025-08-26,2025-08-26,C00181,P0117,SO03,BU4,R03,USD,171,268.68,16.18,247.65,4.67,1.05,0.87,10.03,161.04
T0002999,O0001000,INV0001500,IL0002999,2025-07-11,2025-07-11,C00346,P0021,SO02,BU3,R01,USD,662,560.05,39.6,515.95,12.1,10.66,18.26,36.0,423.04
T0003000,O0001000,INV0001500,IL0003000,2025-01-04,2025-01-04,C00254,P0123,SO02,BU4,R03,USD,22,46.44,2.56,42.56,1.08,0.76,0.52,1.82,29.81
T0003001,O0001001,INV0001501,IL0003001,2026-02-14,2026-02-14,C00102,P0089,SO05,BU3,R03,USD,783,1195.8,84.23,1057.51,14.87,50.56,11.37,60.1,886.83
T0003002,O0001001,INV0001501,IL0003002,2026-08-16,2026-08-16,C00184,P0019,SO05,BU4,R04,USD,536,887.08,65.63,837.63,7.4,8.36,31.94,19.74,570.53
T0003003,O0001001,INV0001502,IL0003003,2025-07-20,2025-07-20,C00419,P0049,SO02,BU2,R02,USD,680,1234.13,43.32,1191.73,3.56,28.07,32.55,76.81,714.84
T0003004,O0001002,INV0001502,IL0003004,2026-12-22,2026-12-22,C00474,P0026,SO01,BU1,R01,USD,851,1284.5,44.01,1186.97,25.92,69.05,41.45,33.39,770.81
T0003005,O0001002,INV0001503,IL0003005,2025-12-31,2025-12-31,C00376,P0003,SO01,BU3,R04,USD,72,61.37,3.01,54.69,0.91,3.11,0.35,0.51,33.53
T0003006,O0001002,INV0001503,IL0003006,2026-12-20,2026-12-20,C00250,P0129,SO05,BU3,R01,USD,90,254.83,5.06,235.16,7.31,9.51,2.21,1.84,181.22
T0003007,O0001003,INV0001504,IL0003007,2026-06-13,2026-06-13,C00042,P0113,SO03,BU3,R01,USD,1087,2563.91,167.64,2416.84,43.86,32.44,96.87,74.97,1451.22
T0003008,O0001003,INV0001504,IL0003008,2026-11-30,2026-11-30,C00437,P0082,SO05,BU1,R03,USD,255,93.97,1.52,87.03,2.11,4.9,1.59,3.03,65.03
T0003009,O0001003,INV0001505,IL0003009,2025-08-11,2025-08-11,C00037,P0023,SO05,BU2,R03,USD,431,352.17,34.8,295.69,9.48,19.3,7.1,4.98,185.01
T0003010,O0001004,INV0001505,IL0003010,2026-03-19,2026-03-19,C00375,P0086,SO04,BU3,R04,USD,541,1069.99,2.82,1009.12,7.54,54.6,4.09,17.2,753.62
T0003011,O0001004,INV0001506,IL0003011,2026-03-04,2026-03-04,C00153,P0141,SO02,BU4,R01,USD,199,395.81,36.32,351.88,1.53,10.9,4.82,0.58,268.28
T0003012,O0001004,INV0001506,IL0003012,2025-03-31,2025-03-31,C00230,P0012,SO05,BU1,R03,USD,1070,940.53,39.75,880.39,11.98,28.46,20.05,38.97,620.4
T0003013,O0001005,INV0001507,IL0003013,2025-07-08,2025-07-08,C00389,P0017,SO05,BU2,R03,USD,1173,2110.93,100.95,2006.93,57.93,1.25,56.13,39.35,1582.23
T0003014,O0001005,INV0001507,IL0003014,2026-10-22,2026-10-22,C00160,P0127,SO04,BU1,R04,USD,446,942.71,28.92,921.49,3.67,2.25,13.62,51.91,682.35
T0003015,O0001005,INV0001508,IL0003015,2025-10-29,2025-10-29,C00432,P0102,SO01,BU1,R04,USD,144,30.53,0.89,29.52,0.18,0.39,0.45,0.94,22.86
T0003016,O0001006,INV0001508,IL0003016,2025-11-07,2025-11-07,C00069,P0013,SO01,BU4,R03,USD,310,622.48,7.96,587.86,4.33,32.87,10.54,28.49,448.79
T0003017,O0001006,INV0001509,IL0003017,2025-05-14,2025-05-14,C00337,P0022,SO01,BU4,R01,USD,783,1802.78,13.84,1749.16,28.27,75.78,64.27,71.27,1147.66
T0003018,O0001006,INV0001509,IL0003018,2026-05-24,2026-05-24,C00367,P0142,SO05,BU3,R04,USD,1015,1330.46,97.86,1144.28,36.63,63.28,11.59,52.57,817.58
T0003019,O0001007,INV0001510,IL0003019,2025-05-12,2025-05-12,C00405,P0055,SO05,BU4,R03,USD,1109,448.37,43.53,401.98,3.0,11.26,11.4,7.82,235.4
T0003020,O0001007,INV0001510,IL0003020,2026-05-03,2026-05-03,C00116,P0010,SO04,BU1,R02,USD,749,368.58,9.32,359.02,3.78,10.16,13.7,2.12,260.36
T0003021,O0001007,INV0001511,IL0003021,2026-04-13,2026-04-13,C00425,P0058,SO04,BU1,R01,USD,242,391.53,35.19,344.33,0.36,20.71,9.06,7.51,232.09
T0003022,O0001008,INV0001511,IL0003022,2026-11-25,2026-11-25,C00021,P0064,SO04,BU4,R03,USD,722,1819.37,146.43,1649.1,27.84,62.02,66.02,113.64,927.32
T0003023,O0001008,INV0001512,IL0003023,2026-10-15,2026-10-15,C00167,P0062,SO03,BU1,R04,USD,297,79.6,7.17,70.26,1.98,2.63,2.44,2.2,51.21
T0003024,O0001008,INV0001512,IL0003024,2026-11-22,2026-11-22,C00289,P0081,SO04,BU1,R01,USD,73,196.97,4.49,189.65,1.86,4.56,3.59,0.72,102.28
T0003025,O0001009,INV0001513,IL0003025,2026-04-25,2026-04-25,C00494,P0020,SO02,BU4,R03,USD,413,580.1,38.1,524.89,3.24,21.91,8.04,12.8,389.3
T0003026,O0001009,INV0001513,IL0003026,2025-12-11,2025-12-11,C00387,P0057,SO01,BU3,R02,USD,556,519.3,39.43,476.72,0.56,21.67,19.08,22.61,352.24
T0003027,O0001009,INV0001514,IL0003027,2026-04-12,2026-04-12,C00240,P0129,SO02,BU1,R04,USD,1111,3083.47,181.25,2822.55,81.1,109.27,110.7,192.33,1596.99
T0003028,O0001010,INV0001514,IL0003028,2025-04-19,2025-04-19,C00391,P0009,SO02,BU2,R04,USD,942,2130.43,144.69,2018.21,0.58,32.48,65.53,69.86,1391.58
T0003029,O0001010,INV0001515,IL0003029,2025-03-11,2025-03-11,C00064,P0045,SO05,BU2,R04,USD,834,385.39,17.1,349.41,7.73,11.39,0.24,2.32,286.81
T0003030,O0001010,INV0001515,IL0003030,2025-01-24,2025-01-24,C00488,P0080,SO03,BU2,R04,USD,885,1125.37,9.21,1049.87,14.13,58.86,6.7,56.56,676.74
T0003031,O0001011,INV0001516,IL0003031,2025-11-04,2025-11-04,C00422,P0128,SO02,BU2,R03,USD,539,907.19,37.6,862.72,2.24,40.18,35.55,28.15,562.99
T0003032,O0001011,INV0001516,IL0003032,2025-01-15,2025-01-15,C00119,P0063,SO01,BU2,R04,USD,678,960.66,4.52,962.6,8.22,15.52,30.2,16.46,468.96
T0003033,O0001011,INV0001517,IL0003033,2025-11-12,2025-11-12,C00431,P0097,SO04,BU2,R04,USD,1095,1852.74,113.68,1665.83,26.84,90.91,44.52,6.98,1309.97
T0003034,O0001012,INV0001517,IL0003034,2025-08-07,2025-08-07,C00328,P0015,SO04,BU1,R04,USD,476,738.18,7.46,721.03,10.28,25.35,25.94,29.77,457.72
T0003035,O0001012,INV0001518,IL0003035,2025-05-27,2025-05-27,C00134,P0104,SO04,BU3,R03,USD,339,317.74,0.71,318.57,8.15,2.12,11.81,1.32,213.02
T0003036,O0001012,INV0001518,IL0003036,2026-06-08,2026-06-08,C00219,P0074,SO03,BU4,R02,USD,288,242.12,19.71,214.43,6.7,9.18,7.9,11.82,122.79
T0003037,O0001013,INV0001519,IL0003037,2025-06-20,2025-06-20,C00238,P0095,SO05,BU4,R03,USD,175,450.87,21.4,438.74,0.29,6.73,16.29,6.08,274.53
T0003038,O0001013,INV0001519,IL0003038,2025-06-08,2025-06-08,C00182,P0098,SO01,BU4,R03,USD,616,157.51,12.8,135.49,4.57,5.97,1.32,0.87,81.69
T0003039,O0001013,INV0001520,IL0003039,2026-10-27,2026-10-27,C00344,P0040,SO02,BU3,R04,USD,262,98.25,3.31,96.59,0.32,0.36,2.33,0.18,72.47
T0003040,O0001014,INV0001520,IL0003040,2025-05-21,2025-05-21,C00015,P0098,SO01,BU1,R04,USD,1011,458.59,33.8,425.09,8.94,5.14,14.38,3.83,266.41
T0003041,O0001014,INV0001521,IL0003041,2025-03-19,2025-03-19,C00346,P0080,SO04,BU1,R01,USD,345,657.85,27.88,612.91,18.3,23.66,24.9,15.68,453.6
T0003042,O0001014,INV0001521,IL0003042,2025-07-24,2025-07-24,C00287,P0068,SO05,BU1,R04,USD,657,1477.66,17.72,1454.71,36.91,8.83,40.51,63.25,985.69
T0003043,O0001015,INV0001522,IL0003043,2026-09-18,2026-09-18,C00160,P0070,SO05,BU1,R04,USD,856,1964.43,16.75,1866.82,16.22,89.36,24.72,101.14,1184.17
T0003044,O0001015,INV0001522,IL0003044,2025-11-21,2025-11-21,C00275,P0040,SO03,BU1,R02,USD,1095,569.18,36.49,515.82,6.3,16.71,6.14,29.5,370.75
T0003045,O0001015,INV0001523,IL0003045,2026-11-04,2026-11-04,C00160,P0009,SO01,BU2,R04,USD,402,215.71,7.49,206.09,2.4,2.73,3.0,2.98,106.92
T0003046,O0001016,INV0001523,IL0003046,2026-11-17,2026-11-17,C00378,P0086,SO01,BU2,R01,USD,1050,1640.84,55.14,1498.35,45.59,44.75,2.99,69.82,1015.98
T0003047,O0001016,INV0001524,IL0003047,2025-04-01,2025-04-01,C00300,P0116,SO02,BU3,R02,USD,748,652.41,51.54,595.1,5.77,4.72,4.72,19.72,441.71
T0003048,O0001016,INV0001524,IL0003048,2026-05-16,2026-05-16,C00248,P0065,SO05,BU2,R04,USD,570,963.24,25.48,935.45,16.97,1.8,16.46,3.2,679.94
T0003049,O0001017,INV0001525,IL0003049,2025-01-09,2025-01-09,C00198,P0146,SO03,BU2,R03,USD,1056,2795.13,109.06,2703.83,45.81,19.36,82.93,152.59,1699.7
T0003050,O0001017,INV0001525,IL0003050,2025-08-01,2025-08-01,C00255,P0119,SO04,BU3,R04,USD,476,1083.57,88.37,960.6,18.28,53.83,37.51,25.54,718.3
T0003051,O0001017,INV0001526,IL0003051,2026-08-20,2026-08-20,C00052,P0036,SO04,BU4,R02,USD,55,140.0,3.56,129.28,1.96,6.62,1.42,6.62,105.53
T0003052,O0001018,INV0001526,IL0003052,2026-09-10,2026-09-10,C00223,P0012,SO03,BU3,R04,USD,899,306.92,25.59,261.75,5.66,16.65,2.73,13.62,219.72
T0003053,O0001018,INV0001527,IL0003053,2026-04-25,2026-04-25,C00016,P0113,SO04,BU3,R04,USD,303,375.84,5.11,346.31,7.54,18.45,1.57,4.88,230.59
T0003054,O0001018,INV0001527,IL0003054,2026-12-04,2026-12-04,C00202,P0015,SO02,BU3,R01,USD,279,327.13,21.23,300.45,2.27,12.24,9.06,5.18,210.56
T0003055,O0001019,INV0001528,IL0003055,2026-10-12,2026-10-12,C00306,P0131,SO02,BU1,R01,USD,539,1460.96,137.01,1266.81,20.16,46.06,9.08,37.9,1079.51
T0003056,O0001019,INV0001528,IL0003056,2026-05-27,2026-05-27,C00303,P0068,SO04,BU3,R04,USD,858,1817.42,61.09,1706.79,43.53,60.42,54.41,74.45,1052.68
T0003057,O0001019,INV0001529,IL0003057,2026-04-13,2026-04-13,C00376,P0130,SO04,BU4,R04,USD,364,501.52,9.68,476.41,1.64,19.57,5.78,21.97,342.94
T0003058,O0001020,INV0001529,IL0003058,2025-05-28,2025-05-28,C00225,P0028,SO02,BU1,R01,USD,478,255.44,3.71,235.47,5.23,12.68,1.65,3.44,165.5
T0003059,O0001020,INV0001530,IL0003059,2026-11-13,2026-11-13,C00469,P0034,SO01,BU4,R03,USD,803,364.0,14.88,337.15,8.91,14.22,11.16,0.95,202.93
T0003060,O0001020,INV0001530,IL0003060,2026-02-03,2026-02-03,C00173,P0094,SO04,BU4,R03,USD,175,107.83,4.07,100.61,1.63,5.68,4.16,6.6,62.33
T0003061,O0001021,INV0001531,IL0003061,2026-12-26,2026-12-26,C00446,P0034,SO03,BU2,R03,USD,341,95.86,7.43,86.48,0.84,3.36,2.25,5.73,50.57
T0003062,O0001021,INV0001531,IL0003062,2026-06-23,2026-06-23,C00368,P0035,SO05,BU3,R04,USD,870,1295.69,102.95,1157.6,7.1,44.54,16.5,73.79,718.07
T0003063,O0001021,INV0001532,IL0003063,2025-08-23,2025-08-23,C00420,P0117,SO02,BU3,R02,USD,282,589.46,30.65,559.02,3.82,13.56,17.59,32.28,313.82
T0003064,O0001022,INV0001532,IL0003064,2025-12-19,2025-12-19,C00062,P0011,SO01,BU1,R03,USD,292,348.33,17.06,324.76,7.91,1.3,2.7,5.71,228.45
T0003065,O0001022,INV0001533,IL0003065,2026-12-15,2026-12-15,C00268,P0099,SO04,BU3,R02,USD,793,2199.15,203.74,1872.99,22.65,105.78,6.01,62.46,1611.38
T0003066,O0001022,INV0001533,IL0003066,2025-04-25,2025-04-25,C00497,P0007,SO02,BU4,R01,USD,381,72.96,4.14,66.81,0.43,2.23,0.65,2.66,48.61
T0003067,O0001023,INV0001534,IL0003067,2026-01-06,2026-01-06,C00027,P0122,SO05,BU4,R02,USD,439,1065.15,49.75,939.74,27.16,52.99,4.49,31.33,550.1
T0003068,O0001023,INV0001534,IL0003068,2025-07-17,2025-07-17,C00456,P0071,SO03,BU3,R04,USD,647,1009.9,5.22,994.04,29.65,8.88,27.89,69.42,674.16
T0003069,O0001023,INV0001535,IL0003069,2026-09-14,2026-09-14,C00328,P0007,SO02,BU1,R04,USD,315,403.2,28.88,375.45,0.0,1.3,2.43,17.22,196.64
T0003070,O0001024,INV0001535,IL0003070,2026-05-05,2026-05-05,C00044,P0041,SO04,BU4,R02,USD,1079,1877.68,141.31,1746.83,15.73,18.59,44.78,39.54,1239.44
T0003071,O0001024,INV0001536,IL0003071,2026-02-28,2026-02-28,C00396,P0010,SO05,BU1,R02,USD,490,362.55,29.47,319.14,8.82,18.08,12.96,10.38,226.41
T0003072,O0001024,INV0001536,IL0003072,2025-12-26,2025-12-26,C00059,P0118,SO02,BU4,R02,USD,922,2109.63,6.24,2170.18,10.59,1.6,78.98,8.61,1323.2
T0003073,O0001025,INV0001537,IL0003073,2026-03-21,2026-03-21,C00443,P0001,SO05,BU4,R02,USD,589,1582.64,73.57,1471.88,0.56,83.11,46.48,22.77,813.63
T0003074,O0001025,INV0001537,IL0003074,2025-01-25,2025-01-25,C00025,P0114,SO02,BU1,R01,USD,1128,1477.57,95.99,1314.4,22.86,63.5,19.18,31.11,991.71
T0003075,O0001025,INV0001538,IL0003075,2025-01-06,2025-01-06,C00301,P0087,SO04,BU3,R03,USD,208,206.09,0.89,192.53,3.82,10.3,1.45,5.56,113.24
T0003076,O0001026,INV0001538,IL0003076,2025-10-26,2025-10-26,C00347,P0101,SO05,BU1,R02,USD,922,604.09,25.93,557.08,6.15,17.95,3.02,5.24,419.73
T0003077,O0001026,INV0001539,IL0003077,2025-11-12,2025-11-12,C00407,P0058,SO03,BU2,R04,USD,563,1251.94,40.56,1156.91,1.73,65.72,12.98,8.59,741.63
T0003078,O0001026,INV0001539,IL0003078,2026-01-31,2026-01-31,C00134,P0050,SO05,BU2,R03,USD,422,1043.06,94.32,938.87,3.34,44.98,38.45,58.27,709.45
T0003079,O0001027,INV0001540,IL0003079,2026-04-05,2026-04-05,C00132,P0009,SO05,BU3,R02,USD,1148,2948.18,165.02,2697.8,77.57,68.02,60.23,176.76,2103.55
T0003080,O0001027,INV0001540,IL0003080,2026-01-04,2026-01-04,C00273,P0081,SO05,BU3,R01,USD,564,1036.07,99.23,945.25,2.67,22.53,33.61,42.42,624.02
T0003081,O0001027,INV0001541,IL0003081,2026-03-16,2026-03-16,C00149,P0024,SO02,BU1,R03,USD,926,1711.53,111.78,1540.81,23.11,57.53,21.7,5.65,1039.35
T0003082,O0001028,INV0001541,IL0003082,2025-06-13,2025-06-13,C00143,P0148,SO02,BU3,R04,USD,234,311.5,8.28,299.1,6.32,10.24,12.44,5.42,230.31
T0003083,O0001028,INV0001542,IL0003083,2025-09-10,2025-09-10,C00480,P0113,SO03,BU2,R04,USD,39,35.18,0.01,34.19,0.04,1.22,0.28,1.92,20.28
T0003084,O0001028,INV0001542,IL0003084,2026-04-03,2026-04-03,C00192,P0101,SO04,BU3,R04,USD,375,1054.5,94.9,925.07,28.56,8.09,2.12,50.34,792.79
T0003085,O0001029,INV0001543,IL0003085,2025-08-14,2025-08-14,C00343,P0041,SO01,BU4,R04,USD,436,1200.57,93.2,1121.87,4.24,24.05,42.79,77.67,909.15
T0003086,O0001029,INV0001543,IL0003086,2025-06-08,2025-06-08,C00437,P0064,SO01,BU1,R03,USD,65,107.6,3.67,98.2,2.13,5.1,1.5,2.53,69.33
T0003087,O0001029,INV0001544,IL0003087,2025-05-26,2025-05-26,C00362,P0079,SO01,BU2,R01,USD,707,1591.32,60.57,1529.27,0.33,47.23,46.08,93.38,764.21
T0003088,O0001030,INV0001544,IL0003088,2026-05-18,2026-05-18,C00416,P0138,SO02,BU3,R04,USD,844,1624.28,7.5,1626.16,46.47,2.75,58.6,93.47,901.84
T0003089,O0001030,INV0001545,IL0003089,2025-09-09,2025-09-09,C00421,P0104,SO01,BU3,R03,USD,397,203.98,10.52,182.49,2.65,10.5,2.18,7.69,148.74
T0003090,O0001030,INV0001545,IL0003090,2026-03-31,2026-03-31,C00444,P0113,SO01,BU1,R02,USD,1030,2388.98,101.82,2285.65,1.78,35.79,36.06,125.95,1702.96
T0003091,O0001031,INV0001546,IL0003091,2025-09-11,2025-09-11,C00447,P0114,SO02,BU2,R04,USD,114,259.13,19.0,232.2,0.62,12.37,5.06,15.44,146.79
T0003092,O0001031,INV0001546,IL0003092,2025-07-21,2025-07-21,C00199,P0144,SO05,BU3,R04,USD,178,345.85,22.03,314.74,8.79,7.26,6.97,9.62,234.04
T0003093,O0001031,INV0001547,IL0003093,2025-03-23,2025-03-23,C00465,P0092,SO01,BU4,R01,USD,1013,2346.11,195.3,2101.05,52.02,32.9,35.16,63.11,1455.63
T0003094,O0001032,INV0001547,IL0003094,2026-06-21,2026-06-21,C00077,P0075,SO03,BU2,R03,USD,1032,1033.34,28.32,978.98,15.16,20.55,9.67,7.46,514.38
T0003095,O0001032,INV0001548,IL0003095,2026-09-11,2026-09-11,C00258,P0129,SO01,BU4,R01,USD,364,472.04,33.46,436.34,9.72,4.47,11.95,21.8,244.6
T0003096,O0001032,INV0001548,IL0003096,2026-08-14,2026-08-14,C00446,P0150,SO02,BU1,R03,USD,336,170.52,9.6,162.09,0.12,4.32,5.61,11.0,91.95
T0003097,O0001033,INV0001549,IL0003097,2026-11-09,2026-11-09,C00357,P0002,SO05,BU2,R03,USD,569,1542.79,39.89,1488.14,36.13,35.63,57.0,37.85,949.18
T0003098,O0001033,INV0001549,IL0003098,2026-11-14,2026-11-14,C00137,P0029,SO05,BU3,R01,USD,787,962.42,28.56,899.5,12.06,31.18,8.88,6.22,484.74
T0003099,O0001033,INV0001550,IL0003099,2026-12-04,2026-12-04,C00420,P0080,SO02,BU4,R02,USD,911,1752.13,86.13,1591.88,41.36,64.31,31.55,103.88,1240.66
T0003100,O0001034,INV0001550,IL0003100,2026-05-01,2026-05-01,C00369,P0111,SO03,BU1,R01,USD,830,2058.15,98.93,1881.61,24.33,63.63,10.35,97.12,1276.13
T0003101,O0001034,INV0001551,IL0003101,2025-12-17,2025-12-17,C00436,P0036,SO04,BU3,R02,USD,902,911.02,80.21,815.21,25.32,3.54,13.26,35.56,510.63
T0003102,O0001034,INV0001551,IL0003102,2026-06-16,2026-06-16,C00254,P0136,SO05,BU1,R03,USD,1153,1750.72,174.38,1542.28,24.58,28.8,19.32,46.54,922.02
T0003103,O0001035,INV0001552,IL0003103,2026-12-05,2026-12-05,C00359,P0142,SO02,BU4,R04,USD,93,119.58,7.26,110.41,2.13,3.53,3.75,4.07,65.17
T0003104,O0001035,INV0001552,IL0003104,2026-12-04,2026-12-04,C00142,P0009,SO02,BU2,R03,USD,788,1825.87,25.51,1695.98,22.73,96.42,14.77,19.26,895.55
T0003105,O0001035,INV0001553,IL0003105,2025-03-31,2025-03-31,C00132,P0064,SO02,BU2,R02,USD,407,169.92,11.83,146.94,5.1,7.67,1.62,9.22,120.61
T0003106,O0001036,INV0001553,IL0003106,2025-04-22,2025-04-22,C00472,P0029,SO02,BU1,R04,USD,548,1076.87,43.13,1008.89,8.13,31.5,14.78,26.24,667.1
T0003107,O0001036,INV0001554,IL0003107,2026-12-15,2026-12-15,C00149,P0092,SO05,BU1,R03,USD,1176,1444.72,49.64,1376.8,11.98,32.74,26.44,43.83,795.79
T0003108,O0001036,INV0001554,IL0003108,2026-06-20,2026-06-20,C00109,P0082,SO03,BU3,R03,USD,937,2564.48,225.6,2325.85,15.37,70.76,73.1,39.32,1294.85
T0003109,O0001037,INV0001555,IL0003109,2025-12-24,2025-12-24,C00497,P0102,SO04,BU2,R01,USD,894,2484.34,61.47,2292.84,73.56,110.39,53.92,57.04,1752.88
T0003110,O0001037,INV0001555,IL0003110,2026-07-05,2026-07-05,C00224,P0065,SO03,BU3,R04,USD,960,1847.42,170.6,1656.15,18.12,69.35,66.8,69.56,1244.98
T0003111,O0001037,INV0001556,IL0003111,2026-08-21,2026-08-21,C00057,P0111,SO05,BU1,R01,USD,550,1362.95,127.34,1226.17,12.53,35.27,38.36,16.82,718.38
T0003112,O0001038,INV0001556,IL0003112,2026-12-02,2026-12-02,C00480,P0138,SO05,BU2,R04,USD,291,387.73,33.35,343.45,9.73,10.35,9.15,11.57,206.87
T0003113,O0001038,INV0001557,IL0003113,2026-09-13,2026-09-13,C00454,P0013,SO03,BU3,R03,USD,18,9.54,0.94,8.14,0.23,0.26,0.03,0.39,6.61
T0003114,O0001038,INV0001557,IL0003114,2026-09-28,2026-09-28,C00161,P0033,SO01,BU1,R01,USD,394,639.03,42.2,564.79,3.05,32.16,3.17,14.44,460.69
T0003115,O0001039,INV0001558,IL0003115,2025-03-19,2025-03-19,C00293,P0011,SO04,BU1,R03,USD,730,1556.21,59.55,1433.29,38.58,69.8,45.01,18.35,928.72
T0003116,O0001039,INV0001558,IL0003116,2025-02-06,2025-02-06,C00049,P0101,SO01,BU3,R01,USD,880,1117.16,70.62,1055.91,7.9,13.03,30.3,11.51,547.64
T0003117,O0001039,INV0001559,IL0003117,2025-07-13,2025-07-13,C00375,P0034,SO03,BU1,R04,USD,272,283.56,19.1,262.04,0.78,4.31,2.67,5.76,187.18
T0003118,O0001040,INV0001559,IL0003118,2026-09-02,2026-09-02,C00388,P0135,SO05,BU2,R02,USD,144,284.5,25.43,250.74,0.52,13.83,6.02,16.64,151.67
T0003119,O0001040,INV0001560,IL0003119,2025-02-20,2025-02-20,C00250,P0072,SO02,BU4,R01,USD,39,86.15,6.42,78.31,0.55,4.11,3.24,4.69,53.79
T0003120,O0001040,INV0001560,IL0003120,2026-10-18,2026-10-18,C00482,P0145,SO05,BU4,R01,USD,963,236.22,6.26,219.78,0.03,12.06,1.91,9.53,114.98
T0003121,O0001041,INV0001561,IL0003121,2026-04-25,2026-04-25,C00248,P0025,SO03,BU2,R04,USD,366,296.13,9.73,266.51,6.13,15.29,1.53,8.86,214.27
T0003122,O0001041,INV0001561,IL0003122,2026-10-21,2026-10-21,C00113,P0126,SO04,BU2,R01,USD,736,806.8,35.57,775.53,1.57,5.65,11.52,18.32,601.2
T0003123,O0001041,INV0001562,IL0003123,2025-11-14,2025-11-14,C00286,P0028,SO05,BU2,R03,USD,968,2597.53,46.68,2494.63,30.36,61.14,35.28,101.3,1743.81
T0003124,O0001042,INV0001562,IL0003124,2026-08-14,2026-08-14,C00382,P0033,SO05,BU4,R03,USD,555,365.47,25.87,316.19,9.13,19.33,5.05,2.17,270.98
T0003125,O0001042,INV0001563,IL0003125,2025-09-18,2025-09-18,C00426,P0057,SO03,BU4,R01,USD,1176,370.32,5.84,356.92,6.87,15.09,14.4,8.26,244.53
T0003126,O0001042,INV0001563,IL0003126,2025-07-05,2025-07-05,C00457,P0074,SO05,BU3,R01,USD,979,670.13,47.23,607.12,16.73,2.58,3.53,36.74,483.94
T0003127,O0001043,INV0001564,IL0003127,2025-08-15,2025-08-15,C00231,P0029,SO05,BU4,R04,USD,234,134.62,5.94,126.3,2.42,4.2,4.24,5.91,76.49
T0003128,O0001043,INV0001564,IL0003128,2025-03-31,2025-03-31,C00486,P0074,SO01,BU2,R03,USD,182,416.54,3.73,399.73,11.75,4.28,2.95,19.76,297.12
T0003129,O0001043,INV0001565,IL0003129,2026-11-01,2026-11-01,C00370,P0084,SO05,BU4,R01,USD,191,57.76,4.14,52.15,1.45,0.6,0.58,0.97,31.21
T0003130,O0001044,INV0001565,IL0003130,2025-09-15,2025-09-15,C00108,P0042,SO04,BU3,R02,USD,866,1516.02,38.34,1463.18,7.11,63.38,55.99,5.77,730.85
T0003131,O0001044,INV0001566,IL0003131,2026-10-07,2026-10-07,C00077,P0043,SO05,BU3,R03,USD,825,1729.61,41.33,1690.35,8.16,48.38,58.61,104.42,1075.88
T0003132,O0001044,INV0001566,IL0003132,2026-04-02,2026-04-02,C00472,P0140,SO01,BU3,R04,USD,997,462.81,27.84,425.07,3.03,13.76,6.89,1.3,227.27
T0003133,O0001045,INV0001567,IL0003133,2025-02-14,2025-02-14,C00461,P0016,SO04,BU2,R03,USD,443,829.78,11.66,787.46,12.81,39.27,21.42,24.58,508.85
T0003134,O0001045,INV0001567,IL0003134,2025-12-05,2025-12-05,C00146,P0104,SO02,BU4,R01,USD,1139,1461.56,70.07,1369.45,24.24,24.84,27.04,27.73,712.93
T0003135,O0001045,INV0001568,IL0003135,2026-03-08,2026-03-08,C00327,P0056,SO03,BU4,R04,USD,386,803.0,65.85,718.22,8.52,34.84,24.43,43.43,478.32
T0003136,O0001046,INV0001568,IL0003136,2025-10-19,2025-10-19,C00481,P0017,SO01,BU3,R01,USD,617,1344.26,98.78,1224.25,13.43,34.42,26.62,84.68,763.27
T0003137,O0001046,INV0001569,IL0003137,2025-03-11,2025-03-11,C00419,P0132,SO02,BU4,R02,USD,231,527.35,44.46,466.64,7.91,16.5,8.16,18.5,357.03
T0003138,O0001046,INV0001569,IL0003138,2026-08-17,2026-08-17,C00210,P0084,SO04,BU2,R01,USD,35,10.2,0.95,8.54,0.28,0.52,0.09,0.44,5.52
T0003139,O0001047,INV0001570,IL0003139,2025-06-07,2025-06-07,C00094,P0146,SO03,BU1,R03,USD,567,882.99,56.28,803.48,2.34,27.39,6.5,18.34,643.21
T0003140,O0001047,INV0001570,IL0003140,2025-09-29,2025-09-29,C00174,P0091,SO01,BU4,R03,USD,764,1849.34,36.61,1783.11,35.57,23.38,29.33,8.75,911.02
T0003141,O0001047,INV0001571,IL0003141,2025-05-28,2025-05-28,C00480,P0110,SO05,BU2,R04,USD,448,149.32,9.24,134.81,2.11,4.48,1.32,1.69,92.02
T0003142,O0001048,INV0001571,IL0003142,2026-07-27,2026-07-27,C00074,P0032,SO01,BU1,R01,USD,420,481.19,36.44,418.0,4.5,25.91,3.66,17.77,251.56
T0003143,O0001048,INV0001572,IL0003143,2026-01-14,2026-01-14,C00017,P0023,SO05,BU2,R01,USD,1172,1444.26,19.22,1402.14,11.28,36.61,24.99,58.07,954.65
T0003144,O0001048,INV0001572,IL0003144,2025-12-03,2025-12-03,C00102,P0014,SO03,BU2,R03,USD,968,1566.03,33.27,1491.76,46.92,25.33,31.25,65.13,952.48
T0003145,O0001049,INV0001573,IL0003145,2025-02-21,2025-02-21,C00487,P0113,SO02,BU1,R04,USD,329,332.16,13.26,306.34,9.77,6.89,4.1,9.25,211.71
T0003146,O0001049,INV0001573,IL0003146,2026-12-02,2026-12-02,C00420,P0002,SO04,BU3,R02,USD,643,476.91,19.48,444.05,2.27,17.9,6.79,16.45,326.23
T0003147,O0001049,INV0001574,IL0003147,2025-12-10,2025-12-10,C00297,P0047,SO01,BU3,R01,USD,884,548.96,26.17,524.76,3.04,11.48,16.49,29.65,285.99
T0003148,O0001050,INV0001574,IL0003148,2025-05-27,2025-05-27,C00168,P0115,SO01,BU2,R04,USD,1009,841.81,79.59,734.3,18.13,40.83,31.04,31.14,597.36
T0003149,O0001050,INV0001575,IL0003149,2025-06-19,2025-06-19,C00243,P0015,SO04,BU1,R02,USD,967,630.68,49.25,566.12,12.86,8.79,6.34,17.06,457.74
T0003150,O0001050,INV0001575,IL0003150,2026-02-12,2026-02-12,C00054,P0012,SO02,BU4,R03,USD,215,576.78,17.2,547.33,12.61,12.26,12.62,33.34,435.17
T0003151,O0001051,INV0001576,IL0003151,2026-02-10,2026-02-10,C00087,P0129,SO03,BU2,R04,USD,800,1762.56,131.52,1568.08,36.77,92.65,66.46,18.6,1150.07
T0003152,O0001051,INV0001576,IL0003152,2025-09-14,2025-09-14,C00310,P0066,SO01,BU1,R03,USD,513,1024.0,81.54,886.04,19.97,51.2,14.75,26.5,640.65
T0003153,O0001051,INV0001577,IL0003153,2026-12-26,2026-12-26,C00166,P0107,SO03,BU3,R03,USD,480,941.52,25.71,849.89,24.01,50.49,8.58,51.69,624.81
T0003154,O0001052,INV0001577,IL0003154,2026-07-12,2026-07-12,C00127,P0140,SO01,BU1,R04,USD,258,318.58,23.61,285.91,2.56,7.37,0.87,16.66,164.98
T0003155,O0001052,INV0001578,IL0003155,2025-07-28,2025-07-28,C00253,P0127,SO05,BU4,R03,USD,517,964.98,58.86,903.92,23.36,4.83,25.99,58.87,505.81
T0003156,O0001052,INV0001578,IL0003156,2025-01-29,2025-01-29,C00040,P0099,SO02,BU3,R04,USD,206,312.73,11.48,293.18,0.29,10.79,3.01,3.12,158.81
T0003157,O0001053,INV0001579,IL0003157,2025-03-16,2025-03-16,C00476,P0050,SO03,BU4,R02,USD,818,1538.82,105.52,1377.62,31.34,24.64,0.3,7.67,977.04
T0003158,O0001053,INV0001579,IL0003158,2026-05-12,2026-05-12,C00024,P0047,SO03,BU4,R04,USD,260,428.09,39.18,383.8,6.21,0.82,1.92,16.24,280.09
T0003159,O0001053,INV0001580,IL0003159,2025-09-08,2025-09-08,C00051,P0117,SO01,BU4,R02,USD,665,827.86,47.63,762.94,17.12,0.36,0.19,31.07,421.76
T0003160,O0001054,INV0001580,IL0003160,2025-03-23,2025-03-23,C00488,P0119,SO03,BU1,R04,USD,711,1728.09,152.69,1536.62,42.55,16.55,20.32,25.65,978.95
T0003161,O0001054,INV0001581,IL0003161,2025-08-12,2025-08-12,C00402,P0131,SO01,BU4,R01,USD,242,284.4,2.07,277.14,2.43,7.71,4.95,9.02,145.69
T0003162,O0001054,INV0001581,IL0003162,2026-10-04,2026-10-04,C00030,P0142,SO05,BU3,R03,USD,32,17.16,0.24,16.14,0.5,0.86,0.58,0.7,8.49
T0003163,O0001055,INV0001582,IL0003163,2026-11-04,2026-11-04,C00376,P0134,SO01,BU1,R04,USD,1126,3008.0,60.79,2810.39,56.59,93.95,13.72,33.0,2149.11
T0003164,O0001055,INV0001582,IL0003164,2026-01-25,2026-01-25,C00342,P0004,SO01,BU1,R03,USD,777,1926.34,167.68,1724.0,12.41,28.11,5.86,82.45,1050.55
T0003165,O0001055,INV0001583,IL0003165,2025-12-25,2025-12-25,C00096,P0116,SO03,BU1,R04,USD,338,386.57,25.34,360.65,0.5,3.49,3.41,11.8,196.24
T0003166,O0001056,INV0001583,IL0003166,2025-12-21,2025-12-21,C00372,P0075,SO01,BU2,R02,USD,1093,2982.47,222.23,2762.98,14.98,63.36,81.08,146.5,1516.36
T0003167,O0001056,INV0001584,IL0003167,2026-02-15,2026-02-15,C00229,P0130,SO04,BU4,R03,USD,241,560.23,55.31,483.53,7.87,25.55,12.03,32.26,384.5
T0003168,O0001056,INV0001584,IL0003168,2025-01-08,2025-01-08,C00092,P0082,SO04,BU4,R02,USD,692,473.4,18.79,454.94,3.64,4.41,8.38,5.43,330.58
T0003169,O0001057,INV0001585,IL0003169,2025-02-11,2025-02-11,C00315,P0147,SO05,BU2,R02,USD,181,266.16,21.48,243.22,7.53,3.06,9.13,11.47,148.84
T0003170,O0001057,INV0001585,IL0003170,2026-01-05,2026-01-05,C00406,P0051,SO03,BU3,R03,USD,1078,1002.86,7.45,986.82,20.0,1.52,12.93,36.45,571.15
T0003171,O0001057,INV0001586,IL0003171,2026-05-29,2026-05-29,C00164,P0042,SO03,BU2,R02,USD,606,777.07,38.03,719.85,1.45,33.41,15.67,30.74,467.89
T0003172,O0001058,INV0001586,IL0003172,2025-02-20,2025-02-20,C00376,P0002,SO03,BU2,R04,USD,475,1348.9,87.73,1241.15,15.89,48.96,44.83,44.3,775.79
T0003173,O0001058,INV0001587,IL0003173,2025-11-26,2025-11-26,C00168,P0002,SO03,BU3,R04,USD,1028,2662.93,117.67,2468.96,36.31,87.14,47.15,23.77,1971.52
T0003174,O0001058,INV0001587,IL0003174,2025-07-11,2025-07-11,C00290,P0007,SO04,BU4,R01,USD,1130,2942.29,38.38,2876.03,31.87,14.56,18.55,51.46,2093.14
T0003175,O0001059,INV0001588,IL0003175,2026-03-14,2026-03-14,C00459,P0051,SO03,BU1,R02,USD,1103,289.98,25.69,255.37,5.19,5.8,2.07,5.63,142.56
T0003176,O0001059,INV0001588,IL0003176,2025-03-09,2025-03-09,C00346,P0121,SO04,BU1,R01,USD,982,2279.52,163.9,2025.07,31.52,83.79,24.76,115.1,1318.61
T0003177,O0001059,INV0001589,IL0003177,2026-03-27,2026-03-27,C00291,P0112,SO02,BU1,R02,USD,1148,1449.69,28.3,1435.16,28.59,13.04,55.4,83.33,1017.81
T0003178,O0001060,INV0001589,IL0003178,2026-04-04,2026-04-04,C00378,P0007,SO05,BU2,R01,USD,619,1008.91,8.1,959.85,7.46,54.53,21.03,61.41,647.43
T0003179,O0001060,INV0001590,IL0003179,2025-04-13,2025-04-13,C00386,P0071,SO01,BU3,R01,USD,843,1276.81,88.76,1144.67,17.8,29.22,3.64,10.36,920.51
T0003180,O0001060,INV0001590,IL0003180,2026-08-02,2026-08-02,C00205,P0008,SO04,BU4,R03,USD,1001,284.48,4.36,276.47,0.81,6.61,3.77,9.35,210.79
T0003181,O0001061,INV0001591,IL0003181,2026-04-23,2026-04-23,C00389,P0011,SO05,BU1,R03,USD,322,630.09,34.98,580.34,4.76,34.14,24.13,20.51,356.31
T0003182,O0001061,INV0001591,IL0003182,2025-06-16,2025-06-16,C00226,P0118,SO05,BU1,R01,USD,670,1662.67,121.13,1497.0,2.96,83.89,42.31,19.13,1098.05
T0003183,O0001061,INV0001592,IL0003183,2025-10-02,2025-10-02,C00269,P0145,SO03,BU2,R03,USD,981,2229.71,80.44,2135.17,33.58,21.42,40.9,90.83,1177.27
T0003184,O0001062,INV0001592,IL0003184,2025-07-14,2025-07-14,C00111,P0087,SO01,BU4,R04,USD,42,25.88,2.33,22.62,0.02,1.16,0.25,1.05,16.07
T0003185,O0001062,INV0001593,IL0003185,2025-07-20,2025-07-20,C00366,P0136,SO05,BU2,R03,USD,796,751.5,21.49,725.76,3.05,18.8,17.6,36.72,409.65
T0003186,O0001062,INV0001593,IL0003186,2026-02-07,2026-02-07,C00408,P0089,SO05,BU1,R04,USD,501,896.54,49.59,813.99,14.87,32.62,14.53,8.86,628.41
T0003187,O0001063,INV0001594,IL0003187,2025-09-12,2025-09-12,C00171,P0058,SO03,BU4,R02,USD,648,1665.04,156.36,1478.94,31.51,5.18,6.95,25.45,996.95
T0003188,O0001063,INV0001594,IL0003188,2025-03-02,2025-03-02,C00060,P0068,SO05,BU1,R02,USD,198,233.56,16.11,210.02,1.79,8.85,3.21,6.11,175.69
T0003189,O0001063,INV0001595,IL0003189,2026-02-15,2026-02-15,C00088,P0136,SO03,BU2,R04,USD,869,578.58,12.56,565.06,6.33,1.02,6.39,31.61,336.66
T0003190,O0001064,INV0001595,IL0003190,2025-05-01,2025-05-01,C00379,P0079,SO02,BU3,R02,USD,564,1413.55,132.03,1288.98,3.56,8.18,19.2,23.91,1030.53
T0003191,O0001064,INV0001596,IL0003191,2026-08-05,2026-08-05,C00171,P0123,SO05,BU2,R02,USD,351,780.41,6.33,735.87,12.98,30.84,5.61,15.47,511.27
T0003192,O0001064,INV0001596,IL0003192,2025-09-01,2025-09-01,C00259,P0029,SO02,BU4,R02,USD,162,98.98,1.1,95.73,2.91,2.22,2.98,1.16,65.29
T0003193,O0001065,INV0001597,IL0003193,2025-09-15,2025-09-15,C00339,P0100,SO05,BU2,R02,USD,374,653.12,57.37,581.63,19.41,6.23,11.52,8.73,350.86
T0003194,O0001065,INV0001597,IL0003194,2026-09-29,2026-09-29,C00317,P0136,SO01,BU4,R03,USD,777,1726.26,98.38,1599.14,6.12,22.77,0.15,90.62,1053.23
T0003195,O0001065,INV0001598,IL0003195,2025-09-25,2025-09-25,C00189,P0020,SO02,BU1,R03,USD,461,1137.38,54.61,1046.81,19.41,57.39,40.84,70.19,561.46
T0003196,O0001066,INV0001598,IL0003196,2026-07-26,2026-07-26,C00088,P0067,SO01,BU3,R04,USD,412,1171.6,3.01,1160.82,17.69,9.04,18.96,77.21,660.74
T0003197,O0001066,INV0001599,IL0003197,2026-05-05,2026-05-05,C00274,P0099,SO01,BU2,R01,USD,641,467.22,2.22,456.73,11.47,1.82,5.02,13.61,278.66
T0003198,O0001066,INV0001599,IL0003198,2026-08-28,2026-08-28,C00200,P0030,SO01,BU1,R04,USD,783,1832.22,109.0,1691.86,22.71,75.57,66.92,104.33,1190.94
T0003199,O0001067,INV0001600,IL0003199,2025-05-31,2025-05-31,C00410,P0017,SO02,BU1,R01,USD,1015,1802.54,126.19,1671.44,2.0,33.53,30.62,31.15,1293.97
T0003200,O0001067,INV0001600,IL0003200,2025-03-27,2025-03-27,C00180,P0149,SO01,BU1,R02,USD,219,102.27,1.68,97.27,0.01,4.09,0.78,0.01,60.98
T0003201,O0001067,INV0001601,IL0003201,2025-09-18,2025-09-18,C00390,P0014,SO01,BU2,R03,USD,994,616.98,57.28,558.67,11.49,14.1,24.56,37.62,444.73
T0003202,O0001068,INV0001601,IL0003202,2026-10-17,2026-10-17,C00069,P0029,SO01,BU2,R03,USD,133,220.74,19.61,195.7,1.75,8.52,4.84,0.5,114.67
T0003203,O0001068,INV0001602,IL0003203,2026-04-19,2026-04-19,C00317,P0102,SO03,BU1,R03,USD,937,1432.67,37.43,1392.86,1.39,4.86,3.87,81.72,721.69
T0003204,O0001068,INV0001602,IL0003204,2025-05-20,2025-05-20,C00132,P0101,SO01,BU1,R02,USD,984,762.6,37.24,712.3,5.64,35.4,27.98,48.85,380.51
T0003205,O0001069,INV0001603,IL0003205,2026-08-16,2026-08-16,C00189,P0044,SO02,BU1,R03,USD,669,1441.96,102.19,1296.26,25.94,36.24,18.67,39.64,882.12
T0003206,O0001069,INV0001603,IL0003206,2026-05-17,2026-05-17,C00360,P0129,SO01,BU2,R04,USD,480,123.22,3.87,118.45,1.77,3.18,4.05,7.04,81.27
T0003207,O0001069,INV0001604,IL0003207,2025-08-02,2025-08-02,C00200,P0114,SO04,BU2,R04,USD,42,60.16,4.33,54.96,0.18,1.22,0.53,2.59,33.47
T0003208,O0001070,INV0001604,IL0003208,2025-04-16,2025-04-16,C00163,P0002,SO04,BU1,R02,USD,480,816.67,79.64,716.61,8.35,36.31,24.24,26.62,591.99
T0003209,O0001070,INV0001605,IL0003209,2026-07-19,2026-07-19,C00324,P0105,SO05,BU4,R02,USD,794,1045.06,1.58,1024.8,19.36,12.16,12.84,65.8,638.57
T0003210,O0001070,INV0001605,IL0003210,2025-01-18,2025-01-18,C00465,P0125,SO01,BU3,R01,USD,177,408.6,3.56,403.77,1.09,6.54,6.36,10.73,272.01
T0003211,O0001071,INV0001606,IL0003211,2026-11-03,2026-11-03,C00147,P0027,SO02,BU1,R02,USD,57,143.65,1.88,136.32,1.2,4.6,0.35,7.5,82.99
T0003212,O0001071,INV0001606,IL0003212,2026-10-11,2026-10-11,C00120,P0083,SO03,BU1,R04,USD,774,636.15,10.02,631.98,5.28,8.54,19.67,41.81,441.4
T0003213,O0001071,INV0001607,IL0003213,2025-12-05,2025-12-05,C00020,P0115,SO04,BU2,R02,USD,752,1688.32,54.49,1601.4,45.38,45.11,58.06,84.02,1075.18
T0003214,O0001072,INV0001607,IL0003214,2025-12-28,2025-12-28,C00373,P0040,SO01,BU3,R03,USD,165,104.79,9.88,91.15,2.95,4.29,3.48,5.06,62.6
T0003215,O0001072,INV0001608,IL0003215,2026-10-18,2026-10-18,C00027,P0022,SO01,BU4,R02,USD,674,1512.12,128.85,1334.02,38.65,48.98,38.38,25.56,799.98
T0003216,O0001072,INV0001608,IL0003216,2026-12-04,2026-12-04,C00390,P0110,SO01,BU3,R03,USD,341,251.69,15.71,228.73,3.75,9.39,5.89,9.87,186.74
T0003217,O0001073,INV0001609,IL0003217,2025-05-26,2025-05-26,C00031,P0058,SO02,BU1,R04,USD,705,633.65,27.73,597.93,1.12,9.14,2.27,3.44,405.34
T0003218,O0001073,INV0001609,IL0003218,2025-05-12,2025-05-12,C00145,P0037,SO04,BU2,R01,USD,1165,2510.92,117.96,2307.8,24.12,115.61,54.57,160.45,1253.89
T0003219,O0001073,INV0001610,IL0003219,2026-11-23,2026-11-23,C00483,P0124,SO03,BU1,R02,USD,517,553.71,34.05,519.23,6.93,9.51,16.01,0.79,381.72
T0003220,O0001074,INV0001610,IL0003220,2025-03-02,2025-03-02,C00262,P0091,SO05,BU1,R03,USD,55,68.33,1.68,64.77,0.54,1.53,0.19,2.38,44.26
T0003221,O0001074,INV0001611,IL0003221,2025-07-13,2025-07-13,C00230,P0037,SO02,BU1,R03,USD,377,722.86,65.2,605.99,21.61,35.51,5.45,21.53,391.2
T0003222,O0001074,INV0001611,IL0003222,2025-10-21,2025-10-21,C00053,P0017,SO01,BU4,R03,USD,184,428.33,34.5,404.31,0.62,5.78,16.88,19.17,294.11
T0003223,O0001075,INV0001612,IL0003223,2025-03-04,2025-03-04,C00259,P0096,SO05,BU2,R02,USD,586,241.37,15.69,223.56,1.81,8.66,8.35,2.83,119.52
T0003224,O0001075,INV0001612,IL0003224,2025-01-17,2025-01-17,C00323,P0051,SO03,BU3,R02,USD,465,668.76,37.0,649.27,0.97,5.82,24.3,10.92,326.89
T0003225,O0001075,INV0001613,IL0003225,2026-03-02,2026-03-02,C00249,P0106,SO01,BU4,R01,USD,947,2150.54,97.83,2039.28,55.05,40.46,82.08,50.97,1259.56
T0003226,O0001076,INV0001613,IL0003226,2025-11-02,2025-11-02,C00170,P0015,SO02,BU3,R01,USD,522,1347.65,67.96,1232.66,24.8,59.74,37.51,66.57,723.11
T0003227,O0001076,INV0001614,IL0003227,2025-04-24,2025-04-24,C00056,P0013,SO05,BU1,R04,USD,791,1460.82,83.88,1344.66,16.28,18.88,2.88,70.7,954.08
T0003228,O0001076,INV0001614,IL0003228,2025-07-16,2025-07-16,C00354,P0064,SO02,BU3,R01,USD,178,129.83,8.81,118.37,3.83,2.22,3.4,6.19,73.77
T0003229,O0001077,INV0001615,IL0003229,2025-01-30,2025-01-30,C00238,P0006,SO05,BU1,R03,USD,781,662.76,28.64,613.03,15.91,15.4,10.22,4.55,370.35
T0003230,O0001077,INV0001615,IL0003230,2026-10-10,2026-10-10,C00064,P0077,SO05,BU2,R04,USD,1048,1524.84,23.97,1407.98,42.66,75.85,25.62,96.99,853.88
T0003231,O0001077,INV0001616,IL0003231,2025-09-19,2025-09-19,C00339,P0035,SO05,BU3,R02,USD,1195,1662.36,9.07,1656.99,29.08,4.91,37.69,106.5,1181.96
T0003232,O0001078,INV0001616,IL0003232,2025-12-20,2025-12-20,C00086,P0009,SO01,BU2,R03,USD,478,1031.14,79.91,923.62,11.17,35.16,18.72,10.4,716.8
T0003233,O0001078,INV0001617,IL0003233,2026-07-14,2026-07-14,C00093,P0138,SO04,BU1,R03,USD,1096,3083.71,172.48,2837.98,82.71,100.36,109.82,189.46,2100.41
T0003234,O0001078,INV0001617,IL0003234,2025-11-04,2025-11-04,C00426,P0092,SO03,BU3,R01,USD,796,1585.71,52.93,1484.16,27.7,65.34,44.42,86.87,883.82
T0003235,O0001079,INV0001618,IL0003235,2026-02-08,2026-02-08,C00337,P0076,SO05,BU2,R01,USD,895,761.91,24.49,708.41,5.45,24.48,0.92,18.37,381.19
T0003236,O0001079,INV0001618,IL0003236,2025-11-07,2025-11-07,C00447,P0040,SO02,BU1,R04,USD,779,1170.84,42.79,1098.6,8.98,57.35,36.88,36.14,726.61
T0003237,O0001079,INV0001619,IL0003237,2026-05-15,2026-05-15,C00307,P0089,SO02,BU2,R02,USD,265,679.75,20.48,673.81,9.21,1.63,25.38,10.78,455.53
T0003238,O0001080,INV0001619,IL0003238,2026-05-17,2026-05-17,C00074,P0088,SO02,BU2,R01,USD,272,708.1,49.4,649.42,1.22,26.92,18.86,40.93,431.37
T0003239,O0001080,INV0001620,IL0003239,2025-02-03,2025-02-03,C00425,P0127,SO03,BU4,R01,USD,562,1153.11,48.82,1078.81,23.28,6.71,4.51,0.95,767.76
T0003240,O0001080,INV0001620,IL0003240,2026-05-15,2026-05-15,C00301,P0033,SO03,BU3,R03,USD,799,2032.34,71.14,1949.7,19.73,19.84,28.07,97.93,1344.04
T0003241,O0001081,INV0001621,IL0003241,2026-12-30,2026-12-30,C00472,P0052,SO05,BU1,R04,USD,1160,2545.5,124.7,2313.96,68.66,47.38,9.2,8.46,1474.9
T0003242,O0001081,INV0001621,IL0003242,2026-02-05,2026-02-05,C00267,P0131,SO03,BU3,R02,USD,721,820.07,38.39,761.83,17.04,16.45,13.64,45.84,489.25
T0003243,O0001081,INV0001622,IL0003243,2026-03-01,2026-03-01,C00287,P0150,SO05,BU2,R04,USD,98,165.65,6.97,154.13,3.71,3.54,2.7,6.14,80.17
T0003244,O0001082,INV0001622,IL0003244,2026-01-15,2026-01-15,C00161,P0031,SO04,BU2,R01,USD,248,616.5,4.42,621.19,3.83,11.33,24.27,11.34,328.26
T0003245,O0001082,INV0001623,IL0003245,2026-01-16,2026-01-16,C00477,P0020,SO02,BU1,R03,USD,314,369.39,22.42,357.63,0.75,2.61,14.02,10.76,243.63
T0003246,O0001082,INV0001623,IL0003246,2026-08-05,2026-08-05,C00231,P0080,SO03,BU2,R04,USD,804,1389.23,76.89,1292.77,21.91,43.63,45.97,89.63,910.91
T0003247,O0001083,INV0001624,IL0003247,2025-07-22,2025-07-22,C00044,P0147,SO04,BU2,R02,USD,469,157.63,2.55,151.16,2.96,2.25,1.29,8.79,100.85
T0003248,O0001083,INV0001624,IL0003248,2025-07-07,2025-07-07,C00093,P0089,SO04,BU3,R03,USD,170,222.12,2.96,221.95,0.03,1.47,4.29,14.24,131.83
T0003249,O0001083,INV0001625,IL0003249,2025-01-11,2025-01-11,C00057,P0125,SO03,BU1,R01,USD,427,1186.21,89.34,1080.7,3.22,53.86,40.91,75.36,650.33
T0003250,O0001084,INV0001625,IL0003250,2026-10-30,2026-10-30,C00009,P0135,SO02,BU4,R01,USD,718,562.91,21.86,533.66,7.09,4.64,4.34,13.01,335.33
T0003251,O0001084,INV0001626,IL0003251,2026-04-27,2026-04-27,C00106,P0091,SO01,BU4,R01,USD,941,1108.31,68.75,1006.32,9.62,46.71,23.09,0.13,780.37
T0003252,O0001084,INV0001626,IL0003252,2025-11-02,2025-11-02,C00451,P0003,SO02,BU2,R02,USD,454,1118.29,17.82,1085.94,6.82,13.41,5.7,13.24,776.94
T0003253,O0001085,INV0001627,IL0003253,2026-04-01,2026-04-01,C00156,P0098,SO02,BU3,R02,USD,675,351.0,25.43,302.22,8.29,16.2,1.14,14.61,223.2
T0003254,O0001085,INV0001627,IL0003254,2025-06-04,2025-06-04,C00007,P0063,SO03,BU2,R04,USD,16,32.22,1.38,29.54,0.8,1.25,0.75,2.04,20.03
T0003255,O0001085,INV0001628,IL0003255,2025-05-23,2025-05-23,C00339,P0018,SO03,BU2,R02,USD,695,496.02,32.21,454.21,9.89,1.75,2.04,5.2,329.18
T0003256,O0001086,INV0001628,IL0003256,2025-03-22,2025-03-22,C00239,P0125,SO05,BU4,R04,USD,71,166.25,3.48,158.82,1.95,3.52,1.52,10.43,110.1
T0003257,O0001086,INV0001629,IL0003257,2025-11-08,2025-11-08,C00246,P0045,SO02,BU1,R03,USD,160,306.5,4.85,293.72,8.75,5.5,6.32,3.96,175.98
T0003258,O0001086,INV0001629,IL0003258,2026-12-02,2026-12-02,C00252,P0013,SO01,BU2,R02,USD,579,1631.45,5.04,1605.51,11.01,32.41,22.52,74.88,1097.6
T0003259,O0001087,INV0001630,IL0003259,2025-04-21,2025-04-21,C00338,P0052,SO05,BU1,R01,USD,523,1126.96,14.22,1045.26,23.3,59.06,14.88,7.18,683.45
T0003260,O0001087,INV0001630,IL0003260,2026-10-09,2026-10-09,C00176,P0013,SO03,BU4,R04,USD,121,141.04,7.07,128.46,2.35,3.54,0.38,6.95,95.38
T0003261,O0001087,INV0001631,IL0003261,2025-12-04,2025-12-04,C00078,P0073,SO05,BU4,R03,USD,608,1400.77,84.56,1323.38,21.03,12.32,40.52,22.04,1047.41
T0003262,O0001088,INV0001631,IL0003262,2026-05-30,2026-05-30,C00461,P0044,SO01,BU1,R03,USD,161,169.98,4.7,160.08,2.38,4.64,1.82,4.48,85.84
T0003263,O0001088,INV0001632,IL0003263,2025-03-28,2025-03-28,C00210,P0091,SO05,BU3,R01,USD,857,2074.37,28.56,1981.77,56.15,19.0,11.11,104.16,1545.55
T0003264,O0001088,INV0001632,IL0003264,2025-04-22,2025-04-22,C00430,P0146,SO01,BU3,R03,USD,560,1160.04,65.37,1053.99,28.35,56.74,44.41,41.46,739.6
T0003265,O0001089,INV0001633,IL0003265,2025-09-27,2025-09-27,C00298,P0076,SO02,BU3,R01,USD,534,1151.68,36.84,1065.87,16.59,51.23,18.85,53.86,680.21
T0003266,O0001089,INV0001633,IL0003266,2025-09-01,2025-09-01,C00471,P0139,SO03,BU2,R04,USD,904,991.24,33.7,918.59,23.1,52.15,36.3,37.46,672.03
T0003267,O0001089,INV0001634,IL0003267,2025-04-03,2025-04-03,C00358,P0095,SO05,BU4,R03,USD,719,1512.13,112.63,1376.93,23.39,11.78,12.6,93.78,1020.92
T0003268,O0001090,INV0001634,IL0003268,2026-01-09,2026-01-09,C00492,P0049,SO03,BU1,R02,USD,41,108.49,6.28,102.35,0.93,0.92,1.99,0.76,64.68
T0003269,O0001090,INV0001635,IL0003269,2025-12-02,2025-12-02,C00344,P0059,SO04,BU2,R04,USD,80,165.09,8.13,149.15,0.21,8.5,0.9,0.3,110.17
T0003270,O0001090,INV0001635,IL0003270,2025-08-17,2025-08-17,C00475,P0055,SO03,BU2,R02,USD,1134,507.47,3.38,490.98,0.17,25.48,12.54,16.38,299.86
T0003271,O0001091,INV0001636,IL0003271,2025-08-14,2025-08-14,C00227,P0042,SO01,BU1,R02,USD,418,797.17,17.82,770.23,18.52,22.07,31.47,22.67,466.42
T0003272,O0001091,INV0001636,IL0003272,2025-01-01,2025-01-01,C00236,P0026,SO04,BU3,R02,USD,15,16.62,1.1,15.18,0.16,0.74,0.56,0.63,11.92
T0003273,O0001091,INV0001637,IL0003273,2026-05-16,2026-05-16,C00245,P0009,SO01,BU3,R03,USD,543,664.74,29.95,626.71,11.99,2.77,6.68,25.9,430.19
T0003274,O0001092,INV0001637,IL0003274,2025-12-16,2025-12-16,C00139,P0109,SO03,BU2,R02,USD,1100,1652.31,159.77,1475.75,35.62,4.55,23.38,44.29,1241.0
T0003275,O0001092,INV0001638,IL0003275,2025-05-08,2025-05-08,C00030,P0042,SO01,BU3,R03,USD,444,1242.89,16.98,1233.6,21.99,12.04,41.72,27.31,742.6
T0003276,O0001092,INV0001638,IL0003276,2026-05-23,2026-05-23,C00399,P0131,SO02,BU2,R04,USD,76,128.04,6.6,118.28,1.17,5.98,3.99,6.89,75.3
T0003277,O0001093,INV0001639,IL0003277,2026-09-15,2026-09-15,C00404,P0120,SO01,BU1,R02,USD,93,23.09,2.12,20.12,0.47,1.23,0.85,0.73,14.0
T0003278,O0001093,INV0001639,IL0003278,2025-11-24,2025-11-24,C00132,P0101,SO05,BU3,R02,USD,484,902.27,65.73,814.15,7.66,41.91,27.18,32.7,491.7
T0003279,O0001093,INV0001640,IL0003279,2025-02-03,2025-02-03,C00284,P0071,SO04,BU4,R02,USD,441,205.73,10.93,185.24,5.84,4.28,0.56,1.42,111.37
T0003280,O0001094,INV0001640,IL0003280,2025-01-14,2025-01-14,C00180,P0076,SO05,BU1,R02,USD,1119,2105.85,137.88,1887.32,44.84,41.52,5.71,119.3,1061.86
T0003281,O0001094,INV0001641,IL0003281,2026-11-03,2026-11-03,C00022,P0051,SO02,BU4,R03,USD,624,1544.84,2.22,1490.24,13.62,56.23,17.47,32.7,1098.68
T0003282,O0001094,INV0001641,IL0003282,2026-04-05,2026-04-05,C00319,P0010,SO03,BU4,R04,USD,295,247.56,13.42,229.76,3.32,5.7,4.64,0.58,177.93
T0003283,O0001095,INV0001642,IL0003283,2026-10-10,2026-10-10,C00199,P0043,SO02,BU1,R04,USD,1192,3199.57,286.77,2775.01,80.39,157.37,99.97,3.24,2280.67
T0003284,O0001095,INV0001642,IL0003284,2025-08-06,2025-08-06,C00289,P0121,SO03,BU2,R01,USD,456,731.93,20.99,670.6,14.69,26.27,0.62,9.23,371.8
T0003285,O0001095,INV0001643,IL0003285,2025-09-02,2025-09-02,C00083,P0146,SO02,BU3,R02,USD,926,1911.36,34.47,1821.04,43.13,25.48,12.76,15.6,919.82
T0003286,O0001096,INV0001643,IL0003286,2025-11-13,2025-11-13,C00287,P0021,SO03,BU2,R04,USD,677,333.76,7.45,322.47,8.68,1.43,6.27,7.7,198.98
T0003287,O0001096,INV0001644,IL0003287,2026-04-05,2026-04-05,C00208,P0116,SO01,BU4,R04,USD,156,275.04,27.16,235.28,6.45,12.3,6.15,12.57,178.75
T0003288,O0001096,INV0001644,IL0003288,2025-08-22,2025-08-22,C00031,P0040,SO02,BU1,R04,USD,919,949.6,41.58,909.35,0.95,26.3,28.58,43.26,505.18
T0003289,O0001097,INV0001645,IL0003289,2025-01-14,2025-01-14,C00108,P0107,SO01,BU1,R02,USD,784,1057.77,56.05,954.66,3.51,50.73,7.18,31.55,732.71
T0003290,O0001097,INV0001645,IL0003290,2025-06-29,2025-06-29,C00194,P0083,SO01,BU3,R01,USD,963,338.3,31.24,294.99,2.86,15.66,6.45,7.51,186.9
T0003291,O0001097,INV0001646,IL0003291,2026-12-13,2026-12-13,C00382,P0080,SO01,BU3,R03,USD,478,663.7,50.81,605.38,7.08,26.25,25.82,34.36,373.8
T0003292,O0001098,INV0001646,IL0003292,2026-06-15,2026-06-15,C00273,P0038,SO01,BU3,R01,USD,295,620.44,40.62,543.8,17.65,19.57,1.2,19.82,317.36
T0003293,O0001098,INV0001647,IL0003293,2025-04-17,2025-04-17,C00391,P0027,SO04,BU4,R04,USD,654,1402.57,66.81,1355.86,10.5,17.91,48.51,43.65,702.52
T0003294,O0001098,INV0001647,IL0003294,2025-10-21,2025-10-21,C00377,P0108,SO01,BU4,R01,USD,85,162.6,0.98,158.3,2.02,7.74,6.44,6.74,78.47
T0003295,O0001099,INV0001648,IL0003295,2025-07-27,2025-07-27,C00259,P0054,SO03,BU3,R02,USD,467,407.22,13.18,381.5,0.74,17.01,5.21,1.38,304.14
T0003296,O0001099,INV0001648,IL0003296,2026-10-03,2026-10-03,C00154,P0089,SO03,BU1,R01,USD,425,857.39,73.23,745.28,20.0,27.26,8.38,46.21,561.27
T0003297,O0001099,INV0001649,IL0003297,2025-05-22,2025-05-22,C00143,P0083,SO05,BU3,R04,USD,119,129.13,4.09,121.66,3.41,2.4,2.43,8.11,81.16
T0003298,O0001100,INV0001649,IL0003298,2025-05-17,2025-05-17,C00207,P0050,SO03,BU2,R04,USD,1123,224.82,14.38,202.08,5.42,11.89,8.95,12.84,154.43
T0003299,O0001100,INV0001650,IL0003299,2026-04-21,2026-04-21,C00046,P0097,SO04,BU4,R03,USD,1085,2360.63,91.99,2184.83,11.38,120.7,48.27,88.7,1550.8
T0003300,O0001100,INV0001650,IL0003300,2026-04-19,2026-04-19,C00491,P0065,SO01,BU4,R02,USD,865,1826.27,32.85,1757.16,48.89,21.66,34.29,68.45,983.54
T0003301,O0001101,INV0001651,IL0003301,2026-10-30,2026-10-30,C00143,P0121,SO03,BU2,R04,USD,919,2010.86,139.77,1915.24,24.93,10.62,79.7,16.47,1071.75
T0003302,O0001101,INV0001651,IL0003302,2026-09-18,2026-09-18,C00080,P0046,SO04,BU3,R04,USD,584,245.86,19.53,213.51,7.1,12.62,6.9,11.26,127.62
T0003303,O0001101,INV0001652,IL0003303,2025-01-01,2025-01-01,C00444,P0101,SO01,BU2,R02,USD,723,594.67,34.48,553.55,15.48,3.1,11.94,14.26,331.16
T0003304,O0001102,INV0001652,IL0003304,2025-03-07,2025-03-07,C00432,P0139,SO05,BU4,R04,USD,346,356.35,31.98,298.14,9.49,17.96,1.22,1.07,247.46
T0003305,O0001102,INV0001653,IL0003305,2025-08-26,2025-08-26,C00178,P0103,SO03,BU4,R01,USD,67,48.38,4.43,42.44,0.73,1.15,0.37,2.59,32.27
T0003306,O0001102,INV0001653,IL0003306,2025-01-10,2025-01-10,C00158,P0115,SO04,BU3,R03,USD,1129,3070.65,110.63,2872.76,9.24,139.89,61.87,131.56,2087.62
T0003307,O0001103,INV0001654,IL0003307,2025-04-05,2025-04-05,C00100,P0038,SO02,BU4,R02,USD,132,208.61,3.6,193.84,3.38,10.41,2.62,8.48,117.2
T0003308,O0001103,INV0001654,IL0003308,2025-11-02,2025-11-02,C00225,P0099,SO02,BU2,R01,USD,1082,2575.27,242.89,2333.51,13.51,2.87,17.51,71.77,1496.8
T0003309,O0001103,INV0001655,IL0003309,2026-06-18,2026-06-18,C00307,P0075,SO03,BU1,R02,USD,966,2580.09,171.42,2388.07,30.41,11.07,20.88,92.63,1250.32
T0003310,O0001104,INV0001655,IL0003310,2026-02-01,2026-02-01,C00022,P0027,SO01,BU4,R03,USD,332,719.48,69.61,622.91,3.29,30.45,6.78,38.83,387.15
T0003311,O0001104,INV0001656,IL0003311,2025-11-16,2025-11-16,C00312,P0013,SO02,BU1,R04,USD,591,1341.75,89.56,1239.76,11.32,5.96,4.85,20.79,947.23
T0003312,O0001104,INV0001656,IL0003312,2026-10-30,2026-10-30,C00363,P0057,SO02,BU2,R02,USD,478,1289.26,7.87,1258.93,36.77,6.94,21.25,38.03,896.31
T0003313,O0001105,INV0001657,IL0003313,2025-05-28,2025-05-28,C00269,P0071,SO02,BU4,R03,USD,661,659.08,19.12,628.83,0.05,23.04,11.96,37.57,484.99
T0003314,O0001105,INV0001657,IL0003314,2026-01-23,2026-01-23,C00078,P0042,SO04,BU3,R03,USD,730,279.44,23.4,248.76,5.31,7.86,5.89,6.66,140.37
T0003315,O0001105,INV0001658,IL0003315,2026-03-01,2026-03-01,C00383,P0012,SO02,BU2,R04,USD,384,957.31,85.3,856.78,8.51,31.12,24.4,36.73,578.04
T0003316,O0001106,INV0001658,IL0003316,2025-12-10,2025-12-10,C00103,P0131,SO05,BU4,R04,USD,226,589.2,42.37,534.09,15.75,4.35,7.36,0.89,294.79
T0003317,O0001106,INV0001659,IL0003317,2026-02-03,2026-02-03,C00321,P0126,SO03,BU2,R01,USD,1124,1066.34,105.22,955.52,27.95,12.95,35.3,28.8,783.3
T0003318,O0001106,INV0001659,IL0003318,2025-02-27,2025-02-27,C00448,P0046,SO04,BU1,R04,USD,323,831.63,64.38,761.82,14.28,15.85,24.7,0.75,596.44
T0003319,O0001107,INV0001660,IL0003319,2025-03-20,2025-03-20,C00410,P0018,SO01,BU1,R01,USD,960,2110.46,130.12,1992.82,23.73,19.61,55.82,48.27,1028.11
T0003320,O0001107,INV0001660,IL0003320,2025-02-01,2025-02-01,C00431,P0109,SO04,BU2,R04,USD,920,397.16,21.48,371.19,2.79,4.86,3.16,19.85,204.21
T0003321,O0001107,INV0001661,IL0003321,2025-09-18,2025-09-18,C00234,P0148,SO01,BU3,R01,USD,740,637.95,51.7,572.84,3.27,32.25,22.11,11.74,430.36
T0003322,O0001108,INV0001661,IL0003322,2026-08-16,2026-08-16,C00092,P0041,SO01,BU1,R02,USD,378,580.38,38.97,535.64,9.56,11.38,15.17,21.99,286.31
T0003323,O0001108,INV0001662,IL0003323,2026-11-28,2026-11-28,C00182,P0036,SO04,BU4,R03,USD,912,2289.76,125.37,2091.65,8.26,102.68,38.2,48.93,1374.84
T0003324,O0001108,INV0001662,IL0003324,2025-02-16,2025-02-16,C00436,P0084,SO02,BU2,R02,USD,987,2118.99,209.11,1864.72,8.64,87.39,50.87,78.42,1154.58
T0003325,O0001109,INV0001663,IL0003325,2025-09-02,2025-09-02,C00028,P0064,SO01,BU2,R02,USD,758,229.22,17.32,208.45,3.34,7.57,7.46,3.5,160.62
T0003326,O0001109,INV0001663,IL0003326,2025-08-24,2025-08-24,C00259,P0073,SO05,BU2,R02,USD,106,233.8,21.78,198.64,6.82,8.73,2.17,4.93,154.28
T0003327,O0001109,INV0001664,IL0003327,2025-08-04,2025-08-04,C00306,P0150,SO04,BU3,R01,USD,554,328.02,23.99,283.53,7.45,13.3,0.25,0.52,178.09
T0003328,O0001110,INV0001664,IL0003328,2026-02-25,2026-02-25,C00328,P0066,SO04,BU4,R04,USD,598,996.39,65.3,875.79,24.79,32.38,1.87,1.25,567.35
T0003329,O0001110,INV0001665,IL0003329,2025-02-28,2025-02-28,C00387,P0070,SO02,BU1,R02,USD,1024,1990.96,66.61,1932.57,1.66,34.49,44.37,63.12,1463.69
T0003330,O0001110,INV0001665,IL0003330,2025-06-24,2025-06-24,C00054,P0016,SO05,BU4,R03,USD,116,170.57,4.93,160.63,2.41,6.48,3.88,5.3,114.91
T0003331,O0001111,INV0001666,IL0003331,2026-05-12,2026-05-12,C00482,P0065,SO01,BU1,R01,USD,70,50.06,1.28,47.33,0.59,1.87,1.01,3.14,27.91
T0003332,O0001111,INV0001666,IL0003332,2026-02-10,2026-02-10,C00169,P0125,SO02,BU3,R01,USD,990,954.76,26.56,897.75,10.84,19.8,0.19,24.74,494.4
T0003333,O0001111,INV0001667,IL0003333,2025-03-01,2025-03-01,C00393,P0075,SO01,BU4,R01,USD,549,250.56,0.17,253.95,0.79,0.02,4.37,8.91,161.96
T0003334,O0001112,INV0001667,IL0003334,2025-06-07,2025-06-07,C00183,P0034,SO03,BU2,R04,USD,587,113.11,2.44,109.38,0.84,2.27,1.82,4.65,58.62
T0003335,O0001112,INV0001668,IL0003335,2026-12-27,2026-12-27,C00169,P0124,SO05,BU3,R01,USD,774,412.93,37.91,372.48,5.19,6.58,9.23,17.38,204.14
T0003336,O0001112,INV0001668,IL0003336,2025-04-12,2025-04-12,C00219,P0051,SO03,BU1,R02,USD,972,1532.94,70.51,1419.16,6.87,70.34,33.94,24.25,842.47
T0003337,O0001113,INV0001669,IL0003337,2026-01-30,2026-01-30,C00454,P0069,SO01,BU2,R03,USD,1065,845.82,51.87,774.98,0.29,44.49,25.81,32.52,490.75
T0003338,O0001113,INV0001669,IL0003338,2025-05-19,2025-05-19,C00380,P0102,SO02,BU2,R02,USD,1078,2074.83,203.68,1837.34,11.71,68.48,46.38,30.45,1267.8
T0003339,O0001113,INV0001670,IL0003339,2026-12-23,2026-12-23,C00443,P0008,SO03,BU3,R02,USD,182,156.17,12.64,137.9,2.29,6.18,2.84,7.02,89.35
T0003340,O0001114,INV0001670,IL0003340,2025-07-26,2025-07-26,C00345,P0116,SO05,BU3,R01,USD,85,77.82,4.58,70.63,1.44,2.47,1.3,2.98,48.99
T0003341,O0001114,INV0001671,IL0003341,2026-01-09,2026-01-09,C00422,P0100,SO01,BU3,R03,USD,1187,1732.66,78.09,1678.33,31.69,8.97,64.42,90.85,1153.48
T0003342,O0001114,INV0001671,IL0003342,2025-09-14,2025-09-14,C00011,P0088,SO01,BU4,R02,USD,431,1123.1,45.09,1006.84,30.46,45.05,4.34,60.98,555.18
T0003343,O0001115,INV0001672,IL0003343,2025-01-21,2025-01-21,C00151,P0029,SO01,BU4,R04,USD,652,864.75,55.27,814.46,23.1,1.51,29.59,45.9,635.88
T0003344,O0001115,INV0001672,IL0003344,2026-12-03,2026-12-03,C00258,P0130,SO05,BU3,R01,USD,939,2179.42,147.64,1944.66,27.74,110.66,51.28,68.92,1282.41
T0003345,O0001115,INV0001673,IL0003345,2025-07-05,2025-07-05,C00119,P0106,SO03,BU4,R04,USD,641,1421.55,16.88,1351.26,11.25,67.16,25.0,67.52,903.62
T0003346,O0001116,INV0001673,IL0003346,2026-04-06,2026-04-06,C00478,P0029,SO05,BU1,R03,USD,798,841.81,40.16,777.72,4.04,38.52,18.63,41.93,437.91
T0003347,O0001116,INV0001674,IL0003347,2025-05-01,2025-05-01,C00086,P0126,SO03,BU2,R03,USD,1103,1697.19,154.75,1525.9,8.38,53.9,45.74,93.91,845.06
T0003348,O0001116,INV0001674,IL0003348,2025-01-27,2025-01-27,C00327,P0136,SO05,BU2,R04,USD,214,449.36,15.62,416.77,13.47,19.24,15.74,20.81,240.01
T0003349,O0001117,INV0001675,IL0003349,2025-03-05,2025-03-05,C00362,P0072,SO02,BU3,R01,USD,943,2433.79,49.46,2335.64,38.67,49.31,39.29,80.61,1504.87
T0003350,O0001117,INV0001675,IL0003350,2025-05-07,2025-05-07,C00223,P0066,SO04,BU1,R04,USD,1131,2347.62,198.94,2090.61,19.08,39.44,0.45,39.77,1617.46
T0003351,O0001117,INV0001676,IL0003351,2026-04-01,2026-04-01,C00190,P0106,SO02,BU2,R03,USD,315,257.23,22.16,227.05,0.95,10.28,3.21,7.07,179.33
T0003352,O0001118,INV0001676,IL0003352,2026-09-14,2026-09-14,C00249,P0041,SO04,BU3,R01,USD,851,1343.9,21.68,1303.76,29.55,37.2,48.29,27.88,926.97
T0003353,O0001118,INV0001677,IL0003353,2026-04-10,2026-04-10,C00474,P0053,SO04,BU1,R01,USD,539,1528.82,108.73,1340.51,26.41,62.29,9.12,10.78,1103.6
T0003354,O0001118,INV0001677,IL0003354,2026-10-20,2026-10-20,C00471,P0123,SO02,BU3,R04,USD,851,1079.92,88.99,995.78,10.42,16.38,31.65,62.83,629.1
T0003355,O0001119,INV0001678,IL0003355,2026-04-18,2026-04-18,C00429,P0144,SO03,BU4,R03,USD,1001,2611.71,237.73,2363.6,65.78,46.34,101.74,23.64,1798.32
T0003356,O0001119,INV0001678,IL0003356,2026-10-26,2026-10-26,C00366,P0015,SO04,BU2,R03,USD,1024,1440.87,80.44,1364.45,8.43,31.8,44.25,27.65,734.71
T0003357,O0001119,INV0001679,IL0003357,2025-08-18,2025-08-18,C00359,P0006,SO04,BU1,R04,USD,135,371.41,5.86,345.84,4.2,16.2,0.69,21.8,190.85
T0003358,O0001120,INV0001679,IL0003358,2026-02-23,2026-02-23,C00350,P0102,SO01,BU4,R03,USD,962,1077.63,51.76,1010.3,32.32,25.95,42.7,40.71,783.2
T0003359,O0001120,INV0001680,IL0003359,2026-12-25,2026-12-25,C00377,P0120,SO04,BU4,R01,USD,909,1207.15,89.48,1117.09,11.8,27.25,38.47,78.16,679.36
T0003360,O0001120,INV0001680,IL0003360,2026-04-15,2026-04-15,C00081,P0146,SO05,BU4,R01,USD,58,116.92,2.46,116.14,1.92,0.65,4.25,3.23,69.45
T0003361,O0001121,INV0001681,IL0003361,2025-06-21,2025-06-21,C00435,P0113,SO02,BU2,R02,USD,304,653.93,20.4,626.37,18.65,14.25,25.74,2.93,356.39
T0003362,O0001121,INV0001681,IL0003362,2026-06-07,2026-06-07,C00159,P0108,SO04,BU1,R04,USD,998,515.67,21.58,480.06,12.78,10.89,9.64,5.3,376.22
T0003363,O0001121,INV0001682,IL0003363,2026-11-01,2026-11-01,C00023,P0053,SO04,BU2,R04,USD,53,64.84,5.89,56.4,0.62,2.84,0.91,0.73,43.16
T0003364,O0001122,INV0001682,IL0003364,2025-03-08,2025-03-08,C00122,P0066,SO01,BU1,R01,USD,975,764.99,66.18,664.53,3.55,32.43,1.7,20.09,541.54
T0003365,O0001122,INV0001683,IL0003365,2026-03-26,2026-03-26,C00223,P0104,SO01,BU3,R04,USD,596,1151.17,37.33,1084.33,25.41,11.32,7.22,8.65,865.75
T0003366,O0001122,INV0001683,IL0003366,2026-02-26,2026-02-26,C00290,P0072,SO03,BU4,R01,USD,695,540.15,9.0,513.09,15.66,22.14,19.74,23.9,329.81
T0003367,O0001123,INV0001684,IL0003367,2026-01-10,2026-01-10,C00284,P0018,SO03,BU4,R02,USD,1073,284.88,9.48,275.98,1.92,1.81,4.31,16.56,201.07
T0003368,O0001123,INV0001684,IL0003368,2026-11-01,2026-11-01,C00287,P0099,SO05,BU2,R04,USD,740,789.65,29.4,737.83,9.68,13.69,0.95,37.97,381.49
T0003369,O0001123,INV0001685,IL0003369,2026-11-13,2026-11-13,C00188,P0128,SO01,BU1,R02,USD,755,2079.19,32.53,2016.65,59.02,4.13,33.14,112.63,1284.85
T0003370,O0001124,INV0001685,IL0003370,2025-10-24,2025-10-24,C00048,P0033,SO02,BU3,R04,USD,713,1895.72,111.22,1677.43,47.62,100.86,41.41,20.35,1140.32
T0003371,O0001124,INV0001686,IL0003371,2025-11-22,2025-11-22,C00288,P0102,SO05,BU4,R04,USD,318,799.55,19.71,788.69,10.34,1.54,20.73,19.09,458.72
T0003372,O0001124,INV0001686,IL0003372,2026-01-10,2026-01-10,C00045,P0124,SO04,BU3,R03,USD,924,1880.43,68.3,1808.52,48.85,20.76,66.0,42.36,1034.48
T0003373,O0001125,INV0001687,IL0003373,2025-03-10,2025-03-10,C00428,P0045,SO05,BU3,R02,USD,415,370.68,32.19,332.28,8.98,6.81,9.58,14.52,247.37
T0003374,O0001125,INV0001687,IL0003374,2026-05-20,2026-05-20,C00217,P0041,SO04,BU4,R01,USD,414,1111.26,46.33,1061.76,2.97,16.94,16.74,69.75,632.93
T0003375,O0001125,INV0001688,IL0003375,2026-03-18,2026-03-18,C00395,P0086,SO03,BU4,R02,USD,319,749.36,9.55,740.18,15.18,10.79,26.34,38.42,454.04
T0003376,O0001126,INV0001688,IL0003376,2026-06-07,2026-06-07,C00049,P0001,SO04,BU4,R01,USD,562,893.47,9.66,868.42,15.62,21.76,21.99,2.65,562.77
T0003377,O0001126,INV0001689,IL0003377,2026-07-23,2026-07-23,C00308,P0065,SO03,BU4,R02,USD,926,2065.63,195.9,1820.01,34.32,86.83,71.43,93.42,1412.22
T0003378,O0001126,INV0001689,IL0003378,2025-05-03,2025-05-03,C00415,P0035,SO03,BU1,R04,USD,1065,504.38,38.03,457.31,9.1,0.23,0.29,10.36,362.38
T0003379,O0001127,INV0001690,IL0003379,2026-07-09,2026-07-09,C00413,P0004,SO01,BU3,R03,USD,1050,306.18,3.7,307.4,0.15,3.65,8.72,21.39,149.12
T0003380,O0001127,INV0001690,IL0003380,2026-07-21,2026-07-21,C00430,P0029,SO02,BU2,R03,USD,704,834.73,79.21,723.33,5.54,43.95,17.3,21.88,593.17
T0003381,O0001127,INV0001691,IL0003381,2026-08-29,2026-08-29,C00303,P0010,SO01,BU2,R04,USD,226,510.08,50.99,449.52,1.49,19.68,11.6,28.0,304.54
T0003382,O0001128,INV0001691,IL0003382,2026-10-14,2026-10-14,C00039,P0042,SO05,BU2,R04,USD,890,2448.12,203.06,2179.91,56.98,19.41,11.24,110.49,1658.8
T0003383,O0001128,INV0001692,IL0003383,2025-12-22,2025-12-22,C00290,P0135,SO02,BU3,R01,USD,822,1854.02,9.56,1809.45,45.51,27.27,37.77,106.29,1180.64
T0003384,O0001128,INV0001692,IL0003384,2026-08-22,2026-08-22,C00462,P0083,SO05,BU4,R03,USD,163,398.06,15.48,372.94,10.29,3.25,3.9,22.02,199.88
T0003385,O0001129,INV0001693,IL0003385,2026-03-20,2026-03-20,C00190,P0107,SO02,BU4,R03,USD,1024,2140.36,186.58,1901.07,48.74,46.0,42.03,68.17,1543.14
T0003386,O0001129,INV0001693,IL0003386,2025-04-09,2025-04-09,C00109,P0006,SO05,BU2,R03,USD,1186,2188.29,185.87,1920.81,19.91,111.58,49.88,39.09,1512.25
T0003387,O0001129,INV0001694,IL0003387,2025-04-13,2025-04-13,C00204,P0070,SO02,BU4,R02,USD,90,143.16,2.06,135.67,3.11,7.34,5.02,8.43,76.33
T0003388,O0001130,INV0001694,IL0003388,2025-05-11,2025-05-11,C00434,P0058,SO01,BU1,R01,USD,976,2771.64,275.28,2334.1,74.28,149.24,61.26,41.61,1710.03
T0003389,O0001130,INV0001695,IL0003389,2025-07-10,2025-07-10,C00212,P0026,SO02,BU3,R02,USD,1174,1352.57,113.59,1188.26,31.62,36.45,17.35,41.92,799.53
T0003390,O0001130,INV0001695,IL0003390,2025-01-14,2025-01-14,C00353,P0083,SO02,BU1,R01,USD,419,720.47,22.5,667.23,20.84,20.53,10.63,43.23,473.62
T0003391,O0001131,INV0001696,IL0003391,2025-05-25,2025-05-25,C00346,P0122,SO02,BU1,R01,USD,1096,1229.93,67.12,1104.86,18.82,39.88,0.75,28.84,801.1
T0003392,O0001131,INV0001696,IL0003392,2026-09-20,2026-09-20,C00101,P0046,SO02,BU4,R03,USD,859,2012.89,191.6,1796.24,26.3,18.07,19.32,10.42,1269.9
T0003393,O0001131,INV0001697,IL0003393,2025-06-28,2025-06-28,C00241,P0088,SO03,BU4,R01,USD,530,269.13,5.54,257.96,5.97,10.42,10.76,11.46,201.92
T0003394,O0001132,INV0001697,IL0003394,2026-04-27,2026-04-27,C00428,P0144,SO02,BU2,R02,USD,339,880.25,68.96,780.19,21.7,40.88,31.48,47.02,426.89
T0003395,O0001132,INV0001698,IL0003395,2026-05-25,2026-05-25,C00042,P0007,SO04,BU2,R01,USD,276,465.34,16.89,439.47,12.76,3.42,7.2,8.81,322.18
T0003396,O0001132,INV0001698,IL0003396,2026-04-11,2026-04-11,C00115,P0094,SO02,BU3,R02,USD,578,251.37,22.13,221.01,4.85,9.63,6.25,3.36,122.81
T0003397,O0001133,INV0001699,IL0003397,2025-09-02,2025-09-02,C00377,P0032,SO02,BU1,R01,USD,893,2158.74,161.56,1887.9,62.58,101.72,55.02,55.77,1573.21
T0003398,O0001133,INV0001699,IL0003398,2026-05-14,2026-05-14,C00492,P0066,SO01,BU4,R02,USD,997,1898.89,25.78,1779.41,2.95,96.79,6.04,36.78,1375.36
T0003399,O0001133,INV0001700,IL0003399,2026-07-19,2026-07-19,C00118,P0131,SO04,BU1,R03,USD,515,1112.55,94.14,1015.31,5.79,1.09,3.78,33.32,704.19
T0003400,O0001134,INV0001700,IL0003400,2026-05-03,2026-05-03,C00403,P0089,SO03,BU4,R02,USD,395,984.93,73.57,904.13,8.35,7.22,8.34,38.98,535.09
T0003401,O0001134,INV0001701,IL0003401,2025-05-18,2025-05-18,C00136,P0033,SO02,BU4,R04,USD,1018,1479.46,113.91,1351.17,20.24,20.53,26.39,15.59,850.6
T0003402,O0001134,INV0001701,IL0003402,2025-04-20,2025-04-20,C00338,P0134,SO02,BU1,R01,USD,715,485.13,4.84,461.16,13.47,14.04,8.38,22.95,237.6
T0003403,O0001135,INV0001702,IL0003403,2025-07-14,2025-07-14,C00272,P0059,SO04,BU3,R04,USD,821,1707.43,91.22,1561.31,27.76,47.47,20.33,1.73,1207.45
T0003404,O0001135,INV0001702,IL0003404,2026-11-15,2026-11-15,C00147,P0119,SO01,BU3,R02,USD,1157,970.03,64.35,895.25,23.04,16.6,29.21,24.02,480.82
T0003405,O0001135,INV0001703,IL0003405,2026-12-20,2026-12-20,C00488,P0063,SO04,BU3,R04,USD,373,591.21,14.27,587.16,11.44,1.77,23.43,12.76,438.35
T0003406,O0001136,INV0001703,IL0003406,2025-03-25,2025-03-25,C00437,P0108,SO01,BU4,R03,USD,603,771.06,76.12,682.2,14.92,22.28,24.46,36.37,482.34
T0003407,O0001136,INV0001704,IL0003407,2026-06-14,2026-06-14,C00404,P0112,SO02,BU3,R02,USD,858,1864.09,14.62,1824.14,12.57,58.87,46.11,81.37,1046.43
T0003408,O0001136,INV0001704,IL0003408,2026-08-23,2026-08-23,C00070,P0017,SO04,BU4,R03,USD,1157,1244.12,54.52,1185.59,8.57,43.28,47.84,51.35,615.17
T0003409,O0001137,INV0001705,IL0003409,2026-04-17,2026-04-17,C00110,P0127,SO01,BU4,R03,USD,1179,1542.25,61.85,1429.65,9.1,77.64,35.99,35.33,1121.73
T0003410,O0001137,INV0001705,IL0003410,2026-07-31,2026-07-31,C00484,P0127,SO05,BU3,R02,USD,1177,481.75,23.06,462.23,9.06,4.07,16.67,1.42,249.47
T0003411,O0001137,INV0001706,IL0003411,2026-10-23,2026-10-23,C00064,P0006,SO01,BU1,R04,USD,209,451.88,8.04,426.94,11.08,16.6,10.78,9.56,266.89
T0003412,O0001138,INV0001706,IL0003412,2025-11-26,2025-11-26,C00251,P0083,SO04,BU3,R02,USD,706,330.06,28.62,287.48,7.6,13.82,7.46,1.98,195.17
T0003413,O0001138,INV0001707,IL0003413,2026-12-16,2026-12-16,C00402,P0004,SO02,BU1,R01,USD,26,4.79,0.13,4.47,0.14,0.14,0.09,0.05,2.55
T0003414,O0001138,INV0001707,IL0003414,2025-06-28,2025-06-28,C00248,P0076,SO04,BU3,R04,USD,817,1070.92,75.37,996.02,4.13,17.52,22.12,66.22,769.96
T0003415,O0001139,INV0001708,IL0003415,2025-12-20,2025-12-20,C00059,P0117,SO04,BU4,R02,USD,961,571.41,18.96,563.34,3.09,6.82,20.8,37.19,307.18
T0003416,O0001139,INV0001708,IL0003416,2025-12-02,2025-12-02,C00119,P0111,SO05,BU3,R04,USD,774,1535.31,104.38,1445.52,22.92,17.96,55.47,13.16,1075.28
T0003417,O0001139,INV0001709,IL0003417,2025-12-09,2025-12-09,C00273,P0124,SO01,BU3,R01,USD,108,79.08,0.55,76.39,0.71,2.81,1.38,0.01,40.0
T0003418,O0001140,INV0001709,IL0003418,2026-05-04,2026-05-04,C00039,P0047,SO02,BU1,R04,USD,71,193.93,8.01,174.51,5.47,10.57,4.63,3.23,119.22
T0003419,O0001140,INV0001710,IL0003419,2026-02-08,2026-02-08,C00202,P0106,SO05,BU4,R01,USD,1028,2470.08,67.42,2367.24,11.23,114.75,90.56,19.84,1247.96
T0003420,O0001140,INV0001710,IL0003420,2025-06-24,2025-06-24,C00149,P0059,SO02,BU4,R03,USD,808,1058.4,69.48,925.67,7.78,57.6,2.13,49.06,553.56
T0003421,O0001141,INV0001711,IL0003421,2026-02-01,2026-02-01,C00477,P0147,SO02,BU4,R03,USD,305,774.46,25.24,719.28,10.35,31.35,11.76,36.72,416.6
T0003422,O0001141,INV0001711,IL0003422,2026-05-01,2026-05-01,C00497,P0144,SO03,BU3,R01,USD,123,239.28,4.21,224.39,4.94,8.59,2.85,6.06,145.76
T0003423,O0001141,INV0001712,IL0003423,2026-03-02,2026-03-02,C00384,P0019,SO01,BU2,R04,USD,785,326.09,19.87,297.63,6.25,10.9,8.56,4.93,217.71
T0003424,O0001142,INV0001712,IL0003424,2026-08-10,2026-08-10,C00203,P0046,SO05,BU3,R02,USD,693,854.61,25.48,783.94,5.72,40.78,1.31,34.55,486.39
T0003425,O0001142,INV0001713,IL0003425,2025-12-11,2025-12-11,C00202,P0103,SO02,BU3,R01,USD,43,14.82,0.58,13.56,0.17,0.58,0.07,0.34,11.22
T0003426,O0001142,INV0001713,IL0003426,2025-03-21,2025-03-21,C00200,P0067,SO02,BU2,R04,USD,922,1422.46,123.77,1242.33,41.18,63.36,48.18,26.13,704.88
T0003427,O0001143,INV0001714,IL0003427,2026-05-29,2026-05-29,C00056,P0024,SO02,BU3,R04,USD,755,1678.29,149.7,1481.67,9.84,86.05,48.97,103.05,1157.37
T0003428,O0001143,INV0001714,IL0003428,2026-10-09,2026-10-09,C00127,P0107,SO02,BU4,R04,USD,337,495.02,31.12,445.92,2.42,21.83,6.27,12.25,341.47
T0003429,O0001143,INV0001715,IL0003429,2026-04-17,2026-04-17,C00241,P0016,SO01,BU3,R01,USD,748,730.2,43.28,672.39,15.65,1.48,2.6,27.67,387.74
T0003430,O0001144,INV0001715,IL0003430,2026-09-12,2026-09-12,C00197,P0025,SO01,BU3,R03,USD,608,1251.99,22.92,1167.75,30.88,32.93,2.49,20.21,645.58
T0003431,O0001144,INV0001716,IL0003431,2026-12-14,2026-12-14,C00423,P0027,SO02,BU3,R04,USD,273,334.21,19.11,305.83,4.72,4.81,0.26,9.3,166.44
T0003432,O0001144,INV0001716,IL0003432,2026-07-13,2026-07-13,C00433,P0138,SO05,BU2,R01,USD,165,188.17,9.07,174.97,3.91,7.68,7.46,2.12,118.05
T0003433,O0001145,INV0001717,IL0003433,2026-10-03,2026-10-03,C00331,P0096,SO03,BU3,R02,USD,733,1690.74,127.29,1538.84,23.99,61.97,61.35,64.63,970.62
T0003434,O0001145,INV0001717,IL0003434,2025-06-08,2025-06-08,C00113,P0095,SO02,BU4,R01,USD,275,556.71,17.99,551.75,8.19,0.79,22.01,0.22,335.37
T0003435,O0001145,INV0001718,IL0003435,2026-11-14,2026-11-14,C00078,P0038,SO03,BU2,R03,USD,373,673.0,14.99,632.69,4.76,35.18,14.62,27.13,405.73
T0003436,O0001146,INV0001718,IL0003436,2025-04-17,2025-04-17,C00192,P0050,SO02,BU4,R04,USD,849,833.63,78.63,742.64,10.27,30.45,28.36,21.44,516.58
T0003437,O0001146,INV0001719,IL0003437,2026-11-24,2026-11-24,C00185,P0083,SO02,BU2,R01,USD,941,1889.06,169.42,1696.73,13.91,78.77,69.77,65.4,971.76
T0003438,O0001146,INV0001719,IL0003438,2025-12-28,2025-12-28,C00372,P0013,SO02,BU1,R02,USD,1128,350.92,18.94,325.86,3.33,14.28,11.49,17.11,261.0
T0003439,O0001147,INV0001720,IL0003439,2026-11-25,2026-11-25,C00174,P0139,SO04,BU4,R03,USD,34,35.18,0.04,34.17,0.0,1.75,0.78,1.01,23.59
T0003440,O0001147,INV0001720,IL0003440,2026-09-01,2026-09-01,C00252,P0067,SO04,BU1,R02,USD,1033,1386.39,81.56,1264.88,18.57,61.86,40.48,33.37,1036.1
T0003441,O0001147,INV0001721,IL0003441,2026-01-29,2026-01-29,C00403,P0076,SO03,BU1,R02,USD,686,567.18,12.44,542.04,5.11,13.86,6.27,36.96,363.42
T0003442,O0001148,INV0001721,IL0003442,2025-07-23,2025-07-23,C00488,P0123,SO04,BU3,R04,USD,312,186.3,16.12,158.15,3.87,9.43,1.27,10.24,95.39
T0003443,O0001148,INV0001722,IL0003443,2025-12-20,2025-12-20,C00001,P0047,SO02,BU3,R01,USD,1003,957.66,52.62,911.6,18.35,12.9,37.81,61.49,473.16
T0003444,O0001148,INV0001722,IL0003444,2025-04-29,2025-04-29,C00308,P0075,SO01,BU1,R02,USD,664,1729.79,0.68,1634.88,24.56,71.5,1.83,104.04,1061.91
T0003445,O0001149,INV0001723,IL0003445,2026-08-01,2026-08-01,C00219,P0042,SO05,BU4,R02,USD,165,148.5,14.1,136.06,2.17,1.93,5.76,5.45,86.98
T0003446,O0001149,INV0001723,IL0003446,2025-11-21,2025-11-21,C00298,P0030,SO05,BU4,R01,USD,1150,493.01,37.04,436.93,7.17,19.54,7.67,18.78,287.01
T0003447,O0001149,INV0001724,IL0003447,2026-10-24,2026-10-24,C00271,P0135,SO02,BU4,R04,USD,1083,1497.36,44.84,1383.43,33.58,56.25,20.74,35.08,993.17
T0003448,O0001150,INV0001724,IL0003448,2025-04-30,2025-04-30,C00126,P0029,SO05,BU4,R03,USD,1106,946.74,24.85,892.36,27.21,37.64,35.32,27.18,471.54
T0003449,O0001150,INV0001725,IL0003449,2026-08-02,2026-08-02,C00164,P0047,SO01,BU3,R02,USD,990,841.6,40.12,779.48,7.01,20.3,5.31,27.7,437.34
T0003450,O0001150,INV0001725,IL0003450,2026-06-12,2026-06-12,C00234,P0114,SO02,BU4,R01,USD,795,2058.73,14.97,1996.92,52.94,70.3,76.4,116.39,1423.96
T0003451,O0001151,INV0001726,IL0003451,2026-04-26,2026-04-26,C00171,P0096,SO01,BU4,R02,USD,1111,2716.51,60.02,2479.75,59.53,121.61,4.4,159.37,1896.43
T0003452,O0001151,INV0001726,IL0003452,2025-11-28,2025-11-28,C00302,P0004,SO01,BU3,R03,USD,597,666.43,7.55,652.18,4.6,11.81,9.71,33.3,325.94
T0003453,O0001151,INV0001727,IL0003453,2025-03-10,2025-03-10,C00293,P0058,SO04,BU1,R03,USD,630,1670.26,48.51,1613.14,6.3,60.42,58.11,15.21,849.96
T0003454,O0001152,INV0001727,IL0003454,2026-09-17,2026-09-17,C00120,P0064,SO02,BU2,R04,USD,842,907.42,18.35,881.37,23.88,9.72,25.9,29.14,591.19
T0003455,O0001152,INV0001728,IL0003455,2026-08-23,2026-08-23,C00344,P0139,SO01,BU1,R04,USD,1178,1457.42,118.13,1265.73,22.03,58.53,7.0,0.01,864.16
T0003456,O0001152,INV0001728,IL0003456,2026-05-17,2026-05-17,C00287,P0126,SO01,BU3,R04,USD,973,1485.09,127.65,1321.9,6.52,57.3,28.28,78.83,791.99
T0003457,O0001153,INV0001729,IL0003457,2026-03-12,2026-03-12,C00127,P0013,SO04,BU3,R04,USD,970,1354.7,78.71,1235.97,33.04,54.0,47.02,35.64,970.98
T0003458,O0001153,INV0001729,IL0003458,2026-08-06,2026-08-06,C00256,P0146,SO01,BU4,R04,USD,1040,2437.55,226.68,2106.97,71.38,106.04,73.52,43.12,1638.31
T0003459,O0001153,INV0001730,IL0003459,2026-01-08,2026-01-08,C00339,P0012,SO05,BU3,R02,USD,297,529.73,8.32,504.34,9.69,28.35,20.97,0.96,368.98
T0003460,O0001154,INV0001730,IL0003460,2025-03-25,2025-03-25,C00009,P0114,SO05,BU4,R01,USD,483,1003.43,69.21,928.16,4.44,19.63,18.01,18.82,526.13
T0003461,O0001154,INV0001731,IL0003461,2025-09-01,2025-09-01,C00009,P0086,SO05,BU4,R01,USD,633,1247.52,92.05,1154.14,15.92,8.31,22.9,47.19,710.41
T0003462,O0001154,INV0001731,IL0003462,2026-03-29,2026-03-29,C00085,P0072,SO01,BU3,R03,USD,1143,482.12,42.39,414.76,11.38,22.47,8.88,14.69,236.05
T0003463,O0001155,INV0001732,IL0003463,2026-05-28,2026-05-28,C00156,P0002,SO01,BU4,R02,USD,684,1423.13,108.84,1242.43,29.49,63.12,20.75,29.46,978.63
T0003464,O0001155,INV0001732,IL0003464,2026-10-04,2026-10-04,C00245,P0037,SO04,BU2,R03,USD,1078,818.42,50.68,748.25,9.11,34.63,24.25,18.29,615.98
T0003465,O0001155,INV0001733,IL0003465,2025-07-14,2025-07-14,C00437,P0012,SO04,BU2,R03,USD,860,1184.48,7.68,1183.67,4.57,6.95,18.39,37.28,648.92
T0003466,O0001156,INV0001733,IL0003466,2025-01-29,2025-01-29,C00424,P0047,SO01,BU4,R04,USD,1076,2885.19,64.74,2730.95,49.26,129.21,88.97,187.06,1475.08
T0003467,O0001156,INV0001734,IL0003467,2026-08-11,2026-08-11,C00088,P0080,SO03,BU3,R04,USD,466,672.58,32.25,626.01,0.05,32.79,18.52,36.32,429.5
T0003468,O0001156,INV0001734,IL0003468,2026-06-26,2026-06-26,C00191,P0136,SO02,BU3,R04,USD,78,99.01,2.58,95.99,2.74,1.11,3.41,5.13,69.1
T0003469,O0001157,INV0001735,IL0003469,2025-05-07,2025-05-07,C00217,P0114,SO01,BU2,R01,USD,417,671.54,28.58,638.55,13.43,1.7,10.72,44.51,412.73
T0003470,O0001157,INV0001735,IL0003470,2025-12-25,2025-12-25,C00289,P0092,SO05,BU3,R01,USD,508,1088.39,82.0,989.82,10.68,6.02,0.13,52.47,809.94
T0003471,O0001157,INV0001736,IL0003471,2026-11-17,2026-11-17,C00455,P0114,SO01,BU4,R04,USD,277,311.51,0.37,315.43,0.37,5.62,10.28,14.37,214.83
T0003472,O0001158,INV0001736,IL0003472,2026-05-30,2026-05-30,C00281,P0017,SO01,BU1,R01,USD,1117,2920.84,235.4,2654.85,46.32,24.3,40.03,140.51,1814.07
T0003473,O0001158,INV0001737,IL0003473,2026-04-29,2026-04-29,C00323,P0039,SO02,BU2,R02,USD,1088,257.64,7.42,238.98,0.88,11.24,0.88,7.81,127.94
T0003474,O0001158,INV0001737,IL0003474,2025-11-07,2025-11-07,C00297,P0063,SO04,BU4,R01,USD,841,1002.39,52.42,937.09,3.58,42.26,32.96,41.67,505.28
T0003475,O0001159,INV0001738,IL0003475,2026-10-07,2026-10-07,C00196,P0112,SO03,BU3,R02,USD,483,922.48,1.54,892.8,7.62,33.67,13.15,54.48,453.66
T0003476,O0001159,INV0001738,IL0003476,2025-11-16,2025-11-16,C00172,P0142,SO05,BU2,R02,USD,79,214.38,11.87,194.44,0.89,7.38,0.2,7.77,155.37
T0003477,O0001159,INV0001739,IL0003477,2026-11-30,2026-11-30,C00020,P0099,SO05,BU2,R02,USD,640,1181.18,39.22,1111.21,23.0,48.02,40.27,39.38,781.77
T0003478,O0001160,INV0001739,IL0003478,2025-02-11,2025-02-11,C00472,P0058,SO03,BU1,R04,USD,442,743.31,29.99,675.9,10.87,35.6,9.05,24.13,424.47
T0003479,O0001160,INV0001740,IL0003479,2025-04-10,2025-04-10,C00249,P0010,SO02,BU1,R01,USD,462,373.94,2.42,366.48,8.56,6.1,9.62,6.98,198.75
T0003480,O0001160,INV0001740,IL0003480,2026-10-14,2026-10-14,C00447,P0105,SO03,BU1,R04,USD,517,1019.58,3.59,1027.35,1.24,1.96,14.56,68.18,658.32
T0003481,O0001161,INV0001741,IL0003481,2026-07-16,2026-07-16,C00010,P0070,SO03,BU2,R01,USD,1123,2597.95,108.37,2330.85,49.25,120.34,10.86,93.87,1254.47
T0003482,O0001161,INV0001741,IL0003482,2025-04-23,2025-04-23,C00379,P0113,SO02,BU2,R02,USD,1166,2014.15,190.38,1757.01,12.73,55.15,1.12,119.13,1299.52
T0003483,O0001161,INV0001742,IL0003483,2026-02-12,2026-02-12,C00497,P0105,SO03,BU2,R01,USD,1158,525.85,46.98,463.3,3.63,18.13,6.19,22.03,341.15
T0003484,O0001162,INV0001742,IL0003484,2026-07-17,2026-07-17,C00050,P0094,SO02,BU2,R01,USD,217,259.81,8.46,240.21,7.23,5.5,1.59,1.88,156.66
T0003485,O0001162,INV0001743,IL0003485,2025-12-24,2025-12-24,C00113,P0108,SO04,BU4,R01,USD,270,366.8,21.77,349.3,4.98,3.47,12.72,23.08,256.85
T0003486,O0001162,INV0001743,IL0003486,2026-08-22,2026-08-22,C00182,P0128,SO04,BU3,R03,USD,642,952.54,34.66,893.63,15.87,33.05,24.67,28.23,621.75
T0003487,O0001163,INV0001744,IL0003487,2026-04-23,2026-04-23,C00463,P0060,SO03,BU4,R04,USD,193,425.56,32.94,396.7,1.2,9.93,15.21,26.04,224.82
T0003488,O0001163,INV0001744,IL0003488,2025-03-26,2025-03-26,C00136,P0065,SO05,BU3,R04,USD,189,486.5,16.2,452.94,12.38,7.02,2.04,8.28,258.77
T0003489,O0001163,INV0001745,IL0003489,2025-12-20,2025-12-20,C00350,P0129,SO05,BU1,R03,USD,858,1846.33,52.77,1761.58,54.62,26.09,48.73,98.42,1320.12
T0003490,O0001164,INV0001745,IL0003490,2025-04-28,2025-04-28,C00428,P0057,SO05,BU3,R02,USD,1152,344.33,20.49,311.0,5.01,8.12,0.29,11.92,183.53
T0003491,O0001164,INV0001746,IL0003491,2025-07-16,2025-07-16,C00228,P0064,SO05,BU4,R02,USD,813,2167.05,159.48,2007.76,20.31,20.69,41.19,99.09,1293.15
T0003492,O0001164,INV0001746,IL0003492,2026-05-13,2026-05-13,C00145,P0031,SO05,BU2,R01,USD,904,793.98,60.57,706.01,6.44,34.79,13.83,17.41,408.67
T0003493,O0001165,INV0001747,IL0003493,2025-10-17,2025-10-17,C00080,P0084,SO02,BU4,R04,USD,709,857.18,47.74,785.89,3.69,44.54,24.68,11.43,610.92
T0003494,O0001165,INV0001747,IL0003494,2025-09-19,2025-09-19,C00481,P0032,SO02,BU4,R01,USD,715,266.91,0.24,258.73,5.34,4.01,1.41,6.56,200.44
T0003495,O0001165,INV0001748,IL0003495,2025-05-25,2025-05-25,C00444,P0124,SO01,BU3,R02,USD,23,26.73,2.41,24.8,0.4,0.09,0.97,0.91,17.67
T0003496,O0001166,INV0001748,IL0003496,2025-06-26,2025-06-26,C00357,P0004,SO05,BU3,R03,USD,330,474.24,7.18,469.51,2.68,8.0,13.13,20.32,252.11
T0003497,O0001166,INV0001749,IL0003497,2026-05-16,2026-05-16,C00272,P0027,SO03,BU4,R04,USD,320,405.09,6.41,398.85,3.01,3.45,6.63,25.57,245.35
T0003498,O0001166,INV0001749,IL0003498,2026-03-16,2026-03-16,C00225,P0075,SO04,BU2,R01,USD,697,1821.82,144.56,1633.62,47.0,58.18,61.54,61.46,1263.34
T0003499,O0001167,INV0001750,IL0003499,2026-04-03,2026-04-03,C00328,P0118,SO05,BU2,R04,USD,319,888.38,25.72,839.6,16.18,9.47,2.59,20.37,530.17
T0003500,O0001167,INV0001750,IL0003500,2026-05-22,2026-05-22,C00081,P0104,SO04,BU2,R01,USD,1043,913.56,74.45,837.56,26.42,0.23,25.1,38.06,497.32
T0003501,O0001167,INV0001751,IL0003501,2026-03-26,2026-03-26,C00331,P0129,SO02,BU3,R02,USD,392,103.8,0.79,101.79,0.38,4.07,3.23,3.45,75.23
T0003502,O0001168,INV0001751,IL0003502,2026-09-04,2026-09-04,C00008,P0088,SO03,BU4,R04,USD,629,182.47,3.78,174.2,3.73,2.22,1.46,9.7,121.01
T0003503,O0001168,INV0001752,IL0003503,2026-11-12,2026-11-12,C00482,P0025,SO02,BU1,R01,USD,42,19.38,0.78,18.47,0.31,0.01,0.19,0.08,10.04
T0003504,O0001168,INV0001752,IL0003504,2025-05-03,2025-05-03,C00447,P0057,SO02,BU1,R04,USD,1092,2635.65,194.41,2366.73,48.6,126.6,100.69,58.58,1318.22
T0003505,O0001169,INV0001753,IL0003505,2026-11-16,2026-11-16,C00458,P0062,SO04,BU3,R01,USD,1001,1634.63,15.41,1577.73,23.77,23.38,5.66,88.74,929.95
T0003506,O0001169,INV0001753,IL0003506,2025-01-23,2025-01-23,C00345,P0097,SO04,BU2,R01,USD,35,53.04,4.49,47.19,0.38,1.11,0.13,3.14,31.36
T0003507,O0001169,INV0001754,IL0003507,2026-02-25,2026-02-25,C00468,P0045,SO05,BU1,R02,USD,646,1604.47,79.33,1542.64,30.76,11.63,59.89,11.31,1201.07
T0003508,O0001170,INV0001754,IL0003508,2026-07-18,2026-07-18,C00357,P0038,SO04,BU2,R03,USD,213,574.5,44.6,496.78,5.81,30.19,2.88,10.05,285.47
T0003509,O0001170,INV0001755,IL0003509,2025-03-21,2025-03-21,C00166,P0123,SO05,BU4,R03,USD,1026,2713.77,4.79,2662.92,11.07,91.81,56.82,186.19,1330.85
T0003510,O0001170,INV0001755,IL0003510,2026-05-05,2026-05-05,C00329,P0091,SO01,BU2,R01,USD,875,1397.99,58.49,1260.4,15.69,75.4,11.99,67.3,887.24
T0003511,O0001171,INV0001756,IL0003511,2026-07-25,2026-07-25,C00477,P0042,SO04,BU4,R03,USD,605,176.72,16.86,159.17,2.5,1.9,3.71,0.92,133.0
T0003512,O0001171,INV0001756,IL0003512,2025-10-15,2025-10-15,C00387,P0051,SO04,BU3,R02,USD,46,32.23,0.03,32.25,0.86,0.27,1.18,1.78,18.55
T0003513,O0001171,INV0001757,IL0003513,2026-11-12,2026-11-12,C00201,P0046,SO03,BU1,R01,USD,91,133.58,8.45,116.94,3.95,6.87,2.63,2.67,83.33
T0003514,O0001172,INV0001757,IL0003514,2026-10-31,2026-10-31,C00230,P0134,SO03,BU2,R03,USD,1094,1996.33,12.6,1957.93,10.08,25.08,9.36,23.86,1142.8
T0003515,O0001172,INV0001758,IL0003515,2026-09-03,2026-09-03,C00402,P0054,SO01,BU2,R01,USD,286,490.49,32.89,439.25,2.57,20.8,5.02,18.22,250.84
T0003516,O0001172,INV0001758,IL0003516,2026-11-24,2026-11-24,C00128,P0141,SO05,BU2,R04,USD,1012,2265.06,83.32,2203.81,15.95,10.63,48.65,55.69,1586.62
T0003517,O0001173,INV0001759,IL0003517,2025-10-02,2025-10-02,C00233,P0140,SO02,BU2,R01,USD,127,184.11,11.58,173.41,4.59,1.76,7.23,2.63,127.22
T0003518,O0001173,INV0001759,IL0003518,2026-02-25,2026-02-25,C00307,P0134,SO03,BU4,R02,USD,989,2402.18,86.35,2223.16,46.02,48.29,1.64,52.32,1712.38
T0003519,O0001173,INV0001760,IL0003519,2025-09-07,2025-09-07,C00277,P0127,SO02,BU4,R03,USD,89,19.25,1.43,16.84,0.43,1.03,0.48,0.22,9.53
T0003520,O0001174,INV0001760,IL0003520,2026-03-31,2026-03-31,C00405,P0038,SO04,BU4,R03,USD,169,388.51,29.76,332.14,11.55,15.1,0.04,5.5,207.47
T0003521,O0001174,INV0001761,IL0003521,2026-01-19,2026-01-19,C00345,P0108,SO04,BU3,R01,USD,871,772.23,8.92,746.95,1.93,17.23,2.8,10.45,504.32
T0003522,O0001174,INV0001761,IL0003522,2025-08-02,2025-08-02,C00168,P0048,SO01,BU1,R04,USD,900,561.78,9.78,546.67,16.38,1.69,12.74,14.84,281.81
T0003523,O0001175,INV0001762,IL0003523,2025-10-10,2025-10-10,C00067,P0099,SO03,BU1,R02,USD,474,377.78,14.32,355.76,3.32,18.79,14.41,0.19,201.46
T0003524,O0001175,INV0001762,IL0003524,2026-05-02,2026-05-02,C00044,P0115,SO04,BU4,R02,USD,614,629.29,57.97,557.79,4.72,11.58,2.77,22.36,419.39
T0003525,O0001175,INV0001763,IL0003525,2025-01-30,2025-01-30,C00284,P0019,SO05,BU4,R02,USD,33,6.44,0.53,5.71,0.16,0.15,0.11,0.25,4.55
T0003526,O0001176,INV0001763,IL0003526,2025-06-11,2025-06-11,C00411,P0107,SO03,BU4,R02,USD,757,1345.11,11.71,1293.28,32.27,17.65,9.8,59.04,686.87
T0003527,O0001176,INV0001764,IL0003527,2025-01-29,2025-01-29,C00077,P0048,SO02,BU1,R03,USD,780,1137.86,11.13,1112.01,13.55,20.44,19.27,45.23,599.87
T0003528,O0001176,INV0001764,IL0003528,2025-07-17,2025-07-17,C00188,P0115,SO05,BU3,R02,USD,918,870.08,57.8,782.54,15.14,17.57,2.97,8.28,499.77
T0003529,O0001177,INV0001765,IL0003529,2026-05-23,2026-05-23,C00443,P0127,SO02,BU4,R02,USD,344,423.6,5.17,398.6,6.7,21.99,8.86,23.55,286.73
T0003530,O0001177,INV0001765,IL0003530,2026-06-21,2026-06-21,C00305,P0030,SO03,BU1,R01,USD,1144,2838.49,28.0,2786.96,82.67,49.53,108.67,50.34,1436.88
T0003531,O0001177,INV0001766,IL0003531,2025-09-27,2025-09-27,C00060,P0041,SO05,BU2,R02,USD,1035,1047.83,38.17,985.15,9.6,24.0,9.09,64.49,771.5
T0003532,O0001178,INV0001766,IL0003532,2026-03-31,2026-03-31,C00039,P0121,SO04,BU1,R04,USD,199,340.47,31.39,298.95,6.97,7.53,4.37,6.64,249.67
T0003533,O0001178,INV0001767,IL0003533,2025-02-24,2025-02-24,C00278,P0091,SO01,BU4,R03,USD,20,13.86,0.01,13.1,0.05,0.75,0.05,0.81,8.57
T0003534,O0001178,INV0001767,IL0003534,2025-04-02,2025-04-02,C00237,P0008,SO03,BU1,R03,USD,223,162.97,14.29,145.06,0.55,6.02,2.95,8.7,102.51
T0003535,O0001179,INV0001768,IL0003535,2026-11-12,2026-11-12,C00488,P0134,SO03,BU3,R04,USD,941,577.21,54.11,500.26,16.71,14.92,8.79,14.77,431.41
T0003536,O0001179,INV0001768,IL0003536,2025-01-13,2025-01-13,C00016,P0017,SO04,BU3,R04,USD,140,274.04,23.35,232.51,7.64,13.73,3.19,6.49,141.51
T0003537,O0001179,INV0001769,IL0003537,2025-02-28,2025-02-28,C00364,P0113,SO03,BU2,R02,USD,314,770.65,5.79,751.61,9.74,11.87,8.36,15.94,518.48
T0003538,O0001180,INV0001769,IL0003538,2026-11-08,2026-11-08,C00363,P0018,SO04,BU4,R02,USD,529,1336.1,63.2,1239.68,35.18,48.42,50.38,78.93,695.38
T0003539,O0001180,INV0001770,IL0003539,2026-06-25,2026-06-25,C00075,P0033,SO03,BU4,R02,USD,137,260.31,23.29,229.08,6.89,1.81,0.76,14.76,130.72
T0003540,O0001180,INV0001770,IL0003540,2025-09-25,2025-09-25,C00205,P0015,SO03,BU4,R03,USD,1071,2499.61,235.32,2260.35,60.66,13.44,70.16,37.67,1629.11
T0003541,O0001181,INV0001771,IL0003541,2026-12-07,2026-12-07,C00217,P0101,SO01,BU3,R01,USD,310,109.31,8.24,99.4,0.94,1.55,0.82,0.69,80.79
T0003542,O0001181,INV0001771,IL0003542,2026-03-20,2026-03-20,C00386,P0070,SO04,BU3,R01,USD,654,134.4,0.45,127.14,1.3,6.07,0.56,1.9,90.52
T0003543,O0001181,INV0001772,IL0003543,2026-10-31,2026-10-31,C00054,P0058,SO05,BU2,R03,USD,880,1903.79,150.35,1638.94,36.14,79.26,0.9,68.68,1178.41
T0003544,O0001182,INV0001772,IL0003544,2026-12-02,2026-12-02,C00024,P0124,SO03,BU2,R04,USD,887,1525.2,104.4,1346.64,14.7,62.72,3.26,72.2,970.15
T0003545,O0001182,INV0001773,IL0003545,2025-08-21,2025-08-21,C00008,P0071,SO04,BU4,R04,USD,670,1254.78,121.33,1117.75,24.04,33.71,42.05,20.93,686.77
T0003546,O0001182,INV0001773,IL0003546,2025-08-17,2025-08-17,C00191,P0121,SO03,BU4,R04,USD,894,1972.79,94.26,1887.6,5.55,46.28,60.9,125.68,1033.24
T0003547,O0001183,INV0001774,IL0003547,2025-09-05,2025-09-05,C00040,P0124,SO01,BU3,R04,USD,109,93.58,0.04,89.83,1.58,2.44,0.31,3.26,64.51
T0003548,O0001183,INV0001774,IL0003548,2026-09-29,2026-09-29,C00204,P0143,SO04,BU3,R02,USD,926,830.9,1.48,806.94,15.46,7.73,0.71,37.12,567.33
T0003549,O0001183,INV0001775,IL0003549,2025-12-29,2025-12-29,C00017,P0090,SO01,BU4,R01,USD,1178,693.72,4.68,666.48,5.55,27.85,10.84,18.51,431.14
T0003550,O0001184,INV0001775,IL0003550,2025-07-30,2025-07-30,C00380,P0045,SO05,BU2,R02,USD,167,220.02,13.98,203.62,0.6,4.19,2.37,10.28,155.66
T0003551,O0001184,INV0001776,IL0003551,2026-10-14,2026-10-14,C00425,P0098,SO01,BU2,R01,USD,1009,1563.14,139.42,1384.47,28.67,43.89,33.31,63.59,1072.31
T0003552,O0001184,INV0001776,IL0003552,2026-02-08,2026-02-08,C00258,P0052,SO03,BU3,R01,USD,261,151.56,10.12,135.1,0.54,7.81,2.01,5.24,78.67
T0003553,O0001185,INV0001777,IL0003553,2025-06-14,2025-06-14,C00108,P0062,SO03,BU3,R02,USD,389,412.07,20.03,401.68,1.69,0.05,11.38,14.6,293.93
T0003554,O0001185,INV0001777,IL0003554,2025-12-19,2025-12-19,C00483,P0110,SO04,BU4,R02,USD,879,568.63,26.19,512.37,1.98,30.18,2.09,6.26,317.41
T0003555,O0001185,INV0001778,IL0003555,2026-10-31,2026-10-31,C00363,P0127,SO02,BU3,R02,USD,304,218.3,14.2,198.92,1.52,5.88,2.22,1.41,160.3
T0003556,O0001186,INV0001778,IL0003556,2025-11-13,2025-11-13,C00370,P0039,SO01,BU1,R01,USD,527,355.36,15.61,329.4,2.54,9.4,1.59,10.5,235.2
T0003557,O0001186,INV0001779,IL0003557,2026-09-25,2026-09-25,C00363,P0074,SO05,BU1,R02,USD,711,223.68,19.22,201.21,2.21,6.97,5.93,4.65,160.41
T0003558,O0001186,INV0001779,IL0003558,2026-10-19,2026-10-19,C00414,P0001,SO04,BU3,R03,USD,755,859.34,72.91,766.45,17.63,23.24,20.89,32.56,645.34
T0003559,O0001187,INV0001780,IL0003559,2026-02-09,2026-02-09,C00152,P0047,SO01,BU4,R04,USD,441,621.41,21.64,594.78,2.78,17.79,15.58,28.35,371.75
T0003560,O0001187,INV0001780,IL0003560,2025-03-15,2025-03-15,C00066,P0150,SO05,BU1,R01,USD,184,150.71,1.56,142.33,2.98,5.28,1.44,1.07,81.1
T0003561,O0001187,INV0001781,IL0003561,2026-05-02,2026-05-02,C00169,P0049,SO02,BU4,R01,USD,100,65.56,1.71,62.3,1.92,1.01,1.38,1.26,45.72
T0003562,O0001188,INV0001781,IL0003562,2025-04-17,2025-04-17,C00088,P0055,SO05,BU1,R04,USD,268,178.01,15.24,158.06,4.84,5.46,5.59,3.56,111.55
T0003563,O0001188,INV0001782,IL0003563,2026-12-22,2026-12-22,C00441,P0122,SO02,BU2,R01,USD,1188,1179.45,68.97,1065.42,29.5,16.12,0.56,26.35,740.11
T0003564,O0001188,INV0001782,IL0003564,2026-03-27,2026-03-27,C00491,P0133,SO02,BU3,R02,USD,992,1815.36,22.49,1789.24,51.73,11.14,59.24,23.27,1247.82
T0003565,O0001189,INV0001783,IL0003565,2026-01-20,2026-01-20,C00333,P0014,SO02,BU1,R03,USD,23,42.05,3.4,38.41,0.26,0.16,0.18,2.49,22.91
T0003566,O0001189,INV0001783,IL0003566,2026-07-11,2026-07-11,C00155,P0070,SO05,BU4,R02,USD,1125,1881.9,145.4,1755.71,13.91,0.32,33.44,79.89,1049.96
T0003567,O0001189,INV0001784,IL0003567,2025-08-25,2025-08-25,C00279,P0032,SO04,BU4,R04,USD,467,1072.79,47.78,986.47,21.6,33.92,16.98,25.29,606.92
T0003568,O0001190,INV0001784,IL0003568,2025-11-12,2025-11-12,C00016,P0113,SO01,BU4,R04,USD,41,9.08,0.83,8.18,0.25,0.16,0.34,0.49,5.68
T0003569,O0001190,INV0001785,IL0003569,2025-09-28,2025-09-28,C00283,P0026,SO04,BU4,R02,USD,1056,267.38,14.85,243.98,1.44,9.59,2.48,0.99,202.64
T0003570,O0001190,INV0001785,IL0003570,2025-05-20,2025-05-20,C00374,P0137,SO04,BU1,R03,USD,1017,1489.8,145.3,1262.29,34.14,78.79,30.72,19.37,1022.26
T0003571,O0001191,INV0001786,IL0003571,2025-03-13,2025-03-13,C00191,P0110,SO05,BU2,R04,USD,215,223.04,18.95,195.4,6.34,2.65,0.3,5.22,155.26
T0003572,O0001191,INV0001786,IL0003572,2026-03-03,2026-03-03,C00349,P0127,SO02,BU2,R03,USD,832,623.25,56.43,570.09,1.69,19.64,24.6,27.81,424.57
T0003573,O0001191,INV0001787,IL0003573,2025-04-17,2025-04-17,C00494,P0086,SO01,BU3,R03,USD,461,114.42,2.8,111.06,0.71,0.72,0.87,1.79,76.87
T0003574,O0001192,INV0001787,IL0003574,2026-05-20,2026-05-20,C00319,P0020,SO05,BU3,R04,USD,27,60.66,1.3,56.21,1.04,2.18,0.07,2.12,30.77
T0003575,O0001192,INV0001788,IL0003575,2025-05-21,2025-05-21,C00451,P0014,SO01,BU1,R02,USD,597,1677.51,62.25,1618.86,6.52,43.99,54.11,93.84,988.93
T0003576,O0001192,INV0001788,IL0003576,2026-04-05,2026-04-05,C00499,P0077,SO05,BU1,R02,USD,621,827.42,22.34,815.59,11.87,6.71,29.09,3.46,610.53
T0003577,O0001193,INV0001789,IL0003577,2026-03-11,2026-03-11,C00484,P0085,SO05,BU1,R02,USD,1188,2309.12,5.56,2300.68,49.63,27.79,74.54,100.54,1716.17
T0003578,O0001193,INV0001789,IL0003578,2025-05-03,2025-05-03,C00067,P0007,SO05,BU3,R02,USD,335,871.13,65.16,807.64,0.89,16.56,19.12,34.22,579.48
T0003579,O0001193,INV0001790,IL0003579,2025-08-28,2025-08-28,C00161,P0083,SO01,BU1,R01,USD,1110,492.4,29.77,432.75,11.85,26.19,8.16,28.4,354.88
T0003580,O0001194,INV0001790,IL0003580,2025-09-27,2025-09-27,C00143,P0083,SO04,BU2,R04,USD,678,1844.43,82.39,1675.91,55.16,70.71,39.74,85.54,926.35
T0003581,O0001194,INV0001791,IL0003581,2025-09-27,2025-09-27,C00151,P0048,SO02,BU2,R04,USD,654,572.25,53.02,502.14,10.92,28.46,22.29,32.45,422.29
T0003582,O0001194,INV0001791,IL0003582,2026-11-13,2026-11-13,C00167,P0108,SO01,BU4,R04,USD,584,120.13,9.45,108.79,0.17,4.82,3.1,4.58,84.53
T0003583,O0001195,INV0001792,IL0003583,2026-09-04,2026-09-04,C00348,P0063,SO02,BU2,R02,USD,59,21.89,1.94,20.05,0.57,0.09,0.76,0.88,12.65
T0003584,O0001195,INV0001792,IL0003584,2025-02-23,2025-02-23,C00199,P0123,SO01,BU1,R04,USD,1179,439.41,11.2,401.14,10.35,23.04,6.32,0.16,274.79
T0003585,O0001195,INV0001793,IL0003585,2025-02-20,2025-02-20,C00007,P0011,SO05,BU2,R04,USD,86,20.65,1.47,19.12,0.16,0.41,0.51,1.06,12.14
T0003586,O0001196,INV0001793,IL0003586,2025-10-30,2025-10-30,C00375,P0138,SO05,BU3,R04,USD,728,462.28,18.78,427.57,3.91,22.76,10.74,8.44,240.27
T0003587,O0001196,INV0001794,IL0003587,2026-03-12,2026-03-12,C00069,P0081,SO05,BU3,R03,USD,874,298.56,28.85,260.71,4.75,11.44,7.19,1.63,205.04
T0003588,O0001196,INV0001794,IL0003588,2026-06-04,2026-06-04,C00058,P0044,SO04,BU4,R01,USD,796,893.35,60.86,799.34,9.99,27.36,4.2,33.67,570.42
T0003589,O0001197,INV0001795,IL0003589,2025-11-12,2025-11-12,C00124,P0028,SO01,BU3,R02,USD,54,73.04,6.12,62.69,1.86,3.12,0.75,3.0,47.98
T0003590,O0001197,INV0001795,IL0003590,2026-05-08,2026-05-08,C00487,P0124,SO03,BU1,R04,USD,396,936.78,78.05,889.89,2.85,2.05,36.06,51.27,509.64
T0003591,O0001197,INV0001796,IL0003591,2026-12-19,2026-12-19,C00127,P0032,SO04,BU3,R04,USD,949,1189.38,6.89,1111.29,12.92,63.02,4.74,71.62,740.71
T0003592,O0001198,INV0001796,IL0003592,2025-10-12,2025-10-12,C00195,P0108,SO05,BU2,R02,USD,758,1676.77,107.92,1485.16,30.53,70.01,16.85,97.88,949.6
T0003593,O0001198,INV0001797,IL0003593,2026-07-10,2026-07-10,C00117,P0048,SO02,BU1,R03,USD,147,366.68,31.39,318.4,8.75,17.42,9.28,16.62,203.92
T0003594,O0001198,INV0001797,IL0003594,2026-11-29,2026-11-29,C00143,P0127,SO05,BU4,R04,USD,331,749.91,34.31,661.86,16.13,40.38,2.77,42.41,540.37
T0003595,O0001199,INV0001798,IL0003595,2025-11-03,2025-11-03,C00498,P0136,SO04,BU3,R01,USD,636,148.44,0.07,147.34,2.94,3.14,5.05,2.63,107.16
T0003596,O0001199,INV0001798,IL0003596,2026-02-19,2026-02-19,C00121,P0149,SO05,BU1,R01,USD,602,1009.01,85.06,903.62,15.23,31.09,25.99,15.43,618.97
T0003597,O0001199,INV0001799,IL0003597,2026-02-11,2026-02-11,C00342,P0123,SO04,BU2,R03,USD,531,1305.94,61.38,1215.15,8.06,38.15,16.8,12.59,727.11
T0003598,O0001200,INV0001799,IL0003598,2025-04-25,2025-04-25,C00289,P0026,SO03,BU2,R01,USD,940,476.96,6.05,459.92,7.7,11.71,8.42,13.93,336.68
T0003599,O0001200,INV0001800,IL0003599,2026-12-12,2026-12-12,C00487,P0103,SO02,BU2,R04,USD,177,309.89,18.64,290.54,8.31,2.79,10.39,11.73,159.7
T0003600,O0001200,INV0001800,IL0003600,2026-10-27,2026-10-27,C00313,P0054,SO04,BU4,R01,USD,928,1245.47,72.16,1110.16,31.59,58.01,26.45,58.44,721.64
T0003601,O0001201,INV0001801,IL0003601,2026-04-04,2026-04-04,C00164,P0148,SO04,BU4,R02,USD,63,117.04,9.9,104.28,1.53,5.06,3.73,4.76,80.22
T0003602,O0001201,INV0001801,IL0003602,2026-03-02,2026-03-02,C00249,P0012,SO05,BU2,R01,USD,578,1315.64,62.82,1179.97,19.0,59.69,5.84,66.49,644.05
T0003603,O0001201,INV0001802,IL0003603,2026-04-25,2026-04-25,C00484,P0015,SO05,BU1,R02,USD,757,2149.43,161.18,1983.5,44.96,42.56,82.77,39.18,1185.83
T0003604,O0001202,INV0001802,IL0003604,2026-10-18,2026-10-18,C00426,P0138,SO01,BU3,R01,USD,948,2226.57,29.43,2137.69,26.01,77.14,43.7,39.97,1660.88
T0003605,O0001202,INV0001803,IL0003605,2026-07-17,2026-07-17,C00138,P0092,SO01,BU3,R01,USD,699,1450.01,94.9,1315.32,16.98,66.47,43.66,22.28,862.47
T0003606,O0001202,INV0001803,IL0003606,2025-12-13,2025-12-13,C00354,P0070,SO01,BU2,R01,USD,16,33.15,3.26,29.28,0.03,1.03,0.45,0.02,17.92
T0003607,O0001203,INV0001804,IL0003607,2026-04-06,2026-04-06,C00083,P0121,SO01,BU4,R02,USD,277,440.35,31.12,397.57,10.23,11.5,10.07,24.51,294.26
T0003608,O0001203,INV0001804,IL0003608,2026-05-25,2026-05-25,C00031,P0143,SO04,BU3,R04,USD,568,1378.42,119.01,1203.6,30.41,48.91,23.51,19.78,817.21
T0003609,O0001203,INV0001805,IL0003609,2026-03-10,2026-03-10,C00416,P0139,SO01,BU1,R04,USD,393,886.96,38.6,818.3,23.29,12.89,6.12,34.37,650.36
T0003610,O0001204,INV0001805,IL0003610,2025-10-20,2025-10-20,C00101,P0093,SO02,BU2,R03,USD,125,343.06,20.69,321.2,4.1,1.94,4.87,19.58,210.6
T0003611,O0001204,INV0001806,IL0003611,2026-04-24,2026-04-24,C00349,P0135,SO04,BU1,R03,USD,295,272.23,2.89,253.47,8.12,8.45,0.7,3.43,139.18
T0003612,O0001204,INV0001806,IL0003612,2026-11-28,2026-11-28,C00220,P0149,SO01,BU3,R02,USD,54,132.93,9.13,119.03,3.2,2.51,0.94,3.23,65.15
T0003613,O0001205,INV0001807,IL0003613,2025-03-17,2025-03-17,C00179,P0110,SO05,BU4,R02,USD,985,1571.57,75.49,1484.12,24.03,17.99,30.06,54.43,774.63
T0003614,O0001205,INV0001807,IL0003614,2025-07-21,2025-07-21,C00111,P0079,SO04,BU3,R04,USD,47,26.21,2.48,23.89,0.38,0.33,0.87,1.44,15.75
T0003615,O0001205,INV0001808,IL0003615,2025-06-29,2025-06-29,C00389,P0072,SO05,BU4,R03,USD,586,258.31,0.1,249.85,5.4,9.56,6.6,10.72,189.63
T0003616,O0001206,INV0001808,IL0003616,2025-05-01,2025-05-01,C00331,P0045,SO04,BU3,R02,USD,625,814.25,21.4,760.1,6.04,44.38,17.67,52.86,516.99
T0003617,O0001206,INV0001809,IL0003617,2025-04-07,2025-04-07,C00135,P0112,SO02,BU4,R04,USD,724,315.66,2.59,308.07,1.37,14.06,10.43,19.54,201.27
T0003618,O0001206,INV0001809,IL0003618,2025-03-02,2025-03-02,C00189,P0099,SO04,BU2,R03,USD,896,1707.42,43.34,1583.81,11.11,88.97,19.81,74.91,909.86
T0003619,O0001207,INV0001810,IL0003619,2026-05-09,2026-05-09,C00183,P0074,SO01,BU2,R04,USD,1095,1661.55,63.95,1550.54,23.63,43.8,20.37,84.44,1053.37
T0003620,O0001207,INV0001810,IL0003620,2025-02-24,2025-02-24,C00377,P0063,SO01,BU1,R01,USD,377,947.82,45.01,895.33,3.89,41.33,37.74,51.02,607.67
T0003621,O0001207,INV0001811,IL0003621,2026-02-15,2026-02-15,C00082,P0092,SO02,BU2,R01,USD,685,768.02,12.13,728.6,10.22,25.61,8.54,32.32,549.7
T0003622,O0001208,INV0001811,IL0003622,2026-11-23,2026-11-23,C00397,P0131,SO03,BU4,R03,USD,964,543.12,51.82,467.41,11.71,22.77,10.59,24.01,395.29
T0003623,O0001208,INV0001812,IL0003623,2026-11-13,2026-11-13,C00270,P0146,SO04,BU1,R03,USD,172,398.97,34.11,351.65,11.58,9.71,8.08,12.26,245.14
T0003624,O0001208,INV0001812,IL0003624,2026-07-06,2026-07-06,C00197,P0022,SO02,BU2,R03,USD,613,139.83,5.31,128.17,3.66,6.03,3.34,8.59,101.03
T0003625,O0001209,INV0001813,IL0003625,2026-01-26,2026-01-26,C00161,P0047,SO05,BU2,R01,USD,215,465.6,22.63,431.39,1.04,13.16,2.62,7.97,260.73
T0003626,O0001209,INV0001813,IL0003626,2026-12-23,2026-12-23,C00459,P0003,SO05,BU3,R02,USD,219,370.83,4.99,363.17,8.63,5.71,11.67,1.43,203.8
T0003627,O0001209,INV0001814,IL0003627,2025-07-04,2025-07-04,C00217,P0094,SO05,BU3,R01,USD,1093,2890.77,84.15,2681.81,34.31,127.25,36.75,39.33,1451.47
T0003628,O0001210,INV0001814,IL0003628,2025-08-03,2025-08-03,C00463,P0017,SO03,BU3,R04,USD,72,182.56,13.13,166.15,2.8,3.71,3.23,10.18,99.14
T0003629,O0001210,INV0001815,IL0003629,2025-08-13,2025-08-13,C00245,P0015,SO02,BU2,R03,USD,144,405.45,28.1,384.43,3.35,4.25,14.68,11.16,245.82
T0003630,O0001210,INV0001815,IL0003630,2025-01-29,2025-01-29,C00411,P0128,SO03,BU4,R02,USD,23,15.49,0.16,14.58,0.43,0.85,0.53,0.46,9.37
T0003631,O0001211,INV0001816,IL0003631,2025-08-30,2025-08-30,C00427,P0124,SO02,BU2,R02,USD,180,436.81,38.21,381.21,1.28,21.17,5.06,4.18,230.68
T0003632,O0001211,INV0001816,IL0003632,2026-07-19,2026-07-19,C00316,P0041,SO01,BU2,R02,USD,544,120.5,0.0,118.36,0.28,3.47,1.61,4.92,86.4
T0003633,O0001211,INV0001817,IL0003633,2026-02-17,2026-02-17,C00028,P0044,SO01,BU3,R02,USD,184,512.53,13.88,490.16,5.25,20.35,17.11,2.86,364.94
T0003634,O0001212,INV0001817,IL0003634,2026-07-25,2026-07-25,C00365,P0008,SO02,BU2,R03,USD,630,683.55,5.67,664.21,6.48,9.11,1.92,43.88,349.64
T0003635,O0001212,INV0001818,IL0003635,2026-09-18,2026-09-18,C00496,P0105,SO02,BU2,R04,USD,319,467.88,28.09,430.39,2.67,22.87,16.14,29.56,328.95
T0003636,O0001212,INV0001818,IL0003636,2026-05-22,2026-05-22,C00249,P0112,SO04,BU2,R01,USD,111,271.11,6.96,250.85,4.09,13.29,4.08,6.14,154.18
T0003637,O0001213,INV0001819,IL0003637,2025-10-07,2025-10-07,C00087,P0046,SO05,BU2,R04,USD,830,2066.12,156.43,1840.88,23.97,99.63,54.79,53.48,1392.21
T0003638,O0001213,INV0001819,IL0003638,2025-04-23,2025-04-23,C00400,P0126,SO01,BU3,R04,USD,538,1360.66,100.52,1201.42,6.51,58.16,5.95,47.24,697.24
T0003639,O0001213,INV0001820,IL0003639,2025-04-10,2025-04-10,C00196,P0015,SO02,BU4,R02,USD,1149,271.39,2.05,257.14,4.06,11.73,3.59,0.76,199.45
T0003640,O0001214,INV0001820,IL0003640,2025-06-24,2025-06-24,C00206,P0126,SO03,BU2,R03,USD,791,1938.11,63.2,1865.79,2.71,28.87,22.46,118.35,1419.95
T0003641,O0001214,INV0001821,IL0003641,2025-10-13,2025-10-13,C00383,P0036,SO05,BU4,R04,USD,543,1207.96,90.44,1083.44,17.89,41.8,25.61,26.28,600.31
T0003642,O0001214,INV0001821,IL0003642,2025-02-14,2025-02-14,C00034,P0085,SO04,BU4,R01,USD,475,641.3,32.82,577.83,7.99,27.19,4.53,35.5,399.37
T0003643,O0001215,INV0001822,IL0003643,2026-03-31,2026-03-31,C00023,P0076,SO05,BU1,R04,USD,531,184.58,13.39,167.44,3.68,1.18,1.11,0.07,135.45
T0003644,O0001215,INV0001822,IL0003644,2026-01-27,2026-01-27,C00338,P0138,SO03,BU3,R01,USD,909,1749.37,7.71,1642.23,28.07,86.75,15.39,54.31,1016.01
T0003645,O0001215,INV0001823,IL0003645,2026-11-19,2026-11-19,C00478,P0058,SO05,BU4,R03,USD,967,1184.67,87.33,1058.43,24.28,20.39,5.76,6.19,720.89
T0003646,O0001216,INV0001823,IL0003646,2025-02-08,2025-02-08,C00015,P0127,SO04,BU2,R04,USD,38,14.99,1.25,12.98,0.21,0.62,0.07,0.8,10.31
T0003647,O0001216,INV0001824,IL0003647,2025-01-06,2025-01-06,C00461,P0115,SO01,BU4,R03,USD,1143,969.95,49.17,890.05,28.34,19.34,16.95,26.66,609.37
T0003648,O0001216,INV0001824,IL0003648,2026-05-10,2026-05-10,C00247,P0012,SO04,BU2,R04,USD,886,1314.12,90.42,1231.86,23.82,11.52,43.5,20.05,834.34
T0003649,O0001217,INV0001825,IL0003649,2026-08-24,2026-08-24,C00443,P0031,SO04,BU1,R02,USD,430,89.66,5.69,81.85,2.14,0.55,0.57,4.27,66.94
T0003650,O0001217,INV0001825,IL0003650,2026-09-30,2026-09-30,C00249,P0137,SO03,BU4,R01,USD,411,537.96,44.58,485.18,14.71,8.3,14.81,23.02,393.08
T0003651,O0001217,INV0001826,IL0003651,2025-04-15,2025-04-15,C00088,P0012,SO02,BU4,R04,USD,558,1304.44,89.76,1165.45,24.58,55.48,30.83,80.68,935.63
T0003652,O0001218,INV0001826,IL0003652,2026-07-07,2026-07-07,C00015,P0024,SO01,BU2,R04,USD,348,380.64,15.42,358.93,1.47,11.14,6.32,21.6,261.89
T0003653,O0001218,INV0001827,IL0003653,2026-07-07,2026-07-07,C00020,P0039,SO02,BU4,R02,USD,1015,2415.29,9.3,2410.03,5.06,53.59,62.69,124.03,1644.7
T0003654,O0001218,INV0001827,IL0003654,2026-02-12,2026-02-12,C00368,P0062,SO05,BU3,R04,USD,137,107.5,4.0,104.13,1.09,2.08,3.8,0.9,54.78
T0003655,O0001219,INV0001828,IL0003655,2026-03-25,2026-03-25,C00461,P0097,SO03,BU3,R03,USD,902,1860.92,28.23,1783.15,31.96,89.66,72.08,49.5,1175.49
T0003656,O0001219,INV0001828,IL0003656,2025-07-17,2025-07-17,C00198,P0014,SO05,BU1,R03,USD,746,619.25,53.36,553.52,9.54,6.4,3.57,5.74,307.75
T0003657,O0001219,INV0001829,IL0003657,2025-12-01,2025-12-01,C00448,P0071,SO02,BU4,R04,USD,104,242.27,24.09,208.98,6.64,5.16,2.6,8.18,157.84
T0003658,O0001220,INV0001829,IL0003658,2026-04-20,2026-04-20,C00420,P0053,SO03,BU2,R02,USD,1029,2689.09,219.76,2492.11,43.23,29.59,95.6,131.65,1962.42
T0003659,O0001220,INV0001830,IL0003659,2025-02-22,2025-02-22,C00328,P0002,SO04,BU2,R04,USD,807,840.41,24.61,796.53,7.24,44.38,32.35,42.11,603.8
T0003660,O0001220,INV0001830,IL0003660,2026-08-01,2026-08-01,C00119,P0007,SO01,BU1,R04,USD,576,765.91,17.24,716.66,18.66,35.24,21.89,26.77,367.92
T0003661,O0001221,INV0001831,IL0003661,2026-12-15,2026-12-15,C00437,P0128,SO02,BU2,R03,USD,796,729.69,62.91,651.16,14.96,18.87,18.21,12.88,351.34
T0003662,O0001221,INV0001831,IL0003662,2026-09-18,2026-09-18,C00027,P0081,SO03,BU2,R02,USD,506,169.0,7.94,158.23,0.64,6.09,3.9,5.04,88.68
T0003663,O0001221,INV0001832,IL0003663,2025-09-27,2025-09-27,C00189,P0030,SO02,BU3,R03,USD,18,36.19,2.78,31.87,0.35,1.26,0.07,2.0,26.03
T0003664,O0001222,INV0001832,IL0003664,2026-07-13,2026-07-13,C00475,P0084,SO01,BU4,R02,USD,682,666.79,13.99,628.0,10.84,28.41,14.45,13.52,353.66
T0003665,O0001222,INV0001833,IL0003665,2026-01-27,2026-01-27,C00082,P0131,SO01,BU2,R01,USD,1036,1086.87,0.29,1070.42,5.34,18.81,7.99,10.49,634.43
T0003666,O0001222,INV0001833,IL0003666,2026-07-04,2026-07-04,C00185,P0019,SO01,BU3,R01,USD,767,1977.79,23.15,1913.96,19.55,27.51,6.38,74.07,1392.9
T0003667,O0001223,INV0001834,IL0003667,2026-05-01,2026-05-01,C00345,P0089,SO01,BU1,R01,USD,750,379.5,37.32,333.97,7.09,14.44,13.32,2.05,249.65
T0003668,O0001223,INV0001834,IL0003668,2025-01-26,2025-01-26,C00184,P0024,SO05,BU2,R04,USD,218,113.27,10.96,100.28,3.18,0.02,1.17,6.86,83.71
T0003669,O0001223,INV0001835,IL0003669,2026-01-18,2026-01-18,C00035,P0085,SO04,BU2,R02,USD,1198,2146.7,179.86,1902.4,13.93,91.11,40.6,19.36,1451.26
T0003670,O0001224,INV0001835,IL0003670,2026-01-27,2026-01-27,C00288,P0147,SO04,BU3,R04,USD,553,761.15,38.89,711.91,19.12,8.5,17.27,18.42,397.5
T0003671,O0001224,INV0001836,IL0003671,2025-07-28,2025-07-28,C00309,P0013,SO03,BU1,R03,USD,114,132.22,2.63,123.97,3.22,3.19,0.79,7.36,94.17
T0003672,O0001224,INV0001836,IL0003672,2025-07-28,2025-07-28,C00245,P0053,SO05,BU4,R03,USD,618,1127.11,15.43,1042.95,10.58,61.28,3.13,31.41,611.02
T0003673,O0001225,INV0001837,IL0003673,2026-08-16,2026-08-16,C00148,P0049,SO04,BU2,R02,USD,619,454.47,19.43,432.89,9.24,4.87,11.96,29.35,332.82
T0003674,O0001225,INV0001837,IL0003674,2026-12-11,2026-12-11,C00497,P0072,SO02,BU4,R01,USD,871,1440.29,16.9,1397.41,1.37,43.02,18.41,28.71,735.24
T0003675,O0001225,INV0001838,IL0003675,2026-12-20,2026-12-20,C00120,P0028,SO03,BU2,R04,USD,926,1693.1,98.02,1494.02,44.57,72.73,16.24,4.85,1132.11
T0003676,O0001226,INV0001838,IL0003676,2025-07-23,2025-07-23,C00005,P0072,SO05,BU1,R03,USD,440,361.94,8.04,339.16,5.63,12.57,3.46,9.18,240.76
T0003677,O0001226,INV0001839,IL0003677,2025-05-29,2025-05-29,C00167,P0007,SO05,BU4,R04,USD,324,487.1,12.59,480.95,0.35,8.31,15.1,14.66,308.31
T0003678,O0001226,INV0001839,IL0003678,2026-01-24,2026-01-24,C00220,P0132,SO05,BU2,R02,USD,967,277.63,13.87,263.62,1.27,0.65,1.78,13.54,157.71
T0003679,O0001227,INV0001840,IL0003679,2026-09-13,2026-09-13,C00215,P0110,SO02,BU3,R04,USD,856,1304.8,46.57,1213.04,38.01,34.84,27.66,65.78,934.34
T0003680,O0001227,INV0001840,IL0003680,2025-05-31,2025-05-31,C00104,P0049,SO02,BU2,R04,USD,1165,1641.83,15.33,1545.94,39.26,52.45,11.15,5.45,1001.45
T0003681,O0001227,INV0001841,IL0003681,2026-12-05,2026-12-05,C00239,P0093,SO04,BU4,R04,USD,1082,2195.05,86.96,2091.17,6.87,68.02,57.97,96.05,1592.19
T0003682,O0001228,INV0001841,IL0003682,2026-02-28,2026-02-28,C00430,P0049,SO03,BU1,R03,USD,952,1511.97,148.96,1305.27,7.89,53.96,4.11,86.57,905.09
T0003683,O0001228,INV0001842,IL0003683,2026-02-01,2026-02-01,C00006,P0004,SO03,BU1,R03,USD,827,2033.51,102.53,1942.27,55.4,7.08,73.77,6.38,1253.0
T0003684,O0001228,INV0001842,IL0003684,2025-06-17,2025-06-17,C00190,P0044,SO03,BU2,R03,USD,555,659.17,33.19,607.71,0.46,19.79,1.98,5.71,399.38
T0003685,O0001229,INV0001843,IL0003685,2026-10-09,2026-10-09,C00147,P0026,SO05,BU4,R02,USD,944,2673.79,118.41,2538.57,17.4,6.07,6.66,99.29,1442.23
T0003686,O0001229,INV0001843,IL0003686,2025-01-05,2025-01-05,C00317,P0140,SO02,BU4,R03,USD,539,467.47,24.81,439.16,6.4,14.75,17.65,8.35,328.88
T0003687,O0001229,INV0001844,IL0003687,2026-07-01,2026-07-01,C00127,P0050,SO04,BU1,R04,USD,862,2226.72,70.88,2127.48,25.19,84.76,81.59,57.62,1464.36
T0003688,O0001230,INV0001844,IL0003688,2025-07-07,2025-07-07,C00052,P0056,SO03,BU3,R02,USD,1042,2100.98,88.74,1926.6,26.63,84.02,25.01,86.31,1196.82
T0003689,O0001230,INV0001845,IL0003689,2026-08-15,2026-08-15,C00244,P0078,SO03,BU4,R02,USD,59,94.3,6.83,85.49,0.02,3.64,1.68,5.84,49.83
T0003690,O0001230,INV0001845,IL0003690,2025-12-09,2025-12-09,C00362,P0062,SO05,BU3,R01,USD,228,118.2,8.69,103.09,3.1,3.43,0.11,0.58,89.6
T0003691,O0001231,INV0001846,IL0003691,2025-11-24,2025-11-24,C00250,P0139,SO04,BU4,R01,USD,491,916.55,40.29,848.45,19.64,14.3,6.13,49.93,689.0
T0003692,O0001231,INV0001846,IL0003692,2026-11-16,2026-11-16,C00174,P0100,SO05,BU1,R03,USD,563,823.61,49.61,745.19,23.86,11.42,6.47,50.91,420.98
T0003693,O0001231,INV0001847,IL0003693,2025-06-12,2025-06-12,C00231,P0058,SO02,BU2,R04,USD,730,1396.93,86.14,1312.81,17.12,10.36,29.5,84.69,993.18
T0003694,O0001232,INV0001847,IL0003694,2026-03-28,2026-03-28,C00267,P0071,SO03,BU1,R02,USD,528,1359.44,103.86,1230.56,13.54,33.57,22.09,10.06,799.53
T0003695,O0001232,INV0001848,IL0003695,2026-09-22,2026-09-22,C00358,P0125,SO02,BU1,R03,USD,658,1598.61,54.82,1500.85,6.01,79.39,42.46,27.64,901.93
T0003696,O0001232,INV0001848,IL0003696,2026-07-30,2026-07-30,C00404,P0109,SO03,BU1,R02,USD,940,607.24,10.85,556.07,11.06,33.2,3.94,16.35,458.56
T0003697,O0001233,INV0001849,IL0003697,2026-09-23,2026-09-23,C00139,P0012,SO04,BU2,R02,USD,58,25.75,2.55,22.85,0.2,0.32,0.17,1.48,17.53
T0003698,O0001233,INV0001849,IL0003698,2026-07-25,2026-07-25,C00209,P0138,SO02,BU1,R01,USD,457,1289.06,79.43,1153.77,31.07,59.15,34.36,31.52,837.41
T0003699,O0001233,INV0001850,IL0003699,2025-06-08,2025-06-08,C00184,P0065,SO04,BU2,R04,USD,1036,2232.37,41.68,2117.95,27.61,52.89,7.76,59.52,1213.21
T0003700,O0001234,INV0001850,IL0003700,2026-05-25,2026-05-25,C00138,P0142,SO02,BU2,R01,USD,1155,3026.33,60.76,2930.18,59.18,13.18,36.97,33.01,2106.83
T0003701,O0001234,INV0001851,IL0003701,2025-05-30,2025-05-30,C00247,P0060,SO02,BU4,R04,USD,18,34.36,0.11,33.81,0.75,0.28,0.59,2.02,24.78
T0003702,O0001234,INV0001851,IL0003702,2026-10-14,2026-10-14,C00424,P0010,SO04,BU3,R04,USD,898,342.59,20.72,305.56,0.37,17.09,1.15,2.28,168.95
T0003703,O0001235,INV0001852,IL0003703,2026-02-06,2026-02-06,C00183,P0083,SO05,BU2,R04,USD,705,1901.53,177.89,1739.84,14.18,5.72,36.1,32.73,1189.03
T0003704,O0001235,INV0001852,IL0003704,2026-02-14,2026-02-14,C00067,P0126,SO05,BU2,R02,USD,330,768.14,0.33,767.21,14.9,7.64,21.94,36.24,441.81
T0003705,O0001235,INV0001853,IL0003705,2026-08-08,2026-08-08,C00260,P0118,SO02,BU3,R02,USD,125,189.06,18.12,168.76,0.9,4.28,3.0,10.64,134.21
T0003706,O0001236,INV0001853,IL0003706,2026-08-07,2026-08-07,C00454,P0028,SO02,BU2,R03,USD,926,312.8,16.65,277.78,6.27,12.92,0.82,9.62,160.47
T0003707,O0001236,INV0001854,IL0003707,2025-08-07,2025-08-07,C00343,P0065,SO01,BU1,R04,USD,310,351.79,33.44,324.41,4.3,3.41,13.77,20.62,266.76
T0003708,O0001236,INV0001854,IL0003708,2025-09-21,2025-09-21,C00126,P0080,SO04,BU3,R03,USD,637,1411.97,58.44,1352.84,5.94,33.48,38.73,80.24,818.54
T0003709,O0001237,INV0001855,IL0003709,2025-07-17,2025-07-17,C00146,P0128,SO01,BU4,R01,USD,549,215.43,21.46,193.89,0.1,6.02,6.04,2.61,156.32
T0003710,O0001237,INV0001855,IL0003710,2026-07-17,2026-07-17,C00276,P0128,SO01,BU3,R02,USD,745,1326.62,119.43,1213.92,19.64,23.09,49.46,22.12,706.35
T0003711,O0001237,INV0001856,IL0003711,2025-03-13,2025-03-13,C00345,P0089,SO01,BU3,R01,USD,345,948.47,91.47,798.41,20.99,43.85,6.25,45.04,515.93
T0003712,O0001238,INV0001856,IL0003712,2025-04-12,2025-04-12,C00205,P0071,SO03,BU4,R03,USD,51,133.14,3.28,130.13,3.86,0.98,5.11,2.54,80.98
T0003713,O0001238,INV0001857,IL0003713,2026-10-21,2026-10-21,C00397,P0074,SO03,BU4,R03,USD,476,1071.52,104.5,958.84,19.07,18.22,29.11,63.68,671.93
T0003714,O0001238,INV0001857,IL0003714,2026-05-26,2026-05-26,C00355,P0073,SO02,BU2,R02,USD,614,1745.17,156.72,1571.06,49.38,12.43,44.42,79.11,1211.26
T0003715,O0001239,INV0001858,IL0003715,2026-09-28,2026-09-28,C00247,P0039,SO02,BU1,R04,USD,442,860.22,25.45,835.27,14.53,0.48,15.51,38.54,629.17
T0003716,O0001239,INV0001858,IL0003716,2025-03-18,2025-03-18,C00012,P0009,SO05,BU4,R02,USD,1182,1608.58,46.9,1470.51,47.5,54.29,10.62,6.8,1028.81
T0003717,O0001239,INV0001859,IL0003717,2026-10-14,2026-10-14,C00133,P0034,SO04,BU4,R03,USD,273,415.62,17.61,377.56,6.31,21.95,7.81,25.57,289.67
T0003718,O0001240,INV0001859,IL0003718,2025-07-04,2025-07-04,C00146,P0133,SO04,BU3,R01,USD,156,28.81,1.85,25.74,0.41,0.91,0.1,1.49,20.02
T0003719,O0001240,INV0001860,IL0003719,2025-09-25,2025-09-25,C00118,P0068,SO02,BU4,R03,USD,785,875.43,10.24,834.26,3.87,37.1,10.04,16.07,645.5
T0003720,O0001240,INV0001860,IL0003720,2026-04-24,2026-04-24,C00355,P0007,SO02,BU1,R02,USD,51,65.61,4.28,60.09,0.14,2.65,1.55,1.23,42.71
T0003721,O0001241,INV0001861,IL0003721,2025-11-27,2025-11-27,C00478,P0116,SO03,BU2,R03,USD,561,1384.49,85.75,1290.23,30.84,15.94,38.27,14.09,987.38
T0003722,O0001241,INV0001861,IL0003722,2025-06-17,2025-06-17,C00038,P0026,SO03,BU3,R03,USD,383,471.28,30.04,424.27,1.34,17.11,1.48,22.81,260.0
T0003723,O0001241,INV0001862,IL0003723,2026-07-21,2026-07-21,C00259,P0150,SO02,BU3,R02,USD,961,1803.99,82.21,1660.73,26.39,36.7,2.04,43.13,878.61
T0003724,O0001242,INV0001862,IL0003724,2026-10-23,2026-10-23,C00370,P0006,SO03,BU1,R01,USD,276,333.27,7.24,321.7,4.44,3.29,3.4,17.18,221.26
T0003725,O0001242,INV0001863,IL0003725,2025-07-27,2025-07-27,C00067,P0110,SO01,BU3,R02,USD,937,551.24,52.8,479.94,8.2,15.93,5.63,16.17,340.39
T0003726,O0001242,INV0001863,IL0003726,2026-09-29,2026-09-29,C00406,P0062,SO05,BU3,R03,USD,1069,1616.01,107.23,1426.94,7.91,86.26,12.33,43.42,1042.16
T0003727,O0001243,INV0001864,IL0003727,2025-07-19,2025-07-19,C00200,P0145,SO04,BU4,R04,USD,1073,1054.12,29.21,1006.87,3.4,39.36,24.72,69.2,704.8
T0003728,O0001243,INV0001864,IL0003728,2026-01-07,2026-01-07,C00232,P0146,SO05,BU1,R04,USD,1089,677.47,54.78,618.3,15.09,0.67,11.37,4.53,499.31
T0003729,O0001243,INV0001865,IL0003729,2026-09-10,2026-09-10,C00371,P0148,SO01,BU3,R02,USD,349,511.67,14.53,483.94,13.08,15.29,15.17,3.35,316.39
T0003730,O0001244,INV0001865,IL0003730,2026-10-21,2026-10-21,C00170,P0058,SO02,BU3,R01,USD,429,158.17,10.24,138.93,2.72,6.73,0.45,6.24,105.38
T0003731,O0001244,INV0001866,IL0003731,2026-05-22,2026-05-22,C00169,P0099,SO03,BU3,R01,USD,876,1910.56,164.19,1669.26,21.75,66.25,10.89,93.69,1346.44
T0003732,O0001244,INV0001866,IL0003732,2025-02-14,2025-02-14,C00088,P0128,SO02,BU1,R04,USD,878,879.32,53.71,796.72,14.85,42.94,28.9,42.13,587.11
T0003733,O0001245,INV0001867,IL0003733,2026-04-21,2026-04-21,C00029,P0002,SO02,BU4,R03,USD,257,483.03,45.52,411.41,3.29,23.84,1.03,12.15,319.72
T0003734,O0001245,INV0001867,IL0003734,2025-04-08,2025-04-08,C00315,P0001,SO01,BU3,R02,USD,451,1149.42,95.94,1010.3,13.21,37.81,7.84,44.82,730.76
T0003735,O0001245,INV0001868,IL0003735,2026-12-02,2026-12-02,C00086,P0128,SO05,BU2,R03,USD,798,1794.3,32.12,1680.55,49.03,66.74,34.14,9.02,958.95
T0003736,O0001246,INV0001868,IL0003736,2025-12-23,2025-12-23,C00084,P0067,SO02,BU3,R02,USD,1113,1662.38,142.84,1528.57,1.31,29.73,40.07,33.22,1139.08
T0003737,O0001246,INV0001869,IL0003737,2026-10-29,2026-10-29,C00154,P0065,SO05,BU4,R01,USD,558,1306.05,104.39,1172.32,23.26,40.55,34.47,55.68,742.31
T0003738,O0001246,INV0001869,IL0003738,2026-10-30,2026-10-30,C00197,P0046,SO04,BU1,R03,USD,424,702.19,0.45,676.91,12.11,36.0,23.28,21.17,487.84
T0003739,O0001247,INV0001870,IL0003739,2026-11-12,2026-11-12,C00039,P0091,SO05,BU3,R04,USD,478,935.73,38.74,856.59,9.3,33.3,2.2,53.71,625.72
T0003740,O0001247,INV0001870,IL0003740,2025-06-09,2025-06-09,C00179,P0023,SO04,BU4,R02,USD,72,193.23,1.73,191.32,3.08,4.81,7.71,7.75,118.55
T0003741,O0001247,INV0001871,IL0003741,2025-10-08,2025-10-08,C00143,P0096,SO04,BU2,R04,USD,889,2417.99,18.66,2360.61,29.61,53.52,44.41,1.58,1415.5
T0003742,O0001248,INV0001871,IL0003742,2025-04-05,2025-04-05,C00369,P0086,SO02,BU2,R01,USD,563,454.0,45.16,401.71,10.47,0.03,3.37,9.62,301.06
T0003743,O0001248,INV0001872,IL0003743,2026-01-23,2026-01-23,C00356,P0078,SO05,BU3,R02,USD,768,997.94,64.11,874.32,23.05,50.94,14.48,11.79,606.98
T0003744,O0001248,INV0001872,IL0003744,2025-05-23,2025-05-23,C00302,P0123,SO01,BU4,R03,USD,626,252.4,1.48,249.89,0.02,7.21,6.2,14.02,177.14
T0003745,O0001249,INV0001873,IL0003745,2025-06-05,2025-06-05,C00124,P0063,SO02,BU2,R02,USD,618,1581.77,67.42,1515.29,33.34,10.2,44.48,91.63,1041.14
T0003746,O0001249,INV0001873,IL0003746,2025-04-11,2025-04-11,C00429,P0097,SO01,BU3,R03,USD,461,1128.94,101.31,968.89,7.44,51.87,0.57,59.36,606.33
T0003747,O0001249,INV0001874,IL0003747,2025-10-31,2025-10-31,C00085,P0140,SO05,BU4,R03,USD,10,27.19,1.93,24.32,0.06,1.33,0.45,0.11,17.46
T0003748,O0001250,INV0001874,IL0003748,2026-08-13,2026-08-13,C00412,P0097,SO04,BU4,R02,USD,730,1822.52,87.3,1712.23,46.95,5.06,29.02,6.54,1077.56
T0003749,O0001250,INV0001875,IL0003749,2026-03-20,2026-03-20,C00434,P0118,SO02,BU2,R01,USD,689,1183.98,31.87,1132.27,4.25,42.78,27.19,37.19,851.71
T0003750,O0001250,INV0001875,IL0003750,2026-09-16,2026-09-16,C00221,P0052,SO04,BU4,R03,USD,1188,3318.44,136.86,3060.02,3.21,169.75,51.4,98.79,1638.09
T0003751,O0001251,INV0001876,IL0003751,2026-09-23,2026-09-23,C00216,P0018,SO05,BU1,R04,USD,316,567.41,52.78,511.93,3.73,16.01,17.04,11.14,358.32
T0003752,O0001251,INV0001876,IL0003752,2026-04-26,2026-04-26,C00232,P0145,SO03,BU2,R04,USD,1051,2732.49,41.84,2626.43,63.75,68.42,67.95,136.2,2066.14
T0003753,O0001251,INV0001877,IL0003753,2026-07-05,2026-07-05,C00352,P0111,SO01,BU2,R04,USD,925,2602.95,239.63,2250.32,14.63,99.64,1.27,5.63,1817.42
T0003754,O0001252,INV0001877,IL0003754,2026-03-27,2026-03-27,C00034,P0084,SO04,BU1,R01,USD,1009,2375.59,140.26,2289.4,25.3,15.11,94.48,128.5,1707.02
T0003755,O0001252,INV0001878,IL0003755,2025-08-10,2025-08-10,C00197,P0116,SO05,BU1,R03,USD,189,67.13,2.2,63.93,0.9,2.7,2.6,2.4,37.43
T0003756,O0001252,INV0001878,IL0003756,2026-07-02,2026-07-02,C00094,P0076,SO03,BU1,R03,USD,641,1721.09,110.59,1498.92,42.99,76.78,8.19,8.37,941.77
T0003757,O0001253,INV0001879,IL0003757,2025-11-30,2025-11-30,C00029,P0146,SO04,BU1,R03,USD,353,689.27,53.94,623.22,13.66,14.17,15.72,20.47,454.11
T0003758,O0001253,INV0001879,IL0003758,2026-07-06,2026-07-06,C00044,P0058,SO04,BU4,R02,USD,138,159.17,8.16,153.68,0.36,2.11,5.14,0.28,112.2
T0003759,O0001253,INV0001880,IL0003759,2026-03-27,2026-03-27,C00305,P0013,SO05,BU2,R01,USD,895,1914.32,53.87,1816.6,15.03,81.07,52.25,41.79,1211.71
T0003760,O0001254,INV0001880,IL0003760,2026-09-12,2026-09-12,C00390,P0058,SO05,BU4,R03,USD,532,1385.22,68.5,1334.12,23.46,7.09,47.95,6.78,907.7
T0003761,O0001254,INV0001881,IL0003761,2026-12-04,2026-12-04,C00083,P0112,SO03,BU2,R02,USD,121,28.6,1.43,24.87,0.85,1.51,0.06,1.61,17.11
T0003762,O0001254,INV0001881,IL0003762,2025-03-16,2025-03-16,C00457,P0075,SO05,BU2,R01,USD,175,231.91,14.81,207.03,6.06,4.96,0.95,9.92,160.62
T0003763,O0001255,INV0001882,IL0003763,2026-09-16,2026-09-16,C00143,P0042,SO01,BU1,R04,USD,848,2164.52,101.47,2087.42,36.18,3.55,64.1,50.36,1489.9
T0003764,O0001255,INV0001882,IL0003764,2025-06-07,2025-06-07,C00144,P0003,SO04,BU1,R04,USD,992,1461.91,100.02,1321.53,42.76,25.91,28.31,0.63,818.32
T0003765,O0001255,INV0001883,IL0003765,2025-08-25,2025-08-25,C00031,P0051,SO03,BU3,R04,USD,758,266.97,20.99,241.4,6.93,1.36,3.71,7.35,169.89
T0003766,O0001256,INV0001883,IL0003766,2025-06-05,2025-06-05,C00352,P0080,SO05,BU4,R04,USD,632,1183.04,55.4,1084.7,9.37,62.44,28.87,63.99,763.23
T0003767,O0001256,INV0001884,IL0003767,2026-06-03,2026-06-03,C00478,P0055,SO01,BU2,R03,USD,753,286.89,16.43,277.48,0.71,2.15,9.88,4.12,170.12
T0003768,O0001256,INV0001884,IL0003768,2026-09-30,2026-09-30,C00428,P0035,SO05,BU1,R02,USD,917,2415.93,117.49,2267.72,55.07,7.29,31.64,107.78,1366.61
T0003769,O0001257,INV0001885,IL0003769,2026-03-09,2026-03-09,C00260,P0045,SO03,BU4,R02,USD,748,1615.31,42.63,1567.19,33.64,22.75,50.9,57.33,816.69
T0003770,O0001257,INV0001885,IL0003770,2025-01-05,2025-01-05,C00061,P0031,SO01,BU3,R03,USD,704,1023.9,61.64,915.67,23.92,37.85,15.18,13.51,770.73
T0003771,O0001257,INV0001886,IL0003771,2026-07-13,2026-07-13,C00391,P0093,SO02,BU4,R04,USD,518,310.49,29.03,286.26,4.38,0.24,9.42,4.85,202.05
T0003772,O0001258,INV0001886,IL0003772,2026-04-19,2026-04-19,C00164,P0043,SO01,BU3,R02,USD,316,631.81,45.32,593.2,2.79,8.16,17.66,8.49,320.25
T0003773,O0001258,INV0001887,IL0003773,2025-12-24,2025-12-24,C00409,P0124,SO04,BU3,R01,USD,895,939.84,41.09,891.15,15.56,25.37,33.33,0.77,549.49
T0003774,O0001258,INV0001887,IL0003774,2026-12-28,2026-12-28,C00133,P0084,SO01,BU3,R03,USD,1081,322.46,28.8,294.58,7.56,3.03,11.51,17.69,158.54
T0003775,O0001259,INV0001888,IL0003775,2026-07-09,2026-07-09,C00082,P0133,SO03,BU1,R01,USD,393,454.07,15.77,431.25,6.0,4.49,3.44,13.64,311.09
T0003776,O0001259,INV0001888,IL0003776,2026-03-15,2026-03-15,C00449,P0041,SO02,BU4,R01,USD,1047,2849.1,206.26,2570.13,32.52,82.04,41.85,148.68,1797.15
T0003777,O0001259,INV0001889,IL0003777,2025-05-20,2025-05-20,C00215,P0037,SO02,BU3,R04,USD,179,496.74,49.36,442.95,5.56,0.55,1.68,4.21,265.97
T0003778,O0001260,INV0001889,IL0003778,2026-04-06,2026-04-06,C00383,P0007,SO02,BU3,R04,USD,625,1392.37,115.49,1193.3,36.53,71.77,24.72,63.24,1028.91
T0003779,O0001260,INV0001890,IL0003779,2026-12-16,2026-12-16,C00279,P0131,SO04,BU2,R04,USD,443,950.41,8.53,884.46,28.15,51.62,22.35,32.5,581.95
T0003780,O0001260,INV0001890,IL0003780,2026-12-08,2026-12-08,C00498,P0086,SO03,BU4,R01,USD,1046,703.02,65.73,609.59,11.62,38.52,22.44,27.94,476.12
T0003781,O0001261,INV0001891,IL0003781,2025-08-17,2025-08-17,C00338,P0100,SO01,BU3,R01,USD,937,1889.74,68.74,1802.75,11.07,67.05,59.87,101.77,1112.86
T0003782,O0001261,INV0001891,IL0003782,2025-12-07,2025-12-07,C00059,P0041,SO01,BU3,R02,USD,795,471.44,7.97,450.68,0.17,25.01,12.39,24.34,329.9
T0003783,O0001261,INV0001892,IL0003783,2025-09-20,2025-09-20,C00347,P0069,SO05,BU1,R02,USD,1168,2353.4,90.99,2247.32,14.81,7.36,7.08,148.29,1576.25
T0003784,O0001262,INV0001892,IL0003784,2025-02-15,2025-02-15,C00469,P0111,SO04,BU3,R03,USD,424,761.46,20.03,719.93,1.7,39.84,20.04,26.14,478.35
T0003785,O0001262,INV0001893,IL0003785,2025-06-05,2025-06-05,C00316,P0037,SO03,BU3,R02,USD,790,449.51,26.17,406.02,13.48,9.34,5.5,14.41,239.12
T0003786,O0001262,INV0001893,IL0003786,2026-12-19,2026-12-19,C00254,P0028,SO02,BU2,R03,USD,512,668.36,12.74,650.43,0.25,13.84,8.9,34.4,499.24
T0003787,O0001263,INV0001894,IL0003787,2025-06-30,2025-06-30,C00162,P0009,SO04,BU3,R01,USD,795,1445.31,10.6,1442.63,9.29,13.36,30.57,68.18,942.41
T0003788,O0001263,INV0001894,IL0003788,2025-01-02,2025-01-02,C00347,P0141,SO02,BU1,R02,USD,1072,2872.0,219.0,2696.17,45.26,14.49,102.92,53.29,1748.79
T0003789,O0001263,INV0001895,IL0003789,2025-06-28,2025-06-28,C00469,P0053,SO03,BU1,R03,USD,62,51.63,5.02,45.07,0.79,1.44,0.69,1.6,32.85
T0003790,O0001264,INV0001895,IL0003790,2025-09-25,2025-09-25,C00401,P0070,SO02,BU3,R01,USD,1009,543.55,6.14,538.45,3.24,12.9,17.18,37.45,369.09
T0003791,O0001264,INV0001896,IL0003791,2026-03-03,2026-03-03,C00109,P0144,SO03,BU4,R03,USD,158,330.11,2.51,321.49,9.13,1.0,4.02,6.68,205.82
T0003792,O0001264,INV0001896,IL0003792,2025-09-04,2025-09-04,C00024,P0121,SO04,BU3,R04,USD,1009,1069.14,82.47,931.5,16.44,46.28,7.55,36.26,679.43
T0003793,O0001265,INV0001897,IL0003793,2025-02-03,2025-02-03,C00034,P0135,SO01,BU4,R01,USD,581,822.29,49.2,731.68,17.6,31.32,7.51,49.4,423.03
T0003794,O0001265,INV0001897,IL0003794,2026-01-01,2026-01-01,C00317,P0113,SO05,BU2,R03,USD,803,160.36,0.92,155.66,3.3,0.94,0.46,4.88,100.67
T0003795,O0001265,INV0001898,IL0003795,2025-01-18,2025-01-18,C00158,P0046,SO03,BU4,R03,USD,297,445.14,14.01,423.02,7.27,2.25,1.41,24.04,253.24
T0003796,O0001266,INV0001898,IL0003796,2025-01-25,2025-01-25,C00213,P0056,SO01,BU1,R03,USD,545,267.43,9.2,253.07,6.94,2.46,4.24,10.03,169.79
T0003797,O0001266,INV0001899,IL0003797,2025-01-10,2025-01-10,C00295,P0089,SO03,BU4,R04,USD,208,556.25,1.03,551.49,15.0,2.12,13.39,29.25,397.66
T0003798,O0001266,INV0001899,IL0003798,2025-03-07,2025-03-07,C00116,P0102,SO01,BU2,R02,USD,329,230.5,15.04,215.35,0.52,8.4,8.81,12.82,122.04
T0003799,O0001267,INV0001900,IL0003799,2026-10-31,2026-10-31,C00455,P0144,SO03,BU3,R04,USD,648,125.06,10.82,110.68,2.83,2.67,1.94,1.83,90.33
T0003800,O0001267,INV0001900,IL0003800,2026-02-17,2026-02-17,C00019,P0120,SO01,BU4,R02,USD,302,775.63,12.16,738.22,14.72,12.04,1.51,49.4,527.15
T0003801,O0001267,INV0001901,IL0003801,2025-01-08,2025-01-08,C00223,P0053,SO02,BU4,R04,USD,478,393.59,8.14,375.64,0.32,20.67,11.18,8.56,235.34
T0003802,O0001268,INV0001901,IL0003802,2025-03-11,2025-03-11,C00019,P0080,SO04,BU3,R02,USD,567,674.11,8.06,638.33,4.94,32.57,9.79,32.58,337.66
T0003803,O0001268,INV0001902,IL0003803,2025-12-13,2025-12-13,C00052,P0053,SO03,BU4,R02,USD,267,68.97,2.73,65.12,0.42,3.28,2.58,3.77,49.23
T0003804,O0001268,INV0001902,IL0003804,2025-06-03,2025-06-03,C00151,P0001,SO01,BU4,R04,USD,643,276.04,23.26,245.02,2.8,9.59,4.63,4.06,158.58
T0003805,O0001269,INV0001903,IL0003805,2025-02-21,2025-02-21,C00114,P0099,SO03,BU4,R01,USD,1069,2920.94,105.71,2767.14,24.36,35.55,11.82,97.7,1663.84
T0003806,O0001269,INV0001903,IL0003806,2026-12-21,2026-12-21,C00006,P0008,SO03,BU2,R03,USD,621,280.88,3.98,269.19,3.18,5.57,1.04,9.79,159.21
T0003807,O0001269,INV0001904,IL0003807,2026-10-26,2026-10-26,C00063,P0069,SO03,BU1,R04,USD,752,146.26,12.14,133.89,0.08,4.65,4.5,3.47,107.23
T0003808,O0001270,INV0001904,IL0003808,2026-01-05,2026-01-05,C00262,P0075,SO03,BU1,R03,USD,598,1134.05,6.65,1104.24,17.08,47.58,41.5,16.51,551.09
T0003809,O0001270,INV0001905,IL0003809,2025-01-03,2025-01-03,C00049,P0097,SO02,BU4,R01,USD,225,400.97,21.96,363.04,7.27,8.95,0.25,21.64,259.14
T0003810,O0001270,INV0001905,IL0003810,2025-12-24,2025-12-24,C00017,P0117,SO01,BU3,R01,USD,255,671.7,49.91,613.03,18.64,14.4,24.28,15.2,411.41
T0003811,O0001271,INV0001906,IL0003811,2025-01-22,2025-01-22,C00144,P0103,SO04,BU4,R04,USD,811,1548.04,102.46,1375.88,31.28,77.26,38.84,18.9,866.06
T0003812,O0001271,INV0001906,IL0003812,2026-09-11,2026-09-11,C00346,P0111,SO02,BU4,R01,USD,880,1422.34,105.75,1260.72,27.16,65.06,36.35,14.53,995.19
T0003813,O0001271,INV0001907,IL0003813,2025-05-26,2025-05-26,C00455,P0001,SO04,BU1,R04,USD,1148,3207.63,25.77,3239.34,2.87,40.11,100.46,64.47,1844.45
T0003814,O0001272,INV0001907,IL0003814,2026-01-21,2026-01-21,C00386,P0076,SO03,BU3,R01,USD,527,504.97,7.2,468.74,14.6,23.9,9.47,19.1,339.41
T0003815,O0001272,INV0001908,IL0003815,2026-03-25,2026-03-25,C00481,P0076,SO01,BU3,R01,USD,456,160.51,4.76,155.96,2.8,3.14,6.15,0.54,120.23
T0003816,O0001272,INV0001908,IL0003816,2026-10-06,2026-10-06,C00317,P0005,SO04,BU2,R03,USD,726,721.93,14.14,672.12,6.83,36.18,7.34,32.37,510.55
T0003817,O0001273,INV0001909,IL0003817,2026-08-31,2026-08-31,C00131,P0053,SO04,BU2,R02,USD,200,56.3,4.41,50.6,0.04,1.61,0.36,2.28,32.12
T0003818,O0001273,INV0001909,IL0003818,2025-04-30,2025-04-30,C00136,P0111,SO05,BU2,R04,USD,915,265.35,22.18,234.61,3.33,6.42,1.19,7.03,131.77
T0003819,O0001273,INV0001910,IL0003819,2025-06-21,2025-06-21,C00089,P0093,SO01,BU2,R01,USD,697,726.55,66.53,649.81,14.4,3.21,7.4,19.16,367.73
T0003820,O0001274,INV0001910,IL0003820,2025-07-11,2025-07-11,C00280,P0008,SO04,BU3,R04,USD,719,703.76,4.87,667.51,7.81,26.28,2.71,45.69,386.54
T0003821,O0001274,INV0001911,IL0003821,2026-09-21,2026-09-21,C00019,P0090,SO03,BU2,R02,USD,559,928.16,51.39,840.88,12.41,31.32,7.84,43.73,665.85
T0003822,O0001274,INV0001911,IL0003822,2026-09-26,2026-09-26,C00323,P0027,SO01,BU1,R02,USD,1122,692.16,40.49,613.02,13.53,37.14,12.02,34.85,353.38
T0003823,O0001275,INV0001912,IL0003823,2026-01-27,2026-01-27,C00146,P0099,SO04,BU1,R01,USD,847,2044.66,204.46,1831.79,23.07,52.13,66.79,42.43,1200.37
T0003824,O0001275,INV0001912,IL0003824,2025-02-18,2025-02-18,C00285,P0067,SO02,BU4,R03,USD,128,277.54,2.16,258.03,7.22,13.52,3.39,14.96,194.94
T0003825,O0001275,INV0001913,IL0003825,2026-08-11,2026-08-11,C00298,P0145,SO05,BU1,R01,USD,739,1057.44,1.65,1007.74,18.4,51.42,21.77,10.18,543.04
T0003826,O0001276,INV0001913,IL0003826,2025-12-19,2025-12-19,C00322,P0086,SO04,BU4,R01,USD,523,427.08,28.88,382.6,1.96,16.05,2.41,25.14,234.43
T0003827,O0001276,INV0001914,IL0003827,2026-11-20,2026-11-20,C00445,P0139,SO04,BU2,R03,USD,700,1682.66,19.83,1669.51,38.49,11.31,56.48,61.83,1180.66
T0003828,O0001276,INV0001914,IL0003828,2025-12-24,2025-12-24,C00096,P0136,SO02,BU3,R04,USD,97,237.65,8.05,225.91,0.11,5.66,2.08,10.61,115.07
T0003829,O0001277,INV0001915,IL0003829,2025-08-19,2025-08-19,C00416,P0014,SO03,BU4,R04,USD,1161,3002.81,86.93,2892.34,9.42,71.14,57.02,119.95,2107.04
T0003830,O0001277,INV0001915,IL0003830,2026-12-14,2026-12-14,C00353,P0017,SO04,BU3,R01,USD,261,558.8,18.35,512.14,14.16,27.08,12.93,12.69,273.7
T0003831,O0001277,INV0001916,IL0003831,2026-05-12,2026-05-12,C00151,P0079,SO02,BU4,R04,USD,578,141.84,6.19,128.92,4.02,7.76,5.05,4.1,77.9
T0003832,O0001278,INV0001916,IL0003832,2026-03-21,2026-03-21,C00242,P0054,SO03,BU2,R01,USD,635,530.86,40.97,482.89,14.74,9.27,17.01,14.35,316.22
T0003833,O0001278,INV0001917,IL0003833,2025-11-19,2025-11-19,C00307,P0119,SO05,BU4,R02,USD,344,579.19,10.43,567.44,7.11,5.23,11.02,10.51,305.16
T0003834,O0001278,INV0001917,IL0003834,2025-08-22,2025-08-22,C00251,P0011,SO02,BU3,R02,USD,171,291.47,28.81,257.05,2.85,6.5,3.74,1.97,205.66
T0003835,O0001279,INV0001918,IL0003835,2025-09-29,2025-09-29,C00033,P0060,SO05,BU2,R01,USD,401,94.72,4.25,85.11,1.47,4.46,0.57,3.02,60.78
T0003836,O0001279,INV0001918,IL0003836,2026-01-29,2026-01-29,C00416,P0141,SO03,BU3,R04,USD,893,240.4,8.52,226.52,5.2,1.15,0.99,2.54,168.73
T0003837,O0001279,INV0001919,IL0003837,2025-10-02,2025-10-02,C00096,P0061,SO04,BU2,R04,USD,502,682.02,49.71,619.79,4.4,9.35,1.23,3.26,368.97
T0003838,O0001280,INV0001919,IL0003838,2025-09-27,2025-09-27,C00099,P0074,SO03,BU3,R02,USD,395,434.38,29.28,389.56,9.33,19.23,13.02,3.39,225.88
T0003839,O0001280,INV0001920,IL0003839,2025-04-22,2025-04-22,C00380,P0074,SO05,BU3,R02,USD,791,2096.39,35.76,2048.36,28.0,29.44,45.17,107.55,1526.24
T0003840,O0001280,INV0001920,IL0003840,2025-12-19,2025-12-19,C00160,P0031,SO04,BU1,R04,USD,672,1792.69,142.25,1662.61,22.46,30.1,64.73,7.47,1357.33
T0003841,O0001281,INV0001921,IL0003841,2025-04-11,2025-04-11,C00399,P0102,SO02,BU1,R04,USD,1103,1161.02,20.45,1130.04,14.02,30.23,33.72,68.68,561.77
T0003842,O0001281,INV0001921,IL0003842,2026-06-20,2026-06-20,C00455,P0069,SO03,BU4,R04,USD,1133,791.85,9.86,769.12,12.99,15.94,16.06,5.6,600.79
T0003843,O0001281,INV0001922,IL0003843,2026-01-18,2026-01-18,C00462,P0111,SO01,BU1,R03,USD,1073,1710.15,8.08,1639.86,34.78,88.79,61.36,71.26,1064.25
T0003844,O0001282,INV0001922,IL0003844,2026-11-19,2026-11-19,C00067,P0073,SO05,BU2,R02,USD,833,1943.56,35.87,1863.85,30.72,18.22,5.1,90.35,1044.59
T0003845,O0001282,INV0001923,IL0003845,2025-02-04,2025-02-04,C00475,P0140,SO05,BU3,R02,USD,455,1010.15,43.83,953.55,6.11,14.55,7.89,5.7,511.37
T0003846,O0001282,INV0001923,IL0003846,2026-04-08,2026-04-08,C00467,P0035,SO05,BU1,R02,USD,422,661.99,65.91,595.83,6.07,0.25,6.07,26.78,461.64
T0003847,O0001283,INV0001924,IL0003847,2025-08-24,2025-08-24,C00142,P0146,SO04,BU4,R03,USD,175,219.26,10.75,208.79,1.68,2.23,4.19,14.23,139.68
T0003848,O0001283,INV0001924,IL0003848,2026-07-23,2026-07-23,C00415,P0025,SO02,BU3,R04,USD,488,1294.18,61.48,1210.77,5.11,49.73,32.91,66.19,914.67
T0003849,O0001283,INV0001925,IL0003849,2025-04-16,2025-04-16,C00286,P0020,SO02,BU4,R03,USD,717,1848.35,121.84,1685.8,10.28,69.98,39.55,20.64,904.9
T0003850,O0001284,INV0001925,IL0003850,2025-07-24,2025-07-24,C00204,P0125,SO03,BU3,R02,USD,845,267.95,6.39,264.22,4.05,1.07,7.78,8.42,185.58
T0003851,O0001284,INV0001926,IL0003851,2025-01-14,2025-01-14,C00080,P0131,SO01,BU4,R04,USD,644,1143.94,1.64,1110.72,5.49,57.47,31.38,5.52,719.09
T0003852,O0001284,INV0001926,IL0003852,2025-12-13,2025-12-13,C00356,P0008,SO03,BU4,R02,USD,190,245.97,13.21,226.96,1.28,6.91,2.39,3.52,160.05
T0003853,O0001285,INV0001927,IL0003853,2026-10-26,2026-10-26,C00277,P0085,SO04,BU3,R03,USD,467,1258.33,125.27,1090.53,29.34,61.79,48.6,60.09,883.32
T0003854,O0001285,INV0001927,IL0003854,2026-10-24,2026-10-24,C00489,P0133,SO04,BU4,R01,USD,570,750.46,26.14,724.07,13.36,10.12,23.23,36.96,484.21
T0003855,O0001285,INV0001928,IL0003855,2025-09-06,2025-09-06,C00485,P0045,SO02,BU2,R03,USD,908,569.23,17.11,555.74,8.74,3.1,15.46,31.11,327.53
T0003856,O0001286,INV0001928,IL0003856,2026-11-20,2026-11-20,C00426,P0041,SO03,BU4,R01,USD,116,274.11,10.66,264.26,4.54,0.97,6.32,0.69,161.18
T0003857,O0001286,INV0001929,IL0003857,2025-03-28,2025-03-28,C00142,P0020,SO05,BU1,R03,USD,1159,2954.64,0.26,3027.51,26.14,17.09,116.36,7.87,2132.99
T0003858,O0001286,INV0001929,IL0003858,2026-07-30,2026-07-30,C00104,P0108,SO05,BU1,R04,USD,593,975.19,29.99,957.42,9.65,9.97,31.84,65.35,616.78
T0003859,O0001287,INV0001930,IL0003859,2026-03-12,2026-03-12,C00360,P0018,SO01,BU4,R04,USD,463,1076.01,13.98,991.19,14.59,57.34,1.09,52.6,641.82
T0003860,O0001287,INV0001930,IL0003860,2026-09-18,2026-09-18,C00449,P0085,SO03,BU3,R01,USD,501,635.47,36.16,592.94,11.1,14.91,19.64,28.97,356.94
T0003861,O0001287,INV0001931,IL0003861,2026-08-31,2026-08-31,C00281,P0065,SO03,BU4,R01,USD,860,1084.03,76.79,993.09,21.97,28.36,36.18,54.3,633.1
T0003862,O0001288,INV0001931,IL0003862,2026-06-04,2026-06-04,C00140,P0091,SO03,BU4,R02,USD,711,1042.68,50.22,970.35,15.51,30.08,23.48,18.79,701.35
T0003863,O0001288,INV0001932,IL0003863,2025-12-14,2025-12-14,C00259,P0060,SO04,BU2,R02,USD,160,257.66,17.55,222.95,6.22,12.92,1.98,8.45,144.72
T0003864,O0001288,INV0001932,IL0003864,2026-08-03,2026-08-03,C00463,P0043,SO02,BU3,R04,USD,782,219.12,2.86,217.53,1.76,0.05,3.08,7.56,157.16
T0003865,O0001289,INV0001933,IL0003865,2025-03-05,2025-03-05,C00080,P0031,SO01,BU4,R04,USD,1068,685.76,22.83,647.28,19.74,20.95,25.04,34.39,504.5
T0003866,O0001289,INV0001933,IL0003866,2025-01-04,2025-01-04,C00493,P0060,SO05,BU3,R03,USD,851,626.51,10.14,623.07,5.48,7.68,19.86,31.67,474.89
T0003867,O0001289,INV0001934,IL0003867,2025-02-01,2025-02-01,C00156,P0055,SO01,BU4,R02,USD,533,224.07,3.51,214.73,4.11,10.13,8.41,5.64,139.71
T0003868,O0001290,INV0001934,IL0003868,2025-11-23,2025-11-23,C00440,P0031,SO01,BU1,R04,USD,1083,1389.81,118.58,1251.26,25.63,45.37,51.03,43.45,668.31
T0003869,O0001290,INV0001935,IL0003869,2026-05-30,2026-05-30,C00106,P0053,SO03,BU3,R01,USD,491,256.06,7.78,244.13,1.28,6.63,3.76,6.13,143.77
T0003870,O0001290,INV0001935,IL0003870,2025-02-13,2025-02-13,C00034,P0104,SO02,BU4,R01,USD,928,1070.08,34.17,1031.15,9.67,22.25,27.16,70.2,680.0
T0003871,O0001291,INV0001936,IL0003871,2026-12-03,2026-12-03,C00465,P0127,SO01,BU1,R01,USD,708,872.82,76.06,780.17,8.83,15.1,7.34,41.68,594.2
T0003872,O0001291,INV0001936,IL0003872,2025-10-18,2025-10-18,C00060,P0014,SO04,BU3,R02,USD,838,165.67,0.48,160.35,2.15,3.46,0.77,9.03,120.28
T0003873,O0001291,INV0001937,IL0003873,2025-03-10,2025-03-10,C00338,P0088,SO02,BU3,R01,USD,172,233.25,9.47,218.76,5.63,2.11,2.72,9.2,136.42
T0003874,O0001292,INV0001937,IL0003874,2026-12-21,2026-12-21,C00303,P0024,SO02,BU1,R04,USD,183,176.27,4.06,162.77,3.65,8.52,2.73,5.14,115.2
T0003875,O0001292,INV0001938,IL0003875,2026-04-15,2026-04-15,C00171,P0093,SO04,BU1,R02,USD,815,1855.59,71.35,1707.96,10.61,79.08,13.41,23.24,901.8
T0003876,O0001292,INV0001938,IL0003876,2026-06-22,2026-06-22,C00280,P0041,SO05,BU2,R04,USD,901,1577.65,59.5,1508.63,2.37,61.1,53.95,72.39,1077.93
T0003877,O0001293,INV0001939,IL0003877,2026-06-11,2026-06-11,C00239,P0082,SO02,BU1,R04,USD,1148,317.54,3.43,317.11,6.09,3.37,12.46,11.69,235.79
T0003878,O0001293,INV0001939,IL0003878,2025-09-24,2025-09-24,C00171,P0027,SO05,BU1,R02,USD,809,406.85,22.94,371.82,2.94,10.07,0.92,17.05,214.05
T0003879,O0001293,INV0001940,IL0003879,2026-09-14,2026-09-14,C00107,P0006,SO05,BU4,R02,USD,606,585.27,55.24,542.06,1.23,5.26,18.52,32.25,325.94
T0003880,O0001294,INV0001940,IL0003880,2025-11-28,2025-11-28,C00170,P0113,SO05,BU4,R01,USD,72,189.76,9.02,181.22,1.95,4.04,6.47,6.15,131.24
T0003881,O0001294,INV0001941,IL0003881,2025-09-13,2025-09-13,C00030,P0098,SO02,BU3,R03,USD,868,963.83,83.23,831.81,28.2,23.43,2.84,6.36,646.42
T0003882,O0001294,INV0001941,IL0003882,2025-02-23,2025-02-23,C00146,P0026,SO03,BU4,R01,USD,827,1221.31,59.02,1133.34,13.91,32.69,17.65,54.99,784.57
T0003883,O0001295,INV0001942,IL0003883,2025-07-26,2025-07-26,C00381,P0033,SO05,BU1,R03,USD,565,1414.53,54.18,1368.76,9.26,6.19,23.86,74.68,803.18
T0003884,O0001295,INV0001942,IL0003884,2026-08-20,2026-08-20,C00061,P0034,SO01,BU1,R03,USD,636,682.49,45.73,614.72,18.89,20.2,17.05,38.82,459.02
T0003885,O0001295,INV0001943,IL0003885,2025-07-28,2025-07-28,C00287,P0136,SO05,BU1,R04,USD,782,1895.57,84.71,1696.56,32.5,99.66,17.86,57.82,1116.15
T0003886,O0001296,INV0001943,IL0003886,2026-07-14,2026-07-14,C00267,P0110,SO02,BU1,R02,USD,810,1448.85,1.18,1386.51,33.3,41.3,13.44,95.78,1065.8
T0003887,O0001296,INV0001944,IL0003887,2025-11-01,2025-11-01,C00063,P0139,SO03,BU4,R04,USD,672,1168.94,87.19,1034.36,31.53,18.34,2.48,21.07,653.21
T0003888,O0001296,INV0001944,IL0003888,2026-04-23,2026-04-23,C00143,P0048,SO05,BU3,R04,USD,119,165.27,5.99,154.51,1.35,6.6,3.18,0.66,98.39
T0003889,O0001297,INV0001945,IL0003889,2025-12-09,2025-12-09,C00130,P0118,SO01,BU2,R01,USD,1135,1644.5,148.8,1441.9,22.52,88.65,57.37,12.51,902.49
T0003890,O0001297,INV0001945,IL0003890,2025-09-16,2025-09-16,C00196,P0002,SO03,BU4,R02,USD,929,1521.89,149.39,1346.08,42.95,2.59,19.12,56.38,953.46
T0003891,O0001297,INV0001946,IL0003891,2026-12-07,2026-12-07,C00059,P0005,SO03,BU2,R02,USD,772,1241.61,59.64,1150.6,0.02,49.14,17.79,46.37,632.93
T0003892,O0001298,INV0001946,IL0003892,2026-11-20,2026-11-20,C00320,P0056,SO05,BU4,R04,USD,365,1025.76,40.38,947.11,29.19,47.25,38.17,31.7,779.53
T0003893,O0001298,INV0001947,IL0003893,2025-11-08,2025-11-08,C00396,P0101,SO03,BU4,R02,USD,198,439.05,21.04,402.31,6.35,12.53,3.18,12.38,260.7
T0003894,O0001298,INV0001947,IL0003894,2026-06-25,2026-06-25,C00211,P0018,SO03,BU1,R02,USD,486,1119.79,85.73,977.51,13.18,48.72,5.35,13.54,540.74
T0003895,O0001299,INV0001948,IL0003895,2026-02-24,2026-02-24,C00067,P0078,SO05,BU4,R02,USD,1066,1391.24,3.79,1391.59,10.55,30.34,45.03,47.39,775.62
T0003896,O0001299,INV0001948,IL0003896,2025-02-01,2025-02-01,C00399,P0081,SO03,BU4,R04,USD,817,794.78,76.6,694.02,19.14,35.72,30.7,13.96,526.11
T0003897,O0001299,INV0001949,IL0003897,2025-05-16,2025-05-16,C00056,P0120,SO03,BU1,R04,USD,358,110.69,5.99,104.92,0.1,0.46,0.78,1.83,69.59
T0003898,O0001300,INV0001949,IL0003898,2025-09-18,2025-09-18,C00470,P0130,SO01,BU2,R03,USD,1100,224.84,0.53,217.92,4.55,2.01,0.17,5.88,123.42
T0003899,O0001300,INV0001950,IL0003899,2025-01-27,2025-01-27,C00148,P0091,SO03,BU1,R02,USD,1084,1429.04,59.84,1328.98,1.69,72.89,34.36,17.5,1036.68
T0003900,O0001300,INV0001950,IL0003900,2025-11-20,2025-11-20,C00069,P0077,SO01,BU1,R03,USD,567,1452.99,17.85,1414.92,13.65,36.45,29.88,79.39,806.02
T0003901,O0001301,INV0001951,IL0003901,2026-04-19,2026-04-19,C00217,P0133,SO04,BU2,R01,USD,200,383.98,6.7,367.41,5.17,19.37,14.67,21.86,245.66
T0003902,O0001301,INV0001951,IL0003902,2025-09-05,2025-09-05,C00116,P0062,SO01,BU3,R02,USD,902,2422.95,149.15,2258.83,65.75,2.66,53.44,50.67,1337.03
T0003903,O0001301,INV0001952,IL0003903,2026-02-08,2026-02-08,C00494,P0097,SO03,BU3,R03,USD,858,2144.74,153.84,1897.99,60.78,104.3,72.17,102.48,1578.32
T0003904,O0001302,INV0001952,IL0003904,2025-02-24,2025-02-24,C00375,P0107,SO05,BU2,R04,USD,143,31.05,0.24,30.59,0.29,1.09,1.16,1.9,23.52
T0003905,O0001302,INV0001953,IL0003905,2026-11-16,2026-11-16,C00093,P0105,SO02,BU4,R03,USD,297,221.53,14.06,204.04,2.84,8.54,7.95,10.68,123.79
T0003906,O0001302,INV0001953,IL0003906,2025-05-11,2025-05-11,C00419,P0016,SO03,BU4,R02,USD,1119,1039.33,101.73,924.31,14.19,9.92,10.82,4.93,695.27
T0003907,O0001303,INV0001954,IL0003907,2026-09-09,2026-09-09,C00484,P0132,SO05,BU4,R02,USD,364,751.04,38.31,682.72,13.56,36.87,20.42,46.93,534.48
T0003908,O0001303,INV0001954,IL0003908,2025-12-14,2025-12-14,C00449,P0068,SO01,BU2,R01,USD,712,1325.03,127.73,1148.03,17.08,60.44,28.25,64.78,956.38
T0003909,O0001303,INV0001955,IL0003909,2026-10-25,2026-10-25,C00002,P0128,SO02,BU1,R01,USD,183,441.27,10.95,422.45,12.67,12.3,17.1,9.85,267.98
T0003910,O0001304,INV0001955,IL0003910,2025-03-16,2025-03-16,C00126,P0066,SO02,BU2,R03,USD,958,1893.01,117.07,1672.23,28.56,76.55,1.4,62.7,1279.04
T0003911,O0001304,INV0001956,IL0003911,2025-05-22,2025-05-22,C00343,P0067,SO02,BU2,R04,USD,718,1416.76,44.67,1309.55,11.45,55.51,4.42,56.54,703.63
T0003912,O0001304,INV0001956,IL0003912,2026-11-09,2026-11-09,C00322,P0111,SO04,BU4,R01,USD,206,380.42,29.76,337.63,3.98,12.38,3.33,7.76,229.43
T0003913,O0001305,INV0001957,IL0003913,2025-01-02,2025-01-02,C00119,P0031,SO01,BU3,R04,USD,1105,1004.0,31.06,920.99,29.09,32.91,10.05,48.9,732.69
T0003914,O0001305,INV0001957,IL0003914,2026-07-15,2026-07-15,C00009,P0083,SO04,BU1,R01,USD,44,15.11,1.5,12.78,0.35,0.61,0.13,0.84,9.69
T0003915,O0001305,INV0001958,IL0003915,2025-02-18,2025-02-18,C00490,P0121,SO03,BU2,R01,USD,1026,850.14,74.86,758.64,8.73,8.83,0.92,40.31,417.1
T0003916,O0001306,INV0001958,IL0003916,2026-10-12,2026-10-12,C00375,P0054,SO01,BU2,R04,USD,335,847.35,12.05,806.89,22.72,31.75,26.06,19.55,493.97
T0003917,O0001306,INV0001959,IL0003917,2026-01-27,2026-01-27,C00420,P0038,SO02,BU1,R02,USD,627,1129.04,41.94,1034.58,26.98,45.53,19.99,60.42,760.53
T0003918,O0001306,INV0001959,IL0003918,2025-08-23,2025-08-23,C00305,P0063,SO05,BU4,R01,USD,1198,2687.83,55.78,2537.38,2.38,100.83,8.54,90.31,1696.18
T0003919,O0001307,INV0001960,IL0003919,2026-04-01,2026-04-01,C00281,P0113,SO02,BU1,R01,USD,392,892.39,47.24,809.13,22.9,33.32,20.2,41.12,548.86
T0003920,O0001307,INV0001960,IL0003920,2026-06-06,2026-06-06,C00125,P0115,SO02,BU1,R03,USD,416,88.36,7.55,79.47,1.49,2.73,2.88,3.27,58.03
T0003921,O0001307,INV0001961,IL0003921,2026-11-28,2026-11-28,C00268,P0075,SO03,BU1,R02,USD,46,110.54,8.33,101.49,1.13,2.55,2.96,2.68,74.07
T0003922,O0001308,INV0001961,IL0003922,2026-04-24,2026-04-24,C00002,P0054,SO01,BU2,R01,USD,926,412.44,22.04,380.94,7.9,10.15,8.59,1.43,292.96
T0003923,O0001308,INV0001962,IL0003923,2026-08-17,2026-08-17,C00283,P0009,SO05,BU1,R02,USD,80,118.14,10.47,105.69,2.35,0.82,1.19,4.33,82.94
T0003924,O0001308,INV0001962,IL0003924,2025-02-18,2025-02-18,C00454,P0119,SO05,BU2,R03,USD,436,754.85,47.77,657.79,18.7,38.18,7.59,8.76,572.76
T0003925,O0001309,INV0001963,IL0003925,2025-06-21,2025-06-21,C00022,P0039,SO05,BU2,R03,USD,533,1269.55,98.9,1169.07,0.5,33.35,32.27,6.6,813.48
T0003926,O0001309,INV0001963,IL0003926,2026-07-09,2026-07-09,C00335,P0001,SO04,BU4,R04,USD,148,98.11,7.43,86.53,2.23,2.63,0.71,3.93,65.8
T0003927,O0001309,INV0001964,IL0003927,2026-02-09,2026-02-09,C00317,P0065,SO05,BU1,R03,USD,897,359.16,22.94,323.48,10.58,8.2,6.04,22.44,221.01
T0003928,O0001310,INV0001964,IL0003928,2026-05-16,2026-05-16,C00356,P0147,SO03,BU4,R02,USD,719,480.65,16.42,446.4,5.29,26.14,13.6,3.32,303.89
T0003929,O0001310,INV0001965,IL0003929,2026-12-03,2026-12-03,C00462,P0050,SO01,BU1,R03,USD,20,7.62,0.29,7.01,0.15,0.22,0.05,0.49,4.36
T0003930,O0001310,INV0001965,IL0003930,2025-02-17,2025-02-17,C00031,P0127,SO05,BU2,R04,USD,152,355.01,13.6,326.8,4.02,13.58,2.99,8.64,174.15
T0003931,O0001311,INV0001966,IL0003931,2025-10-31,2025-10-31,C00076,P0143,SO03,BU4,R02,USD,207,257.14,3.61,242.43,1.01,14.02,3.93,16.72,176.67
T0003932,O0001311,INV0001966,IL0003932,2026-05-01,2026-05-01,C00060,P0010,SO03,BU1,R02,USD,108,247.45,1.52,238.66,3.37,8.76,4.86,8.88,150.17
T0003933,O0001311,INV0001967,IL0003933,2026-09-26,2026-09-26,C00085,P0019,SO04,BU1,R03,USD,260,424.01,1.67,398.13,5.84,18.8,0.43,13.12,281.97
T0003934,O0001312,INV0001967,IL0003934,2026-06-30,2026-06-30,C00369,P0012,SO04,BU4,R01,USD,204,285.15,20.95,260.65,6.56,4.26,7.27,13.51,191.01
T0003935,O0001312,INV0001968,IL0003935,2026-07-07,2026-07-07,C00323,P0095,SO05,BU3,R02,USD,756,1044.11,2.22,1009.46,7.06,42.01,16.64,51.46,636.0
T0003936,O0001312,INV0001968,IL0003936,2026-10-11,2026-10-11,C00302,P0072,SO01,BU4,R03,USD,180,432.95,0.9,420.48,7.57,14.72,10.72,6.4,309.45
T0003937,O0001313,INV0001969,IL0003937,2026-05-10,2026-05-10,C00271,P0073,SO03,BU2,R04,USD,833,849.41,18.45,840.38,1.1,0.21,10.73,15.56,458.62
T0003938,O0001313,INV0001969,IL0003938,2025-08-06,2025-08-06,C00013,P0068,SO05,BU4,R03,USD,1125,725.4,57.13,654.18,18.47,0.09,4.47,21.46,541.75
T0003939,O0001313,INV0001970,IL0003939,2025-12-12,2025-12-12,C00135,P0115,SO02,BU4,R04,USD,424,996.06,77.28,918.23,12.97,15.92,28.34,13.55,742.64
T0003940,O0001314,INV0001970,IL0003940,2025-05-23,2025-05-23,C00175,P0021,SO04,BU4,R04,USD,974,2395.65,33.79,2282.76,70.88,26.66,18.44,81.01,1692.71
T0003941,O0001314,INV0001971,IL0003941,2025-04-02,2025-04-02,C00244,P0045,SO03,BU1,R02,USD,471,946.43,81.92,831.48,15.45,47.21,29.63,15.03,652.69
T0003942,O0001314,INV0001971,IL0003942,2026-10-15,2026-10-15,C00327,P0004,SO03,BU2,R04,USD,1065,2220.53,195.53,2032.05,5.27,20.31,32.63,43.32,1078.72
T0003943,O0001315,INV0001972,IL0003943,2025-08-26,2025-08-26,C00031,P0102,SO01,BU3,R04,USD,961,2540.21,32.23,2509.54,7.61,62.2,71.37,0.14,1586.69
T0003944,O0001315,INV0001972,IL0003944,2026-06-28,2026-06-28,C00461,P0025,SO05,BU3,R03,USD,861,2224.65,216.72,1960.97,60.92,15.75,29.71,66.44,1648.45
T0003945,O0001315,INV0001973,IL0003945,2026-11-01,2026-11-01,C00232,P0030,SO03,BU3,R04,USD,35,48.54,0.03,48.08,0.58,1.1,1.25,3.34,27.02
T0003946,O0001316,INV0001973,IL0003946,2025-11-11,2025-11-11,C00052,P0075,SO01,BU4,R02,USD,491,547.12,33.2,499.64,5.1,16.53,7.35,10.21,360.02
T0003947,O0001316,INV0001974,IL0003947,2025-07-10,2025-07-10,C00176,P0045,SO01,BU3,R04,USD,950,1297.89,49.3,1221.3,22.7,40.66,36.07,69.35,883.71
T0003948,O0001316,INV0001974,IL0003948,2025-08-15,2025-08-15,C00349,P0147,SO02,BU4,R03,USD,191,232.26,20.92,210.89,0.24,9.26,9.05,9.69,153.81
T0003949,O0001317,INV0001975,IL0003949,2025-01-31,2025-01-31,C00052,P0068,SO01,BU1,R02,USD,732,1524.24,147.28,1328.62,31.04,66.73,49.43,92.59,881.5
T0003950,O0001317,INV0001975,IL0003950,2025-04-10,2025-04-10,C00318,P0098,SO03,BU4,R03,USD,298,231.55,15.06,209.96,3.39,6.26,3.12,1.11,149.46
T0003951,O0001317,INV0001976,IL0003951,2025-04-04,2025-04-04,C00186,P0089,SO03,BU4,R01,USD,481,1119.58,56.55,1070.4,9.78,24.23,41.38,61.17,847.14
T0003952,O0001318,INV0001976,IL0003952,2026-12-01,2026-12-01,C00498,P0005,SO04,BU2,R01,USD,389,638.7,48.79,581.59,1.67,25.28,18.63,26.94,377.68
T0003953,O0001318,INV0001977,IL0003953,2025-07-17,2025-07-17,C00014,P0148,SO03,BU2,R03,USD,128,143.12,1.2,138.76,2.24,2.07,1.15,1.99,101.38
T0003954,O0001318,INV0001977,IL0003954,2025-09-13,2025-09-13,C00165,P0112,SO02,BU1,R03,USD,135,273.87,25.55,245.02,4.1,9.27,10.07,4.27,205.53
T0003955,O0001319,INV0001978,IL0003955,2026-05-14,2026-05-14,C00075,P0076,SO04,BU1,R02,USD,202,415.96,19.29,384.72,1.8,18.32,8.17,0.55,233.46
T0003956,O0001319,INV0001978,IL0003956,2026-02-21,2026-02-21,C00147,P0128,SO05,BU2,R02,USD,277,495.61,9.96,479.38,5.81,6.44,5.98,20.27,304.92
T0003957,O0001319,INV0001979,IL0003957,2026-10-16,2026-10-16,C00089,P0150,SO01,BU3,R01,USD,223,290.59,4.9,282.48,6.19,0.65,3.63,15.61,161.03
T0003958,O0001320,INV0001979,IL0003958,2026-01-22,2026-01-22,C00072,P0113,SO01,BU4,R04,USD,431,334.5,28.82,295.96,1.88,9.59,1.75,17.43,232.54
T0003959,O0001320,INV0001980,IL0003959,2026-04-22,2026-04-22,C00202,P0104,SO03,BU4,R01,USD,554,110.08,8.78,96.61,2.06,5.9,3.27,6.68,60.89
T0003960,O0001320,INV0001980,IL0003960,2026-03-12,2026-03-12,C00175,P0047,SO05,BU1,R04,USD,631,789.07,48.2,738.35,12.22,14.37,24.07,9.2,469.83
T0003961,O0001321,INV0001981,IL0003961,2026-05-04,2026-05-04,C00190,P0019,SO05,BU3,R03,USD,223,187.52,12.9,170.56,0.81,5.71,2.46,0.35,123.74
T0003962,O0001321,INV0001981,IL0003962,2026-10-04,2026-10-04,C00428,P0084,SO01,BU1,R02,USD,57,64.2,5.68,58.2,0.5,1.17,1.35,1.69,31.6
T0003963,O0001321,INV0001982,IL0003963,2025-11-16,2025-11-16,C00274,P0118,SO02,BU1,R01,USD,620,302.0,16.48,285.55,2.26,2.97,5.26,15.45,186.85
T0003964,O0001322,INV0001982,IL0003964,2025-07-21,2025-07-21,C00180,P0074,SO03,BU2,R02,USD,371,697.96,60.98,628.02,2.67,9.83,3.54,35.32,496.47
T0003965,O0001322,INV0001983,IL0003965,2026-07-09,2026-07-09,C00275,P0031,SO03,BU1,R02,USD,41,80.0,7.04,71.22,1.94,1.36,1.56,1.76,54.08
T0003966,O0001322,INV0001983,IL0003966,2026-02-22,2026-02-22,C00055,P0068,SO04,BU4,R04,USD,221,420.21,24.32,384.31,1.38,15.12,4.92,23.25,292.99
T0003967,O0001323,INV0001984,IL0003967,2026-08-05,2026-08-05,C00329,P0021,SO01,BU2,R01,USD,1191,1824.85,119.03,1641.15,51.5,31.45,18.28,102.84,1162.09
T0003968,O0001323,INV0001984,IL0003968,2025-01-09,2025-01-09,C00346,P0026,SO05,BU1,R01,USD,949,1373.96,18.61,1305.87,18.24,37.02,5.78,59.16,783.26
T0003969,O0001323,INV0001985,IL0003969,2025-12-13,2025-12-13,C00100,P0002,SO04,BU3,R02,USD,206,411.73,11.6,377.66,6.02,20.61,4.16,0.05,302.79
T0003970,O0001324,INV0001985,IL0003970,2025-07-16,2025-07-16,C00015,P0138,SO05,BU4,R04,USD,337,210.56,13.38,189.52,5.45,3.03,0.82,5.16,137.49
T0003971,O0001324,INV0001986,IL0003971,2026-07-24,2026-07-24,C00384,P0076,SO02,BU2,R04,USD,326,663.21,16.26,648.63,8.37,11.74,21.79,25.2,437.18
T0003972,O0001324,INV0001986,IL0003972,2025-05-13,2025-05-13,C00269,P0004,SO01,BU2,R03,USD,497,819.5,31.54,734.42,10.32,44.65,1.43,0.42,396.43
T0003973,O0001325,INV0001987,IL0003973,2026-08-17,2026-08-17,C00279,P0007,SO04,BU4,R04,USD,1086,2423.52,123.95,2266.13,0.5,32.98,0.04,72.35,1792.84
T0003974,O0001325,INV0001987,IL0003974,2025-06-07,2025-06-07,C00280,P0102,SO02,BU1,R04,USD,991,1844.35,144.96,1603.27,36.28,63.61,3.77,21.39,1275.58
T0003975,O0001325,INV0001988,IL0003975,2026-04-11,2026-04-11,C00037,P0016,SO03,BU2,R03,USD,138,356.32,15.11,317.83,7.89,18.41,2.92,10.4,241.63
T0003976,O0001326,INV0001988,IL0003976,2026-10-26,2026-10-26,C00201,P0043,SO04,BU4,R01,USD,760,682.86,23.79,652.3,20.03,2.54,15.8,20.33,435.1
T0003977,O0001326,INV0001989,IL0003977,2026-11-27,2026-11-27,C00459,P0033,SO05,BU3,R02,USD,284,521.0,8.68,500.14,12.84,17.03,17.69,23.18,386.06
T0003978,O0001326,INV0001989,IL0003978,2026-02-23,2026-02-23,C00111,P0086,SO03,BU2,R04,USD,496,495.01,8.29,479.71,13.1,5.45,11.54,27.54,361.74
T0003979,O0001327,INV0001990,IL0003979,2026-05-15,2026-05-15,C00331,P0069,SO05,BU4,R02,USD,673,752.14,6.65,722.3,13.75,31.9,22.46,18.17,559.02
T0003980,O0001327,INV0001990,IL0003980,2026-06-22,2026-06-22,C00259,P0090,SO05,BU3,R02,USD,314,804.53,52.25,737.81,6.34,28.97,20.84,5.03,570.0
T0003981,O0001327,INV0001991,IL0003981,2026-03-22,2026-03-22,C00042,P0007,SO02,BU4,R01,USD,667,1829.78,101.57,1752.84,20.07,1.87,46.57,10.59,1179.05
T0003982,O0001328,INV0001991,IL0003982,2026-08-23,2026-08-23,C00308,P0015,SO05,BU4,R02,USD,619,218.01,10.2,203.46,2.14,7.9,5.69,8.49,116.07
T0003983,O0001328,INV0001992,IL0003983,2026-06-05,2026-06-05,C00315,P0025,SO04,BU1,R02,USD,682,1672.06,154.19,1570.98,4.06,6.53,63.7,52.04,1251.29
T0003984,O0001328,INV0001992,IL0003984,2025-06-15,2025-06-15,C00263,P0072,SO01,BU3,R04,USD,1066,1048.2,77.43,982.72,8.5,14.84,35.29,11.99,672.28
T0003985,O0001329,INV0001993,IL0003985,2025-07-08,2025-07-08,C00283,P0133,SO03,BU1,R02,USD,719,1540.46,129.44,1335.36,45.29,41.79,11.42,5.22,748.65
T0003986,O0001329,INV0001993,IL0003986,2026-10-16,2026-10-16,C00339,P0006,SO02,BU4,R02,USD,945,2194.1,17.63,2101.04,59.47,34.42,18.46,97.71,1521.73
T0003987,O0001329,INV0001994,IL0003987,2025-11-26,2025-11-26,C00229,P0083,SO05,BU1,R03,USD,273,289.82,28.82,251.15,7.87,12.1,10.12,0.43,173.33
T0003988,O0001330,INV0001994,IL0003988,2026-12-06,2026-12-06,C00281,P0069,SO04,BU2,R01,USD,37,6.8,0.23,6.61,0.13,0.04,0.21,0.07,3.99
T0003989,O0001330,INV0001995,IL0003989,2026-12-22,2026-12-22,C00096,P0076,SO05,BU4,R04,USD,594,1351.47,91.68,1205.92,0.19,72.33,18.65,3.36,865.21
T0003990,O0001330,INV0001995,IL0003990,2026-10-29,2026-10-29,C00230,P0036,SO05,BU2,R03,USD,561,1270.95,6.43,1196.24,35.79,56.54,24.05,13.34,782.51
T0003991,O0001331,INV0001996,IL0003991,2025-10-22,2025-10-22,C00273,P0123,SO01,BU4,R01,USD,601,843.26,20.48,820.69,22.72,2.52,23.15,25.25,454.97
T0003992,O0001331,INV0001996,IL0003992,2026-11-17,2026-11-17,C00275,P0008,SO05,BU4,R02,USD,203,501.94,33.85,456.84,0.56,19.07,8.38,14.72,278.46
T0003993,O0001331,INV0001997,IL0003993,2026-10-05,2026-10-05,C00395,P0021,SO02,BU1,R02,USD,39,92.4,8.22,80.94,0.37,3.45,0.58,4.42,44.75
T0003994,O0001332,INV0001997,IL0003994,2026-08-01,2026-08-01,C00245,P0089,SO05,BU3,R03,USD,520,391.82,30.45,354.54,5.09,11.97,10.23,12.44,208.62
T0003995,O0001332,INV0001998,IL0003995,2026-05-07,2026-05-07,C00194,P0089,SO05,BU3,R01,USD,747,1585.81,55.03,1499.45,15.79,36.08,20.54,56.74,931.77
T0003996,O0001332,INV0001998,IL0003996,2025-01-26,2025-01-26,C00372,P0110,SO03,BU1,R02,USD,557,1566.28,78.46,1425.88,24.68,56.67,19.41,47.21,1178.62
T0003997,O0001333,INV0001999,IL0003997,2025-08-18,2025-08-18,C00024,P0014,SO02,BU2,R04,USD,369,404.76,10.57,382.87,7.78,7.58,4.04,16.66,226.67
T0003998,O0001333,INV0001999,IL0003998,2025-12-24,2025-12-24,C00070,P0150,SO04,BU1,R03,USD,1051,992.14,45.15,959.76,8.53,6.45,27.75,22.1,579.53
T0003999,O0001333,INV0002000,IL0003999,2026-01-30,2026-01-30,C00109,P0051,SO01,BU4,R03,USD,92,121.55,11.06,104.96,2.37,5.7,2.54,4.76,78.44
T0004000,O0001334,INV0002000,IL0004000,2025-07-22,2025-07-22,C00274,P0113,SO02,BU4,R01,USD,723,758.86,21.2,714.84,4.06,21.89,3.13,44.26,404.83
T0004001,O0001334,INV0002001,IL0004001,2026-10-26,2026-10-26,C00078,P0074,SO03,BU3,R03,USD,952,2324.69,206.99,2057.76,50.13,10.35,0.54,99.9,1186.11
T0004002,O0001334,INV0002001,IL0004002,2026-03-29,2026-03-29,C00357,P0118,SO05,BU2,R03,USD,406,483.95,40.16,426.77,7.92,25.87,16.77,18.03,302.73
T0004003,O0001335,INV0002002,IL0004003,2026-03-26,2026-03-26,C00051,P0067,SO03,BU4,R02,USD,861,1473.26,39.97,1430.25,11.18,48.98,57.12,48.05,833.3
T0004004,O0001335,INV0002002,IL0004004,2026-12-15,2026-12-15,C00486,P0133,SO03,BU2,R03,USD,444,927.92,38.78,866.63,10.88,37.63,26.0,29.15,582.18
T0004005,O0001335,INV0002003,IL0004005,2026-04-16,2026-04-16,C00197,P0079,SO01,BU3,R03,USD,1082,2141.6,115.58,1956.38,12.15,92.98,35.49,99.37,1218.7
T0004006,O0001336,INV0002003,IL0004006,2026-12-12,2026-12-12,C00229,P0145,SO02,BU2,R03,USD,66,163.35,3.16,151.08,0.32,8.92,0.13,8.95,92.98
T0004007,O0001336,INV0002004,IL0004007,2025-11-03,2025-11-03,C00032,P0036,SO03,BU2,R04,USD,628,1666.46,103.52,1476.74,26.88,88.77,29.45,38.7,1067.37
T0004008,O0001336,INV0002004,IL0004008,2025-04-07,2025-04-07,C00328,P0044,SO04,BU2,R04,USD,1066,449.32,1.56,433.39,6.99,11.15,3.77,21.08,313.97
T0004009,O0001337,INV0002005,IL0004009,2025-09-05,2025-09-05,C00179,P0149,SO05,BU2,R02,USD,233,148.35,3.5,142.87,3.31,2.13,3.46,1.76,78.37
T0004010,O0001337,INV0002005,IL0004010,2026-01-14,2026-01-14,C00355,P0133,SO02,BU2,R02,USD,380,361.61,11.54,337.49,5.42,18.24,11.08,19.16,274.2
T0004011,O0001337,INV0002006,IL0004011,2026-04-22,2026-04-22,C00139,P0054,SO01,BU3,R02,USD,220,574.38,16.25,534.63,2.16,25.96,4.62,2.05,355.44
T0004012,O0001338,INV0002006,IL0004012,2025-07-30,2025-07-30,C00052,P0119,SO04,BU1,R02,USD,78,41.05,3.05,38.37,0.05,0.86,1.28,1.04,29.51
T0004013,O0001338,INV0002007,IL0004013,2025-10-31,2025-10-31,C00141,P0054,SO02,BU3,R03,USD,583,1163.03,0.24,1113.08,22.66,61.82,34.77,16.21,874.3
T0004014,O0001338,INV0002007,IL0004014,2026-01-11,2026-01-11,C00204,P0072,SO03,BU3,R02,USD,836,1575.27,93.32,1376.8,25.86,81.67,2.38,14.53,831.58
T0004015,O0001339,INV0002008,IL0004015,2026-01-04,2026-01-04,C00370,P0023,SO04,BU1,R01,USD,476,1289.39,110.17,1176.47,3.69,9.27,10.21,41.78,756.58
T0004016,O0001339,INV0002008,IL0004016,2025-02-14,2025-02-14,C00135,P0080,SO03,BU2,R04,USD,754,476.9,2.45,471.87,12.64,3.72,13.78,9.49,261.74
T0004017,O0001339,INV0002009,IL0004017,2026-04-27,2026-04-27,C00079,P0044,SO04,BU1,R04,USD,82,209.96,19.48,182.86,5.88,9.27,7.53,5.19,103.45
T0004018,O0001340,INV0002009,IL0004018,2025-03-20,2025-03-20,C00493,P0030,SO03,BU4,R03,USD,44,8.42,0.31,7.86,0.13,0.28,0.16,0.09,6.04
T0004019,O0001340,INV0002010,IL0004019,2025-10-02,2025-10-02,C00027,P0130,SO01,BU4,R02,USD,83,181.6,7.61,164.7,4.33,9.79,4.83,4.22,98.3
T0004020,O0001340,INV0002010,IL0004020,2026-01-02,2026-01-02,C00206,P0062,SO02,BU1,R03,USD,769,1349.98,8.55,1316.6,31.19,41.32,47.68,71.69,879.52
T0004021,O0001341,INV0002011,IL0004021,2025-11-01,2025-11-01,C00272,P0100,SO04,BU3,R04,USD,1157,339.12,29.65,306.08,7.29,9.11,13.01,18.02,241.17
T0004022,O0001341,INV0002011,IL0004022,2026-06-22,2026-06-22,C00002,P0118,SO05,BU4,R01,USD,267,337.54,13.11,317.32,5.85,5.36,4.1,20.19,205.11
T0004023,O0001341,INV0002012,IL0004023,2025-01-27,2025-01-27,C00053,P0117,SO01,BU3,R03,USD,41,43.85,2.98,39.36,0.52,1.89,0.9,1.75,30.44
T0004024,O0001342,INV0002012,IL0004024,2025-02-09,2025-02-09,C00331,P0102,SO01,BU3,R02,USD,1105,2952.45,256.13,2608.23,44.01,128.14,84.06,36.87,1527.18
T0004025,O0001342,INV0002013,IL0004025,2025-10-24,2025-10-24,C00094,P0011,SO04,BU1,R03,USD,501,114.43,4.57,107.85,2.37,3.61,3.97,6.44,81.41
T0004026,O0001342,INV0002013,IL0004026,2026-04-26,2026-04-26,C00430,P0026,SO03,BU4,R03,USD,791,1744.95,59.31,1673.11,4.11,64.46,56.04,115.01,1250.5
T0004027,O0001343,INV0002014,IL0004027,2025-05-31,2025-05-31,C00427,P0013,SO05,BU1,R02,USD,1131,1405.15,18.77,1391.21,6.09,12.19,23.11,94.64,1011.36
T0004028,O0001343,INV0002014,IL0004028,2025-05-04,2025-05-04,C00139,P0001,SO05,BU1,R02,USD,598,1592.35,47.44,1483.25,6.96,64.65,9.95,2.32,892.4
T0004029,O0001343,INV0002015,IL0004029,2025-08-25,2025-08-25,C00354,P0034,SO02,BU2,R01,USD,40,10.11,0.19,9.33,0.14,0.52,0.07,0.11,6.72
T0004030,O0001344,INV0002015,IL0004030,2026-11-10,2026-11-10,C00121,P0086,SO02,BU2,R01,USD,1010,1711.34,122.21,1566.56,11.98,21.67,11.08,41.74,976.08
T0004031,O0001344,INV0002016,IL0004031,2026-10-14,2026-10-14,C00482,P0125,SO04,BU2,R01,USD,386,675.89,60.44,610.99,14.12,10.22,19.88,12.23,475.8
T0004032,O0001344,INV0002016,IL0004032,2026-07-05,2026-07-05,C00386,P0117,SO05,BU3,R01,USD,1197,3200.3,68.98,3146.9,6.64,48.42,70.64,102.42,1536.38
T0004033,O0001345,INV0002017,IL0004033,2026-09-04,2026-09-04,C00028,P0101,SO03,BU4,R02,USD,496,588.16,7.58,551.39,16.73,29.43,16.97,18.14,337.38
T0004034,O0001345,INV0002017,IL0004034,2025-06-17,2025-06-17,C00216,P0018,SO01,BU4,R04,USD,415,550.41,32.35,503.4,4.81,24.57,14.72,24.94,352.38
T0004035,O0001345,INV0002018,IL0004035,2026-04-11,2026-04-11,C00101,P0140,SO01,BU2,R03,USD,625,436.62,21.94,413.83,0.84,10.38,10.37,28.73,229.84
T0004036,O0001346,INV0002018,IL0004036,2026-06-27,2026-06-27,C00438,P0058,SO02,BU3,R03,USD,1079,2270.54,18.78,2117.87,34.07,115.86,16.04,50.09,1193.7
T0004037,O0001346,INV0002019,IL0004037,2025-01-29,2025-01-29,C00198,P0038,SO01,BU4,R03,USD,66,147.82,12.74,130.8,1.29,8.02,5.03,6.29,107.27
T0004038,O0001346,INV0002019,IL0004038,2025-10-12,2025-10-12,C00154,P0020,SO01,BU2,R01,USD,647,701.02,11.24,694.14,12.41,5.97,22.74,32.82,412.62
T0004039,O0001347,INV0002020,IL0004039,2026-06-19,2026-06-19,C00341,P0146,SO03,BU4,R03,USD,1188,2453.93,222.09,2160.91,51.34,47.03,27.44,105.0,1802.38
T0004040,O0001347,INV0002020,IL0004040,2026-09-21,2026-09-21,C00355,P0049,SO02,BU3,R02,USD,950,877.04,30.91,853.18,5.18,16.5,28.73,55.49,599.61
T0004041,O0001347,INV0002021,IL0004041,2025-08-28,2025-08-28,C00107,P0134,SO05,BU3,R02,USD,1051,1996.16,116.28,1896.26,47.18,8.75,72.31,2.87,1475.85
T0004042,O0001348,INV0002021,IL0004042,2025-09-06,2025-09-06,C00391,P0009,SO04,BU3,R04,USD,558,607.38,29.29,582.71,10.39,1.98,16.99,32.98,323.03
T0004043,O0001348,INV0002022,IL0004043,2026-05-04,2026-05-04,C00067,P0058,SO01,BU2,R02,USD,401,87.18,4.2,77.57,1.46,4.19,0.24,4.42,52.48
T0004044,O0001348,INV0002022,IL0004044,2026-05-31,2026-05-31,C00423,P0077,SO03,BU1,R04,USD,944,888.59,63.9,818.42,20.08,8.22,22.03,14.3,493.42
T0004045,O0001349,INV0002023,IL0004045,2026-01-11,2026-01-11,C00489,P0098,SO02,BU4,R01,USD,94,156.46,12.06,136.87,2.68,5.72,0.87,8.28,112.09
T0004046,O0001349,INV0002023,IL0004046,2026-11-08,2026-11-08,C00001,P0045,SO01,BU3,R01,USD,276,548.94,20.25,501.12,13.2,20.17,5.8,27.92,359.69
T0004047,O0001349,INV0002024,IL0004047,2026-11-15,2026-11-15,C00032,P0095,SO02,BU4,R04,USD,850,556.84,16.89,534.89,1.2,12.95,9.09,24.14,332.9
T0004048,O0001350,INV0002024,IL0004048,2025-01-27,2025-01-27,C00403,P0146,SO04,BU1,R02,USD,111,238.98,13.58,224.68,2.17,0.47,1.92,2.68,169.68
T0004049,O0001350,INV0002025,IL0004049,2025-10-23,2025-10-23,C00432,P0084,SO02,BU3,R04,USD,329,79.82,2.56,72.45,2.04,3.22,0.45,0.34,47.43
T0004050,O0001350,INV0002025,IL0004050,2025-08-14,2025-08-14,C00153,P0016,SO02,BU3,R01,USD,989,366.03,5.47,357.6,9.24,5.36,11.64,1.63,180.1
T0004051,O0001351,INV0002026,IL0004051,2026-11-24,2026-11-24,C00432,P0106,SO03,BU2,R04,USD,516,989.17,2.98,928.51,27.11,40.1,9.53,5.07,742.92
T0004052,O0001351,INV0002026,IL0004052,2025-07-10,2025-07-10,C00084,P0094,SO01,BU2,R02,USD,832,762.03,33.85,712.0,10.01,19.43,13.26,33.29,504.58
T0004053,O0001351,INV0002027,IL0004053,2025-10-25,2025-10-25,C00145,P0042,SO02,BU1,R01,USD,857,1589.56,138.15,1410.59,1.77,85.91,46.86,7.83,967.81
T0004054,O0001352,INV0002027,IL0004054,2025-02-10,2025-02-10,C00375,P0018,SO02,BU2,R04,USD,233,126.05,12.6,106.2,3.67,3.63,0.05,4.76,74.33
T0004055,O0001352,INV0002028,IL0004055,2025-05-12,2025-05-12,C00054,P0029,SO02,BU1,R03,USD,997,997.7,58.51,946.57,0.59,15.34,23.31,43.59,709.82
T0004056,O0001352,INV0002028,IL0004056,2025-03-05,2025-03-05,C00225,P0044,SO02,BU3,R01,USD,156,332.95,26.82,294.21,9.16,3.17,0.41,4.28,212.81
T0004057,O0001353,INV0002029,IL0004057,2026-03-01,2026-03-01,C00149,P0015,SO04,BU1,R03,USD,185,97.55,0.58,94.97,0.12,4.55,2.67,0.19,52.48
T0004058,O0001353,INV0002029,IL0004058,2025-12-23,2025-12-23,C00190,P0003,SO02,BU3,R03,USD,190,219.07,11.44,204.22,2.99,3.81,3.39,6.16,106.1
T0004059,O0001353,INV0002030,IL0004059,2026-01-02,2026-01-02,C00332,P0030,SO04,BU1,R02,USD,247,219.14,5.0,204.16,6.16,4.0,0.18,3.8,126.74
T0004060,O0001354,INV0002030,IL0004060,2025-05-15,2025-05-15,C00477,P0118,SO01,BU4,R03,USD,115,231.12,1.5,218.42,5.4,6.86,1.06,1.87,173.36
T0004061,O0001354,INV0002031,IL0004061,2025-03-23,2025-03-23,C00465,P0112,SO01,BU2,R01,USD,974,2375.59,60.83,2205.69,53.55,80.53,25.01,16.22,1164.07
T0004062,O0001354,INV0002031,IL0004062,2026-03-08,2026-03-08,C00494,P0084,SO01,BU1,R03,USD,531,1447.82,126.43,1300.47,8.11,25.29,12.48,3.28,1039.27
T0004063,O0001355,INV0002032,IL0004063,2025-07-24,2025-07-24,C00256,P0020,SO01,BU2,R04,USD,308,61.11,0.89,59.46,1.35,1.83,2.42,3.02,34.82
T0004064,O0001355,INV0002032,IL0004064,2025-07-01,2025-07-01,C00154,P0006,SO03,BU2,R01,USD,1069,1439.62,113.9,1293.99,31.95,33.93,34.15,85.62,819.04
T0004065,O0001355,INV0002033,IL0004065,2025-08-29,2025-08-29,C00209,P0010,SO04,BU4,R01,USD,40,105.75,6.16,97.48,2.08,3.34,3.31,4.03,75.43
T0004066,O0001356,INV0002033,IL0004066,2025-04-11,2025-04-11,C00484,P0069,SO02,BU2,R02,USD,62,145.47,8.89,137.24,2.2,1.32,4.18,9.04,95.26
T0004067,O0001356,INV0002034,IL0004067,2025-04-24,2025-04-24,C00406,P0035,SO01,BU2,R03,USD,1067,1675.72,143.71,1557.13,15.38,7.09,47.59,28.0,1209.53
T0004068,O0001356,INV0002034,IL0004068,2025-06-03,2025-06-03,C00410,P0092,SO04,BU1,R01,USD,402,392.07,12.97,373.93,0.52,8.74,4.09,6.36,207.26
T0004069,O0001357,INV0002035,IL0004069,2026-12-28,2026-12-28,C00222,P0101,SO04,BU2,R03,USD,580,954.1,83.84,894.74,1.07,3.68,29.23,45.7,609.05
T0004070,O0001357,INV0002035,IL0004070,2026-12-17,2026-12-17,C00450,P0120,SO05,BU1,R01,USD,565,386.86,28.47,350.07,5.72,10.59,7.99,11.16,257.53
T0004071,O0001357,INV0002036,IL0004071,2026-06-04,2026-06-04,C00035,P0003,SO01,BU4,R02,USD,16,24.7,2.2,22.84,0.19,0.07,0.6,0.57,13.4
T0004072,O0001358,INV0002036,IL0004072,2026-12-13,2026-12-13,C00441,P0057,SO02,BU3,R01,USD,208,589.12,26.77,556.82,3.15,18.21,15.83,15.02,413.33
T0004073,O0001358,INV0002037,IL0004073,2026-12-29,2026-12-29,C00199,P0042,SO01,BU1,R04,USD,178,244.11,23.79,211.49,1.11,10.9,3.18,2.08,125.18
T0004074,O0001358,INV0002037,IL0004074,2026-10-22,2026-10-22,C00432,P0103,SO02,BU2,R04,USD,1161,3049.13,127.6,2857.0,53.64,130.12,119.23,3.98,2190.01
T0004075,O0001359,INV0002038,IL0004075,2025-10-05,2025-10-05,C00001,P0062,SO05,BU4,R01,USD,65,140.52,2.54,130.59,2.76,7.31,2.68,1.98,102.79
T0004076,O0001359,INV0002038,IL0004076,2026-02-26,2026-02-26,C00011,P0136,SO04,BU2,R02,USD,478,1219.33,25.21,1171.64,29.86,39.94,47.32,32.07,600.32
T0004077,O0001359,INV0002039,IL0004077,2026-02-19,2026-02-19,C00330,P0127,SO04,BU2,R01,USD,27,61.96,2.11,59.22,0.04,2.2,1.61,3.82,35.64
T0004078,O0001360,INV0002039,IL0004078,2026-11-27,2026-11-27,C00312,P0014,SO03,BU2,R04,USD,456,134.47,8.41,128.78,0.75,0.35,3.82,7.48,93.22
T0004079,O0001360,INV0002040,IL0004079,2025-12-26,2025-12-26,C00500,P0095,SO04,BU2,R02,USD,614,621.43,4.84,597.73,10.7,9.84,1.68,8.84,320.35
T0004080,O0001360,INV0002040,IL0004080,2025-03-09,2025-03-09,C00201,P0013,SO02,BU4,R01,USD,36,73.68,4.39,68.11,1.66,2.37,2.85,0.44,44.45
T0004081,O0001361,INV0002041,IL0004081,2025-05-01,2025-05-01,C00391,P0130,SO04,BU4,R04,USD,645,1168.87,62.72,1086.64,14.48,33.55,28.52,63.71,638.63
T0004082,O0001361,INV0002041,IL0004082,2025-04-06,2025-04-06,C00231,P0114,SO04,BU1,R04,USD,1164,2800.0,194.75,2454.11,81.82,118.09,48.77,4.0,1604.95
T0004083,O0001361,INV0002042,IL0004083,2026-12-11,2026-12-11,C00342,P0011,SO04,BU1,R03,USD,395,941.96,31.93,851.16,24.61,38.22,3.96,21.12,668.03
T0004084,O0001362,INV0002042,IL0004084,2026-11-12,2026-11-12,C00441,P0034,SO01,BU2,R01,USD,669,214.08,11.53,200.39,5.29,4.64,7.77,0.83,159.51
T0004085,O0001362,INV0002043,IL0004085,2026-03-11,2026-03-11,C00254,P0075,SO03,BU2,R03,USD,889,1209.4,43.55,1129.5,14.35,63.29,41.29,25.7,841.94
T0004086,O0001362,INV0002043,IL0004086,2025-03-18,2025-03-18,C00455,P0081,SO03,BU4,R04,USD,539,1048.84,102.89,957.95,15.54,11.65,39.19,34.74,649.24
T0004087,O0001363,INV0002044,IL0004087,2025-06-24,2025-06-24,C00030,P0118,SO03,BU2,R03,USD,101,223.82,16.01,207.45,1.39,6.64,7.67,3.62,114.68
T0004088,O0001363,INV0002044,IL0004088,2025-05-27,2025-05-27,C00411,P0002,SO02,BU1,R02,USD,321,783.79,20.15,728.53,2.28,33.13,0.3,1.25,526.63
T0004089,O0001363,INV0002045,IL0004089,2026-04-21,2026-04-21,C00178,P0126,SO02,BU1,R01,USD,1105,2578.74,91.17,2420.47,68.59,56.53,58.02,67.14,1597.87
T0004090,O0001364,INV0002045,IL0004090,2025-11-16,2025-11-16,C00137,P0013,SO04,BU1,R01,USD,467,1061.72,30.68,974.51,21.38,52.08,16.93,65.39,531.89
T0004091,O0001364,INV0002046,IL0004091,2025-05-25,2025-05-25,C00065,P0044,SO05,BU3,R01,USD,919,489.92,5.13,474.27,5.0,21.03,15.51,5.62,365.0
T0004092,O0001364,INV0002046,IL0004092,2026-01-26,2026-01-26,C00010,P0047,SO02,BU1,R01,USD,629,1543.13,63.62,1452.23,33.38,49.63,55.73,59.75,1046.31
T0004093,O0001365,INV0002047,IL0004093,2026-01-28,2026-01-28,C00277,P0130,SO03,BU1,R03,USD,522,1311.47,81.94,1167.99,35.32,61.3,35.08,22.44,794.67
T0004094,O0001365,INV0002047,IL0004094,2025-07-14,2025-07-14,C00449,P0017,SO03,BU2,R01,USD,97,63.1,3.41,59.19,1.05,1.43,1.98,1.06,35.65
T0004095,O0001365,INV0002048,IL0004095,2025-08-18,2025-08-18,C00343,P0113,SO03,BU4,R04,USD,783,1753.06,113.24,1561.56,32.63,81.54,35.91,24.35,1056.64
T0004096,O0001366,INV0002048,IL0004096,2026-04-25,2026-04-25,C00309,P0079,SO05,BU3,R03,USD,813,1782.5,18.66,1674.29,38.25,64.11,12.81,1.53,1141.3
T0004097,O0001366,INV0002049,IL0004097,2025-10-20,2025-10-20,C00478,P0043,SO01,BU4,R03,USD,1110,2976.24,101.76,2836.74,75.62,48.36,86.24,63.02,1977.34
T0004098,O0001366,INV0002049,IL0004098,2025-06-13,2025-06-13,C00058,P0110,SO01,BU4,R01,USD,835,1789.24,146.83,1558.52,49.99,40.24,6.34,97.33,1048.26
T0004099,O0001367,INV0002050,IL0004099,2025-11-21,2025-11-21,C00259,P0115,SO02,BU1,R02,USD,337,695.64,9.0,678.17,7.71,16.13,15.37,10.37,481.06
T0004100,O0001367,INV0002050,IL0004100,2025-12-04,2025-12-04,C00129,P0011,SO05,BU2,R01,USD,613,1134.91,2.02,1107.25,7.92,35.85,18.13,70.16,712.23
T0004101,O0001367,INV0002051,IL0004101,2025-09-17,2025-09-17,C00194,P0100,SO05,BU4,R01,USD,56,88.31,8.82,79.65,0.78,2.58,3.52,3.96,45.79
T0004102,O0001368,INV0002051,IL0004102,2025-12-05,2025-12-05,C00116,P0047,SO03,BU2,R02,USD,466,1161.13,40.01,1087.88,32.59,1.42,0.77,60.76,847.36
T0004103,O0001368,INV0002052,IL0004103,2025-04-17,2025-04-17,C00317,P0011,SO05,BU2,R03,USD,1089,2219.82,114.63,2038.62,62.85,9.24,5.52,90.94,1507.3
T0004104,O0001368,INV0002052,IL0004104,2025-08-20,2025-08-20,C00467,P0062,SO04,BU1,R02,USD,662,243.68,14.77,221.78,1.09,13.29,7.25,11.7,140.65
T0004105,O0001369,INV0002053,IL0004105,2026-06-05,2026-06-05,C00107,P0052,SO01,BU4,R02,USD,1157,1817.3,55.3,1667.0,26.79,90.57,22.36,2.76,1321.89
T0004106,O0001369,INV0002053,IL0004106,2025-11-12,2025-11-12,C00114,P0135,SO05,BU1,R01,USD,103,244.26,14.53,229.83,6.05,0.8,6.95,8.18,121.04
T0004107,O0001369,INV0002054,IL0004107,2026-04-03,2026-04-03,C00229,P0086,SO01,BU3,R03,USD,11,3.0,0.1,2.86,0.09,0.05,0.1,0.13,2.15
T0004108,O0001370,INV0002054,IL0004108,2026-01-28,2026-01-28,C00366,P0016,SO03,BU4,R03,USD,813,2010.14,42.01,1915.0,60.15,7.51,14.53,37.65,1107.38
T0004109,O0001370,INV0002055,IL0004109,2025-12-31,2025-12-31,C00392,P0024,SO04,BU2,R04,USD,468,271.44,8.58,261.5,3.39,0.96,2.99,14.55,197.25
T0004110,O0001370,INV0002055,IL0004110,2026-12-09,2026-12-09,C00081,P0068,SO03,BU4,R01,USD,863,850.57,29.09,817.88,11.32,7.58,15.3,28.37,494.41
T0004111,O0001371,INV0002056,IL0004111,2025-07-27,2025-07-27,C00031,P0100,SO03,BU3,R04,USD,543,1359.67,53.17,1294.81,3.26,50.08,41.65,27.79,879.34
T0004112,O0001371,INV0002056,IL0004112,2025-03-03,2025-03-03,C00032,P0040,SO01,BU3,R04,USD,854,1696.47,134.03,1516.15,46.06,63.15,62.92,45.28,1125.33
T0004113,O0001371,INV0002057,IL0004113,2025-05-10,2025-05-10,C00229,P0134,SO03,BU4,R03,USD,1150,1661.98,79.53,1580.98,16.38,0.01,14.92,52.14,1234.67
T0004114,O0001372,INV0002057,IL0004114,2025-05-05,2025-05-05,C00145,P0089,SO04,BU4,R01,USD,405,561.33,36.97,534.85,0.11,3.94,14.54,30.64,295.12
T0004115,O0001372,INV0002058,IL0004115,2026-10-23,2026-10-23,C00396,P0111,SO01,BU3,R02,USD,380,646.8,59.06,572.18,7.3,12.88,4.62,10.09,377.44
T0004116,O0001372,INV0002058,IL0004116,2026-11-22,2026-11-22,C00423,P0067,SO01,BU1,R04,USD,489,1105.19,64.56,1005.46,32.12,45.95,42.9,31.6,606.86
T0004117,O0001373,INV0002059,IL0004117,2026-09-28,2026-09-28,C00184,P0085,SO03,BU4,R04,USD,827,1598.92,100.47,1484.76,8.13,60.31,54.75,3.49,884.78
T0004118,O0001373,INV0002059,IL0004118,2025-09-21,2025-09-21,C00454,P0067,SO01,BU4,R03,USD,824,936.06,82.03,839.63,19.61,31.42,36.63,56.82,634.85
T0004119,O0001373,INV0002060,IL0004119,2025-03-11,2025-03-11,C00484,P0144,SO05,BU3,R02,USD,798,1789.59,156.37,1599.97,8.83,43.93,19.51,60.5,979.26
T0004120,O0001374,INV0002060,IL0004120,2025-05-31,2025-05-31,C00444,P0133,SO05,BU3,R02,USD,138,338.5,11.96,324.02,7.0,4.34,8.82,6.04,223.95
T0004121,O0001374,INV0002061,IL0004121,2025-01-26,2025-01-26,C00068,P0150,SO05,BU4,R02,USD,964,2486.35,59.69,2450.24,23.71,36.97,84.26,10.41,1752.57
T0004122,O0001374,INV0002061,IL0004122,2026-09-23,2026-09-23,C00460,P0067,SO03,BU2,R02,USD,25,24.63,1.05,23.12,0.39,0.95,0.88,1.55,16.1
T0004123,O0001375,INV0002062,IL0004123,2026-10-14,2026-10-14,C00319,P0012,SO03,BU2,R04,USD,934,1167.03,103.68,981.84,29.43,60.21,8.13,30.19,614.27
T0004124,O0001375,INV0002062,IL0004124,2026-04-22,2026-04-22,C00054,P0029,SO02,BU4,R03,USD,922,1519.64,29.41,1430.45,35.65,44.88,20.75,84.0,902.45
T0004125,O0001375,INV0002063,IL0004125,2026-02-18,2026-02-18,C00081,P0017,SO01,BU4,R01,USD,443,526.95,24.96,494.35,1.36,21.51,15.23,10.1,282.07
T0004126,O0001376,INV0002063,IL0004126,2026-12-17,2026-12-17,C00328,P0056,SO03,BU3,R04,USD,1175,2378.79,27.92,2275.43,30.34,113.45,68.35,49.49,1424.36
T0004127,O0001376,INV0002064,IL0004127,2026-11-22,2026-11-22,C00339,P0102,SO05,BU4,R02,USD,1127,1775.81,102.5,1653.0,39.01,46.83,65.53,85.23,938.06
T0004128,O0001376,INV0002064,IL0004128,2026-05-30,2026-05-30,C00071,P0047,SO05,BU2,R04,USD,961,1634.28,102.82,1525.87,8.89,23.16,26.46,99.16,1230.68
T0004129,O0001377,INV0002065,IL0004129,2026-03-10,2026-03-10,C00226,P0011,SO05,BU3,R01,USD,219,268.89,11.92,250.29,5.15,7.67,6.14,2.47,163.72
T0004130,O0001377,INV0002065,IL0004130,2026-04-13,2026-04-13,C00275,P0095,SO01,BU2,R02,USD,403,1101.84,109.81,1012.9,19.76,3.34,43.97,13.41,771.11
T0004131,O0001377,INV0002066,IL0004131,2025-03-13,2025-03-13,C00115,P0114,SO03,BU4,R02,USD,524,571.58,7.35,551.87,4.9,26.17,18.71,2.53,289.7
T0004132,O0001378,INV0002066,IL0004132,2025-11-19,2025-11-19,C00266,P0048,SO01,BU2,R01,USD,145,241.89,20.0,221.12,2.42,5.92,7.57,6.98,181.67
T0004133,O0001378,INV0002067,IL0004133,2025-01-27,2025-01-27,C00223,P0117,SO01,BU4,R04,USD,885,2463.49,149.22,2246.9,61.1,15.85,9.58,141.83,1767.26
T0004134,O0001378,INV0002067,IL0004134,2025-11-01,2025-11-01,C00161,P0063,SO03,BU2,R01,USD,412,286.63,25.5,254.75,1.39,5.08,0.09,6.43,155.47
T0004135,O0001379,INV0002068,IL0004135,2025-09-06,2025-09-06,C00356,P0045,SO03,BU3,R02,USD,77,34.47,1.16,32.69,0.31,0.76,0.45,0.16,24.81
T0004136,O0001379,INV0002068,IL0004136,2026-08-17,2026-08-17,C00302,P0092,SO04,BU3,R03,USD,929,1336.09,31.06,1260.84,28.17,35.28,19.26,64.04,840.67
T0004137,O0001379,INV0002069,IL0004137,2026-01-14,2026-01-14,C00283,P0051,SO01,BU2,R02,USD,94,33.73,0.9,31.79,0.93,0.61,0.5,1.92,23.79
T0004138,O0001380,INV0002069,IL0004138,2026-02-10,2026-02-10,C00448,P0121,SO05,BU4,R04,USD,1055,1642.32,131.96,1451.44,47.93,39.47,28.48,86.54,981.15
T0004139,O0001380,INV0002070,IL0004139,2025-11-04,2025-11-04,C00343,P0080,SO05,BU2,R04,USD,1196,1836.7,21.5,1698.96,36.46,94.03,14.25,49.06,949.65
T0004140,O0001380,INV0002070,IL0004140,2026-04-05,2026-04-05,C00390,P0050,SO04,BU3,R03,USD,295,552.27,20.82,522.1,11.76,0.7,3.11,10.76,418.53
T0004141,O0001381,INV0002071,IL0004141,2026-09-23,2026-09-23,C00313,P0036,SO03,BU3,R01,USD,193,351.24,6.14,330.92,4.71,18.49,9.02,7.9,246.45
T0004142,O0001381,INV0002071,IL0004142,2026-03-18,2026-03-18,C00309,P0124,SO03,BU2,R03,USD,357,121.2,7.02,114.47,0.75,3.2,4.24,7.46,61.38
T0004143,O0001381,INV0002072,IL0004143,2025-08-09,2025-08-09,C00262,P0039,SO04,BU3,R03,USD,1044,723.07,54.72,638.78,21.08,35.01,26.52,39.74,368.3
T0004144,O0001382,INV0002072,IL0004144,2026-11-14,2026-11-14,C00487,P0095,SO05,BU4,R04,USD,725,1950.54,95.59,1860.47,24.92,46.62,77.06,81.8,969.53
T0004145,O0001382,INV0002073,IL0004145,2026-02-02,2026-02-02,C00263,P0009,SO03,BU4,R04,USD,88,88.77,8.58,77.05,0.08,4.22,1.16,1.46,67.04
T0004146,O0001382,INV0002073,IL0004146,2026-03-07,2026-03-07,C00267,P0005,SO03,BU3,R02,USD,420,208.49,18.12,181.6,1.72,10.52,3.47,6.27,153.53
T0004147,O0001383,INV0002074,IL0004147,2025-07-20,2025-07-20,C00096,P0027,SO04,BU4,R04,USD,255,665.5,22.9,628.14,11.47,22.67,19.68,5.72,439.93
T0004148,O0001383,INV0002074,IL0004148,2025-03-25,2025-03-25,C00389,P0122,SO05,BU4,R03,USD,230,407.61,34.34,357.93,12.14,13.93,10.73,1.67,264.39
T0004149,O0001383,INV0002075,IL0004149,2026-01-24,2026-01-24,C00150,P0017,SO01,BU4,R03,USD,862,884.76,61.88,804.5,3.42,44.22,29.26,17.04,667.03
T0004150,O0001384,INV0002075,IL0004150,2026-10-12,2026-10-12,C00105,P0102,SO01,BU1,R01,USD,1177,3323.26,295.72,2921.36,98.41,76.87,69.1,16.8,1695.12
T0004151,O0001384,INV0002076,IL0004151,2026-11-09,2026-11-09,C00111,P0107,SO01,BU1,R04,USD,798,765.76,46.59,681.23,8.36,35.57,5.99,28.98,424.76
T0004152,O0001384,INV0002076,IL0004152,2025-08-01,2025-08-01,C00065,P0016,SO01,BU1,R01,USD,857,230.62,2.69,229.83,1.36,2.56,5.82,0.47,173.63
T0004153,O0001385,INV0002077,IL0004153,2025-08-14,2025-08-14,C00092,P0089,SO04,BU2,R02,USD,363,963.87,65.27,873.86,28.85,28.99,33.1,42.11,637.24
T0004154,O0001385,INV0002077,IL0004154,2026-07-07,2026-07-07,C00009,P0077,SO05,BU4,R01,USD,1024,302.49,12.46,277.27,5.0,11.66,3.9,1.89,228.33
T0004155,O0001385,INV0002078,IL0004155,2026-02-19,2026-02-19,C00292,P0054,SO01,BU2,R02,USD,589,155.67,5.18,143.99,3.57,7.64,4.71,7.88,104.02
T0004156,O0001386,INV0002078,IL0004156,2025-04-13,2025-04-13,C00042,P0145,SO02,BU3,R01,USD,766,544.93,5.35,541.1,0.02,15.38,16.92,15.02,272.8
T0004157,O0001386,INV0002079,IL0004157,2026-02-14,2026-02-14,C00255,P0113,SO01,BU1,R04,USD,747,443.94,43.61,389.0,12.17,8.11,8.95,14.45,334.43
T0004158,O0001386,INV0002079,IL0004158,2025-02-13,2025-02-13,C00134,P0049,SO05,BU4,R03,USD,543,307.12,0.43,296.92,9.18,8.7,8.11,2.97,197.89
T0004159,O0001387,INV0002080,IL0004159,2026-07-07,2026-07-07,C00425,P0084,SO01,BU4,R01,USD,1062,2433.36,148.13,2171.26,59.78,72.85,18.66,68.73,1184.17
T0004160,O0001387,INV0002080,IL0004160,2025-07-31,2025-07-31,C00385,P0022,SO05,BU1,R01,USD,115,133.77,7.38,123.67,2.23,4.17,3.68,1.78,83.66
T0004161,O0001387,INV0002081,IL0004161,2025-03-05,2025-03-05,C00234,P0065,SO02,BU1,R01,USD,949,2571.22,19.96,2473.14,14.57,137.89,74.34,113.19,1485.5
T0004162,O0001388,INV0002081,IL0004162,2025-10-08,2025-10-08,C00008,P0082,SO02,BU2,R04,USD,157,260.31,6.32,247.02,6.59,5.53,5.15,0.64,127.39
T0004163,O0001388,INV0002082,IL0004163,2025-10-10,2025-10-10,C00264,P0092,SO05,BU2,R04,USD,233,492.19,37.95,437.94,10.94,18.46,13.1,3.17,306.03
T0004164,O0001388,INV0002082,IL0004164,2026-08-20,2026-08-20,C00146,P0084,SO01,BU2,R01,USD,661,695.77,17.33,684.34,11.94,5.59,23.43,13.01,418.01
T0004165,O0001389,INV0002083,IL0004165,2025-04-14,2025-04-14,C00480,P0040,SO04,BU3,R04,USD,1120,1533.73,9.61,1474.38,38.67,51.64,40.57,15.03,788.22
T0004166,O0001389,INV0002083,IL0004166,2025-09-19,2025-09-19,C00056,P0128,SO04,BU2,R04,USD,234,111.27,9.85,95.16,1.03,5.93,0.7,0.25,76.78
T0004167,O0001389,INV0002084,IL0004167,2026-02-20,2026-02-20,C00384,P0088,SO05,BU1,R04,USD,852,2003.65,26.39,1946.95,23.32,86.83,79.84,70.36,1277.93
T0004168,O0001390,INV0002084,IL0004168,2026-12-21,2026-12-21,C00433,P0016,SO01,BU1,R01,USD,167,58.72,4.17,52.2,0.39,2.25,0.29,3.02,35.66
T0004169,O0001390,INV0002085,IL0004169,2025-12-12,2025-12-12,C00189,P0100,SO05,BU3,R03,USD,513,348.12,19.09,306.1,6.76,18.85,2.68,2.13,216.32
T0004170,O0001390,INV0002085,IL0004170,2025-09-04,2025-09-04,C00158,P0073,SO03,BU1,R03,USD,357,231.26,11.69,216.59,5.2,3.36,5.58,14.88,114.62
T0004171,O0001391,INV0002086,IL0004171,2026-06-09,2026-06-09,C00346,P0147,SO01,BU1,R01,USD,711,1514.0,55.6,1399.41,27.92,75.24,44.17,51.4,841.32
T0004172,O0001391,INV0002086,IL0004172,2025-03-12,2025-03-12,C00224,P0140,SO03,BU4,R04,USD,823,483.02,46.01,441.13,7.13,2.28,13.53,14.42,298.18
T0004173,O0001391,INV0002087,IL0004173,2025-05-06,2025-05-06,C00489,P0013,SO02,BU4,R01,USD,172,451.79,41.26,388.34,10.05,22.49,10.35,20.38,311.45
T0004174,O0001392,INV0002087,IL0004174,2025-03-28,2025-03-28,C00192,P0087,SO01,BU3,R04,USD,196,324.05,19.21,285.95,6.98,14.08,2.17,4.94,194.03
T0004175,O0001392,INV0002088,IL0004175,2025-11-22,2025-11-22,C00072,P0036,SO04,BU4,R04,USD,1001,710.01,39.17,651.1,3.02,30.34,13.62,7.82,468.66
T0004176,O0001392,INV0002088,IL0004176,2026-07-02,2026-07-02,C00031,P0042,SO01,BU1,R04,USD,327,597.76,38.47,552.91,8.23,5.67,7.52,25.07,304.73
T0004177,O0001393,INV0002089,IL0004177,2025-09-27,2025-09-27,C00075,P0009,SO05,BU2,R02,USD,697,1690.57,87.18,1513.05,5.64,91.91,7.21,80.71,983.25
T0004178,O0001393,INV0002089,IL0004178,2026-01-24,2026-01-24,C00071,P0096,SO03,BU4,R04,USD,134,102.36,9.05,92.14,0.86,0.37,0.06,1.36,52.45
T0004179,O0001393,INV0002090,IL0004179,2025-10-16,2025-10-16,C00218,P0078,SO05,BU2,R01,USD,388,156.48,3.89,150.74,3.01,4.32,5.48,8.95,76.33
T0004180,O0001394,INV0002090,IL0004180,2025-12-10,2025-12-10,C00340,P0036,SO05,BU1,R02,USD,989,2728.26,6.42,2684.44,54.07,64.14,80.81,75.07,1739.93
T0004181,O0001394,INV0002091,IL0004181,2026-10-29,2026-10-29,C00243,P0150,SO02,BU1,R02,USD,931,1897.28,66.7,1806.02,38.24,45.5,59.18,26.76,952.05
T0004182,O0001394,INV0002091,IL0004182,2025-01-16,2025-01-16,C00438,P0115,SO04,BU2,R03,USD,603,1103.73,41.98,1046.83,5.56,27.15,17.79,30.11,597.09
T0004183,O0001395,INV0002092,IL0004183,2025-01-27,2025-01-27,C00485,P0011,SO05,BU3,R03,USD,241,629.42,38.77,591.0,5.34,10.88,16.57,26.27,439.75
T0004184,O0001395,INV0002092,IL0004184,2025-05-12,2025-05-12,C00024,P0025,SO03,BU3,R04,USD,304,772.52,60.89,666.22,11.21,34.45,0.25,6.0,431.8
T0004185,O0001395,INV0002093,IL0004185,2026-12-18,2026-12-18,C00190,P0146,SO03,BU4,R03,USD,492,941.05,85.62,851.34,5.94,28.57,30.42,6.66,512.91
T0004186,O0001396,INV0002093,IL0004186,2025-03-18,2025-03-18,C00221,P0104,SO05,BU4,R03,USD,975,975.78,30.0,890.39,25.69,31.25,1.55,37.62,499.65
T0004187,O0001396,INV0002094,IL0004187,2026-06-24,2026-06-24,C00414,P0149,SO01,BU3,R03,USD,149,341.82,4.02,317.52,5.07,16.97,1.76,20.3,219.86
T0004188,O0001396,INV0002094,IL0004188,2026-05-22,2026-05-22,C00061,P0083,SO02,BU4,R03,USD,1066,1332.18,24.21,1326.88,12.05,15.4,46.36,28.08,909.47
T0004189,O0001397,INV0002095,IL0004189,2026-06-06,2026-06-06,C00276,P0074,SO03,BU1,R02,USD,1199,2939.11,131.08,2726.59,71.64,74.63,64.83,4.93,1695.84
T0004190,O0001397,INV0002095,IL0004190,2026-11-18,2026-11-18,C00012,P0092,SO05,BU3,R02,USD,144,51.87,5.06,45.3,1.31,1.51,1.31,0.19,28.95
T0004191,O0001397,INV0002096,IL0004191,2026-05-15,2026-05-15,C00423,P0067,SO02,BU1,R04,USD,533,337.87,10.37,316.64,2.34,11.29,2.77,21.21,199.05
T0004192,O0001398,INV0002096,IL0004192,2025-10-21,2025-10-21,C00159,P0138,SO03,BU1,R04,USD,949,466.62,25.13,441.84,1.06,1.74,3.15,13.63,287.97
T0004193,O0001398,INV0002097,IL0004193,2025-08-14,2025-08-14,C00152,P0115,SO05,BU3,R04,USD,600,1050.18,46.01,1000.42,16.32,16.85,29.42,16.46,640.18
T0004194,O0001398,INV0002097,IL0004194,2025-09-06,2025-09-06,C00329,P0027,SO02,BU1,R01,USD,1074,493.18,20.49,476.29,4.84,7.73,16.17,9.24,345.98
T0004195,O0001399,INV0002098,IL0004195,2026-10-11,2026-10-11,C00181,P0088,SO05,BU3,R03,USD,945,1776.79,5.31,1674.71,24.53,76.58,4.34,75.25,1297.34
T0004196,O0001399,INV0002098,IL0004196,2025-11-13,2025-11-13,C00324,P0096,SO01,BU3,R02,USD,441,110.96,0.22,112.62,1.61,0.63,4.12,3.71,56.5
T0004197,O0001399,INV0002099,IL0004197,2025-12-26,2025-12-26,C00301,P0045,SO04,BU4,R03,USD,385,660.04,36.58,597.65,7.56,25.07,6.82,14.3,384.59
T0004198,O0001400,INV0002099,IL0004198,2026-10-24,2026-10-24,C00469,P0042,SO01,BU3,R03,USD,224,338.2,9.76,317.13,5.4,8.02,2.11,6.84,223.9
T0004199,O0001400,INV0002100,IL0004199,2025-06-09,2025-06-09,C00389,P0070,SO02,BU3,R03,USD,906,907.63,45.86,857.12,3.68,7.68,6.71,4.37,448.7
T0004200,O0001400,INV0002100,IL0004200,2026-03-05,2026-03-05,C00150,P0147,SO03,BU1,R03,USD,95,133.17,5.01,131.5,0.62,0.45,4.41,6.67,89.52
T0004201,O0001401,INV0002101,IL0004201,2026-06-10,2026-06-10,C00237,P0108,SO02,BU2,R03,USD,852,1180.28,27.37,1171.78,6.03,2.18,27.08,79.91,894.14
T0004202,O0001401,INV0002101,IL0004202,2026-08-10,2026-08-10,C00176,P0100,SO05,BU4,R04,USD,409,935.46,5.54,900.62,20.56,21.74,13.0,35.83,553.0
T0004203,O0001401,INV0002102,IL0004203,2026-10-06,2026-10-06,C00059,P0086,SO03,BU2,R02,USD,1074,919.99,61.59,856.19,3.49,20.08,21.36,6.2,509.7
T0004204,O0001402,INV0002102,IL0004204,2025-01-28,2025-01-28,C00410,P0009,SO01,BU2,R01,USD,77,124.42,4.67,118.3,1.51,0.23,0.29,1.19,87.23
T0004205,O0001402,INV0002103,IL0004205,2025-07-10,2025-07-10,C00050,P0093,SO04,BU4,R01,USD,964,984.44,59.29,903.34,13.96,42.92,35.07,21.33,584.92
T0004206,O0001402,INV0002103,IL0004206,2026-03-17,2026-03-17,C00182,P0060,SO03,BU3,R03,USD,564,1123.6,23.8,1080.67,30.3,11.09,22.26,21.7,554.01
T0004207,O0001403,INV0002104,IL0004207,2025-03-22,2025-03-22,C00405,P0012,SO05,BU3,R03,USD,946,595.6,8.54,581.1,8.34,20.24,22.62,37.12,431.04
T0004208,O0001403,INV0002104,IL0004208,2026-08-04,2026-08-04,C00099,P0103,SO01,BU4,R02,USD,610,377.53,27.47,345.52,0.37,10.09,5.92,15.51,274.95
T0004209,O0001403,INV0002105,IL0004209,2026-11-15,2026-11-15,C00444,P0136,SO05,BU3,R02,USD,447,1161.22,88.6,1050.07,17.97,7.54,2.96,47.99,624.56
T0004210,O0001404,INV0002105,IL0004210,2025-06-26,2025-06-26,C00352,P0149,SO05,BU1,R04,USD,435,693.43,25.25,655.37,20.08,5.64,12.91,12.38,397.97
T0004211,O0001404,INV0002106,IL0004211,2026-06-21,2026-06-21,C00411,P0008,SO03,BU1,R02,USD,505,939.25,24.79,888.1,15.5,31.48,20.62,17.33,558.6
T0004212,O0001404,INV0002106,IL0004212,2025-04-23,2025-04-23,C00475,P0044,SO04,BU2,R02,USD,224,277.18,20.61,254.31,2.7,4.74,5.18,11.73,152.27
T0004213,O0001405,INV0002107,IL0004213,2026-08-08,2026-08-08,C00241,P0015,SO05,BU1,R01,USD,257,655.56,19.52,617.89,7.49,26.73,16.07,1.5,451.28
T0004214,O0001405,INV0002107,IL0004214,2026-04-30,2026-04-30,C00343,P0098,SO03,BU3,R04,USD,113,65.23,3.98,59.38,0.84,2.72,1.69,1.22,38.01
T0004215,O0001405,INV0002108,IL0004215,2026-08-25,2026-08-25,C00384,P0012,SO04,BU1,R04,USD,416,618.34,53.6,550.53,3.1,22.45,11.34,12.72,448.94
T0004216,O0001406,INV0002108,IL0004216,2025-07-30,2025-07-30,C00165,P0106,SO01,BU2,R03,USD,496,1346.49,110.08,1212.45,39.6,20.31,35.95,83.36,937.23
T0004217,O0001406,INV0002109,IL0004217,2026-02-11,2026-02-11,C00005,P0076,SO03,BU2,R03,USD,741,1859.24,15.81,1740.97,33.08,93.2,23.82,28.68,1096.98
T0004218,O0001406,INV0002109,IL0004218,2025-07-10,2025-07-10,C00345,P0104,SO01,BU4,R01,USD,155,342.64,2.64,331.06,5.05,6.35,2.46,3.97,222.3
T0004219,O0001407,INV0002110,IL0004219,2026-04-11,2026-04-11,C00092,P0149,SO03,BU3,R02,USD,840,1489.82,140.66,1354.9,34.09,10.71,50.54,33.02,774.36
T0004220,O0001407,INV0002110,IL0004220,2026-07-14,2026-07-14,C00132,P0019,SO03,BU2,R02,USD,917,973.85,83.86,859.94,28.24,20.9,19.09,29.17,569.53
T0004221,O0001407,INV0002111,IL0004221,2025-06-13,2025-06-13,C00343,P0067,SO02,BU4,R04,USD,1076,2773.93,144.37,2569.87,71.78,35.94,48.03,100.67,1719.57
T0004222,O0001408,INV0002111,IL0004222,2025-08-29,2025-08-29,C00340,P0073,SO02,BU2,R02,USD,1062,761.14,61.93,685.32,4.44,21.4,11.95,16.87,500.79
T0004223,O0001408,INV0002112,IL0004223,2026-10-12,2026-10-12,C00296,P0047,SO03,BU1,R04,USD,859,1352.84,51.75,1240.94,21.01,40.34,1.2,36.23,872.41
T0004224,O0001408,INV0002112,IL0004224,2025-09-02,2025-09-02,C00027,P0007,SO02,BU2,R02,USD,391,917.64,44.46,857.45,10.04,31.09,25.4,0.95,609.79
T0004225,O0001409,INV0002113,IL0004225,2026-04-27,2026-04-27,C00448,P0002,SO05,BU4,R04,USD,328,549.73,12.91,514.74,3.66,24.24,5.82,7.78,368.88
T0004226,O0001409,INV0002113,IL0004226,2026-04-29,2026-04-29,C00148,P0116,SO01,BU2,R02,USD,1031,2464.4,56.11,2416.0,12.97,19.5,40.18,85.12,1682.35
T0004227,O0001409,INV0002114,IL0004227,2025-10-13,2025-10-13,C00448,P0147,SO01,BU3,R04,USD,542,325.9,26.83,292.77,7.25,2.26,3.21,5.05,222.95
T0004228,O0001410,INV0002114,IL0004228,2026-02-09,2026-02-09,C00375,P0147,SO02,BU1,R04,USD,448,249.67,7.72,243.62,5.09,2.39,9.15,16.92,125.82
T0004229,O0001410,INV0002115,IL0004229,2025-12-20,2025-12-20,C00314,P0129,SO04,BU4,R01,USD,862,2272.92,151.1,2094.59,1.74,99.94,74.45,78.33,1110.61
T0004230,O0001410,INV0002115,IL0004230,2025-03-05,2025-03-05,C00135,P0005,SO05,BU4,R04,USD,435,346.74,25.08,308.92,4.55,18.98,10.79,2.75,198.41
T0004231,O0001411,INV0002116,IL0004231,2026-05-11,2026-05-11,C00185,P0067,SO05,BU1,R01,USD,808,1199.4,95.62,1055.32,24.81,46.89,23.24,10.91,637.96
T0004232,O0001411,INV0002116,IL0004232,2025-11-19,2025-11-19,C00179,P0061,SO05,BU1,R02,USD,665,208.81,2.01,202.78,3.87,6.64,6.49,13.23,111.1
T0004233,O0001411,INV0002117,IL0004233,2026-03-30,2026-03-30,C00130,P0093,SO04,BU4,R01,USD,184,379.28,14.97,346.27,9.27,20.62,11.85,13.25,226.88
T0004234,O0001412,INV0002117,IL0004234,2025-06-27,2025-06-27,C00397,P0076,SO04,BU3,R03,USD,675,1705.25,38.32,1646.46,29.73,39.96,49.22,109.53,1271.8
T0004235,O0001412,INV0002118,IL0004235,2026-04-21,2026-04-21,C00166,P0039,SO04,BU3,R03,USD,841,1038.63,31.66,1001.58,29.9,3.75,28.26,14.88,647.45
T0004236,O0001412,INV0002118,IL0004236,2025-05-18,2025-05-18,C00338,P0001,SO05,BU3,R01,USD,327,227.62,13.05,211.9,3.98,1.09,2.4,13.74,134.73
T0004237,O0001413,INV0002119,IL0004237,2025-02-25,2025-02-25,C00397,P0106,SO02,BU3,R03,USD,896,1549.54,102.95,1386.82,23.64,84.96,48.83,44.47,1164.61
T0004238,O0001413,INV0002119,IL0004238,2026-03-07,2026-03-07,C00333,P0093,SO02,BU4,R03,USD,1198,456.32,43.71,397.4,5.19,20.7,10.68,20.6,270.9
T0004239,O0001413,INV0002120,IL0004239,2025-05-22,2025-05-22,C00102,P0097,SO04,BU1,R03,USD,637,1087.68,62.36,995.07,26.06,41.06,36.87,46.43,593.5
T0004240,O0001414,INV0002120,IL0004240,2025-10-03,2025-10-03,C00101,P0065,SO05,BU1,R03,USD,617,1111.22,94.63,1021.45,5.18,12.07,22.11,19.42,679.43
T0004241,O0001414,INV0002121,IL0004241,2025-10-07,2025-10-07,C00076,P0047,SO05,BU1,R02,USD,212,523.72,35.6,484.43,2.06,18.6,16.97,28.53,367.81
T0004242,O0001414,INV0002121,IL0004242,2025-07-16,2025-07-16,C00499,P0132,SO03,BU3,R02,USD,1190,303.93,7.07,295.04,4.05,1.74,3.97,3.65,148.55
T0004243,O0001415,INV0002122,IL0004243,2026-01-10,2026-01-10,C00277,P0061,SO03,BU2,R03,USD,679,148.97,10.96,133.23,1.05,3.88,0.15,6.86,84.61
T0004244,O0001415,INV0002122,IL0004244,2025-11-27,2025-11-27,C00045,P0056,SO01,BU3,R03,USD,883,1884.41,185.56,1560.45,40.08,103.25,4.93,8.5,1136.41
T0004245,O0001415,INV0002123,IL0004245,2026-11-21,2026-11-21,C00494,P0017,SO03,BU1,R03,USD,481,1280.66,25.05,1215.16,13.38,31.43,4.36,22.16,743.28
T0004246,O0001416,INV0002123,IL0004246,2025-08-05,2025-08-05,C00125,P0130,SO01,BU2,R03,USD,672,664.07,32.19,606.58,8.17,20.87,3.74,1.38,444.08
T0004247,O0001416,INV0002124,IL0004247,2026-07-07,2026-07-07,C00069,P0146,SO04,BU3,R03,USD,531,579.0,31.91,538.35,0.72,29.59,21.57,4.47,334.11
T0004248,O0001416,INV0002124,IL0004248,2026-07-25,2026-07-25,C00214,P0147,SO04,BU4,R03,USD,1165,2274.55,116.96,2092.34,5.82,93.02,33.59,88.62,1278.6
T0004249,O0001417,INV0002125,IL0004249,2025-04-20,2025-04-20,C00472,P0078,SO01,BU3,R04,USD,519,1104.54,37.41,1047.25,6.64,55.93,42.69,16.35,564.5
T0004250,O0001417,INV0002125,IL0004250,2026-04-23,2026-04-23,C00355,P0075,SO03,BU1,R02,USD,177,235.59,10.11,224.0,0.08,3.53,2.13,7.59,158.07
T0004251,O0001417,INV0002126,IL0004251,2026-11-16,2026-11-16,C00407,P0061,SO03,BU1,R04,USD,971,377.62,18.81,364.94,2.94,0.08,9.15,9.58,277.94
T0004252,O0001418,INV0002126,IL0004252,2025-09-03,2025-09-03,C00412,P0020,SO01,BU2,R02,USD,231,321.25,16.98,291.55,7.38,5.35,0.01,12.69,216.04
T0004253,O0001418,INV0002127,IL0004253,2026-04-07,2026-04-07,C00072,P0110,SO05,BU3,R04,USD,298,733.17,20.0,699.86,12.2,6.84,5.73,47.9,478.35
T0004254,O0001418,INV0002127,IL0004254,2026-10-23,2026-10-23,C00194,P0114,SO03,BU2,R01,USD,936,952.01,65.64,853.0,15.94,36.14,18.71,53.06,525.87
T0004255,O0001419,INV0002128,IL0004255,2025-04-30,2025-04-30,C00312,P0037,SO02,BU4,R04,USD,715,599.81,7.24,564.3,17.54,10.76,0.03,4.06,353.59
T0004256,O0001419,INV0002128,IL0004256,2025-04-25,2025-04-25,C00152,P0060,SO03,BU2,R04,USD,566,175.74,10.6,157.86,2.46,8.17,3.35,4.86,98.2
T0004257,O0001419,INV0002129,IL0004257,2026-08-27,2026-08-27,C00324,P0015,SO04,BU3,R02,USD,612,255.63,3.31,240.88,7.16,10.58,6.3,6.89,150.78
T0004258,O0001420,INV0002129,IL0004258,2025-02-27,2025-02-27,C00112,P0131,SO01,BU3,R04,USD,669,407.02,30.76,374.82,2.27,2.59,3.42,26.02,265.77
T0004259,O0001420,INV0002130,IL0004259,2026-05-13,2026-05-13,C00263,P0056,SO05,BU2,R04,USD,425,1135.77,60.85,1055.15,23.28,22.79,26.3,34.22,822.3
T0004260,O0001420,INV0002130,IL0004260,2026-04-23,2026-04-23,C00210,P0064,SO02,BU1,R01,USD,751,1161.42,45.51,1057.83,27.9,36.77,6.59,51.66,789.23
T0004261,O0001421,INV0002131,IL0004261,2025-10-04,2025-10-04,C00117,P0125,SO04,BU2,R03,USD,411,535.9,9.47,533.58,8.0,2.26,17.41,16.33,402.04
T0004262,O0001421,INV0002131,IL0004262,2025-08-06,2025-08-06,C00495,P0088,SO05,BU4,R04,USD,691,764.73,14.93,729.55,6.18,15.53,1.46,26.63,509.57
T0004263,O0001421,INV0002132,IL0004263,2025-12-11,2025-12-11,C00258,P0033,SO05,BU4,R01,USD,549,887.62,20.9,841.69,21.36,29.62,25.95,30.67,600.99
T0004264,O0001422,INV0002132,IL0004264,2025-11-30,2025-11-30,C00356,P0071,SO04,BU4,R02,USD,924,1598.15,112.0,1437.01,36.86,26.3,14.02,56.93,906.83
T0004265,O0001422,INV0002133,IL0004265,2025-05-02,2025-05-02,C00135,P0041,SO03,BU3,R04,USD,739,631.11,45.58,575.98,18.53,1.15,10.13,5.93,451.84
T0004266,O0001422,INV0002133,IL0004266,2025-05-27,2025-05-27,C00282,P0093,SO01,BU4,R01,USD,545,146.11,0.33,145.0,3.41,1.28,3.91,7.01,89.97
T0004267,O0001423,INV0002134,IL0004267,2025-01-21,2025-01-21,C00103,P0095,SO04,BU1,R04,USD,955,1270.91,118.69,1154.58,30.5,16.18,49.04,53.25,890.93
T0004268,O0001423,INV0002134,IL0004268,2026-03-29,2026-03-29,C00293,P0126,SO01,BU3,R03,USD,167,327.52,0.02,319.17,0.28,12.68,4.63,20.33,232.13
T0004269,O0001423,INV0002135,IL0004269,2026-09-29,2026-09-29,C00436,P0073,SO01,BU1,R02,USD,1008,637.86,51.03,559.52,4.37,33.35,10.41,1.64,370.92
T0004270,O0001424,INV0002135,IL0004270,2025-05-02,2025-05-02,C00365,P0017,SO01,BU4,R03,USD,112,173.68,9.79,163.27,0.73,5.61,5.72,8.0,87.65
T0004271,O0001424,INV0002136,IL0004271,2026-09-26,2026-09-26,C00015,P0002,SO01,BU2,R04,USD,738,221.03,17.31,205.72,0.62,5.36,7.98,6.42,157.4
T0004272,O0001424,INV0002136,IL0004272,2026-09-24,2026-09-24,C00293,P0015,SO02,BU4,R03,USD,768,798.49,19.21,737.61,12.07,30.49,0.89,47.26,520.37
T0004273,O0001425,INV0002137,IL0004273,2025-12-20,2025-12-20,C00246,P0075,SO01,BU3,R03,USD,781,2076.29,58.8,1981.59,8.5,43.64,16.24,34.07,1475.28
T0004274,O0001425,INV0002137,IL0004274,2026-10-12,2026-10-12,C00286,P0140,SO05,BU2,R03,USD,858,939.42,53.62,868.88,1.18,36.84,21.1,34.01,659.24
T0004275,O0001425,INV0002138,IL0004275,2025-10-29,2025-10-29,C00046,P0054,SO02,BU2,R03,USD,250,326.85,1.6,313.21,6.49,14.2,8.65,17.64,224.55
T0004276,O0001426,INV0002138,IL0004276,2025-02-12,2025-02-12,C00104,P0094,SO04,BU3,R04,USD,507,1274.95,37.06,1169.36,35.67,67.68,34.82,51.18,875.89
T0004277,O0001426,INV0002139,IL0004277,2025-07-19,2025-07-19,C00105,P0073,SO03,BU4,R01,USD,96,262.61,18.48,236.1,7.22,6.56,5.75,13.75,186.19
T0004278,O0001426,INV0002139,IL0004278,2025-04-13,2025-04-13,C00321,P0137,SO01,BU2,R01,USD,198,459.0,30.78,409.7,12.18,16.79,10.45,1.92,343.9
T0004279,O0001427,INV0002140,IL0004279,2026-01-21,2026-01-21,C00237,P0134,SO04,BU4,R03,USD,183,356.12,29.35,303.26,5.81,18.57,0.87,5.0,263.22
T0004280,O0001427,INV0002140,IL0004280,2026-07-09,2026-07-09,C00286,P0062,SO03,BU1,R03,USD,1192,2378.52,216.41,2168.7,54.97,18.37,79.93,68.27,1669.87
T0004281,O0001427,INV0002141,IL0004281,2025-11-21,2025-11-21,C00123,P0092,SO04,BU2,R02,USD,644,580.95,3.71,559.49,1.21,20.94,4.4,30.56,326.35
T0004282,O0001428,INV0002141,IL0004282,2026-12-12,2026-12-12,C00095,P0134,SO03,BU1,R04,USD,519,913.54,51.67,836.35,10.75,15.38,0.61,29.4,478.61
T0004283,O0001428,INV0002142,IL0004283,2025-09-26,2025-09-26,C00496,P0037,SO02,BU2,R04,USD,471,173.23,10.98,156.59,3.24,2.49,0.07,7.04,85.3
T0004284,O0001428,INV0002142,IL0004284,2026-11-02,2026-11-02,C00098,P0094,SO01,BU4,R01,USD,293,460.48,17.33,441.82,3.34,8.61,10.62,29.08,303.44
T0004285,O0001429,INV0002143,IL0004285,2025-04-02,2025-04-02,C00013,P0099,SO01,BU4,R03,USD,473,363.22,33.4,334.47,2.01,7.67,14.33,22.2,257.74
T0004286,O0001429,INV0002143,IL0004286,2025-10-30,2025-10-30,C00277,P0014,SO01,BU2,R03,USD,624,1072.78,41.97,979.53,19.82,41.56,10.1,37.56,682.35
T0004287,O0001429,INV0002144,IL0004287,2025-12-06,2025-12-06,C00379,P0047,SO01,BU1,R02,USD,160,29.49,2.72,25.84,0.87,1.13,1.07,1.23,21.79
T0004288,O0001430,INV0002144,IL0004288,2026-11-26,2026-11-26,C00159,P0078,SO05,BU2,R04,USD,1137,2782.69,136.71,2572.18,11.79,68.35,6.34,131.04,1417.38
T0004289,O0001430,INV0002145,IL0004289,2026-12-09,2026-12-09,C00282,P0120,SO01,BU1,R01,USD,396,788.71,13.41,748.94,17.1,19.61,10.35,7.02,513.8
T0004290,O0001430,INV0002145,IL0004290,2025-09-15,2025-09-15,C00384,P0136,SO03,BU4,R04,USD,1185,448.88,43.14,407.71,2.81,0.15,4.93,6.55,306.35
T0004291,O0001431,INV0002146,IL0004291,2026-05-14,2026-05-14,C00068,P0131,SO03,BU3,R02,USD,122,343.55,31.23,302.84,9.08,8.58,8.18,9.5,243.55
T0004292,O0001431,INV0002146,IL0004292,2026-01-01,2026-01-01,C00453,P0030,SO05,BU1,R03,USD,893,672.43,3.75,650.82,1.13,28.2,11.47,29.85,497.29
T0004293,O0001431,INV0002147,IL0004293,2025-08-05,2025-08-05,C00107,P0006,SO01,BU2,R02,USD,334,371.31,17.34,341.37,4.78,17.07,9.25,21.65,196.35
T0004294,O0001432,INV0002147,IL0004294,2026-05-16,2026-05-16,C00147,P0107,SO01,BU2,R02,USD,212,521.16,11.16,486.02,5.7,25.53,7.25,21.18,276.0
T0004295,O0001432,INV0002148,IL0004295,2026-01-12,2026-01-12,C00493,P0102,SO02,BU4,R03,USD,824,499.51,28.97,448.81,2.56,25.69,6.52,18.33,323.44
T0004296,O0001432,INV0002148,IL0004296,2026-08-04,2026-08-04,C00156,P0077,SO03,BU3,R02,USD,621,938.27,86.19,815.94,21.42,22.07,7.35,31.74,569.08
T0004297,O0001433,INV0002149,IL0004297,2026-12-29,2026-12-29,C00422,P0045,SO02,BU4,R03,USD,864,2312.93,178.01,2084.7,24.56,54.5,28.84,60.95,1432.53
T0004298,O0001433,INV0002149,IL0004298,2026-01-02,2026-01-02,C00461,P0083,SO01,BU4,R03,USD,1005,2120.75,68.19,1996.22,35.68,100.49,79.83,64.83,1048.99
T0004299,O0001433,INV0002150,IL0004299,2026-08-19,2026-08-19,C00212,P0072,SO01,BU3,R02,USD,146,65.04,3.81,61.29,0.01,2.2,2.27,1.77,46.58
T0004300,O0001434,INV0002150,IL0004300,2026-04-13,2026-04-13,C00002,P0080,SO01,BU2,R01,USD,879,773.87,74.09,699.23,11.6,15.2,26.25,38.43,489.65
T0004301,O0001434,INV0002151,IL0004301,2025-11-03,2025-11-03,C00353,P0102,SO04,BU2,R01,USD,23,46.67,2.93,43.15,0.31,1.81,1.53,1.12,24.8
T0004302,O0001434,INV0002151,IL0004302,2025-10-30,2025-10-30,C00053,P0107,SO05,BU1,R03,USD,961,1020.29,87.64,930.34,19.27,9.13,26.09,21.79,534.85
T0004303,O0001435,INV0002152,IL0004303,2025-04-23,2025-04-23,C00095,P0058,SO03,BU2,R04,USD,35,22.61,1.85,20.68,0.49,0.33,0.74,1.27,17.05
T0004304,O0001435,INV0002152,IL0004304,2025-05-18,2025-05-18,C00460,P0127,SO03,BU1,R02,USD,508,531.16,38.19,480.12,14.13,8.58,9.86,15.84,342.72
T0004305,O0001435,INV0002153,IL0004305,2025-04-04,2025-04-04,C00162,P0025,SO05,BU1,R01,USD,683,625.9,47.18,584.58,10.52,8.28,24.66,36.73,355.31
T0004306,O0001436,INV0002153,IL0004306,2025-08-21,2025-08-21,C00170,P0129,SO05,BU2,R01,USD,1178,2127.82,177.88,1813.33,43.57,98.7,5.66,28.29,1373.1
T0004307,O0001436,INV0002154,IL0004307,2025-12-23,2025-12-23,C00473,P0087,SO05,BU1,R01,USD,283,466.61,22.09,451.48,9.51,2.03,18.5,1.4,298.62
T0004308,O0001436,INV0002154,IL0004308,2026-07-16,2026-07-16,C00046,P0128,SO05,BU2,R03,USD,1187,1663.7,127.46,1544.27,6.11,26.27,40.41,45.79,909.83
T0004309,O0001437,INV0002155,IL0004309,2025-01-27,2025-01-27,C00290,P0139,SO05,BU4,R01,USD,207,550.89,2.96,550.26,11.06,8.54,21.93,28.96,314.13
T0004310,O0001437,INV0002155,IL0004310,2026-10-13,2026-10-13,C00435,P0027,SO05,BU4,R02,USD,936,2417.41,232.59,2102.77,4.47,112.6,35.02,114.3,1492.53
T0004311,O0001437,INV0002156,IL0004311,2025-08-01,2025-08-01,C00135,P0075,SO02,BU4,R04,USD,568,357.04,0.59,360.18,3.21,0.33,7.27,2.26,200.81
T0004312,O0001438,INV0002156,IL0004312,2026-06-11,2026-06-11,C00096,P0140,SO04,BU2,R04,USD,666,602.53,2.17,585.09,8.41,14.68,7.82,15.29,295.09
T0004313,O0001438,INV0002157,IL0004313,2025-05-03,2025-05-03,C00172,P0031,SO05,BU4,R02,USD,108,184.9,8.47,171.34,4.63,7.72,7.26,10.25,139.61
T0004314,O0001438,INV0002157,IL0004314,2026-08-17,2026-08-17,C00195,P0008,SO03,BU1,R02,USD,199,518.38,21.97,493.67,4.29,6.02,7.57,28.24,263.42
T0004315,O0001439,INV0002158,IL0004315,2025-09-26,2025-09-26,C00404,P0143,SO02,BU3,R02,USD,787,1923.19,60.23,1843.92,44.79,38.08,63.83,20.67,1212.89
T0004316,O0001439,INV0002158,IL0004316,2026-04-20,2026-04-20,C00378,P0016,SO04,BU2,R01,USD,279,710.36,29.54,669.27,17.88,4.31,10.64,31.45,453.02
T0004317,O0001439,INV0002159,IL0004317,2025-09-15,2025-09-15,C00307,P0008,SO04,BU2,R02,USD,52,127.5,8.22,116.56,1.9,0.87,0.05,2.89,86.61
T0004318,O0001440,INV0002159,IL0004318,2025-03-20,2025-03-20,C00337,P0036,SO01,BU1,R01,USD,540,624.08,36.59,561.25,14.56,20.03,8.35,8.07,436.05
T0004319,O0001440,INV0002160,IL0004319,2025-09-25,2025-09-25,C00308,P0067,SO02,BU3,R02,USD,1161,1281.86,81.37,1188.18,16.27,14.42,18.38,57.8,926.33
T0004320,O0001440,INV0002160,IL0004320,2025-10-03,2025-10-03,C00304,P0022,SO03,BU4,R04,USD,1117,2394.51,213.25,2039.43,37.98,114.67,10.82,89.92,1495.23
T0004321,O0001441,INV0002161,IL0004321,2026-11-10,2026-11-10,C00353,P0023,SO04,BU4,R01,USD,482,387.43,18.34,353.54,3.79,14.24,2.48,6.58,207.88
T0004322,O0001441,INV0002161,IL0004322,2025-06-20,2025-06-20,C00142,P0021,SO05,BU3,R03,USD,35,68.83,6.05,62.05,1.57,0.55,1.39,1.81,47.91
T0004323,O0001441,INV0002162,IL0004323,2025-09-09,2025-09-09,C00382,P0131,SO01,BU4,R03,USD,93,225.74,16.36,197.88,1.3,11.76,1.56,7.03,111.55
T0004324,O0001442,INV0002162,IL0004324,2025-05-26,2025-05-26,C00093,P0014,SO05,BU2,R03,USD,587,919.18,60.56,799.45,19.75,43.55,4.13,43.44,567.53
T0004325,O0001442,INV0002163,IL0004325,2026-07-30,2026-07-30,C00051,P0107,SO04,BU1,R02,USD,733,1063.14,85.38,965.66,1.1,17.01,6.01,67.03,769.4
T0004326,O0001442,INV0002163,IL0004326,2026-08-29,2026-08-29,C00009,P0004,SO01,BU2,R01,USD,1056,1020.84,13.59,984.69,23.42,27.99,28.85,53.85,644.12
T0004327,O0001443,INV0002164,IL0004327,2025-08-17,2025-08-17,C00437,P0025,SO03,BU4,R03,USD,1022,1527.07,42.11,1508.69,11.79,18.83,54.35,36.05,758.34
T0004328,O0001443,INV0002164,IL0004328,2026-11-15,2026-11-15,C00243,P0147,SO01,BU2,R02,USD,690,1427.06,91.21,1349.64,21.32,17.5,52.61,21.98,892.99
T0004329,O0001443,INV0002165,IL0004329,2026-05-28,2026-05-28,C00084,P0042,SO02,BU2,R02,USD,177,328.72,11.0,307.96,1.54,17.28,9.06,11.92,214.51
T0004330,O0001444,INV0002165,IL0004330,2025-10-22,2025-10-22,C00207,P0045,SO03,BU3,R04,USD,199,240.59,10.87,220.04,4.58,5.52,0.42,1.63,124.71
T0004331,O0001444,INV0002166,IL0004331,2025-05-16,2025-05-16,C00138,P0003,SO05,BU3,R01,USD,783,1045.54,75.18,920.92,19.95,38.4,8.91,37.07,546.46
T0004332,O0001444,INV0002166,IL0004332,2025-04-30,2025-04-30,C00388,P0063,SO01,BU3,R02,USD,99,185.14,1.86,183.83,1.33,2.61,4.49,8.86,116.95
T0004333,O0001445,INV0002167,IL0004333,2026-08-17,2026-08-17,C00168,P0007,SO04,BU3,R04,USD,281,665.69,5.5,658.3,16.48,10.45,25.04,11.82,492.95
T0004334,O0001445,INV0002167,IL0004334,2025-10-06,2025-10-06,C00343,P0150,SO04,BU1,R04,USD,909,505.31,14.89,474.77,12.77,18.31,15.43,8.33,283.42
T0004335,O0001445,INV0002168,IL0004335,2025-11-10,2025-11-10,C00065,P0028,SO05,BU3,R01,USD,748,957.29,54.47,867.55,16.85,49.56,31.14,53.02,546.76
T0004336,O0001446,INV0002168,IL0004336,2025-11-05,2025-11-05,C00133,P0079,SO04,BU2,R03,USD,753,1110.6,57.4,988.56,26.59,45.16,7.11,61.41,574.95
T0004337,O0001446,INV0002169,IL0004337,2026-06-08,2026-06-08,C00274,P0101,SO05,BU2,R01,USD,786,808.87,1.39,784.49,13.6,10.2,0.81,4.51,442.21
T0004338,O0001446,INV0002169,IL0004338,2026-07-26,2026-07-26,C00151,P0040,SO03,BU3,R04,USD,496,1333.0,13.05,1270.27,31.07,51.53,32.92,23.18,826.18
T0004339,O0001447,INV0002170,IL0004339,2025-08-13,2025-08-13,C00316,P0055,SO01,BU4,R02,USD,1003,1475.91,147.5,1257.94,33.14,80.89,43.56,22.13,1121.13
T0004340,O0001447,INV0002170,IL0004340,2025-06-05,2025-06-05,C00084,P0066,SO04,BU4,R02,USD,346,981.98,95.32,865.46,29.12,0.08,8.0,12.76,616.27
T0004341,O0001447,INV0002171,IL0004341,2025-04-11,2025-04-11,C00096,P0074,SO01,BU4,R04,USD,291,192.55,18.77,159.5,4.94,9.68,0.34,0.77,108.46
T0004342,O0001448,INV0002171,IL0004342,2026-05-10,2026-05-10,C00177,P0056,SO01,BU4,R01,USD,110,296.75,1.54,295.83,3.82,2.63,7.07,11.54,219.27
T0004343,O0001448,INV0002172,IL0004343,2026-10-05,2026-10-05,C00285,P0126,SO05,BU3,R03,USD,439,344.04,12.83,334.9,1.0,0.01,4.7,22.68,216.14
T0004344,O0001448,INV0002172,IL0004344,2026-04-17,2026-04-17,C00188,P0092,SO03,BU2,R02,USD,377,1043.57,98.53,960.23,4.98,5.03,25.2,51.82,734.7
T0004345,O0001449,INV0002173,IL0004345,2026-01-14,2026-01-14,C00451,P0026,SO02,BU2,R02,USD,1150,1813.89,138.8,1613.09,30.69,68.74,37.43,10.54,1231.27
T0004346,O0001449,INV0002173,IL0004346,2025-05-06,2025-05-06,C00467,P0026,SO05,BU4,R02,USD,563,373.94,4.49,349.17,9.18,14.62,3.52,15.7,193.62
T0004347,O0001449,INV0002174,IL0004347,2026-02-26,2026-02-26,C00131,P0049,SO02,BU3,R02,USD,663,720.15,58.39,665.81,4.22,11.24,19.51,35.82,489.3
T0004348,O0001450,INV0002174,IL0004348,2026-04-01,2026-04-01,C00066,P0004,SO04,BU1,R01,USD,113,270.35,23.57,241.25,5.47,3.21,3.15,3.31,150.74
T0004349,O0001450,INV0002175,IL0004349,2026-10-04,2026-10-04,C00498,P0009,SO01,BU1,R01,USD,175,349.55,33.76,311.51,4.82,2.15,2.69,14.13,180.88
T0004350,O0001450,INV0002175,IL0004350,2025-01-04,2025-01-04,C00337,P0133,SO01,BU4,R01,USD,359,357.71,17.17,327.11,2.57,11.27,0.41,20.51,220.37
T0004351,O0001451,INV0002176,IL0004351,2025-03-27,2025-03-27,C00467,P0043,SO02,BU4,R02,USD,1025,1879.75,101.45,1722.56,33.16,96.62,74.04,36.57,928.52
T0004352,O0001451,INV0002176,IL0004352,2025-04-25,2025-04-25,C00292,P0129,SO01,BU2,R02,USD,974,2165.4,215.76,1871.77,18.9,74.26,15.29,50.3,1062.02
T0004353,O0001451,INV0002177,IL0004353,2026-08-20,2026-08-20,C00322,P0020,SO02,BU4,R01,USD,303,714.78,38.63,653.77,1.83,36.72,16.17,26.37,441.76
T0004354,O0001452,INV0002177,IL0004354,2025-04-20,2025-04-20,C00219,P0104,SO02,BU4,R02,USD,125,333.3,29.3,300.65,0.48,6.83,3.96,3.03,161.93
T0004355,O0001452,INV0002178,IL0004355,2026-03-25,2026-03-25,C00200,P0016,SO04,BU4,R04,USD,268,207.3,8.06,192.52,2.11,5.37,0.76,0.26,156.56
T0004356,O0001452,INV0002178,IL0004356,2026-01-31,2026-01-31,C00441,P0106,SO03,BU2,R01,USD,724,1041.69,32.53,957.28,18.3,53.36,19.78,36.77,687.53
T0004357,O0001453,INV0002179,IL0004357,2026-04-07,2026-04-07,C00498,P0024,SO03,BU2,R01,USD,561,1302.19,47.67,1268.64,2.91,27.82,44.85,9.52,962.64
T0004358,O0001453,INV0002179,IL0004358,2026-08-30,2026-08-30,C00413,P0020,SO03,BU2,R03,USD,335,232.02,4.49,212.24,5.94,12.41,3.06,2.07,118.72
T0004359,O0001453,INV0002180,IL0004359,2026-11-11,2026-11-11,C00267,P0009,SO02,BU3,R02,USD,187,59.99,2.28,57.3,0.42,0.08,0.09,2.7,41.94
T0004360,O0001454,INV0002180,IL0004360,2026-07-25,2026-07-25,C00371,P0045,SO02,BU4,R02,USD,337,837.88,12.77,837.95,4.01,12.97,29.82,55.94,494.46
T0004361,O0001454,INV0002181,IL0004361,2026-12-22,2026-12-22,C00345,P0072,SO01,BU4,R01,USD,780,603.88,4.64,587.03,10.9,9.86,8.55,34.61,390.5
T0004362,O0001454,INV0002181,IL0004362,2025-07-31,2025-07-31,C00198,P0087,SO03,BU4,R03,USD,737,2098.53,194.2,1908.21,55.99,18.3,78.17,131.99,1266.4
T0004363,O0001455,INV0002182,IL0004363,2025-09-19,2025-09-19,C00224,P0109,SO05,BU3,R04,USD,796,1727.4,21.71,1645.11,21.21,66.31,26.94,74.16,1067.61
T0004364,O0001455,INV0002182,IL0004364,2026-08-26,2026-08-26,C00007,P0072,SO02,BU4,R04,USD,696,1871.54,141.51,1687.42,16.52,77.9,51.81,92.34,1087.0
T0004365,O0001455,INV0002183,IL0004365,2025-09-24,2025-09-24,C00497,P0038,SO02,BU4,R01,USD,601,1077.83,57.38,998.29,12.14,13.6,3.58,67.07,771.46
T0004366,O0001456,INV0002183,IL0004366,2026-02-12,2026-02-12,C00021,P0049,SO05,BU2,R03,USD,1057,1946.68,177.64,1748.06,12.97,11.62,3.61,103.5,1124.08
T0004367,O0001456,INV0002184,IL0004367,2025-08-29,2025-08-29,C00455,P0145,SO05,BU4,R04,USD,768,517.86,4.76,502.53,12.0,18.21,19.64,28.56,294.68
T0004368,O0001456,INV0002184,IL0004368,2025-09-19,2025-09-19,C00003,P0024,SO02,BU4,R02,USD,56,111.24,2.9,107.02,2.81,2.85,4.34,3.93,55.29
T0004369,O0001457,INV0002185,IL0004369,2026-07-16,2026-07-16,C00014,P0136,SO02,BU1,R03,USD,503,545.0,39.15,500.21,6.04,10.56,10.96,7.86,406.17
T0004370,O0001457,INV0002185,IL0004370,2025-09-25,2025-09-25,C00165,P0068,SO03,BU2,R03,USD,928,1091.42,66.9,990.42,18.81,46.34,31.05,24.23,603.32
T0004371,O0001457,INV0002186,IL0004371,2025-10-27,2025-10-27,C00473,P0042,SO04,BU3,R01,USD,128,272.95,23.15,248.8,1.74,7.96,8.7,8.97,155.98
T0004372,O0001458,INV0002186,IL0004372,2026-08-23,2026-08-23,C00254,P0136,SO01,BU3,R03,USD,136,317.45,28.25,280.93,4.32,15.05,11.1,9.46,233.03
T0004373,O0001458,INV0002187,IL0004373,2025-07-05,2025-07-05,C00391,P0082,SO03,BU4,R04,USD,126,278.14,2.98,266.93,4.42,8.31,4.5,12.61,167.7
T0004374,O0001458,INV0002187,IL0004374,2026-09-02,2026-09-02,C00134,P0096,SO04,BU4,R03,USD,230,560.99,50.22,493.83,15.2,20.96,19.22,14.27,395.48
T0004375,O0001459,INV0002188,IL0004375,2025-03-14,2025-03-14,C00331,P0145,SO05,BU4,R02,USD,326,462.69,7.92,462.22,6.1,2.68,16.23,23.56,315.87
T0004376,O0001459,INV0002188,IL0004376,2026-09-30,2026-09-30,C00493,P0095,SO05,BU4,R03,USD,799,550.27,4.06,515.64,12.65,25.64,7.72,7.36,272.69
T0004377,O0001459,INV0002189,IL0004377,2025-07-05,2025-07-05,C00022,P0145,SO03,BU4,R03,USD,780,299.29,20.47,283.55,0.18,4.75,9.66,19.16,166.59
T0004378,O0001460,INV0002189,IL0004378,2026-09-29,2026-09-29,C00491,P0124,SO01,BU2,R02,USD,1165,2795.42,183.52,2644.92,5.95,8.82,47.79,176.44,1598.62
T0004379,O0001460,INV0002190,IL0004379,2026-02-01,2026-02-01,C00291,P0057,SO05,BU1,R02,USD,1083,2775.62,73.88,2690.51,5.9,13.95,8.62,6.38,1479.65
T0004380,O0001460,INV0002190,IL0004380,2025-09-12,2025-09-12,C00487,P0125,SO01,BU1,R04,USD,951,428.52,11.33,402.0,10.72,13.93,9.46,19.64,262.81
T0004381,O0001461,INV0002191,IL0004381,2026-05-03,2026-05-03,C00111,P0028,SO04,BU2,R04,USD,1179,2713.7,121.42,2514.38,49.63,73.18,44.91,7.59,1338.52
T0004382,O0001461,INV0002191,IL0004382,2026-02-14,2026-02-14,C00327,P0114,SO01,BU4,R04,USD,608,193.1,11.48,179.93,2.68,0.67,1.66,8.51,112.71
T0004383,O0001461,INV0002192,IL0004383,2026-02-12,2026-02-12,C00196,P0019,SO03,BU2,R02,USD,27,32.11,0.01,30.87,0.88,1.39,1.04,1.08,15.78
T0004384,O0001462,INV0002192,IL0004384,2025-01-22,2025-01-22,C00052,P0002,SO05,BU1,R02,USD,297,158.45,1.85,149.76,3.34,4.88,1.38,6.44,119.48
T0004385,O0001462,INV0002193,IL0004385,2025-11-23,2025-11-23,C00050,P0010,SO04,BU4,R01,USD,166,367.34,32.81,318.01,10.01,14.83,8.32,16.17,257.55
T0004386,O0001462,INV0002193,IL0004386,2025-04-25,2025-04-25,C00003,P0098,SO05,BU3,R02,USD,903,1647.7,148.46,1518.62,41.67,3.59,64.64,32.41,920.82
T0004387,O0001463,INV0002194,IL0004387,2025-03-25,2025-03-25,C00406,P0109,SO03,BU4,R03,USD,377,630.19,46.87,563.28,6.86,19.67,6.49,38.24,326.33
T0004388,O0001463,INV0002194,IL0004388,2026-08-28,2026-08-28,C00480,P0085,SO02,BU1,R04,USD,800,403.6,18.0,372.17,1.31,19.94,7.82,4.06,291.78
T0004389,O0001463,INV0002195,IL0004389,2025-12-01,2025-12-01,C00130,P0078,SO05,BU4,R01,USD,809,828.5,2.99,833.54,3.9,12.55,24.48,4.88,606.71
T0004390,O0001464,INV0002195,IL0004390,2026-06-15,2026-06-15,C00340,P0037,SO01,BU3,R02,USD,549,1031.85,5.2,976.85,21.52,53.77,25.49,0.13,775.8
T0004391,O0001464,INV0002196,IL0004391,2025-06-24,2025-06-24,C00151,P0037,SO04,BU1,R04,USD,293,380.46,9.33,372.14,4.28,4.75,10.04,7.49,249.67
T0004392,O0001464,INV0002196,IL0004392,2026-03-30,2026-03-30,C00255,P0032,SO02,BU3,R04,USD,324,60.39,0.1,61.38,0.16,0.69,1.94,1.01,31.19
T0004393,O0001465,INV0002197,IL0004393,2026-06-21,2026-06-21,C00213,P0116,SO04,BU2,R03,USD,956,886.98,45.95,829.05,4.45,24.89,17.36,52.93,428.45
T0004394,O0001465,INV0002197,IL0004394,2026-09-22,2026-09-22,C00032,P0012,SO05,BU2,R04,USD,895,711.61,49.67,650.76,19.52,16.34,24.68,19.91,492.53
T0004395,O0001465,INV0002198,IL0004395,2026-08-05,2026-08-05,C00194,P0009,SO01,BU2,R01,USD,899,2431.26,75.83,2396.95,44.49,9.37,95.38,132.89,1195.3
T0004396,O0001466,INV0002198,IL0004396,2026-05-20,2026-05-20,C00063,P0107,SO05,BU2,R04,USD,681,1695.21,167.39,1476.55,49.34,59.48,57.55,93.98,1161.58
T0004397,O0001466,INV0002199,IL0004397,2025-12-19,2025-12-19,C00240,P0119,SO04,BU4,R04,USD,512,1032.5,92.95,916.55,13.95,19.57,10.52,47.89,630.2
T0004398,O0001466,INV0002199,IL0004398,2025-08-05,2025-08-05,C00326,P0045,SO02,BU1,R03,USD,960,2145.79,31.33,2083.79,50.4,20.48,40.21,140.16,1256.86
T0004399,O0001467,INV0002200,IL0004399,2025-09-21,2025-09-21,C00388,P0137,SO05,BU2,R02,USD,272,411.81,12.57,389.96,7.34,18.1,16.16,9.36,277.07
T0004400,O0001467,INV0002200,IL0004400,2025-10-09,2025-10-09,C00332,P0016,SO02,BU3,R02,USD,71,149.28,2.32,146.34,0.45,2.47,2.3,8.72,85.3
T0004401,O0001467,INV0002201,IL0004401,2026-07-31,2026-07-31,C00151,P0092,SO02,BU3,R04,USD,1144,3230.08,55.62,3087.55,94.82,24.24,32.15,71.95,2264.45
T0004402,O0001468,INV0002201,IL0004402,2025-09-08,2025-09-08,C00112,P0090,SO03,BU1,R04,USD,864,1342.83,21.74,1291.68,5.34,56.23,32.16,37.56,920.64
T0004403,O0001468,INV0002202,IL0004403,2026-01-09,2026-01-09,C00395,P0124,SO02,BU4,R02,USD,631,1132.52,71.85,1021.76,22.58,60.62,44.29,43.97,810.38
T0004404,O0001468,INV0002202,IL0004404,2025-01-01,2025-01-01,C00058,P0052,SO03,BU4,R01,USD,965,1819.7,13.32,1731.82,33.38,90.09,48.91,0.97,1118.95
T0004405,O0001469,INV0002203,IL0004405,2025-11-15,2025-11-15,C00449,P0023,SO04,BU4,R01,USD,171,193.38,14.93,174.96,0.63,4.05,1.19,2.98,96.57
T0004406,O0001469,INV0002203,IL0004406,2025-10-07,2025-10-07,C00083,P0141,SO03,BU3,R02,USD,241,273.87,12.67,249.59,5.94,6.1,0.43,6.58,190.95
T0004407,O0001469,INV0002204,IL0004407,2026-09-07,2026-09-07,C00230,P0094,SO01,BU1,R03,USD,765,1949.37,159.9,1680.53,35.41,84.22,10.69,43.6,1411.52
T0004408,O0001470,INV0002204,IL0004408,2025-02-09,2025-02-09,C00336,P0143,SO03,BU3,R04,USD,137,35.78,2.07,33.05,0.28,0.43,0.05,0.52,21.78
T0004409,O0001470,INV0002205,IL0004409,2025-01-15,2025-01-15,C00347,P0097,SO01,BU3,R02,USD,823,1391.53,20.32,1327.07,26.85,48.1,30.81,48.88,992.97
T0004410,O0001470,INV0002205,IL0004410,2026-01-27,2026-01-27,C00443,P0051,SO01,BU2,R02,USD,816,1911.32,79.74,1757.89,12.98,67.42,6.71,91.87,1049.34
T0004411,O0001471,INV0002206,IL0004411,2026-04-15,2026-04-15,C00174,P0059,SO05,BU4,R03,USD,1040,2588.04,227.72,2323.48,36.94,11.16,11.26,156.92,1858.6
T0004412,O0001471,INV0002206,IL0004412,2026-03-19,2026-03-19,C00370,P0075,SO05,BU1,R01,USD,462,121.09,4.56,113.06,3.61,1.71,1.85,7.44,61.92
T0004413,O0001471,INV0002207,IL0004413,2026-06-03,2026-06-03,C00376,P0052,SO02,BU1,R04,USD,139,178.31,5.36,167.49,3.87,6.77,5.18,10.65,127.18
T0004414,O0001472,INV0002207,IL0004414,2025-02-22,2025-02-22,C00183,P0137,SO05,BU2,R04,USD,981,856.41,47.76,782.15,15.0,23.01,11.51,51.94,602.06
T0004415,O0001472,INV0002208,IL0004415,2026-05-11,2026-05-11,C00411,P0042,SO05,BU2,R02,USD,693,1636.17,74.98,1484.24,27.68,84.82,35.55,82.87,871.09
T0004416,O0001472,INV0002208,IL0004416,2025-12-15,2025-12-15,C00177,P0076,SO01,BU1,R01,USD,582,340.0,0.73,334.53,1.15,11.9,8.31,17.82,174.48
T0004417,O0001473,INV0002209,IL0004417,2026-04-30,2026-04-30,C00229,P0135,SO01,BU3,R03,USD,582,682.45,38.62,634.99,17.12,1.18,9.46,24.29,462.0
T0004418,O0001473,INV0002209,IL0004418,2026-01-29,2026-01-29,C00478,P0033,SO04,BU2,R03,USD,371,908.36,19.53,867.02,15.44,40.03,33.66,0.51,621.93
T0004419,O0001473,INV0002210,IL0004419,2026-11-19,2026-11-19,C00322,P0033,SO02,BU4,R01,USD,729,1965.38,116.91,1828.19,50.75,19.81,50.28,26.38,1163.68
T0004420,O0001474,INV0002210,IL0004420,2026-05-15,2026-05-15,C00343,P0056,SO04,BU4,R04,USD,369,871.5,13.78,830.83,9.47,34.48,17.06,12.85,426.12
T0004421,O0001474,INV0002211,IL0004421,2025-04-08,2025-04-08,C00378,P0030,SO03,BU3,R01,USD,921,1029.03,50.48,945.38,20.59,20.65,8.07,19.45,534.87
T0004422,O0001474,INV0002211,IL0004422,2026-07-31,2026-07-31,C00324,P0046,SO04,BU4,R02,USD,699,287.36,12.32,274.6,2.66,3.48,5.7,1.34,182.0
T0004423,O0001475,INV0002212,IL0004423,2025-03-12,2025-03-12,C00119,P0083,SO05,BU4,R04,USD,451,500.88,34.88,460.47,7.72,16.1,18.29,25.25,368.61
T0004424,O0001475,INV0002212,IL0004424,2025-10-13,2025-10-13,C00276,P0045,SO01,BU3,R02,USD,897,542.42,49.29,483.09,3.46,12.67,6.09,6.83,362.62
T0004425,O0001475,INV0002213,IL0004425,2025-05-08,2025-05-08,C00221,P0022,SO05,BU1,R03,USD,10,19.0,1.17,17.27,0.53,0.44,0.41,0.58,12.96
T0004426,O0001476,INV0002213,IL0004426,2025-10-28,2025-10-28,C00079,P0121,SO01,BU4,R04,USD,686,311.92,6.93,285.87,6.15,13.56,0.59,17.24,201.24
T0004427,O0001476,INV0002214,IL0004427,2025-12-29,2025-12-29,C00019,P0099,SO03,BU1,R02,USD,222,445.44,28.58,407.36,13.32,13.39,17.21,14.77,305.89
T0004428,O0001476,INV0002214,IL0004428,2026-08-02,2026-08-02,C00441,P0071,SO05,BU2,R01,USD,171,222.71,18.3,209.67,1.58,1.22,8.06,5.6,112.34
T0004429,O0001477,INV0002215,IL0004429,2026-10-15,2026-10-15,C00363,P0139,SO01,BU3,R02,USD,649,1787.8,30.42,1741.96,40.15,12.31,37.04,84.53,1054.96
T0004430,O0001477,INV0002215,IL0004430,2025-01-11,2025-01-11,C00367,P0063,SO04,BU2,R04,USD,521,329.95,22.59,301.5,7.32,9.98,11.44,13.91,171.74
T0004431,O0001477,INV0002216,IL0004431,2026-03-14,2026-03-14,C00420,P0091,SO03,BU1,R02,USD,201,143.13,12.81,122.33,3.59,5.78,1.38,8.18,93.55
T0004432,O0001478,INV0002216,IL0004432,2025-03-22,2025-03-22,C00332,P0075,SO02,BU1,R02,USD,602,1203.94,114.76,1021.9,11.12,57.59,1.43,20.91,734.38
T0004433,O0001478,INV0002217,IL0004433,2025-12-12,2025-12-12,C00418,P0116,SO01,BU4,R01,USD,970,2557.99,30.98,2416.47,68.19,126.44,84.09,133.87,1763.78
T0004434,O0001478,INV0002217,IL0004434,2025-04-13,2025-04-13,C00257,P0054,SO04,BU4,R01,USD,832,692.89,52.51,635.28,18.41,8.45,21.76,31.39,505.04
T0004435,O0001479,INV0002218,IL0004435,2025-07-21,2025-07-21,C00021,P0086,SO05,BU3,R03,USD,733,1038.73,52.52,943.23,11.83,49.98,18.83,54.62,515.56
T0004436,O0001479,INV0002218,IL0004436,2025-12-11,2025-12-11,C00012,P0117,SO03,BU1,R02,USD,885,1167.67,109.33,995.81,20.16,43.27,0.9,49.62,866.67
T0004437,O0001479,INV0002219,IL0004437,2026-03-13,2026-03-13,C00042,P0013,SO04,BU2,R01,USD,1060,1935.03,72.07,1745.33,49.9,78.25,10.52,31.11,1342.35
T0004438,O0001480,INV0002219,IL0004438,2025-10-05,2025-10-05,C00444,P0028,SO04,BU1,R02,USD,141,93.38,2.54,85.38,1.89,4.3,0.73,1.69,56.22
T0004439,O0001480,INV0002220,IL0004439,2025-08-04,2025-08-04,C00163,P0150,SO03,BU1,R02,USD,112,22.29,1.97,19.12,0.37,0.84,0.01,0.14,13.9
T0004440,O0001480,INV0002220,IL0004440,2026-10-10,2026-10-10,C00111,P0136,SO03,BU2,R04,USD,259,456.31,32.44,408.52,7.96,16.09,8.7,14.47,291.39
T0004441,O0001481,INV0002221,IL0004441,2026-08-13,2026-08-13,C00414,P0057,SO03,BU2,R03,USD,226,616.1,32.92,572.83,16.18,4.36,10.19,33.99,296.2
T0004442,O0001481,INV0002221,IL0004442,2025-03-17,2025-03-17,C00239,P0093,SO05,BU3,R04,USD,872,1890.23,19.38,1868.88,1.81,54.05,53.89,41.79,1269.15
T0004443,O0001481,INV0002222,IL0004443,2025-05-09,2025-05-09,C00065,P0106,SO05,BU1,R01,USD,637,1130.23,9.78,1094.04,4.36,32.22,10.17,69.46,704.02
T0004444,O0001482,INV0002222,IL0004444,2026-02-18,2026-02-18,C00447,P0112,SO01,BU3,R04,USD,174,257.8,12.61,249.74,0.6,1.18,6.33,15.75,181.77
T0004445,O0001482,INV0002223,IL0004445,2026-08-07,2026-08-07,C00126,P0030,SO03,BU4,R03,USD,677,370.66,36.01,318.92,8.27,13.79,6.33,17.89,196.84
T0004446,O0001482,INV0002223,IL0004446,2025-12-17,2025-12-17,C00316,P0064,SO01,BU4,R02,USD,876,1699.62,10.64,1584.76,43.92,82.09,21.79,47.02,1174.38
T0004447,O0001483,INV0002224,IL0004447,2025-12-12,2025-12-12,C00057,P0099,SO02,BU3,R01,USD,234,326.87,15.32,308.56,7.52,4.53,9.06,11.56,194.73
T0004448,O0001483,INV0002224,IL0004448,2025-07-19,2025-07-19,C00148,P0032,SO03,BU4,R02,USD,693,168.19,3.39,158.26,2.03,6.6,2.09,9.37,108.65
T0004449,O0001483,INV0002225,IL0004449,2026-06-02,2026-06-02,C00226,P0084,SO05,BU3,R01,USD,627,1193.87,35.31,1125.57,25.07,20.0,12.08,40.6,620.66
T0004450,O0001484,INV0002225,IL0004450,2026-05-16,2026-05-16,C00112,P0143,SO01,BU2,R04,USD,226,498.15,44.55,444.81,13.53,13.98,18.72,8.7,372.79
T0004451,O0001484,INV0002226,IL0004451,2025-02-10,2025-02-10,C00461,P0090,SO02,BU2,R03,USD,456,1018.98,34.69,950.56,6.36,42.83,15.46,46.89,504.49
T0004452,O0001484,INV0002226,IL0004452,2026-03-02,2026-03-02,C00166,P0108,SO05,BU4,R03,USD,1162,3062.68,211.24,2781.36,20.13,82.6,32.65,95.78,1881.13
T0004453,O0001485,INV0002227,IL0004453,2025-08-22,2025-08-22,C00158,P0023,SO01,BU2,R03,USD,705,1527.88,97.97,1402.75,23.77,58.49,55.1,25.89,1007.23
T0004454,O0001485,INV0002227,IL0004454,2025-03-31,2025-03-31,C00014,P0109,SO02,BU4,R03,USD,949,2266.31,30.67,2120.42,49.65,121.84,56.27,124.51,1370.55
T0004455,O0001485,INV0002228,IL0004455,2026-01-11,2026-01-11,C00216,P0041,SO02,BU2,R04,USD,872,2061.41,130.23,1795.65,53.62,101.13,19.22,55.38,1554.53
T0004456,O0001486,INV0002228,IL0004456,2026-11-28,2026-11-28,C00250,P0117,SO04,BU1,R01,USD,647,1579.46,5.29,1488.47,34.84,86.16,35.3,48.88,847.91
T0004457,O0001486,INV0002229,IL0004457,2025-05-05,2025-05-05,C00384,P0029,SO02,BU1,R04,USD,390,1097.19,6.03,1090.39,0.4,40.51,40.14,56.16,537.46
T0004458,O0001486,INV0002229,IL0004458,2025-12-10,2025-12-10,C00378,P0131,SO01,BU2,R01,USD,987,2117.21,24.0,2075.88,56.07,23.07,61.81,139.44,1096.42
T0004459,O0001487,INV0002230,IL0004459,2025-02-24,2025-02-24,C00109,P0021,SO01,BU1,R03,USD,905,1123.11,31.61,1092.45,14.68,22.22,37.85,20.4,696.82
T0004460,O0001487,INV0002230,IL0004460,2026-06-05,2026-06-05,C00405,P0131,SO01,BU4,R03,USD,966,1530.43,78.36,1404.55,13.98,71.85,38.31,60.88,1045.42
T0004461,O0001487,INV0002231,IL0004461,2025-12-31,2025-12-31,C00239,P0149,SO01,BU4,R04,USD,184,81.73,7.14,72.23,0.21,4.12,1.97,0.34,45.95
T0004462,O0001488,INV0002231,IL0004462,2026-09-19,2026-09-19,C00028,P0097,SO04,BU3,R02,USD,372,861.48,55.02,775.63,14.76,16.79,0.72,52.27,621.03
T0004463,O0001488,INV0002232,IL0004463,2025-07-29,2025-07-29,C00486,P0035,SO01,BU4,R03,USD,1068,2935.93,115.23,2735.27,75.45,87.52,77.54,100.55,1907.78
T0004464,O0001488,INV0002232,IL0004464,2025-05-30,2025-05-30,C00010,P0006,SO03,BU4,R01,USD,393,1059.25,99.5,954.06,10.52,37.37,42.2,61.17,768.91
T0004465,O0001489,INV0002233,IL0004465,2025-09-25,2025-09-25,C00049,P0025,SO04,BU1,R01,USD,354,100.89,4.47,94.54,1.23,4.68,4.03,2.23,54.73
T0004466,O0001489,INV0002233,IL0004466,2026-07-31,2026-07-31,C00145,P0096,SO01,BU4,R01,USD,905,291.05,20.72,265.76,5.5,9.12,10.05,0.56,145.46
T0004467,O0001489,INV0002234,IL0004467,2025-10-04,2025-10-04,C00403,P0146,SO01,BU2,R02,USD,988,319.62,24.7,283.06,1.98,16.82,6.94,2.84,189.07
T0004468,O0001490,INV0002234,IL0004468,2026-08-05,2026-08-05,C00230,P0106,SO01,BU4,R03,USD,781,458.21,43.52,402.33,12.92,4.94,5.5,21.14,261.11
T0004469,O0001490,INV0002235,IL0004469,2025-10-15,2025-10-15,C00370,P0059,SO04,BU4,R01,USD,715,1543.4,144.23,1345.75,42.42,53.22,42.22,77.54,872.28
T0004470,O0001490,INV0002235,IL0004470,2026-10-19,2026-10-19,C00296,P0093,SO03,BU4,R04,USD,145,95.11,9.37,84.14,0.14,2.72,1.26,1.84,70.22
T0004471,O0001491,INV0002236,IL0004471,2025-01-31,2025-01-31,C00445,P0045,SO04,BU1,R03,USD,222,619.09,27.93,567.32,3.99,24.39,4.54,19.5,339.4
T0004472,O0001491,INV0002236,IL0004472,2025-09-12,2025-09-12,C00112,P0020,SO02,BU3,R04,USD,622,1469.23,21.91,1398.94,2.76,71.47,25.85,56.05,1035.11
T0004473,O0001491,INV0002237,IL0004473,2026-05-09,2026-05-09,C00447,P0101,SO01,BU2,R04,USD,163,359.94,28.21,319.26,5.06,16.9,9.49,21.18,246.72
T0004474,O0001492,INV0002237,IL0004474,2025-05-25,2025-05-25,C00493,P0046,SO04,BU4,R03,USD,81,190.98,9.45,181.74,2.84,2.81,5.86,4.33,96.0
T0004475,O0001492,INV0002238,IL0004475,2025-03-30,2025-03-30,C00463,P0123,SO01,BU3,R04,USD,50,106.73,5.23,99.25,1.82,1.39,0.96,0.42,59.41
T0004476,O0001492,INV0002238,IL0004476,2025-10-09,2025-10-09,C00301,P0100,SO03,BU3,R03,USD,869,1778.5,173.19,1556.49,17.02,59.7,27.9,30.11,1093.42
T0004477,O0001493,INV0002239,IL0004477,2026-05-11,2026-05-11,C00027,P0109,SO01,BU3,R02,USD,1098,2841.18,123.16,2736.84,43.25,25.46,87.53,84.62,2038.1
T0004478,O0001493,INV0002239,IL0004478,2026-01-16,2026-01-16,C00357,P0115,SO05,BU3,R03,USD,207,410.94,39.95,377.69,1.52,1.49,9.71,22.59,308.56
T0004479,O0001493,INV0002240,IL0004479,2026-11-03,2026-11-03,C00447,P0023,SO01,BU4,R04,USD,787,1657.34,79.27,1508.85,33.11,68.56,32.45,13.41,800.77
T0004480,O0001494,INV0002240,IL0004480,2026-10-25,2026-10-25,C00225,P0148,SO04,BU2,R01,USD,339,727.7,22.27,705.87,4.0,20.24,24.68,0.0,542.66
T0004481,O0001494,INV0002241,IL0004481,2025-01-11,2025-01-11,C00113,P0140,SO01,BU4,R01,USD,1035,1946.94,7.79,1810.91,57.68,103.55,32.99,105.66,1453.22
T0004482,O0001494,INV0002241,IL0004482,2025-11-11,2025-11-11,C00378,P0023,SO03,BU2,R01,USD,859,1399.57,102.53,1244.45,34.94,46.27,28.62,52.46,944.92
T0004483,O0001495,INV0002242,IL0004483,2025-07-18,2025-07-18,C00358,P0046,SO01,BU1,R03,USD,439,924.93,13.06,872.58,10.49,43.7,14.9,39.59,565.9
T0004484,O0001495,INV0002242,IL0004484,2025-07-31,2025-07-31,C00241,P0094,SO02,BU4,R01,USD,1015,1622.58,127.56,1482.87,13.97,43.2,45.02,33.66,954.44
T0004485,O0001495,INV0002243,IL0004485,2025-01-05,2025-01-05,C00297,P0037,SO04,BU1,R01,USD,867,822.44,1.49,803.36,12.47,10.06,4.94,25.9,474.45
T0004486,O0001496,INV0002243,IL0004486,2025-01-20,2025-01-20,C00133,P0020,SO05,BU1,R03,USD,345,450.43,13.78,426.84,3.22,19.76,13.17,8.4,216.59
T0004487,O0001496,INV0002244,IL0004487,2025-11-19,2025-11-19,C00190,P0114,SO03,BU4,R03,USD,210,198.43,11.31,179.97,3.93,4.63,1.41,3.19,140.14
T0004488,O0001496,INV0002244,IL0004488,2026-03-25,2026-03-25,C00220,P0001,SO02,BU3,R02,USD,1147,672.6,45.76,600.79,10.14,17.8,1.89,10.73,332.07
T0004489,O0001497,INV0002245,IL0004489,2026-06-23,2026-06-23,C00396,P0136,SO04,BU2,R02,USD,568,273.95,12.6,256.69,4.83,9.01,9.18,10.84,178.49
T0004490,O0001497,INV0002245,IL0004490,2026-11-05,2026-11-05,C00448,P0058,SO05,BU4,R04,USD,425,355.39,6.95,343.74,2.09,8.72,6.11,13.27,221.57
T0004491,O0001497,INV0002246,IL0004491,2026-02-13,2026-02-13,C00268,P0149,SO02,BU1,R02,USD,316,348.39,4.28,338.78,4.68,10.68,10.03,2.43,261.53
T0004492,O0001498,INV0002246,IL0004492,2026-01-23,2026-01-23,C00179,P0047,SO05,BU1,R02,USD,520,555.41,27.28,511.69,13.8,18.43,15.79,17.19,362.35
T0004493,O0001498,INV0002247,IL0004493,2026-05-18,2026-05-18,C00120,P0093,SO05,BU1,R04,USD,243,419.9,21.95,396.78,4.75,11.93,15.51,0.85,271.72
T0004494,O0001498,INV0002247,IL0004494,2025-07-21,2025-07-21,C00476,P0054,SO05,BU2,R02,USD,371,655.45,54.91,589.95,12.13,12.65,14.19,41.2,399.72
T0004495,O0001499,INV0002248,IL0004495,2025-06-07,2025-06-07,C00210,P0112,SO01,BU2,R01,USD,1104,458.6,2.59,456.92,5.56,11.52,17.99,17.22,323.69
T0004496,O0001499,INV0002248,IL0004496,2026-02-28,2026-02-28,C00493,P0114,SO03,BU4,R03,USD,997,379.76,37.82,339.7,11.2,0.95,9.91,21.58,228.84
T0004497,O0001499,INV0002249,IL0004497,2026-05-29,2026-05-29,C00487,P0147,SO04,BU3,R04,USD,476,361.71,13.08,345.21,7.51,5.58,9.67,6.19,189.61
T0004498,O0001500,INV0002249,IL0004498,2026-02-02,2026-02-02,C00061,P0015,SO03,BU4,R03,USD,504,294.49,28.98,255.91,6.12,8.07,4.59,9.61,150.32
T0004499,O0001500,INV0002250,IL0004499,2026-09-13,2026-09-13,C00057,P0138,SO04,BU2,R01,USD,815,323.07,4.56,320.68,2.92,7.11,12.2,4.1,242.98
T0004500,O0001500,INV0002250,IL0004500,2026-04-24,2026-04-24,C00207,P0053,SO05,BU4,R04,USD,1137,1261.84,96.59,1115.24,30.59,45.84,26.42,36.31,617.88
T0004501,O0001501,INV0002251,IL0004501,2026-07-21,2026-07-21,C00476,P0077,SO03,BU4,R02,USD,1050,2006.65,139.37,1740.01,31.58,96.36,0.67,98.88,1288.48
T0004502,O0001501,INV0002251,IL0004502,2026-06-08,2026-06-08,C00220,P0112,SO04,BU3,R02,USD,339,770.75,75.22,653.11,14.91,37.16,9.65,14.94,373.5
T0004503,O0001501,INV0002252,IL0004503,2025-10-01,2025-10-01,C00316,P0008,SO05,BU2,R02,USD,1040,2285.19,170.85,2048.62,23.63,76.34,34.25,41.17,1241.29
T0004504,O0001502,INV0002252,IL0004504,2025-11-26,2025-11-26,C00121,P0098,SO05,BU2,R01,USD,1167,1430.74,102.41,1283.47,20.92,56.78,32.84,41.02,941.54
T0004505,O0001502,INV0002253,IL0004505,2025-06-03,2025-06-03,C00083,P0037,SO04,BU2,R02,USD,639,1599.8,60.61,1460.98,32.39,66.54,20.72,97.14,876.29
T0004506,O0001502,INV0002253,IL0004506,2025-01-11,2025-01-11,C00076,P0128,SO01,BU1,R02,USD,288,405.73,14.74,385.03,0.73,18.9,13.67,26.51,286.19
T0004507,O0001503,INV0002254,IL0004507,2026-09-19,2026-09-19,C00241,P0112,SO04,BU3,R01,USD,508,1252.98,86.69,1143.07,33.72,7.46,17.96,30.19,906.95
T0004508,O0001503,INV0002254,IL0004508,2026-09-01,2026-09-01,C00347,P0003,SO04,BU4,R02,USD,900,1401.3,122.3,1200.87,6.51,73.72,2.1,0.54,806.83
T0004509,O0001503,INV0002255,IL0004509,2025-01-26,2025-01-26,C00207,P0021,SO02,BU4,R04,USD,759,1210.15,112.22,1078.0,33.69,14.58,28.34,65.27,805.08
T0004510,O0001504,INV0002255,IL0004510,2025-09-22,2025-09-22,C00132,P0082,SO02,BU4,R02,USD,903,979.21,20.77,976.43,3.74,16.36,38.09,21.13,740.25
T0004511,O0001504,INV0002256,IL0004511,2025-03-27,2025-03-27,C00098,P0147,SO04,BU3,R01,USD,775,1496.84,136.2,1305.71,18.05,49.37,12.49,50.42,740.19
T0004512,O0001504,INV0002256,IL0004512,2025-11-21,2025-11-21,C00223,P0150,SO01,BU3,R04,USD,95,139.26,4.86,129.13,2.75,5.85,3.33,0.12,94.47
T0004513,O0001505,INV0002257,IL0004513,2026-03-18,2026-03-18,C00421,P0054,SO04,BU2,R03,USD,239,458.31,2.92,437.33,1.93,21.47,5.34,15.38,310.45
T0004514,O0001505,INV0002257,IL0004514,2025-04-26,2025-04-26,C00033,P0117,SO02,BU3,R01,USD,60,120.83,6.98,106.84,2.18,5.53,0.7,0.99,67.32
T0004515,O0001505,INV0002258,IL0004515,2026-03-28,2026-03-28,C00456,P0133,SO04,BU3,R04,USD,1198,3058.61,121.28,2757.87,46.37,161.79,28.7,36.12,2136.83
T0004516,O0001506,INV0002258,IL0004516,2025-10-21,2025-10-21,C00029,P0093,SO05,BU1,R03,USD,163,248.02,1.17,252.57,2.85,0.71,9.28,10.09,170.72
T0004517,O0001506,INV0002259,IL0004517,2025-06-03,2025-06-03,C00335,P0105,SO02,BU2,R04,USD,547,1123.26,61.36,1023.1,25.08,32.64,18.92,67.02,622.02
T0004518,O0001506,INV0002259,IL0004518,2025-03-11,2025-03-11,C00281,P0070,SO04,BU1,R01,USD,41,72.43,1.75,66.34,2.05,3.31,1.02,0.32,41.01
T0004519,O0001507,INV0002260,IL0004519,2025-07-11,2025-07-11,C00464,P0128,SO02,BU2,R04,USD,773,662.31,30.29,630.72,10.52,1.35,10.57,1.21,346.31
T0004520,O0001507,INV0002260,IL0004520,2025-02-18,2025-02-18,C00427,P0096,SO03,BU1,R02,USD,23,40.03,4.0,35.01,0.33,0.86,0.17,0.24,19.33
T0004521,O0001507,INV0002261,IL0004521,2026-11-20,2026-11-20,C00399,P0057,SO01,BU3,R04,USD,117,151.34,9.51,134.66,3.9,3.6,0.33,3.39,114.4
T0004522,O0001508,INV0002261,IL0004522,2025-12-24,2025-12-24,C00317,P0006,SO02,BU1,R03,USD,748,1420.68,98.91,1316.3,18.25,37.87,50.65,74.12,766.56
T0004523,O0001508,INV0002262,IL0004523,2026-08-10,2026-08-10,C00359,P0064,SO04,BU3,R04,USD,207,549.46,16.94,533.44,4.39,13.95,19.26,1.56,393.49
T0004524,O0001508,INV0002262,IL0004524,2025-07-15,2025-07-15,C00167,P0040,SO03,BU3,R04,USD,1170,2497.01,232.64,2213.79,60.53,2.51,12.46,65.49,1295.11
T0004525,O0001509,INV0002263,IL0004525,2025-10-06,2025-10-06,C00255,P0019,SO05,BU2,R04,USD,393,334.29,21.81,319.82,1.69,1.85,10.88,2.93,214.83
T0004526,O0001509,INV0002263,IL0004526,2026-10-26,2026-10-26,C00214,P0035,SO03,BU4,R03,USD,1003,1385.64,137.46,1213.29,38.73,8.31,12.15,21.18,997.32
T0004527,O0001509,INV0002264,IL0004527,2026-09-19,2026-09-19,C00464,P0138,SO03,BU4,R04,USD,210,596.65,22.08,577.55,2.91,16.1,21.99,8.38,419.26
T0004528,O0001510,INV0002264,IL0004528,2026-01-31,2026-01-31,C00112,P0051,SO01,BU2,R04,USD,1064,1449.91,91.79,1313.35,34.93,33.24,23.4,50.79,1060.88
T0004529,O0001510,INV0002265,IL0004529,2026-02-28,2026-02-28,C00390,P0137,SO02,BU2,R03,USD,693,1827.3,7.44,1821.58,2.72,36.21,40.65,117.4,1213.56
T0004530,O0001510,INV0002265,IL0004530,2026-12-18,2026-12-18,C00386,P0056,SO03,BU2,R01,USD,247,260.54,21.68,232.3,6.76,0.76,0.96,3.59,147.96
T0004531,O0001511,INV0002266,IL0004531,2026-07-11,2026-07-11,C00353,P0086,SO05,BU3,R01,USD,1116,518.27,32.95,477.47,14.95,12.94,20.04,9.15,352.15
T0004532,O0001511,INV0002266,IL0004532,2025-04-20,2025-04-20,C00410,P0073,SO02,BU1,R01,USD,1074,2691.87,30.81,2587.98,54.08,124.8,105.8,173.04,1925.26
T0004533,O0001511,INV0002267,IL0004533,2025-10-05,2025-10-05,C00219,P0105,SO03,BU3,R02,USD,708,604.84,27.47,557.71,0.64,28.86,9.84,32.93,351.87
T0004534,O0001512,INV0002267,IL0004534,2026-02-10,2026-02-10,C00201,P0110,SO03,BU2,R01,USD,1143,1310.56,112.27,1202.74,12.33,23.97,40.75,33.6,861.64
T0004535,O0001512,INV0002268,IL0004535,2026-05-25,2026-05-25,C00477,P0128,SO04,BU2,R03,USD,897,1025.0,63.62,923.67,10.83,33.8,6.92,18.21,557.62
T0004536,O0001512,INV0002268,IL0004536,2025-05-16,2025-05-16,C00120,P0144,SO04,BU4,R04,USD,886,587.68,22.4,538.91,17.15,16.5,7.28,19.86,388.42
T0004537,O0001513,INV0002269,IL0004537,2026-02-06,2026-02-06,C00050,P0080,SO03,BU1,R01,USD,338,555.98,12.99,550.03,3.63,10.25,20.92,28.95,369.49
T0004538,O0001513,INV0002269,IL0004538,2025-07-25,2025-07-25,C00045,P0093,SO03,BU3,R03,USD,418,161.43,15.8,143.66,1.67,1.01,0.71,0.05,97.57
T0004539,O0001513,INV0002270,IL0004539,2026-05-12,2026-05-12,C00260,P0075,SO01,BU4,R02,USD,394,383.48,17.5,346.63,9.55,16.64,6.84,5.5,264.4
T0004540,O0001514,INV0002270,IL0004540,2026-09-28,2026-09-28,C00456,P0029,SO01,BU4,R04,USD,788,302.04,21.11,274.46,7.86,9.26,10.65,10.5,174.26
T0004541,O0001514,INV0002271,IL0004541,2026-11-14,2026-11-14,C00485,P0134,SO04,BU1,R03,USD,413,206.79,13.12,186.72,4.66,7.92,5.63,6.9,116.89
T0004542,O0001514,INV0002271,IL0004542,2025-11-11,2025-11-11,C00229,P0071,SO01,BU1,R03,USD,934,655.2,31.23,617.09,11.3,15.13,19.55,14.75,378.19
T0004543,O0001515,INV0002272,IL0004543,2026-05-12,2026-05-12,C00302,P0147,SO02,BU2,R03,USD,798,409.37,36.77,362.97,9.1,5.91,5.38,0.95,206.39
T0004544,O0001515,INV0002272,IL0004544,2025-11-20,2025-11-20,C00134,P0086,SO01,BU3,R03,USD,169,294.4,27.94,274.52,1.11,1.69,10.86,8.3,183.67
T0004545,O0001515,INV0002273,IL0004545,2025-11-15,2025-11-15,C00281,P0065,SO01,BU1,R01,USD,146,401.6,33.93,370.96,1.05,9.97,14.31,9.88,265.87
T0004546,O0001516,INV0002273,IL0004546,2026-09-14,2026-09-14,C00466,P0031,SO05,BU2,R01,USD,636,667.1,66.67,577.84,9.85,35.24,22.5,33.13,323.96
T0004547,O0001516,INV0002274,IL0004547,2026-01-26,2026-01-26,C00314,P0025,SO04,BU1,R01,USD,901,2425.4,26.48,2316.66,49.83,39.86,7.43,36.96,1762.55
T0004548,O0001516,INV0002274,IL0004548,2026-05-02,2026-05-02,C00218,P0133,SO04,BU1,R01,USD,24,50.7,0.45,49.12,0.41,1.75,1.03,0.02,24.56
T0004549,O0001517,INV0002275,IL0004549,2025-04-24,2025-04-24,C00294,P0096,SO01,BU4,R03,USD,219,423.59,12.67,405.35,4.38,7.26,6.07,24.32,236.51
T0004550,O0001517,INV0002275,IL0004550,2026-10-30,2026-10-30,C00184,P0084,SO03,BU2,R04,USD,397,646.63,55.45,605.01,7.44,1.29,22.56,16.69,342.04
T0004551,O0001517,INV0002276,IL0004551,2025-03-21,2025-03-21,C00433,P0133,SO02,BU2,R01,USD,1105,957.81,85.7,885.31,14.9,3.61,31.71,8.67,543.14
T0004552,O0001518,INV0002276,IL0004552,2026-04-25,2026-04-25,C00366,P0044,SO02,BU3,R03,USD,57,135.54,8.19,127.06,1.85,0.13,1.69,2.45,100.62
T0004553,O0001518,INV0002277,IL0004553,2025-12-15,2025-12-15,C00002,P0061,SO01,BU1,R01,USD,24,28.52,0.01,27.83,0.31,1.14,0.77,1.0,18.6
T0004554,O0001518,INV0002277,IL0004554,2026-06-10,2026-06-10,C00246,P0060,SO02,BU3,R03,USD,118,30.23,1.49,28.79,0.75,0.4,1.2,0.92,21.35
T0004555,O0001519,INV0002278,IL0004555,2025-06-20,2025-06-20,C00106,P0128,SO03,BU4,R01,USD,883,1604.41,51.98,1580.36,12.6,18.31,58.84,4.96,943.45
T0004556,O0001519,INV0002278,IL0004556,2026-08-23,2026-08-23,C00025,P0067,SO05,BU3,R01,USD,488,552.51,18.09,537.6,2.33,12.71,18.22,9.79,406.12
T0004557,O0001519,INV0002279,IL0004557,2025-07-30,2025-07-30,C00027,P0089,SO02,BU3,R02,USD,1163,1663.32,31.58,1595.7,15.23,33.77,12.96,90.4,1105.12
T0004558,O0001520,INV0002279,IL0004558,2026-08-25,2026-08-25,C00223,P0076,SO05,BU1,R04,USD,871,294.57,11.19,289.04,0.55,0.41,6.62,3.16,199.67
T0004559,O0001520,INV0002280,IL0004559,2025-09-19,2025-09-19,C00452,P0003,SO01,BU3,R02,USD,193,167.87,11.74,149.63,0.58,7.87,1.95,6.37,117.76
T0004560,O0001520,INV0002280,IL0004560,2025-04-02,2025-04-02,C00360,P0052,SO04,BU2,R04,USD,761,990.14,71.01,843.14,28.92,53.26,6.19,17.03,575.27
T0004561,O0001521,INV0002281,IL0004561,2025-06-27,2025-06-27,C00220,P0011,SO02,BU2,R02,USD,855,444.17,33.42,401.98,7.66,4.47,3.36,10.13,245.51
T0004562,O0001521,INV0002281,IL0004562,2026-04-19,2026-04-19,C00312,P0049,SO03,BU2,R04,USD,663,1754.63,52.75,1613.25,46.11,54.26,11.74,72.38,1002.4
T0004563,O0001521,INV0002282,IL0004563,2025-10-13,2025-10-13,C00445,P0125,SO01,BU3,R03,USD,370,655.86,40.84,599.9,9.02,14.36,8.26,35.53,344.63
T0004564,O0001522,INV0002282,IL0004564,2026-06-10,2026-06-10,C00345,P0086,SO04,BU2,R01,USD,423,681.58,29.18,643.43,8.34,13.01,12.38,33.11,367.27
T0004565,O0001522,INV0002283,IL0004565,2025-03-22,2025-03-22,C00086,P0033,SO03,BU3,R03,USD,512,399.05,30.33,354.71,8.38,11.32,5.69,19.29,215.03
T0004566,O0001522,INV0002283,IL0004566,2025-09-26,2025-09-26,C00092,P0019,SO05,BU2,R02,USD,598,1284.5,27.55,1245.87,30.55,20.38,39.85,68.39,735.8
T0004567,O0001523,INV0002284,IL0004567,2025-10-23,2025-10-23,C00289,P0130,SO02,BU1,R01,USD,483,884.47,78.33,757.55,25.75,27.34,4.5,46.01,461.86
T0004568,O0001523,INV0002284,IL0004568,2025-08-09,2025-08-09,C00019,P0050,SO01,BU3,R02,USD,519,1384.9,47.03,1298.14,40.07,26.81,27.15,26.04,928.54
T0004569,O0001523,INV0002285,IL0004569,2026-01-24,2026-01-24,C00216,P0006,SO04,BU2,R04,USD,1100,2323.64,148.79,2038.61,56.41,93.92,14.09,67.1,1602.55
T0004570,O0001524,INV0002285,IL0004570,2026-01-02,2026-01-02,C00244,P0083,SO04,BU2,R02,USD,225,50.83,0.24,49.52,1.39,0.11,0.43,0.62,24.69
T0004571,O0001524,INV0002286,IL0004571,2025-04-16,2025-04-16,C00367,P0036,SO02,BU3,R04,USD,702,1927.9,20.55,1861.54,5.58,86.22,45.99,24.89,1046.56
T0004572,O0001524,INV0002286,IL0004572,2026-07-23,2026-07-23,C00182,P0067,SO04,BU4,R03,USD,546,1521.37,142.32,1349.17,18.68,19.3,8.1,70.5,1047.11
T0004573,O0001525,INV0002287,IL0004573,2025-04-27,2025-04-27,C00152,P0068,SO01,BU3,R04,USD,425,1107.42,11.78,1063.46,21.46,16.24,5.52,36.36,723.15
T0004574,O0001525,INV0002287,IL0004574,2026-03-28,2026-03-28,C00253,P0141,SO02,BU1,R03,USD,76,169.07,16.23,148.61,3.44,5.94,5.15,1.86,85.91
T0004575,O0001525,INV0002288,IL0004575,2026-07-04,2026-07-04,C00153,P0048,SO02,BU3,R01,USD,368,760.18,29.89,702.03,7.7,33.16,12.6,10.2,509.73
T0004576,O0001526,INV0002288,IL0004576,2026-02-01,2026-02-01,C00422,P0145,SO02,BU3,R03,USD,187,51.18,4.5,46.86,0.52,0.23,0.93,2.31,27.09
T0004577,O0001526,INV0002289,IL0004577,2025-04-13,2025-04-13,C00182,P0076,SO01,BU3,R03,USD,703,384.89,37.22,328.11,10.85,15.44,6.73,14.47,268.61
T0004578,O0001526,INV0002289,IL0004578,2025-01-07,2025-01-07,C00451,P0047,SO02,BU3,R02,USD,685,908.86,1.99,899.44,18.43,11.63,22.63,33.63,629.62
T0004579,O0001527,INV0002290,IL0004579,2026-06-06,2026-06-06,C00311,P0021,SO05,BU4,R04,USD,774,165.02,11.48,149.41,2.16,8.51,6.54,6.35,105.52
T0004580,O0001527,INV0002290,IL0004580,2025-08-11,2025-08-11,C00342,P0135,SO04,BU4,R03,USD,1176,3345.96,41.27,3185.54,89.8,104.56,75.21,152.08,2372.47
T0004581,O0001527,INV0002291,IL0004581,2025-10-07,2025-10-07,C00200,P0031,SO01,BU2,R04,USD,490,1348.38,11.26,1315.98,28.15,0.65,7.66,31.03,681.6
T0004582,O0001528,INV0002291,IL0004582,2026-05-22,2026-05-22,C00435,P0084,SO02,BU1,R02,USD,821,2133.86,191.76,1875.83,58.98,24.73,17.44,62.18,1123.33
T0004583,O0001528,INV0002292,IL0004583,2025-05-14,2025-05-14,C00259,P0103,SO04,BU2,R02,USD,899,1365.85,110.54,1218.74,38.32,27.72,29.47,18.13,940.93
T0004584,O0001528,INV0002292,IL0004584,2025-04-02,2025-04-02,C00198,P0042,SO03,BU3,R03,USD,131,272.76,18.93,239.12,2.9,12.73,0.92,4.24,184.44
T0004585,O0001529,INV0002293,IL0004585,2026-04-18,2026-04-18,C00106,P0104,SO02,BU4,R01,USD,604,1316.72,10.29,1264.71,13.43,31.79,3.5,18.14,648.69
T0004586,O0001529,INV0002293,IL0004586,2025-02-26,2025-02-26,C00339,P0037,SO05,BU3,R02,USD,686,1173.47,4.87,1128.1,32.41,35.23,27.14,30.25,671.91
T0004587,O0001529,INV0002294,IL0004587,2026-04-08,2026-04-08,C00312,P0049,SO01,BU3,R04,USD,1077,1054.81,26.99,1040.87,5.1,5.79,23.94,12.17,733.47
T0004588,O0001530,INV0002294,IL0004588,2025-04-14,2025-04-14,C00087,P0089,SO03,BU2,R04,USD,897,270.09,3.75,265.17,7.85,0.07,6.75,10.24,168.38
T0004589,O0001530,INV0002295,IL0004589,2026-11-30,2026-11-30,C00140,P0013,SO04,BU3,R02,USD,246,252.47,20.15,228.61,2.29,1.44,0.02,8.94,176.86
T0004590,O0001530,INV0002295,IL0004590,2025-01-15,2025-01-15,C00341,P0021,SO03,BU4,R03,USD,555,810.02,22.09,770.22,3.93,26.79,13.01,22.36,438.52
T0004591,O0001531,INV0002296,IL0004591,2025-03-15,2025-03-15,C00456,P0047,SO01,BU2,R04,USD,853,844.13,11.45,806.76,17.53,32.0,23.61,10.07,580.04
T0004592,O0001531,INV0002296,IL0004592,2025-12-15,2025-12-15,C00109,P0102,SO01,BU1,R03,USD,602,311.66,0.82,302.97,8.92,7.77,8.82,7.79,173.72
T0004593,O0001531,INV0002297,IL0004593,2025-08-31,2025-08-31,C00476,P0147,SO03,BU1,R02,USD,1091,2093.74,157.34,1912.68,11.67,91.37,79.32,114.63,1258.55
T0004594,O0001532,INV0002297,IL0004594,2025-01-20,2025-01-20,C00292,P0026,SO03,BU2,R02,USD,1134,513.25,7.82,479.66,12.06,21.71,8.0,29.67,380.84
T0004595,O0001532,INV0002298,IL0004595,2026-07-04,2026-07-04,C00021,P0125,SO01,BU1,R03,USD,340,68.48,5.22,61.3,0.96,2.66,1.66,1.54,45.8
T0004596,O0001532,INV0002298,IL0004596,2025-04-14,2025-04-14,C00426,P0082,SO05,BU4,R01,USD,168,63.79,2.18,60.93,0.41,0.41,0.14,1.49,42.6
T0004597,O0001533,INV0002299,IL0004597,2025-07-28,2025-07-28,C00123,P0128,SO05,BU4,R02,USD,980,180.91,7.04,169.14,1.67,6.44,3.38,4.09,111.08
T0004598,O0001533,INV0002299,IL0004598,2026-04-17,2026-04-17,C00093,P0095,SO02,BU3,R03,USD,966,396.74,5.49,379.85,8.15,7.06,3.81,5.31,193.19
T0004599,O0001533,INV0002300,IL0004599,2025-07-10,2025-07-10,C00173,P0098,SO04,BU3,R03,USD,861,779.38,59.51,724.37,21.42,2.88,28.8,46.8,425.58
T0004600,O0001534,INV0002300,IL0004600,2026-01-01,2026-01-01,C00047,P0107,SO02,BU1,R04,USD,474,857.56,84.63,726.38,19.31,32.66,5.42,21.98,510.62
T0004601,O0001534,INV0002301,IL0004601,2025-03-30,2025-03-30,C00189,P0078,SO02,BU3,R03,USD,46,81.11,6.76,76.48,0.07,0.92,3.12,3.7,60.37
T0004602,O0001534,INV0002301,IL0004602,2025-05-01,2025-05-01,C00127,P0020,SO02,BU4,R04,USD,790,1493.42,29.27,1425.92,36.73,31.14,29.64,30.56,803.47
T0004603,O0001535,INV0002302,IL0004603,2026-12-24,2026-12-24,C00101,P0085,SO03,BU3,R03,USD,627,656.66,12.07,628.48,14.87,4.9,3.66,9.52,374.98
T0004604,O0001535,INV0002302,IL0004604,2025-11-13,2025-11-13,C00262,P0083,SO01,BU2,R03,USD,925,2049.06,116.41,1855.0,43.77,67.18,33.3,59.22,1542.09
T0004605,O0001535,INV0002303,IL0004605,2026-07-17,2026-07-17,C00123,P0057,SO02,BU4,R02,USD,371,184.94,11.23,168.94,0.0,6.95,2.18,3.41,138.2
T0004606,O0001536,INV0002303,IL0004606,2025-05-28,2025-05-28,C00101,P0020,SO01,BU3,R03,USD,585,169.18,5.21,154.38,4.97,4.68,0.06,9.62,126.04
T0004607,O0001536,INV0002304,IL0004607,2025-01-15,2025-01-15,C00055,P0103,SO02,BU3,R04,USD,300,452.46,0.95,444.32,2.57,6.7,2.08,0.51,230.13
T0004608,O0001536,INV0002304,IL0004608,2025-12-21,2025-12-21,C00065,P0098,SO05,BU4,R01,USD,822,589.13,54.71,534.47,16.51,5.42,21.98,7.01,403.26
T0004609,O0001537,INV0002305,IL0004609,2026-02-20,2026-02-20,C00485,P0067,SO01,BU3,R03,USD,593,427.67,20.8,386.35,6.54,22.21,8.23,12.95,319.79
T0004610,O0001537,INV0002305,IL0004610,2025-11-10,2025-11-10,C00200,P0123,SO01,BU2,R04,USD,801,1418.49,57.92,1287.72,8.28,69.62,5.05,19.88,773.2
T0004611,O0001537,INV0002306,IL0004611,2026-05-15,2026-05-15,C00315,P0144,SO03,BU2,R02,USD,286,671.38,55.72,603.17,0.02,23.67,11.2,5.09,484.11
T0004612,O0001538,INV0002306,IL0004612,2026-08-04,2026-08-04,C00198,P0019,SO05,BU2,R03,USD,589,1085.94,93.08,982.96,11.46,18.41,19.97,8.48,649.71
T0004613,O0001538,INV0002307,IL0004613,2026-03-02,2026-03-02,C00379,P0011,SO02,BU3,R02,USD,1125,1053.0,99.88,914.86,30.79,8.7,1.23,56.4,628.9
T0004614,O0001538,INV0002307,IL0004614,2025-06-11,2025-06-11,C00497,P0129,SO05,BU3,R01,USD,1169,1188.52,48.01,1124.55,10.94,5.53,0.51,30.11,874.52
T0004615,O0001539,INV0002308,IL0004615,2026-11-20,2026-11-20,C00480,P0095,SO05,BU4,R04,USD,357,655.84,12.46,606.45,14.4,34.38,11.85,38.68,424.82
T0004616,O0001539,INV0002308,IL0004616,2026-06-01,2026-06-01,C00172,P0012,SO04,BU2,R02,USD,1174,258.16,1.42,243.3,5.45,10.94,2.95,8.22,178.02
T0004617,O0001539,INV0002309,IL0004617,2025-03-14,2025-03-14,C00041,P0048,SO02,BU2,R01,USD,291,416.6,1.02,405.77,10.54,3.18,3.91,23.15,261.58
T0004618,O0001540,INV0002309,IL0004618,2026-01-07,2026-01-07,C00327,P0147,SO01,BU3,R04,USD,209,425.02,5.92,388.78,7.98,22.94,0.6,5.36,222.15
T0004619,O0001540,INV0002310,IL0004619,2025-07-29,2025-07-29,C00125,P0096,SO03,BU2,R03,USD,317,245.45,14.15,222.94,4.55,4.85,1.04,3.76,126.06
T0004620,O0001540,INV0002310,IL0004620,2026-09-27,2026-09-27,C00299,P0128,SO01,BU4,R02,USD,508,825.35,54.59,768.66,14.9,19.93,32.73,23.55,486.3
T0004621,O0001541,INV0002311,IL0004621,2026-07-01,2026-07-01,C00421,P0041,SO03,BU4,R03,USD,811,162.61,8.97,156.06,1.43,1.16,5.01,8.28,114.92
T0004622,O0001541,INV0002311,IL0004622,2026-02-22,2026-02-22,C00169,P0027,SO05,BU2,R01,USD,533,1072.61,85.41,956.46,12.12,27.11,8.49,10.39,784.67
T0004623,O0001541,INV0002312,IL0004623,2025-01-24,2025-01-24,C00196,P0136,SO03,BU3,R02,USD,643,1276.23,124.25,1138.58,21.33,20.97,28.9,46.83,836.37
T0004624,O0001542,INV0002312,IL0004624,2026-12-21,2026-12-21,C00225,P0037,SO02,BU2,R01,USD,364,884.77,45.47,837.31,1.67,0.49,0.17,54.05,492.0
T0004625,O0001542,INV0002313,IL0004625,2025-08-12,2025-08-12,C00300,P0031,SO05,BU2,R02,USD,182,314.22,17.27,300.6,7.12,1.3,12.07,8.63,189.36
T0004626,O0001542,INV0002313,IL0004626,2025-07-19,2025-07-19,C00011,P0087,SO01,BU1,R02,USD,940,2059.16,57.57,1959.59,59.27,5.98,23.25,119.79,1126.22
T0004627,O0001543,INV0002314,IL0004627,2026-03-28,2026-03-28,C00050,P0043,SO04,BU3,R01,USD,1153,2937.73,283.41,2672.51,12.52,84.03,114.74,142.59,1944.66
T0004628,O0001543,INV0002314,IL0004628,2025-04-25,2025-04-25,C00408,P0105,SO03,BU3,R04,USD,783,1378.39,134.94,1157.42,39.76,61.32,15.05,60.03,684.1
T0004629,O0001543,INV0002315,IL0004629,2025-12-05,2025-12-05,C00443,P0030,SO04,BU2,R02,USD,486,259.67,13.14,254.15,1.53,0.2,9.35,12.67,147.92
T0004630,O0001544,INV0002315,IL0004630,2025-10-29,2025-10-29,C00040,P0010,SO03,BU4,R04,USD,984,1256.76,19.95,1200.98,15.62,50.42,30.21,27.43,646.24
T0004631,O0001544,INV0002316,IL0004631,2026-01-04,2026-01-04,C00477,P0137,SO02,BU3,R03,USD,1088,1212.36,97.29,1077.22,8.52,32.88,3.55,31.02,853.15
T0004632,O0001544,INV0002316,IL0004632,2025-10-12,2025-10-12,C00366,P0112,SO04,BU2,R03,USD,1034,944.46,45.23,901.45,23.32,8.86,34.4,56.9,468.86
T0004633,O0001545,INV0002317,IL0004633,2025-03-02,2025-03-02,C00455,P0046,SO05,BU4,R04,USD,216,580.93,30.29,528.32,14.97,27.38,20.03,31.03,390.29
T0004634,O0001545,INV0002317,IL0004634,2026-07-19,2026-07-19,C00189,P0135,SO03,BU3,R03,USD,257,613.48,3.26,608.12,5.25,1.54,4.69,10.64,422.54
T0004635,O0001545,INV0002318,IL0004635,2025-12-12,2025-12-12,C00325,P0102,SO02,BU1,R03,USD,343,529.04,0.78,499.2,12.45,27.99,11.38,24.22,379.72
T0004636,O0001546,INV0002318,IL0004636,2025-12-11,2025-12-11,C00220,P0059,SO03,BU3,R02,USD,827,1242.24,47.52,1181.67,1.83,30.95,19.73,38.31,799.06
T0004637,O0001546,INV0002319,IL0004637,2026-10-11,2026-10-11,C00285,P0143,SO04,BU1,R03,USD,969,1500.59,103.0,1374.09,20.7,7.4,4.6,81.16,978.97
T0004638,O0001546,INV0002319,IL0004638,2026-06-29,2026-06-29,C00118,P0079,SO01,BU4,R03,USD,918,1996.56,69.5,1911.47,5.31,71.2,60.92,63.47,1358.94
T0004639,O0001547,INV0002320,IL0004639,2025-01-02,2025-01-02,C00322,P0143,SO01,BU1,R01,USD,388,1103.59,18.17,1078.87,3.12,6.9,3.47,38.6,621.83
T0004640,O0001547,INV0002320,IL0004640,2025-11-15,2025-11-15,C00323,P0024,SO05,BU2,R02,USD,489,115.31,8.77,104.33,1.07,3.6,2.46,1.07,74.36
T0004641,O0001547,INV0002321,IL0004641,2025-12-02,2025-12-02,C00289,P0106,SO03,BU4,R01,USD,625,1079.75,90.31,991.62,0.51,1.26,3.95,36.51,654.81
T0004642,O0001548,INV0002321,IL0004642,2026-09-16,2026-09-16,C00116,P0064,SO04,BU1,R02,USD,746,148.68,3.84,141.87,2.76,0.73,0.52,2.13,97.58
T0004643,O0001548,INV0002322,IL0004643,2026-03-30,2026-03-30,C00398,P0100,SO03,BU1,R03,USD,154,223.73,8.66,210.53,6.24,4.77,6.47,3.94,142.24
T0004644,O0001548,INV0002322,IL0004644,2026-02-28,2026-02-28,C00160,P0138,SO05,BU1,R04,USD,73,194.63,10.16,184.49,0.74,3.31,4.07,0.92,138.84
T0004645,O0001549,INV0002323,IL0004645,2025-04-19,2025-04-19,C00274,P0100,SO04,BU3,R01,USD,815,1461.87,33.09,1347.63,12.31,72.1,3.26,13.41,853.1
T0004646,O0001549,INV0002323,IL0004646,2025-11-13,2025-11-13,C00256,P0119,SO01,BU2,R04,USD,179,410.21,32.02,384.57,5.04,4.42,15.84,19.04,214.44
T0004647,O0001549,INV0002324,IL0004647,2026-08-20,2026-08-20,C00039,P0105,SO01,BU1,R04,USD,568,988.21,91.06,870.69,28.23,25.93,27.7,4.16,713.48
T0004648,O0001550,INV0002324,IL0004648,2026-10-02,2026-10-02,C00015,P0017,SO05,BU3,R04,USD,124,253.67,9.9,232.71,7.52,7.35,3.81,2.19,179.84
T0004649,O0001550,INV0002325,IL0004649,2026-12-16,2026-12-16,C00280,P0093,SO03,BU2,R04,USD,1189,898.05,31.06,838.9,25.34,35.89,33.14,47.37,595.82
T0004650,O0001550,INV0002325,IL0004650,2025-11-09,2025-11-09,C00247,P0011,SO02,BU4,R04,USD,945,393.03,35.22,353.04,1.87,9.0,6.1,21.18,226.78
T0004651,O0001551,INV0002326,IL0004651,2026-12-11,2026-12-11,C00143,P0026,SO04,BU2,R04,USD,656,810.03,33.99,778.99,2.31,20.42,25.68,4.53,414.25
T0004652,O0001551,INV0002326,IL0004652,2025-05-02,2025-05-02,C00072,P0010,SO01,BU4,R04,USD,46,21.12,1.45,19.71,0.01,0.39,0.44,1.06,13.49
T0004653,O0001551,INV0002327,IL0004653,2026-08-07,2026-08-07,C00217,P0126,SO04,BU3,R01,USD,390,907.41,80.23,798.51,4.97,36.01,12.31,23.53,523.26
T0004654,O0001552,INV0002327,IL0004654,2025-12-24,2025-12-24,C00015,P0061,SO02,BU3,R04,USD,721,1807.98,109.82,1638.62,34.07,64.2,38.73,47.92,1293.31
T0004655,O0001552,INV0002328,IL0004655,2026-06-01,2026-06-01,C00221,P0133,SO02,BU3,R03,USD,30,71.01,1.45,68.61,2.03,0.63,1.71,2.38,47.32
T0004656,O0001552,INV0002328,IL0004656,2026-01-18,2026-01-18,C00112,P0034,SO04,BU4,R04,USD,16,5.64,0.14,5.37,0.15,0.17,0.19,0.01,2.72
T0004657,O0001553,INV0002329,IL0004657,2025-01-08,2025-01-08,C00025,P0064,SO01,BU4,R01,USD,870,957.26,29.61,881.21,21.12,47.04,21.72,6.54,682.71
T0004658,O0001553,INV0002329,IL0004658,2025-11-08,2025-11-08,C00022,P0087,SO04,BU2,R03,USD,691,1481.85,21.94,1401.79,15.65,44.68,2.21,78.59,1018.05
T0004659,O0001553,INV0002330,IL0004659,2025-02-17,2025-02-17,C00313,P0084,SO05,BU4,R01,USD,125,70.24,6.44,60.83,1.55,2.18,0.76,2.57,37.51
T0004660,O0001554,INV0002330,IL0004660,2025-03-11,2025-03-11,C00399,P0148,SO04,BU4,R04,USD,1067,2371.62,182.23,2196.26,29.88,34.79,71.54,20.46,1263.01
T0004661,O0001554,INV0002331,IL0004661,2026-08-24,2026-08-24,C00466,P0107,SO03,BU3,R01,USD,855,1753.01,68.17,1630.31,23.41,93.21,62.09,80.95,1064.98
T0004662,O0001554,INV0002331,IL0004662,2025-11-22,2025-11-22,C00095,P0106,SO04,BU3,R04,USD,622,1662.05,131.07,1463.47,34.35,56.93,23.77,55.35,924.4
T0004663,O0001555,INV0002332,IL0004663,2026-09-21,2026-09-21,C00237,P0139,SO03,BU2,R03,USD,190,374.91,9.93,364.38,7.76,5.32,12.48,19.19,263.4
T0004664,O0001555,INV0002332,IL0004664,2026-04-29,2026-04-29,C00019,P0093,SO02,BU2,R02,USD,1102,2565.9,121.23,2411.28,71.74,5.78,44.13,142.22,1422.39
T0004665,O0001555,INV0002333,IL0004665,2026-07-02,2026-07-02,C00042,P0140,SO03,BU2,R01,USD,1101,2136.16,195.37,1860.72,28.32,112.9,61.15,13.21,1542.1
T0004666,O0001556,INV0002333,IL0004666,2026-08-11,2026-08-11,C00058,P0148,SO02,BU3,R01,USD,1086,1533.11,67.19,1411.13,12.8,60.31,18.32,10.0,808.11
T0004667,O0001556,INV0002334,IL0004667,2025-10-11,2025-10-11,C00429,P0138,SO05,BU2,R03,USD,443,732.77,65.02,664.39,3.83,26.75,27.22,14.45,543.69
T0004668,O0001556,INV0002334,IL0004668,2025-10-27,2025-10-27,C00200,P0046,SO05,BU2,R04,USD,982,1574.15,108.2,1453.43,9.26,30.97,27.71,21.94,1087.3
T0004669,O0001557,INV0002335,IL0004669,2026-11-11,2026-11-11,C00084,P0124,SO03,BU4,R02,USD,486,149.01,9.85,141.23,0.05,2.51,4.63,6.48,84.45
T0004670,O0001557,INV0002335,IL0004670,2025-10-18,2025-10-18,C00412,P0064,SO01,BU2,R02,USD,138,384.65,36.22,333.53,0.48,19.37,4.95,9.04,287.84
T0004671,O0001557,INV0002336,IL0004671,2026-03-05,2026-03-05,C00053,P0125,SO05,BU3,R03,USD,395,131.46,11.87,120.6,2.23,0.02,3.26,6.09,88.69
T0004672,O0001558,INV0002336,IL0004672,2026-09-18,2026-09-18,C00329,P0129,SO04,BU1,R01,USD,822,1126.63,7.68,1088.04,0.65,35.58,5.32,16.4,778.12
T0004673,O0001558,INV0002337,IL0004673,2025-12-26,2025-12-26,C00207,P0042,SO01,BU3,R04,USD,998,2026.54,26.95,1935.91,3.45,110.96,50.73,71.37,991.84
T0004674,O0001558,INV0002337,IL0004674,2025-12-21,2025-12-21,C00233,P0088,SO02,BU4,R01,USD,57,13.91,0.08,13.7,0.11,0.21,0.19,0.8,9.99
T0004675,O0001559,INV0002338,IL0004675,2026-01-27,2026-01-27,C00349,P0061,SO02,BU2,R03,USD,776,1646.13,147.49,1487.62,24.54,39.28,52.8,19.51,1207.33
T0004676,O0001559,INV0002338,IL0004676,2025-06-17,2025-06-17,C00059,P0116,SO01,BU3,R02,USD,1117,1895.77,155.9,1650.75,31.93,58.85,1.66,3.38,1012.89
T0004677,O0001559,INV0002339,IL0004677,2025-08-21,2025-08-21,C00329,P0123,SO03,BU1,R01,USD,69,190.5,12.67,171.38,1.06,7.04,1.65,3.35,138.97
T0004678,O0001560,INV0002339,IL0004678,2026-09-15,2026-09-15,C00099,P0037,SO03,BU4,R02,USD,963,2464.7,118.71,2312.59,27.04,66.63,60.27,60.85,1370.06
T0004679,O0001560,INV0002340,IL0004679,2026-07-13,2026-07-13,C00167,P0053,SO01,BU2,R04,USD,577,283.71,21.63,262.71,4.3,2.44,7.37,9.35,180.79
T0004680,O0001560,INV0002340,IL0004680,2026-07-18,2026-07-18,C00373,P0010,SO01,BU4,R03,USD,913,1039.45,90.25,909.35,29.17,25.0,14.32,47.73,597.53
T0004681,O0001561,INV0002341,IL0004681,2026-07-17,2026-07-17,C00191,P0101,SO05,BU2,R04,USD,760,314.87,21.9,296.04,1.7,2.38,7.15,11.15,174.53
T0004682,O0001561,INV0002341,IL0004682,2025-05-11,2025-05-11,C00434,P0144,SO02,BU4,R01,USD,196,243.82,3.52,237.47,4.88,6.58,8.63,1.44,139.31
T0004683,O0001561,INV0002342,IL0004683,2026-04-24,2026-04-24,C00247,P0136,SO03,BU1,R04,USD,502,438.3,27.48,402.12,3.6,13.49,8.39,8.46,269.93
T0004684,O0001562,INV0002342,IL0004684,2026-02-22,2026-02-22,C00399,P0051,SO04,BU3,R04,USD,922,1788.13,13.83,1725.34,51.98,1.79,4.81,102.97,1127.11
T0004685,O0001562,INV0002343,IL0004685,2025-07-03,2025-07-03,C00255,P0125,SO04,BU3,R04,USD,866,2395.53,209.58,2121.4,47.96,66.6,50.01,99.14,1406.09
T0004686,O0001562,INV0002343,IL0004686,2025-10-17,2025-10-17,C00374,P0045,SO01,BU1,R03,USD,686,1380.03,4.2,1346.77,33.97,24.62,29.53,16.54,776.8
T0004687,O0001563,INV0002344,IL0004687,2025-03-13,2025-03-13,C00208,P0054,SO04,BU1,R04,USD,843,895.52,47.58,825.47,10.87,15.66,4.06,7.66,488.2
T0004688,O0001563,INV0002344,IL0004688,2025-10-28,2025-10-28,C00457,P0019,SO03,BU4,R01,USD,1077,554.33,34.13,495.81,10.67,14.76,1.04,25.4,382.29
T0004689,O0001563,INV0002345,IL0004689,2026-11-08,2026-11-08,C00261,P0110,SO01,BU3,R03,USD,231,609.45,15.45,570.7,15.32,27.08,19.1,0.56,310.02
T0004690,O0001564,INV0002345,IL0004690,2025-12-25,2025-12-25,C00291,P0061,SO05,BU4,R02,USD,859,1216.77,13.02,1142.96,32.76,46.02,17.99,14.72,879.45
T0004691,O0001564,INV0002346,IL0004691,2025-11-12,2025-11-12,C00040,P0035,SO04,BU1,R04,USD,800,2187.76,81.83,2080.99,10.12,79.19,64.37,70.84,1271.44
T0004692,O0001564,INV0002346,IL0004692,2026-04-09,2026-04-09,C00495,P0051,SO01,BU3,R04,USD,244,291.09,6.94,272.88,0.05,13.07,1.85,13.69,211.74
T0004693,O0001565,INV0002347,IL0004693,2025-03-26,2025-03-26,C00110,P0021,SO02,BU1,R03,USD,112,38.06,0.31,36.39,0.32,1.09,0.05,1.36,26.42
T0004694,O0001565,INV0002347,IL0004694,2026-03-30,2026-03-30,C00499,P0081,SO01,BU3,R02,USD,747,1025.33,49.82,936.35,8.92,36.38,6.14,57.91,543.97
T0004695,O0001565,INV0002348,IL0004695,2025-03-11,2025-03-11,C00097,P0033,SO03,BU3,R01,USD,1135,2604.48,165.28,2399.28,32.5,83.1,75.68,86.92,1441.68
T0004696,O0001566,INV0002348,IL0004696,2026-01-02,2026-01-02,C00301,P0132,SO01,BU1,R03,USD,1083,980.12,58.85,875.98,23.9,26.81,5.42,27.79,739.54
T0004697,O0001566,INV0002349,IL0004697,2025-11-20,2025-11-20,C00262,P0070,SO01,BU3,R03,USD,884,493.54,5.28,478.35,9.59,12.66,12.34,10.01,272.75
T0004698,O0001566,INV0002349,IL0004698,2026-09-17,2026-09-17,C00269,P0071,SO02,BU4,R03,USD,1164,1893.36,116.34,1799.23,1.65,6.38,30.24,72.25,1339.99
T0004699,O0001567,INV0002350,IL0004699,2026-04-24,2026-04-24,C00269,P0051,SO02,BU2,R03,USD,863,494.15,41.73,435.08,4.31,19.58,6.55,28.08,361.12
T0004700,O0001567,INV0002350,IL0004700,2026-08-28,2026-08-28,C00284,P0128,SO01,BU2,R02,USD,558,499.58,15.01,445.95,13.61,26.65,1.64,21.36,341.61
T0004701,O0001567,INV0002351,IL0004701,2025-05-24,2025-05-24,C00352,P0011,SO04,BU3,R04,USD,363,509.76,29.87,458.23,10.48,23.19,12.01,2.57,257.82
T0004702,O0001568,INV0002351,IL0004702,2025-05-22,2025-05-22,C00020,P0047,SO03,BU3,R02,USD,708,1367.22,135.04,1171.8,26.47,38.19,4.28,22.88,802.99
T0004703,O0001568,INV0002352,IL0004703,2025-11-29,2025-11-29,C00149,P0028,SO03,BU1,R03,USD,689,427.87,9.84,414.6,0.1,18.04,14.71,13.82,259.53
T0004704,O0001568,INV0002352,IL0004704,2025-03-21,2025-03-21,C00315,P0014,SO02,BU2,R02,USD,431,280.02,26.99,245.29,3.62,7.33,3.21,8.75,202.81
T0004705,O0001569,INV0002353,IL0004705,2025-10-21,2025-10-21,C00123,P0042,SO04,BU2,R02,USD,967,2640.1,232.5,2410.71,24.52,39.52,67.15,10.44,1324.63
T0004706,O0001569,INV0002353,IL0004706,2025-08-02,2025-08-02,C00072,P0056,SO03,BU4,R04,USD,1125,3001.05,242.5,2731.33,73.02,40.06,85.86,91.98,2245.97
T0004707,O0001569,INV0002354,IL0004707,2025-02-26,2025-02-26,C00383,P0092,SO03,BU2,R04,USD,712,1151.02,8.88,1115.55,14.6,47.08,35.09,47.85,746.67
T0004708,O0001570,INV0002354,IL0004708,2026-07-13,2026-07-13,C00077,P0036,SO04,BU1,R03,USD,431,184.81,2.52,180.42,3.69,0.81,2.63,11.9,139.44
T0004709,O0001570,INV0002355,IL0004709,2026-05-29,2026-05-29,C00315,P0134,SO02,BU3,R02,USD,354,715.26,1.5,695.24,11.66,10.51,3.65,16.05,498.65
T0004710,O0001570,INV0002355,IL0004710,2025-01-22,2025-01-22,C00340,P0106,SO05,BU3,R02,USD,129,180.72,15.03,159.82,3.81,7.26,5.2,2.09,128.1
T0004711,O0001571,INV0002356,IL0004711,2025-11-04,2025-11-04,C00130,P0088,SO05,BU2,R01,USD,970,1018.6,61.37,972.27,13.39,5.78,34.21,51.37,595.56
T0004712,O0001571,INV0002356,IL0004712,2026-03-02,2026-03-02,C00410,P0135,SO01,BU4,R01,USD,441,217.28,0.9,212.37,1.95,4.63,2.57,11.93,140.88
T0004713,O0001571,INV0002357,IL0004713,2025-08-25,2025-08-25,C00293,P0072,SO04,BU2,R03,USD,1092,1032.49,53.02,944.72,21.95,45.85,33.05,56.67,499.81
T0004714,O0001572,INV0002357,IL0004714,2026-07-23,2026-07-23,C00348,P0089,SO02,BU1,R02,USD,985,532.98,10.15,503.75,3.0,23.54,7.46,17.31,380.95
T0004715,O0001572,INV0002358,IL0004715,2025-03-14,2025-03-14,C00311,P0040,SO03,BU1,R04,USD,636,427.39,31.88,387.87,2.22,12.92,7.5,23.19,224.58
T0004716,O0001572,INV0002358,IL0004716,2026-07-15,2026-07-15,C00016,P0126,SO03,BU4,R04,USD,900,2506.95,234.09,2138.24,67.0,98.46,30.84,6.26,1880.23
T0004717,O0001573,INV0002359,IL0004717,2026-10-27,2026-10-27,C00320,P0081,SO04,BU3,R04,USD,15,31.86,2.18,28.97,0.11,1.44,0.84,0.45,22.58
T0004718,O0001573,INV0002359,IL0004718,2026-11-09,2026-11-09,C00365,P0062,SO02,BU4,R03,USD,857,482.75,28.06,455.88,11.42,4.57,17.18,28.17,348.24
T0004719,O0001573,INV0002360,IL0004719,2026-06-05,2026-06-05,C00242,P0002,SO02,BU2,R01,USD,18,5.17,0.45,4.48,0.03,0.28,0.07,0.05,2.67
T0004720,O0001574,INV0002360,IL0004720,2026-07-09,2026-07-09,C00301,P0061,SO04,BU3,R03,USD,745,896.91,68.73,798.34,14.24,26.06,10.46,47.46,526.69
T0004721,O0001574,INV0002361,IL0004721,2025-04-30,2025-04-30,C00428,P0004,SO03,BU3,R02,USD,595,854.0,45.82,791.59,6.75,21.88,12.04,39.95,545.09
T0004722,O0001574,INV0002361,IL0004722,2025-05-05,2025-05-05,C00464,P0125,SO02,BU3,R04,USD,1172,348.55,13.67,324.56,3.39,14.11,7.18,11.42,228.75
T0004723,O0001575,INV0002362,IL0004723,2026-04-19,2026-04-19,C00368,P0110,SO02,BU2,R04,USD,384,545.7,50.19,511.03,1.98,0.6,18.1,5.5,315.17
T0004724,O0001575,INV0002362,IL0004724,2025-11-09,2025-11-09,C00461,P0088,SO01,BU1,R03,USD,816,1938.49,184.55,1761.98,7.36,49.37,64.77,85.2,963.48
T0004725,O0001575,INV0002363,IL0004725,2026-11-20,2026-11-20,C00179,P0040,SO04,BU1,R02,USD,190,369.55,34.88,334.02,6.75,5.23,11.33,10.08,254.28
T0004726,O0001576,INV0002363,IL0004726,2025-11-03,2025-11-03,C00196,P0138,SO04,BU2,R02,USD,785,1119.72,86.58,968.13,31.32,45.08,11.39,63.56,729.98
T0004727,O0001576,INV0002364,IL0004727,2025-10-12,2025-10-12,C00085,P0130,SO05,BU2,R03,USD,27,6.11,0.57,5.14,0.15,0.28,0.03,0.35,4.23
T0004728,O0001576,INV0002364,IL0004728,2025-09-27,2025-09-27,C00098,P0115,SO02,BU1,R01,USD,565,839.53,8.2,828.41,19.09,11.09,27.26,10.46,447.75
T0004729,O0001577,INV0002365,IL0004729,2025-11-29,2025-11-29,C00434,P0139,SO03,BU4,R01,USD,467,683.69,53.35,591.52,18.53,24.15,3.86,29.84,518.93
T0004730,O0001577,INV0002365,IL0004730,2025-10-03,2025-10-03,C00169,P0012,SO04,BU4,R01,USD,711,651.84,30.68,622.73,7.92,16.56,26.05,19.05,495.16
T0004731,O0001577,INV0002366,IL0004731,2025-02-13,2025-02-13,C00358,P0013,SO02,BU2,R03,USD,48,122.34,7.32,115.46,3.13,0.82,4.39,5.91,64.3
T0004732,O0001578,INV0002366,IL0004732,2026-05-27,2026-05-27,C00312,P0062,SO05,BU4,R04,USD,450,832.55,17.16,780.26,7.53,30.44,2.84,21.56,412.7
T0004733,O0001578,INV0002367,IL0004733,2026-08-26,2026-08-26,C00329,P0100,SO03,BU4,R01,USD,186,509.79,49.46,455.89,5.32,9.84,10.72,16.06,337.27
T0004734,O0001578,INV0002367,IL0004734,2026-01-15,2026-01-15,C00256,P0087,SO05,BU3,R04,USD,682,302.13,20.83,267.57,0.99,15.44,2.7,2.54,206.32
T0004735,O0001579,INV0002368,IL0004735,2025-07-17,2025-07-17,C00252,P0014,SO03,BU2,R02,USD,585,534.22,20.74,491.39,14.95,9.39,2.25,18.63,286.05
T0004736,O0001579,INV0002368,IL0004736,2025-09-08,2025-09-08,C00260,P0094,SO05,BU2,R02,USD,233,383.59,11.84,367.45,7.09,3.39,6.18,8.31,214.18
T0004737,O0001579,INV0002369,IL0004737,2025-02-17,2025-02-17,C00034,P0121,SO05,BU3,R01,USD,521,411.69,35.83,373.13,8.17,1.51,6.95,1.16,219.81
T0004738,O0001580,INV0002369,IL0004738,2025-10-29,2025-10-29,C00405,P0145,SO01,BU4,R03,USD,179,120.09,6.94,113.37,0.28,0.25,0.75,5.14,70.69
T0004739,O0001580,INV0002370,IL0004739,2026-05-08,2026-05-08,C00240,P0081,SO04,BU2,R04,USD,10,13.39,0.03,13.43,0.05,0.32,0.44,0.91,6.47
T0004740,O0001580,INV0002370,IL0004740,2026-01-29,2026-01-29,C00207,P0026,SO03,BU3,R04,USD,1148,779.38,44.99,714.7,20.19,30.27,30.77,21.55,442.45
T0004741,O0001581,INV0002371,IL0004741,2025-08-13,2025-08-13,C00185,P0144,SO03,BU4,R01,USD,55,95.83,3.08,87.03,2.84,3.64,0.76,3.52,71.7
T0004742,O0001581,INV0002371,IL0004742,2025-05-18,2025-05-18,C00257,P0105,SO04,BU3,R01,USD,203,316.21,12.78,296.61,6.25,5.56,4.99,5.2,190.03
T0004743,O0001581,INV0002372,IL0004743,2025-11-21,2025-11-21,C00338,P0071,SO04,BU3,R01,USD,792,2122.48,141.68,2035.36,10.8,3.34,68.7,126.93,1475.1
T0004744,O0001582,INV0002372,IL0004744,2026-08-11,2026-08-11,C00341,P0040,SO01,BU3,R03,USD,712,1133.29,27.27,1071.65,0.37,49.85,15.85,52.72,562.72
T0004745,O0001582,INV0002373,IL0004745,2026-07-20,2026-07-20,C00398,P0118,SO02,BU4,R03,USD,840,1556.1,148.45,1377.01,11.86,24.81,6.03,3.78,1120.22
T0004746,O0001582,INV0002373,IL0004746,2026-06-15,2026-06-15,C00179,P0060,SO05,BU2,R02,USD,1151,3018.61,72.45,2928.52,7.74,100.94,91.04,148.57,1606.5
T0004747,O0001583,INV0002374,IL0004747,2025-06-17,2025-06-17,C00480,P0116,SO05,BU3,R04,USD,1046,2376.2,68.57,2222.58,35.41,109.17,59.53,146.21,1265.6
T0004748,O0001583,INV0002374,IL0004748,2026-05-29,2026-05-29,C00041,P0143,SO03,BU3,R01,USD,800,1558.32,13.41,1466.49,45.54,38.73,5.85,29.2,750.95
T0004749,O0001583,INV0002375,IL0004749,2025-06-28,2025-06-28,C00028,P0126,SO03,BU4,R02,USD,904,322.19,10.02,291.51,4.4,17.62,1.36,1.35,211.18
T0004750,O0001584,INV0002375,IL0004750,2025-10-06,2025-10-06,C00328,P0136,SO01,BU1,R04,USD,46,105.6,0.3,101.41,0.05,4.8,0.96,5.95,52.43
T0004751,O0001584,INV0002376,IL0004751,2026-10-16,2026-10-16,C00087,P0031,SO04,BU1,R04,USD,1131,1981.51,50.58,1985.31,0.48,10.21,65.07,109.4,1088.3
T0004752,O0001584,INV0002376,IL0004752,2026-10-20,2026-10-20,C00293,P0042,SO04,BU4,R03,USD,737,1432.36,80.01,1323.57,31.22,6.15,8.59,87.0,995.49
T0004753,O0001585,INV0002377,IL0004753,2025-09-30,2025-09-30,C00148,P0064,SO05,BU3,R02,USD,871,2367.38,76.3,2260.71,5.36,95.24,70.23,67.46,1746.12
T0004754,O0001585,INV0002377,IL0004754,2026-08-11,2026-08-11,C00456,P0026,SO02,BU4,R04,USD,1126,2440.49,47.85,2259.78,66.78,126.71,60.63,77.1,1474.24
T0004755,O0001585,INV0002378,IL0004755,2025-02-15,2025-02-15,C00477,P0027,SO05,BU2,R03,USD,1065,1503.67,149.69,1373.82,5.35,15.31,40.5,83.25,1039.17
T0004756,O0001586,INV0002378,IL0004756,2025-08-18,2025-08-18,C00115,P0134,SO05,BU1,R02,USD,779,863.05,10.47,837.16,12.17,30.14,26.89,51.97,505.75
T0004757,O0001586,INV0002379,IL0004757,2025-05-19,2025-05-19,C00194,P0104,SO04,BU2,R01,USD,1198,593.61,43.31,525.33,10.22,18.5,3.75,16.83,404.12
T0004758,O0001586,INV0002379,IL0004758,2026-04-09,2026-04-09,C00346,P0007,SO02,BU1,R01,USD,879,1791.75,67.52,1631.77,24.51,89.2,21.25,48.46,1130.46
T0004759,O0001587,INV0002380,IL0004759,2026-09-04,2026-09-04,C00231,P0114,SO01,BU3,R04,USD,960,1429.92,68.98,1304.79,29.68,62.31,35.84,82.43,692.64
T0004760,O0001587,INV0002380,IL0004760,2025-11-22,2025-11-22,C00018,P0106,SO02,BU1,R01,USD,282,195.43,14.29,181.07,4.58,2.53,7.04,3.54,124.77
T0004761,O0001587,INV0002381,IL0004761,2025-10-17,2025-10-17,C00354,P0024,SO01,BU2,R01,USD,898,1357.51,67.89,1247.14,33.23,33.51,24.26,47.55,896.69
T0004762,O0001588,INV0002381,IL0004762,2026-01-12,2026-01-12,C00134,P0104,SO01,BU1,R03,USD,746,443.8,43.18,366.85,13.25,22.92,2.4,0.08,243.91
T0004763,O0001588,INV0002382,IL0004763,2025-12-07,2025-12-07,C00264,P0113,SO03,BU2,R04,USD,352,814.21,41.36,739.17,21.67,44.03,32.02,48.76,567.67
T0004764,O0001588,INV0002382,IL0004764,2026-08-26,2026-08-26,C00337,P0089,SO01,BU3,R01,USD,1033,1284.64,97.2,1159.44,2.13,36.93,11.06,2.59,909.5
T0004765,O0001589,INV0002383,IL0004765,2026-09-05,2026-09-05,C00375,P0150,SO03,BU3,R04,USD,30,38.84,0.73,38.31,0.77,0.18,1.15,0.82,21.09
T0004766,O0001589,INV0002383,IL0004766,2026-10-02,2026-10-02,C00041,P0145,SO01,BU4,R01,USD,645,1653.84,75.11,1477.56,31.66,88.38,18.87,50.47,1137.71
T0004767,O0001589,INV0002384,IL0004767,2025-04-25,2025-04-25,C00361,P0113,SO01,BU2,R01,USD,610,1102.76,69.61,994.16,27.42,22.87,11.3,57.79,659.78
T0004768,O0001590,INV0002384,IL0004768,2025-02-18,2025-02-18,C00497,P0065,SO04,BU4,R01,USD,865,2311.63,145.9,2102.61,54.05,98.2,89.13,1.59,1225.12
T0004769,O0001590,INV0002385,IL0004769,2026-09-14,2026-09-14,C00195,P0042,SO03,BU2,R02,USD,1018,337.67,30.07,294.4,2.5,15.73,5.03,8.73,242.73
T0004770,O0001590,INV0002385,IL0004770,2025-03-05,2025-03-05,C00033,P0020,SO02,BU1,R01,USD,962,478.21,5.32,471.95,3.84,8.77,11.67,5.24,336.94
T0004771,O0001591,INV0002386,IL0004771,2025-02-16,2025-02-16,C00244,P0021,SO02,BU1,R02,USD,1137,3039.31,297.04,2728.16,13.66,13.17,12.72,123.72,1931.39
T0004772,O0001591,INV0002386,IL0004772,2025-02-03,2025-02-03,C00161,P0009,SO02,BU3,R01,USD,649,783.6,68.02,689.53,14.9,20.41,9.26,23.29,581.99
T0004773,O0001591,INV0002387,IL0004773,2026-12-25,2026-12-25,C00132,P0023,SO04,BU1,R02,USD,844,2034.55,70.28,2016.6,18.31,9.61,80.25,121.31,1522.52
T0004774,O0001592,INV0002387,IL0004774,2025-12-15,2025-12-15,C00187,P0020,SO04,BU2,R02,USD,627,1361.72,11.86,1293.93,26.79,30.42,1.28,18.1,728.51
T0004775,O0001592,INV0002388,IL0004775,2026-06-09,2026-06-09,C00211,P0079,SO02,BU1,R02,USD,828,884.72,4.82,853.8,24.88,12.74,11.52,18.95,647.44
T0004776,O0001592,INV0002388,IL0004776,2026-10-30,2026-10-30,C00001,P0017,SO04,BU3,R01,USD,189,242.54,5.6,238.6,1.89,0.26,3.81,7.13,145.97
T0004777,O0001593,INV0002389,IL0004777,2026-10-03,2026-10-03,C00400,P0123,SO01,BU4,R04,USD,1048,1937.65,159.32,1821.12,12.09,6.87,61.75,120.88,1011.29
T0004778,O0001593,INV0002389,IL0004778,2025-10-10,2025-10-10,C00281,P0111,SO04,BU1,R01,USD,142,285.31,9.03,273.14,2.96,0.38,0.2,18.42,158.16
T0004779,O0001593,INV0002390,IL0004779,2025-03-19,2025-03-19,C00427,P0134,SO04,BU1,R02,USD,90,243.89,9.23,238.01,1.53,2.06,6.94,6.73,160.57
T0004780,O0001594,INV0002390,IL0004780,2025-04-11,2025-04-11,C00400,P0053,SO05,BU1,R04,USD,943,385.78,1.33,378.28,7.16,12.37,13.36,25.25,231.54
T0004781,O0001594,INV0002391,IL0004781,2025-10-14,2025-10-14,C00386,P0061,SO02,BU1,R01,USD,553,1216.27,86.52,1093.51,26.74,37.52,28.02,1.32,637.7
T0004782,O0001594,INV0002391,IL0004782,2025-02-19,2025-02-19,C00477,P0025,SO03,BU1,R03,USD,442,361.78,24.46,325.82,10.23,13.11,11.84,2.9,254.77
T0004783,O0001595,INV0002392,IL0004783,2026-08-20,2026-08-20,C00113,P0035,SO03,BU2,R01,USD,887,1015.35,75.83,916.05,3.65,54.86,35.04,45.42,660.09
T0004784,O0001595,INV0002392,IL0004784,2026-08-11,2026-08-11,C00381,P0028,SO05,BU1,R03,USD,1056,2359.1,214.7,2055.08,15.0,114.67,40.35,109.06,1707.68
T0004785,O0001595,INV0002393,IL0004785,2025-04-26,2025-04-26,C00263,P0055,SO05,BU4,R04,USD,358,320.84,3.72,316.57,4.75,1.58,5.78,15.85,164.99
T0004786,O0001596,INV0002393,IL0004786,2026-03-24,2026-03-24,C00005,P0126,SO05,BU4,R03,USD,184,79.73,1.12,73.3,2.27,3.8,0.76,3.61,59.39
T0004787,O0001596,INV0002394,IL0004787,2026-08-02,2026-08-02,C00063,P0064,SO02,BU3,R04,USD,750,548.02,49.64,496.91,4.06,13.01,15.6,16.01,346.43
T0004788,O0001596,INV0002394,IL0004788,2025-05-21,2025-05-21,C00368,P0080,SO02,BU4,R04,USD,55,123.18,8.85,108.78,3.69,4.69,2.83,6.04,62.7
T0004789,O0001597,INV0002395,IL0004789,2026-11-13,2026-11-13,C00255,P0024,SO04,BU2,R04,USD,1137,708.01,47.17,664.81,11.43,3.02,18.42,17.97,397.38
T0004790,O0001597,INV0002395,IL0004790,2025-06-14,2025-06-14,C00417,P0025,SO03,BU1,R01,USD,408,482.38,28.84,456.06,0.06,13.88,16.46,27.67,270.01
T0004791,O0001597,INV0002396,IL0004791,2026-11-07,2026-11-07,C00328,P0113,SO03,BU4,R04,USD,299,828.95,13.46,757.63,22.54,43.68,8.36,10.6,596.6
T0004792,O0001598,INV0002396,IL0004792,2026-07-24,2026-07-24,C00372,P0055,SO03,BU1,R02,USD,1059,2300.25,36.47,2301.22,17.35,37.15,91.94,125.3,1705.59
T0004793,O0001598,INV0002397,IL0004793,2026-07-09,2026-07-09,C00144,P0123,SO02,BU4,R04,USD,25,23.03,1.07,21.21,0.48,0.56,0.29,0.12,12.82
T0004794,O0001598,INV0002397,IL0004794,2025-12-19,2025-12-19,C00235,P0077,SO02,BU2,R02,USD,801,1622.83,29.62,1576.44,17.03,15.76,16.02,32.98,837.21
T0004795,O0001599,INV0002398,IL0004795,2025-10-03,2025-10-03,C00340,P0138,SO03,BU4,R02,USD,578,1225.76,14.55,1196.44,34.95,24.88,45.06,54.61,846.97
T0004796,O0001599,INV0002398,IL0004796,2026-09-11,2026-09-11,C00231,P0124,SO01,BU3,R04,USD,550,824.56,59.12,734.36,19.4,33.74,22.06,22.0,402.16
T0004797,O0001599,INV0002399,IL0004797,2025-07-02,2025-07-02,C00178,P0001,SO04,BU4,R01,USD,888,2385.88,44.66,2275.97,21.53,86.53,42.81,41.27,1805.84
T0004798,O0001600,INV0002399,IL0004798,2025-10-20,2025-10-20,C00281,P0122,SO01,BU2,R01,USD,587,917.48,53.62,860.7,3.56,5.91,6.31,45.57,573.68
T0004799,O0001600,INV0002400,IL0004799,2026-11-26,2026-11-26,C00122,P0002,SO01,BU3,R01,USD,880,1449.62,105.55,1264.78,37.4,44.62,2.73,64.15,767.09
T0004800,O0001600,INV0002400,IL0004800,2026-10-19,2026-10-19,C00258,P0002,SO05,BU4,R01,USD,1037,1610.98,29.39,1490.28,48.24,51.41,8.34,12.0,853.08
T0004801,O0001601,INV0002401,IL0004801,2026-10-25,2026-10-25,C00361,P0071,SO05,BU1,R01,USD,410,769.16,52.21,703.68,11.33,3.47,1.53,42.62,402.97
T0004802,O0001601,INV0002401,IL0004802,2026-08-18,2026-08-18,C00067,P0149,SO01,BU1,R02,USD,353,360.55,0.82,335.45,8.6,18.12,2.44,21.71,233.4
T0004803,O0001601,INV0002402,IL0004803,2025-05-20,2025-05-20,C00433,P0093,SO05,BU3,R01,USD,1181,3289.56,187.71,3000.02,50.58,95.06,43.81,169.96,2143.02
T0004804,O0001602,INV0002402,IL0004804,2026-11-15,2026-11-15,C00129,P0055,SO01,BU2,R01,USD,893,2044.08,47.43,1956.45,51.56,33.69,45.05,64.06,1470.9
T0004805,O0001602,INV0002403,IL0004805,2026-10-20,2026-10-20,C00017,P0004,SO03,BU4,R01,USD,995,2230.59,23.22,2237.67,7.08,42.59,79.97,23.25,1409.26
T0004806,O0001602,INV0002403,IL0004806,2026-01-26,2026-01-26,C00007,P0130,SO02,BU1,R04,USD,1161,2677.15,98.83,2396.74,46.25,140.68,5.35,158.72,1529.83
T0004807,O0001603,INV0002404,IL0004807,2025-03-28,2025-03-28,C00400,P0048,SO05,BU1,R04,USD,1054,1362.19,52.2,1267.72,1.86,72.2,31.79,85.79,927.94
T0004808,O0001603,INV0002404,IL0004808,2025-10-24,2025-10-24,C00296,P0072,SO04,BU4,R04,USD,220,497.33,5.47,457.16,14.81,24.56,4.67,29.48,279.89
T0004809,O0001603,INV0002405,IL0004809,2026-05-16,2026-05-16,C00128,P0121,SO05,BU1,R04,USD,714,1298.41,104.1,1117.71,30.27,53.91,7.58,33.34,842.17
T0004810,O0001604,INV0002405,IL0004810,2025-10-13,2025-10-13,C00267,P0053,SO04,BU1,R02,USD,479,979.75,96.59,839.93,27.37,37.06,21.2,36.96,651.44
T0004811,O0001604,INV0002406,IL0004811,2025-03-18,2025-03-18,C00172,P0080,SO01,BU2,R02,USD,1171,2367.76,212.47,2043.6,47.82,120.22,56.35,114.9,1731.45
T0004812,O0001604,INV0002406,IL0004812,2025-03-25,2025-03-25,C00404,P0149,SO05,BU2,R02,USD,909,1793.37,117.47,1633.32,2.78,46.13,6.33,84.8,1268.69
T0004813,O0001605,INV0002407,IL0004813,2026-12-23,2026-12-23,C00382,P0013,SO03,BU4,R03,USD,760,519.61,20.87,488.38,3.47,9.98,3.09,16.07,340.42
T0004814,O0001605,INV0002407,IL0004814,2025-07-26,2025-07-26,C00137,P0003,SO01,BU3,R01,USD,187,219.82,11.72,205.44,4.76,6.57,8.67,11.76,131.39
T0004815,O0001605,INV0002408,IL0004815,2025-04-23,2025-04-23,C00338,P0070,SO03,BU4,R01,USD,1119,1594.58,59.86,1559.73,3.08,26.65,54.74,12.27,1211.13
T0004816,O0001606,INV0002408,IL0004816,2026-12-15,2026-12-15,C00268,P0129,SO05,BU4,R02,USD,702,1273.15,76.06,1156.17,34.16,43.69,36.93,54.34,748.86
T0004817,O0001606,INV0002409,IL0004817,2025-12-10,2025-12-10,C00061,P0122,SO02,BU3,R03,USD,486,598.65,23.35,571.2,5.49,3.95,5.34,18.01,323.89
T0004818,O0001606,INV0002409,IL0004818,2025-09-28,2025-09-28,C00012,P0001,SO03,BU3,R02,USD,1170,1918.8,170.89,1731.33,47.53,0.51,31.46,21.96,1219.33
T0004819,O0001607,INV0002410,IL0004819,2025-10-05,2025-10-05,C00121,P0041,SO03,BU1,R01,USD,721,1618.0,156.19,1374.09,27.6,65.32,5.2,60.15,1009.43
T0004820,O0001607,INV0002410,IL0004820,2026-05-29,2026-05-29,C00062,P0149,SO01,BU4,R03,USD,1035,1993.41,65.85,1847.14,19.48,108.63,47.69,112.82,1150.16
T0004821,O0001607,INV0002411,IL0004821,2026-02-15,2026-02-15,C00297,P0143,SO02,BU2,R01,USD,447,402.34,24.24,357.16,3.1,21.14,3.3,7.09,302.92
T0004822,O0001608,INV0002411,IL0004822,2025-10-07,2025-10-07,C00026,P0135,SO02,BU2,R01,USD,152,40.93,0.02,40.18,0.72,0.9,0.89,1.97,26.56
T0004823,O0001608,INV0002412,IL0004823,2025-07-12,2025-07-12,C00479,P0049,SO03,BU3,R04,USD,824,1183.76,113.58,1025.8,5.98,52.04,13.64,60.03,820.86
T0004824,O0001608,INV0002412,IL0004824,2025-09-01,2025-09-01,C00363,P0013,SO05,BU3,R02,USD,720,135.22,7.63,130.18,2.33,0.2,5.12,4.7,75.43
T0004825,O0001609,INV0002413,IL0004825,2025-03-03,2025-03-03,C00193,P0115,SO04,BU4,R01,USD,127,217.91,9.62,211.67,2.46,1.17,7.01,8.97,165.17
T0004826,O0001609,INV0002413,IL0004826,2025-01-27,2025-01-27,C00277,P0098,SO01,BU3,R03,USD,450,951.25,27.52,906.97,7.75,36.13,27.12,11.95,508.72
T0004827,O0001609,INV0002414,IL0004827,2026-06-22,2026-06-22,C00187,P0112,SO03,BU1,R02,USD,690,595.95,33.65,550.58,4.39,30.11,22.78,5.7,303.74
T0004828,O0001610,INV0002414,IL0004828,2026-02-25,2026-02-25,C00265,P0141,SO02,BU1,R01,USD,264,52.62,3.3,47.75,1.26,2.15,1.84,2.36,39.89
T0004829,O0001610,INV0002415,IL0004829,2026-11-19,2026-11-19,C00123,P0046,SO02,BU2,R02,USD,175,311.03,1.24,309.6,7.61,0.39,7.81,10.06,195.04
T0004830,O0001610,INV0002415,IL0004830,2026-03-10,2026-03-10,C00066,P0064,SO01,BU2,R01,USD,679,730.33,38.79,684.0,2.5,25.98,20.94,5.57,477.75
T0004831,O0001611,INV0002416,IL0004831,2026-03-27,2026-03-27,C00238,P0108,SO04,BU4,R03,USD,752,1844.58,100.63,1687.67,24.89,51.02,19.63,45.96,950.9
T0004832,O0001611,INV0002416,IL0004832,2026-03-22,2026-03-22,C00401,P0005,SO02,BU2,R01,USD,530,1326.27,125.04,1167.58,32.01,25.18,23.54,40.62,789.35
T0004833,O0001611,INV0002417,IL0004833,2025-07-08,2025-07-08,C00174,P0066,SO05,BU2,R03,USD,726,1187.23,94.67,1071.4,15.69,43.4,37.93,29.32,599.03
T0004834,O0001612,INV0002417,IL0004834,2025-09-18,2025-09-18,C00294,P0005,SO03,BU3,R03,USD,551,140.45,12.34,126.72,4.03,2.59,5.23,7.59,79.24
T0004835,O0001612,INV0002418,IL0004835,2026-03-09,2026-03-09,C00088,P0096,SO05,BU1,R04,USD,234,305.16,7.51,289.03,8.27,10.32,9.97,14.98,227.72
T0004836,O0001612,INV0002418,IL0004836,2026-08-20,2026-08-20,C00500,P0013,SO05,BU3,R02,USD,836,1021.84,41.11,971.76,10.93,8.53,10.49,0.96,575.6
T0004837,O0001613,INV0002419,IL0004837,2025-09-04,2025-09-04,C00054,P0083,SO01,BU4,R03,USD,1021,208.49,19.2,181.58,2.17,6.39,0.85,4.69,107.72
T0004838,O0001613,INV0002419,IL0004838,2025-03-01,2025-03-01,C00408,P0122,SO05,BU3,R04,USD,1137,914.38,20.46,868.07,1.17,40.1,15.42,53.13,569.88
T0004839,O0001613,INV0002420,IL0004839,2026-08-06,2026-08-06,C00072,P0038,SO05,BU3,R04,USD,255,566.07,23.69,526.55,2.91,26.67,13.75,6.64,308.0
T0004840,O0001614,INV0002420,IL0004840,2026-03-06,2026-03-06,C00001,P0022,SO05,BU3,R01,USD,926,595.42,24.81,583.77,6.0,2.21,21.37,39.63,307.0
T0004841,O0001614,INV0002421,IL0004841,2025-04-11,2025-04-11,C00098,P0086,SO04,BU1,R01,USD,289,688.69,63.39,631.16,18.23,3.11,27.2,24.34,517.77
T0004842,O0001614,INV0002421,IL0004842,2025-08-07,2025-08-07,C00104,P0034,SO02,BU2,R04,USD,115,71.69,6.18,66.25,1.47,0.17,2.38,1.85,51.86
T0004843,O0001615,INV0002422,IL0004843,2025-11-13,2025-11-13,C00009,P0117,SO04,BU4,R01,USD,1125,2978.21,294.58,2589.91,71.15,36.05,13.48,73.17,1494.18
T0004844,O0001615,INV0002422,IL0004844,2026-12-15,2026-12-15,C00260,P0057,SO01,BU3,R02,USD,859,562.22,47.25,482.88,12.45,27.27,7.63,26.25,377.93
T0004845,O0001615,INV0002423,IL0004845,2025-09-22,2025-09-22,C00278,P0061,SO03,BU4,R03,USD,785,744.26,11.21,717.68,7.69,33.59,25.91,12.73,479.56
T0004846,O0001616,INV0002423,IL0004846,2026-06-18,2026-06-18,C00240,P0017,SO03,BU1,R04,USD,796,555.85,33.99,506.49,11.98,6.34,2.95,26.88,281.76
T0004847,O0001616,INV0002424,IL0004847,2026-07-20,2026-07-20,C00366,P0132,SO02,BU2,R03,USD,965,181.71,9.3,171.92,4.74,0.84,5.09,9.97,132.91
T0004848,O0001616,INV0002424,IL0004848,2025-12-11,2025-12-11,C00251,P0068,SO03,BU3,R02,USD,284,769.9,58.01,721.99,2.32,4.4,16.82,34.99,577.07
T0004849,O0001617,INV0002425,IL0004849,2025-10-25,2025-10-25,C00008,P0020,SO01,BU4,R04,USD,1187,2474.42,146.71,2240.07,22.58,135.25,70.19,138.42,1623.86
T0004850,O0001617,INV0002425,IL0004850,2026-03-24,2026-03-24,C00378,P0100,SO04,BU3,R01,USD,781,454.46,9.16,445.4,6.15,2.58,8.83,1.35,313.55
T0004851,O0001617,INV0002426,IL0004851,2025-11-09,2025-11-09,C00500,P0094,SO01,BU4,R02,USD,559,282.91,27.71,256.59,3.77,5.92,11.08,12.95,199.98
T0004852,O0001618,INV0002426,IL0004852,2025-06-26,2025-06-26,C00107,P0002,SO02,BU2,R02,USD,277,186.61,18.25,161.07,0.72,9.93,3.36,4.34,110.6
T0004853,O0001618,INV0002427,IL0004853,2025-08-22,2025-08-22,C00112,P0050,SO02,BU4,R04,USD,183,429.24,26.72,394.9,5.82,17.56,15.76,8.76,213.97
T0004854,O0001618,INV0002427,IL0004854,2026-09-21,2026-09-21,C00083,P0114,SO01,BU1,R02,USD,1194,891.8,4.95,853.25,21.72,21.04,9.16,56.81,439.92
T0004855,O0001619,INV0002428,IL0004855,2026-12-17,2026-12-17,C00404,P0030,SO03,BU3,R02,USD,1031,2718.64,226.99,2388.9,70.39,36.72,4.36,145.22,1335.49
T0004856,O0001619,INV0002428,IL0004856,2025-02-01,2025-02-01,C00490,P0068,SO03,BU1,R01,USD,83,25.59,0.85,24.77,0.5,0.07,0.6,1.56,18.22
T0004857,O0001619,INV0002429,IL0004857,2026-07-02,2026-07-02,C00416,P0103,SO02,BU4,R04,USD,192,45.25,2.48,42.68,0.81,0.52,1.24,1.37,24.02
T0004858,O0001620,INV0002429,IL0004858,2026-12-24,2026-12-24,C00399,P0136,SO03,BU4,R04,USD,1184,3076.74,227.01,2817.74,0.75,57.63,26.39,104.3,1741.74
T0004859,O0001620,INV0002430,IL0004859,2026-07-12,2026-07-12,C00444,P0006,SO01,BU4,R02,USD,848,1507.91,109.34,1388.4,19.71,38.37,47.91,20.73,856.57
T0004860,O0001620,INV0002430,IL0004860,2025-12-27,2025-12-27,C00493,P0043,SO03,BU2,R03,USD,1170,522.99,22.16,497.82,11.96,4.78,13.73,23.83,294.3
T0004861,O0001621,INV0002431,IL0004861,2025-09-23,2025-09-23,C00233,P0067,SO04,BU3,R01,USD,144,390.84,15.88,373.34,8.53,5.7,12.61,24.79,247.15
T0004862,O0001621,INV0002431,IL0004862,2026-07-26,2026-07-26,C00081,P0038,SO01,BU2,R01,USD,447,847.78,22.6,801.39,6.89,26.72,9.82,45.12,514.73
T0004863,O0001621,INV0002432,IL0004863,2025-11-06,2025-11-06,C00275,P0078,SO02,BU1,R02,USD,737,1677.71,66.28,1520.62,31.17,80.47,20.83,8.56,1261.27
T0004864,O0001622,INV0002432,IL0004864,2025-09-26,2025-09-26,C00091,P0031,SO02,BU4,R02,USD,959,532.25,39.54,502.62,1.49,3.88,15.28,7.72,326.96
T0004865,O0001622,INV0002433,IL0004865,2026-08-17,2026-08-17,C00044,P0070,SO03,BU4,R02,USD,1105,581.45,23.45,562.31,4.91,12.68,21.9,28.87,300.64
T0004866,O0001622,INV0002433,IL0004866,2025-12-27,2025-12-27,C00166,P0068,SO02,BU4,R03,USD,311,800.27,57.97,700.96,18.68,36.79,14.13,0.51,572.1
T0004867,O0001623,INV0002434,IL0004867,2026-02-28,2026-02-28,C00407,P0120,SO05,BU3,R04,USD,455,155.11,9.62,139.05,3.15,4.79,1.5,7.06,101.01
T0004868,O0001623,INV0002434,IL0004868,2025-09-19,2025-09-19,C00205,P0144,SO03,BU1,R03,USD,339,107.06,5.13,95.65,3.11,5.58,2.41,0.58,75.87
T0004869,O0001623,INV0002435,IL0004869,2026-11-07,2026-11-07,C00401,P0150,SO02,BU3,R01,USD,1134,3027.89,156.54,2733.91,62.14,137.08,61.78,169.05,2064.85
T0004870,O0001624,INV0002435,IL0004870,2025-11-25,2025-11-25,C00007,P0114,SO03,BU4,R04,USD,1034,1023.76,65.37,949.41,9.88,0.61,1.51,22.98,637.44
T0004871,O0001624,INV0002436,IL0004871,2026-12-03,2026-12-03,C00045,P0068,SO04,BU2,R03,USD,282,397.56,19.97,357.92,4.71,21.43,6.47,23.42,198.78
T0004872,O0001624,INV0002436,IL0004872,2026-12-25,2026-12-25,C00386,P0101,SO01,BU2,R01,USD,956,2406.92,42.64,2292.61,16.61,66.91,11.85,43.19,1762.39
T0004873,O0001625,INV0002437,IL0004873,2026-01-07,2026-01-07,C00210,P0090,SO03,BU3,R01,USD,559,985.35,44.58,944.52,6.02,1.9,11.67,14.05,579.17
T0004874,O0001625,INV0002437,IL0004874,2026-07-12,2026-07-12,C00134,P0083,SO01,BU3,R03,USD,591,632.84,0.21,627.16,2.38,4.95,1.86,30.15,413.1
T0004875,O0001625,INV0002438,IL0004875,2026-06-18,2026-06-18,C00332,P0129,SO05,BU2,R02,USD,1156,517.19,4.08,488.85,15.08,27.3,18.12,18.95,283.74
T0004876,O0001626,INV0002438,IL0004876,2026-06-17,2026-06-17,C00317,P0060,SO01,BU1,R03,USD,1168,2397.55,156.73,2149.39,13.33,93.92,15.82,46.45,1791.59
T0004877,O0001626,INV0002439,IL0004877,2025-03-12,2025-03-12,C00415,P0128,SO04,BU2,R04,USD,844,2215.16,131.16,2056.09,3.03,97.31,72.43,76.35,1313.77
T0004878,O0001626,INV0002439,IL0004878,2026-12-15,2026-12-15,C00281,P0041,SO03,BU2,R01,USD,347,412.83,16.87,377.15,3.59,15.52,0.3,24.95,198.98
T0004879,O0001627,INV0002440,IL0004879,2026-11-11,2026-11-11,C00247,P0125,SO03,BU4,R04,USD,681,1378.62,40.48,1333.56,27.24,14.05,36.71,55.19,892.45
T0004880,O0001627,INV0002440,IL0004880,2025-04-29,2025-04-29,C00073,P0024,SO02,BU3,R01,USD,755,806.04,15.23,781.1,2.86,14.99,8.14,23.6,611.66
T0004881,O0001627,INV0002441,IL0004881,2025-09-22,2025-09-22,C00200,P0110,SO04,BU3,R04,USD,465,661.04,28.17,594.88,12.59,33.29,7.89,26.23,321.53
T0004882,O0001628,INV0002441,IL0004882,2025-10-02,2025-10-02,C00264,P0045,SO01,BU2,R04,USD,254,95.94,6.98,88.27,2.62,1.74,3.67,1.12,64.8
T0004883,O0001628,INV0002442,IL0004883,2025-12-22,2025-12-22,C00192,P0082,SO03,BU4,R04,USD,343,154.08,12.49,136.6,4.33,6.25,5.59,5.27,107.54
T0004884,O0001628,INV0002442,IL0004884,2025-11-29,2025-11-29,C00451,P0091,SO01,BU3,R02,USD,11,6.51,0.54,5.56,0.12,0.29,0.0,0.32,4.89
T0004885,O0001629,INV0002443,IL0004885,2026-02-06,2026-02-06,C00028,P0119,SO01,BU2,R02,USD,314,882.59,44.38,823.44,20.7,27.99,33.92,45.73,566.97
T0004886,O0001629,INV0002443,IL0004886,2026-06-29,2026-06-29,C00325,P0144,SO04,BU2,R03,USD,804,1229.72,64.98,1167.45,3.61,27.05,33.37,72.67,914.13
T0004887,O0001629,INV0002444,IL0004887,2025-07-04,2025-07-04,C00272,P0089,SO05,BU2,R04,USD,648,1387.04,4.44,1414.46,7.27,16.12,55.25,25.21,705.87
T0004888,O0001630,INV0002444,IL0004888,2025-04-08,2025-04-08,C00222,P0060,SO05,BU3,R03,USD,46,64.84,1.05,61.82,1.77,2.52,2.32,4.24,31.94
T0004889,O0001630,INV0002445,IL0004889,2026-10-15,2026-10-15,C00438,P0090,SO02,BU2,R03,USD,385,737.31,21.66,675.35,17.4,35.95,13.05,10.72,480.62
T0004890,O0001630,INV0002445,IL0004890,2026-03-30,2026-03-30,C00243,P0144,SO02,BU1,R02,USD,180,55.06,1.45,53.47,0.61,0.3,0.77,2.77,35.64
T0004891,O0001631,INV0002446,IL0004891,2025-09-29,2025-09-29,C00088,P0076,SO03,BU2,R04,USD,925,1457.43,92.25,1319.28,13.48,61.54,29.12,0.59,742.19
T0004892,O0001631,INV0002446,IL0004892,2026-06-09,2026-06-09,C00441,P0133,SO05,BU3,R01,USD,1009,2376.7,180.49,2192.05,60.4,10.13,66.37,90.35,1407.39
T0004893,O0001631,INV0002447,IL0004893,2025-06-14,2025-06-14,C00069,P0030,SO02,BU3,R03,USD,944,1762.54,102.64,1624.99,33.24,38.58,36.91,35.05,1178.79
T0004894,O0001632,INV0002447,IL0004894,2026-05-05,2026-05-05,C00434,P0104,SO03,BU4,R01,USD,480,101.09,6.3,90.49,2.97,3.23,1.9,0.63,66.67
T0004895,O0001632,INV0002448,IL0004895,2025-04-15,2025-04-15,C00463,P0081,SO04,BU3,R04,USD,390,869.04,77.35,794.33,7.87,22.33,32.84,45.67,509.62
T0004896,O0001632,INV0002448,IL0004896,2026-04-13,2026-04-13,C00143,P0027,SO04,BU2,R04,USD,698,576.69,25.64,529.47,15.88,23.31,17.61,12.73,347.98
T0004897,O0001633,INV0002449,IL0004897,2026-03-06,2026-03-06,C00106,P0114,SO04,BU4,R01,USD,783,760.92,30.21,689.13,14.91,29.54,2.87,24.98,451.49
T0004898,O0001633,INV0002449,IL0004898,2026-08-25,2026-08-25,C00416,P0096,SO05,BU1,R04,USD,646,238.5,11.79,221.83,3.08,6.48,4.68,6.32,125.43
T0004899,O0001633,INV0002450,IL0004899,2025-09-11,2025-09-11,C00140,P0053,SO01,BU2,R02,USD,674,279.31,3.42,282.98,0.69,2.54,10.32,10.37,207.16
T0004900,O0001634,INV0002450,IL0004900,2026-12-12,2026-12-12,C00061,P0069,SO04,BU3,R03,USD,148,133.27,0.71,135.55,0.36,0.95,4.3,7.71,88.11
T0004901,O0001634,INV0002451,IL0004901,2026-04-24,2026-04-24,C00133,P0144,SO03,BU3,R03,USD,651,1310.53,74.53,1232.34,3.79,42.39,42.52,16.29,954.21
T0004902,O0001634,INV0002451,IL0004902,2026-05-28,2026-05-28,C00029,P0048,SO03,BU3,R03,USD,363,314.98,25.31,289.85,5.09,4.55,9.82,10.33,217.29
T0004903,O0001635,INV0002452,IL0004903,2025-01-26,2025-01-26,C00384,P0128,SO02,BU2,R04,USD,379,535.07,34.45,491.0,5.83,7.92,4.13,5.62,360.8
T0004904,O0001635,INV0002452,IL0004904,2025-10-09,2025-10-09,C00092,P0080,SO05,BU3,R02,USD,134,363.06,14.02,338.87,9.56,12.57,11.96,9.45,241.53
T0004905,O0001635,INV0002453,IL0004905,2026-03-23,2026-03-23,C00311,P0034,SO01,BU1,R04,USD,1000,2249.5,39.2,2230.88,30.98,16.27,67.83,18.14,1228.09
T0004906,O0001636,INV0002453,IL0004906,2026-06-20,2026-06-20,C00332,P0113,SO01,BU1,R02,USD,1051,2656.93,250.28,2298.65,19.2,120.96,32.16,56.38,1820.55
T0004907,O0001636,INV0002454,IL0004907,2026-08-20,2026-08-20,C00226,P0093,SO02,BU2,R01,USD,1134,726.1,64.88,667.67,0.44,8.03,14.92,18.2,551.29
T0004908,O0001636,INV0002454,IL0004908,2026-09-02,2026-09-02,C00257,P0012,SO05,BU1,R01,USD,1150,1137.81,0.22,1086.98,31.51,28.21,9.11,50.14,766.68
T0004909,O0001637,INV0002455,IL0004909,2026-07-20,2026-07-20,C00497,P0071,SO05,BU4,R01,USD,616,289.83,25.37,249.23,7.67,12.87,5.31,5.0,143.6
T0004910,O0001637,INV0002455,IL0004910,2025-12-01,2025-12-01,C00042,P0089,SO03,BU4,R01,USD,1014,1896.28,31.62,1869.53,50.86,1.87,57.6,70.65,921.4
T0004911,O0001637,INV0002456,IL0004911,2025-05-13,2025-05-13,C00128,P0133,SO05,BU1,R04,USD,33,90.35,0.15,89.2,1.85,0.86,1.71,3.98,43.58
T0004912,O0001638,INV0002456,IL0004912,2026-07-20,2026-07-20,C00072,P0069,SO04,BU2,R04,USD,653,1218.63,24.68,1208.09,22.29,10.0,46.43,43.47,626.21
T0004913,O0001638,INV0002457,IL0004913,2025-04-16,2025-04-16,C00205,P0006,SO02,BU3,R03,USD,665,1574.92,129.03,1376.1,36.55,78.4,45.16,16.03,821.88
T0004914,O0001638,INV0002457,IL0004914,2025-05-28,2025-05-28,C00116,P0079,SO04,BU1,R02,USD,293,262.35,23.58,224.99,6.93,12.26,5.41,14.71,166.79
T0004915,O0001639,INV0002458,IL0004915,2026-11-15,2026-11-15,C00042,P0066,SO03,BU2,R01,USD,565,919.25,61.53,847.32,27.32,8.3,25.22,10.47,490.54
T0004916,O0001639,INV0002458,IL0004916,2025-11-05,2025-11-05,C00218,P0102,SO04,BU4,R01,USD,1171,1601.23,7.27,1518.14,33.97,67.47,25.62,97.32,834.37
T0004917,O0001639,INV0002459,IL0004917,2025-04-24,2025-04-24,C00123,P0059,SO05,BU3,R02,USD,661,1382.08,94.11,1240.4,7.4,59.23,19.06,26.22,801.62
T0004918,O0001640,INV0002459,IL0004918,2026-04-03,2026-04-03,C00068,P0040,SO01,BU4,R02,USD,67,139.86,12.21,121.64,4.16,6.99,5.14,8.44,92.08
T0004919,O0001640,INV0002460,IL0004919,2025-09-27,2025-09-27,C00396,P0066,SO01,BU2,R02,USD,368,712.41,43.69,648.69,18.39,7.86,6.22,39.04,392.44
T0004920,O0001640,INV0002460,IL0004920,2026-01-09,2026-01-09,C00332,P0014,SO02,BU1,R02,USD,444,1008.5,44.17,973.49,8.13,12.33,29.62,60.54,696.36
T0004921,O0001641,INV0002461,IL0004921,2025-02-23,2025-02-23,C00205,P0002,SO03,BU2,R03,USD,514,95.24,9.06,82.63,1.39,5.0,2.84,4.4,55.9
T0004922,O0001641,INV0002461,IL0004922,2026-06-04,2026-06-04,C00183,P0149,SO02,BU1,R04,USD,914,2372.65,226.58,2005.44,51.76,118.97,30.1,31.77,1697.24
T0004923,O0001641,INV0002462,IL0004923,2025-12-07,2025-12-07,C00114,P0129,SO02,BU3,R01,USD,1031,2293.87,135.3,2191.25,2.57,31.12,66.37,90.82,1738.25
T0004924,O0001642,INV0002462,IL0004924,2025-10-26,2025-10-26,C00401,P0015,SO01,BU3,R01,USD,904,1596.83,46.22,1484.1,39.84,33.36,6.69,48.13,1040.08
T0004925,O0001642,INV0002463,IL0004925,2026-06-22,2026-06-22,C00062,P0040,SO02,BU2,R03,USD,954,1714.34,68.71,1667.24,14.39,3.39,39.39,18.47,1117.47
T0004926,O0001642,INV0002463,IL0004926,2025-09-26,2025-09-26,C00337,P0035,SO05,BU3,R01,USD,681,898.44,78.17,772.63,19.32,44.37,16.05,25.74,444.93
T0004927,O0001643,INV0002464,IL0004927,2026-12-11,2026-12-11,C00426,P0006,SO03,BU3,R01,USD,240,329.14,21.0,303.81,3.29,7.09,6.05,5.27,185.11
T0004928,O0001643,INV0002464,IL0004928,2025-04-25,2025-04-25,C00023,P0108,SO05,BU3,R04,USD,631,1573.46,40.98,1483.51,28.55,52.4,31.98,81.57,1190.43
T0004929,O0001643,INV0002465,IL0004929,2026-05-18,2026-05-18,C00486,P0032,SO03,BU1,R03,USD,1009,1873.21,97.29,1659.12,47.4,73.32,3.92,19.24,908.66
T0004930,O0001644,INV0002465,IL0004930,2025-10-21,2025-10-21,C00385,P0148,SO05,BU1,R01,USD,458,907.25,66.27,821.65,26.63,0.48,7.78,51.67,512.36
T0004931,O0001644,INV0002466,IL0004931,2026-05-07,2026-05-07,C00413,P0031,SO01,BU3,R03,USD,650,1488.04,2.72,1410.26,36.11,50.5,11.55,22.69,1038.12
T0004932,O0001644,INV0002466,IL0004932,2025-01-11,2025-01-11,C00098,P0095,SO04,BU1,R01,USD,431,198.91,18.33,176.74,2.63,2.41,1.2,4.57,135.09
T0004933,O0001645,INV0002467,IL0004933,2026-12-13,2026-12-13,C00015,P0070,SO03,BU2,R04,USD,1064,1972.66,192.19,1774.0,43.36,11.75,48.64,45.32,1222.3
T0004934,O0001645,INV0002467,IL0004934,2026-08-03,2026-08-03,C00237,P0059,SO05,BU1,R03,USD,373,706.65,9.41,676.74,17.67,20.41,17.58,24.73,367.54
T0004935,O0001645,INV0002468,IL0004935,2026-12-19,2026-12-19,C00340,P0148,SO03,BU2,R02,USD,821,609.59,35.23,549.55,11.5,14.07,0.76,31.95,454.97
T0004936,O0001646,INV0002468,IL0004936,2026-07-30,2026-07-30,C00213,P0051,SO02,BU2,R03,USD,465,757.67,64.52,664.8,13.16,38.06,22.87,22.32,479.37
T0004937,O0001646,INV0002469,IL0004937,2026-04-24,2026-04-24,C00333,P0098,SO05,BU4,R03,USD,1111,2424.09,205.26,2149.49,59.58,36.34,26.58,82.11,1207.18
T0004938,O0001646,INV0002469,IL0004938,2025-03-25,2025-03-25,C00022,P0028,SO01,BU3,R03,USD,548,1077.37,47.44,1017.64,31.41,19.14,38.26,52.47,586.08
T0004939,O0001647,INV0002470,IL0004939,2026-06-01,2026-06-01,C00383,P0012,SO02,BU1,R04,USD,1022,553.92,27.87,519.22,2.91,6.83,2.91,17.28,365.25
T0004940,O0001647,INV0002470,IL0004940,2025-07-04,2025-07-04,C00249,P0096,SO01,BU2,R01,USD,244,491.64,41.43,441.03,2.48,21.05,14.35,20.59,364.43
T0004941,O0001647,INV0002471,IL0004941,2025-09-05,2025-09-05,C00036,P0031,SO04,BU1,R02,USD,463,438.37,31.92,390.09,5.05,20.82,9.51,11.99,261.72
T0004942,O0001648,INV0002471,IL0004942,2026-01-10,2026-01-10,C00407,P0150,SO05,BU3,R04,USD,280,398.13,18.56,365.0,7.81,11.14,4.38,4.82,194.06
T0004943,O0001648,INV0002472,IL0004943,2025-11-05,2025-11-05,C00488,P0101,SO01,BU3,R04,USD,911,860.71,65.38,794.25,1.57,18.04,18.53,35.96,475.7
T0004944,O0001648,INV0002472,IL0004944,2026-03-24,2026-03-24,C00401,P0130,SO01,BU4,R01,USD,202,266.72,7.74,246.14,7.82,11.57,6.55,13.15,170.21
T0004945,O0001649,INV0002473,IL0004945,2026-05-07,2026-05-07,C00385,P0050,SO03,BU1,R01,USD,49,51.43,3.89,46.07,0.92,2.59,2.04,0.28,37.79
T0004946,O0001649,INV0002473,IL0004946,2025-01-14,2025-01-14,C00012,P0009,SO01,BU4,R02,USD,974,1580.7,153.75,1401.29,5.54,72.71,52.59,40.08,827.99
T0004947,O0001649,INV0002474,IL0004947,2026-05-04,2026-05-04,C00328,P0065,SO03,BU3,R04,USD,1115,1643.62,122.47,1515.21,10.25,16.58,20.89,9.38,1126.33
T0004948,O0001650,INV0002474,IL0004948,2025-07-23,2025-07-23,C00119,P0039,SO01,BU2,R04,USD,982,2727.41,70.42,2649.77,23.82,55.38,71.98,179.56,1576.45
T0004949,O0001650,INV0002475,IL0004949,2025-10-17,2025-10-17,C00468,P0124,SO01,BU2,R02,USD,918,1436.58,71.01,1342.16,25.85,13.8,16.24,63.58,865.73
T0004950,O0001650,INV0002475,IL0004950,2026-12-04,2026-12-04,C00236,P0020,SO05,BU3,R02,USD,648,157.72,14.6,141.44,2.64,3.9,4.86,1.24,108.64
T0004951,O0001651,INV0002476,IL0004951,2025-01-06,2025-01-06,C00349,P0097,SO04,BU4,R03,USD,457,658.67,40.13,613.97,10.51,5.99,11.93,24.1,331.91
T0004952,O0001651,INV0002476,IL0004952,2025-11-21,2025-11-21,C00369,P0053,SO01,BU1,R01,USD,1125,1681.42,144.53,1514.0,24.91,2.69,4.71,8.13,1042.62
T0004953,O0001651,INV0002477,IL0004953,2025-03-26,2025-03-26,C00483,P0042,SO03,BU1,R02,USD,454,464.85,42.51,404.96,9.97,14.2,6.79,0.95,285.38
T0004954,O0001652,INV0002477,IL0004954,2026-02-03,2026-02-03,C00088,P0044,SO01,BU3,R04,USD,219,394.84,7.58,377.18,4.97,17.31,12.2,7.67,285.18
T0004955,O0001652,INV0002478,IL0004955,2026-05-14,2026-05-14,C00345,P0047,SO03,BU2,R01,USD,386,979.9,49.0,915.85,0.82,48.21,33.98,44.69,567.71
T0004956,O0001652,INV0002478,IL0004956,2025-03-01,2025-03-01,C00023,P0068,SO03,BU4,R04,USD,391,118.98,11.66,105.21,1.93,3.27,3.09,3.55,62.22
T0004957,O0001653,INV0002479,IL0004957,2026-09-25,2026-09-25,C00204,P0108,SO04,BU2,R02,USD,965,1495.65,3.89,1443.55,43.59,40.32,35.7,62.15,829.51
T0004958,O0001653,INV0002479,IL0004958,2025-08-10,2025-08-10,C00449,P0122,SO02,BU4,R01,USD,174,130.33,5.42,121.77,3.48,3.84,4.18,2.58,81.92
T0004959,O0001653,INV0002480,IL0004959,2026-10-31,2026-10-31,C00053,P0098,SO01,BU4,R03,USD,1163,2118.17,211.64,1894.0,6.33,33.85,27.65,0.38,1386.6
T0004960,O0001654,INV0002480,IL0004960,2025-10-06,2025-10-06,C00319,P0110,SO02,BU4,R04,USD,521,1191.84,40.04,1119.97,32.42,17.2,17.79,22.74,706.62
T0004961,O0001654,INV0002481,IL0004961,2026-12-01,2026-12-01,C00178,P0149,SO02,BU3,R01,USD,526,171.21,15.05,157.49,0.24,4.35,5.92,7.8,108.49
T0004962,O0001654,INV0002481,IL0004962,2026-09-15,2026-09-15,C00317,P0122,SO01,BU2,R03,USD,295,733.43,65.19,649.19,10.4,29.39,20.74,41.32,361.76
T0004963,O0001655,INV0002482,IL0004963,2025-12-11,2025-12-11,C00316,P0064,SO04,BU4,R02,USD,330,840.18,15.51,825.05,11.97,17.23,29.58,32.93,562.66
T0004964,O0001655,INV0002482,IL0004964,2026-01-10,2026-01-10,C00476,P0081,SO01,BU1,R02,USD,516,1031.02,46.7,977.37,9.81,7.51,10.37,66.14,618.43
T0004965,O0001655,INV0002483,IL0004965,2025-06-02,2025-06-02,C00122,P0097,SO05,BU3,R01,USD,1003,1573.51,88.67,1416.96,45.31,27.64,5.07,0.44,844.09
T0004966,O0001656,INV0002483,IL0004966,2026-03-13,2026-03-13,C00093,P0104,SO01,BU4,R03,USD,622,133.61,9.28,116.38,3.35,7.05,2.45,1.11,81.59
T0004967,O0001656,INV0002484,IL0004967,2026-09-25,2026-09-25,C00493,P0029,SO01,BU4,R03,USD,809,737.97,1.11,736.12,8.85,11.6,19.71,12.93,427.75
T0004968,O0001656,INV0002484,IL0004968,2026-11-27,2026-11-27,C00368,P0047,SO05,BU4,R04,USD,173,452.79,27.69,434.44,5.19,0.48,15.01,8.54,312.1
T0004969,O0001657,INV0002485,IL0004969,2025-11-04,2025-11-04,C00037,P0070,SO04,BU3,R03,USD,377,881.05,47.38,778.18,22.13,34.56,1.2,45.62,455.9
T0004970,O0001657,INV0002485,IL0004970,2025-08-28,2025-08-28,C00500,P0092,SO03,BU3,R02,USD,177,345.27,26.7,299.4,9.1,18.84,8.77,13.03,184.04
T0004971,O0001657,INV0002486,IL0004971,2026-07-08,2026-07-08,C00377,P0012,SO02,BU4,R01,USD,1113,952.73,91.8,842.99,13.56,34.64,30.26,19.9,527.43
T0004972,O0001658,INV0002486,IL0004972,2026-12-16,2026-12-16,C00054,P0125,SO02,BU4,R03,USD,402,158.63,2.55,157.23,4.42,0.57,6.14,9.07,100.18
T0004973,O0001658,INV0002487,IL0004973,2025-12-01,2025-12-01,C00204,P0052,SO03,BU3,R02,USD,523,718.13,42.49,648.94,8.55,30.27,12.12,24.32,354.79
T0004974,O0001658,INV0002487,IL0004974,2026-09-16,2026-09-16,C00310,P0125,SO02,BU4,R03,USD,696,1064.88,34.08,996.26,28.36,34.58,28.4,65.08,807.61
T0004975,O0001659,INV0002488,IL0004975,2025-03-25,2025-03-25,C00219,P0108,SO02,BU1,R02,USD,98,180.89,5.97,174.32,0.57,5.46,5.43,5.43,112.53
T0004976,O0001659,INV0002488,IL0004976,2026-10-22,2026-10-22,C00156,P0122,SO02,BU3,R02,USD,380,153.1,9.81,134.08,4.57,6.44,1.8,8.4,93.27
T0004977,O0001659,INV0002489,IL0004977,2026-11-30,2026-11-30,C00237,P0006,SO03,BU1,R03,USD,91,142.94,9.12,133.81,1.47,2.67,4.13,2.92,95.42
T0004978,O0001660,INV0002489,IL0004978,2026-01-18,2026-01-18,C00442,P0107,SO05,BU2,R01,USD,484,1287.44,109.89,1178.62,27.27,21.82,50.16,68.01,643.54
T0004979,O0001660,INV0002490,IL0004979,2026-03-13,2026-03-13,C00187,P0039,SO01,BU4,R02,USD,939,297.57,2.51,287.68,5.74,13.37,11.73,8.07,156.32
T0004980,O0001660,INV0002490,IL0004980,2026-10-01,2026-10-01,C00290,P0138,SO03,BU3,R01,USD,1115,369.96,13.59,337.14,5.0,16.44,2.21,7.69,182.25
T0004981,O0001661,INV0002491,IL0004981,2026-02-12,2026-02-12,C00122,P0027,SO04,BU2,R01,USD,578,1542.8,142.9,1340.12,1.81,82.77,24.8,73.08,874.06
T0004982,O0001661,INV0002491,IL0004982,2025-06-14,2025-06-14,C00123,P0125,SO01,BU3,R02,USD,683,1389.5,74.86,1322.33,21.48,15.41,44.58,8.23,755.17
T0004983,O0001661,INV0002492,IL0004983,2026-08-19,2026-08-19,C00128,P0040,SO02,BU4,R04,USD,594,917.67,85.44,822.38,18.88,25.32,34.35,42.91,602.4
T0004984,O0001662,INV0002492,IL0004984,2026-02-08,2026-02-08,C00220,P0112,SO01,BU3,R02,USD,435,378.75,23.12,329.73,10.41,16.02,0.53,3.5,184.06
T0004985,O0001662,INV0002493,IL0004985,2026-07-04,2026-07-04,C00478,P0022,SO01,BU1,R03,USD,90,20.91,1.87,18.82,0.47,0.46,0.71,0.02,12.77
T0004986,O0001662,INV0002493,IL0004986,2026-06-08,2026-06-08,C00423,P0104,SO04,BU1,R04,USD,641,1303.28,119.76,1206.57,22.69,4.98,50.72,41.74,677.99
T0004987,O0001663,INV0002494,IL0004987,2026-05-13,2026-05-13,C00399,P0106,SO02,BU4,R04,USD,17,9.76,0.71,8.39,0.22,0.5,0.06,0.05,4.86
T0004988,O0001663,INV0002494,IL0004988,2025-05-17,2025-05-17,C00417,P0147,SO04,BU4,R01,USD,750,2050.65,75.55,1916.13,28.08,111.29,80.4,64.54,1074.04
T0004989,O0001663,INV0002495,IL0004989,2026-08-30,2026-08-30,C00238,P0102,SO03,BU1,R03,USD,248,293.58,8.47,269.57,5.34,12.7,2.5,15.48,142.96
T0004990,O0001664,INV0002495,IL0004990,2025-02-19,2025-02-19,C00392,P0122,SO02,BU2,R04,USD,246,332.32,25.07,292.83,9.04,5.64,0.26,20.31,180.08
T0004991,O0001664,INV0002496,IL0004991,2026-01-20,2026-01-20,C00136,P0148,SO04,BU4,R04,USD,1008,2182.12,2.08,2059.06,35.85,102.78,17.65,138.43,1614.82
T0004992,O0001664,INV0002496,IL0004992,2025-08-16,2025-08-16,C00060,P0082,SO03,BU4,R02,USD,568,1009.96,38.11,944.4,3.12,27.22,2.89,49.83,493.21
T0004993,O0001665,INV0002497,IL0004993,2026-10-15,2026-10-15,C00114,P0116,SO02,BU4,R01,USD,224,218.65,8.3,203.89,3.68,8.86,6.08,8.25,137.29
T0004994,O0001665,INV0002497,IL0004994,2025-07-11,2025-07-11,C00471,P0049,SO05,BU4,R04,USD,939,1858.75,163.21,1668.36,53.16,13.36,39.34,94.86,908.92
T0004995,O0001665,INV0002498,IL0004995,2025-10-24,2025-10-24,C00357,P0106,SO02,BU3,R03,USD,746,864.02,30.74,820.09,17.27,0.8,4.88,38.51,573.85
T0004996,O0001666,INV0002498,IL0004996,2026-08-04,2026-08-04,C00415,P0021,SO04,BU1,R04,USD,722,378.98,7.25,353.06,10.24,12.02,3.59,19.12,182.71
T0004997,O0001666,INV0002499,IL0004997,2026-02-01,2026-02-01,C00187,P0070,SO04,BU3,R02,USD,1009,338.12,26.77,303.09,6.33,5.39,3.46,12.46,226.48
T0004998,O0001666,INV0002499,IL0004998,2025-04-13,2025-04-13,C00134,P0081,SO05,BU1,R03,USD,154,29.58,0.11,28.76,0.68,0.82,0.79,0.91,14.21
T0004999,O0001667,INV0002500,IL0004999,2025-09-10,2025-09-10,C00429,P0110,SO01,BU1,R03,USD,599,1615.08,10.77,1605.89,46.33,8.82,56.73,45.78,790.56
T0005000,O0001667,INV0002500,IL0005000,2026-05-12,2026-05-12,C00312,P0121,SO02,BU4,R04,USD,305,120.75,10.84,105.86,1.91,3.66,1.52,5.02,63.89
