Expense_ID,GL_Account,Cost_Center,Department,Expense_Date,Expense_Type,Expense_Category,Expense_Amount
EXP0000001,6100,CC0007,Department 7,2025-11-21,Operations,Administrative,18008.85
EXP0000002,6300,CC0019,Department 3,2025-04-15,Operations,Administrative,1244.69
EXP0000003,6400,CC0005,Department 5,2026-09-06,SG&A,Administrative,20859.05
EXP0000004,6200,CC0012,Department 4,2025-04-11,Sales,Sales,11246.88
EXP0000005,6400,CC0002,Department 2,2025-04-07,Marketing,Marketing,6955.23
EXP0000006,6400,CC0004,Department 4,2025-05-29,Operations,Administrative,24841.84
EXP0000007,6300,CC0014,Department 6,2025-09-30,Marketing,Marketing,14990.35
EXP0000008,6400,CC0011,Department 3,2025-11-04,Operations,Administrative,12362.17
EXP0000009,6300,CC0019,Department 3,2025-06-04,Marketing,Marketing,11391.41
EXP0000010,6200,CC0005,Department 5,2025-06-19,SG&A,Administrative,17170.44
EXP0000011,6400,CC0012,Department 4,2026-07-13,SG&A,Administrative,10160.59
EXP0000012,6400,CC0005,Department 5,2026-08-24,Marketing,Marketing,94.69
EXP0000013,6400,CC0012,Department 4,2025-08-19,Operations,Administrative,2699.44
EXP0000014,6200,CC0003,Department 3,2025-04-28,Marketing,Marketing,21023.23
EXP0000015,6300,CC0020,Department 4,2025-06-06,SG&A,Administrative,17243.74
EXP0000016,6200,CC0017,Department 1,2025-02-18,Marketing,Marketing,19052.27
EXP0000017,6300,CC0020,Department 4,2026-06-10,Marketing,Marketing,18698.04
EXP0000018,6300,CC0015,Department 7,2025-09-28,Operations,Administrative,18987.75
EXP0000019,6300,CC0004,Department 4,2026-11-03,Marketing,Marketing,468.98
EXP0000020,6200,CC0008,Department 8,2026-06-29,Sales,Sales,17849.61
EXP0000021,6200,CC0017,Department 1,2026-06-12,Marketing,Marketing,20746.01
EXP0000022,6500,CC0003,Department 3,2025-03-24,Sales,Sales,16404.77
EXP0000023,6200,CC0006,Department 6,2026-05-02,SG&A,Administrative,6434.3
EXP0000024,6500,CC0012,Department 4,2025-06-19,Sales,Sales,20672.39
EXP0000025,6400,CC0008,Department 8,2025-10-24,Sales,Sales,20060.3
EXP0000026,6100,CC0007,Department 7,2025-06-25,SG&A,Administrative,1942.16
EXP0000027,6100,CC0009,Department 1,2026-05-08,SG&A,Administrative,21811.73
EXP0000028,6200,CC0003,Department 3,2026-05-22,Marketing,Marketing,22417.97
EXP0000029,6500,CC0013,Department 5,2025-08-17,SG&A,Administrative,16323.35
EXP0000030,6400,CC0004,Department 4,2026-12-13,SG&A,Administrative,15846.1
EXP0000031,6500,CC0005,Department 5,2025-08-29,Operations,Administrative,9398.18
EXP0000032,6200,CC0014,Department 6,2026-04-18,SG&A,Administrative,5491.19
EXP0000033,6400,CC0002,Department 2,2025-03-19,Operations,Administrative,24306.71
EXP0000034,6100,CC0008,Department 8,2025-02-04,Marketing,Marketing,18882.44
EXP0000035,6200,CC0001,Department 1,2026-03-23,Operations,Administrative,4317.52
EXP0000036,6500,CC0014,Department 6,2026-04-08,Marketing,Marketing,9348.28
EXP0000037,6500,CC0017,Department 1,2026-09-30,Sales,Sales,6171.51
EXP0000038,6300,CC0005,Department 5,2026-06-17,Operations,Administrative,17288.59
EXP0000039,6200,CC0014,Department 6,2025-10-05,SG&A,Administrative,9764.03
EXP0000040,6500,CC0008,Department 8,2025-01-29,Sales,Sales,10341.15
EXP0000041,6200,CC0008,Department 8,2025-06-18,Marketing,Marketing,5559.81
EXP0000042,6200,CC0016,Department 8,2026-04-29,Operations,Administrative,10844.5
EXP0000043,6200,CC0010,Department 2,2026-08-28,Marketing,Marketing,7963.27
EXP0000044,6400,CC0009,Department 1,2026-02-09,SG&A,Administrative,16093.62
EXP0000045,6400,CC0011,Department 3,2026-11-02,Sales,Sales,23235.76
EXP0000046,6500,CC0011,Department 3,2026-07-23,Operations,Administrative,1249.33
EXP0000047,6400,CC0013,Department 5,2026-06-03,Operations,Administrative,18950.02
EXP0000048,6100,CC0020,Department 4,2026-02-03,Sales,Sales,12132.01
EXP0000049,6500,CC0013,Department 5,2026-03-06,Marketing,Marketing,9847.09
EXP0000050,6500,CC0006,Department 6,2025-08-20,Marketing,Marketing,13849.35
EXP0000051,6400,CC0003,Department 3,2025-02-16,SG&A,Administrative,14309.62
EXP0000052,6300,CC0012,Department 4,2026-07-03,SG&A,Administrative,15168.5
EXP0000053,6100,CC0012,Department 4,2026-03-02,Operations,Administrative,5509.49
EXP0000054,6200,CC0014,Department 6,2026-12-20,Marketing,Marketing,17014.15
EXP0000055,6300,CC0001,Department 1,2025-06-07,Sales,Sales,9341.89
EXP0000056,6500,CC0018,Department 2,2025-03-30,Operations,Administrative,7205.42
EXP0000057,6500,CC0013,Department 5,2025-07-17,Marketing,Marketing,8682.23
EXP0000058,6400,CC0009,Department 1,2026-11-08,Operations,Administrative,7789.37
EXP0000059,6200,CC0002,Department 2,2026-10-30,Marketing,Marketing,11698.8
EXP0000060,6500,CC0013,Department 5,2026-11-23,SG&A,Administrative,22967.2
EXP0000061,6300,CC0009,Department 1,2025-07-08,Sales,Sales,15960.75
EXP0000062,6100,CC0013,Department 5,2025-05-10,Sales,Sales,10690.02
EXP0000063,6300,CC0016,Department 8,2025-10-06,Operations,Administrative,13293.95
EXP0000064,6500,CC0020,Department 4,2026-09-28,Sales,Sales,5814.96
EXP0000065,6500,CC0013,Department 5,2025-02-14,Sales,Sales,5112.33
EXP0000066,6100,CC0004,Department 4,2026-06-10,Marketing,Marketing,21024.2
EXP0000067,6500,CC0018,Department 2,2025-05-05,Sales,Sales,22549.99
EXP0000068,6500,CC0002,Department 2,2026-03-10,SG&A,Administrative,10997.29
EXP0000069,6300,CC0019,Department 3,2026-03-13,Marketing,Marketing,16500.39
EXP0000070,6100,CC0009,Department 1,2025-01-24,Operations,Administrative,18393.71
EXP0000071,6300,CC0017,Department 1,2026-07-29,Marketing,Marketing,11790.5
EXP0000072,6200,CC0019,Department 3,2025-05-16,Marketing,Marketing,15365.13
EXP0000073,6100,CC0016,Department 8,2026-06-30,Marketing,Marketing,15685.26
EXP0000074,6400,CC0019,Department 3,2026-09-25,SG&A,Administrative,23530.28
EXP0000075,6500,CC0006,Department 6,2026-11-28,Marketing,Marketing,20416.22
EXP0000076,6500,CC0007,Department 7,2026-11-24,SG&A,Administrative,8846.18
EXP0000077,6400,CC0012,Department 4,2025-08-18,Marketing,Marketing,12450.6
EXP0000078,6300,CC0015,Department 7,2026-05-01,SG&A,Administrative,9356.36
EXP0000079,6100,CC0002,Department 2,2025-08-04,Operations,Administrative,22725.14
EXP0000080,6200,CC0003,Department 3,2026-11-24,Operations,Administrative,7744.9
EXP0000081,6300,CC0016,Department 8,2026-03-14,Operations,Administrative,17709.27
EXP0000082,6300,CC0001,Department 1,2025-12-13,Marketing,Marketing,19006.91
EXP0000083,6300,CC0016,Department 8,2025-12-31,Operations,Administrative,7326.26
EXP0000084,6300,CC0003,Department 3,2025-02-26,SG&A,Administrative,14272.71
EXP0000085,6300,CC0009,Department 1,2025-12-15,Sales,Sales,6340.67
EXP0000086,6200,CC0014,Department 6,2025-05-20,Marketing,Marketing,20791.18
EXP0000087,6300,CC0015,Department 7,2026-08-07,SG&A,Administrative,17319.66
EXP0000088,6300,CC0001,Department 1,2025-04-17,Operations,Administrative,4807.03
EXP0000089,6400,CC0012,Department 4,2026-04-26,SG&A,Administrative,1969.6
EXP0000090,6200,CC0001,Department 1,2025-05-29,Operations,Administrative,12531.73
EXP0000091,6500,CC0005,Department 5,2025-02-26,Marketing,Marketing,6493.57
EXP0000092,6400,CC0011,Department 3,2026-11-30,Sales,Sales,14453.02
EXP0000093,6100,CC0016,Department 8,2025-06-26,Operations,Administrative,6663.13
EXP0000094,6500,CC0009,Department 1,2025-11-12,Marketing,Marketing,6437.89
EXP0000095,6200,CC0015,Department 7,2026-01-08,Operations,Administrative,5457.46
EXP0000096,6100,CC0018,Department 2,2026-09-21,Operations,Administrative,17087.81
EXP0000097,6300,CC0014,Department 6,2026-08-25,Sales,Sales,24695.44
EXP0000098,6400,CC0012,Department 4,2026-01-06,SG&A,Administrative,18661.33
EXP0000099,6300,CC0016,Department 8,2025-05-18,Marketing,Marketing,3416.06
EXP0000100,6200,CC0008,Department 8,2026-06-04,Marketing,Marketing,13670.38
EXP0000101,6300,CC0005,Department 5,2025-12-08,Operations,Administrative,13861.71
EXP0000102,6400,CC0014,Department 6,2026-01-25,Marketing,Marketing,17674.99
EXP0000103,6300,CC0017,Department 1,2025-06-07,Operations,Administrative,22341.69
EXP0000104,6500,CC0005,Department 5,2026-10-18,Sales,Sales,7053.76
EXP0000105,6500,CC0016,Department 8,2025-09-09,Sales,Sales,15954.16
EXP0000106,6500,CC0018,Department 2,2025-03-07,Sales,Sales,24938.93
EXP0000107,6400,CC0017,Department 1,2025-09-18,Sales,Sales,10693.04
EXP0000108,6400,CC0013,Department 5,2026-10-05,Marketing,Marketing,5690.4
EXP0000109,6500,CC0015,Department 7,2025-05-14,Sales,Sales,13593.84
EXP0000110,6200,CC0007,Department 7,2025-11-24,Marketing,Marketing,2867.46
EXP0000111,6200,CC0014,Department 6,2026-08-14,Marketing,Marketing,12373.38
EXP0000112,6300,CC0007,Department 7,2026-02-20,SG&A,Administrative,5148.25
EXP0000113,6200,CC0013,Department 5,2026-09-08,Sales,Sales,11768.92
EXP0000114,6300,CC0014,Department 6,2026-06-09,Marketing,Marketing,1429.9
EXP0000115,6100,CC0003,Department 3,2026-09-10,Sales,Sales,24686.33
EXP0000116,6300,CC0006,Department 6,2026-08-20,Sales,Sales,24516.93
EXP0000117,6500,CC0001,Department 1,2025-09-06,Sales,Sales,24700.91
EXP0000118,6100,CC0020,Department 4,2026-09-15,Marketing,Marketing,14710.59
EXP0000119,6500,CC0006,Department 6,2026-02-14,Sales,Sales,20851.12
EXP0000120,6100,CC0006,Department 6,2026-07-21,Marketing,Marketing,11408.43
EXP0000121,6300,CC0010,Department 2,2026-09-27,Sales,Sales,15309.24
EXP0000122,6200,CC0017,Department 1,2026-02-10,Operations,Administrative,21266.24
EXP0000123,6200,CC0005,Department 5,2025-04-10,SG&A,Administrative,2808.57
EXP0000124,6200,CC0013,Department 5,2025-03-10,Operations,Administrative,18619.02
EXP0000125,6100,CC0001,Department 1,2025-03-03,SG&A,Administrative,3501.2
EXP0000126,6500,CC0006,Department 6,2026-04-24,SG&A,Administrative,3487.4
EXP0000127,6300,CC0020,Department 4,2025-01-15,Sales,Sales,9570.12
EXP0000128,6400,CC0016,Department 8,2025-12-19,SG&A,Administrative,9206.18
EXP0000129,6200,CC0009,Department 1,2026-02-18,SG&A,Administrative,23310.59
EXP0000130,6100,CC0005,Department 5,2025-09-16,Operations,Administrative,7060.23
EXP0000131,6200,CC0003,Department 3,2026-02-15,Operations,Administrative,20097.38
EXP0000132,6300,CC0020,Department 4,2026-10-08,Operations,Administrative,8568.62
EXP0000133,6100,CC0013,Department 5,2026-05-27,Operations,Administrative,23867.6
EXP0000134,6100,CC0013,Department 5,2026-12-12,SG&A,Administrative,11405.51
EXP0000135,6500,CC0015,Department 7,2026-01-25,Operations,Administrative,5327.38
EXP0000136,6500,CC0003,Department 3,2025-04-26,SG&A,Administrative,13919.43
EXP0000137,6500,CC0020,Department 4,2026-12-10,Marketing,Marketing,21390.1
EXP0000138,6200,CC0007,Department 7,2026-08-05,Sales,Sales,11485.16
EXP0000139,6100,CC0014,Department 6,2026-05-08,Sales,Sales,4820.17
EXP0000140,6300,CC0009,Department 1,2026-01-02,SG&A,Administrative,11415.68
EXP0000141,6200,CC0009,Department 1,2025-05-21,Sales,Sales,13147.24
EXP0000142,6100,CC0015,Department 7,2025-09-02,SG&A,Administrative,23090.12
EXP0000143,6400,CC0004,Department 4,2026-11-07,Marketing,Marketing,17377.22
EXP0000144,6400,CC0019,Department 3,2025-04-28,SG&A,Administrative,2688.36
EXP0000145,6300,CC0007,Department 7,2025-12-07,Sales,Sales,15166.18
EXP0000146,6300,CC0014,Department 6,2026-08-17,Sales,Sales,11747.27
EXP0000147,6500,CC0004,Department 4,2025-01-04,Operations,Administrative,17686.68
EXP0000148,6500,CC0006,Department 6,2025-09-05,Sales,Sales,8426.52
EXP0000149,6200,CC0004,Department 4,2025-02-22,Operations,Administrative,8269.53
EXP0000150,6400,CC0009,Department 1,2026-11-02,Sales,Sales,21178.65
EXP0000151,6500,CC0006,Department 6,2026-05-21,Marketing,Marketing,3691.99
EXP0000152,6400,CC0004,Department 4,2025-11-12,Operations,Administrative,3309.64
EXP0000153,6300,CC0017,Department 1,2026-09-29,Marketing,Marketing,4412.1
EXP0000154,6100,CC0001,Department 1,2025-07-22,SG&A,Administrative,24965.19
EXP0000155,6100,CC0017,Department 1,2025-10-23,Operations,Administrative,11132.13
EXP0000156,6300,CC0019,Department 3,2025-07-02,Operations,Administrative,14264.97
EXP0000157,6500,CC0007,Department 7,2026-06-11,Operations,Administrative,13404.35
EXP0000158,6500,CC0017,Department 1,2025-11-24,Marketing,Marketing,3035.55
EXP0000159,6400,CC0018,Department 2,2026-08-25,Operations,Administrative,11396.18
EXP0000160,6500,CC0005,Department 5,2026-03-26,SG&A,Administrative,23524.44
EXP0000161,6300,CC0011,Department 3,2025-01-26,SG&A,Administrative,10633.5
EXP0000162,6500,CC0012,Department 4,2026-07-07,SG&A,Administrative,21130.04
EXP0000163,6500,CC0012,Department 4,2026-10-15,Operations,Administrative,1976.95
EXP0000164,6500,CC0007,Department 7,2025-09-01,Marketing,Marketing,4183.67
EXP0000165,6500,CC0017,Department 1,2025-04-05,SG&A,Administrative,9740.99
EXP0000166,6500,CC0009,Department 1,2026-12-28,Marketing,Marketing,613.41
EXP0000167,6200,CC0004,Department 4,2025-04-06,SG&A,Administrative,18058.12
EXP0000168,6200,CC0013,Department 5,2025-12-10,SG&A,Administrative,21601.46
EXP0000169,6400,CC0013,Department 5,2026-10-13,Operations,Administrative,16309.95
EXP0000170,6100,CC0011,Department 3,2026-05-24,Sales,Sales,13888.89
EXP0000171,6200,CC0009,Department 1,2026-12-24,Marketing,Marketing,13178.77
EXP0000172,6100,CC0003,Department 3,2025-11-11,SG&A,Administrative,10110.14
EXP0000173,6200,CC0014,Department 6,2025-09-05,Marketing,Marketing,9222.85
EXP0000174,6200,CC0004,Department 4,2026-03-23,SG&A,Administrative,23621.66
EXP0000175,6500,CC0007,Department 7,2026-05-04,Operations,Administrative,15690.94
EXP0000176,6300,CC0009,Department 1,2025-12-28,SG&A,Administrative,20194.19
EXP0000177,6200,CC0019,Department 3,2025-12-28,Marketing,Marketing,3348.86
EXP0000178,6400,CC0019,Department 3,2026-07-19,Operations,Administrative,22993.7
EXP0000179,6100,CC0010,Department 2,2025-06-13,Marketing,Marketing,9083.61
EXP0000180,6400,CC0017,Department 1,2025-12-19,Marketing,Marketing,11782.06
EXP0000181,6100,CC0012,Department 4,2025-05-03,Marketing,Marketing,16113.91
EXP0000182,6200,CC0008,Department 8,2026-11-22,Operations,Administrative,3862.88
EXP0000183,6500,CC0019,Department 3,2026-04-29,Marketing,Marketing,20215.2
EXP0000184,6200,CC0010,Department 2,2025-03-05,Marketing,Marketing,10960.85
EXP0000185,6300,CC0017,Department 1,2025-02-02,SG&A,Administrative,20104.91
EXP0000186,6100,CC0008,Department 8,2025-11-26,Sales,Sales,22090.71
EXP0000187,6300,CC0014,Department 6,2026-03-12,Sales,Sales,1235.03
EXP0000188,6200,CC0016,Department 8,2026-08-26,SG&A,Administrative,19261.7
EXP0000189,6400,CC0015,Department 7,2025-01-28,Sales,Sales,15725.76
EXP0000190,6400,CC0004,Department 4,2025-08-25,Marketing,Marketing,16301.42
EXP0000191,6400,CC0006,Department 6,2025-08-28,Sales,Sales,23003.94
EXP0000192,6400,CC0006,Department 6,2026-10-09,Sales,Sales,13992.43
EXP0000193,6500,CC0006,Department 6,2025-03-11,Operations,Administrative,7222.82
EXP0000194,6300,CC0012,Department 4,2026-02-06,Sales,Sales,3959.26
EXP0000195,6200,CC0004,Department 4,2025-07-20,Marketing,Marketing,126.29
EXP0000196,6100,CC0016,Department 8,2025-07-28,Operations,Administrative,23166.19
EXP0000197,6200,CC0019,Department 3,2025-10-14,SG&A,Administrative,18722.91
EXP0000198,6400,CC0016,Department 8,2025-04-25,Marketing,Marketing,20865.32
EXP0000199,6500,CC0016,Department 8,2026-05-24,SG&A,Administrative,2277.03
EXP0000200,6400,CC0004,Department 4,2026-03-15,Sales,Sales,1134.01
EXP0000201,6100,CC0005,Department 5,2026-11-05,Marketing,Marketing,16898.18
EXP0000202,6200,CC0020,Department 4,2025-06-22,Operations,Administrative,22618.53
EXP0000203,6300,CC0012,Department 4,2026-11-08,Operations,Administrative,19708.31
EXP0000204,6200,CC0012,Department 4,2025-06-27,Marketing,Marketing,12271.11
EXP0000205,6100,CC0016,Department 8,2025-09-01,Marketing,Marketing,4159.89
EXP0000206,6100,CC0006,Department 6,2026-08-05,Marketing,Marketing,13811.85
EXP0000207,6100,CC0018,Department 2,2025-12-14,SG&A,Administrative,2080.93
EXP0000208,6200,CC0001,Department 1,2026-06-13,Operations,Administrative,19290.17
EXP0000209,6500,CC0004,Department 4,2026-03-21,Sales,Sales,6966.1
EXP0000210,6400,CC0006,Department 6,2025-01-20,Marketing,Marketing,21031.73
EXP0000211,6200,CC0003,Department 3,2026-06-07,Marketing,Marketing,8166.69
EXP0000212,6200,CC0010,Department 2,2025-11-08,Sales,Sales,24262.17
EXP0000213,6500,CC0016,Department 8,2025-07-03,Operations,Administrative,3362.1
EXP0000214,6400,CC0003,Department 3,2025-12-25,Sales,Sales,12240.44
EXP0000215,6100,CC0003,Department 3,2026-08-17,Marketing,Marketing,1964.32
EXP0000216,6300,CC0009,Department 1,2026-05-28,Sales,Sales,2914.81
EXP0000217,6300,CC0003,Department 3,2026-10-30,Sales,Sales,7603.18
EXP0000218,6100,CC0007,Department 7,2026-08-24,Operations,Administrative,13405.36
EXP0000219,6100,CC0001,Department 1,2026-05-16,Marketing,Marketing,7892.38
EXP0000220,6400,CC0008,Department 8,2025-09-17,Marketing,Marketing,18001.53
EXP0000221,6100,CC0014,Department 6,2026-08-27,Sales,Sales,24981.79
EXP0000222,6200,CC0019,Department 3,2026-11-04,SG&A,Administrative,4727.7
EXP0000223,6200,CC0001,Department 1,2025-12-08,Sales,Sales,19086.81
EXP0000224,6500,CC0016,Department 8,2025-09-26,Sales,Sales,1309.9
EXP0000225,6400,CC0017,Department 1,2025-07-03,Operations,Administrative,16012.99
EXP0000226,6400,CC0005,Department 5,2025-07-20,Marketing,Marketing,14493.06
EXP0000227,6300,CC0019,Department 3,2025-01-05,SG&A,Administrative,18110.01
EXP0000228,6500,CC0006,Department 6,2025-01-25,SG&A,Administrative,21120.56
EXP0000229,6300,CC0020,Department 4,2025-03-22,Marketing,Marketing,11433.25
EXP0000230,6100,CC0016,Department 8,2026-10-13,Marketing,Marketing,1209.67
EXP0000231,6200,CC0013,Department 5,2026-04-16,Marketing,Marketing,23706.83
EXP0000232,6300,CC0002,Department 2,2026-03-06,Operations,Administrative,3192.45
EXP0000233,6300,CC0014,Department 6,2026-04-28,SG&A,Administrative,18698.09
EXP0000234,6200,CC0012,Department 4,2025-07-27,Sales,Sales,7895.77
EXP0000235,6100,CC0012,Department 4,2026-02-13,Sales,Sales,3547.42
EXP0000236,6300,CC0014,Department 6,2026-05-11,SG&A,Administrative,6113.96
EXP0000237,6400,CC0009,Department 1,2025-11-18,Sales,Sales,19657.46
EXP0000238,6300,CC0009,Department 1,2025-01-08,Sales,Sales,14482.72
EXP0000239,6100,CC0006,Department 6,2026-05-08,SG&A,Administrative,1188.99
EXP0000240,6500,CC0017,Department 1,2025-07-20,Operations,Administrative,1628.27
EXP0000241,6300,CC0015,Department 7,2026-08-12,SG&A,Administrative,24637.1
EXP0000242,6400,CC0017,Department 1,2026-02-24,Sales,Sales,11498.46
EXP0000243,6300,CC0018,Department 2,2026-01-08,Operations,Administrative,24458.23
EXP0000244,6100,CC0017,Department 1,2026-07-15,SG&A,Administrative,24767.04
EXP0000245,6500,CC0005,Department 5,2025-11-29,Marketing,Marketing,22777.2
EXP0000246,6200,CC0002,Department 2,2025-12-17,Marketing,Marketing,22049.15
EXP0000247,6200,CC0004,Department 4,2025-12-31,Operations,Administrative,20661.74
EXP0000248,6200,CC0001,Department 1,2025-10-27,SG&A,Administrative,23956.6
EXP0000249,6400,CC0012,Department 4,2026-12-29,SG&A,Administrative,22562.21
EXP0000250,6300,CC0019,Department 3,2025-11-01,Sales,Sales,3349.45
EXP0000251,6200,CC0008,Department 8,2025-03-21,Sales,Sales,22115.6
EXP0000252,6100,CC0017,Department 1,2026-09-01,Operations,Administrative,2679.49
EXP0000253,6500,CC0002,Department 2,2026-01-19,Marketing,Marketing,3197.27
EXP0000254,6200,CC0015,Department 7,2026-11-13,Sales,Sales,6951.66
EXP0000255,6500,CC0019,Department 3,2026-12-09,Sales,Sales,16754.55
EXP0000256,6300,CC0012,Department 4,2026-03-02,Operations,Administrative,17895.44
EXP0000257,6400,CC0010,Department 2,2026-10-16,Marketing,Marketing,24089.63
EXP0000258,6100,CC0006,Department 6,2025-07-04,Sales,Sales,5670.45
EXP0000259,6400,CC0010,Department 2,2026-02-11,Operations,Administrative,12847.54
EXP0000260,6200,CC0004,Department 4,2026-05-27,Marketing,Marketing,3209.13
EXP0000261,6100,CC0013,Department 5,2026-01-12,Operations,Administrative,24298.07
EXP0000262,6200,CC0010,Department 2,2025-03-22,Operations,Administrative,20583.37
EXP0000263,6500,CC0016,Department 8,2026-04-12,Operations,Administrative,7724.5
EXP0000264,6500,CC0013,Department 5,2025-11-19,Operations,Administrative,13022.07
EXP0000265,6200,CC0010,Department 2,2025-08-21,Operations,Administrative,931.41
EXP0000266,6100,CC0016,Department 8,2025-04-11,SG&A,Administrative,21888.82
EXP0000267,6500,CC0006,Department 6,2025-09-11,SG&A,Administrative,1804.36
EXP0000268,6200,CC0008,Department 8,2026-10-26,Operations,Administrative,21131.25
EXP0000269,6300,CC0013,Department 5,2025-03-03,Marketing,Marketing,10035.96
EXP0000270,6500,CC0007,Department 7,2025-05-07,Operations,Administrative,15377.07
EXP0000271,6400,CC0006,Department 6,2025-09-11,Operations,Administrative,6116.95
EXP0000272,6400,CC0019,Department 3,2026-03-11,Marketing,Marketing,14512.45
EXP0000273,6400,CC0014,Department 6,2026-09-15,SG&A,Administrative,13813.93
EXP0000274,6400,CC0002,Department 2,2025-01-18,SG&A,Administrative,18298.39
EXP0000275,6200,CC0011,Department 3,2025-07-27,Marketing,Marketing,3855.8
EXP0000276,6300,CC0003,Department 3,2026-09-29,Operations,Administrative,79.19
EXP0000277,6100,CC0017,Department 1,2025-05-30,Marketing,Marketing,10119.21
EXP0000278,6200,CC0009,Department 1,2025-09-11,SG&A,Administrative,8837.87
EXP0000279,6500,CC0019,Department 3,2025-03-02,SG&A,Administrative,1858.3
EXP0000280,6100,CC0003,Department 3,2025-01-17,Marketing,Marketing,15775.01
EXP0000281,6300,CC0012,Department 4,2025-03-03,Marketing,Marketing,22281.64
EXP0000282,6100,CC0018,Department 2,2025-03-13,Marketing,Marketing,21110.85
EXP0000283,6500,CC0010,Department 2,2026-03-03,Operations,Administrative,8911.23
EXP0000284,6400,CC0011,Department 3,2026-09-25,Marketing,Marketing,17430.07
EXP0000285,6300,CC0013,Department 5,2025-12-11,Sales,Sales,8120.97
EXP0000286,6500,CC0006,Department 6,2025-03-11,SG&A,Administrative,17864.01
EXP0000287,6300,CC0011,Department 3,2026-08-17,Sales,Sales,20539.1
EXP0000288,6300,CC0017,Department 1,2026-03-21,Marketing,Marketing,13589.1
EXP0000289,6200,CC0003,Department 3,2026-06-09,Marketing,Marketing,14864.59
EXP0000290,6500,CC0002,Department 2,2026-02-07,SG&A,Administrative,17595.18
EXP0000291,6300,CC0002,Department 2,2026-09-22,Sales,Sales,4461.92
EXP0000292,6500,CC0016,Department 8,2026-03-01,SG&A,Administrative,18532.58
EXP0000293,6200,CC0018,Department 2,2026-12-26,SG&A,Administrative,6618.26
EXP0000294,6200,CC0005,Department 5,2026-05-10,Sales,Sales,6907.71
EXP0000295,6300,CC0017,Department 1,2025-09-29,Marketing,Marketing,5510.42
EXP0000296,6500,CC0011,Department 3,2025-01-20,Sales,Sales,2840.77
EXP0000297,6200,CC0010,Department 2,2026-07-12,Sales,Sales,15019.53
EXP0000298,6100,CC0013,Department 5,2026-06-06,Marketing,Marketing,13760.01
EXP0000299,6500,CC0019,Department 3,2025-06-23,Sales,Sales,15939.42
EXP0000300,6400,CC0009,Department 1,2026-04-22,Marketing,Marketing,3345.88
EXP0000301,6100,CC0015,Department 7,2026-03-31,Marketing,Marketing,10978.56
EXP0000302,6400,CC0018,Department 2,2026-01-18,Sales,Sales,1772.76
EXP0000303,6400,CC0019,Department 3,2025-02-11,SG&A,Administrative,5919.31
EXP0000304,6500,CC0010,Department 2,2025-06-14,Sales,Sales,11884.79
EXP0000305,6200,CC0020,Department 4,2026-04-26,Operations,Administrative,9463.59
EXP0000306,6400,CC0011,Department 3,2026-10-20,Operations,Administrative,3945.56
EXP0000307,6300,CC0019,Department 3,2026-05-27,Marketing,Marketing,12855.85
EXP0000308,6300,CC0003,Department 3,2026-07-18,Marketing,Marketing,8129.05
EXP0000309,6200,CC0012,Department 4,2025-08-21,Operations,Administrative,7079.83
EXP0000310,6500,CC0005,Department 5,2025-02-09,SG&A,Administrative,4166.67
EXP0000311,6500,CC0020,Department 4,2026-09-06,Operations,Administrative,8670.41
EXP0000312,6100,CC0018,Department 2,2025-01-07,Operations,Administrative,12101.38
EXP0000313,6300,CC0015,Department 7,2025-03-12,SG&A,Administrative,13280.81
EXP0000314,6200,CC0018,Department 2,2026-12-27,Marketing,Marketing,24063.08
EXP0000315,6300,CC0019,Department 3,2026-12-17,Marketing,Marketing,10000.13
EXP0000316,6400,CC0011,Department 3,2026-01-02,SG&A,Administrative,8336.46
EXP0000317,6500,CC0010,Department 2,2025-07-16,Sales,Sales,18301.55
EXP0000318,6500,CC0014,Department 6,2026-04-19,SG&A,Administrative,20750.61
EXP0000319,6500,CC0016,Department 8,2025-08-23,Marketing,Marketing,2448.34
EXP0000320,6100,CC0003,Department 3,2025-06-04,SG&A,Administrative,558.78
EXP0000321,6200,CC0018,Department 2,2025-02-02,SG&A,Administrative,21208.39
EXP0000322,6300,CC0017,Department 1,2026-10-19,SG&A,Administrative,16083.07
EXP0000323,6300,CC0001,Department 1,2026-03-02,Marketing,Marketing,12422.1
EXP0000324,6300,CC0009,Department 1,2025-09-11,Sales,Sales,858.69
EXP0000325,6200,CC0018,Department 2,2026-07-31,SG&A,Administrative,22345.48
EXP0000326,6100,CC0015,Department 7,2026-04-01,Marketing,Marketing,11471.26
EXP0000327,6200,CC0010,Department 2,2026-05-10,Marketing,Marketing,11888.56
EXP0000328,6100,CC0009,Department 1,2025-09-11,SG&A,Administrative,11849.51
EXP0000329,6400,CC0006,Department 6,2026-07-29,Marketing,Marketing,8203.26
EXP0000330,6500,CC0019,Department 3,2026-07-02,Marketing,Marketing,19063.63
EXP0000331,6500,CC0001,Department 1,2025-09-18,Sales,Sales,8727.41
EXP0000332,6500,CC0007,Department 7,2026-06-24,Operations,Administrative,24936.3
EXP0000333,6500,CC0005,Department 5,2026-01-20,SG&A,Administrative,21255.98
EXP0000334,6100,CC0014,Department 6,2026-08-18,Operations,Administrative,18028.38
EXP0000335,6300,CC0017,Department 1,2026-04-02,Operations,Administrative,6679.25
EXP0000336,6400,CC0004,Department 4,2025-03-29,Sales,Sales,9954.12
EXP0000337,6500,CC0019,Department 3,2026-03-30,Sales,Sales,20947.21
EXP0000338,6400,CC0020,Department 4,2026-04-04,SG&A,Administrative,18034.76
EXP0000339,6200,CC0016,Department 8,2025-03-23,SG&A,Administrative,17519.38
EXP0000340,6100,CC0015,Department 7,2026-03-17,Marketing,Marketing,14782.98
EXP0000341,6400,CC0002,Department 2,2025-04-25,Sales,Sales,5700.23
EXP0000342,6200,CC0001,Department 1,2025-10-29,Sales,Sales,4755.09
EXP0000343,6200,CC0003,Department 3,2026-08-27,SG&A,Administrative,6462.16
EXP0000344,6400,CC0007,Department 7,2026-05-14,Sales,Sales,7302.23
EXP0000345,6300,CC0016,Department 8,2026-01-20,Operations,Administrative,23318.58
EXP0000346,6500,CC0010,Department 2,2025-05-30,SG&A,Administrative,13404.68
EXP0000347,6300,CC0013,Department 5,2026-02-06,Sales,Sales,23980.4
EXP0000348,6400,CC0002,Department 2,2026-03-26,SG&A,Administrative,4973.75
EXP0000349,6300,CC0017,Department 1,2025-03-06,Sales,Sales,18045.32
EXP0000350,6200,CC0006,Department 6,2025-03-15,SG&A,Administrative,16833.33
EXP0000351,6400,CC0019,Department 3,2025-02-08,SG&A,Administrative,11871.18
EXP0000352,6100,CC0010,Department 2,2025-08-03,Operations,Administrative,15485.97
EXP0000353,6500,CC0011,Department 3,2025-07-23,Sales,Sales,18888.21
EXP0000354,6500,CC0010,Department 2,2025-01-14,Operations,Administrative,8578.81
EXP0000355,6500,CC0018,Department 2,2026-08-16,Marketing,Marketing,18300.12
EXP0000356,6300,CC0007,Department 7,2025-12-09,Marketing,Marketing,10065.69
EXP0000357,6200,CC0009,Department 1,2026-03-27,SG&A,Administrative,1745.36
EXP0000358,6200,CC0016,Department 8,2026-04-05,SG&A,Administrative,8332.77
EXP0000359,6400,CC0007,Department 7,2026-07-13,Marketing,Marketing,20551.81
EXP0000360,6500,CC0019,Department 3,2026-05-25,Operations,Administrative,2563.87
EXP0000361,6200,CC0001,Department 1,2026-09-05,Marketing,Marketing,21284.46
EXP0000362,6500,CC0001,Department 1,2026-07-29,Operations,Administrative,9157.81
EXP0000363,6100,CC0006,Department 6,2026-10-07,Sales,Sales,11833.82
EXP0000364,6300,CC0010,Department 2,2026-09-29,SG&A,Administrative,9290.69
EXP0000365,6200,CC0019,Department 3,2025-06-23,Sales,Sales,18456.12
EXP0000366,6500,CC0014,Department 6,2025-01-10,Sales,Sales,18148.71
EXP0000367,6200,CC0004,Department 4,2025-04-07,Sales,Sales,5605.38
EXP0000368,6400,CC0014,Department 6,2025-04-21,Marketing,Marketing,18895.33
EXP0000369,6200,CC0011,Department 3,2025-09-05,Sales,Sales,6491.38
EXP0000370,6300,CC0020,Department 4,2025-03-26,Marketing,Marketing,19848.47
EXP0000371,6500,CC0008,Department 8,2026-01-24,Sales,Sales,24675.1
EXP0000372,6200,CC0014,Department 6,2026-12-03,Sales,Sales,4872.63
EXP0000373,6500,CC0004,Department 4,2025-10-02,Sales,Sales,23475.38
EXP0000374,6100,CC0019,Department 3,2026-12-12,Marketing,Marketing,19193.14
EXP0000375,6500,CC0016,Department 8,2026-05-05,SG&A,Administrative,19930.95
EXP0000376,6100,CC0020,Department 4,2026-01-09,Sales,Sales,10834.9
EXP0000377,6100,CC0011,Department 3,2025-04-10,Operations,Administrative,15592.0
EXP0000378,6300,CC0010,Department 2,2025-04-04,Sales,Sales,17284.05
EXP0000379,6200,CC0018,Department 2,2025-07-13,SG&A,Administrative,13533.72
EXP0000380,6300,CC0002,Department 2,2026-03-10,Sales,Sales,2257.87
EXP0000381,6100,CC0018,Department 2,2025-05-01,Marketing,Marketing,23873.54
EXP0000382,6400,CC0017,Department 1,2025-10-06,SG&A,Administrative,9753.78
EXP0000383,6300,CC0016,Department 8,2025-09-13,SG&A,Administrative,14328.89
EXP0000384,6300,CC0001,Department 1,2026-04-04,Marketing,Marketing,5543.81
EXP0000385,6100,CC0013,Department 5,2025-05-08,Operations,Administrative,18419.63
EXP0000386,6300,CC0007,Department 7,2025-03-05,Marketing,Marketing,13836.97
EXP0000387,6500,CC0008,Department 8,2026-02-02,Operations,Administrative,23296.28
EXP0000388,6100,CC0005,Department 5,2026-11-20,Sales,Sales,9694.72
EXP0000389,6300,CC0007,Department 7,2026-06-15,Marketing,Marketing,18173.65
EXP0000390,6400,CC0014,Department 6,2025-03-09,SG&A,Administrative,7219.33
EXP0000391,6500,CC0020,Department 4,2026-01-05,Marketing,Marketing,22703.38
EXP0000392,6400,CC0013,Department 5,2026-04-18,Operations,Administrative,7623.55
EXP0000393,6200,CC0007,Department 7,2025-08-25,SG&A,Administrative,7886.89
EXP0000394,6400,CC0016,Department 8,2026-11-22,Sales,Sales,519.12
EXP0000395,6500,CC0001,Department 1,2025-01-22,Operations,Administrative,5669.68
EXP0000396,6200,CC0016,Department 8,2026-02-10,Marketing,Marketing,7147.41
EXP0000397,6500,CC0010,Department 2,2026-10-03,SG&A,Administrative,13509.64
EXP0000398,6300,CC0004,Department 4,2025-02-25,Marketing,Marketing,498.74
EXP0000399,6400,CC0018,Department 2,2025-11-25,Marketing,Marketing,5429.92
EXP0000400,6200,CC0008,Department 8,2025-11-30,SG&A,Administrative,19218.52
EXP0000401,6200,CC0014,Department 6,2026-05-04,Marketing,Marketing,16777.57
EXP0000402,6300,CC0005,Department 5,2026-04-10,SG&A,Administrative,10442.99
EXP0000403,6400,CC0013,Department 5,2026-05-16,Operations,Administrative,2067.2
EXP0000404,6500,CC0019,Department 3,2026-06-24,Marketing,Marketing,9981.65
EXP0000405,6500,CC0018,Department 2,2026-07-14,Operations,Administrative,17250.87
EXP0000406,6200,CC0017,Department 1,2026-11-28,Operations,Administrative,12697.27
EXP0000407,6400,CC0005,Department 5,2026-08-04,Sales,Sales,9241.0
EXP0000408,6200,CC0016,Department 8,2026-03-03,SG&A,Administrative,6885.2
EXP0000409,6400,CC0004,Department 4,2025-05-11,Sales,Sales,14180.37
EXP0000410,6500,CC0001,Department 1,2025-06-17,Sales,Sales,16562.55
EXP0000411,6400,CC0018,Department 2,2025-03-31,Operations,Administrative,7613.31
EXP0000412,6300,CC0001,Department 1,2025-03-24,Operations,Administrative,13726.54
EXP0000413,6100,CC0002,Department 2,2026-08-31,SG&A,Administrative,17784.39
EXP0000414,6500,CC0001,Department 1,2026-12-01,Marketing,Marketing,12142.99
EXP0000415,6200,CC0017,Department 1,2025-08-20,Marketing,Marketing,16180.07
EXP0000416,6100,CC0014,Department 6,2026-10-27,Operations,Administrative,7739.37
EXP0000417,6200,CC0016,Department 8,2026-10-04,SG&A,Administrative,19123.43
EXP0000418,6500,CC0005,Department 5,2026-06-08,Operations,Administrative,20071.22
EXP0000419,6300,CC0008,Department 8,2025-05-26,SG&A,Administrative,23208.45
EXP0000420,6200,CC0011,Department 3,2025-06-19,Sales,Sales,17373.45
EXP0000421,6200,CC0010,Department 2,2025-08-20,Operations,Administrative,21140.86
EXP0000422,6100,CC0006,Department 6,2025-05-27,Marketing,Marketing,24185.26
EXP0000423,6100,CC0002,Department 2,2026-11-17,Sales,Sales,11094.71
EXP0000424,6300,CC0011,Department 3,2026-04-17,SG&A,Administrative,12111.14
EXP0000425,6100,CC0019,Department 3,2026-10-21,Sales,Sales,4031.97
EXP0000426,6500,CC0013,Department 5,2025-10-01,Marketing,Marketing,21646.59
EXP0000427,6100,CC0015,Department 7,2026-08-04,Operations,Administrative,9231.27
EXP0000428,6500,CC0008,Department 8,2025-05-27,Operations,Administrative,19288.87
EXP0000429,6500,CC0013,Department 5,2026-03-01,Operations,Administrative,1587.79
EXP0000430,6100,CC0014,Department 6,2026-06-13,Operations,Administrative,13627.07
EXP0000431,6200,CC0009,Department 1,2026-04-25,Operations,Administrative,3451.89
EXP0000432,6100,CC0003,Department 3,2025-09-24,Operations,Administrative,2642.65
EXP0000433,6400,CC0019,Department 3,2026-01-02,Marketing,Marketing,19723.87
EXP0000434,6100,CC0012,Department 4,2025-07-12,Marketing,Marketing,9855.28
EXP0000435,6500,CC0015,Department 7,2026-04-09,Marketing,Marketing,21875.65
EXP0000436,6400,CC0011,Department 3,2025-10-19,Sales,Sales,18634.31
EXP0000437,6300,CC0012,Department 4,2026-03-10,Marketing,Marketing,21300.2
EXP0000438,6400,CC0009,Department 1,2025-06-11,Operations,Administrative,21714.49
EXP0000439,6300,CC0004,Department 4,2026-07-30,Sales,Sales,2015.5
EXP0000440,6400,CC0018,Department 2,2026-11-19,Operations,Administrative,1084.11
EXP0000441,6500,CC0003,Department 3,2026-07-24,Sales,Sales,7070.47
EXP0000442,6200,CC0014,Department 6,2025-10-28,SG&A,Administrative,9282.33
EXP0000443,6100,CC0015,Department 7,2026-03-11,SG&A,Administrative,8693.38
EXP0000444,6500,CC0010,Department 2,2025-02-26,Sales,Sales,12343.48
EXP0000445,6200,CC0010,Department 2,2025-07-03,Marketing,Marketing,9031.31
EXP0000446,6100,CC0007,Department 7,2026-07-03,Operations,Administrative,24431.78
EXP0000447,6200,CC0017,Department 1,2025-05-07,Operations,Administrative,3108.38
EXP0000448,6200,CC0008,Department 8,2025-02-22,SG&A,Administrative,1325.57
EXP0000449,6500,CC0013,Department 5,2026-06-07,SG&A,Administrative,5467.41
EXP0000450,6300,CC0020,Department 4,2025-05-03,Marketing,Marketing,13007.5
EXP0000451,6400,CC0015,Department 7,2025-04-12,Marketing,Marketing,5428.56
EXP0000452,6300,CC0018,Department 2,2026-05-17,Marketing,Marketing,15690.89
EXP0000453,6200,CC0002,Department 2,2025-05-22,Sales,Sales,3933.14
EXP0000454,6300,CC0001,Department 1,2025-12-18,SG&A,Administrative,14419.0
EXP0000455,6500,CC0004,Department 4,2025-09-13,SG&A,Administrative,23826.06
EXP0000456,6400,CC0018,Department 2,2025-03-23,Marketing,Marketing,23915.89
EXP0000457,6300,CC0015,Department 7,2026-11-30,Marketing,Marketing,24071.41
EXP0000458,6200,CC0003,Department 3,2026-04-05,Sales,Sales,23502.5
EXP0000459,6500,CC0014,Department 6,2025-11-21,Sales,Sales,13405.56
EXP0000460,6100,CC0004,Department 4,2025-02-24,SG&A,Administrative,22061.56
EXP0000461,6200,CC0003,Department 3,2026-10-29,SG&A,Administrative,16734.82
EXP0000462,6500,CC0009,Department 1,2025-02-11,Operations,Administrative,1649.11
EXP0000463,6200,CC0006,Department 6,2026-03-16,Operations,Administrative,4359.75
EXP0000464,6300,CC0016,Department 8,2025-11-18,Marketing,Marketing,12861.56
EXP0000465,6300,CC0011,Department 3,2026-01-09,Marketing,Marketing,16625.62
EXP0000466,6500,CC0020,Department 4,2026-05-23,Operations,Administrative,14650.5
EXP0000467,6500,CC0008,Department 8,2025-06-12,Marketing,Marketing,21016.38
EXP0000468,6500,CC0014,Department 6,2025-11-04,Marketing,Marketing,24215.07
EXP0000469,6200,CC0009,Department 1,2026-10-08,Marketing,Marketing,7070.23
EXP0000470,6200,CC0003,Department 3,2026-03-31,Sales,Sales,22937.5
EXP0000471,6400,CC0020,Department 4,2026-12-14,Operations,Administrative,11702.47
EXP0000472,6100,CC0008,Department 8,2026-02-27,Marketing,Marketing,18809.47
EXP0000473,6300,CC0005,Department 5,2026-05-12,Marketing,Marketing,13808.44
EXP0000474,6500,CC0003,Department 3,2025-03-03,Operations,Administrative,1579.25
EXP0000475,6400,CC0010,Department 2,2026-05-12,Sales,Sales,11969.17
EXP0000476,6400,CC0001,Department 1,2026-12-18,Operations,Administrative,980.2
EXP0000477,6300,CC0003,Department 3,2025-09-27,Operations,Administrative,18911.65
EXP0000478,6300,CC0011,Department 3,2025-02-05,SG&A,Administrative,18560.12
EXP0000479,6400,CC0005,Department 5,2025-07-30,Sales,Sales,19127.83
EXP0000480,6500,CC0019,Department 3,2025-08-18,SG&A,Administrative,6790.47
EXP0000481,6300,CC0011,Department 3,2026-11-13,Operations,Administrative,7116.57
EXP0000482,6400,CC0003,Department 3,2026-04-04,SG&A,Administrative,12419.94
EXP0000483,6400,CC0018,Department 2,2025-07-21,Operations,Administrative,21262.11
EXP0000484,6500,CC0014,Department 6,2025-01-18,Operations,Administrative,10766.04
EXP0000485,6500,CC0015,Department 7,2026-08-12,Marketing,Marketing,9594.6
EXP0000486,6300,CC0002,Department 2,2026-07-02,Marketing,Marketing,19514.96
EXP0000487,6100,CC0008,Department 8,2026-10-25,SG&A,Administrative,8825.33
EXP0000488,6400,CC0008,Department 8,2025-03-06,Operations,Administrative,17300.4
EXP0000489,6300,CC0001,Department 1,2025-10-03,SG&A,Administrative,21470.85
EXP0000490,6300,CC0005,Department 5,2025-06-20,Marketing,Marketing,1266.53
EXP0000491,6100,CC0014,Department 6,2026-03-22,Operations,Administrative,19478.99
EXP0000492,6400,CC0013,Department 5,2025-09-16,SG&A,Administrative,6652.44
EXP0000493,6400,CC0006,Department 6,2026-04-23,Operations,Administrative,5092.06
EXP0000494,6200,CC0001,Department 1,2025-01-05,Marketing,Marketing,2664.32
EXP0000495,6500,CC0016,Department 8,2026-01-12,Operations,Administrative,1262.27
EXP0000496,6400,CC0015,Department 7,2026-02-01,Operations,Administrative,16643.86
EXP0000497,6200,CC0018,Department 2,2025-09-04,SG&A,Administrative,16858.91
EXP0000498,6500,CC0003,Department 3,2025-05-28,Operations,Administrative,9088.12
EXP0000499,6300,CC0011,Department 3,2025-06-06,Operations,Administrative,13164.15
EXP0000500,6500,CC0020,Department 4,2026-10-27,Marketing,Marketing,13772.79
EXP0000501,6200,CC0014,Department 6,2025-05-08,SG&A,Administrative,14756.29
EXP0000502,6300,CC0011,Department 3,2025-10-06,Marketing,Marketing,1497.21
EXP0000503,6400,CC0009,Department 1,2026-11-06,SG&A,Administrative,20664.82
EXP0000504,6500,CC0006,Department 6,2025-11-29,Sales,Sales,1473.1
EXP0000505,6500,CC0017,Department 1,2025-03-15,Operations,Administrative,10064.44
EXP0000506,6500,CC0016,Department 8,2026-05-04,Marketing,Marketing,13371.21
EXP0000507,6100,CC0015,Department 7,2025-08-19,Operations,Administrative,9146.65
EXP0000508,6300,CC0003,Department 3,2025-01-02,Marketing,Marketing,24559.62
EXP0000509,6500,CC0012,Department 4,2026-07-30,Marketing,Marketing,24900.03
EXP0000510,6500,CC0011,Department 3,2025-05-17,Sales,Sales,1598.5
EXP0000511,6200,CC0001,Department 1,2026-08-04,Operations,Administrative,2204.18
EXP0000512,6200,CC0002,Department 2,2025-02-02,Operations,Administrative,4997.74
EXP0000513,6300,CC0003,Department 3,2026-02-19,Operations,Administrative,15516.88
EXP0000514,6100,CC0015,Department 7,2025-08-12,Sales,Sales,2351.35
EXP0000515,6100,CC0007,Department 7,2026-06-16,SG&A,Administrative,10029.12
EXP0000516,6200,CC0020,Department 4,2025-12-10,Operations,Administrative,256.87
EXP0000517,6300,CC0020,Department 4,2025-07-04,Sales,Sales,21804.73
EXP0000518,6200,CC0018,Department 2,2026-09-25,Marketing,Marketing,7034.37
EXP0000519,6300,CC0006,Department 6,2025-06-05,Marketing,Marketing,11581.4
EXP0000520,6100,CC0012,Department 4,2026-11-02,Sales,Sales,8019.44
EXP0000521,6500,CC0011,Department 3,2026-10-11,Marketing,Marketing,21731.27
EXP0000522,6500,CC0010,Department 2,2026-07-26,Sales,Sales,13101.79
EXP0000523,6500,CC0003,Department 3,2025-04-02,Operations,Administrative,20247.45
EXP0000524,6200,CC0001,Department 1,2025-05-10,SG&A,Administrative,13094.09
EXP0000525,6100,CC0018,Department 2,2026-02-10,SG&A,Administrative,24233.38
EXP0000526,6500,CC0018,Department 2,2025-08-28,Sales,Sales,12530.65
EXP0000527,6100,CC0011,Department 3,2025-05-29,Operations,Administrative,3671.18
EXP0000528,6300,CC0001,Department 1,2025-10-15,Marketing,Marketing,495.31
EXP0000529,6400,CC0006,Department 6,2026-05-25,Sales,Sales,2698.73
EXP0000530,6300,CC0017,Department 1,2025-05-06,Operations,Administrative,7488.65
EXP0000531,6200,CC0007,Department 7,2026-10-17,Operations,Administrative,678.79
EXP0000532,6400,CC0002,Department 2,2025-02-04,SG&A,Administrative,4411.96
EXP0000533,6500,CC0020,Department 4,2025-03-27,Marketing,Marketing,1245.52
EXP0000534,6100,CC0004,Department 4,2025-01-14,Sales,Sales,9808.97
EXP0000535,6400,CC0007,Department 7,2025-04-26,Sales,Sales,20327.85
EXP0000536,6100,CC0016,Department 8,2025-07-27,SG&A,Administrative,18041.83
EXP0000537,6400,CC0004,Department 4,2026-02-20,Sales,Sales,1933.72
EXP0000538,6500,CC0020,Department 4,2025-03-18,Sales,Sales,17369.16
EXP0000539,6400,CC0007,Department 7,2025-02-09,Operations,Administrative,6330.91
EXP0000540,6300,CC0008,Department 8,2025-03-21,Sales,Sales,19297.04
EXP0000541,6100,CC0007,Department 7,2026-03-15,Marketing,Marketing,15219.53
EXP0000542,6400,CC0007,Department 7,2026-02-24,SG&A,Administrative,23351.92
EXP0000543,6300,CC0009,Department 1,2025-08-18,Sales,Sales,3073.35
EXP0000544,6200,CC0005,Department 5,2026-03-22,Marketing,Marketing,16140.44
EXP0000545,6400,CC0014,Department 6,2025-07-06,Marketing,Marketing,15677.63
EXP0000546,6300,CC0014,Department 6,2025-07-29,Sales,Sales,24302.53
EXP0000547,6200,CC0013,Department 5,2025-06-17,Operations,Administrative,22359.58
EXP0000548,6200,CC0007,Department 7,2025-12-07,Marketing,Marketing,11466.65
EXP0000549,6400,CC0015,Department 7,2025-09-26,SG&A,Administrative,10684.77
EXP0000550,6300,CC0014,Department 6,2025-02-17,Operations,Administrative,21916.6
EXP0000551,6300,CC0012,Department 4,2026-12-28,Marketing,Marketing,6720.2
EXP0000552,6400,CC0019,Department 3,2025-12-12,SG&A,Administrative,24979.79
EXP0000553,6500,CC0010,Department 2,2025-06-20,Sales,Sales,6070.37
EXP0000554,6500,CC0016,Department 8,2025-09-03,Sales,Sales,22338.3
EXP0000555,6100,CC0018,Department 2,2026-05-01,Operations,Administrative,235.5
EXP0000556,6500,CC0002,Department 2,2026-11-05,Sales,Sales,6311.29
EXP0000557,6100,CC0018,Department 2,2025-05-26,Operations,Administrative,19118.94
EXP0000558,6100,CC0020,Department 4,2025-02-09,Operations,Administrative,23973.89
EXP0000559,6200,CC0003,Department 3,2026-09-22,Operations,Administrative,22685.93
EXP0000560,6200,CC0017,Department 1,2025-12-20,SG&A,Administrative,20554.54
EXP0000561,6100,CC0001,Department 1,2026-06-17,Marketing,Marketing,22931.14
EXP0000562,6100,CC0013,Department 5,2025-10-27,Operations,Administrative,23335.21
EXP0000563,6400,CC0005,Department 5,2026-06-24,Marketing,Marketing,12974.07
EXP0000564,6100,CC0016,Department 8,2026-07-01,Operations,Administrative,18139.87
EXP0000565,6300,CC0012,Department 4,2026-06-20,SG&A,Administrative,6163.69
EXP0000566,6500,CC0007,Department 7,2026-09-17,SG&A,Administrative,10796.92
EXP0000567,6300,CC0019,Department 3,2026-03-04,Operations,Administrative,20517.21
EXP0000568,6300,CC0010,Department 2,2025-11-03,Operations,Administrative,15842.38
EXP0000569,6400,CC0007,Department 7,2026-12-28,SG&A,Administrative,12467.68
EXP0000570,6200,CC0002,Department 2,2026-04-24,SG&A,Administrative,13661.77
EXP0000571,6200,CC0006,Department 6,2026-12-15,Operations,Administrative,14196.22
EXP0000572,6200,CC0002,Department 2,2026-08-16,Sales,Sales,12024.35
EXP0000573,6500,CC0010,Department 2,2026-04-03,Operations,Administrative,5238.57
EXP0000574,6100,CC0010,Department 2,2026-12-26,Sales,Sales,992.79
EXP0000575,6400,CC0012,Department 4,2026-07-03,Marketing,Marketing,13794.28
EXP0000576,6100,CC0010,Department 2,2026-09-07,Operations,Administrative,1590.79
EXP0000577,6300,CC0012,Department 4,2025-11-03,Marketing,Marketing,1851.63
EXP0000578,6300,CC0017,Department 1,2026-03-22,SG&A,Administrative,8813.89
EXP0000579,6200,CC0016,Department 8,2026-04-28,Sales,Sales,14538.37
EXP0000580,6500,CC0012,Department 4,2026-11-02,SG&A,Administrative,22060.12
EXP0000581,6300,CC0004,Department 4,2026-06-30,SG&A,Administrative,15350.97
EXP0000582,6300,CC0017,Department 1,2026-11-06,Marketing,Marketing,24253.15
EXP0000583,6200,CC0006,Department 6,2026-03-11,Sales,Sales,22062.43
EXP0000584,6300,CC0016,Department 8,2026-08-09,SG&A,Administrative,24502.8
EXP0000585,6400,CC0015,Department 7,2025-08-16,SG&A,Administrative,18747.11
EXP0000586,6100,CC0016,Department 8,2026-07-27,SG&A,Administrative,13337.72
EXP0000587,6100,CC0018,Department 2,2025-04-20,Marketing,Marketing,9333.19
EXP0000588,6100,CC0011,Department 3,2025-10-04,SG&A,Administrative,306.93
EXP0000589,6200,CC0004,Department 4,2026-02-27,Operations,Administrative,1992.74
EXP0000590,6200,CC0007,Department 7,2026-08-11,Marketing,Marketing,13321.81
EXP0000591,6100,CC0004,Department 4,2026-02-16,Sales,Sales,6534.28
EXP0000592,6200,CC0005,Department 5,2026-10-09,Sales,Sales,3748.72
EXP0000593,6500,CC0009,Department 1,2025-06-13,Marketing,Marketing,17292.91
EXP0000594,6300,CC0010,Department 2,2025-01-10,Operations,Administrative,8318.7
EXP0000595,6300,CC0008,Department 8,2026-07-13,Sales,Sales,4116.52
EXP0000596,6100,CC0010,Department 2,2026-04-06,Sales,Sales,15107.49
EXP0000597,6100,CC0007,Department 7,2025-12-08,Operations,Administrative,13448.44
EXP0000598,6200,CC0006,Department 6,2026-06-16,Sales,Sales,5918.5
EXP0000599,6500,CC0005,Department 5,2025-07-26,SG&A,Administrative,8743.53
EXP0000600,6300,CC0006,Department 6,2025-04-11,Sales,Sales,20218.4
EXP0000601,6100,CC0017,Department 1,2026-03-28,Operations,Administrative,13148.73
EXP0000602,6300,CC0010,Department 2,2026-01-30,Operations,Administrative,1552.85
EXP0000603,6100,CC0020,Department 4,2025-01-10,Operations,Administrative,24813.99
EXP0000604,6200,CC0007,Department 7,2025-11-21,Operations,Administrative,21015.97
EXP0000605,6200,CC0001,Department 1,2026-07-05,Marketing,Marketing,4624.04
EXP0000606,6300,CC0003,Department 3,2025-04-23,SG&A,Administrative,457.6
EXP0000607,6100,CC0006,Department 6,2025-10-30,Operations,Administrative,15916.42
EXP0000608,6200,CC0010,Department 2,2025-03-22,Operations,Administrative,9023.41
EXP0000609,6100,CC0012,Department 4,2026-05-11,Sales,Sales,7104.92
EXP0000610,6200,CC0015,Department 7,2025-10-21,Operations,Administrative,8648.4
EXP0000611,6400,CC0018,Department 2,2026-04-13,Sales,Sales,9692.04
EXP0000612,6300,CC0003,Department 3,2026-01-31,Marketing,Marketing,22129.56
EXP0000613,6500,CC0009,Department 1,2026-05-27,Operations,Administrative,13876.9
EXP0000614,6100,CC0008,Department 8,2025-07-24,SG&A,Administrative,14382.32
EXP0000615,6200,CC0012,Department 4,2026-04-05,Sales,Sales,1628.64
EXP0000616,6400,CC0010,Department 2,2025-11-30,Marketing,Marketing,20777.5
EXP0000617,6100,CC0016,Department 8,2025-10-05,Operations,Administrative,5371.67
EXP0000618,6500,CC0009,Department 1,2025-08-11,Operations,Administrative,3835.85
EXP0000619,6500,CC0014,Department 6,2025-03-28,Marketing,Marketing,22939.98
EXP0000620,6500,CC0006,Department 6,2026-11-28,Operations,Administrative,22061.94
EXP0000621,6300,CC0008,Department 8,2025-02-08,Operations,Administrative,1202.61
EXP0000622,6100,CC0015,Department 7,2025-12-08,Operations,Administrative,19535.27
EXP0000623,6300,CC0015,Department 7,2025-11-09,SG&A,Administrative,21308.65
EXP0000624,6100,CC0016,Department 8,2025-11-12,Sales,Sales,2507.75
EXP0000625,6500,CC0004,Department 4,2026-12-05,Sales,Sales,8971.7
EXP0000626,6500,CC0020,Department 4,2025-09-11,SG&A,Administrative,9336.03
EXP0000627,6300,CC0003,Department 3,2026-09-03,Operations,Administrative,20411.92
EXP0000628,6400,CC0013,Department 5,2025-10-01,Sales,Sales,13320.13
EXP0000629,6300,CC0018,Department 2,2026-08-10,Sales,Sales,23308.45
EXP0000630,6200,CC0020,Department 4,2026-04-19,Operations,Administrative,21556.65
EXP0000631,6300,CC0001,Department 1,2026-06-11,Operations,Administrative,13863.71
EXP0000632,6200,CC0012,Department 4,2026-12-29,Sales,Sales,1177.48
EXP0000633,6200,CC0010,Department 2,2026-07-29,SG&A,Administrative,23320.04
EXP0000634,6100,CC0019,Department 3,2026-12-19,Sales,Sales,22562.67
EXP0000635,6400,CC0001,Department 1,2025-10-15,Operations,Administrative,3141.16
EXP0000636,6200,CC0014,Department 6,2026-12-17,Operations,Administrative,184.59
EXP0000637,6200,CC0012,Department 4,2026-10-05,Operations,Administrative,9509.29
EXP0000638,6300,CC0008,Department 8,2026-09-23,Marketing,Marketing,2229.53
EXP0000639,6300,CC0012,Department 4,2025-04-01,Marketing,Marketing,16793.03
EXP0000640,6500,CC0003,Department 3,2026-04-19,Sales,Sales,16690.3
EXP0000641,6400,CC0015,Department 7,2025-04-15,Marketing,Marketing,6535.27
EXP0000642,6100,CC0005,Department 5,2025-11-25,Sales,Sales,13027.63
EXP0000643,6400,CC0011,Department 3,2025-01-19,SG&A,Administrative,6812.46
EXP0000644,6200,CC0016,Department 8,2026-12-10,Operations,Administrative,22057.89
EXP0000645,6300,CC0016,Department 8,2026-10-15,Operations,Administrative,2616.83
EXP0000646,6200,CC0019,Department 3,2025-08-02,Sales,Sales,9115.8
EXP0000647,6100,CC0015,Department 7,2025-10-28,Operations,Administrative,24451.64
EXP0000648,6400,CC0009,Department 1,2026-01-24,Sales,Sales,2334.82
EXP0000649,6400,CC0015,Department 7,2025-08-19,Operations,Administrative,15891.32
EXP0000650,6500,CC0003,Department 3,2026-01-04,Operations,Administrative,16083.55
EXP0000651,6100,CC0006,Department 6,2026-08-07,Marketing,Marketing,9822.01
EXP0000652,6500,CC0018,Department 2,2026-08-08,SG&A,Administrative,4492.96
EXP0000653,6500,CC0020,Department 4,2025-07-14,Marketing,Marketing,10594.29
EXP0000654,6200,CC0012,Department 4,2025-11-17,Marketing,Marketing,19573.57
EXP0000655,6500,CC0011,Department 3,2026-05-30,Operations,Administrative,22689.59
EXP0000656,6200,CC0016,Department 8,2025-01-16,Marketing,Marketing,1742.89
EXP0000657,6300,CC0009,Department 1,2025-09-19,Operations,Administrative,2640.16
EXP0000658,6400,CC0014,Department 6,2025-04-24,Operations,Administrative,15523.73
EXP0000659,6500,CC0009,Department 1,2025-12-13,Sales,Sales,5259.98
EXP0000660,6100,CC0001,Department 1,2026-05-04,Sales,Sales,5445.19
EXP0000661,6300,CC0019,Department 3,2025-05-01,Sales,Sales,6549.36
EXP0000662,6300,CC0005,Department 5,2025-05-30,Operations,Administrative,5330.54
EXP0000663,6200,CC0009,Department 1,2026-05-11,Operations,Administrative,14824.39
EXP0000664,6100,CC0004,Department 4,2025-03-15,Operations,Administrative,20327.19
EXP0000665,6100,CC0008,Department 8,2026-09-21,Operations,Administrative,22816.98
EXP0000666,6100,CC0007,Department 7,2026-06-14,Marketing,Marketing,10917.81
EXP0000667,6300,CC0005,Department 5,2026-12-27,Marketing,Marketing,1882.49
EXP0000668,6400,CC0013,Department 5,2026-01-16,Operations,Administrative,5010.77
EXP0000669,6500,CC0017,Department 1,2026-11-10,Operations,Administrative,17876.41
EXP0000670,6100,CC0011,Department 3,2026-03-23,SG&A,Administrative,23857.2
EXP0000671,6300,CC0006,Department 6,2025-05-08,Operations,Administrative,10514.27
EXP0000672,6200,CC0014,Department 6,2026-09-07,Marketing,Marketing,5640.67
EXP0000673,6100,CC0018,Department 2,2025-08-13,Marketing,Marketing,3765.17
EXP0000674,6400,CC0014,Department 6,2026-05-10,Operations,Administrative,23695.79
EXP0000675,6100,CC0007,Department 7,2026-03-25,SG&A,Administrative,16656.46
EXP0000676,6500,CC0017,Department 1,2025-11-08,Marketing,Marketing,22753.24
EXP0000677,6300,CC0018,Department 2,2026-01-18,SG&A,Administrative,17244.99
EXP0000678,6200,CC0013,Department 5,2026-09-01,SG&A,Administrative,21246.61
EXP0000679,6200,CC0006,Department 6,2026-11-16,SG&A,Administrative,7180.87
EXP0000680,6200,CC0012,Department 4,2025-10-08,Marketing,Marketing,14617.54
EXP0000681,6300,CC0001,Department 1,2025-07-12,Marketing,Marketing,5402.72
EXP0000682,6200,CC0004,Department 4,2025-11-16,Sales,Sales,21050.15
EXP0000683,6300,CC0001,Department 1,2025-12-19,SG&A,Administrative,23838.95
EXP0000684,6400,CC0019,Department 3,2025-12-05,Marketing,Marketing,12075.04
EXP0000685,6300,CC0008,Department 8,2025-10-27,SG&A,Administrative,21354.62
EXP0000686,6100,CC0014,Department 6,2026-03-05,Sales,Sales,7212.03
EXP0000687,6500,CC0014,Department 6,2026-11-03,Marketing,Marketing,4415.84
EXP0000688,6200,CC0017,Department 1,2025-07-02,Marketing,Marketing,10366.82
EXP0000689,6400,CC0018,Department 2,2025-02-09,Operations,Administrative,5091.43
EXP0000690,6400,CC0003,Department 3,2026-01-01,Marketing,Marketing,2518.72
EXP0000691,6400,CC0015,Department 7,2026-03-29,Operations,Administrative,7254.66
EXP0000692,6200,CC0013,Department 5,2025-06-22,SG&A,Administrative,8459.57
EXP0000693,6300,CC0013,Department 5,2025-03-05,Sales,Sales,21977.13
EXP0000694,6300,CC0020,Department 4,2026-05-19,Sales,Sales,1294.58
EXP0000695,6200,CC0009,Department 1,2026-05-03,Operations,Administrative,10262.57
EXP0000696,6400,CC0012,Department 4,2026-04-05,Operations,Administrative,3090.4
EXP0000697,6500,CC0013,Department 5,2026-10-23,Marketing,Marketing,10188.48
EXP0000698,6500,CC0020,Department 4,2026-11-09,SG&A,Administrative,22463.02
EXP0000699,6100,CC0005,Department 5,2026-07-12,SG&A,Administrative,12691.12
EXP0000700,6500,CC0004,Department 4,2026-05-15,Operations,Administrative,3910.01
EXP0000701,6300,CC0004,Department 4,2025-12-24,Operations,Administrative,12826.38
EXP0000702,6200,CC0013,Department 5,2026-07-18,SG&A,Administrative,4348.18
EXP0000703,6400,CC0014,Department 6,2025-08-22,Sales,Sales,21833.85
EXP0000704,6100,CC0009,Department 1,2026-11-06,SG&A,Administrative,16497.53
EXP0000705,6400,CC0013,Department 5,2025-09-06,SG&A,Administrative,11160.09
EXP0000706,6100,CC0006,Department 6,2026-02-01,SG&A,Administrative,23046.9
EXP0000707,6500,CC0008,Department 8,2026-01-04,Operations,Administrative,6951.31
EXP0000708,6500,CC0004,Department 4,2026-04-15,SG&A,Administrative,12076.53
EXP0000709,6100,CC0003,Department 3,2025-09-23,Sales,Sales,21601.12
EXP0000710,6300,CC0012,Department 4,2026-07-26,SG&A,Administrative,9915.85
EXP0000711,6300,CC0019,Department 3,2025-11-23,Operations,Administrative,24718.05
EXP0000712,6400,CC0011,Department 3,2025-07-03,Operations,Administrative,10946.58
EXP0000713,6300,CC0009,Department 1,2026-12-14,SG&A,Administrative,21822.31
EXP0000714,6500,CC0012,Department 4,2026-04-14,SG&A,Administrative,15556.65
EXP0000715,6500,CC0020,Department 4,2025-02-22,Operations,Administrative,14052.99
EXP0000716,6400,CC0009,Department 1,2025-12-22,SG&A,Administrative,6697.59
EXP0000717,6500,CC0007,Department 7,2026-06-20,SG&A,Administrative,17358.33
EXP0000718,6100,CC0009,Department 1,2026-12-26,SG&A,Administrative,14844.72
EXP0000719,6300,CC0013,Department 5,2025-07-30,Sales,Sales,17800.11
EXP0000720,6100,CC0008,Department 8,2025-06-03,Marketing,Marketing,24216.21
EXP0000721,6300,CC0017,Department 1,2025-09-22,SG&A,Administrative,2221.61
EXP0000722,6400,CC0013,Department 5,2026-02-26,SG&A,Administrative,20930.62
EXP0000723,6200,CC0012,Department 4,2026-08-07,Operations,Administrative,23646.93
EXP0000724,6400,CC0003,Department 3,2026-11-08,Marketing,Marketing,18456.87
EXP0000725,6200,CC0007,Department 7,2026-12-13,Operations,Administrative,24215.79
EXP0000726,6300,CC0020,Department 4,2026-05-20,Operations,Administrative,1388.29
EXP0000727,6400,CC0020,Department 4,2025-08-25,Marketing,Marketing,17332.14
EXP0000728,6100,CC0015,Department 7,2026-12-15,Sales,Sales,7151.89
EXP0000729,6300,CC0005,Department 5,2025-04-08,Sales,Sales,7224.31
EXP0000730,6500,CC0017,Department 1,2025-03-07,Operations,Administrative,14838.81
EXP0000731,6300,CC0013,Department 5,2026-11-30,Sales,Sales,3745.39
EXP0000732,6100,CC0018,Department 2,2026-02-08,Marketing,Marketing,11260.42
EXP0000733,6200,CC0014,Department 6,2026-08-12,Sales,Sales,23359.2
EXP0000734,6100,CC0015,Department 7,2025-01-31,SG&A,Administrative,2416.51
EXP0000735,6400,CC0018,Department 2,2026-06-27,Sales,Sales,17600.78
EXP0000736,6200,CC0012,Department 4,2026-04-07,Operations,Administrative,1645.68
EXP0000737,6400,CC0001,Department 1,2026-06-26,SG&A,Administrative,6021.76
EXP0000738,6100,CC0013,Department 5,2025-02-08,Marketing,Marketing,14369.76
EXP0000739,6500,CC0014,Department 6,2025-05-09,Operations,Administrative,16775.09
EXP0000740,6300,CC0014,Department 6,2025-02-21,Sales,Sales,168.13
EXP0000741,6300,CC0020,Department 4,2026-11-13,Operations,Administrative,20943.53
EXP0000742,6100,CC0015,Department 7,2025-03-05,Operations,Administrative,24715.14
EXP0000743,6400,CC0018,Department 2,2026-01-19,SG&A,Administrative,12796.32
EXP0000744,6300,CC0014,Department 6,2025-06-29,SG&A,Administrative,5371.22
EXP0000745,6300,CC0015,Department 7,2026-06-11,SG&A,Administrative,13292.29
EXP0000746,6500,CC0010,Department 2,2025-03-08,SG&A,Administrative,17400.45
EXP0000747,6200,CC0006,Department 6,2026-02-02,Sales,Sales,18401.74
EXP0000748,6400,CC0012,Department 4,2026-04-02,Sales,Sales,14952.54
EXP0000749,6200,CC0015,Department 7,2026-07-18,Marketing,Marketing,14286.12
EXP0000750,6300,CC0009,Department 1,2025-11-04,SG&A,Administrative,13301.54
EXP0000751,6300,CC0007,Department 7,2025-10-07,SG&A,Administrative,21048.05
EXP0000752,6500,CC0015,Department 7,2025-03-10,Operations,Administrative,17738.83
EXP0000753,6200,CC0011,Department 3,2026-04-11,Sales,Sales,21355.85
EXP0000754,6300,CC0009,Department 1,2026-02-17,Marketing,Marketing,4953.05
EXP0000755,6500,CC0012,Department 4,2025-07-03,SG&A,Administrative,16119.21
EXP0000756,6200,CC0012,Department 4,2026-06-06,SG&A,Administrative,24292.54
EXP0000757,6300,CC0019,Department 3,2026-07-22,Marketing,Marketing,2259.69
EXP0000758,6400,CC0014,Department 6,2025-06-21,SG&A,Administrative,11422.27
EXP0000759,6500,CC0006,Department 6,2026-11-18,Operations,Administrative,23599.67
EXP0000760,6100,CC0013,Department 5,2025-10-09,SG&A,Administrative,20905.47
EXP0000761,6500,CC0002,Department 2,2025-03-15,Marketing,Marketing,5888.96
EXP0000762,6100,CC0009,Department 1,2025-10-06,Marketing,Marketing,16542.9
EXP0000763,6500,CC0008,Department 8,2025-03-10,SG&A,Administrative,5492.23
EXP0000764,6300,CC0016,Department 8,2025-01-21,SG&A,Administrative,22558.48
EXP0000765,6100,CC0016,Department 8,2026-05-21,Sales,Sales,15285.81
EXP0000766,6500,CC0013,Department 5,2026-01-03,Marketing,Marketing,7414.21
EXP0000767,6400,CC0011,Department 3,2025-10-23,SG&A,Administrative,6905.8
EXP0000768,6400,CC0020,Department 4,2026-05-16,Operations,Administrative,13562.02
EXP0000769,6200,CC0016,Department 8,2026-08-27,SG&A,Administrative,3752.08
EXP0000770,6500,CC0008,Department 8,2026-12-20,Sales,Sales,2941.21
EXP0000771,6100,CC0011,Department 3,2025-01-16,SG&A,Administrative,2542.26
EXP0000772,6500,CC0012,Department 4,2026-12-16,Operations,Administrative,20182.38
EXP0000773,6500,CC0012,Department 4,2025-10-02,SG&A,Administrative,12701.07
EXP0000774,6500,CC0007,Department 7,2025-06-29,SG&A,Administrative,13973.28
EXP0000775,6400,CC0019,Department 3,2026-09-02,Marketing,Marketing,19033.81
EXP0000776,6200,CC0019,Department 3,2025-12-02,Sales,Sales,5910.27
EXP0000777,6300,CC0014,Department 6,2025-06-26,Operations,Administrative,23689.3
EXP0000778,6100,CC0015,Department 7,2026-12-18,Operations,Administrative,24878.4
EXP0000779,6400,CC0015,Department 7,2026-12-13,Marketing,Marketing,17431.44
EXP0000780,6200,CC0007,Department 7,2026-06-26,Operations,Administrative,21746.22
EXP0000781,6500,CC0005,Department 5,2025-05-07,Operations,Administrative,13043.02
EXP0000782,6100,CC0006,Department 6,2026-09-12,Marketing,Marketing,20058.32
EXP0000783,6500,CC0009,Department 1,2025-11-12,Operations,Administrative,7844.61
EXP0000784,6200,CC0013,Department 5,2026-09-07,Marketing,Marketing,8300.71
EXP0000785,6100,CC0016,Department 8,2025-07-06,Operations,Administrative,7130.36
EXP0000786,6500,CC0010,Department 2,2026-09-17,SG&A,Administrative,3449.4
EXP0000787,6500,CC0005,Department 5,2026-10-27,Marketing,Marketing,1089.91
EXP0000788,6200,CC0019,Department 3,2025-02-05,SG&A,Administrative,8601.31
EXP0000789,6200,CC0008,Department 8,2026-01-12,Marketing,Marketing,24629.28
EXP0000790,6100,CC0018,Department 2,2025-10-19,Operations,Administrative,3727.77
EXP0000791,6400,CC0010,Department 2,2026-08-19,Operations,Administrative,13520.99
EXP0000792,6400,CC0006,Department 6,2026-03-20,Sales,Sales,7957.48
EXP0000793,6200,CC0012,Department 4,2025-01-15,Sales,Sales,13002.31
EXP0000794,6300,CC0008,Department 8,2025-01-10,Sales,Sales,6156.81
EXP0000795,6400,CC0010,Department 2,2025-06-03,Sales,Sales,6685.67
EXP0000796,6100,CC0012,Department 4,2025-06-12,Marketing,Marketing,5752.9
EXP0000797,6300,CC0010,Department 2,2026-07-29,SG&A,Administrative,22673.68
EXP0000798,6500,CC0008,Department 8,2025-09-10,SG&A,Administrative,9405.09
EXP0000799,6400,CC0008,Department 8,2026-05-18,Marketing,Marketing,16015.66
EXP0000800,6300,CC0011,Department 3,2026-10-27,Sales,Sales,13342.7
EXP0000801,6200,CC0007,Department 7,2026-07-06,Sales,Sales,2288.09
EXP0000802,6500,CC0020,Department 4,2025-12-25,Operations,Administrative,8397.89
EXP0000803,6100,CC0013,Department 5,2026-05-21,Operations,Administrative,23700.49
EXP0000804,6100,CC0010,Department 2,2025-10-16,SG&A,Administrative,2746.67
EXP0000805,6100,CC0010,Department 2,2025-07-18,Marketing,Marketing,7990.58
EXP0000806,6200,CC0009,Department 1,2026-06-23,SG&A,Administrative,22344.46
EXP0000807,6500,CC0006,Department 6,2025-04-18,Operations,Administrative,13065.78
EXP0000808,6300,CC0015,Department 7,2026-07-27,Sales,Sales,1995.0
EXP0000809,6400,CC0012,Department 4,2025-02-18,Sales,Sales,13976.99
EXP0000810,6100,CC0005,Department 5,2026-07-25,Operations,Administrative,24786.69
EXP0000811,6200,CC0016,Department 8,2025-09-15,Sales,Sales,14202.2
EXP0000812,6300,CC0013,Department 5,2026-04-17,Sales,Sales,7188.79
EXP0000813,6500,CC0006,Department 6,2026-12-08,Marketing,Marketing,4326.88
EXP0000814,6500,CC0016,Department 8,2025-07-09,SG&A,Administrative,2350.58
EXP0000815,6300,CC0006,Department 6,2026-05-23,Sales,Sales,19112.68
EXP0000816,6500,CC0012,Department 4,2026-06-03,Marketing,Marketing,24221.27
EXP0000817,6200,CC0006,Department 6,2025-12-18,Operations,Administrative,19246.98
EXP0000818,6100,CC0015,Department 7,2025-10-28,SG&A,Administrative,16883.79
EXP0000819,6500,CC0006,Department 6,2025-04-22,Marketing,Marketing,8007.71
EXP0000820,6400,CC0004,Department 4,2025-04-22,Operations,Administrative,5098.97
EXP0000821,6400,CC0009,Department 1,2026-11-14,Operations,Administrative,21845.57
EXP0000822,6100,CC0006,Department 6,2026-10-07,Marketing,Marketing,4440.11
EXP0000823,6200,CC0011,Department 3,2025-10-03,Sales,Sales,6112.7
EXP0000824,6300,CC0020,Department 4,2026-09-15,Marketing,Marketing,24635.45
EXP0000825,6200,CC0015,Department 7,2025-12-06,Sales,Sales,11681.02
EXP0000826,6500,CC0001,Department 1,2025-05-09,Operations,Administrative,24757.61
EXP0000827,6100,CC0001,Department 1,2026-01-24,Marketing,Marketing,15043.98
EXP0000828,6300,CC0005,Department 5,2025-06-18,Operations,Administrative,2586.57
EXP0000829,6300,CC0018,Department 2,2026-10-01,Sales,Sales,3804.99
EXP0000830,6300,CC0007,Department 7,2025-02-24,Sales,Sales,16914.74
EXP0000831,6200,CC0004,Department 4,2026-12-14,Sales,Sales,7545.47
EXP0000832,6400,CC0019,Department 3,2026-03-23,Marketing,Marketing,2470.43
EXP0000833,6300,CC0019,Department 3,2026-08-23,Operations,Administrative,20008.33
EXP0000834,6400,CC0006,Department 6,2025-09-20,Sales,Sales,19761.69
EXP0000835,6500,CC0018,Department 2,2026-12-04,SG&A,Administrative,22272.85
EXP0000836,6500,CC0004,Department 4,2025-04-20,Marketing,Marketing,2003.24
EXP0000837,6400,CC0015,Department 7,2025-09-30,Marketing,Marketing,15439.25
EXP0000838,6400,CC0004,Department 4,2025-03-14,SG&A,Administrative,17209.45
EXP0000839,6400,CC0007,Department 7,2025-09-17,Operations,Administrative,478.84
EXP0000840,6100,CC0017,Department 1,2025-01-07,SG&A,Administrative,5924.42
EXP0000841,6500,CC0004,Department 4,2026-05-22,SG&A,Administrative,24386.02
EXP0000842,6200,CC0003,Department 3,2026-06-28,SG&A,Administrative,10443.34
EXP0000843,6300,CC0007,Department 7,2025-03-18,Marketing,Marketing,11271.66
EXP0000844,6200,CC0005,Department 5,2025-04-19,SG&A,Administrative,17656.99
EXP0000845,6100,CC0017,Department 1,2026-11-27,Operations,Administrative,12067.3
EXP0000846,6400,CC0003,Department 3,2026-06-09,Sales,Sales,904.58
EXP0000847,6500,CC0016,Department 8,2025-04-28,Sales,Sales,21846.18
EXP0000848,6300,CC0020,Department 4,2026-06-21,SG&A,Administrative,22684.91
EXP0000849,6100,CC0008,Department 8,2025-07-08,SG&A,Administrative,809.9
EXP0000850,6300,CC0016,Department 8,2026-11-27,Marketing,Marketing,21891.49
EXP0000851,6100,CC0017,Department 1,2025-07-20,SG&A,Administrative,10952.85
EXP0000852,6400,CC0003,Department 3,2025-06-14,SG&A,Administrative,18906.25
EXP0000853,6500,CC0010,Department 2,2025-02-07,Sales,Sales,24342.19
EXP0000854,6100,CC0008,Department 8,2026-02-28,Sales,Sales,13543.58
EXP0000855,6200,CC0017,Department 1,2025-06-11,SG&A,Administrative,2518.87
EXP0000856,6100,CC0004,Department 4,2026-07-19,Operations,Administrative,22243.45
EXP0000857,6400,CC0020,Department 4,2025-03-05,SG&A,Administrative,9795.14
EXP0000858,6100,CC0013,Department 5,2026-03-20,Sales,Sales,21066.82
EXP0000859,6300,CC0012,Department 4,2026-02-19,Marketing,Marketing,8238.09
EXP0000860,6500,CC0011,Department 3,2025-12-11,Marketing,Marketing,22231.48
EXP0000861,6500,CC0003,Department 3,2026-11-30,SG&A,Administrative,978.29
EXP0000862,6400,CC0005,Department 5,2026-08-06,Sales,Sales,7939.86
EXP0000863,6400,CC0012,Department 4,2025-04-07,Marketing,Marketing,24425.0
EXP0000864,6400,CC0020,Department 4,2026-05-12,Marketing,Marketing,8153.14
EXP0000865,6300,CC0009,Department 1,2025-12-30,SG&A,Administrative,5804.17
EXP0000866,6300,CC0005,Department 5,2025-07-17,Sales,Sales,15243.69
EXP0000867,6400,CC0019,Department 3,2026-08-06,Marketing,Marketing,6868.24
EXP0000868,6200,CC0013,Department 5,2026-11-13,Operations,Administrative,16721.2
EXP0000869,6500,CC0014,Department 6,2026-12-14,Operations,Administrative,7977.67
EXP0000870,6400,CC0012,Department 4,2025-12-04,Operations,Administrative,218.88
EXP0000871,6400,CC0017,Department 1,2026-04-30,SG&A,Administrative,9746.4
EXP0000872,6500,CC0020,Department 4,2025-01-09,Marketing,Marketing,9810.15
EXP0000873,6100,CC0002,Department 2,2026-06-12,Marketing,Marketing,12775.01
EXP0000874,6400,CC0019,Department 3,2026-01-14,SG&A,Administrative,6800.95
EXP0000875,6200,CC0011,Department 3,2026-09-04,Operations,Administrative,2390.74
EXP0000876,6100,CC0018,Department 2,2026-06-22,Operations,Administrative,15678.41
EXP0000877,6200,CC0016,Department 8,2026-09-03,Marketing,Marketing,22231.61
EXP0000878,6100,CC0004,Department 4,2026-08-26,Operations,Administrative,19757.31
EXP0000879,6100,CC0012,Department 4,2026-06-03,Operations,Administrative,8371.88
EXP0000880,6500,CC0001,Department 1,2025-12-08,Sales,Sales,2439.63
EXP0000881,6200,CC0015,Department 7,2026-08-16,SG&A,Administrative,4658.78
EXP0000882,6300,CC0004,Department 4,2025-12-09,Operations,Administrative,5494.51
EXP0000883,6300,CC0002,Department 2,2026-08-22,SG&A,Administrative,13525.05
EXP0000884,6200,CC0017,Department 1,2025-10-04,SG&A,Administrative,13222.72
EXP0000885,6100,CC0004,Department 4,2025-03-04,Sales,Sales,18164.32
EXP0000886,6500,CC0004,Department 4,2025-02-17,Operations,Administrative,16726.42
EXP0000887,6400,CC0006,Department 6,2026-08-25,Marketing,Marketing,23365.77
EXP0000888,6100,CC0011,Department 3,2026-07-28,Sales,Sales,17905.22
EXP0000889,6200,CC0001,Department 1,2026-08-18,Marketing,Marketing,21337.45
EXP0000890,6100,CC0007,Department 7,2025-06-28,Operations,Administrative,13926.33
EXP0000891,6500,CC0001,Department 1,2026-06-05,Marketing,Marketing,11087.6
EXP0000892,6400,CC0006,Department 6,2025-07-26,Sales,Sales,19346.2
EXP0000893,6300,CC0011,Department 3,2026-02-18,Operations,Administrative,7466.61
EXP0000894,6100,CC0017,Department 1,2026-03-11,Marketing,Marketing,3298.2
EXP0000895,6500,CC0013,Department 5,2025-08-11,Operations,Administrative,8453.79
EXP0000896,6300,CC0002,Department 2,2025-01-13,SG&A,Administrative,13796.82
EXP0000897,6500,CC0020,Department 4,2025-04-04,Operations,Administrative,21230.2
EXP0000898,6100,CC0018,Department 2,2026-11-18,Sales,Sales,23500.17
EXP0000899,6100,CC0012,Department 4,2026-10-30,SG&A,Administrative,10880.23
EXP0000900,6100,CC0007,Department 7,2026-09-29,Marketing,Marketing,14123.1
EXP0000901,6500,CC0008,Department 8,2025-08-20,SG&A,Administrative,10097.27
EXP0000902,6400,CC0020,Department 4,2025-09-05,Operations,Administrative,11093.21
EXP0000903,6300,CC0002,Department 2,2025-11-04,Marketing,Marketing,17884.67
EXP0000904,6200,CC0004,Department 4,2026-08-05,Sales,Sales,14634.24
EXP0000905,6500,CC0008,Department 8,2025-01-28,Operations,Administrative,22654.37
EXP0000906,6300,CC0014,Department 6,2026-09-20,Sales,Sales,15031.22
EXP0000907,6300,CC0010,Department 2,2026-10-19,SG&A,Administrative,8141.97
EXP0000908,6200,CC0004,Department 4,2026-06-27,Operations,Administrative,9926.15
EXP0000909,6300,CC0004,Department 4,2026-01-18,Sales,Sales,22754.94
EXP0000910,6100,CC0010,Department 2,2025-12-11,Marketing,Marketing,3911.92
EXP0000911,6500,CC0004,Department 4,2025-09-09,Sales,Sales,3865.69
EXP0000912,6200,CC0006,Department 6,2025-10-15,Operations,Administrative,4999.1
EXP0000913,6200,CC0008,Department 8,2025-07-05,SG&A,Administrative,13842.99
EXP0000914,6300,CC0015,Department 7,2026-11-30,Marketing,Marketing,5859.46
EXP0000915,6100,CC0020,Department 4,2025-09-20,SG&A,Administrative,11101.32
EXP0000916,6500,CC0015,Department 7,2025-03-17,Operations,Administrative,7682.34
EXP0000917,6500,CC0017,Department 1,2026-05-17,Sales,Sales,9630.85
EXP0000918,6400,CC0006,Department 6,2026-07-24,Sales,Sales,24179.55
EXP0000919,6100,CC0007,Department 7,2025-08-04,SG&A,Administrative,10415.21
EXP0000920,6100,CC0015,Department 7,2026-07-03,Operations,Administrative,1489.38
EXP0000921,6400,CC0007,Department 7,2026-03-13,SG&A,Administrative,7153.1
EXP0000922,6500,CC0007,Department 7,2025-09-01,SG&A,Administrative,209.62
EXP0000923,6200,CC0012,Department 4,2025-02-19,Sales,Sales,18215.72
EXP0000924,6100,CC0004,Department 4,2026-01-10,Operations,Administrative,6705.81
EXP0000925,6300,CC0005,Department 5,2026-07-01,SG&A,Administrative,15115.5
EXP0000926,6100,CC0007,Department 7,2026-01-22,Marketing,Marketing,2930.3
EXP0000927,6400,CC0004,Department 4,2026-02-25,SG&A,Administrative,7046.96
EXP0000928,6200,CC0013,Department 5,2026-02-01,SG&A,Administrative,8638.65
EXP0000929,6200,CC0016,Department 8,2026-11-22,Operations,Administrative,20158.84
EXP0000930,6500,CC0004,Department 4,2026-08-05,Operations,Administrative,4316.04
EXP0000931,6100,CC0004,Department 4,2026-05-31,Marketing,Marketing,17436.09
EXP0000932,6300,CC0002,Department 2,2026-06-05,Operations,Administrative,9036.07
EXP0000933,6500,CC0008,Department 8,2025-12-20,SG&A,Administrative,24577.25
EXP0000934,6200,CC0015,Department 7,2026-07-21,Operations,Administrative,13013.34
EXP0000935,6400,CC0018,Department 2,2025-10-20,Operations,Administrative,17748.63
EXP0000936,6100,CC0013,Department 5,2026-04-09,Sales,Sales,5486.48
EXP0000937,6300,CC0012,Department 4,2026-06-10,SG&A,Administrative,5518.68
EXP0000938,6400,CC0006,Department 6,2025-11-23,Sales,Sales,8735.58
EXP0000939,6500,CC0016,Department 8,2026-11-12,Sales,Sales,21416.87
EXP0000940,6500,CC0018,Department 2,2026-05-13,Operations,Administrative,11134.69
EXP0000941,6200,CC0002,Department 2,2025-11-10,Marketing,Marketing,20169.15
EXP0000942,6300,CC0006,Department 6,2025-11-07,Sales,Sales,16601.04
EXP0000943,6200,CC0020,Department 4,2025-02-25,Marketing,Marketing,17891.91
EXP0000944,6300,CC0016,Department 8,2025-02-04,Marketing,Marketing,830.84
EXP0000945,6500,CC0009,Department 1,2026-10-26,SG&A,Administrative,12112.56
EXP0000946,6500,CC0018,Department 2,2026-05-11,Sales,Sales,23233.41
EXP0000947,6500,CC0005,Department 5,2026-06-21,Operations,Administrative,22209.88
EXP0000948,6300,CC0016,Department 8,2026-12-03,SG&A,Administrative,23315.22
EXP0000949,6500,CC0003,Department 3,2026-03-18,Operations,Administrative,23684.28
EXP0000950,6500,CC0001,Department 1,2025-04-01,Sales,Sales,13945.72
EXP0000951,6100,CC0011,Department 3,2025-04-13,SG&A,Administrative,15907.55
EXP0000952,6300,CC0018,Department 2,2025-10-05,Marketing,Marketing,15754.62
EXP0000953,6300,CC0014,Department 6,2025-10-12,SG&A,Administrative,21099.54
EXP0000954,6500,CC0016,Department 8,2026-09-22,Sales,Sales,14117.21
EXP0000955,6400,CC0003,Department 3,2026-09-17,SG&A,Administrative,9208.78
EXP0000956,6300,CC0012,Department 4,2025-06-01,SG&A,Administrative,22824.23
EXP0000957,6300,CC0005,Department 5,2025-02-22,Operations,Administrative,24163.39
EXP0000958,6400,CC0020,Department 4,2025-04-15,Operations,Administrative,10255.85
EXP0000959,6100,CC0014,Department 6,2025-11-15,SG&A,Administrative,11150.07
EXP0000960,6200,CC0001,Department 1,2025-08-03,Marketing,Marketing,8609.46
EXP0000961,6400,CC0018,Department 2,2026-12-29,Sales,Sales,22396.55
EXP0000962,6500,CC0005,Department 5,2026-06-29,Marketing,Marketing,8050.9
EXP0000963,6200,CC0020,Department 4,2026-05-13,SG&A,Administrative,2944.97
EXP0000964,6300,CC0016,Department 8,2026-06-28,Sales,Sales,1341.91
EXP0000965,6500,CC0010,Department 2,2026-06-25,Operations,Administrative,1387.33
EXP0000966,6300,CC0020,Department 4,2026-07-13,Operations,Administrative,674.78
EXP0000967,6400,CC0010,Department 2,2025-05-15,SG&A,Administrative,17331.88
EXP0000968,6400,CC0006,Department 6,2025-03-15,Operations,Administrative,23320.27
EXP0000969,6400,CC0015,Department 7,2026-09-10,Operations,Administrative,2155.14
EXP0000970,6100,CC0016,Department 8,2025-12-03,Marketing,Marketing,21076.21
EXP0000971,6400,CC0001,Department 1,2026-01-27,SG&A,Administrative,12476.95
EXP0000972,6300,CC0020,Department 4,2025-10-15,Sales,Sales,9266.82
EXP0000973,6100,CC0003,Department 3,2026-11-10,Operations,Administrative,5548.44
EXP0000974,6200,CC0007,Department 7,2026-02-04,Operations,Administrative,24458.58
EXP0000975,6100,CC0008,Department 8,2026-09-03,SG&A,Administrative,8361.94
EXP0000976,6100,CC0009,Department 1,2025-07-28,SG&A,Administrative,5827.72
EXP0000977,6500,CC0003,Department 3,2025-09-07,Sales,Sales,11972.68
EXP0000978,6400,CC0010,Department 2,2025-07-04,Marketing,Marketing,6865.95
EXP0000979,6300,CC0019,Department 3,2026-09-15,Marketing,Marketing,3690.14
EXP0000980,6500,CC0004,Department 4,2025-10-25,Marketing,Marketing,13122.88
EXP0000981,6100,CC0009,Department 1,2025-01-20,SG&A,Administrative,7677.24
EXP0000982,6400,CC0018,Department 2,2026-06-18,SG&A,Administrative,7686.37
EXP0000983,6100,CC0017,Department 1,2026-05-28,SG&A,Administrative,15315.9
EXP0000984,6400,CC0015,Department 7,2026-03-09,Marketing,Marketing,24262.89
EXP0000985,6500,CC0017,Department 1,2026-02-05,Marketing,Marketing,18935.32
EXP0000986,6500,CC0006,Department 6,2025-11-21,SG&A,Administrative,15715.63
EXP0000987,6100,CC0010,Department 2,2025-05-21,Sales,Sales,7695.19
EXP0000988,6300,CC0006,Department 6,2026-08-21,SG&A,Administrative,4757.17
EXP0000989,6100,CC0001,Department 1,2025-03-03,Sales,Sales,10235.45
EXP0000990,6500,CC0017,Department 1,2026-07-14,Operations,Administrative,17224.41
EXP0000991,6300,CC0017,Department 1,2025-11-12,Operations,Administrative,14414.26
EXP0000992,6300,CC0003,Department 3,2026-06-09,Operations,Administrative,20049.53
EXP0000993,6100,CC0013,Department 5,2025-04-23,Sales,Sales,20831.53
EXP0000994,6300,CC0007,Department 7,2025-12-01,Sales,Sales,698.22
EXP0000995,6300,CC0013,Department 5,2025-01-29,SG&A,Administrative,24801.59
EXP0000996,6300,CC0006,Department 6,2026-01-01,Operations,Administrative,24522.9
EXP0000997,6100,CC0013,Department 5,2026-10-01,Operations,Administrative,4113.15
EXP0000998,6300,CC0001,Department 1,2026-03-04,Marketing,Marketing,11668.24
EXP0000999,6500,CC0008,Department 8,2026-08-26,Operations,Administrative,23966.29
EXP0001000,6100,CC0007,Department 7,2026-10-06,Sales,Sales,4700.4
EXP0001001,6300,CC0015,Department 7,2025-02-23,Marketing,Marketing,8893.02
EXP0001002,6100,CC0007,Department 7,2025-01-08,Operations,Administrative,2679.4
EXP0001003,6500,CC0006,Department 6,2025-12-02,Marketing,Marketing,9805.27
EXP0001004,6500,CC0015,Department 7,2026-11-18,Marketing,Marketing,11232.42
EXP0001005,6400,CC0007,Department 7,2025-11-01,SG&A,Administrative,18661.02
EXP0001006,6300,CC0005,Department 5,2026-12-31,SG&A,Administrative,1069.95
EXP0001007,6500,CC0013,Department 5,2026-01-09,Operations,Administrative,6885.52
EXP0001008,6400,CC0013,Department 5,2026-01-23,Marketing,Marketing,2642.23
EXP0001009,6100,CC0003,Department 3,2025-05-19,Sales,Sales,2772.17
EXP0001010,6200,CC0006,Department 6,2026-02-11,Sales,Sales,11180.88
EXP0001011,6500,CC0008,Department 8,2026-08-02,Operations,Administrative,9229.8
EXP0001012,6200,CC0008,Department 8,2026-03-26,Sales,Sales,6090.47
EXP0001013,6500,CC0012,Department 4,2026-01-16,Sales,Sales,15279.53
EXP0001014,6400,CC0006,Department 6,2025-02-12,Operations,Administrative,17724.95
EXP0001015,6200,CC0002,Department 2,2025-05-01,Marketing,Marketing,15983.38
EXP0001016,6400,CC0010,Department 2,2025-11-08,Marketing,Marketing,9303.92
EXP0001017,6200,CC0019,Department 3,2025-04-25,Sales,Sales,3978.12
EXP0001018,6400,CC0014,Department 6,2025-07-28,Sales,Sales,17096.31
EXP0001019,6200,CC0012,Department 4,2025-03-21,Sales,Sales,23134.03
EXP0001020,6500,CC0016,Department 8,2025-02-24,Sales,Sales,8522.5
EXP0001021,6200,CC0004,Department 4,2025-07-15,SG&A,Administrative,21974.88
EXP0001022,6400,CC0009,Department 1,2025-08-15,Operations,Administrative,1911.81
EXP0001023,6500,CC0003,Department 3,2025-07-19,Sales,Sales,21704.22
EXP0001024,6300,CC0018,Department 2,2026-07-19,Sales,Sales,12371.52
EXP0001025,6100,CC0015,Department 7,2026-11-06,Sales,Sales,23804.93
EXP0001026,6500,CC0020,Department 4,2026-04-10,Sales,Sales,15605.59
EXP0001027,6100,CC0020,Department 4,2025-01-08,SG&A,Administrative,2909.06
EXP0001028,6100,CC0018,Department 2,2025-04-16,Sales,Sales,9097.92
EXP0001029,6100,CC0018,Department 2,2025-12-10,Marketing,Marketing,13405.43
EXP0001030,6500,CC0004,Department 4,2025-01-12,Operations,Administrative,1822.48
EXP0001031,6400,CC0002,Department 2,2026-06-03,Operations,Administrative,14722.94
EXP0001032,6300,CC0018,Department 2,2025-02-13,Operations,Administrative,8462.81
EXP0001033,6200,CC0008,Department 8,2025-10-09,Operations,Administrative,11167.04
EXP0001034,6100,CC0018,Department 2,2025-09-03,SG&A,Administrative,14361.13
EXP0001035,6200,CC0002,Department 2,2026-03-06,Marketing,Marketing,13979.31
EXP0001036,6200,CC0004,Department 4,2026-03-16,SG&A,Administrative,3914.11
EXP0001037,6100,CC0015,Department 7,2025-10-06,Marketing,Marketing,11865.38
EXP0001038,6400,CC0006,Department 6,2026-12-14,Operations,Administrative,23452.06
EXP0001039,6100,CC0002,Department 2,2025-12-31,SG&A,Administrative,17627.94
EXP0001040,6300,CC0018,Department 2,2025-08-25,Marketing,Marketing,17688.31
EXP0001041,6200,CC0003,Department 3,2025-06-05,SG&A,Administrative,17984.71
EXP0001042,6500,CC0018,Department 2,2025-08-09,SG&A,Administrative,6274.09
EXP0001043,6300,CC0020,Department 4,2025-07-18,Marketing,Marketing,10842.3
EXP0001044,6200,CC0006,Department 6,2026-02-23,Sales,Sales,6380.03
EXP0001045,6400,CC0002,Department 2,2026-12-15,SG&A,Administrative,7030.73
EXP0001046,6300,CC0006,Department 6,2026-01-06,SG&A,Administrative,17298.92
EXP0001047,6200,CC0016,Department 8,2025-09-02,Marketing,Marketing,22143.85
EXP0001048,6100,CC0007,Department 7,2026-02-14,Operations,Administrative,11184.75
EXP0001049,6500,CC0006,Department 6,2026-06-14,SG&A,Administrative,17062.93
EXP0001050,6300,CC0012,Department 4,2026-02-22,SG&A,Administrative,3483.29
EXP0001051,6100,CC0010,Department 2,2026-10-12,Sales,Sales,14069.37
EXP0001052,6100,CC0010,Department 2,2026-05-25,Operations,Administrative,517.02
EXP0001053,6400,CC0005,Department 5,2026-04-01,Sales,Sales,13981.21
EXP0001054,6400,CC0018,Department 2,2026-02-28,Operations,Administrative,13662.44
EXP0001055,6500,CC0004,Department 4,2026-03-21,Sales,Sales,1310.63
EXP0001056,6500,CC0010,Department 2,2026-07-09,Marketing,Marketing,23018.36
EXP0001057,6200,CC0014,Department 6,2026-01-24,Sales,Sales,16139.62
EXP0001058,6100,CC0016,Department 8,2026-02-14,Marketing,Marketing,11201.82
EXP0001059,6400,CC0018,Department 2,2026-04-09,Marketing,Marketing,18940.22
EXP0001060,6100,CC0012,Department 4,2026-04-11,Marketing,Marketing,19853.67
EXP0001061,6200,CC0018,Department 2,2025-07-02,SG&A,Administrative,1925.13
EXP0001062,6100,CC0008,Department 8,2025-09-13,Operations,Administrative,11268.76
EXP0001063,6400,CC0006,Department 6,2026-05-15,Sales,Sales,24725.24
EXP0001064,6200,CC0005,Department 5,2025-06-12,Marketing,Marketing,8233.02
EXP0001065,6500,CC0010,Department 2,2026-01-20,Marketing,Marketing,10110.02
EXP0001066,6400,CC0007,Department 7,2026-11-18,Marketing,Marketing,10323.95
EXP0001067,6400,CC0004,Department 4,2026-09-08,Operations,Administrative,21747.91
EXP0001068,6100,CC0013,Department 5,2025-07-21,Marketing,Marketing,4610.84
EXP0001069,6500,CC0010,Department 2,2025-04-05,Sales,Sales,14051.02
EXP0001070,6400,CC0009,Department 1,2026-08-27,Operations,Administrative,17265.88
EXP0001071,6400,CC0009,Department 1,2026-07-02,Sales,Sales,2729.23
EXP0001072,6400,CC0013,Department 5,2026-05-25,Sales,Sales,14339.2
EXP0001073,6400,CC0010,Department 2,2026-06-07,Sales,Sales,7706.06
EXP0001074,6500,CC0018,Department 2,2025-09-13,SG&A,Administrative,19804.95
EXP0001075,6500,CC0017,Department 1,2026-09-07,SG&A,Administrative,2106.09
EXP0001076,6300,CC0011,Department 3,2025-02-23,Operations,Administrative,1545.46
EXP0001077,6400,CC0007,Department 7,2025-08-09,Sales,Sales,17068.17
EXP0001078,6500,CC0014,Department 6,2025-10-16,SG&A,Administrative,8865.66
EXP0001079,6100,CC0019,Department 3,2025-12-15,Sales,Sales,7528.25
EXP0001080,6200,CC0020,Department 4,2026-01-11,Operations,Administrative,24655.36
EXP0001081,6400,CC0006,Department 6,2026-07-29,SG&A,Administrative,24617.53
EXP0001082,6100,CC0011,Department 3,2026-09-28,Operations,Administrative,8160.41
EXP0001083,6400,CC0013,Department 5,2026-04-04,SG&A,Administrative,14814.07
EXP0001084,6500,CC0015,Department 7,2026-07-20,SG&A,Administrative,12463.01
EXP0001085,6100,CC0015,Department 7,2026-11-29,Marketing,Marketing,7667.59
EXP0001086,6400,CC0003,Department 3,2025-06-09,Sales,Sales,23236.12
EXP0001087,6100,CC0019,Department 3,2026-01-17,Operations,Administrative,8158.31
EXP0001088,6100,CC0001,Department 1,2026-12-09,Marketing,Marketing,9952.82
EXP0001089,6400,CC0011,Department 3,2025-03-06,Sales,Sales,22429.85
EXP0001090,6100,CC0001,Department 1,2025-07-04,Sales,Sales,21360.52
EXP0001091,6200,CC0020,Department 4,2025-01-28,Sales,Sales,9488.4
EXP0001092,6200,CC0014,Department 6,2025-07-27,Operations,Administrative,13977.16
EXP0001093,6300,CC0014,Department 6,2026-09-08,SG&A,Administrative,16142.97
EXP0001094,6400,CC0013,Department 5,2025-06-07,Sales,Sales,17087.36
EXP0001095,6500,CC0012,Department 4,2025-10-16,SG&A,Administrative,20972.88
EXP0001096,6400,CC0002,Department 2,2025-04-22,SG&A,Administrative,1300.67
EXP0001097,6100,CC0016,Department 8,2026-06-29,Marketing,Marketing,23467.53
EXP0001098,6200,CC0016,Department 8,2026-03-07,Sales,Sales,16593.11
EXP0001099,6100,CC0019,Department 3,2026-08-31,Operations,Administrative,9946.73
EXP0001100,6400,CC0012,Department 4,2025-05-23,Sales,Sales,17310.97
EXP0001101,6100,CC0012,Department 4,2025-01-22,Operations,Administrative,4425.61
EXP0001102,6300,CC0015,Department 7,2026-11-05,Marketing,Marketing,13630.31
EXP0001103,6200,CC0018,Department 2,2026-05-03,SG&A,Administrative,3477.96
EXP0001104,6300,CC0006,Department 6,2026-06-11,Operations,Administrative,6310.75
EXP0001105,6100,CC0005,Department 5,2026-10-30,SG&A,Administrative,9316.46
EXP0001106,6500,CC0015,Department 7,2025-11-07,SG&A,Administrative,23869.92
EXP0001107,6100,CC0019,Department 3,2025-11-03,Marketing,Marketing,8232.94
EXP0001108,6500,CC0009,Department 1,2025-10-05,Marketing,Marketing,1703.88
EXP0001109,6500,CC0007,Department 7,2025-02-15,SG&A,Administrative,9879.51
EXP0001110,6500,CC0011,Department 3,2026-11-25,Operations,Administrative,11641.68
EXP0001111,6100,CC0016,Department 8,2025-02-24,Sales,Sales,18970.54
EXP0001112,6500,CC0016,Department 8,2025-09-17,Marketing,Marketing,14431.18
EXP0001113,6300,CC0007,Department 7,2025-06-01,SG&A,Administrative,24322.37
EXP0001114,6500,CC0020,Department 4,2026-03-08,Operations,Administrative,3714.54
EXP0001115,6100,CC0006,Department 6,2026-05-11,Marketing,Marketing,15796.39
EXP0001116,6400,CC0016,Department 8,2025-09-13,Marketing,Marketing,23448.74
EXP0001117,6500,CC0016,Department 8,2025-08-04,Sales,Sales,8137.76
EXP0001118,6500,CC0014,Department 6,2026-05-10,Sales,Sales,7739.37
EXP0001119,6100,CC0019,Department 3,2026-09-01,SG&A,Administrative,17776.33
EXP0001120,6500,CC0019,Department 3,2026-05-05,Sales,Sales,14805.81
EXP0001121,6500,CC0015,Department 7,2025-12-20,Operations,Administrative,3959.03
EXP0001122,6300,CC0002,Department 2,2026-12-31,Sales,Sales,4830.91
EXP0001123,6300,CC0003,Department 3,2026-01-25,Operations,Administrative,1482.34
EXP0001124,6500,CC0008,Department 8,2025-11-02,Sales,Sales,7321.23
EXP0001125,6400,CC0014,Department 6,2025-04-24,SG&A,Administrative,20171.33
EXP0001126,6200,CC0003,Department 3,2026-02-22,Marketing,Marketing,1464.06
EXP0001127,6500,CC0009,Department 1,2026-06-07,Marketing,Marketing,21139.95
EXP0001128,6100,CC0003,Department 3,2025-08-05,Marketing,Marketing,3275.59
EXP0001129,6400,CC0016,Department 8,2025-05-31,Sales,Sales,8458.4
EXP0001130,6300,CC0006,Department 6,2026-02-23,Marketing,Marketing,7968.72
EXP0001131,6300,CC0017,Department 1,2025-08-17,SG&A,Administrative,22149.64
EXP0001132,6100,CC0006,Department 6,2025-05-24,Marketing,Marketing,21812.88
EXP0001133,6500,CC0004,Department 4,2025-04-09,Operations,Administrative,9621.75
EXP0001134,6300,CC0012,Department 4,2025-04-09,Sales,Sales,20731.22
EXP0001135,6500,CC0018,Department 2,2026-01-01,Sales,Sales,16288.98
EXP0001136,6400,CC0005,Department 5,2025-10-24,Operations,Administrative,14040.8
EXP0001137,6100,CC0002,Department 2,2026-12-06,SG&A,Administrative,8538.53
EXP0001138,6300,CC0013,Department 5,2025-08-31,SG&A,Administrative,5355.5
EXP0001139,6300,CC0015,Department 7,2025-01-19,SG&A,Administrative,5461.71
EXP0001140,6300,CC0019,Department 3,2025-06-12,SG&A,Administrative,20316.07
EXP0001141,6500,CC0013,Department 5,2025-07-27,Sales,Sales,8381.29
EXP0001142,6100,CC0003,Department 3,2025-04-02,SG&A,Administrative,12394.36
EXP0001143,6100,CC0020,Department 4,2026-12-26,Marketing,Marketing,11518.51
EXP0001144,6400,CC0002,Department 2,2025-12-26,Operations,Administrative,22586.51
EXP0001145,6300,CC0005,Department 5,2026-09-29,Operations,Administrative,4846.92
EXP0001146,6400,CC0007,Department 7,2026-10-19,Sales,Sales,9169.66
EXP0001147,6400,CC0007,Department 7,2025-06-06,Sales,Sales,790.63
EXP0001148,6300,CC0005,Department 5,2026-06-10,Sales,Sales,4676.97
EXP0001149,6200,CC0019,Department 3,2026-02-04,Marketing,Marketing,12550.5
EXP0001150,6400,CC0009,Department 1,2026-05-26,Marketing,Marketing,14682.28
EXP0001151,6200,CC0016,Department 8,2025-02-20,Operations,Administrative,19475.89
EXP0001152,6500,CC0015,Department 7,2026-10-01,SG&A,Administrative,12170.57
EXP0001153,6500,CC0007,Department 7,2026-11-03,Marketing,Marketing,15871.45
EXP0001154,6300,CC0013,Department 5,2026-09-14,Operations,Administrative,1561.31
EXP0001155,6300,CC0018,Department 2,2025-08-23,Operations,Administrative,22833.78
EXP0001156,6200,CC0018,Department 2,2026-09-14,SG&A,Administrative,21074.02
EXP0001157,6300,CC0010,Department 2,2026-02-12,Operations,Administrative,22819.4
EXP0001158,6300,CC0005,Department 5,2026-06-17,Operations,Administrative,22699.7
EXP0001159,6500,CC0008,Department 8,2026-09-19,Operations,Administrative,13925.36
EXP0001160,6200,CC0002,Department 2,2025-03-10,SG&A,Administrative,22469.93
EXP0001161,6500,CC0011,Department 3,2026-02-12,Marketing,Marketing,14735.02
EXP0001162,6500,CC0015,Department 7,2026-12-10,Operations,Administrative,15238.51
EXP0001163,6400,CC0015,Department 7,2025-04-02,Sales,Sales,12955.32
EXP0001164,6200,CC0019,Department 3,2026-07-02,Operations,Administrative,24414.41
EXP0001165,6300,CC0015,Department 7,2026-04-19,Sales,Sales,23443.64
EXP0001166,6100,CC0011,Department 3,2026-01-13,Sales,Sales,24803.03
EXP0001167,6300,CC0018,Department 2,2026-10-11,Marketing,Marketing,23146.18
EXP0001168,6400,CC0009,Department 1,2025-01-03,Marketing,Marketing,20033.32
EXP0001169,6300,CC0018,Department 2,2026-09-05,Sales,Sales,7112.33
EXP0001170,6500,CC0009,Department 1,2026-05-10,Marketing,Marketing,18135.14
EXP0001171,6400,CC0016,Department 8,2025-01-07,Marketing,Marketing,13089.17
EXP0001172,6100,CC0017,Department 1,2025-05-08,Marketing,Marketing,2574.6
EXP0001173,6200,CC0018,Department 2,2025-11-21,Sales,Sales,20449.65
EXP0001174,6500,CC0020,Department 4,2026-10-12,Marketing,Marketing,9293.52
EXP0001175,6100,CC0018,Department 2,2026-01-31,Sales,Sales,20538.87
EXP0001176,6300,CC0020,Department 4,2025-12-20,Marketing,Marketing,22492.95
EXP0001177,6100,CC0007,Department 7,2025-03-03,SG&A,Administrative,22701.88
EXP0001178,6100,CC0002,Department 2,2025-09-01,SG&A,Administrative,19280.92
EXP0001179,6200,CC0015,Department 7,2025-10-07,SG&A,Administrative,10880.54
EXP0001180,6100,CC0002,Department 2,2025-01-10,SG&A,Administrative,5644.46
EXP0001181,6400,CC0005,Department 5,2026-06-24,SG&A,Administrative,16716.52
EXP0001182,6300,CC0005,Department 5,2026-09-01,Sales,Sales,18836.32
EXP0001183,6200,CC0009,Department 1,2026-01-27,Marketing,Marketing,10185.74
EXP0001184,6100,CC0020,Department 4,2026-02-01,Sales,Sales,12497.93
EXP0001185,6200,CC0008,Department 8,2026-07-13,Operations,Administrative,15767.52
EXP0001186,6300,CC0017,Department 1,2026-02-14,Marketing,Marketing,8429.84
EXP0001187,6400,CC0012,Department 4,2025-11-18,Sales,Sales,377.39
EXP0001188,6500,CC0002,Department 2,2026-10-10,Operations,Administrative,1418.76
EXP0001189,6100,CC0010,Department 2,2025-01-05,Operations,Administrative,23525.62
EXP0001190,6500,CC0019,Department 3,2026-06-20,Operations,Administrative,293.65
EXP0001191,6200,CC0003,Department 3,2026-05-18,Operations,Administrative,2108.38
EXP0001192,6200,CC0011,Department 3,2026-05-29,Operations,Administrative,2148.97
EXP0001193,6200,CC0011,Department 3,2026-11-20,SG&A,Administrative,18558.81
EXP0001194,6200,CC0004,Department 4,2026-01-15,Marketing,Marketing,24458.38
EXP0001195,6200,CC0006,Department 6,2026-11-28,Sales,Sales,18999.24
EXP0001196,6200,CC0005,Department 5,2025-02-05,SG&A,Administrative,17095.62
EXP0001197,6500,CC0010,Department 2,2026-09-13,Marketing,Marketing,2031.44
EXP0001198,6100,CC0020,Department 4,2025-02-23,SG&A,Administrative,23623.24
EXP0001199,6100,CC0005,Department 5,2026-06-09,Sales,Sales,19494.26
EXP0001200,6300,CC0016,Department 8,2025-05-24,Marketing,Marketing,24690.4
EXP0001201,6400,CC0009,Department 1,2026-02-07,Operations,Administrative,15803.15
EXP0001202,6200,CC0019,Department 3,2026-10-27,Sales,Sales,19127.81
EXP0001203,6500,CC0018,Department 2,2026-08-26,SG&A,Administrative,22577.83
EXP0001204,6300,CC0006,Department 6,2026-02-18,SG&A,Administrative,6630.32
EXP0001205,6500,CC0008,Department 8,2026-07-10,Marketing,Marketing,2062.89
EXP0001206,6300,CC0014,Department 6,2026-09-16,SG&A,Administrative,14479.81
EXP0001207,6400,CC0003,Department 3,2026-09-03,SG&A,Administrative,24861.71
EXP0001208,6100,CC0001,Department 1,2026-10-28,SG&A,Administrative,23925.1
EXP0001209,6500,CC0012,Department 4,2026-09-12,SG&A,Administrative,18070.8
EXP0001210,6300,CC0015,Department 7,2025-01-09,Operations,Administrative,18740.75
EXP0001211,6400,CC0008,Department 8,2026-10-07,Sales,Sales,15722.88
EXP0001212,6400,CC0017,Department 1,2025-05-26,SG&A,Administrative,16900.87
EXP0001213,6300,CC0007,Department 7,2026-07-24,SG&A,Administrative,9129.47
EXP0001214,6300,CC0001,Department 1,2025-12-28,Operations,Administrative,16060.57
EXP0001215,6300,CC0006,Department 6,2025-01-17,Marketing,Marketing,6766.18
EXP0001216,6500,CC0010,Department 2,2025-06-08,Sales,Sales,20631.11
EXP0001217,6200,CC0005,Department 5,2026-12-23,Sales,Sales,23410.59
EXP0001218,6200,CC0019,Department 3,2025-07-10,Sales,Sales,17386.09
EXP0001219,6200,CC0019,Department 3,2025-01-12,Sales,Sales,16607.63
EXP0001220,6200,CC0012,Department 4,2026-06-29,Sales,Sales,4464.5
EXP0001221,6200,CC0020,Department 4,2026-08-08,SG&A,Administrative,18056.09
EXP0001222,6400,CC0016,Department 8,2026-07-23,SG&A,Administrative,12391.65
EXP0001223,6100,CC0005,Department 5,2025-10-09,Sales,Sales,22963.34
EXP0001224,6200,CC0009,Department 1,2026-02-13,Marketing,Marketing,4644.41
EXP0001225,6300,CC0015,Department 7,2026-06-16,Sales,Sales,19925.61
EXP0001226,6100,CC0008,Department 8,2025-01-26,Sales,Sales,10962.52
EXP0001227,6300,CC0019,Department 3,2026-07-22,Operations,Administrative,13269.37
EXP0001228,6400,CC0011,Department 3,2025-06-04,Sales,Sales,24006.56
EXP0001229,6300,CC0009,Department 1,2026-09-02,Marketing,Marketing,14159.98
EXP0001230,6300,CC0017,Department 1,2026-04-26,Operations,Administrative,24504.89
EXP0001231,6500,CC0002,Department 2,2026-12-20,Operations,Administrative,10680.59
EXP0001232,6100,CC0014,Department 6,2026-09-21,SG&A,Administrative,20695.82
EXP0001233,6200,CC0014,Department 6,2025-10-29,Sales,Sales,18004.62
EXP0001234,6300,CC0015,Department 7,2025-01-10,SG&A,Administrative,1809.02
EXP0001235,6300,CC0012,Department 4,2025-03-09,SG&A,Administrative,19543.94
EXP0001236,6300,CC0004,Department 4,2026-03-28,Operations,Administrative,11786.16
EXP0001237,6200,CC0017,Department 1,2026-01-22,SG&A,Administrative,5996.89
EXP0001238,6400,CC0012,Department 4,2026-10-22,Operations,Administrative,9612.99
EXP0001239,6500,CC0013,Department 5,2026-09-20,SG&A,Administrative,2199.93
EXP0001240,6200,CC0020,Department 4,2026-03-18,Marketing,Marketing,5891.6
EXP0001241,6400,CC0006,Department 6,2026-01-18,Marketing,Marketing,13145.37
EXP0001242,6100,CC0007,Department 7,2025-02-07,Operations,Administrative,3065.65
EXP0001243,6400,CC0007,Department 7,2026-11-17,SG&A,Administrative,18731.06
EXP0001244,6500,CC0018,Department 2,2026-09-14,Operations,Administrative,1340.21
EXP0001245,6200,CC0008,Department 8,2025-09-12,Marketing,Marketing,2534.52
EXP0001246,6500,CC0010,Department 2,2026-08-09,Sales,Sales,10083.32
EXP0001247,6100,CC0019,Department 3,2025-03-21,Operations,Administrative,8097.77
EXP0001248,6400,CC0001,Department 1,2025-08-09,SG&A,Administrative,19830.7
EXP0001249,6100,CC0010,Department 2,2026-03-05,SG&A,Administrative,981.1
EXP0001250,6200,CC0020,Department 4,2025-12-22,Operations,Administrative,6733.86
EXP0001251,6200,CC0003,Department 3,2025-03-31,SG&A,Administrative,23682.56
EXP0001252,6200,CC0016,Department 8,2025-08-26,SG&A,Administrative,20401.26
EXP0001253,6100,CC0003,Department 3,2025-03-05,Sales,Sales,19662.68
EXP0001254,6300,CC0013,Department 5,2026-07-01,SG&A,Administrative,18402.38
EXP0001255,6100,CC0014,Department 6,2026-08-21,SG&A,Administrative,11151.16
EXP0001256,6200,CC0013,Department 5,2025-09-27,Marketing,Marketing,10092.49
EXP0001257,6200,CC0007,Department 7,2025-04-18,Sales,Sales,6594.6
EXP0001258,6300,CC0018,Department 2,2025-05-27,Marketing,Marketing,17948.9
EXP0001259,6100,CC0006,Department 6,2026-08-11,Sales,Sales,24238.24
EXP0001260,6100,CC0012,Department 4,2025-09-04,Sales,Sales,1115.96
EXP0001261,6500,CC0006,Department 6,2025-11-16,SG&A,Administrative,12064.74
EXP0001262,6400,CC0006,Department 6,2026-02-09,SG&A,Administrative,10316.77
EXP0001263,6200,CC0012,Department 4,2026-12-09,Sales,Sales,3146.2
EXP0001264,6500,CC0004,Department 4,2025-08-17,SG&A,Administrative,10295.28
EXP0001265,6300,CC0008,Department 8,2026-03-28,Operations,Administrative,1632.14
EXP0001266,6200,CC0003,Department 3,2026-09-15,Sales,Sales,23788.61
EXP0001267,6200,CC0017,Department 1,2026-01-02,Marketing,Marketing,999.51
EXP0001268,6100,CC0007,Department 7,2025-08-28,SG&A,Administrative,9744.65
EXP0001269,6300,CC0006,Department 6,2025-08-26,SG&A,Administrative,821.51
EXP0001270,6400,CC0009,Department 1,2026-03-27,Marketing,Marketing,12273.79
EXP0001271,6200,CC0010,Department 2,2025-12-20,Operations,Administrative,18363.77
EXP0001272,6200,CC0010,Department 2,2026-03-11,Sales,Sales,18142.35
EXP0001273,6500,CC0016,Department 8,2026-10-31,Sales,Sales,14995.44
EXP0001274,6100,CC0017,Department 1,2025-09-06,Sales,Sales,15575.96
EXP0001275,6200,CC0004,Department 4,2026-04-06,Operations,Administrative,11708.18
EXP0001276,6400,CC0014,Department 6,2026-02-20,SG&A,Administrative,4206.3
EXP0001277,6400,CC0020,Department 4,2025-07-29,Operations,Administrative,4063.03
EXP0001278,6300,CC0011,Department 3,2026-04-06,Sales,Sales,21963.2
EXP0001279,6400,CC0012,Department 4,2025-08-04,Operations,Administrative,22575.78
EXP0001280,6300,CC0017,Department 1,2026-02-24,SG&A,Administrative,12800.19
EXP0001281,6100,CC0019,Department 3,2025-09-18,SG&A,Administrative,14017.68
EXP0001282,6500,CC0003,Department 3,2025-10-28,Operations,Administrative,11534.02
EXP0001283,6300,CC0013,Department 5,2026-07-11,Sales,Sales,9596.67
EXP0001284,6200,CC0017,Department 1,2026-09-13,SG&A,Administrative,7194.33
EXP0001285,6400,CC0007,Department 7,2026-12-31,SG&A,Administrative,21861.74
EXP0001286,6200,CC0012,Department 4,2025-11-28,SG&A,Administrative,22314.61
EXP0001287,6500,CC0004,Department 4,2025-01-01,Marketing,Marketing,19378.0
EXP0001288,6400,CC0017,Department 1,2025-07-07,Sales,Sales,4851.46
EXP0001289,6400,CC0020,Department 4,2026-04-30,Marketing,Marketing,18885.85
EXP0001290,6100,CC0016,Department 8,2026-06-27,SG&A,Administrative,14675.09
EXP0001291,6200,CC0014,Department 6,2025-06-17,Marketing,Marketing,2445.68
EXP0001292,6200,CC0005,Department 5,2025-04-16,SG&A,Administrative,22730.76
EXP0001293,6300,CC0008,Department 8,2025-10-05,SG&A,Administrative,22057.72
EXP0001294,6100,CC0009,Department 1,2026-10-10,Sales,Sales,21110.3
EXP0001295,6100,CC0005,Department 5,2025-04-01,SG&A,Administrative,24004.61
EXP0001296,6400,CC0011,Department 3,2026-08-24,Operations,Administrative,22991.94
EXP0001297,6400,CC0015,Department 7,2026-08-11,Sales,Sales,2517.6
EXP0001298,6300,CC0007,Department 7,2026-09-18,Marketing,Marketing,6055.47
EXP0001299,6400,CC0003,Department 3,2026-08-20,Marketing,Marketing,22927.68
EXP0001300,6500,CC0007,Department 7,2025-08-08,Sales,Sales,12217.34
EXP0001301,6500,CC0012,Department 4,2026-05-03,Operations,Administrative,15055.55
EXP0001302,6400,CC0016,Department 8,2026-12-01,Operations,Administrative,2611.7
EXP0001303,6100,CC0015,Department 7,2026-03-06,Sales,Sales,23426.14
EXP0001304,6300,CC0009,Department 1,2026-12-11,Marketing,Marketing,18249.99
EXP0001305,6500,CC0004,Department 4,2025-01-08,SG&A,Administrative,10287.38
EXP0001306,6100,CC0002,Department 2,2025-01-20,Sales,Sales,12834.59
EXP0001307,6400,CC0003,Department 3,2026-10-10,Marketing,Marketing,10217.5
EXP0001308,6400,CC0005,Department 5,2025-02-06,Operations,Administrative,20718.78
EXP0001309,6100,CC0003,Department 3,2025-01-08,Marketing,Marketing,2086.44
EXP0001310,6100,CC0015,Department 7,2025-10-07,Sales,Sales,16866.59
EXP0001311,6300,CC0017,Department 1,2026-10-24,Marketing,Marketing,11208.38
EXP0001312,6100,CC0008,Department 8,2025-03-14,SG&A,Administrative,2045.22
EXP0001313,6100,CC0001,Department 1,2026-02-20,SG&A,Administrative,5836.89
EXP0001314,6200,CC0017,Department 1,2025-12-08,Operations,Administrative,12102.94
EXP0001315,6300,CC0013,Department 5,2025-04-28,Marketing,Marketing,8240.7
EXP0001316,6100,CC0012,Department 4,2025-04-29,Sales,Sales,5613.13
EXP0001317,6400,CC0005,Department 5,2025-06-16,Marketing,Marketing,10857.02
EXP0001318,6100,CC0011,Department 3,2025-02-13,SG&A,Administrative,12000.42
EXP0001319,6400,CC0002,Department 2,2026-10-04,Sales,Sales,14257.39
EXP0001320,6300,CC0010,Department 2,2026-09-06,SG&A,Administrative,8197.02
EXP0001321,6400,CC0018,Department 2,2026-07-19,Sales,Sales,3030.56
EXP0001322,6200,CC0007,Department 7,2025-12-29,SG&A,Administrative,409.06
EXP0001323,6300,CC0009,Department 1,2025-12-19,SG&A,Administrative,12750.87
EXP0001324,6400,CC0018,Department 2,2025-11-13,Marketing,Marketing,8298.17
EXP0001325,6500,CC0017,Department 1,2026-01-14,Operations,Administrative,12109.07
EXP0001326,6100,CC0009,Department 1,2025-09-29,Marketing,Marketing,3814.75
EXP0001327,6100,CC0017,Department 1,2026-09-23,SG&A,Administrative,11525.24
EXP0001328,6100,CC0010,Department 2,2025-12-07,Operations,Administrative,15687.19
EXP0001329,6100,CC0011,Department 3,2025-03-07,Marketing,Marketing,9382.81
EXP0001330,6300,CC0002,Department 2,2025-10-02,Marketing,Marketing,8799.7
EXP0001331,6300,CC0015,Department 7,2026-03-12,Marketing,Marketing,7703.92
EXP0001332,6100,CC0008,Department 8,2026-12-27,Marketing,Marketing,7152.0
EXP0001333,6400,CC0014,Department 6,2025-02-06,Operations,Administrative,14091.87
EXP0001334,6200,CC0003,Department 3,2026-07-29,Sales,Sales,23865.2
EXP0001335,6400,CC0008,Department 8,2026-09-23,Sales,Sales,18377.14
EXP0001336,6300,CC0009,Department 1,2026-03-29,Operations,Administrative,133.24
EXP0001337,6400,CC0010,Department 2,2026-05-27,Operations,Administrative,6660.47
EXP0001338,6200,CC0009,Department 1,2026-10-30,Sales,Sales,2116.13
EXP0001339,6500,CC0017,Department 1,2026-03-04,Operations,Administrative,3218.15
EXP0001340,6500,CC0014,Department 6,2025-07-02,Operations,Administrative,6851.38
EXP0001341,6400,CC0005,Department 5,2026-10-11,Marketing,Marketing,16576.42
EXP0001342,6400,CC0002,Department 2,2025-11-17,SG&A,Administrative,17649.83
EXP0001343,6400,CC0003,Department 3,2026-03-26,Sales,Sales,24509.78
EXP0001344,6500,CC0008,Department 8,2025-06-10,Marketing,Marketing,4885.5
EXP0001345,6300,CC0004,Department 4,2025-07-22,SG&A,Administrative,4616.09
EXP0001346,6200,CC0002,Department 2,2025-05-15,Operations,Administrative,17204.44
EXP0001347,6200,CC0001,Department 1,2025-07-27,Operations,Administrative,12127.35
EXP0001348,6500,CC0011,Department 3,2026-02-04,Marketing,Marketing,8688.23
EXP0001349,6500,CC0005,Department 5,2025-10-29,Marketing,Marketing,5603.11
EXP0001350,6300,CC0014,Department 6,2026-04-16,Sales,Sales,19994.19
EXP0001351,6400,CC0002,Department 2,2026-06-16,Marketing,Marketing,16960.79
EXP0001352,6500,CC0001,Department 1,2026-05-11,Sales,Sales,21145.89
EXP0001353,6200,CC0017,Department 1,2025-04-19,Operations,Administrative,1952.23
EXP0001354,6100,CC0004,Department 4,2026-03-24,SG&A,Administrative,17797.21
EXP0001355,6200,CC0005,Department 5,2025-10-22,SG&A,Administrative,10716.23
EXP0001356,6500,CC0007,Department 7,2026-03-06,SG&A,Administrative,3588.97
EXP0001357,6400,CC0017,Department 1,2025-04-24,Sales,Sales,17878.76
EXP0001358,6300,CC0017,Department 1,2025-10-11,Operations,Administrative,17962.84
EXP0001359,6100,CC0006,Department 6,2026-06-19,SG&A,Administrative,16459.44
EXP0001360,6500,CC0019,Department 3,2025-08-04,SG&A,Administrative,15120.26
EXP0001361,6200,CC0008,Department 8,2026-06-09,Operations,Administrative,9135.48
EXP0001362,6200,CC0006,Department 6,2025-08-25,SG&A,Administrative,6083.23
EXP0001363,6200,CC0011,Department 3,2026-06-14,Operations,Administrative,10096.63
EXP0001364,6500,CC0012,Department 4,2025-01-20,Marketing,Marketing,8244.82
EXP0001365,6500,CC0001,Department 1,2025-10-15,Sales,Sales,9573.92
EXP0001366,6100,CC0002,Department 2,2025-04-19,SG&A,Administrative,10189.7
EXP0001367,6100,CC0007,Department 7,2025-06-01,SG&A,Administrative,1270.08
EXP0001368,6500,CC0006,Department 6,2025-04-17,Marketing,Marketing,9726.53
EXP0001369,6200,CC0002,Department 2,2026-05-18,Marketing,Marketing,2889.11
EXP0001370,6100,CC0012,Department 4,2026-03-06,Operations,Administrative,23922.64
EXP0001371,6200,CC0005,Department 5,2025-02-14,Operations,Administrative,2879.98
EXP0001372,6500,CC0002,Department 2,2025-06-08,Sales,Sales,14840.34
EXP0001373,6300,CC0017,Department 1,2026-07-13,Marketing,Marketing,17207.52
EXP0001374,6100,CC0004,Department 4,2026-05-23,SG&A,Administrative,8064.11
EXP0001375,6200,CC0005,Department 5,2025-07-21,SG&A,Administrative,13480.92
EXP0001376,6200,CC0010,Department 2,2025-04-03,Sales,Sales,11532.66
EXP0001377,6500,CC0013,Department 5,2026-01-01,Sales,Sales,20332.69
EXP0001378,6300,CC0012,Department 4,2025-09-12,Marketing,Marketing,4170.94
EXP0001379,6300,CC0009,Department 1,2026-12-13,Operations,Administrative,14305.72
EXP0001380,6300,CC0016,Department 8,2026-02-03,Marketing,Marketing,20583.32
EXP0001381,6100,CC0006,Department 6,2026-09-01,Operations,Administrative,13073.92
EXP0001382,6500,CC0015,Department 7,2025-12-02,Marketing,Marketing,14063.43
EXP0001383,6400,CC0006,Department 6,2026-06-14,SG&A,Administrative,1068.86
EXP0001384,6300,CC0014,Department 6,2025-05-16,Sales,Sales,13610.69
EXP0001385,6200,CC0005,Department 5,2025-06-03,Sales,Sales,2083.61
EXP0001386,6500,CC0015,Department 7,2025-05-15,SG&A,Administrative,5803.62
EXP0001387,6400,CC0018,Department 2,2026-06-13,Sales,Sales,2267.67
EXP0001388,6200,CC0001,Department 1,2026-06-18,Operations,Administrative,22061.63
EXP0001389,6500,CC0014,Department 6,2026-11-02,Sales,Sales,2047.69
EXP0001390,6400,CC0010,Department 2,2025-01-13,Operations,Administrative,15649.12
EXP0001391,6100,CC0009,Department 1,2025-05-20,Sales,Sales,21256.28
EXP0001392,6500,CC0011,Department 3,2026-01-25,Marketing,Marketing,11251.21
EXP0001393,6200,CC0011,Department 3,2026-01-16,Marketing,Marketing,13900.24
EXP0001394,6200,CC0004,Department 4,2026-08-17,Operations,Administrative,2908.47
EXP0001395,6100,CC0020,Department 4,2026-06-08,Sales,Sales,8542.59
EXP0001396,6400,CC0007,Department 7,2026-07-23,Sales,Sales,14349.07
EXP0001397,6500,CC0015,Department 7,2025-12-24,Marketing,Marketing,7383.77
EXP0001398,6500,CC0007,Department 7,2026-01-30,Sales,Sales,20453.61
EXP0001399,6100,CC0016,Department 8,2026-03-17,Operations,Administrative,3131.12
EXP0001400,6400,CC0007,Department 7,2025-04-15,Operations,Administrative,19013.25
EXP0001401,6300,CC0004,Department 4,2025-12-04,Operations,Administrative,18417.48
EXP0001402,6100,CC0001,Department 1,2025-10-06,Operations,Administrative,22709.4
EXP0001403,6500,CC0018,Department 2,2026-04-03,Marketing,Marketing,16006.47
EXP0001404,6400,CC0002,Department 2,2025-05-05,SG&A,Administrative,11753.05
EXP0001405,6300,CC0013,Department 5,2025-10-08,Sales,Sales,904.63
EXP0001406,6100,CC0014,Department 6,2025-02-15,Marketing,Marketing,23373.95
EXP0001407,6200,CC0003,Department 3,2026-06-21,Operations,Administrative,3887.22
EXP0001408,6300,CC0018,Department 2,2025-12-08,Operations,Administrative,22114.14
EXP0001409,6300,CC0002,Department 2,2026-10-18,SG&A,Administrative,19397.94
EXP0001410,6300,CC0008,Department 8,2026-06-10,SG&A,Administrative,16832.15
EXP0001411,6100,CC0009,Department 1,2026-03-06,Sales,Sales,23692.89
EXP0001412,6100,CC0007,Department 7,2025-06-05,Sales,Sales,21321.33
EXP0001413,6100,CC0007,Department 7,2025-01-27,Operations,Administrative,17580.57
EXP0001414,6300,CC0002,Department 2,2026-07-22,Sales,Sales,18671.96
EXP0001415,6500,CC0006,Department 6,2025-08-27,Sales,Sales,15020.9
EXP0001416,6200,CC0007,Department 7,2026-04-28,Operations,Administrative,12575.23
EXP0001417,6100,CC0011,Department 3,2026-10-10,Operations,Administrative,12929.95
EXP0001418,6400,CC0016,Department 8,2026-10-06,Marketing,Marketing,8559.87
EXP0001419,6400,CC0016,Department 8,2026-03-28,Sales,Sales,18687.4
EXP0001420,6100,CC0003,Department 3,2026-11-13,SG&A,Administrative,14020.02
EXP0001421,6100,CC0007,Department 7,2026-10-02,SG&A,Administrative,10608.11
EXP0001422,6300,CC0008,Department 8,2025-12-30,Operations,Administrative,2673.37
EXP0001423,6200,CC0013,Department 5,2025-01-21,SG&A,Administrative,7929.43
EXP0001424,6500,CC0001,Department 1,2025-01-13,Sales,Sales,16093.6
EXP0001425,6300,CC0002,Department 2,2025-09-04,Sales,Sales,24532.07
EXP0001426,6300,CC0019,Department 3,2025-03-11,Sales,Sales,155.36
EXP0001427,6500,CC0015,Department 7,2026-04-18,Sales,Sales,9009.78
EXP0001428,6300,CC0007,Department 7,2025-11-20,Sales,Sales,15302.59
EXP0001429,6100,CC0005,Department 5,2025-11-18,Marketing,Marketing,7972.09
EXP0001430,6200,CC0017,Department 1,2026-12-23,SG&A,Administrative,8175.23
EXP0001431,6300,CC0004,Department 4,2025-07-04,Operations,Administrative,250.51
EXP0001432,6500,CC0018,Department 2,2026-09-04,Marketing,Marketing,16456.11
EXP0001433,6500,CC0015,Department 7,2025-12-26,Sales,Sales,24717.53
EXP0001434,6500,CC0018,Department 2,2026-10-06,Operations,Administrative,21088.45
EXP0001435,6400,CC0013,Department 5,2026-11-28,Operations,Administrative,19269.46
EXP0001436,6400,CC0007,Department 7,2025-01-31,Operations,Administrative,4913.49
EXP0001437,6200,CC0016,Department 8,2025-11-18,SG&A,Administrative,11953.93
EXP0001438,6400,CC0018,Department 2,2026-03-26,Marketing,Marketing,4151.02
EXP0001439,6500,CC0004,Department 4,2026-07-17,Sales,Sales,1841.77
EXP0001440,6300,CC0015,Department 7,2025-09-21,Sales,Sales,20801.39
EXP0001441,6100,CC0010,Department 2,2026-07-27,SG&A,Administrative,10527.71
EXP0001442,6300,CC0004,Department 4,2026-05-11,Marketing,Marketing,17547.62
EXP0001443,6200,CC0016,Department 8,2025-10-26,Marketing,Marketing,20166.96
EXP0001444,6300,CC0019,Department 3,2026-09-09,SG&A,Administrative,4977.61
EXP0001445,6100,CC0012,Department 4,2025-01-02,Operations,Administrative,23692.63
EXP0001446,6200,CC0016,Department 8,2025-04-21,SG&A,Administrative,15992.21
EXP0001447,6300,CC0005,Department 5,2026-10-22,Marketing,Marketing,15210.29
EXP0001448,6100,CC0012,Department 4,2025-02-11,Operations,Administrative,13754.76
EXP0001449,6500,CC0008,Department 8,2025-01-19,Marketing,Marketing,23504.0
EXP0001450,6500,CC0006,Department 6,2026-07-16,SG&A,Administrative,15390.15
EXP0001451,6200,CC0020,Department 4,2026-09-11,Marketing,Marketing,13643.27
EXP0001452,6400,CC0009,Department 1,2025-02-13,SG&A,Administrative,12847.15
EXP0001453,6100,CC0005,Department 5,2026-03-01,Marketing,Marketing,17012.46
EXP0001454,6500,CC0006,Department 6,2025-09-22,SG&A,Administrative,19859.3
EXP0001455,6200,CC0002,Department 2,2026-10-16,SG&A,Administrative,3270.21
EXP0001456,6400,CC0012,Department 4,2026-08-25,SG&A,Administrative,5672.28
EXP0001457,6300,CC0009,Department 1,2025-12-11,Marketing,Marketing,4638.91
EXP0001458,6300,CC0004,Department 4,2025-01-20,Sales,Sales,13576.04
EXP0001459,6500,CC0020,Department 4,2025-04-22,SG&A,Administrative,13337.98
EXP0001460,6100,CC0004,Department 4,2025-02-14,Marketing,Marketing,18713.81
EXP0001461,6100,CC0012,Department 4,2025-06-02,Operations,Administrative,5119.87
EXP0001462,6300,CC0009,Department 1,2025-03-13,Sales,Sales,19230.89
EXP0001463,6400,CC0010,Department 2,2025-08-04,SG&A,Administrative,22424.5
EXP0001464,6100,CC0012,Department 4,2026-01-03,Sales,Sales,8364.22
EXP0001465,6500,CC0012,Department 4,2026-11-16,Sales,Sales,9430.22
EXP0001466,6200,CC0010,Department 2,2025-09-29,Sales,Sales,10062.93
EXP0001467,6400,CC0013,Department 5,2026-01-09,SG&A,Administrative,4177.32
EXP0001468,6300,CC0007,Department 7,2025-04-04,Marketing,Marketing,2763.2
EXP0001469,6200,CC0004,Department 4,2026-11-03,Operations,Administrative,24497.65
EXP0001470,6500,CC0017,Department 1,2025-11-02,Sales,Sales,5560.29
EXP0001471,6100,CC0016,Department 8,2025-12-11,Marketing,Marketing,24893.08
EXP0001472,6100,CC0018,Department 2,2025-01-05,SG&A,Administrative,24128.36
EXP0001473,6200,CC0013,Department 5,2025-05-13,Marketing,Marketing,5257.26
EXP0001474,6500,CC0020,Department 4,2026-02-23,SG&A,Administrative,18538.38
EXP0001475,6100,CC0001,Department 1,2025-01-10,Marketing,Marketing,11182.37
EXP0001476,6400,CC0001,Department 1,2026-02-02,Sales,Sales,5239.71
EXP0001477,6100,CC0020,Department 4,2025-11-23,SG&A,Administrative,18456.77
EXP0001478,6300,CC0004,Department 4,2026-05-02,Sales,Sales,1838.19
EXP0001479,6400,CC0003,Department 3,2026-04-23,SG&A,Administrative,3983.21
EXP0001480,6400,CC0008,Department 8,2025-01-25,Sales,Sales,10184.61
EXP0001481,6500,CC0006,Department 6,2026-09-28,SG&A,Administrative,20840.29
EXP0001482,6300,CC0015,Department 7,2026-06-08,Marketing,Marketing,12785.98
EXP0001483,6100,CC0009,Department 1,2025-07-16,Sales,Sales,24187.44
EXP0001484,6200,CC0014,Department 6,2025-12-18,SG&A,Administrative,10792.5
EXP0001485,6500,CC0006,Department 6,2026-09-07,SG&A,Administrative,5444.83
EXP0001486,6200,CC0012,Department 4,2026-11-22,SG&A,Administrative,11680.7
EXP0001487,6100,CC0020,Department 4,2026-06-27,SG&A,Administrative,23251.6
EXP0001488,6400,CC0017,Department 1,2025-09-26,Sales,Sales,7982.99
EXP0001489,6400,CC0005,Department 5,2025-11-08,Marketing,Marketing,8904.78
EXP0001490,6100,CC0007,Department 7,2025-10-14,Marketing,Marketing,7714.52
EXP0001491,6300,CC0013,Department 5,2025-08-13,Marketing,Marketing,18361.84
EXP0001492,6400,CC0005,Department 5,2026-08-01,Sales,Sales,14843.94
EXP0001493,6300,CC0003,Department 3,2025-01-15,Marketing,Marketing,4057.49
EXP0001494,6300,CC0004,Department 4,2026-01-12,Sales,Sales,11381.05
EXP0001495,6500,CC0019,Department 3,2025-12-08,SG&A,Administrative,8008.9
EXP0001496,6100,CC0001,Department 1,2025-04-28,Marketing,Marketing,13155.31
EXP0001497,6100,CC0017,Department 1,2026-08-14,Marketing,Marketing,23661.21
EXP0001498,6400,CC0014,Department 6,2025-07-19,Sales,Sales,461.64
EXP0001499,6300,CC0004,Department 4,2026-02-13,Sales,Sales,3074.8
EXP0001500,6200,CC0008,Department 8,2026-11-20,Sales,Sales,15346.46
EXP0001501,6200,CC0007,Department 7,2026-10-05,Operations,Administrative,24753.96
EXP0001502,6100,CC0016,Department 8,2026-11-10,Operations,Administrative,14233.08
EXP0001503,6300,CC0007,Department 7,2025-01-11,SG&A,Administrative,16050.21
EXP0001504,6500,CC0004,Department 4,2025-04-08,SG&A,Administrative,24033.96
EXP0001505,6300,CC0020,Department 4,2026-05-30,SG&A,Administrative,10339.76
EXP0001506,6500,CC0020,Department 4,2026-07-16,Sales,Sales,22014.01
EXP0001507,6400,CC0009,Department 1,2026-12-05,SG&A,Administrative,15506.82
EXP0001508,6100,CC0004,Department 4,2026-07-05,Sales,Sales,6817.86
EXP0001509,6200,CC0004,Department 4,2025-04-05,Operations,Administrative,5503.34
EXP0001510,6400,CC0002,Department 2,2025-05-06,Operations,Administrative,6258.95
EXP0001511,6200,CC0004,Department 4,2025-08-24,Marketing,Marketing,19282.69
EXP0001512,6400,CC0007,Department 7,2026-02-16,SG&A,Administrative,24302.33
EXP0001513,6500,CC0018,Department 2,2025-10-27,Sales,Sales,14556.65
EXP0001514,6500,CC0017,Department 1,2025-07-27,Sales,Sales,22622.66
EXP0001515,6500,CC0010,Department 2,2026-10-28,Sales,Sales,8550.3
EXP0001516,6100,CC0004,Department 4,2025-05-23,Sales,Sales,12476.16
EXP0001517,6400,CC0012,Department 4,2026-09-27,SG&A,Administrative,7351.99
EXP0001518,6100,CC0018,Department 2,2026-10-18,Operations,Administrative,7141.58
EXP0001519,6100,CC0010,Department 2,2025-01-19,SG&A,Administrative,19226.37
EXP0001520,6200,CC0009,Department 1,2026-08-27,SG&A,Administrative,6293.06
EXP0001521,6400,CC0002,Department 2,2026-08-05,Sales,Sales,23144.01
EXP0001522,6100,CC0006,Department 6,2026-02-10,Marketing,Marketing,21683.47
EXP0001523,6400,CC0008,Department 8,2025-03-11,Sales,Sales,11586.67
EXP0001524,6400,CC0014,Department 6,2025-03-31,Sales,Sales,7259.22
EXP0001525,6100,CC0008,Department 8,2025-12-25,Sales,Sales,24174.56
EXP0001526,6100,CC0013,Department 5,2025-09-21,Marketing,Marketing,23755.02
EXP0001527,6300,CC0013,Department 5,2026-09-29,Sales,Sales,22141.17
EXP0001528,6400,CC0019,Department 3,2026-10-05,Operations,Administrative,16217.63
EXP0001529,6300,CC0010,Department 2,2026-10-12,Marketing,Marketing,16412.53
EXP0001530,6500,CC0002,Department 2,2025-03-25,Sales,Sales,4349.68
EXP0001531,6200,CC0019,Department 3,2025-04-12,SG&A,Administrative,18592.04
EXP0001532,6200,CC0020,Department 4,2026-05-27,Sales,Sales,12717.32
EXP0001533,6500,CC0001,Department 1,2026-02-04,Operations,Administrative,889.58
EXP0001534,6300,CC0014,Department 6,2025-09-03,Operations,Administrative,5247.52
EXP0001535,6500,CC0009,Department 1,2025-10-07,Operations,Administrative,10786.74
EXP0001536,6100,CC0020,Department 4,2026-05-26,Operations,Administrative,22062.7
EXP0001537,6100,CC0011,Department 3,2026-03-28,Operations,Administrative,10237.47
EXP0001538,6200,CC0001,Department 1,2025-01-19,SG&A,Administrative,24176.54
EXP0001539,6200,CC0018,Department 2,2025-01-22,SG&A,Administrative,7543.54
EXP0001540,6100,CC0003,Department 3,2026-07-24,SG&A,Administrative,454.07
EXP0001541,6200,CC0017,Department 1,2025-06-14,Sales,Sales,5401.1
EXP0001542,6500,CC0008,Department 8,2026-02-14,Sales,Sales,18387.98
EXP0001543,6500,CC0015,Department 7,2025-01-13,Marketing,Marketing,3147.56
EXP0001544,6400,CC0014,Department 6,2025-07-08,Marketing,Marketing,8340.49
EXP0001545,6400,CC0019,Department 3,2025-12-08,Operations,Administrative,17473.71
EXP0001546,6300,CC0019,Department 3,2026-05-05,SG&A,Administrative,17743.37
EXP0001547,6400,CC0014,Department 6,2026-06-09,Sales,Sales,6765.61
EXP0001548,6200,CC0019,Department 3,2025-11-04,Sales,Sales,12994.72
EXP0001549,6500,CC0006,Department 6,2025-11-24,SG&A,Administrative,19503.84
EXP0001550,6400,CC0008,Department 8,2025-07-28,Operations,Administrative,12987.24
EXP0001551,6400,CC0019,Department 3,2025-06-08,Marketing,Marketing,22012.08
EXP0001552,6500,CC0012,Department 4,2025-12-19,Operations,Administrative,11808.74
EXP0001553,6200,CC0005,Department 5,2026-09-27,Operations,Administrative,8516.27
EXP0001554,6300,CC0019,Department 3,2025-07-13,Operations,Administrative,10385.74
EXP0001555,6100,CC0013,Department 5,2025-09-09,Sales,Sales,9128.91
EXP0001556,6500,CC0007,Department 7,2026-05-14,Marketing,Marketing,9355.8
EXP0001557,6100,CC0007,Department 7,2026-08-05,Marketing,Marketing,22839.29
EXP0001558,6400,CC0010,Department 2,2025-01-01,Marketing,Marketing,1203.07
EXP0001559,6400,CC0007,Department 7,2026-10-22,Operations,Administrative,2047.73
EXP0001560,6200,CC0002,Department 2,2026-02-03,SG&A,Administrative,16237.02
EXP0001561,6500,CC0002,Department 2,2026-01-28,Sales,Sales,1188.22
EXP0001562,6400,CC0006,Department 6,2026-06-09,SG&A,Administrative,4995.96
EXP0001563,6300,CC0018,Department 2,2025-08-22,SG&A,Administrative,1282.24
EXP0001564,6100,CC0016,Department 8,2026-09-14,Sales,Sales,24838.1
EXP0001565,6400,CC0004,Department 4,2025-06-07,Marketing,Marketing,9341.3
EXP0001566,6500,CC0018,Department 2,2026-10-02,Marketing,Marketing,4914.6
EXP0001567,6400,CC0011,Department 3,2026-05-20,Sales,Sales,22777.44
EXP0001568,6300,CC0010,Department 2,2026-01-14,Marketing,Marketing,16330.3
EXP0001569,6200,CC0015,Department 7,2025-10-02,Marketing,Marketing,12430.38
EXP0001570,6300,CC0015,Department 7,2025-07-06,SG&A,Administrative,23262.16
EXP0001571,6300,CC0019,Department 3,2025-08-11,Sales,Sales,5276.21
EXP0001572,6100,CC0008,Department 8,2026-09-22,Sales,Sales,14481.03
EXP0001573,6500,CC0013,Department 5,2026-07-05,Operations,Administrative,22412.49
EXP0001574,6100,CC0004,Department 4,2025-09-04,Sales,Sales,6144.67
EXP0001575,6200,CC0017,Department 1,2026-01-10,Sales,Sales,4958.87
EXP0001576,6500,CC0013,Department 5,2025-12-29,SG&A,Administrative,17858.41
EXP0001577,6400,CC0006,Department 6,2025-01-02,Operations,Administrative,11389.62
EXP0001578,6200,CC0006,Department 6,2025-04-12,Operations,Administrative,7865.18
EXP0001579,6400,CC0014,Department 6,2026-07-20,Sales,Sales,13464.82
EXP0001580,6400,CC0009,Department 1,2025-08-04,Sales,Sales,8266.07
EXP0001581,6500,CC0012,Department 4,2025-01-08,SG&A,Administrative,16411.34
EXP0001582,6400,CC0003,Department 3,2025-02-09,Sales,Sales,3850.37
EXP0001583,6400,CC0011,Department 3,2025-05-30,Sales,Sales,17728.37
EXP0001584,6300,CC0011,Department 3,2026-08-20,Operations,Administrative,7569.08
EXP0001585,6300,CC0019,Department 3,2025-05-03,SG&A,Administrative,2122.27
EXP0001586,6500,CC0014,Department 6,2026-01-09,Operations,Administrative,13520.53
EXP0001587,6200,CC0015,Department 7,2025-09-09,Marketing,Marketing,9705.84
EXP0001588,6200,CC0012,Department 4,2026-11-17,Marketing,Marketing,20603.65
EXP0001589,6100,CC0005,Department 5,2026-09-20,Marketing,Marketing,22255.52
EXP0001590,6100,CC0012,Department 4,2025-07-02,Marketing,Marketing,16499.59
EXP0001591,6400,CC0011,Department 3,2025-03-27,Operations,Administrative,15856.69
EXP0001592,6200,CC0005,Department 5,2025-08-02,Sales,Sales,1764.87
EXP0001593,6400,CC0009,Department 1,2026-01-22,Sales,Sales,7355.64
EXP0001594,6400,CC0020,Department 4,2026-09-22,SG&A,Administrative,20486.69
EXP0001595,6200,CC0017,Department 1,2025-11-08,Operations,Administrative,6781.59
EXP0001596,6300,CC0008,Department 8,2026-12-21,SG&A,Administrative,22017.11
EXP0001597,6200,CC0011,Department 3,2026-03-22,SG&A,Administrative,6359.17
EXP0001598,6200,CC0003,Department 3,2025-10-08,Operations,Administrative,8861.78
EXP0001599,6100,CC0019,Department 3,2025-12-07,Sales,Sales,3782.54
EXP0001600,6500,CC0017,Department 1,2025-01-28,Sales,Sales,4977.21
EXP0001601,6200,CC0011,Department 3,2026-11-24,Sales,Sales,6962.95
EXP0001602,6500,CC0002,Department 2,2026-10-28,SG&A,Administrative,7685.85
EXP0001603,6300,CC0015,Department 7,2025-10-20,SG&A,Administrative,2726.23
EXP0001604,6300,CC0010,Department 2,2025-11-23,Operations,Administrative,20310.97
EXP0001605,6100,CC0008,Department 8,2026-08-30,Sales,Sales,8980.86
EXP0001606,6100,CC0015,Department 7,2025-10-04,Operations,Administrative,10439.16
EXP0001607,6500,CC0015,Department 7,2026-05-30,SG&A,Administrative,4829.38
EXP0001608,6300,CC0006,Department 6,2025-09-20,Operations,Administrative,5006.74
EXP0001609,6200,CC0001,Department 1,2026-05-14,Marketing,Marketing,14693.33
EXP0001610,6200,CC0019,Department 3,2026-01-07,Sales,Sales,1787.99
EXP0001611,6100,CC0015,Department 7,2025-06-25,Marketing,Marketing,6521.34
EXP0001612,6300,CC0018,Department 2,2026-08-18,Operations,Administrative,9174.73
EXP0001613,6500,CC0012,Department 4,2026-08-07,Operations,Administrative,6570.23
EXP0001614,6500,CC0004,Department 4,2025-07-13,Marketing,Marketing,13708.07
EXP0001615,6500,CC0015,Department 7,2025-12-10,Operations,Administrative,17657.44
EXP0001616,6400,CC0020,Department 4,2025-01-16,Sales,Sales,15090.04
EXP0001617,6500,CC0005,Department 5,2025-02-21,Marketing,Marketing,23726.8
EXP0001618,6500,CC0007,Department 7,2025-12-18,Marketing,Marketing,11303.36
EXP0001619,6400,CC0016,Department 8,2025-12-03,Operations,Administrative,11840.65
EXP0001620,6100,CC0004,Department 4,2026-01-14,Sales,Sales,11692.12
EXP0001621,6500,CC0009,Department 1,2026-04-21,Operations,Administrative,8068.97
EXP0001622,6400,CC0020,Department 4,2026-12-30,SG&A,Administrative,9988.62
EXP0001623,6200,CC0012,Department 4,2025-05-03,Sales,Sales,713.12
EXP0001624,6500,CC0007,Department 7,2025-12-03,SG&A,Administrative,5574.27
EXP0001625,6100,CC0013,Department 5,2026-06-23,Operations,Administrative,10899.41
EXP0001626,6500,CC0017,Department 1,2025-10-06,Sales,Sales,18800.04
EXP0001627,6200,CC0009,Department 1,2025-03-29,SG&A,Administrative,9217.31
EXP0001628,6400,CC0017,Department 1,2026-10-08,Marketing,Marketing,17186.92
EXP0001629,6500,CC0001,Department 1,2026-10-23,Operations,Administrative,14010.65
EXP0001630,6500,CC0005,Department 5,2025-03-30,Marketing,Marketing,1531.74
EXP0001631,6400,CC0010,Department 2,2025-11-21,SG&A,Administrative,9589.05
EXP0001632,6300,CC0010,Department 2,2026-06-29,Operations,Administrative,6631.34
EXP0001633,6300,CC0019,Department 3,2026-07-08,SG&A,Administrative,14700.17
EXP0001634,6400,CC0011,Department 3,2025-04-11,Operations,Administrative,6794.65
EXP0001635,6100,CC0010,Department 2,2025-02-22,Marketing,Marketing,15356.79
EXP0001636,6400,CC0002,Department 2,2025-06-23,SG&A,Administrative,22953.64
EXP0001637,6200,CC0009,Department 1,2026-06-14,Marketing,Marketing,5630.58
EXP0001638,6300,CC0017,Department 1,2026-03-10,Marketing,Marketing,23425.45
EXP0001639,6200,CC0012,Department 4,2025-06-16,SG&A,Administrative,13979.7
EXP0001640,6100,CC0014,Department 6,2026-05-07,Sales,Sales,16085.94
EXP0001641,6500,CC0004,Department 4,2025-09-17,Sales,Sales,8850.72
EXP0001642,6100,CC0020,Department 4,2025-01-09,Operations,Administrative,6163.14
EXP0001643,6400,CC0018,Department 2,2025-09-14,Sales,Sales,13064.56
EXP0001644,6100,CC0012,Department 4,2026-07-22,Operations,Administrative,10794.93
EXP0001645,6200,CC0006,Department 6,2025-10-13,Sales,Sales,19847.07
EXP0001646,6200,CC0018,Department 2,2026-06-07,Marketing,Marketing,17370.29
EXP0001647,6500,CC0009,Department 1,2025-10-20,SG&A,Administrative,17456.2
EXP0001648,6200,CC0011,Department 3,2026-06-14,SG&A,Administrative,5395.9
EXP0001649,6400,CC0017,Department 1,2026-11-26,Operations,Administrative,5545.12
EXP0001650,6100,CC0019,Department 3,2026-04-19,Operations,Administrative,736.48
EXP0001651,6500,CC0014,Department 6,2025-01-01,Operations,Administrative,898.18
EXP0001652,6200,CC0019,Department 3,2026-08-19,SG&A,Administrative,5268.68
EXP0001653,6200,CC0013,Department 5,2025-07-20,SG&A,Administrative,19917.99
EXP0001654,6400,CC0011,Department 3,2026-10-24,SG&A,Administrative,10987.59
EXP0001655,6400,CC0020,Department 4,2026-06-28,Marketing,Marketing,21578.06
EXP0001656,6500,CC0004,Department 4,2025-09-03,SG&A,Administrative,13923.0
EXP0001657,6300,CC0002,Department 2,2026-06-17,Sales,Sales,3895.15
EXP0001658,6500,CC0002,Department 2,2025-05-03,Marketing,Marketing,4380.26
EXP0001659,6300,CC0007,Department 7,2025-03-30,Sales,Sales,3794.08
EXP0001660,6100,CC0005,Department 5,2026-01-01,Operations,Administrative,10181.71
EXP0001661,6300,CC0015,Department 7,2025-02-23,Marketing,Marketing,6720.63
EXP0001662,6500,CC0012,Department 4,2025-06-03,SG&A,Administrative,13226.34
EXP0001663,6500,CC0010,Department 2,2026-06-13,SG&A,Administrative,22163.72
EXP0001664,6300,CC0012,Department 4,2025-10-30,SG&A,Administrative,17173.01
EXP0001665,6100,CC0002,Department 2,2026-09-26,Sales,Sales,23559.84
EXP0001666,6300,CC0017,Department 1,2026-01-18,SG&A,Administrative,3526.24
EXP0001667,6300,CC0019,Department 3,2025-09-08,Sales,Sales,3185.12
EXP0001668,6200,CC0015,Department 7,2025-08-17,Operations,Administrative,1402.94
EXP0001669,6300,CC0017,Department 1,2025-05-11,Marketing,Marketing,11219.85
EXP0001670,6300,CC0013,Department 5,2025-11-17,Sales,Sales,13152.02
EXP0001671,6300,CC0014,Department 6,2025-07-22,Sales,Sales,18591.08
EXP0001672,6200,CC0017,Department 1,2025-02-11,Marketing,Marketing,7324.81
EXP0001673,6400,CC0016,Department 8,2025-01-24,Marketing,Marketing,23235.23
EXP0001674,6100,CC0015,Department 7,2025-05-19,Operations,Administrative,2773.51
EXP0001675,6500,CC0018,Department 2,2025-01-10,Marketing,Marketing,21319.19
EXP0001676,6500,CC0004,Department 4,2025-10-25,Sales,Sales,395.1
EXP0001677,6400,CC0020,Department 4,2026-05-21,SG&A,Administrative,15764.4
EXP0001678,6300,CC0005,Department 5,2025-10-27,SG&A,Administrative,14290.17
EXP0001679,6100,CC0010,Department 2,2025-04-07,SG&A,Administrative,9984.1
EXP0001680,6300,CC0009,Department 1,2026-08-02,Operations,Administrative,15659.55
EXP0001681,6100,CC0019,Department 3,2025-10-15,Operations,Administrative,15019.89
EXP0001682,6300,CC0010,Department 2,2026-08-13,Operations,Administrative,6545.0
EXP0001683,6100,CC0020,Department 4,2025-02-25,SG&A,Administrative,16294.39
EXP0001684,6200,CC0017,Department 1,2025-01-25,Operations,Administrative,9244.68
EXP0001685,6300,CC0003,Department 3,2025-12-05,Marketing,Marketing,13237.68
EXP0001686,6300,CC0005,Department 5,2026-08-20,SG&A,Administrative,14071.33
EXP0001687,6500,CC0016,Department 8,2026-06-22,Marketing,Marketing,714.73
EXP0001688,6400,CC0001,Department 1,2026-08-19,SG&A,Administrative,2920.62
EXP0001689,6200,CC0002,Department 2,2025-05-10,SG&A,Administrative,18230.79
EXP0001690,6200,CC0017,Department 1,2025-02-08,SG&A,Administrative,20435.23
EXP0001691,6500,CC0005,Department 5,2026-05-04,SG&A,Administrative,2924.06
EXP0001692,6500,CC0019,Department 3,2025-04-22,Sales,Sales,13883.12
EXP0001693,6300,CC0015,Department 7,2026-05-16,Marketing,Marketing,21171.16
EXP0001694,6100,CC0014,Department 6,2026-12-17,Operations,Administrative,15647.36
EXP0001695,6300,CC0010,Department 2,2026-09-12,Sales,Sales,10219.16
EXP0001696,6400,CC0006,Department 6,2025-03-23,SG&A,Administrative,15262.26
EXP0001697,6100,CC0018,Department 2,2026-07-09,Sales,Sales,5023.8
EXP0001698,6300,CC0016,Department 8,2025-11-23,Marketing,Marketing,21022.44
EXP0001699,6200,CC0013,Department 5,2026-01-22,Marketing,Marketing,17003.1
EXP0001700,6500,CC0010,Department 2,2026-02-01,Operations,Administrative,8959.03
EXP0001701,6400,CC0008,Department 8,2026-07-08,Marketing,Marketing,12488.05
EXP0001702,6400,CC0005,Department 5,2026-08-04,Sales,Sales,7242.65
EXP0001703,6400,CC0011,Department 3,2026-04-04,Marketing,Marketing,9685.76
EXP0001704,6300,CC0001,Department 1,2025-06-01,Sales,Sales,17441.45
EXP0001705,6100,CC0019,Department 3,2026-12-14,SG&A,Administrative,3239.52
EXP0001706,6300,CC0009,Department 1,2026-02-08,SG&A,Administrative,1958.92
EXP0001707,6300,CC0005,Department 5,2025-12-14,SG&A,Administrative,21383.45
EXP0001708,6100,CC0017,Department 1,2025-09-27,Sales,Sales,2928.56
EXP0001709,6400,CC0012,Department 4,2026-01-09,Operations,Administrative,24108.92
EXP0001710,6500,CC0005,Department 5,2026-12-19,Operations,Administrative,6519.32
EXP0001711,6400,CC0017,Department 1,2026-01-06,Operations,Administrative,19606.68
EXP0001712,6200,CC0017,Department 1,2026-06-11,Operations,Administrative,4417.02
EXP0001713,6200,CC0004,Department 4,2026-02-01,Marketing,Marketing,14666.7
EXP0001714,6200,CC0014,Department 6,2025-12-29,Operations,Administrative,19055.74
EXP0001715,6200,CC0009,Department 1,2025-09-20,Sales,Sales,12749.05
EXP0001716,6300,CC0015,Department 7,2026-04-01,Sales,Sales,4582.39
EXP0001717,6100,CC0010,Department 2,2026-09-04,Sales,Sales,24458.89
EXP0001718,6400,CC0015,Department 7,2026-09-12,Sales,Sales,16779.63
EXP0001719,6100,CC0014,Department 6,2025-10-16,Sales,Sales,8690.9
EXP0001720,6500,CC0002,Department 2,2026-12-16,Operations,Administrative,16872.05
EXP0001721,6200,CC0017,Department 1,2025-11-28,Marketing,Marketing,10940.47
EXP0001722,6200,CC0013,Department 5,2025-05-13,Sales,Sales,19872.76
EXP0001723,6400,CC0018,Department 2,2026-04-27,SG&A,Administrative,15102.1
EXP0001724,6200,CC0010,Department 2,2025-09-22,Sales,Sales,16268.21
EXP0001725,6500,CC0009,Department 1,2026-09-05,Operations,Administrative,24650.25
EXP0001726,6500,CC0008,Department 8,2025-12-06,Operations,Administrative,7206.29
EXP0001727,6500,CC0003,Department 3,2025-04-15,Marketing,Marketing,6555.21
EXP0001728,6100,CC0003,Department 3,2026-12-28,Marketing,Marketing,24079.75
EXP0001729,6200,CC0005,Department 5,2026-09-11,SG&A,Administrative,679.37
EXP0001730,6500,CC0016,Department 8,2025-05-18,SG&A,Administrative,9167.73
EXP0001731,6300,CC0006,Department 6,2025-12-22,SG&A,Administrative,12484.29
EXP0001732,6100,CC0012,Department 4,2026-10-12,Marketing,Marketing,6581.49
EXP0001733,6100,CC0016,Department 8,2025-09-22,Marketing,Marketing,1254.2
EXP0001734,6400,CC0014,Department 6,2025-10-13,Operations,Administrative,10773.34
EXP0001735,6400,CC0015,Department 7,2026-02-10,SG&A,Administrative,9787.04
EXP0001736,6200,CC0001,Department 1,2026-03-20,Sales,Sales,1620.29
EXP0001737,6300,CC0005,Department 5,2025-06-05,Marketing,Marketing,19647.59
EXP0001738,6200,CC0017,Department 1,2026-01-13,Marketing,Marketing,24570.44
EXP0001739,6300,CC0009,Department 1,2025-05-07,Operations,Administrative,14117.12
EXP0001740,6400,CC0015,Department 7,2026-08-13,Sales,Sales,15887.89
EXP0001741,6400,CC0001,Department 1,2025-04-28,SG&A,Administrative,10262.87
EXP0001742,6100,CC0004,Department 4,2025-08-23,SG&A,Administrative,24000.97
EXP0001743,6400,CC0001,Department 1,2025-08-28,Sales,Sales,16984.03
EXP0001744,6500,CC0009,Department 1,2026-09-06,Sales,Sales,4240.48
EXP0001745,6400,CC0013,Department 5,2025-05-01,SG&A,Administrative,11537.82
EXP0001746,6200,CC0009,Department 1,2026-04-04,Operations,Administrative,1829.16
EXP0001747,6100,CC0007,Department 7,2025-10-02,SG&A,Administrative,12078.06
EXP0001748,6200,CC0002,Department 2,2025-05-30,Operations,Administrative,14168.25
EXP0001749,6500,CC0008,Department 8,2025-12-07,Sales,Sales,11862.98
EXP0001750,6500,CC0005,Department 5,2026-12-05,Operations,Administrative,21155.86
EXP0001751,6300,CC0003,Department 3,2026-04-29,Operations,Administrative,19052.98
EXP0001752,6500,CC0006,Department 6,2025-10-02,Marketing,Marketing,14753.86
EXP0001753,6100,CC0005,Department 5,2025-02-08,Operations,Administrative,16949.31
EXP0001754,6500,CC0011,Department 3,2026-09-13,Marketing,Marketing,5326.86
EXP0001755,6200,CC0015,Department 7,2025-12-30,Marketing,Marketing,23393.43
EXP0001756,6300,CC0012,Department 4,2026-01-22,Sales,Sales,2102.89
EXP0001757,6400,CC0011,Department 3,2025-05-06,Marketing,Marketing,16112.51
EXP0001758,6400,CC0009,Department 1,2025-04-07,SG&A,Administrative,12153.52
EXP0001759,6300,CC0017,Department 1,2025-12-29,Marketing,Marketing,9555.05
EXP0001760,6300,CC0011,Department 3,2026-12-11,SG&A,Administrative,2888.89
EXP0001761,6400,CC0003,Department 3,2025-03-12,SG&A,Administrative,12645.37
EXP0001762,6500,CC0018,Department 2,2025-01-02,Marketing,Marketing,2985.7
EXP0001763,6300,CC0011,Department 3,2026-08-23,Sales,Sales,4327.57
EXP0001764,6300,CC0002,Department 2,2025-10-06,Marketing,Marketing,7415.93
EXP0001765,6100,CC0014,Department 6,2026-11-17,Marketing,Marketing,6872.09
EXP0001766,6500,CC0003,Department 3,2025-10-23,SG&A,Administrative,1187.15
EXP0001767,6500,CC0019,Department 3,2025-11-07,Operations,Administrative,9172.22
EXP0001768,6100,CC0010,Department 2,2025-08-28,Marketing,Marketing,9468.1
EXP0001769,6300,CC0014,Department 6,2026-02-19,SG&A,Administrative,8524.59
EXP0001770,6500,CC0005,Department 5,2025-08-25,Operations,Administrative,3431.08
EXP0001771,6100,CC0018,Department 2,2025-06-15,Marketing,Marketing,21488.25
EXP0001772,6300,CC0012,Department 4,2025-01-12,Marketing,Marketing,21091.42
EXP0001773,6500,CC0018,Department 2,2025-03-04,Marketing,Marketing,19276.51
EXP0001774,6100,CC0009,Department 1,2026-03-15,Marketing,Marketing,19865.87
EXP0001775,6500,CC0011,Department 3,2025-08-25,Operations,Administrative,15528.37
EXP0001776,6400,CC0001,Department 1,2026-08-26,Operations,Administrative,12657.26
EXP0001777,6300,CC0020,Department 4,2026-07-02,Operations,Administrative,17360.18
EXP0001778,6400,CC0014,Department 6,2025-10-13,Operations,Administrative,7866.52
EXP0001779,6200,CC0007,Department 7,2026-01-08,Marketing,Marketing,13096.53
EXP0001780,6100,CC0016,Department 8,2025-04-13,Marketing,Marketing,16207.0
EXP0001781,6100,CC0006,Department 6,2026-11-14,Operations,Administrative,3007.21
EXP0001782,6200,CC0004,Department 4,2026-08-08,Marketing,Marketing,18839.13
EXP0001783,6200,CC0015,Department 7,2025-09-01,Operations,Administrative,14953.57
EXP0001784,6100,CC0006,Department 6,2026-01-15,SG&A,Administrative,20785.21
EXP0001785,6400,CC0020,Department 4,2025-06-27,Marketing,Marketing,16508.14
EXP0001786,6400,CC0004,Department 4,2026-08-12,Operations,Administrative,20985.24
EXP0001787,6100,CC0001,Department 1,2025-08-19,SG&A,Administrative,8215.95
EXP0001788,6500,CC0007,Department 7,2026-05-22,SG&A,Administrative,940.25
EXP0001789,6100,CC0019,Department 3,2026-06-26,Marketing,Marketing,21873.12
EXP0001790,6400,CC0008,Department 8,2026-11-04,Marketing,Marketing,22216.02
EXP0001791,6100,CC0016,Department 8,2025-12-10,Marketing,Marketing,3947.05
EXP0001792,6200,CC0009,Department 1,2026-04-03,Sales,Sales,5585.22
EXP0001793,6100,CC0012,Department 4,2026-10-03,Marketing,Marketing,10158.89
EXP0001794,6300,CC0009,Department 1,2026-12-05,Sales,Sales,21023.55
EXP0001795,6300,CC0001,Department 1,2026-10-16,Operations,Administrative,4732.77
EXP0001796,6500,CC0003,Department 3,2026-05-04,Operations,Administrative,18162.78
EXP0001797,6400,CC0001,Department 1,2025-02-20,Sales,Sales,8937.73
EXP0001798,6500,CC0011,Department 3,2026-05-24,Sales,Sales,4845.28
EXP0001799,6500,CC0010,Department 2,2026-09-12,Marketing,Marketing,17907.23
EXP0001800,6100,CC0013,Department 5,2026-02-17,SG&A,Administrative,21319.6
EXP0001801,6400,CC0008,Department 8,2025-01-09,SG&A,Administrative,20122.17
EXP0001802,6400,CC0006,Department 6,2025-04-10,Marketing,Marketing,17262.52
EXP0001803,6500,CC0008,Department 8,2025-12-10,Marketing,Marketing,4094.55
EXP0001804,6500,CC0017,Department 1,2025-04-21,SG&A,Administrative,23661.3
EXP0001805,6200,CC0018,Department 2,2026-02-23,Sales,Sales,15466.65
EXP0001806,6200,CC0009,Department 1,2026-11-14,Marketing,Marketing,2046.35
EXP0001807,6500,CC0009,Department 1,2026-04-22,Sales,Sales,5757.53
EXP0001808,6100,CC0011,Department 3,2025-09-18,Sales,Sales,181.85
EXP0001809,6400,CC0016,Department 8,2026-01-16,Operations,Administrative,16661.26
EXP0001810,6500,CC0014,Department 6,2026-11-03,Operations,Administrative,9944.47
EXP0001811,6100,CC0001,Department 1,2026-07-28,Operations,Administrative,15290.59
EXP0001812,6300,CC0020,Department 4,2025-07-29,Sales,Sales,17530.36
EXP0001813,6500,CC0015,Department 7,2026-03-11,Marketing,Marketing,5336.17
EXP0001814,6100,CC0015,Department 7,2026-10-11,Operations,Administrative,12288.48
EXP0001815,6500,CC0005,Department 5,2025-09-05,SG&A,Administrative,18028.77
EXP0001816,6100,CC0014,Department 6,2026-03-17,Sales,Sales,10673.01
EXP0001817,6100,CC0006,Department 6,2025-02-07,Marketing,Marketing,8886.78
EXP0001818,6400,CC0019,Department 3,2025-05-07,Sales,Sales,4950.76
EXP0001819,6300,CC0010,Department 2,2025-07-12,SG&A,Administrative,15196.4
EXP0001820,6300,CC0004,Department 4,2026-01-31,SG&A,Administrative,737.74
EXP0001821,6100,CC0001,Department 1,2025-09-10,Sales,Sales,19105.09
EXP0001822,6100,CC0007,Department 7,2026-06-07,Operations,Administrative,7287.34
EXP0001823,6500,CC0001,Department 1,2025-01-20,SG&A,Administrative,18874.34
EXP0001824,6500,CC0005,Department 5,2025-06-18,Marketing,Marketing,18873.25
EXP0001825,6100,CC0005,Department 5,2026-07-23,SG&A,Administrative,10156.82
EXP0001826,6200,CC0012,Department 4,2026-01-30,Sales,Sales,6894.83
EXP0001827,6200,CC0017,Department 1,2025-03-12,Operations,Administrative,21754.87
EXP0001828,6200,CC0019,Department 3,2026-02-13,SG&A,Administrative,7319.91
EXP0001829,6400,CC0005,Department 5,2026-10-24,Marketing,Marketing,2597.54
EXP0001830,6400,CC0015,Department 7,2025-08-31,Marketing,Marketing,19190.97
EXP0001831,6500,CC0002,Department 2,2026-01-12,Marketing,Marketing,19204.63
EXP0001832,6300,CC0019,Department 3,2025-10-15,Sales,Sales,4219.34
EXP0001833,6300,CC0010,Department 2,2026-09-21,SG&A,Administrative,21534.22
EXP0001834,6200,CC0003,Department 3,2025-08-13,Marketing,Marketing,11283.38
EXP0001835,6400,CC0012,Department 4,2025-09-05,Sales,Sales,14918.21
EXP0001836,6300,CC0008,Department 8,2026-09-15,Sales,Sales,16353.93
EXP0001837,6500,CC0012,Department 4,2026-09-11,Marketing,Marketing,15655.98
EXP0001838,6300,CC0011,Department 3,2026-12-14,SG&A,Administrative,24303.79
EXP0001839,6300,CC0016,Department 8,2025-09-04,Operations,Administrative,4825.48
EXP0001840,6400,CC0019,Department 3,2025-08-31,Marketing,Marketing,9515.24
EXP0001841,6200,CC0005,Department 5,2026-11-17,SG&A,Administrative,8020.86
EXP0001842,6200,CC0009,Department 1,2026-02-20,SG&A,Administrative,12907.14
EXP0001843,6200,CC0012,Department 4,2026-10-07,Sales,Sales,14413.42
EXP0001844,6200,CC0004,Department 4,2025-07-30,Marketing,Marketing,9280.3
EXP0001845,6100,CC0011,Department 3,2026-03-10,SG&A,Administrative,2612.54
EXP0001846,6300,CC0004,Department 4,2025-10-27,Sales,Sales,12143.74
EXP0001847,6200,CC0008,Department 8,2026-03-15,Sales,Sales,11581.95
EXP0001848,6200,CC0017,Department 1,2025-05-25,Operations,Administrative,5469.77
EXP0001849,6100,CC0019,Department 3,2026-11-05,Operations,Administrative,13978.14
EXP0001850,6500,CC0017,Department 1,2026-09-22,SG&A,Administrative,20922.44
EXP0001851,6500,CC0013,Department 5,2025-07-22,Sales,Sales,19511.31
EXP0001852,6400,CC0003,Department 3,2025-05-26,Sales,Sales,218.41
EXP0001853,6300,CC0007,Department 7,2025-04-10,Marketing,Marketing,20146.19
EXP0001854,6300,CC0002,Department 2,2025-05-14,SG&A,Administrative,1461.44
EXP0001855,6500,CC0019,Department 3,2025-04-10,Sales,Sales,17655.13
EXP0001856,6100,CC0005,Department 5,2025-04-05,Sales,Sales,21490.54
EXP0001857,6500,CC0004,Department 4,2025-01-24,SG&A,Administrative,2349.2
EXP0001858,6200,CC0011,Department 3,2025-10-19,SG&A,Administrative,22243.9
EXP0001859,6400,CC0009,Department 1,2026-07-12,SG&A,Administrative,6340.04
EXP0001860,6200,CC0001,Department 1,2025-11-14,Operations,Administrative,5269.81
EXP0001861,6200,CC0006,Department 6,2025-01-21,SG&A,Administrative,10906.65
EXP0001862,6100,CC0007,Department 7,2026-08-24,Operations,Administrative,817.67
EXP0001863,6200,CC0007,Department 7,2025-10-03,Sales,Sales,13448.51
EXP0001864,6200,CC0004,Department 4,2025-01-10,SG&A,Administrative,22296.48
EXP0001865,6300,CC0014,Department 6,2025-03-31,SG&A,Administrative,22360.68
EXP0001866,6300,CC0013,Department 5,2025-11-14,Operations,Administrative,9552.26
EXP0001867,6500,CC0013,Department 5,2025-04-07,Marketing,Marketing,24492.06
EXP0001868,6400,CC0003,Department 3,2025-03-23,SG&A,Administrative,24085.9
EXP0001869,6300,CC0009,Department 1,2026-04-11,Marketing,Marketing,877.84
EXP0001870,6500,CC0008,Department 8,2026-03-16,SG&A,Administrative,6564.65
EXP0001871,6500,CC0013,Department 5,2025-04-07,Sales,Sales,16116.09
EXP0001872,6100,CC0011,Department 3,2025-10-06,Operations,Administrative,20585.87
EXP0001873,6500,CC0017,Department 1,2025-04-13,SG&A,Administrative,7283.04
EXP0001874,6200,CC0011,Department 3,2025-01-08,Marketing,Marketing,23767.68
EXP0001875,6200,CC0001,Department 1,2026-04-08,Operations,Administrative,10196.77
EXP0001876,6500,CC0003,Department 3,2025-12-03,Operations,Administrative,6756.08
EXP0001877,6100,CC0008,Department 8,2026-11-26,Marketing,Marketing,16232.75
EXP0001878,6400,CC0015,Department 7,2026-02-19,Sales,Sales,5726.64
EXP0001879,6300,CC0018,Department 2,2026-07-11,Marketing,Marketing,13692.38
EXP0001880,6100,CC0014,Department 6,2026-11-03,Marketing,Marketing,1866.47
EXP0001881,6300,CC0018,Department 2,2025-10-31,Sales,Sales,21136.89
EXP0001882,6300,CC0001,Department 1,2026-12-12,Marketing,Marketing,19766.27
EXP0001883,6100,CC0018,Department 2,2025-10-02,Marketing,Marketing,3862.22
EXP0001884,6200,CC0019,Department 3,2026-01-16,Sales,Sales,3084.1
EXP0001885,6200,CC0002,Department 2,2025-09-03,Sales,Sales,19362.45
EXP0001886,6200,CC0010,Department 2,2026-04-07,Marketing,Marketing,14420.29
EXP0001887,6200,CC0001,Department 1,2026-01-20,Operations,Administrative,12853.48
EXP0001888,6300,CC0006,Department 6,2025-11-29,Marketing,Marketing,19558.77
EXP0001889,6200,CC0009,Department 1,2025-07-06,Marketing,Marketing,16686.0
EXP0001890,6200,CC0003,Department 3,2026-10-28,SG&A,Administrative,4742.99
EXP0001891,6200,CC0016,Department 8,2025-08-04,Sales,Sales,3082.52
EXP0001892,6500,CC0015,Department 7,2026-03-22,Operations,Administrative,21946.39
EXP0001893,6300,CC0002,Department 2,2026-09-10,Sales,Sales,4202.58
EXP0001894,6500,CC0005,Department 5,2025-01-31,Sales,Sales,17801.23
EXP0001895,6300,CC0020,Department 4,2026-06-25,Sales,Sales,7868.64
EXP0001896,6200,CC0006,Department 6,2026-12-21,Operations,Administrative,170.27
EXP0001897,6200,CC0017,Department 1,2025-04-23,Operations,Administrative,18021.41
EXP0001898,6500,CC0001,Department 1,2026-06-03,SG&A,Administrative,20179.96
EXP0001899,6300,CC0006,Department 6,2026-06-20,SG&A,Administrative,14339.95
EXP0001900,6400,CC0015,Department 7,2025-07-02,Operations,Administrative,20025.87
EXP0001901,6400,CC0017,Department 1,2026-05-07,Operations,Administrative,23847.17
EXP0001902,6200,CC0011,Department 3,2026-09-11,SG&A,Administrative,16149.66
EXP0001903,6500,CC0019,Department 3,2026-05-22,Marketing,Marketing,13779.37
EXP0001904,6300,CC0009,Department 1,2026-03-16,Marketing,Marketing,13927.57
EXP0001905,6200,CC0012,Department 4,2026-12-21,Marketing,Marketing,1860.96
EXP0001906,6300,CC0020,Department 4,2026-07-24,Sales,Sales,9729.53
EXP0001907,6100,CC0016,Department 8,2026-02-02,SG&A,Administrative,12467.33
EXP0001908,6400,CC0005,Department 5,2026-09-05,Marketing,Marketing,12703.46
EXP0001909,6100,CC0018,Department 2,2026-09-23,Sales,Sales,8903.99
EXP0001910,6300,CC0004,Department 4,2026-08-25,Operations,Administrative,20211.51
EXP0001911,6500,CC0018,Department 2,2025-03-20,Operations,Administrative,2852.62
EXP0001912,6100,CC0015,Department 7,2025-06-04,Marketing,Marketing,6306.29
EXP0001913,6300,CC0001,Department 1,2025-09-29,SG&A,Administrative,6217.43
EXP0001914,6200,CC0010,Department 2,2026-06-16,SG&A,Administrative,11784.48
EXP0001915,6100,CC0006,Department 6,2026-03-15,Marketing,Marketing,23964.27
EXP0001916,6100,CC0001,Department 1,2025-12-14,Marketing,Marketing,15329.1
EXP0001917,6300,CC0012,Department 4,2026-04-07,Sales,Sales,22538.95
EXP0001918,6400,CC0017,Department 1,2025-04-18,Sales,Sales,21928.42
EXP0001919,6400,CC0011,Department 3,2026-11-28,SG&A,Administrative,18509.24
EXP0001920,6500,CC0010,Department 2,2025-03-14,Sales,Sales,1432.88
EXP0001921,6400,CC0009,Department 1,2026-03-04,Sales,Sales,3344.74
EXP0001922,6200,CC0004,Department 4,2026-07-20,Operations,Administrative,12627.99
EXP0001923,6300,CC0018,Department 2,2025-09-24,Marketing,Marketing,15583.29
EXP0001924,6200,CC0020,Department 4,2026-11-13,SG&A,Administrative,9418.79
EXP0001925,6400,CC0012,Department 4,2025-04-23,SG&A,Administrative,21219.87
EXP0001926,6100,CC0020,Department 4,2026-05-29,Operations,Administrative,12364.59
EXP0001927,6100,CC0016,Department 8,2026-10-23,Sales,Sales,5725.64
EXP0001928,6200,CC0001,Department 1,2026-01-18,Sales,Sales,4526.46
EXP0001929,6500,CC0012,Department 4,2026-12-18,SG&A,Administrative,16864.8
EXP0001930,6200,CC0017,Department 1,2025-01-28,Sales,Sales,9483.77
EXP0001931,6500,CC0015,Department 7,2025-05-25,Operations,Administrative,10428.92
EXP0001932,6500,CC0018,Department 2,2025-05-19,Sales,Sales,20378.33
EXP0001933,6500,CC0015,Department 7,2025-10-03,Operations,Administrative,4660.5
EXP0001934,6500,CC0020,Department 4,2026-03-25,Operations,Administrative,3270.05
EXP0001935,6500,CC0014,Department 6,2026-10-28,Sales,Sales,22871.12
EXP0001936,6200,CC0002,Department 2,2025-08-03,Sales,Sales,10266.02
EXP0001937,6300,CC0003,Department 3,2025-06-24,SG&A,Administrative,376.6
EXP0001938,6200,CC0018,Department 2,2025-11-10,Sales,Sales,11825.35
EXP0001939,6100,CC0002,Department 2,2025-01-29,Marketing,Marketing,19666.53
EXP0001940,6200,CC0011,Department 3,2025-08-22,SG&A,Administrative,1507.89
EXP0001941,6400,CC0009,Department 1,2025-02-04,SG&A,Administrative,5057.39
EXP0001942,6100,CC0015,Department 7,2026-02-07,Marketing,Marketing,8469.7
EXP0001943,6300,CC0014,Department 6,2026-09-04,SG&A,Administrative,22002.76
EXP0001944,6500,CC0003,Department 3,2025-09-02,Marketing,Marketing,5356.23
EXP0001945,6100,CC0003,Department 3,2025-09-08,Operations,Administrative,13986.92
EXP0001946,6100,CC0008,Department 8,2025-10-19,Marketing,Marketing,12811.79
EXP0001947,6100,CC0013,Department 5,2025-09-05,Operations,Administrative,21975.08
EXP0001948,6400,CC0004,Department 4,2025-06-07,Operations,Administrative,18187.09
EXP0001949,6500,CC0016,Department 8,2025-01-19,Operations,Administrative,6752.89
EXP0001950,6300,CC0009,Department 1,2025-05-12,Marketing,Marketing,13408.45
EXP0001951,6300,CC0008,Department 8,2025-03-31,Sales,Sales,17061.2
EXP0001952,6300,CC0018,Department 2,2025-07-08,SG&A,Administrative,21489.56
EXP0001953,6400,CC0003,Department 3,2026-07-13,SG&A,Administrative,15347.03
EXP0001954,6100,CC0020,Department 4,2026-06-06,SG&A,Administrative,15959.69
EXP0001955,6200,CC0012,Department 4,2026-09-27,Sales,Sales,24536.27
EXP0001956,6400,CC0016,Department 8,2026-08-06,Sales,Sales,9689.98
EXP0001957,6500,CC0011,Department 3,2025-03-15,Marketing,Marketing,10974.2
EXP0001958,6200,CC0004,Department 4,2025-08-09,SG&A,Administrative,3275.37
EXP0001959,6200,CC0001,Department 1,2026-05-13,SG&A,Administrative,24196.37
EXP0001960,6400,CC0010,Department 2,2026-04-17,Marketing,Marketing,17325.16
EXP0001961,6300,CC0005,Department 5,2026-10-17,Marketing,Marketing,10102.32
EXP0001962,6500,CC0008,Department 8,2026-08-28,Sales,Sales,6614.15
EXP0001963,6500,CC0018,Department 2,2025-10-28,Operations,Administrative,21313.58
EXP0001964,6500,CC0011,Department 3,2025-01-06,Marketing,Marketing,21314.74
EXP0001965,6300,CC0012,Department 4,2025-01-05,SG&A,Administrative,10937.51
EXP0001966,6200,CC0020,Department 4,2026-04-13,Operations,Administrative,8832.59
EXP0001967,6400,CC0014,Department 6,2026-12-15,Operations,Administrative,10818.15
EXP0001968,6400,CC0020,Department 4,2026-03-02,SG&A,Administrative,15725.21
EXP0001969,6300,CC0006,Department 6,2026-04-30,Operations,Administrative,18585.76
EXP0001970,6400,CC0003,Department 3,2025-03-31,SG&A,Administrative,17222.38
EXP0001971,6300,CC0009,Department 1,2026-06-23,Marketing,Marketing,2726.98
EXP0001972,6100,CC0014,Department 6,2026-05-05,SG&A,Administrative,727.06
EXP0001973,6400,CC0016,Department 8,2026-04-25,Sales,Sales,9257.57
EXP0001974,6500,CC0014,Department 6,2026-11-15,Sales,Sales,23083.7
EXP0001975,6200,CC0009,Department 1,2026-02-15,Operations,Administrative,23126.79
EXP0001976,6100,CC0011,Department 3,2025-07-10,Marketing,Marketing,14516.36
EXP0001977,6300,CC0014,Department 6,2026-02-15,Sales,Sales,20503.53
EXP0001978,6500,CC0002,Department 2,2026-04-24,SG&A,Administrative,18940.86
EXP0001979,6300,CC0002,Department 2,2026-02-23,Sales,Sales,11608.11
EXP0001980,6300,CC0002,Department 2,2025-02-10,Marketing,Marketing,9962.47
EXP0001981,6400,CC0019,Department 3,2026-01-11,Operations,Administrative,12694.5
EXP0001982,6100,CC0001,Department 1,2026-01-04,SG&A,Administrative,24955.37
EXP0001983,6200,CC0019,Department 3,2025-11-07,Operations,Administrative,7989.38
EXP0001984,6400,CC0019,Department 3,2025-10-24,Operations,Administrative,18134.59
EXP0001985,6500,CC0004,Department 4,2025-06-21,Operations,Administrative,8586.44
EXP0001986,6100,CC0003,Department 3,2025-10-17,SG&A,Administrative,865.46
EXP0001987,6400,CC0008,Department 8,2026-04-29,Operations,Administrative,5386.76
EXP0001988,6400,CC0001,Department 1,2026-01-13,SG&A,Administrative,1771.94
EXP0001989,6300,CC0013,Department 5,2025-10-18,Sales,Sales,15253.63
EXP0001990,6300,CC0006,Department 6,2025-09-07,Operations,Administrative,20269.47
EXP0001991,6100,CC0020,Department 4,2026-05-15,Sales,Sales,3201.68
EXP0001992,6300,CC0013,Department 5,2025-03-12,Marketing,Marketing,8714.45
EXP0001993,6500,CC0011,Department 3,2026-12-20,Operations,Administrative,4705.81
EXP0001994,6100,CC0008,Department 8,2025-03-11,Marketing,Marketing,22140.3
EXP0001995,6400,CC0009,Department 1,2025-06-29,Sales,Sales,1001.64
EXP0001996,6400,CC0012,Department 4,2025-04-10,Marketing,Marketing,19715.7
EXP0001997,6500,CC0007,Department 7,2025-09-06,SG&A,Administrative,24135.35
EXP0001998,6400,CC0017,Department 1,2026-03-01,SG&A,Administrative,1773.12
EXP0001999,6300,CC0011,Department 3,2026-10-21,SG&A,Administrative,13132.02
EXP0002000,6300,CC0010,Department 2,2026-06-10,Operations,Administrative,21440.17
EXP0002001,6200,CC0019,Department 3,2025-02-10,SG&A,Administrative,18470.44
EXP0002002,6300,CC0002,Department 2,2026-06-02,SG&A,Administrative,1506.18
EXP0002003,6400,CC0019,Department 3,2026-03-04,Sales,Sales,9460.66
EXP0002004,6100,CC0006,Department 6,2025-11-09,Sales,Sales,13607.18
EXP0002005,6200,CC0016,Department 8,2025-11-27,Sales,Sales,23119.81
EXP0002006,6100,CC0015,Department 7,2025-04-24,Sales,Sales,11233.47
EXP0002007,6300,CC0016,Department 8,2026-10-12,SG&A,Administrative,11565.34
EXP0002008,6300,CC0019,Department 3,2026-08-31,Operations,Administrative,11536.98
EXP0002009,6100,CC0007,Department 7,2026-03-21,Operations,Administrative,18061.86
EXP0002010,6300,CC0015,Department 7,2026-02-16,SG&A,Administrative,12381.45
EXP0002011,6100,CC0006,Department 6,2026-04-02,Sales,Sales,6424.08
EXP0002012,6100,CC0017,Department 1,2026-11-11,Operations,Administrative,2524.99
EXP0002013,6400,CC0015,Department 7,2025-06-22,Sales,Sales,17024.61
EXP0002014,6300,CC0018,Department 2,2026-09-23,SG&A,Administrative,16644.62
EXP0002015,6400,CC0012,Department 4,2025-09-03,Sales,Sales,2105.02
EXP0002016,6300,CC0020,Department 4,2026-10-19,Marketing,Marketing,21115.24
EXP0002017,6100,CC0001,Department 1,2025-04-04,Marketing,Marketing,3927.63
EXP0002018,6300,CC0017,Department 1,2026-08-23,Sales,Sales,17881.49
EXP0002019,6200,CC0017,Department 1,2025-05-05,Operations,Administrative,10173.61
EXP0002020,6500,CC0008,Department 8,2025-03-14,Marketing,Marketing,5221.97
EXP0002021,6200,CC0002,Department 2,2025-09-17,Operations,Administrative,2397.6
EXP0002022,6400,CC0016,Department 8,2025-09-16,Sales,Sales,20099.62
EXP0002023,6100,CC0005,Department 5,2026-03-01,Operations,Administrative,7810.81
EXP0002024,6500,CC0013,Department 5,2025-06-03,SG&A,Administrative,9673.98
EXP0002025,6500,CC0007,Department 7,2025-03-06,Operations,Administrative,9565.71
EXP0002026,6100,CC0018,Department 2,2026-09-08,Operations,Administrative,22080.07
EXP0002027,6400,CC0009,Department 1,2025-09-13,Operations,Administrative,19237.55
EXP0002028,6400,CC0002,Department 2,2025-01-03,Operations,Administrative,13450.74
EXP0002029,6200,CC0001,Department 1,2025-01-31,SG&A,Administrative,5095.16
EXP0002030,6200,CC0007,Department 7,2025-10-25,SG&A,Administrative,8986.19
EXP0002031,6500,CC0011,Department 3,2025-03-31,SG&A,Administrative,16219.64
EXP0002032,6500,CC0003,Department 3,2026-08-23,Marketing,Marketing,24686.62
EXP0002033,6300,CC0002,Department 2,2025-05-07,Sales,Sales,19166.49
EXP0002034,6400,CC0011,Department 3,2026-02-12,Marketing,Marketing,14144.67
EXP0002035,6100,CC0011,Department 3,2026-08-28,Sales,Sales,14266.74
EXP0002036,6300,CC0011,Department 3,2025-07-30,Sales,Sales,22846.03
EXP0002037,6500,CC0014,Department 6,2026-09-07,SG&A,Administrative,6740.45
EXP0002038,6200,CC0011,Department 3,2026-06-16,Operations,Administrative,2684.34
EXP0002039,6200,CC0012,Department 4,2026-08-09,SG&A,Administrative,8583.55
EXP0002040,6200,CC0019,Department 3,2025-03-02,Operations,Administrative,16596.41
EXP0002041,6200,CC0009,Department 1,2026-07-15,SG&A,Administrative,21352.51
EXP0002042,6200,CC0005,Department 5,2026-08-24,Sales,Sales,19491.82
EXP0002043,6400,CC0017,Department 1,2026-05-08,Marketing,Marketing,10484.35
EXP0002044,6300,CC0003,Department 3,2026-12-16,SG&A,Administrative,941.73
EXP0002045,6200,CC0002,Department 2,2025-01-19,Operations,Administrative,3001.7
EXP0002046,6200,CC0001,Department 1,2026-01-27,Sales,Sales,9490.28
EXP0002047,6400,CC0016,Department 8,2026-02-18,Operations,Administrative,24463.8
EXP0002048,6100,CC0019,Department 3,2025-04-29,Operations,Administrative,786.14
EXP0002049,6100,CC0008,Department 8,2025-09-16,SG&A,Administrative,17752.37
EXP0002050,6300,CC0005,Department 5,2026-06-02,Operations,Administrative,12509.46
EXP0002051,6100,CC0020,Department 4,2025-07-02,Marketing,Marketing,12002.45
EXP0002052,6300,CC0013,Department 5,2025-03-24,SG&A,Administrative,11055.0
EXP0002053,6300,CC0017,Department 1,2026-06-11,Marketing,Marketing,21860.17
EXP0002054,6400,CC0018,Department 2,2025-04-14,Sales,Sales,7021.08
EXP0002055,6500,CC0013,Department 5,2025-10-30,Marketing,Marketing,16760.36
EXP0002056,6500,CC0020,Department 4,2025-10-05,Sales,Sales,2782.5
EXP0002057,6400,CC0004,Department 4,2026-11-16,SG&A,Administrative,2221.56
EXP0002058,6100,CC0004,Department 4,2025-10-25,Operations,Administrative,22966.34
EXP0002059,6100,CC0019,Department 3,2025-12-04,Sales,Sales,6667.28
EXP0002060,6100,CC0006,Department 6,2025-09-10,SG&A,Administrative,19367.72
EXP0002061,6500,CC0007,Department 7,2026-05-20,SG&A,Administrative,21387.96
EXP0002062,6400,CC0020,Department 4,2025-07-16,Marketing,Marketing,9974.23
EXP0002063,6500,CC0012,Department 4,2025-05-17,Operations,Administrative,9032.7
EXP0002064,6300,CC0001,Department 1,2026-04-01,Sales,Sales,1221.85
EXP0002065,6400,CC0009,Department 1,2026-12-28,Marketing,Marketing,10616.75
EXP0002066,6500,CC0009,Department 1,2025-09-19,Operations,Administrative,376.48
EXP0002067,6400,CC0009,Department 1,2026-10-08,Operations,Administrative,10524.95
EXP0002068,6100,CC0009,Department 1,2026-10-05,Sales,Sales,3214.7
EXP0002069,6500,CC0019,Department 3,2026-04-15,SG&A,Administrative,14366.61
EXP0002070,6400,CC0008,Department 8,2025-05-08,Sales,Sales,21864.25
EXP0002071,6200,CC0005,Department 5,2025-09-04,Sales,Sales,22934.78
EXP0002072,6400,CC0009,Department 1,2026-06-22,SG&A,Administrative,16119.19
EXP0002073,6200,CC0020,Department 4,2026-11-24,Operations,Administrative,2388.19
EXP0002074,6500,CC0005,Department 5,2026-08-05,SG&A,Administrative,8400.83
EXP0002075,6200,CC0013,Department 5,2026-06-09,Operations,Administrative,2858.07
EXP0002076,6500,CC0005,Department 5,2025-11-06,Marketing,Marketing,1391.13
EXP0002077,6500,CC0017,Department 1,2025-04-29,Sales,Sales,16796.92
EXP0002078,6500,CC0007,Department 7,2025-06-04,Sales,Sales,16676.21
EXP0002079,6500,CC0007,Department 7,2026-12-03,SG&A,Administrative,2163.79
EXP0002080,6500,CC0019,Department 3,2025-09-23,Marketing,Marketing,22768.55
EXP0002081,6300,CC0018,Department 2,2026-09-02,Sales,Sales,12421.47
EXP0002082,6200,CC0005,Department 5,2026-08-25,Operations,Administrative,18673.87
EXP0002083,6100,CC0013,Department 5,2025-01-18,Operations,Administrative,12982.38
EXP0002084,6300,CC0001,Department 1,2026-09-03,Operations,Administrative,3448.8
EXP0002085,6200,CC0018,Department 2,2025-11-29,SG&A,Administrative,23967.74
EXP0002086,6100,CC0020,Department 4,2025-01-18,Operations,Administrative,6019.72
EXP0002087,6500,CC0007,Department 7,2026-07-20,Sales,Sales,23864.13
EXP0002088,6200,CC0017,Department 1,2025-07-14,Sales,Sales,8081.46
EXP0002089,6200,CC0018,Department 2,2025-10-31,Operations,Administrative,18379.12
EXP0002090,6200,CC0016,Department 8,2026-04-22,SG&A,Administrative,7862.56
EXP0002091,6500,CC0002,Department 2,2026-08-15,Sales,Sales,6196.38
EXP0002092,6400,CC0013,Department 5,2025-03-20,Operations,Administrative,9519.51
EXP0002093,6500,CC0011,Department 3,2026-02-23,Operations,Administrative,21536.53
EXP0002094,6400,CC0013,Department 5,2026-07-17,Sales,Sales,9773.17
EXP0002095,6300,CC0017,Department 1,2026-02-09,Marketing,Marketing,944.88
EXP0002096,6500,CC0018,Department 2,2025-05-28,SG&A,Administrative,16357.41
EXP0002097,6400,CC0015,Department 7,2025-02-20,Sales,Sales,19890.48
EXP0002098,6400,CC0007,Department 7,2025-07-05,Marketing,Marketing,5346.33
EXP0002099,6400,CC0012,Department 4,2026-08-21,Sales,Sales,2186.35
EXP0002100,6300,CC0012,Department 4,2025-12-12,Marketing,Marketing,16589.01
EXP0002101,6400,CC0004,Department 4,2025-02-18,Operations,Administrative,16354.65
EXP0002102,6400,CC0009,Department 1,2026-03-31,SG&A,Administrative,17805.01
EXP0002103,6300,CC0016,Department 8,2025-01-20,Operations,Administrative,20697.36
EXP0002104,6300,CC0009,Department 1,2026-05-29,Operations,Administrative,17198.03
EXP0002105,6500,CC0002,Department 2,2025-01-22,Marketing,Marketing,22510.58
EXP0002106,6300,CC0002,Department 2,2026-09-08,Operations,Administrative,22416.6
EXP0002107,6200,CC0019,Department 3,2025-02-04,Sales,Sales,18069.88
EXP0002108,6100,CC0013,Department 5,2026-06-10,Sales,Sales,22134.63
EXP0002109,6400,CC0014,Department 6,2025-07-21,Sales,Sales,12463.05
EXP0002110,6500,CC0001,Department 1,2026-06-20,Operations,Administrative,2687.84
EXP0002111,6400,CC0017,Department 1,2026-07-08,Marketing,Marketing,2068.65
EXP0002112,6500,CC0010,Department 2,2026-01-19,Operations,Administrative,16801.64
EXP0002113,6100,CC0020,Department 4,2026-07-14,Marketing,Marketing,9918.16
EXP0002114,6500,CC0004,Department 4,2026-09-05,Sales,Sales,17874.73
EXP0002115,6400,CC0006,Department 6,2025-10-11,Marketing,Marketing,16281.73
EXP0002116,6500,CC0018,Department 2,2025-03-10,SG&A,Administrative,6214.87
EXP0002117,6300,CC0002,Department 2,2025-01-31,Operations,Administrative,6084.35
EXP0002118,6200,CC0016,Department 8,2025-03-31,Sales,Sales,4135.86
EXP0002119,6200,CC0013,Department 5,2026-09-01,SG&A,Administrative,10965.15
EXP0002120,6200,CC0013,Department 5,2025-10-08,Sales,Sales,5797.63
EXP0002121,6300,CC0005,Department 5,2026-04-12,Sales,Sales,12141.27
EXP0002122,6200,CC0019,Department 3,2025-05-12,Operations,Administrative,12178.55
EXP0002123,6100,CC0015,Department 7,2026-04-04,Marketing,Marketing,16958.88
EXP0002124,6200,CC0007,Department 7,2026-03-15,SG&A,Administrative,2633.29
EXP0002125,6300,CC0012,Department 4,2025-02-08,Operations,Administrative,8678.98
EXP0002126,6500,CC0003,Department 3,2026-05-24,Marketing,Marketing,15143.89
EXP0002127,6300,CC0005,Department 5,2026-10-20,SG&A,Administrative,21012.27
EXP0002128,6400,CC0003,Department 3,2026-11-20,Operations,Administrative,2210.13
EXP0002129,6300,CC0018,Department 2,2026-07-18,Operations,Administrative,14893.5
EXP0002130,6100,CC0009,Department 1,2025-07-01,Marketing,Marketing,23341.73
EXP0002131,6100,CC0004,Department 4,2025-03-10,Sales,Sales,16316.42
EXP0002132,6500,CC0016,Department 8,2025-09-06,SG&A,Administrative,2566.15
EXP0002133,6400,CC0019,Department 3,2026-03-29,Sales,Sales,18592.0
EXP0002134,6400,CC0008,Department 8,2025-06-29,Operations,Administrative,481.63
EXP0002135,6400,CC0012,Department 4,2026-03-22,Operations,Administrative,5361.61
EXP0002136,6300,CC0010,Department 2,2026-06-14,Operations,Administrative,6332.51
EXP0002137,6100,CC0005,Department 5,2025-05-16,Marketing,Marketing,4868.45
EXP0002138,6500,CC0017,Department 1,2025-12-05,Marketing,Marketing,22306.37
EXP0002139,6300,CC0018,Department 2,2026-05-26,SG&A,Administrative,23534.72
EXP0002140,6200,CC0016,Department 8,2026-03-18,SG&A,Administrative,20309.04
EXP0002141,6200,CC0007,Department 7,2025-09-21,Operations,Administrative,20078.19
EXP0002142,6200,CC0008,Department 8,2025-09-08,SG&A,Administrative,4138.13
EXP0002143,6100,CC0018,Department 2,2025-02-28,SG&A,Administrative,14037.89
EXP0002144,6200,CC0017,Department 1,2026-04-18,SG&A,Administrative,7735.02
EXP0002145,6400,CC0010,Department 2,2026-06-18,SG&A,Administrative,22604.15
EXP0002146,6300,CC0007,Department 7,2026-05-29,Marketing,Marketing,8771.45
EXP0002147,6300,CC0013,Department 5,2025-11-29,Marketing,Marketing,14827.28
EXP0002148,6500,CC0018,Department 2,2025-11-21,Operations,Administrative,16988.95
EXP0002149,6300,CC0018,Department 2,2026-08-12,SG&A,Administrative,1169.0
EXP0002150,6400,CC0006,Department 6,2026-02-13,Operations,Administrative,19796.95
EXP0002151,6300,CC0013,Department 5,2026-01-12,Operations,Administrative,663.86
EXP0002152,6100,CC0001,Department 1,2025-01-12,Marketing,Marketing,6198.9
EXP0002153,6400,CC0010,Department 2,2025-02-14,SG&A,Administrative,16062.14
EXP0002154,6300,CC0008,Department 8,2026-09-21,Marketing,Marketing,15022.36
EXP0002155,6100,CC0018,Department 2,2026-12-17,Sales,Sales,5901.29
EXP0002156,6500,CC0004,Department 4,2025-08-23,Marketing,Marketing,4784.7
EXP0002157,6500,CC0015,Department 7,2025-10-06,Marketing,Marketing,23956.88
EXP0002158,6100,CC0009,Department 1,2025-06-25,Sales,Sales,11016.71
EXP0002159,6300,CC0016,Department 8,2026-01-07,Operations,Administrative,10005.23
EXP0002160,6400,CC0011,Department 3,2026-07-05,Sales,Sales,14722.34
EXP0002161,6400,CC0004,Department 4,2026-07-13,SG&A,Administrative,8280.29
EXP0002162,6400,CC0009,Department 1,2026-03-21,Marketing,Marketing,12855.08
EXP0002163,6300,CC0002,Department 2,2026-01-01,Marketing,Marketing,8232.08
EXP0002164,6400,CC0020,Department 4,2025-12-13,SG&A,Administrative,1211.32
EXP0002165,6200,CC0010,Department 2,2026-08-14,Sales,Sales,19187.37
EXP0002166,6400,CC0016,Department 8,2026-01-23,SG&A,Administrative,8791.03
EXP0002167,6400,CC0008,Department 8,2025-05-23,Marketing,Marketing,10958.0
EXP0002168,6100,CC0006,Department 6,2026-03-12,Sales,Sales,23380.44
EXP0002169,6100,CC0015,Department 7,2026-03-18,Marketing,Marketing,24663.65
EXP0002170,6200,CC0005,Department 5,2026-02-07,Operations,Administrative,23221.58
EXP0002171,6100,CC0001,Department 1,2025-11-24,Operations,Administrative,8328.52
EXP0002172,6400,CC0004,Department 4,2026-05-02,Operations,Administrative,10231.19
EXP0002173,6500,CC0007,Department 7,2025-11-03,Marketing,Marketing,20209.8
EXP0002174,6500,CC0007,Department 7,2025-05-24,Marketing,Marketing,6045.52
EXP0002175,6200,CC0014,Department 6,2025-06-15,Operations,Administrative,11776.59
EXP0002176,6500,CC0003,Department 3,2026-08-06,SG&A,Administrative,17026.72
EXP0002177,6300,CC0001,Department 1,2026-02-15,SG&A,Administrative,8876.67
EXP0002178,6500,CC0001,Department 1,2026-09-11,Operations,Administrative,4460.07
EXP0002179,6100,CC0007,Department 7,2026-10-30,SG&A,Administrative,19328.61
EXP0002180,6400,CC0007,Department 7,2025-10-18,Marketing,Marketing,9256.21
EXP0002181,6500,CC0011,Department 3,2025-03-28,Marketing,Marketing,23230.54
EXP0002182,6300,CC0015,Department 7,2026-07-21,Marketing,Marketing,12747.79
EXP0002183,6400,CC0003,Department 3,2026-10-20,Sales,Sales,2570.47
EXP0002184,6100,CC0013,Department 5,2025-08-28,Operations,Administrative,15233.4
EXP0002185,6200,CC0007,Department 7,2025-12-06,Sales,Sales,15679.49
EXP0002186,6300,CC0015,Department 7,2025-02-24,Operations,Administrative,796.64
EXP0002187,6400,CC0015,Department 7,2026-04-28,Marketing,Marketing,6033.32
EXP0002188,6200,CC0017,Department 1,2026-12-26,Marketing,Marketing,14587.44
EXP0002189,6500,CC0016,Department 8,2026-10-27,Operations,Administrative,19043.12
EXP0002190,6500,CC0004,Department 4,2025-09-07,SG&A,Administrative,19242.73
EXP0002191,6300,CC0008,Department 8,2025-08-22,Operations,Administrative,17810.9
EXP0002192,6400,CC0020,Department 4,2025-10-11,Marketing,Marketing,12767.94
EXP0002193,6400,CC0008,Department 8,2026-07-26,SG&A,Administrative,21565.89
EXP0002194,6400,CC0010,Department 2,2025-12-31,Marketing,Marketing,10025.75
EXP0002195,6500,CC0004,Department 4,2025-09-20,SG&A,Administrative,21355.03
EXP0002196,6400,CC0002,Department 2,2025-04-01,Marketing,Marketing,7617.15
EXP0002197,6100,CC0006,Department 6,2026-01-05,Operations,Administrative,2537.62
EXP0002198,6200,CC0016,Department 8,2025-04-08,Sales,Sales,4309.71
EXP0002199,6100,CC0015,Department 7,2026-01-11,Sales,Sales,1321.29
EXP0002200,6300,CC0011,Department 3,2026-09-24,Operations,Administrative,10283.97
EXP0002201,6100,CC0011,Department 3,2025-11-01,Marketing,Marketing,10275.2
EXP0002202,6300,CC0015,Department 7,2025-04-21,Marketing,Marketing,15390.01
EXP0002203,6500,CC0009,Department 1,2025-08-28,Sales,Sales,19896.87
EXP0002204,6500,CC0009,Department 1,2025-05-31,SG&A,Administrative,13781.09
EXP0002205,6500,CC0014,Department 6,2025-01-18,Operations,Administrative,6483.77
EXP0002206,6500,CC0017,Department 1,2025-07-17,Marketing,Marketing,4683.3
EXP0002207,6100,CC0010,Department 2,2025-06-10,SG&A,Administrative,3455.59
EXP0002208,6200,CC0007,Department 7,2026-10-05,Operations,Administrative,14610.73
EXP0002209,6500,CC0007,Department 7,2026-07-13,Marketing,Marketing,13303.68
EXP0002210,6200,CC0015,Department 7,2026-05-15,Operations,Administrative,3165.17
EXP0002211,6200,CC0008,Department 8,2025-11-19,SG&A,Administrative,8740.48
EXP0002212,6200,CC0016,Department 8,2025-09-22,Marketing,Marketing,23365.79
EXP0002213,6500,CC0011,Department 3,2025-01-28,Marketing,Marketing,11075.9
EXP0002214,6100,CC0017,Department 1,2026-02-20,Marketing,Marketing,23717.0
EXP0002215,6100,CC0001,Department 1,2026-04-19,Sales,Sales,14888.3
EXP0002216,6400,CC0017,Department 1,2026-06-02,Operations,Administrative,6025.08
EXP0002217,6400,CC0017,Department 1,2025-07-29,Operations,Administrative,7358.08
EXP0002218,6200,CC0007,Department 7,2025-09-06,SG&A,Administrative,7376.15
EXP0002219,6400,CC0019,Department 3,2025-10-05,Operations,Administrative,19279.22
EXP0002220,6400,CC0002,Department 2,2025-05-16,Operations,Administrative,13936.23
EXP0002221,6300,CC0014,Department 6,2026-04-26,SG&A,Administrative,14015.13
EXP0002222,6300,CC0007,Department 7,2026-07-02,Marketing,Marketing,20645.21
EXP0002223,6500,CC0007,Department 7,2025-01-14,Operations,Administrative,22354.78
EXP0002224,6300,CC0001,Department 1,2025-09-11,Sales,Sales,9495.25
EXP0002225,6200,CC0003,Department 3,2026-01-31,Operations,Administrative,1353.08
EXP0002226,6200,CC0001,Department 1,2026-03-21,SG&A,Administrative,4309.89
EXP0002227,6200,CC0004,Department 4,2026-07-28,SG&A,Administrative,16558.99
EXP0002228,6100,CC0014,Department 6,2025-08-11,SG&A,Administrative,2177.26
EXP0002229,6500,CC0008,Department 8,2026-06-06,SG&A,Administrative,17088.94
EXP0002230,6400,CC0006,Department 6,2026-09-09,Operations,Administrative,4349.69
EXP0002231,6500,CC0005,Department 5,2025-07-19,SG&A,Administrative,2685.3
EXP0002232,6400,CC0006,Department 6,2025-07-02,Operations,Administrative,11089.91
EXP0002233,6500,CC0012,Department 4,2025-12-19,Marketing,Marketing,4937.52
EXP0002234,6500,CC0007,Department 7,2025-11-26,Operations,Administrative,18973.23
EXP0002235,6200,CC0020,Department 4,2026-06-04,Operations,Administrative,7529.87
EXP0002236,6500,CC0013,Department 5,2026-07-01,Marketing,Marketing,2510.55
EXP0002237,6300,CC0011,Department 3,2025-05-22,SG&A,Administrative,21822.77
EXP0002238,6500,CC0019,Department 3,2025-11-18,Marketing,Marketing,10545.46
EXP0002239,6100,CC0007,Department 7,2026-07-22,Marketing,Marketing,19288.68
EXP0002240,6400,CC0018,Department 2,2026-01-13,Sales,Sales,18193.51
EXP0002241,6500,CC0017,Department 1,2026-08-12,Sales,Sales,16654.24
EXP0002242,6100,CC0009,Department 1,2025-05-22,SG&A,Administrative,20181.78
EXP0002243,6400,CC0011,Department 3,2026-06-11,Sales,Sales,3068.19
EXP0002244,6300,CC0016,Department 8,2026-06-07,SG&A,Administrative,22041.19
EXP0002245,6200,CC0018,Department 2,2025-04-12,SG&A,Administrative,14780.38
EXP0002246,6500,CC0004,Department 4,2026-06-23,SG&A,Administrative,2168.91
EXP0002247,6200,CC0009,Department 1,2025-02-06,Operations,Administrative,14225.51
EXP0002248,6100,CC0018,Department 2,2026-07-01,Marketing,Marketing,13142.17
EXP0002249,6100,CC0001,Department 1,2025-02-06,Operations,Administrative,21998.77
EXP0002250,6200,CC0012,Department 4,2026-12-03,Operations,Administrative,12423.45
EXP0002251,6100,CC0008,Department 8,2025-07-26,Operations,Administrative,7049.66
EXP0002252,6100,CC0002,Department 2,2026-08-31,Operations,Administrative,14775.58
EXP0002253,6200,CC0010,Department 2,2025-09-08,Marketing,Marketing,21433.98
EXP0002254,6300,CC0007,Department 7,2025-06-14,Sales,Sales,7126.88
EXP0002255,6400,CC0018,Department 2,2025-05-04,Marketing,Marketing,20273.99
EXP0002256,6400,CC0016,Department 8,2026-12-26,Operations,Administrative,18522.39
EXP0002257,6100,CC0004,Department 4,2025-04-09,Sales,Sales,20956.6
EXP0002258,6300,CC0008,Department 8,2026-02-22,Operations,Administrative,2672.45
EXP0002259,6400,CC0008,Department 8,2025-01-24,Operations,Administrative,15000.54
EXP0002260,6500,CC0003,Department 3,2025-08-02,Marketing,Marketing,6481.62
EXP0002261,6400,CC0008,Department 8,2026-12-27,Sales,Sales,5702.92
EXP0002262,6400,CC0003,Department 3,2026-06-19,Sales,Sales,9770.45
EXP0002263,6400,CC0006,Department 6,2025-11-14,SG&A,Administrative,17120.91
EXP0002264,6400,CC0005,Department 5,2026-09-06,Marketing,Marketing,12676.73
EXP0002265,6100,CC0019,Department 3,2025-12-04,Sales,Sales,21009.59
EXP0002266,6400,CC0016,Department 8,2026-11-06,Operations,Administrative,14692.3
EXP0002267,6500,CC0006,Department 6,2025-02-27,Marketing,Marketing,17298.58
EXP0002268,6400,CC0004,Department 4,2026-06-17,Sales,Sales,14514.47
EXP0002269,6400,CC0018,Department 2,2026-11-13,Sales,Sales,3135.25
EXP0002270,6300,CC0013,Department 5,2026-11-01,Operations,Administrative,20374.82
EXP0002271,6200,CC0007,Department 7,2026-02-27,SG&A,Administrative,12929.45
EXP0002272,6100,CC0003,Department 3,2026-05-10,Marketing,Marketing,22354.49
EXP0002273,6300,CC0011,Department 3,2025-06-17,SG&A,Administrative,10382.24
EXP0002274,6100,CC0016,Department 8,2026-07-26,Marketing,Marketing,19819.05
EXP0002275,6500,CC0008,Department 8,2025-10-10,Marketing,Marketing,17091.84
EXP0002276,6300,CC0020,Department 4,2025-06-18,Operations,Administrative,21782.24
EXP0002277,6300,CC0013,Department 5,2026-10-27,Operations,Administrative,20488.96
EXP0002278,6500,CC0008,Department 8,2025-01-13,SG&A,Administrative,8479.26
EXP0002279,6200,CC0015,Department 7,2026-10-15,Operations,Administrative,832.64
EXP0002280,6400,CC0012,Department 4,2025-12-16,Operations,Administrative,15719.37
EXP0002281,6500,CC0009,Department 1,2025-08-07,Operations,Administrative,18563.53
EXP0002282,6500,CC0015,Department 7,2025-03-10,Sales,Sales,16804.27
EXP0002283,6400,CC0005,Department 5,2025-02-28,Sales,Sales,7715.49
EXP0002284,6400,CC0010,Department 2,2026-02-19,Marketing,Marketing,6639.02
EXP0002285,6300,CC0007,Department 7,2026-11-23,Operations,Administrative,10497.56
EXP0002286,6300,CC0013,Department 5,2026-09-21,Marketing,Marketing,17870.8
EXP0002287,6300,CC0010,Department 2,2026-09-03,SG&A,Administrative,17212.32
EXP0002288,6400,CC0011,Department 3,2025-06-16,SG&A,Administrative,22332.44
EXP0002289,6200,CC0010,Department 2,2026-07-23,Operations,Administrative,2737.36
EXP0002290,6200,CC0003,Department 3,2025-09-02,Sales,Sales,5599.26
EXP0002291,6200,CC0018,Department 2,2025-04-06,Marketing,Marketing,352.16
EXP0002292,6400,CC0004,Department 4,2026-03-17,SG&A,Administrative,9608.27
EXP0002293,6400,CC0013,Department 5,2025-12-14,SG&A,Administrative,7862.43
EXP0002294,6500,CC0001,Department 1,2025-08-08,Operations,Administrative,7498.8
EXP0002295,6200,CC0013,Department 5,2026-08-27,Operations,Administrative,4002.47
EXP0002296,6100,CC0015,Department 7,2025-07-11,Marketing,Marketing,3217.54
EXP0002297,6400,CC0002,Department 2,2026-04-07,Marketing,Marketing,19246.41
EXP0002298,6200,CC0010,Department 2,2025-06-04,Operations,Administrative,8122.98
EXP0002299,6300,CC0013,Department 5,2025-02-09,Operations,Administrative,11564.48
EXP0002300,6200,CC0003,Department 3,2026-02-18,Sales,Sales,8771.43
EXP0002301,6500,CC0008,Department 8,2025-09-15,Operations,Administrative,23995.58
EXP0002302,6500,CC0020,Department 4,2026-11-21,Sales,Sales,460.09
EXP0002303,6500,CC0016,Department 8,2025-03-06,SG&A,Administrative,12505.9
EXP0002304,6100,CC0003,Department 3,2026-05-11,Operations,Administrative,15144.66
EXP0002305,6500,CC0013,Department 5,2025-07-17,Marketing,Marketing,23562.54
EXP0002306,6200,CC0005,Department 5,2025-08-02,Operations,Administrative,3396.46
EXP0002307,6300,CC0007,Department 7,2025-12-24,SG&A,Administrative,19483.18
EXP0002308,6300,CC0008,Department 8,2026-12-26,Sales,Sales,7423.21
EXP0002309,6100,CC0008,Department 8,2025-07-07,Sales,Sales,13077.19
EXP0002310,6500,CC0013,Department 5,2025-09-07,Marketing,Marketing,5069.87
EXP0002311,6400,CC0014,Department 6,2026-07-15,Marketing,Marketing,13742.56
EXP0002312,6500,CC0006,Department 6,2026-04-30,SG&A,Administrative,10264.34
EXP0002313,6100,CC0012,Department 4,2025-02-12,Marketing,Marketing,18320.2
EXP0002314,6500,CC0008,Department 8,2026-03-09,SG&A,Administrative,1100.41
EXP0002315,6100,CC0013,Department 5,2025-02-16,Marketing,Marketing,18336.38
EXP0002316,6400,CC0016,Department 8,2025-10-05,Marketing,Marketing,6532.74
EXP0002317,6400,CC0017,Department 1,2026-08-31,SG&A,Administrative,18608.85
EXP0002318,6300,CC0018,Department 2,2026-12-10,Marketing,Marketing,12561.83
EXP0002319,6200,CC0010,Department 2,2025-06-22,Operations,Administrative,18386.09
EXP0002320,6100,CC0001,Department 1,2025-10-27,SG&A,Administrative,14043.52
EXP0002321,6300,CC0011,Department 3,2026-01-07,Operations,Administrative,11981.41
EXP0002322,6500,CC0004,Department 4,2025-01-24,Marketing,Marketing,20442.07
EXP0002323,6500,CC0008,Department 8,2025-09-23,Operations,Administrative,1324.75
EXP0002324,6300,CC0001,Department 1,2026-01-21,Sales,Sales,6331.54
EXP0002325,6300,CC0013,Department 5,2025-07-24,Marketing,Marketing,3886.51
EXP0002326,6300,CC0006,Department 6,2026-03-07,SG&A,Administrative,14461.88
EXP0002327,6100,CC0006,Department 6,2026-01-26,SG&A,Administrative,23348.84
EXP0002328,6100,CC0014,Department 6,2025-05-18,Sales,Sales,10754.49
EXP0002329,6400,CC0018,Department 2,2025-02-12,Marketing,Marketing,22763.95
EXP0002330,6100,CC0006,Department 6,2026-02-24,Sales,Sales,21917.39
EXP0002331,6200,CC0013,Department 5,2025-08-23,Sales,Sales,12017.39
EXP0002332,6200,CC0005,Department 5,2025-08-04,Sales,Sales,20796.58
EXP0002333,6300,CC0002,Department 2,2025-01-19,SG&A,Administrative,12367.01
EXP0002334,6300,CC0013,Department 5,2026-09-22,Sales,Sales,15082.34
EXP0002335,6500,CC0006,Department 6,2026-03-20,SG&A,Administrative,18898.64
EXP0002336,6500,CC0015,Department 7,2025-08-23,SG&A,Administrative,1242.86
EXP0002337,6200,CC0011,Department 3,2025-06-18,Marketing,Marketing,9596.02
EXP0002338,6300,CC0004,Department 4,2025-09-18,Sales,Sales,15837.42
EXP0002339,6200,CC0003,Department 3,2026-01-07,Marketing,Marketing,17716.34
EXP0002340,6500,CC0012,Department 4,2025-11-27,SG&A,Administrative,16342.66
EXP0002341,6400,CC0016,Department 8,2025-11-19,Operations,Administrative,10780.23
EXP0002342,6300,CC0014,Department 6,2025-10-01,SG&A,Administrative,4139.56
EXP0002343,6100,CC0004,Department 4,2025-01-11,SG&A,Administrative,22648.94
EXP0002344,6200,CC0005,Department 5,2025-05-07,Marketing,Marketing,19390.98
EXP0002345,6400,CC0017,Department 1,2026-03-12,Marketing,Marketing,6032.07
EXP0002346,6100,CC0018,Department 2,2026-04-01,Marketing,Marketing,16118.98
EXP0002347,6300,CC0017,Department 1,2026-09-08,SG&A,Administrative,7036.46
EXP0002348,6400,CC0011,Department 3,2025-07-06,Operations,Administrative,23988.55
EXP0002349,6100,CC0009,Department 1,2026-01-11,Operations,Administrative,16561.47
EXP0002350,6500,CC0005,Department 5,2026-12-13,Operations,Administrative,3049.17
EXP0002351,6300,CC0010,Department 2,2026-06-06,SG&A,Administrative,1162.51
EXP0002352,6400,CC0009,Department 1,2025-04-15,Marketing,Marketing,5616.5
EXP0002353,6300,CC0010,Department 2,2026-01-11,SG&A,Administrative,22567.65
EXP0002354,6500,CC0007,Department 7,2026-01-05,Marketing,Marketing,7441.56
EXP0002355,6200,CC0016,Department 8,2026-03-02,Marketing,Marketing,9835.06
EXP0002356,6500,CC0005,Department 5,2026-06-18,Marketing,Marketing,9458.44
EXP0002357,6200,CC0002,Department 2,2026-04-21,SG&A,Administrative,8006.07
EXP0002358,6400,CC0016,Department 8,2026-09-05,Operations,Administrative,15043.4
EXP0002359,6300,CC0020,Department 4,2025-10-31,Marketing,Marketing,9855.93
EXP0002360,6200,CC0012,Department 4,2026-12-08,SG&A,Administrative,14657.99
EXP0002361,6200,CC0015,Department 7,2025-11-26,Sales,Sales,6848.9
EXP0002362,6500,CC0013,Department 5,2026-04-08,Operations,Administrative,11854.08
EXP0002363,6300,CC0008,Department 8,2026-04-13,SG&A,Administrative,4646.05
EXP0002364,6100,CC0016,Department 8,2025-07-21,Marketing,Marketing,16319.23
EXP0002365,6400,CC0002,Department 2,2026-03-15,Marketing,Marketing,23573.47
EXP0002366,6100,CC0005,Department 5,2026-10-12,Operations,Administrative,1657.47
EXP0002367,6500,CC0008,Department 8,2025-11-30,Operations,Administrative,19835.18
EXP0002368,6200,CC0016,Department 8,2026-12-18,SG&A,Administrative,10872.89
EXP0002369,6100,CC0008,Department 8,2026-03-08,Sales,Sales,11797.38
EXP0002370,6300,CC0007,Department 7,2025-09-06,SG&A,Administrative,22047.36
EXP0002371,6100,CC0016,Department 8,2025-09-21,SG&A,Administrative,10698.15
EXP0002372,6400,CC0008,Department 8,2026-11-18,Marketing,Marketing,3683.4
EXP0002373,6200,CC0006,Department 6,2026-11-10,SG&A,Administrative,5584.47
EXP0002374,6100,CC0019,Department 3,2025-01-13,Operations,Administrative,4020.6
EXP0002375,6500,CC0017,Department 1,2026-07-13,Sales,Sales,5341.5
EXP0002376,6200,CC0013,Department 5,2025-12-04,Operations,Administrative,5813.85
EXP0002377,6500,CC0012,Department 4,2025-07-25,Operations,Administrative,21637.1
EXP0002378,6300,CC0007,Department 7,2025-02-13,Marketing,Marketing,1987.2
EXP0002379,6400,CC0018,Department 2,2026-03-19,Sales,Sales,3534.9
EXP0002380,6100,CC0008,Department 8,2026-03-18,Sales,Sales,5015.98
EXP0002381,6100,CC0013,Department 5,2026-05-19,Sales,Sales,15506.04
EXP0002382,6300,CC0020,Department 4,2025-04-09,Operations,Administrative,23918.86
EXP0002383,6500,CC0011,Department 3,2025-11-22,Sales,Sales,20458.05
EXP0002384,6400,CC0001,Department 1,2025-10-27,Operations,Administrative,19337.23
EXP0002385,6300,CC0014,Department 6,2025-08-13,SG&A,Administrative,17271.62
EXP0002386,6200,CC0012,Department 4,2025-05-24,Sales,Sales,9873.1
EXP0002387,6300,CC0012,Department 4,2026-09-01,SG&A,Administrative,5079.74
EXP0002388,6400,CC0009,Department 1,2025-05-16,SG&A,Administrative,8775.05
EXP0002389,6100,CC0016,Department 8,2026-02-08,Operations,Administrative,6205.21
EXP0002390,6100,CC0008,Department 8,2025-01-18,Operations,Administrative,2719.83
EXP0002391,6400,CC0011,Department 3,2026-01-30,Operations,Administrative,4898.42
EXP0002392,6200,CC0018,Department 2,2026-07-18,Sales,Sales,19517.68
EXP0002393,6100,CC0009,Department 1,2026-05-21,Marketing,Marketing,9643.16
EXP0002394,6300,CC0005,Department 5,2026-09-23,SG&A,Administrative,22399.07
EXP0002395,6500,CC0012,Department 4,2025-10-28,Marketing,Marketing,1838.64
EXP0002396,6500,CC0018,Department 2,2026-01-01,Marketing,Marketing,6793.88
EXP0002397,6200,CC0018,Department 2,2025-02-08,SG&A,Administrative,21658.89
EXP0002398,6400,CC0004,Department 4,2026-12-28,Marketing,Marketing,22946.69
EXP0002399,6300,CC0002,Department 2,2025-08-02,Sales,Sales,4585.46
EXP0002400,6500,CC0018,Department 2,2026-01-03,Sales,Sales,24167.89
EXP0002401,6200,CC0002,Department 2,2025-03-14,Marketing,Marketing,9792.19
EXP0002402,6500,CC0010,Department 2,2026-05-12,Marketing,Marketing,23703.22
EXP0002403,6500,CC0009,Department 1,2026-05-08,SG&A,Administrative,22346.54
EXP0002404,6300,CC0010,Department 2,2026-06-26,Operations,Administrative,5351.64
EXP0002405,6300,CC0004,Department 4,2025-06-28,Sales,Sales,22837.41
EXP0002406,6400,CC0015,Department 7,2026-09-07,Marketing,Marketing,9908.59
EXP0002407,6100,CC0012,Department 4,2025-11-06,SG&A,Administrative,15779.75
EXP0002408,6400,CC0002,Department 2,2025-08-21,SG&A,Administrative,17151.88
EXP0002409,6300,CC0017,Department 1,2026-05-17,SG&A,Administrative,2409.65
EXP0002410,6400,CC0017,Department 1,2026-11-23,Operations,Administrative,13665.9
EXP0002411,6400,CC0013,Department 5,2025-09-09,SG&A,Administrative,12537.83
EXP0002412,6300,CC0017,Department 1,2025-01-28,Operations,Administrative,23780.81
EXP0002413,6200,CC0019,Department 3,2026-04-12,Marketing,Marketing,15736.28
EXP0002414,6300,CC0003,Department 3,2025-11-05,Marketing,Marketing,22635.8
EXP0002415,6200,CC0020,Department 4,2026-04-07,Marketing,Marketing,8698.67
EXP0002416,6300,CC0003,Department 3,2025-03-24,Sales,Sales,20039.93
EXP0002417,6400,CC0009,Department 1,2025-04-01,Sales,Sales,11175.67
EXP0002418,6500,CC0006,Department 6,2026-10-17,Sales,Sales,15735.92
EXP0002419,6500,CC0011,Department 3,2025-08-10,SG&A,Administrative,20581.52
EXP0002420,6400,CC0005,Department 5,2025-06-16,Operations,Administrative,9167.57
EXP0002421,6500,CC0017,Department 1,2025-05-14,Marketing,Marketing,2898.07
EXP0002422,6200,CC0009,Department 1,2025-10-19,Marketing,Marketing,13855.08
EXP0002423,6500,CC0012,Department 4,2025-12-14,Operations,Administrative,2913.28
EXP0002424,6200,CC0002,Department 2,2025-12-04,Marketing,Marketing,11844.35
EXP0002425,6200,CC0018,Department 2,2025-11-19,SG&A,Administrative,3883.15
EXP0002426,6300,CC0019,Department 3,2026-01-10,Marketing,Marketing,16243.73
EXP0002427,6100,CC0009,Department 1,2026-02-27,SG&A,Administrative,20811.51
EXP0002428,6100,CC0014,Department 6,2025-04-27,Sales,Sales,19887.5
EXP0002429,6500,CC0002,Department 2,2025-10-01,Operations,Administrative,14522.1
EXP0002430,6300,CC0011,Department 3,2026-03-25,SG&A,Administrative,10527.02
EXP0002431,6200,CC0017,Department 1,2025-10-09,Operations,Administrative,12634.82
EXP0002432,6500,CC0013,Department 5,2025-08-17,SG&A,Administrative,3178.16
EXP0002433,6400,CC0003,Department 3,2026-08-27,Operations,Administrative,15860.53
EXP0002434,6100,CC0008,Department 8,2026-10-08,Operations,Administrative,24283.66
EXP0002435,6200,CC0005,Department 5,2026-10-06,Operations,Administrative,12047.49
EXP0002436,6200,CC0015,Department 7,2025-07-08,Operations,Administrative,363.74
EXP0002437,6500,CC0004,Department 4,2025-10-27,SG&A,Administrative,9148.17
EXP0002438,6100,CC0016,Department 8,2025-02-11,Sales,Sales,11438.48
EXP0002439,6400,CC0015,Department 7,2025-12-15,SG&A,Administrative,2011.29
EXP0002440,6500,CC0005,Department 5,2026-05-12,Operations,Administrative,22382.17
EXP0002441,6200,CC0017,Department 1,2025-12-15,Marketing,Marketing,15653.16
EXP0002442,6500,CC0014,Department 6,2025-04-03,Marketing,Marketing,2195.98
EXP0002443,6500,CC0002,Department 2,2026-05-08,Marketing,Marketing,6129.86
EXP0002444,6100,CC0015,Department 7,2026-09-12,Operations,Administrative,21551.4
EXP0002445,6500,CC0001,Department 1,2026-11-12,Operations,Administrative,9085.68
EXP0002446,6200,CC0016,Department 8,2025-01-17,Marketing,Marketing,2686.97
EXP0002447,6500,CC0004,Department 4,2026-07-18,SG&A,Administrative,7434.67
EXP0002448,6100,CC0020,Department 4,2026-04-27,SG&A,Administrative,12382.65
EXP0002449,6500,CC0010,Department 2,2025-01-23,Marketing,Marketing,21643.37
EXP0002450,6300,CC0006,Department 6,2025-07-10,Marketing,Marketing,4386.86
EXP0002451,6200,CC0003,Department 3,2025-11-23,Sales,Sales,13605.82
EXP0002452,6500,CC0001,Department 1,2026-04-13,Marketing,Marketing,3576.06
EXP0002453,6500,CC0014,Department 6,2025-12-25,Operations,Administrative,13190.1
EXP0002454,6500,CC0004,Department 4,2025-10-18,Operations,Administrative,8490.57
EXP0002455,6200,CC0009,Department 1,2026-09-08,Marketing,Marketing,10714.37
EXP0002456,6100,CC0002,Department 2,2025-09-15,Marketing,Marketing,12092.51
EXP0002457,6100,CC0012,Department 4,2025-10-11,SG&A,Administrative,6422.52
EXP0002458,6200,CC0018,Department 2,2026-03-20,SG&A,Administrative,11031.13
EXP0002459,6300,CC0008,Department 8,2026-09-02,SG&A,Administrative,4915.51
EXP0002460,6400,CC0005,Department 5,2026-03-18,SG&A,Administrative,23647.74
EXP0002461,6300,CC0003,Department 3,2026-11-23,Marketing,Marketing,5208.82
EXP0002462,6500,CC0017,Department 1,2026-11-03,SG&A,Administrative,9768.81
EXP0002463,6400,CC0019,Department 3,2025-12-27,Sales,Sales,14986.1
EXP0002464,6300,CC0005,Department 5,2026-08-05,Marketing,Marketing,272.99
EXP0002465,6400,CC0018,Department 2,2026-11-10,SG&A,Administrative,6080.7
EXP0002466,6100,CC0014,Department 6,2025-12-30,Operations,Administrative,2138.42
EXP0002467,6400,CC0015,Department 7,2025-09-22,SG&A,Administrative,17310.92
EXP0002468,6100,CC0020,Department 4,2026-08-24,SG&A,Administrative,21241.7
EXP0002469,6100,CC0012,Department 4,2025-07-22,SG&A,Administrative,8917.71
EXP0002470,6400,CC0020,Department 4,2026-03-26,Marketing,Marketing,21497.56
EXP0002471,6400,CC0008,Department 8,2025-12-01,SG&A,Administrative,1239.69
EXP0002472,6500,CC0004,Department 4,2026-10-06,Marketing,Marketing,9410.65
EXP0002473,6400,CC0012,Department 4,2025-02-11,Operations,Administrative,2038.0
EXP0002474,6300,CC0020,Department 4,2025-04-20,Operations,Administrative,1021.12
EXP0002475,6300,CC0020,Department 4,2025-07-20,SG&A,Administrative,238.27
EXP0002476,6500,CC0010,Department 2,2025-06-20,SG&A,Administrative,8054.4
EXP0002477,6200,CC0004,Department 4,2025-05-09,SG&A,Administrative,24108.96
EXP0002478,6300,CC0013,Department 5,2025-05-30,Operations,Administrative,18807.22
EXP0002479,6300,CC0008,Department 8,2025-07-31,Operations,Administrative,10632.4
EXP0002480,6200,CC0008,Department 8,2026-03-18,Sales,Sales,145.78
EXP0002481,6200,CC0015,Department 7,2026-01-14,Sales,Sales,21279.92
EXP0002482,6300,CC0012,Department 4,2025-06-19,Marketing,Marketing,18196.86
EXP0002483,6300,CC0019,Department 3,2025-09-07,Marketing,Marketing,2122.2
EXP0002484,6400,CC0013,Department 5,2026-05-31,SG&A,Administrative,3654.53
EXP0002485,6100,CC0011,Department 3,2026-03-20,SG&A,Administrative,12236.89
EXP0002486,6100,CC0018,Department 2,2026-06-29,Sales,Sales,16200.64
EXP0002487,6300,CC0004,Department 4,2026-07-15,SG&A,Administrative,2049.34
EXP0002488,6100,CC0001,Department 1,2026-01-15,SG&A,Administrative,14304.67
EXP0002489,6300,CC0007,Department 7,2025-03-28,Sales,Sales,442.78
EXP0002490,6500,CC0004,Department 4,2025-04-05,Sales,Sales,17617.77
EXP0002491,6300,CC0005,Department 5,2026-06-24,Marketing,Marketing,12647.44
EXP0002492,6100,CC0015,Department 7,2026-12-25,Operations,Administrative,4257.12
EXP0002493,6400,CC0018,Department 2,2026-10-15,SG&A,Administrative,17707.26
EXP0002494,6400,CC0004,Department 4,2026-09-16,Sales,Sales,776.0
EXP0002495,6400,CC0005,Department 5,2026-06-07,Sales,Sales,3742.85
EXP0002496,6200,CC0011,Department 3,2026-10-20,SG&A,Administrative,18676.76
EXP0002497,6500,CC0013,Department 5,2026-02-23,SG&A,Administrative,23415.13
EXP0002498,6200,CC0002,Department 2,2025-02-22,Operations,Administrative,6930.2
EXP0002499,6300,CC0012,Department 4,2026-09-11,Sales,Sales,3698.0
EXP0002500,6300,CC0005,Department 5,2025-05-19,SG&A,Administrative,9287.88
EXP0002501,6300,CC0007,Department 7,2025-04-20,Sales,Sales,16667.08
EXP0002502,6500,CC0009,Department 1,2025-11-28,Operations,Administrative,20111.66
EXP0002503,6300,CC0009,Department 1,2026-05-12,Operations,Administrative,20815.29
EXP0002504,6300,CC0006,Department 6,2026-01-25,SG&A,Administrative,4433.64
EXP0002505,6400,CC0006,Department 6,2026-10-23,Marketing,Marketing,2719.31
EXP0002506,6400,CC0013,Department 5,2026-08-31,Operations,Administrative,20079.89
EXP0002507,6100,CC0011,Department 3,2025-12-11,Marketing,Marketing,2066.64
EXP0002508,6200,CC0018,Department 2,2025-04-18,Marketing,Marketing,6753.03
EXP0002509,6200,CC0018,Department 2,2026-09-09,Marketing,Marketing,5429.69
EXP0002510,6100,CC0010,Department 2,2026-10-16,Sales,Sales,16845.46
EXP0002511,6300,CC0004,Department 4,2026-07-13,Operations,Administrative,15344.61
EXP0002512,6100,CC0003,Department 3,2026-04-24,Operations,Administrative,13866.8
EXP0002513,6400,CC0002,Department 2,2026-05-01,Sales,Sales,10312.13
EXP0002514,6200,CC0004,Department 4,2025-08-20,SG&A,Administrative,659.64
EXP0002515,6200,CC0008,Department 8,2025-12-22,Operations,Administrative,24410.13
EXP0002516,6300,CC0006,Department 6,2025-03-29,Marketing,Marketing,411.62
EXP0002517,6200,CC0013,Department 5,2025-09-27,Operations,Administrative,16875.6
EXP0002518,6400,CC0019,Department 3,2026-01-19,Operations,Administrative,375.42
EXP0002519,6100,CC0003,Department 3,2026-12-17,Marketing,Marketing,5977.37
EXP0002520,6400,CC0008,Department 8,2025-02-21,Sales,Sales,16633.9
EXP0002521,6500,CC0012,Department 4,2025-04-20,Sales,Sales,5617.67
EXP0002522,6100,CC0016,Department 8,2025-05-24,Sales,Sales,5262.06
EXP0002523,6200,CC0008,Department 8,2026-07-01,Operations,Administrative,14427.35
EXP0002524,6400,CC0015,Department 7,2025-12-23,Sales,Sales,13698.19
EXP0002525,6400,CC0007,Department 7,2026-06-03,Sales,Sales,5001.58
EXP0002526,6200,CC0005,Department 5,2026-01-13,Operations,Administrative,5634.28
EXP0002527,6200,CC0009,Department 1,2025-02-08,Sales,Sales,6289.13
EXP0002528,6200,CC0019,Department 3,2026-10-23,SG&A,Administrative,10567.26
EXP0002529,6400,CC0020,Department 4,2025-06-04,Operations,Administrative,8347.15
EXP0002530,6200,CC0019,Department 3,2025-08-30,Operations,Administrative,23801.43
EXP0002531,6400,CC0002,Department 2,2025-02-27,SG&A,Administrative,4971.93
EXP0002532,6400,CC0018,Department 2,2025-03-14,Operations,Administrative,3336.8
EXP0002533,6100,CC0005,Department 5,2025-01-15,SG&A,Administrative,15776.21
EXP0002534,6100,CC0007,Department 7,2025-06-27,Marketing,Marketing,2129.11
EXP0002535,6300,CC0001,Department 1,2025-07-12,Operations,Administrative,11902.12
EXP0002536,6300,CC0020,Department 4,2026-01-17,Operations,Administrative,23363.54
EXP0002537,6400,CC0019,Department 3,2026-10-13,Sales,Sales,17538.42
EXP0002538,6400,CC0003,Department 3,2025-09-10,SG&A,Administrative,19955.23
EXP0002539,6100,CC0005,Department 5,2025-01-20,Operations,Administrative,243.43
EXP0002540,6500,CC0017,Department 1,2025-09-05,Sales,Sales,10768.88
EXP0002541,6400,CC0001,Department 1,2026-02-18,SG&A,Administrative,18747.55
EXP0002542,6200,CC0018,Department 2,2025-08-07,SG&A,Administrative,5089.71
EXP0002543,6200,CC0013,Department 5,2026-06-05,SG&A,Administrative,23663.39
EXP0002544,6100,CC0017,Department 1,2026-05-01,SG&A,Administrative,16868.95
EXP0002545,6400,CC0005,Department 5,2025-12-18,Marketing,Marketing,1099.28
EXP0002546,6200,CC0014,Department 6,2026-10-16,SG&A,Administrative,3578.77
EXP0002547,6100,CC0002,Department 2,2026-11-27,Operations,Administrative,7243.21
EXP0002548,6500,CC0006,Department 6,2025-09-14,Sales,Sales,10870.24
EXP0002549,6500,CC0003,Department 3,2025-10-31,Sales,Sales,4641.56
EXP0002550,6200,CC0003,Department 3,2025-07-25,Sales,Sales,14034.88
EXP0002551,6200,CC0015,Department 7,2025-07-23,Marketing,Marketing,611.13
EXP0002552,6300,CC0015,Department 7,2025-07-28,Operations,Administrative,5387.73
EXP0002553,6300,CC0016,Department 8,2025-10-05,Operations,Administrative,20001.16
EXP0002554,6200,CC0010,Department 2,2025-01-12,Marketing,Marketing,23631.21
EXP0002555,6100,CC0012,Department 4,2025-12-30,Sales,Sales,3267.33
EXP0002556,6500,CC0006,Department 6,2025-11-12,Marketing,Marketing,22523.88
EXP0002557,6400,CC0011,Department 3,2026-10-16,Sales,Sales,23118.12
EXP0002558,6100,CC0002,Department 2,2026-11-06,Operations,Administrative,22526.55
EXP0002559,6200,CC0004,Department 4,2025-10-15,SG&A,Administrative,5837.75
EXP0002560,6200,CC0016,Department 8,2026-03-14,SG&A,Administrative,5606.23
EXP0002561,6100,CC0015,Department 7,2026-08-11,SG&A,Administrative,325.67
EXP0002562,6400,CC0007,Department 7,2025-07-20,SG&A,Administrative,22487.96
EXP0002563,6400,CC0012,Department 4,2026-12-28,SG&A,Administrative,4509.22
EXP0002564,6400,CC0016,Department 8,2025-01-09,Operations,Administrative,20098.08
EXP0002565,6300,CC0019,Department 3,2025-12-07,SG&A,Administrative,5095.7
EXP0002566,6500,CC0003,Department 3,2026-02-16,Sales,Sales,9078.41
EXP0002567,6300,CC0016,Department 8,2026-12-02,Operations,Administrative,7668.23
EXP0002568,6400,CC0009,Department 1,2026-07-30,SG&A,Administrative,24154.69
EXP0002569,6200,CC0015,Department 7,2025-03-31,Operations,Administrative,18685.49
EXP0002570,6200,CC0012,Department 4,2026-02-22,Operations,Administrative,14742.49
EXP0002571,6500,CC0014,Department 6,2025-07-03,Operations,Administrative,22809.21
EXP0002572,6100,CC0009,Department 1,2026-11-03,Marketing,Marketing,7377.98
EXP0002573,6100,CC0014,Department 6,2025-10-20,Operations,Administrative,350.4
EXP0002574,6500,CC0016,Department 8,2025-01-01,Sales,Sales,5236.5
EXP0002575,6100,CC0019,Department 3,2026-01-27,Sales,Sales,2577.69
EXP0002576,6300,CC0016,Department 8,2026-10-29,Sales,Sales,15357.76
EXP0002577,6400,CC0002,Department 2,2025-05-06,Marketing,Marketing,2195.29
EXP0002578,6500,CC0002,Department 2,2026-04-17,Sales,Sales,15496.81
EXP0002579,6100,CC0004,Department 4,2025-01-30,SG&A,Administrative,1712.41
EXP0002580,6400,CC0005,Department 5,2026-07-06,Marketing,Marketing,1044.73
EXP0002581,6100,CC0012,Department 4,2026-02-22,Marketing,Marketing,3630.7
EXP0002582,6400,CC0018,Department 2,2025-08-26,Sales,Sales,3281.92
EXP0002583,6500,CC0002,Department 2,2025-11-02,Marketing,Marketing,14579.79
EXP0002584,6300,CC0012,Department 4,2025-02-24,SG&A,Administrative,6925.97
EXP0002585,6300,CC0008,Department 8,2025-03-11,Operations,Administrative,13191.61
EXP0002586,6100,CC0015,Department 7,2025-05-02,Marketing,Marketing,8892.8
EXP0002587,6200,CC0004,Department 4,2025-05-14,Marketing,Marketing,21999.31
EXP0002588,6200,CC0016,Department 8,2025-03-24,Marketing,Marketing,639.62
EXP0002589,6400,CC0002,Department 2,2025-11-14,Operations,Administrative,17214.57
EXP0002590,6200,CC0004,Department 4,2025-05-23,Operations,Administrative,1935.06
EXP0002591,6500,CC0003,Department 3,2026-01-10,Operations,Administrative,23260.86
EXP0002592,6400,CC0004,Department 4,2026-04-28,SG&A,Administrative,3310.13
EXP0002593,6100,CC0016,Department 8,2026-07-26,Marketing,Marketing,6829.73
EXP0002594,6400,CC0013,Department 5,2026-04-23,Sales,Sales,21769.47
EXP0002595,6100,CC0002,Department 2,2025-06-22,Operations,Administrative,23640.95
EXP0002596,6100,CC0012,Department 4,2026-06-18,Operations,Administrative,13850.92
EXP0002597,6300,CC0013,Department 5,2025-03-15,Marketing,Marketing,21924.5
EXP0002598,6100,CC0003,Department 3,2026-05-25,Operations,Administrative,16522.12
EXP0002599,6400,CC0015,Department 7,2026-08-13,Operations,Administrative,20849.45
EXP0002600,6500,CC0009,Department 1,2026-08-23,Sales,Sales,12005.23
EXP0002601,6200,CC0015,Department 7,2026-07-24,Operations,Administrative,10180.64
EXP0002602,6400,CC0019,Department 3,2025-05-04,SG&A,Administrative,15140.13
EXP0002603,6100,CC0013,Department 5,2025-07-19,SG&A,Administrative,12190.2
EXP0002604,6500,CC0006,Department 6,2026-10-20,Marketing,Marketing,12561.37
EXP0002605,6200,CC0008,Department 8,2025-10-08,SG&A,Administrative,16524.97
EXP0002606,6200,CC0012,Department 4,2026-06-01,Operations,Administrative,10266.31
EXP0002607,6500,CC0018,Department 2,2025-01-30,Operations,Administrative,4168.49
EXP0002608,6100,CC0008,Department 8,2025-05-11,SG&A,Administrative,16955.92
EXP0002609,6400,CC0017,Department 1,2026-04-12,Marketing,Marketing,11311.75
EXP0002610,6300,CC0010,Department 2,2025-06-27,Sales,Sales,19565.38
EXP0002611,6500,CC0011,Department 3,2026-03-13,Sales,Sales,131.17
EXP0002612,6100,CC0017,Department 1,2026-08-09,Sales,Sales,9894.11
EXP0002613,6100,CC0015,Department 7,2026-08-12,Marketing,Marketing,20750.07
EXP0002614,6300,CC0015,Department 7,2026-09-04,Operations,Administrative,5868.44
EXP0002615,6200,CC0018,Department 2,2026-04-05,Marketing,Marketing,7174.64
EXP0002616,6300,CC0013,Department 5,2025-06-14,Marketing,Marketing,17736.7
EXP0002617,6500,CC0009,Department 1,2025-10-05,Marketing,Marketing,11413.9
EXP0002618,6100,CC0006,Department 6,2025-06-24,Marketing,Marketing,23097.86
EXP0002619,6100,CC0007,Department 7,2025-01-08,Sales,Sales,223.55
EXP0002620,6500,CC0011,Department 3,2025-03-08,Marketing,Marketing,6502.76
EXP0002621,6300,CC0017,Department 1,2026-03-02,Marketing,Marketing,19848.62
EXP0002622,6200,CC0010,Department 2,2026-09-15,Sales,Sales,10931.0
EXP0002623,6300,CC0010,Department 2,2025-02-20,Marketing,Marketing,4046.8
EXP0002624,6100,CC0002,Department 2,2025-08-07,Marketing,Marketing,5055.97
EXP0002625,6200,CC0003,Department 3,2025-08-19,Operations,Administrative,10034.47
EXP0002626,6500,CC0019,Department 3,2026-07-09,Marketing,Marketing,6927.94
EXP0002627,6200,CC0006,Department 6,2025-10-29,SG&A,Administrative,1574.66
EXP0002628,6300,CC0018,Department 2,2026-09-12,Sales,Sales,23564.36
EXP0002629,6400,CC0008,Department 8,2026-01-16,Marketing,Marketing,3212.91
EXP0002630,6100,CC0006,Department 6,2026-06-06,SG&A,Administrative,13742.05
EXP0002631,6500,CC0002,Department 2,2025-02-05,SG&A,Administrative,2512.11
EXP0002632,6300,CC0020,Department 4,2026-05-15,Operations,Administrative,11748.28
EXP0002633,6300,CC0010,Department 2,2025-05-01,SG&A,Administrative,1010.25
EXP0002634,6100,CC0004,Department 4,2026-08-25,Operations,Administrative,19299.53
EXP0002635,6500,CC0004,Department 4,2026-04-13,SG&A,Administrative,23849.05
EXP0002636,6200,CC0018,Department 2,2025-05-25,Marketing,Marketing,12881.34
EXP0002637,6400,CC0011,Department 3,2025-10-31,Operations,Administrative,16427.01
EXP0002638,6400,CC0009,Department 1,2026-04-21,Operations,Administrative,7880.53
EXP0002639,6200,CC0002,Department 2,2026-12-09,Operations,Administrative,7053.71
EXP0002640,6300,CC0015,Department 7,2025-01-09,Sales,Sales,7513.18
EXP0002641,6400,CC0016,Department 8,2025-09-26,SG&A,Administrative,10198.81
EXP0002642,6100,CC0009,Department 1,2025-11-01,Sales,Sales,1294.17
EXP0002643,6100,CC0013,Department 5,2025-05-05,Marketing,Marketing,24749.06
EXP0002644,6200,CC0010,Department 2,2025-03-12,Marketing,Marketing,3762.0
EXP0002645,6400,CC0008,Department 8,2026-07-08,Operations,Administrative,11328.19
EXP0002646,6500,CC0018,Department 2,2025-11-06,Marketing,Marketing,18265.49
EXP0002647,6100,CC0017,Department 1,2025-11-11,Operations,Administrative,3625.1
EXP0002648,6500,CC0008,Department 8,2026-08-16,SG&A,Administrative,3448.41
EXP0002649,6300,CC0012,Department 4,2026-11-18,SG&A,Administrative,18436.33
EXP0002650,6300,CC0014,Department 6,2026-01-13,Marketing,Marketing,1115.8
EXP0002651,6400,CC0020,Department 4,2025-07-05,Operations,Administrative,12442.06
EXP0002652,6400,CC0007,Department 7,2025-04-19,Operations,Administrative,13351.02
EXP0002653,6200,CC0012,Department 4,2025-01-29,Sales,Sales,12409.32
EXP0002654,6100,CC0009,Department 1,2025-10-20,Marketing,Marketing,18651.97
EXP0002655,6300,CC0015,Department 7,2026-12-10,Sales,Sales,3458.44
EXP0002656,6500,CC0019,Department 3,2026-04-10,Marketing,Marketing,292.1
EXP0002657,6100,CC0004,Department 4,2026-07-27,Operations,Administrative,20502.82
EXP0002658,6300,CC0006,Department 6,2026-06-08,Sales,Sales,5909.19
EXP0002659,6500,CC0003,Department 3,2025-04-30,Sales,Sales,11397.24
EXP0002660,6300,CC0015,Department 7,2026-09-07,SG&A,Administrative,13837.44
EXP0002661,6500,CC0004,Department 4,2026-12-12,Marketing,Marketing,12988.75
EXP0002662,6100,CC0006,Department 6,2026-08-18,SG&A,Administrative,18294.46
EXP0002663,6300,CC0017,Department 1,2026-02-08,SG&A,Administrative,6770.08
EXP0002664,6500,CC0004,Department 4,2025-12-21,Marketing,Marketing,8264.21
EXP0002665,6500,CC0019,Department 3,2026-07-05,SG&A,Administrative,1759.43
EXP0002666,6300,CC0019,Department 3,2026-01-22,Operations,Administrative,16138.71
EXP0002667,6100,CC0007,Department 7,2025-09-04,Operations,Administrative,18264.83
EXP0002668,6200,CC0019,Department 3,2026-04-27,Sales,Sales,5792.28
EXP0002669,6100,CC0010,Department 2,2025-08-01,Sales,Sales,3170.47
EXP0002670,6100,CC0017,Department 1,2025-07-02,Sales,Sales,23305.35
EXP0002671,6300,CC0009,Department 1,2026-07-01,Operations,Administrative,758.52
EXP0002672,6500,CC0005,Department 5,2025-06-21,Sales,Sales,6038.77
EXP0002673,6100,CC0005,Department 5,2026-10-21,Marketing,Marketing,18434.32
EXP0002674,6500,CC0017,Department 1,2026-03-25,Marketing,Marketing,11238.2
EXP0002675,6200,CC0008,Department 8,2026-10-31,Sales,Sales,17268.87
EXP0002676,6100,CC0018,Department 2,2026-02-04,Marketing,Marketing,6023.09
EXP0002677,6100,CC0004,Department 4,2026-07-01,Sales,Sales,22301.21
EXP0002678,6100,CC0018,Department 2,2025-02-10,Operations,Administrative,15912.35
EXP0002679,6300,CC0018,Department 2,2025-02-21,Operations,Administrative,14450.1
EXP0002680,6400,CC0012,Department 4,2025-11-05,SG&A,Administrative,19422.51
EXP0002681,6200,CC0006,Department 6,2025-07-18,Sales,Sales,8387.01
EXP0002682,6100,CC0007,Department 7,2026-06-01,Operations,Administrative,11018.96
EXP0002683,6100,CC0011,Department 3,2026-03-05,Sales,Sales,11550.91
EXP0002684,6400,CC0020,Department 4,2025-09-22,Marketing,Marketing,3854.29
EXP0002685,6100,CC0002,Department 2,2026-10-23,Operations,Administrative,14299.41
EXP0002686,6500,CC0010,Department 2,2025-08-14,Sales,Sales,24711.65
EXP0002687,6500,CC0006,Department 6,2025-01-28,Sales,Sales,19006.87
EXP0002688,6500,CC0015,Department 7,2026-12-11,SG&A,Administrative,8626.7
EXP0002689,6300,CC0003,Department 3,2026-12-04,Marketing,Marketing,17871.45
EXP0002690,6200,CC0016,Department 8,2026-06-19,Sales,Sales,1422.48
EXP0002691,6400,CC0011,Department 3,2026-12-13,SG&A,Administrative,16023.92
EXP0002692,6300,CC0007,Department 7,2025-11-30,Marketing,Marketing,4838.92
EXP0002693,6500,CC0009,Department 1,2025-11-13,Sales,Sales,3823.62
EXP0002694,6500,CC0011,Department 3,2026-11-08,Operations,Administrative,11528.11
EXP0002695,6200,CC0013,Department 5,2026-10-15,SG&A,Administrative,13999.65
EXP0002696,6200,CC0013,Department 5,2025-01-08,SG&A,Administrative,6426.7
EXP0002697,6300,CC0006,Department 6,2026-11-01,Marketing,Marketing,9695.32
EXP0002698,6400,CC0009,Department 1,2026-02-16,Operations,Administrative,8108.13
EXP0002699,6200,CC0013,Department 5,2026-02-07,Operations,Administrative,118.43
EXP0002700,6100,CC0003,Department 3,2026-05-23,Marketing,Marketing,20435.18
EXP0002701,6300,CC0014,Department 6,2025-06-17,Sales,Sales,4316.42
EXP0002702,6100,CC0014,Department 6,2026-11-22,Operations,Administrative,16958.03
EXP0002703,6100,CC0015,Department 7,2026-03-20,SG&A,Administrative,24195.22
EXP0002704,6100,CC0001,Department 1,2026-10-07,Sales,Sales,17543.72
EXP0002705,6400,CC0007,Department 7,2026-08-05,Marketing,Marketing,16983.51
EXP0002706,6200,CC0014,Department 6,2026-01-30,Operations,Administrative,9836.09
EXP0002707,6300,CC0002,Department 2,2026-06-04,Sales,Sales,13768.27
EXP0002708,6400,CC0017,Department 1,2026-12-21,Marketing,Marketing,21856.55
EXP0002709,6300,CC0002,Department 2,2025-08-01,Sales,Sales,14041.27
EXP0002710,6400,CC0012,Department 4,2025-08-02,Operations,Administrative,15766.2
EXP0002711,6100,CC0016,Department 8,2025-08-30,Sales,Sales,11683.62
EXP0002712,6100,CC0001,Department 1,2025-09-16,Operations,Administrative,23210.48
EXP0002713,6200,CC0020,Department 4,2025-05-22,SG&A,Administrative,17409.32
EXP0002714,6500,CC0008,Department 8,2026-12-21,Sales,Sales,13408.83
EXP0002715,6200,CC0016,Department 8,2025-01-29,Sales,Sales,3604.61
EXP0002716,6300,CC0002,Department 2,2026-07-09,SG&A,Administrative,24298.54
EXP0002717,6100,CC0014,Department 6,2026-06-14,SG&A,Administrative,20260.75
EXP0002718,6300,CC0017,Department 1,2026-07-01,Operations,Administrative,10826.49
EXP0002719,6300,CC0007,Department 7,2025-07-20,Sales,Sales,14693.79
EXP0002720,6100,CC0009,Department 1,2025-02-13,Operations,Administrative,19397.47
EXP0002721,6300,CC0015,Department 7,2025-12-02,Marketing,Marketing,11203.62
EXP0002722,6500,CC0014,Department 6,2026-09-04,Marketing,Marketing,15235.19
EXP0002723,6100,CC0001,Department 1,2025-06-04,SG&A,Administrative,20387.43
EXP0002724,6400,CC0011,Department 3,2025-07-09,Sales,Sales,20041.21
EXP0002725,6200,CC0009,Department 1,2025-06-10,Operations,Administrative,7437.85
EXP0002726,6100,CC0011,Department 3,2026-07-14,Operations,Administrative,4757.55
EXP0002727,6300,CC0015,Department 7,2026-01-25,SG&A,Administrative,7401.87
EXP0002728,6500,CC0001,Department 1,2025-04-21,Marketing,Marketing,19497.68
EXP0002729,6200,CC0001,Department 1,2025-04-05,Sales,Sales,7644.64
EXP0002730,6300,CC0018,Department 2,2026-11-27,Marketing,Marketing,8999.59
EXP0002731,6400,CC0018,Department 2,2026-06-15,SG&A,Administrative,11609.31
EXP0002732,6300,CC0016,Department 8,2025-06-06,Marketing,Marketing,5102.43
EXP0002733,6500,CC0019,Department 3,2025-01-13,Operations,Administrative,7944.54
EXP0002734,6200,CC0010,Department 2,2026-10-10,Marketing,Marketing,5664.16
EXP0002735,6300,CC0001,Department 1,2025-03-30,Marketing,Marketing,1657.71
EXP0002736,6400,CC0018,Department 2,2025-08-13,Marketing,Marketing,20312.0
EXP0002737,6100,CC0015,Department 7,2026-09-22,SG&A,Administrative,5299.53
EXP0002738,6200,CC0006,Department 6,2025-07-03,Sales,Sales,21969.17
EXP0002739,6100,CC0015,Department 7,2026-08-03,Marketing,Marketing,9911.89
EXP0002740,6300,CC0008,Department 8,2026-12-08,Marketing,Marketing,2193.65
EXP0002741,6300,CC0017,Department 1,2025-01-20,SG&A,Administrative,23456.37
EXP0002742,6300,CC0018,Department 2,2025-11-13,SG&A,Administrative,3509.67
EXP0002743,6500,CC0012,Department 4,2026-06-03,Marketing,Marketing,199.55
EXP0002744,6300,CC0007,Department 7,2025-03-17,Marketing,Marketing,21805.36
EXP0002745,6100,CC0007,Department 7,2026-06-26,Operations,Administrative,2059.96
EXP0002746,6100,CC0013,Department 5,2026-09-14,Marketing,Marketing,7183.13
EXP0002747,6500,CC0005,Department 5,2026-04-21,Sales,Sales,19785.78
EXP0002748,6500,CC0003,Department 3,2026-09-14,Marketing,Marketing,4811.1
EXP0002749,6300,CC0016,Department 8,2025-06-22,Operations,Administrative,8934.19
EXP0002750,6300,CC0020,Department 4,2025-08-23,Sales,Sales,488.76
EXP0002751,6200,CC0014,Department 6,2025-05-31,Sales,Sales,20888.19
EXP0002752,6400,CC0002,Department 2,2025-10-01,Operations,Administrative,5239.45
EXP0002753,6200,CC0001,Department 1,2025-04-02,SG&A,Administrative,24050.16
EXP0002754,6300,CC0011,Department 3,2025-05-07,Sales,Sales,22868.41
EXP0002755,6200,CC0019,Department 3,2026-06-17,Sales,Sales,11662.27
EXP0002756,6400,CC0016,Department 8,2026-07-18,Sales,Sales,1857.32
EXP0002757,6200,CC0004,Department 4,2025-05-11,Operations,Administrative,14312.55
EXP0002758,6300,CC0018,Department 2,2026-02-26,Sales,Sales,20916.94
EXP0002759,6100,CC0013,Department 5,2026-05-13,Sales,Sales,9287.48
EXP0002760,6500,CC0004,Department 4,2026-06-20,SG&A,Administrative,21942.82
EXP0002761,6100,CC0002,Department 2,2025-03-29,Marketing,Marketing,9338.65
EXP0002762,6400,CC0001,Department 1,2026-11-15,SG&A,Administrative,4113.8
EXP0002763,6300,CC0015,Department 7,2025-06-24,Operations,Administrative,1892.89
EXP0002764,6200,CC0016,Department 8,2026-12-14,Marketing,Marketing,4266.32
EXP0002765,6200,CC0010,Department 2,2025-07-05,Marketing,Marketing,3634.69
EXP0002766,6100,CC0007,Department 7,2025-02-06,Operations,Administrative,17513.74
EXP0002767,6100,CC0006,Department 6,2026-01-31,Marketing,Marketing,5933.23
EXP0002768,6400,CC0009,Department 1,2025-05-12,Marketing,Marketing,6368.98
EXP0002769,6200,CC0008,Department 8,2026-03-02,Marketing,Marketing,4955.72
EXP0002770,6400,CC0019,Department 3,2026-06-22,Marketing,Marketing,1474.74
EXP0002771,6500,CC0013,Department 5,2026-03-12,Marketing,Marketing,6944.58
EXP0002772,6300,CC0019,Department 3,2026-05-09,Marketing,Marketing,3459.8
EXP0002773,6300,CC0015,Department 7,2026-08-08,Marketing,Marketing,18237.25
EXP0002774,6400,CC0006,Department 6,2026-11-06,SG&A,Administrative,8640.71
EXP0002775,6400,CC0005,Department 5,2025-06-21,Operations,Administrative,8604.64
EXP0002776,6100,CC0017,Department 1,2026-06-05,Operations,Administrative,7126.76
EXP0002777,6500,CC0013,Department 5,2025-12-12,Marketing,Marketing,5019.77
EXP0002778,6100,CC0015,Department 7,2026-09-09,Operations,Administrative,5081.51
EXP0002779,6100,CC0017,Department 1,2026-07-07,Sales,Sales,6765.05
EXP0002780,6400,CC0010,Department 2,2026-03-17,Sales,Sales,8583.55
EXP0002781,6400,CC0010,Department 2,2026-07-09,Marketing,Marketing,18576.98
EXP0002782,6100,CC0016,Department 8,2026-08-23,Marketing,Marketing,13648.06
EXP0002783,6100,CC0010,Department 2,2026-01-03,Operations,Administrative,17283.04
EXP0002784,6300,CC0004,Department 4,2025-01-23,Operations,Administrative,12019.37
EXP0002785,6400,CC0019,Department 3,2025-03-07,Marketing,Marketing,10690.2
EXP0002786,6100,CC0004,Department 4,2026-05-02,SG&A,Administrative,15947.56
EXP0002787,6200,CC0014,Department 6,2025-08-29,Sales,Sales,824.02
EXP0002788,6300,CC0009,Department 1,2026-10-21,Operations,Administrative,17183.62
EXP0002789,6500,CC0006,Department 6,2026-09-14,Operations,Administrative,4368.98
EXP0002790,6200,CC0001,Department 1,2026-04-18,Sales,Sales,8921.43
EXP0002791,6400,CC0020,Department 4,2025-10-05,Marketing,Marketing,1913.88
EXP0002792,6100,CC0013,Department 5,2026-07-23,Marketing,Marketing,5817.24
EXP0002793,6400,CC0018,Department 2,2025-12-30,SG&A,Administrative,10878.8
EXP0002794,6500,CC0004,Department 4,2026-06-10,Sales,Sales,13905.4
EXP0002795,6300,CC0010,Department 2,2025-05-05,Marketing,Marketing,9311.51
EXP0002796,6400,CC0016,Department 8,2025-02-21,SG&A,Administrative,11870.59
EXP0002797,6200,CC0007,Department 7,2025-10-26,Marketing,Marketing,11873.89
EXP0002798,6300,CC0016,Department 8,2026-09-30,Sales,Sales,9116.63
EXP0002799,6200,CC0008,Department 8,2025-01-28,Sales,Sales,15806.76
EXP0002800,6500,CC0014,Department 6,2025-04-15,Marketing,Marketing,126.66
EXP0002801,6400,CC0002,Department 2,2026-12-27,Sales,Sales,6007.09
EXP0002802,6500,CC0015,Department 7,2025-10-10,Marketing,Marketing,21625.71
EXP0002803,6300,CC0005,Department 5,2026-07-25,Marketing,Marketing,14259.29
EXP0002804,6300,CC0016,Department 8,2026-07-06,Sales,Sales,8840.37
EXP0002805,6300,CC0012,Department 4,2025-11-21,SG&A,Administrative,23751.38
EXP0002806,6500,CC0004,Department 4,2025-11-19,Operations,Administrative,19749.48
EXP0002807,6400,CC0001,Department 1,2025-10-14,SG&A,Administrative,1063.19
EXP0002808,6300,CC0013,Department 5,2026-04-25,Marketing,Marketing,17736.25
EXP0002809,6500,CC0020,Department 4,2026-12-11,Marketing,Marketing,3276.89
EXP0002810,6100,CC0003,Department 3,2026-07-23,Marketing,Marketing,8287.22
EXP0002811,6400,CC0020,Department 4,2025-02-23,Sales,Sales,13664.04
EXP0002812,6100,CC0010,Department 2,2025-02-15,Sales,Sales,15505.61
EXP0002813,6300,CC0007,Department 7,2025-09-29,Operations,Administrative,22623.74
EXP0002814,6500,CC0016,Department 8,2026-09-30,Operations,Administrative,12149.43
EXP0002815,6200,CC0005,Department 5,2026-03-07,Operations,Administrative,7446.17
EXP0002816,6300,CC0017,Department 1,2025-07-18,SG&A,Administrative,948.66
EXP0002817,6100,CC0004,Department 4,2026-12-04,Operations,Administrative,6804.48
EXP0002818,6200,CC0006,Department 6,2026-03-27,SG&A,Administrative,19298.0
EXP0002819,6300,CC0020,Department 4,2025-07-22,Sales,Sales,23711.18
EXP0002820,6300,CC0019,Department 3,2026-07-24,Marketing,Marketing,5107.31
EXP0002821,6500,CC0014,Department 6,2025-05-24,Marketing,Marketing,10793.53
EXP0002822,6400,CC0015,Department 7,2025-11-29,SG&A,Administrative,4998.8
EXP0002823,6200,CC0016,Department 8,2026-11-03,Marketing,Marketing,17749.8
EXP0002824,6500,CC0011,Department 3,2026-01-13,Sales,Sales,23716.2
EXP0002825,6300,CC0009,Department 1,2025-04-23,Sales,Sales,12708.1
EXP0002826,6500,CC0013,Department 5,2025-06-13,Marketing,Marketing,1997.73
EXP0002827,6400,CC0020,Department 4,2026-02-03,Operations,Administrative,7732.82
EXP0002828,6300,CC0009,Department 1,2026-11-21,SG&A,Administrative,9454.43
EXP0002829,6100,CC0015,Department 7,2025-03-15,Operations,Administrative,1778.31
EXP0002830,6200,CC0014,Department 6,2025-11-02,Sales,Sales,24356.71
EXP0002831,6200,CC0016,Department 8,2025-08-04,Sales,Sales,15834.03
EXP0002832,6200,CC0020,Department 4,2025-01-16,SG&A,Administrative,5235.46
EXP0002833,6400,CC0008,Department 8,2026-01-30,Sales,Sales,7273.69
EXP0002834,6300,CC0019,Department 3,2025-10-20,Sales,Sales,1362.82
EXP0002835,6400,CC0010,Department 2,2025-01-31,SG&A,Administrative,11343.43
EXP0002836,6200,CC0014,Department 6,2026-04-15,Sales,Sales,22030.87
EXP0002837,6500,CC0001,Department 1,2025-08-28,Sales,Sales,15097.17
EXP0002838,6100,CC0009,Department 1,2026-12-03,SG&A,Administrative,7914.16
EXP0002839,6400,CC0020,Department 4,2026-08-09,Marketing,Marketing,7365.92
EXP0002840,6100,CC0002,Department 2,2026-07-25,Sales,Sales,528.29
EXP0002841,6200,CC0018,Department 2,2026-01-20,Operations,Administrative,7225.31
EXP0002842,6300,CC0007,Department 7,2025-01-19,Sales,Sales,10725.55
EXP0002843,6500,CC0018,Department 2,2026-11-10,Operations,Administrative,11080.82
EXP0002844,6400,CC0010,Department 2,2026-10-21,Operations,Administrative,12541.06
EXP0002845,6200,CC0003,Department 3,2026-08-02,Marketing,Marketing,14862.87
EXP0002846,6400,CC0014,Department 6,2025-07-14,Marketing,Marketing,5524.61
EXP0002847,6500,CC0003,Department 3,2025-04-25,Marketing,Marketing,13991.43
EXP0002848,6500,CC0019,Department 3,2026-07-18,Marketing,Marketing,213.96
EXP0002849,6500,CC0009,Department 1,2025-04-23,Operations,Administrative,15640.78
EXP0002850,6100,CC0015,Department 7,2026-02-28,Operations,Administrative,12665.51
EXP0002851,6400,CC0008,Department 8,2025-06-18,Sales,Sales,18525.89
EXP0002852,6500,CC0011,Department 3,2026-07-23,Sales,Sales,5529.04
EXP0002853,6200,CC0019,Department 3,2026-05-19,Sales,Sales,9635.24
EXP0002854,6100,CC0016,Department 8,2025-04-11,Sales,Sales,15766.2
EXP0002855,6200,CC0016,Department 8,2025-06-28,Marketing,Marketing,24747.61
EXP0002856,6500,CC0008,Department 8,2025-01-20,Sales,Sales,24936.77
EXP0002857,6500,CC0015,Department 7,2026-06-27,Marketing,Marketing,12592.7
EXP0002858,6500,CC0007,Department 7,2026-05-11,Marketing,Marketing,15879.3
EXP0002859,6200,CC0004,Department 4,2025-11-02,Operations,Administrative,6026.76
EXP0002860,6200,CC0010,Department 2,2026-10-15,SG&A,Administrative,1957.25
EXP0002861,6400,CC0009,Department 1,2026-12-27,Operations,Administrative,24111.87
EXP0002862,6300,CC0015,Department 7,2025-04-14,Marketing,Marketing,21481.81
EXP0002863,6200,CC0005,Department 5,2026-09-11,Operations,Administrative,7598.08
EXP0002864,6200,CC0005,Department 5,2026-10-01,Marketing,Marketing,14230.8
EXP0002865,6200,CC0009,Department 1,2025-08-20,Marketing,Marketing,17335.94
EXP0002866,6300,CC0015,Department 7,2025-04-22,SG&A,Administrative,22483.32
EXP0002867,6500,CC0007,Department 7,2025-12-22,Operations,Administrative,1837.52
EXP0002868,6200,CC0018,Department 2,2025-04-26,SG&A,Administrative,19838.32
EXP0002869,6100,CC0012,Department 4,2026-12-14,Sales,Sales,8436.96
EXP0002870,6300,CC0005,Department 5,2026-05-22,SG&A,Administrative,410.24
EXP0002871,6500,CC0004,Department 4,2026-07-22,Operations,Administrative,1514.34
EXP0002872,6300,CC0013,Department 5,2025-09-02,SG&A,Administrative,846.97
EXP0002873,6200,CC0010,Department 2,2026-01-08,Sales,Sales,20777.76
EXP0002874,6300,CC0005,Department 5,2026-02-24,Sales,Sales,9804.69
EXP0002875,6500,CC0002,Department 2,2026-02-18,Operations,Administrative,4519.99
EXP0002876,6200,CC0017,Department 1,2026-07-15,Marketing,Marketing,7446.61
EXP0002877,6500,CC0012,Department 4,2026-06-24,SG&A,Administrative,10866.53
EXP0002878,6100,CC0020,Department 4,2026-02-25,Marketing,Marketing,14386.95
EXP0002879,6300,CC0013,Department 5,2026-04-30,Sales,Sales,1366.09
EXP0002880,6300,CC0007,Department 7,2026-03-30,Operations,Administrative,18477.62
EXP0002881,6200,CC0016,Department 8,2026-06-10,SG&A,Administrative,24936.11
EXP0002882,6400,CC0020,Department 4,2025-01-16,SG&A,Administrative,7562.56
EXP0002883,6500,CC0006,Department 6,2026-06-14,Operations,Administrative,2695.23
EXP0002884,6400,CC0002,Department 2,2025-12-06,SG&A,Administrative,23284.74
EXP0002885,6500,CC0018,Department 2,2025-08-08,Sales,Sales,17296.34
EXP0002886,6200,CC0016,Department 8,2026-01-29,Operations,Administrative,22214.28
EXP0002887,6300,CC0014,Department 6,2025-03-17,Operations,Administrative,16197.0
EXP0002888,6400,CC0012,Department 4,2025-09-12,Operations,Administrative,11093.92
EXP0002889,6100,CC0002,Department 2,2026-12-10,Sales,Sales,8052.65
EXP0002890,6200,CC0001,Department 1,2026-02-13,SG&A,Administrative,21560.34
EXP0002891,6400,CC0011,Department 3,2025-05-27,SG&A,Administrative,23254.94
EXP0002892,6300,CC0011,Department 3,2026-04-05,Marketing,Marketing,20446.44
EXP0002893,6100,CC0004,Department 4,2026-12-12,Marketing,Marketing,17521.07
EXP0002894,6100,CC0010,Department 2,2026-05-30,Sales,Sales,6812.52
EXP0002895,6400,CC0016,Department 8,2026-12-17,Sales,Sales,1205.71
EXP0002896,6200,CC0014,Department 6,2025-02-03,Operations,Administrative,11709.6
EXP0002897,6300,CC0003,Department 3,2025-05-03,Marketing,Marketing,21953.8
EXP0002898,6200,CC0001,Department 1,2025-11-23,SG&A,Administrative,9406.11
EXP0002899,6100,CC0008,Department 8,2025-06-16,Marketing,Marketing,10064.56
EXP0002900,6100,CC0004,Department 4,2026-08-15,Sales,Sales,11216.34
EXP0002901,6300,CC0008,Department 8,2026-05-03,SG&A,Administrative,16315.34
EXP0002902,6100,CC0006,Department 6,2025-04-27,Sales,Sales,3973.66
EXP0002903,6100,CC0020,Department 4,2025-06-23,SG&A,Administrative,18269.69
EXP0002904,6500,CC0017,Department 1,2025-09-10,Sales,Sales,10559.12
EXP0002905,6400,CC0012,Department 4,2025-11-22,Operations,Administrative,18656.56
EXP0002906,6200,CC0009,Department 1,2025-07-12,Operations,Administrative,23181.89
EXP0002907,6200,CC0011,Department 3,2025-10-24,SG&A,Administrative,23551.41
EXP0002908,6100,CC0011,Department 3,2025-06-29,SG&A,Administrative,23839.09
EXP0002909,6500,CC0004,Department 4,2026-12-13,Operations,Administrative,20483.58
EXP0002910,6300,CC0007,Department 7,2026-02-10,Operations,Administrative,6860.43
EXP0002911,6300,CC0017,Department 1,2025-02-04,SG&A,Administrative,4990.11
EXP0002912,6400,CC0013,Department 5,2025-12-05,Marketing,Marketing,21352.64
EXP0002913,6100,CC0010,Department 2,2025-03-28,Operations,Administrative,7970.05
EXP0002914,6500,CC0020,Department 4,2025-02-10,SG&A,Administrative,119.94
EXP0002915,6500,CC0012,Department 4,2026-07-30,Sales,Sales,19177.7
EXP0002916,6400,CC0008,Department 8,2026-02-27,Sales,Sales,19226.14
EXP0002917,6400,CC0014,Department 6,2025-12-18,Operations,Administrative,9936.47
EXP0002918,6200,CC0007,Department 7,2025-02-16,SG&A,Administrative,23267.57
EXP0002919,6200,CC0009,Department 1,2025-08-08,Operations,Administrative,2616.17
EXP0002920,6500,CC0013,Department 5,2026-04-05,Operations,Administrative,12567.45
EXP0002921,6400,CC0011,Department 3,2025-05-08,Sales,Sales,6615.28
EXP0002922,6200,CC0013,Department 5,2025-01-24,Operations,Administrative,22837.9
EXP0002923,6500,CC0003,Department 3,2025-02-02,Sales,Sales,23410.83
EXP0002924,6100,CC0006,Department 6,2026-06-01,SG&A,Administrative,16763.76
EXP0002925,6400,CC0010,Department 2,2025-12-23,Sales,Sales,15083.0
EXP0002926,6300,CC0013,Department 5,2025-07-02,Operations,Administrative,22698.0
EXP0002927,6200,CC0019,Department 3,2026-10-14,Operations,Administrative,23463.55
EXP0002928,6200,CC0001,Department 1,2025-04-18,Marketing,Marketing,19017.32
EXP0002929,6400,CC0020,Department 4,2026-11-24,Sales,Sales,9747.73
EXP0002930,6500,CC0013,Department 5,2026-08-09,Operations,Administrative,8616.96
EXP0002931,6100,CC0012,Department 4,2025-07-31,Operations,Administrative,10284.75
EXP0002932,6100,CC0019,Department 3,2026-02-07,Marketing,Marketing,19437.5
EXP0002933,6500,CC0016,Department 8,2026-03-17,Sales,Sales,13180.31
EXP0002934,6200,CC0001,Department 1,2026-12-23,SG&A,Administrative,8833.2
EXP0002935,6200,CC0004,Department 4,2026-10-18,SG&A,Administrative,5756.38
EXP0002936,6400,CC0017,Department 1,2026-08-24,Operations,Administrative,4388.95
EXP0002937,6100,CC0016,Department 8,2025-02-21,Sales,Sales,9546.27
EXP0002938,6400,CC0018,Department 2,2025-11-12,SG&A,Administrative,16958.05
EXP0002939,6400,CC0012,Department 4,2026-05-10,Marketing,Marketing,6001.95
EXP0002940,6400,CC0014,Department 6,2025-03-22,SG&A,Administrative,3645.36
EXP0002941,6100,CC0018,Department 2,2025-07-13,Operations,Administrative,923.5
EXP0002942,6400,CC0011,Department 3,2025-04-26,SG&A,Administrative,12647.07
EXP0002943,6300,CC0001,Department 1,2025-08-15,SG&A,Administrative,23702.35
EXP0002944,6300,CC0008,Department 8,2026-10-24,Operations,Administrative,18853.98
EXP0002945,6100,CC0019,Department 3,2025-05-31,Operations,Administrative,24691.07
EXP0002946,6100,CC0005,Department 5,2026-03-13,Sales,Sales,6654.09
EXP0002947,6100,CC0015,Department 7,2026-08-20,Marketing,Marketing,15827.76
EXP0002948,6300,CC0007,Department 7,2025-09-10,SG&A,Administrative,16625.72
EXP0002949,6500,CC0014,Department 6,2026-10-15,Operations,Administrative,4320.47
EXP0002950,6400,CC0009,Department 1,2025-06-23,SG&A,Administrative,2117.66
EXP0002951,6500,CC0003,Department 3,2025-04-12,Marketing,Marketing,11574.65
EXP0002952,6100,CC0004,Department 4,2025-06-13,Operations,Administrative,13092.53
EXP0002953,6300,CC0019,Department 3,2026-04-15,SG&A,Administrative,21445.04
EXP0002954,6100,CC0010,Department 2,2026-05-29,Operations,Administrative,23568.32
EXP0002955,6500,CC0010,Department 2,2026-10-09,SG&A,Administrative,19405.65
EXP0002956,6400,CC0019,Department 3,2026-04-24,Sales,Sales,15811.24
EXP0002957,6300,CC0007,Department 7,2025-10-22,Sales,Sales,3601.96
EXP0002958,6300,CC0012,Department 4,2026-05-25,Operations,Administrative,204.74
EXP0002959,6300,CC0002,Department 2,2026-04-21,Sales,Sales,15255.9
EXP0002960,6200,CC0010,Department 2,2025-06-10,Marketing,Marketing,15714.83
EXP0002961,6300,CC0015,Department 7,2025-03-28,SG&A,Administrative,11597.77
EXP0002962,6500,CC0009,Department 1,2025-05-04,Operations,Administrative,20572.65
EXP0002963,6300,CC0006,Department 6,2025-03-29,Sales,Sales,21690.87
EXP0002964,6300,CC0002,Department 2,2026-08-29,Operations,Administrative,19523.63
EXP0002965,6100,CC0017,Department 1,2025-05-22,Operations,Administrative,15213.84
EXP0002966,6300,CC0017,Department 1,2026-09-04,SG&A,Administrative,3689.32
EXP0002967,6300,CC0014,Department 6,2026-08-11,SG&A,Administrative,13750.88
EXP0002968,6400,CC0015,Department 7,2025-03-19,SG&A,Administrative,14727.28
EXP0002969,6100,CC0013,Department 5,2025-07-10,Sales,Sales,7504.97
EXP0002970,6400,CC0012,Department 4,2026-06-27,Marketing,Marketing,21748.99
EXP0002971,6100,CC0020,Department 4,2026-02-07,Marketing,Marketing,10991.45
EXP0002972,6500,CC0015,Department 7,2026-12-15,SG&A,Administrative,2233.4
EXP0002973,6200,CC0001,Department 1,2026-01-21,SG&A,Administrative,2315.42
EXP0002974,6300,CC0014,Department 6,2026-06-02,Marketing,Marketing,4077.04
EXP0002975,6400,CC0004,Department 4,2026-08-13,Operations,Administrative,21609.43
EXP0002976,6500,CC0002,Department 2,2025-02-17,Sales,Sales,12180.32
EXP0002977,6300,CC0010,Department 2,2026-08-23,Sales,Sales,22750.8
EXP0002978,6200,CC0004,Department 4,2025-04-20,SG&A,Administrative,23810.1
EXP0002979,6400,CC0019,Department 3,2025-01-06,Marketing,Marketing,9888.9
EXP0002980,6300,CC0009,Department 1,2025-01-07,Operations,Administrative,3119.48
EXP0002981,6400,CC0018,Department 2,2025-09-02,Operations,Administrative,24927.52
EXP0002982,6500,CC0008,Department 8,2025-05-07,Operations,Administrative,13630.88
EXP0002983,6100,CC0018,Department 2,2025-03-12,SG&A,Administrative,20810.81
EXP0002984,6500,CC0006,Department 6,2026-03-26,Sales,Sales,16865.48
EXP0002985,6200,CC0003,Department 3,2025-02-03,Operations,Administrative,10235.29
EXP0002986,6300,CC0005,Department 5,2026-01-29,Marketing,Marketing,580.52
EXP0002987,6100,CC0020,Department 4,2025-06-23,Operations,Administrative,3769.64
EXP0002988,6300,CC0013,Department 5,2026-11-20,Marketing,Marketing,23382.44
EXP0002989,6300,CC0018,Department 2,2026-05-25,Marketing,Marketing,14757.95
EXP0002990,6500,CC0017,Department 1,2025-02-26,Operations,Administrative,19080.07
EXP0002991,6100,CC0007,Department 7,2025-01-12,Marketing,Marketing,16020.41
EXP0002992,6300,CC0007,Department 7,2025-03-08,Sales,Sales,3010.62
EXP0002993,6100,CC0019,Department 3,2025-07-25,Sales,Sales,21563.39
EXP0002994,6100,CC0015,Department 7,2026-08-05,Operations,Administrative,4826.57
EXP0002995,6300,CC0010,Department 2,2026-08-22,SG&A,Administrative,22018.48
EXP0002996,6300,CC0016,Department 8,2025-11-26,SG&A,Administrative,17867.93
EXP0002997,6300,CC0001,Department 1,2025-10-07,Sales,Sales,19315.85
EXP0002998,6100,CC0007,Department 7,2026-05-19,Operations,Administrative,19654.5
EXP0002999,6400,CC0002,Department 2,2026-02-25,Operations,Administrative,22880.26
EXP0003000,6400,CC0008,Department 8,2025-08-07,SG&A,Administrative,10113.88
EXP0003001,6100,CC0012,Department 4,2026-03-07,Marketing,Marketing,3587.2
EXP0003002,6100,CC0004,Department 4,2025-07-12,Operations,Administrative,9929.67
EXP0003003,6300,CC0001,Department 1,2025-09-11,Marketing,Marketing,14090.68
EXP0003004,6100,CC0007,Department 7,2025-12-22,Operations,Administrative,1098.72
EXP0003005,6100,CC0002,Department 2,2026-04-21,SG&A,Administrative,21919.65
EXP0003006,6400,CC0014,Department 6,2026-08-15,SG&A,Administrative,22457.61
EXP0003007,6500,CC0009,Department 1,2025-04-13,Operations,Administrative,10634.17
EXP0003008,6500,CC0003,Department 3,2026-10-20,Sales,Sales,10983.94
EXP0003009,6400,CC0007,Department 7,2025-04-06,Sales,Sales,20323.6
EXP0003010,6400,CC0004,Department 4,2025-02-20,Sales,Sales,9164.0
EXP0003011,6300,CC0012,Department 4,2025-07-18,SG&A,Administrative,16089.52
EXP0003012,6400,CC0001,Department 1,2026-11-08,SG&A,Administrative,19002.29
EXP0003013,6300,CC0004,Department 4,2025-02-10,Operations,Administrative,12624.37
EXP0003014,6400,CC0017,Department 1,2025-12-26,Marketing,Marketing,24081.13
EXP0003015,6500,CC0005,Department 5,2026-07-14,Marketing,Marketing,14221.84
EXP0003016,6300,CC0011,Department 3,2026-05-29,Sales,Sales,2454.04
EXP0003017,6300,CC0005,Department 5,2025-06-17,Sales,Sales,15245.65
EXP0003018,6100,CC0017,Department 1,2026-12-06,Operations,Administrative,18128.64
EXP0003019,6400,CC0019,Department 3,2025-08-07,Sales,Sales,24541.01
EXP0003020,6500,CC0010,Department 2,2026-10-18,Sales,Sales,7125.42
EXP0003021,6500,CC0014,Department 6,2026-09-02,SG&A,Administrative,5026.86
EXP0003022,6400,CC0013,Department 5,2026-11-12,Marketing,Marketing,23105.24
EXP0003023,6400,CC0006,Department 6,2025-03-05,Sales,Sales,18407.03
EXP0003024,6400,CC0001,Department 1,2025-10-01,Marketing,Marketing,13687.06
EXP0003025,6200,CC0015,Department 7,2025-05-01,SG&A,Administrative,22635.76
EXP0003026,6100,CC0017,Department 1,2025-03-13,Operations,Administrative,5015.15
EXP0003027,6200,CC0004,Department 4,2026-01-30,SG&A,Administrative,14928.2
EXP0003028,6400,CC0019,Department 3,2025-02-17,SG&A,Administrative,12823.98
EXP0003029,6300,CC0011,Department 3,2026-03-10,Operations,Administrative,11430.22
EXP0003030,6100,CC0002,Department 2,2025-01-22,Operations,Administrative,15815.68
EXP0003031,6200,CC0006,Department 6,2025-02-17,SG&A,Administrative,6211.05
EXP0003032,6200,CC0006,Department 6,2025-10-18,SG&A,Administrative,8056.13
EXP0003033,6100,CC0019,Department 3,2026-03-12,SG&A,Administrative,18110.09
EXP0003034,6200,CC0008,Department 8,2025-11-12,Sales,Sales,9812.61
EXP0003035,6500,CC0004,Department 4,2026-08-04,SG&A,Administrative,13447.92
EXP0003036,6300,CC0015,Department 7,2026-03-13,Operations,Administrative,14218.58
EXP0003037,6400,CC0015,Department 7,2025-03-26,Sales,Sales,20865.27
EXP0003038,6500,CC0005,Department 5,2026-01-10,SG&A,Administrative,6134.3
EXP0003039,6500,CC0016,Department 8,2025-03-03,SG&A,Administrative,2725.68
EXP0003040,6200,CC0004,Department 4,2026-02-22,Sales,Sales,19889.74
EXP0003041,6300,CC0016,Department 8,2026-05-05,Sales,Sales,10522.39
EXP0003042,6100,CC0006,Department 6,2026-07-26,Sales,Sales,9927.75
EXP0003043,6200,CC0013,Department 5,2026-11-08,Marketing,Marketing,17743.08
EXP0003044,6400,CC0017,Department 1,2025-07-31,Operations,Administrative,11162.58
EXP0003045,6200,CC0012,Department 4,2026-12-04,Operations,Administrative,22896.45
EXP0003046,6100,CC0018,Department 2,2026-01-03,Sales,Sales,11654.39
EXP0003047,6500,CC0004,Department 4,2025-11-02,SG&A,Administrative,15195.15
EXP0003048,6100,CC0004,Department 4,2026-03-21,Marketing,Marketing,9148.79
EXP0003049,6500,CC0005,Department 5,2026-09-08,Marketing,Marketing,16878.65
EXP0003050,6300,CC0008,Department 8,2026-11-16,SG&A,Administrative,23435.52
EXP0003051,6500,CC0001,Department 1,2025-10-23,Operations,Administrative,11226.11
EXP0003052,6200,CC0012,Department 4,2026-03-02,SG&A,Administrative,4723.1
EXP0003053,6100,CC0014,Department 6,2026-03-16,Operations,Administrative,22997.81
EXP0003054,6400,CC0012,Department 4,2026-12-01,Sales,Sales,8551.02
EXP0003055,6400,CC0009,Department 1,2026-11-12,Operations,Administrative,9640.9
EXP0003056,6400,CC0011,Department 3,2025-02-07,Sales,Sales,1381.61
EXP0003057,6400,CC0015,Department 7,2025-05-17,Marketing,Marketing,16005.16
EXP0003058,6100,CC0016,Department 8,2025-11-10,Marketing,Marketing,15351.5
EXP0003059,6400,CC0019,Department 3,2025-01-12,Operations,Administrative,12063.79
EXP0003060,6200,CC0010,Department 2,2026-12-15,Operations,Administrative,5051.44
EXP0003061,6200,CC0004,Department 4,2025-04-28,Marketing,Marketing,4330.81
EXP0003062,6300,CC0018,Department 2,2026-07-18,Sales,Sales,13398.3
EXP0003063,6400,CC0020,Department 4,2025-11-23,Marketing,Marketing,11541.5
EXP0003064,6300,CC0003,Department 3,2025-08-29,SG&A,Administrative,3113.65
EXP0003065,6500,CC0015,Department 7,2026-03-21,Operations,Administrative,23720.07
EXP0003066,6300,CC0005,Department 5,2025-09-01,Sales,Sales,2010.17
EXP0003067,6400,CC0012,Department 4,2025-07-23,Marketing,Marketing,8847.96
EXP0003068,6100,CC0005,Department 5,2025-08-16,Sales,Sales,16664.85
EXP0003069,6200,CC0019,Department 3,2025-10-19,SG&A,Administrative,12633.29
EXP0003070,6500,CC0020,Department 4,2026-05-01,Operations,Administrative,7893.56
EXP0003071,6200,CC0010,Department 2,2026-11-09,Sales,Sales,16798.36
EXP0003072,6500,CC0018,Department 2,2025-11-17,Marketing,Marketing,5452.26
EXP0003073,6400,CC0013,Department 5,2026-01-24,Sales,Sales,600.84
EXP0003074,6200,CC0019,Department 3,2026-06-05,Operations,Administrative,10582.49
EXP0003075,6200,CC0015,Department 7,2026-08-14,Sales,Sales,4772.19
EXP0003076,6400,CC0011,Department 3,2026-11-01,Sales,Sales,6932.77
EXP0003077,6300,CC0005,Department 5,2025-08-22,SG&A,Administrative,7360.14
EXP0003078,6400,CC0002,Department 2,2026-06-30,SG&A,Administrative,4539.08
EXP0003079,6200,CC0012,Department 4,2026-06-13,SG&A,Administrative,18362.21
EXP0003080,6500,CC0016,Department 8,2025-05-16,Operations,Administrative,2823.76
EXP0003081,6400,CC0014,Department 6,2025-07-06,Marketing,Marketing,20450.37
EXP0003082,6500,CC0019,Department 3,2025-12-12,Operations,Administrative,21702.03
EXP0003083,6400,CC0003,Department 3,2026-04-23,Sales,Sales,21125.99
EXP0003084,6100,CC0009,Department 1,2026-12-17,SG&A,Administrative,5176.81
EXP0003085,6200,CC0013,Department 5,2026-03-15,Marketing,Marketing,1470.77
EXP0003086,6400,CC0014,Department 6,2025-08-05,Marketing,Marketing,19965.39
EXP0003087,6200,CC0013,Department 5,2026-02-20,SG&A,Administrative,22823.61
EXP0003088,6300,CC0011,Department 3,2026-09-08,Sales,Sales,6675.94
EXP0003089,6200,CC0005,Department 5,2025-12-26,Marketing,Marketing,16012.54
EXP0003090,6300,CC0016,Department 8,2026-08-18,SG&A,Administrative,19790.21
EXP0003091,6400,CC0008,Department 8,2025-02-07,SG&A,Administrative,15000.56
EXP0003092,6200,CC0016,Department 8,2026-10-09,Operations,Administrative,5319.08
EXP0003093,6300,CC0015,Department 7,2025-10-22,Sales,Sales,16432.94
EXP0003094,6100,CC0020,Department 4,2026-05-29,Marketing,Marketing,17219.37
EXP0003095,6200,CC0012,Department 4,2025-04-10,Marketing,Marketing,794.82
EXP0003096,6100,CC0007,Department 7,2026-07-01,Operations,Administrative,11345.83
EXP0003097,6500,CC0018,Department 2,2025-03-31,Sales,Sales,4732.77
EXP0003098,6500,CC0017,Department 1,2025-05-02,Operations,Administrative,21163.63
EXP0003099,6200,CC0016,Department 8,2026-05-09,Sales,Sales,21895.81
EXP0003100,6300,CC0012,Department 4,2026-10-09,Operations,Administrative,9996.88
EXP0003101,6400,CC0009,Department 1,2025-03-29,Sales,Sales,6370.98
EXP0003102,6400,CC0018,Department 2,2025-01-14,Operations,Administrative,4905.21
EXP0003103,6500,CC0014,Department 6,2025-10-21,Sales,Sales,21149.54
EXP0003104,6100,CC0011,Department 3,2025-08-25,Operations,Administrative,24640.15
EXP0003105,6300,CC0002,Department 2,2025-09-10,Operations,Administrative,13803.22
EXP0003106,6300,CC0004,Department 4,2026-02-04,Sales,Sales,8730.86
EXP0003107,6200,CC0013,Department 5,2026-11-25,SG&A,Administrative,21530.92
EXP0003108,6200,CC0002,Department 2,2025-02-11,Sales,Sales,6169.32
EXP0003109,6100,CC0014,Department 6,2025-10-18,SG&A,Administrative,20601.84
EXP0003110,6300,CC0015,Department 7,2026-08-08,Operations,Administrative,12884.25
EXP0003111,6400,CC0003,Department 3,2025-10-25,Operations,Administrative,9152.02
EXP0003112,6100,CC0003,Department 3,2026-08-01,SG&A,Administrative,11992.06
EXP0003113,6500,CC0019,Department 3,2026-09-05,Marketing,Marketing,4756.19
EXP0003114,6400,CC0019,Department 3,2026-04-04,Sales,Sales,17106.69
EXP0003115,6100,CC0017,Department 1,2025-09-23,Operations,Administrative,22470.72
EXP0003116,6100,CC0019,Department 3,2026-04-02,Operations,Administrative,705.89
EXP0003117,6400,CC0005,Department 5,2025-12-27,Marketing,Marketing,18411.9
EXP0003118,6200,CC0020,Department 4,2026-01-18,Sales,Sales,18376.15
EXP0003119,6100,CC0010,Department 2,2026-10-31,SG&A,Administrative,11720.62
EXP0003120,6100,CC0010,Department 2,2025-11-09,Marketing,Marketing,4923.9
EXP0003121,6300,CC0006,Department 6,2025-01-22,SG&A,Administrative,852.8
EXP0003122,6100,CC0003,Department 3,2026-06-13,Sales,Sales,24605.44
EXP0003123,6200,CC0013,Department 5,2026-12-26,Sales,Sales,3644.77
EXP0003124,6100,CC0012,Department 4,2026-08-25,Operations,Administrative,8658.54
EXP0003125,6200,CC0007,Department 7,2026-12-12,Operations,Administrative,7562.57
EXP0003126,6300,CC0017,Department 1,2026-10-01,Operations,Administrative,7214.8
EXP0003127,6500,CC0017,Department 1,2025-06-19,Sales,Sales,20710.91
EXP0003128,6200,CC0004,Department 4,2025-06-06,Operations,Administrative,24846.7
EXP0003129,6400,CC0010,Department 2,2025-06-11,Operations,Administrative,3768.26
EXP0003130,6300,CC0007,Department 7,2026-05-04,SG&A,Administrative,845.21
EXP0003131,6400,CC0006,Department 6,2026-07-24,Operations,Administrative,6126.75
EXP0003132,6500,CC0003,Department 3,2026-07-20,Marketing,Marketing,185.39
EXP0003133,6100,CC0011,Department 3,2025-09-14,Sales,Sales,1808.44
EXP0003134,6300,CC0010,Department 2,2025-01-14,SG&A,Administrative,3568.48
EXP0003135,6200,CC0011,Department 3,2026-12-11,SG&A,Administrative,1137.17
EXP0003136,6400,CC0002,Department 2,2026-02-12,Sales,Sales,20710.59
EXP0003137,6100,CC0004,Department 4,2026-05-25,Marketing,Marketing,16816.1
EXP0003138,6500,CC0011,Department 3,2026-07-08,SG&A,Administrative,15311.94
EXP0003139,6400,CC0010,Department 2,2026-12-25,Sales,Sales,11832.11
EXP0003140,6100,CC0006,Department 6,2026-01-25,SG&A,Administrative,17284.43
EXP0003141,6300,CC0001,Department 1,2025-10-24,SG&A,Administrative,8587.7
EXP0003142,6500,CC0003,Department 3,2026-04-08,Sales,Sales,1555.04
EXP0003143,6200,CC0009,Department 1,2026-11-08,Operations,Administrative,8863.22
EXP0003144,6100,CC0003,Department 3,2025-03-27,Sales,Sales,2457.48
EXP0003145,6500,CC0002,Department 2,2026-06-17,Sales,Sales,22801.03
EXP0003146,6100,CC0007,Department 7,2026-09-29,Marketing,Marketing,5476.4
EXP0003147,6300,CC0018,Department 2,2026-08-17,Sales,Sales,23175.37
EXP0003148,6500,CC0003,Department 3,2026-11-28,Operations,Administrative,17411.37
EXP0003149,6300,CC0008,Department 8,2026-02-26,Sales,Sales,5584.1
EXP0003150,6200,CC0008,Department 8,2025-06-02,Operations,Administrative,4931.26
EXP0003151,6200,CC0020,Department 4,2025-05-04,SG&A,Administrative,8617.13
EXP0003152,6200,CC0002,Department 2,2026-10-07,Marketing,Marketing,10739.84
EXP0003153,6400,CC0012,Department 4,2025-05-25,Marketing,Marketing,7192.69
EXP0003154,6100,CC0018,Department 2,2025-04-16,Marketing,Marketing,3923.89
EXP0003155,6100,CC0005,Department 5,2025-09-19,Marketing,Marketing,18836.37
EXP0003156,6500,CC0009,Department 1,2026-08-15,Operations,Administrative,7872.1
EXP0003157,6100,CC0010,Department 2,2026-10-07,Sales,Sales,17680.48
EXP0003158,6400,CC0005,Department 5,2025-06-28,SG&A,Administrative,1850.63
EXP0003159,6300,CC0018,Department 2,2025-09-17,Marketing,Marketing,9544.73
EXP0003160,6500,CC0018,Department 2,2026-08-20,Marketing,Marketing,7110.12
EXP0003161,6300,CC0017,Department 1,2026-06-16,SG&A,Administrative,15181.14
EXP0003162,6500,CC0014,Department 6,2025-03-06,Marketing,Marketing,18076.06
EXP0003163,6200,CC0006,Department 6,2025-03-17,Sales,Sales,9976.36
EXP0003164,6400,CC0017,Department 1,2025-10-10,Operations,Administrative,6589.95
EXP0003165,6300,CC0015,Department 7,2025-08-30,SG&A,Administrative,2508.66
EXP0003166,6500,CC0002,Department 2,2026-06-04,Operations,Administrative,5621.02
EXP0003167,6500,CC0010,Department 2,2026-02-19,SG&A,Administrative,12754.03
EXP0003168,6200,CC0012,Department 4,2025-07-07,Sales,Sales,7279.15
EXP0003169,6200,CC0011,Department 3,2025-05-28,Sales,Sales,24700.01
EXP0003170,6100,CC0013,Department 5,2026-06-07,SG&A,Administrative,12246.64
EXP0003171,6500,CC0002,Department 2,2026-07-19,Marketing,Marketing,11599.27
EXP0003172,6100,CC0019,Department 3,2026-04-27,SG&A,Administrative,19950.47
EXP0003173,6200,CC0001,Department 1,2026-07-11,Sales,Sales,4565.8
EXP0003174,6300,CC0016,Department 8,2025-12-30,Operations,Administrative,1811.77
EXP0003175,6300,CC0013,Department 5,2026-09-22,Sales,Sales,9571.02
EXP0003176,6200,CC0016,Department 8,2026-02-18,Marketing,Marketing,2696.37
EXP0003177,6400,CC0010,Department 2,2026-01-11,Operations,Administrative,3017.49
EXP0003178,6200,CC0004,Department 4,2025-02-24,Marketing,Marketing,8921.67
EXP0003179,6300,CC0010,Department 2,2025-10-31,Operations,Administrative,13570.13
EXP0003180,6400,CC0003,Department 3,2025-08-19,Marketing,Marketing,15120.06
EXP0003181,6200,CC0003,Department 3,2026-05-11,Marketing,Marketing,22948.37
EXP0003182,6300,CC0012,Department 4,2026-06-10,Operations,Administrative,24418.43
EXP0003183,6400,CC0016,Department 8,2025-03-10,Sales,Sales,21129.96
EXP0003184,6500,CC0004,Department 4,2026-01-24,Marketing,Marketing,22157.25
EXP0003185,6300,CC0008,Department 8,2026-02-07,Operations,Administrative,2617.74
EXP0003186,6400,CC0005,Department 5,2026-11-12,Marketing,Marketing,7690.82
EXP0003187,6300,CC0007,Department 7,2025-03-12,Operations,Administrative,660.45
EXP0003188,6200,CC0005,Department 5,2025-04-16,Sales,Sales,17079.71
EXP0003189,6500,CC0008,Department 8,2026-07-09,SG&A,Administrative,21449.86
EXP0003190,6300,CC0011,Department 3,2026-02-17,Sales,Sales,9323.87
EXP0003191,6200,CC0004,Department 4,2026-05-26,Sales,Sales,10013.31
EXP0003192,6100,CC0009,Department 1,2025-06-10,Marketing,Marketing,11035.8
EXP0003193,6200,CC0017,Department 1,2025-06-26,Operations,Administrative,902.59
EXP0003194,6400,CC0005,Department 5,2025-05-31,SG&A,Administrative,555.62
EXP0003195,6100,CC0007,Department 7,2025-09-16,Marketing,Marketing,19639.77
EXP0003196,6300,CC0005,Department 5,2026-03-16,Marketing,Marketing,15826.65
EXP0003197,6100,CC0013,Department 5,2025-02-12,Operations,Administrative,20800.42
EXP0003198,6100,CC0017,Department 1,2026-10-24,Sales,Sales,14744.78
EXP0003199,6200,CC0010,Department 2,2026-10-17,SG&A,Administrative,2240.59
EXP0003200,6300,CC0002,Department 2,2025-08-19,SG&A,Administrative,8093.09
EXP0003201,6400,CC0018,Department 2,2025-07-14,SG&A,Administrative,3014.48
EXP0003202,6500,CC0008,Department 8,2026-08-05,SG&A,Administrative,5110.54
EXP0003203,6400,CC0006,Department 6,2025-06-14,Marketing,Marketing,24275.86
EXP0003204,6300,CC0016,Department 8,2026-09-11,Operations,Administrative,6706.95
EXP0003205,6200,CC0007,Department 7,2026-09-30,SG&A,Administrative,223.7
EXP0003206,6200,CC0019,Department 3,2026-10-23,Marketing,Marketing,16831.32
EXP0003207,6200,CC0004,Department 4,2026-05-13,SG&A,Administrative,9160.26
EXP0003208,6100,CC0017,Department 1,2025-01-07,Operations,Administrative,23654.37
EXP0003209,6100,CC0020,Department 4,2026-08-31,Marketing,Marketing,15540.98
EXP0003210,6400,CC0009,Department 1,2025-03-02,Operations,Administrative,796.71
EXP0003211,6100,CC0011,Department 3,2026-11-26,SG&A,Administrative,23744.78
EXP0003212,6200,CC0008,Department 8,2026-06-21,Sales,Sales,13020.64
EXP0003213,6100,CC0019,Department 3,2025-03-31,Sales,Sales,24871.95
EXP0003214,6100,CC0005,Department 5,2026-12-07,Operations,Administrative,7653.67
EXP0003215,6500,CC0020,Department 4,2025-04-17,Operations,Administrative,13883.79
EXP0003216,6200,CC0007,Department 7,2025-02-09,Marketing,Marketing,5235.32
EXP0003217,6500,CC0004,Department 4,2025-05-06,SG&A,Administrative,5197.13
EXP0003218,6200,CC0016,Department 8,2026-07-01,SG&A,Administrative,17659.84
EXP0003219,6400,CC0012,Department 4,2026-02-03,Sales,Sales,5131.9
EXP0003220,6500,CC0019,Department 3,2026-05-15,Marketing,Marketing,5375.81
EXP0003221,6400,CC0003,Department 3,2025-07-07,Marketing,Marketing,22155.23
EXP0003222,6300,CC0019,Department 3,2025-07-07,Operations,Administrative,24564.46
EXP0003223,6300,CC0019,Department 3,2026-06-14,Operations,Administrative,12215.91
EXP0003224,6500,CC0003,Department 3,2026-10-14,Sales,Sales,6422.49
EXP0003225,6500,CC0015,Department 7,2025-10-14,Operations,Administrative,18618.52
EXP0003226,6100,CC0008,Department 8,2026-04-14,Operations,Administrative,2353.27
EXP0003227,6300,CC0020,Department 4,2025-11-10,Marketing,Marketing,23815.87
EXP0003228,6500,CC0008,Department 8,2025-08-04,Operations,Administrative,22318.26
EXP0003229,6400,CC0001,Department 1,2025-10-02,SG&A,Administrative,17171.91
EXP0003230,6100,CC0005,Department 5,2026-09-02,Marketing,Marketing,18272.99
EXP0003231,6500,CC0005,Department 5,2026-05-29,Operations,Administrative,5377.21
EXP0003232,6300,CC0003,Department 3,2025-05-25,SG&A,Administrative,21855.6
EXP0003233,6200,CC0006,Department 6,2026-01-14,Operations,Administrative,7600.57
EXP0003234,6100,CC0007,Department 7,2025-03-07,Marketing,Marketing,17616.12
EXP0003235,6500,CC0014,Department 6,2026-12-23,SG&A,Administrative,1574.22
EXP0003236,6500,CC0019,Department 3,2025-07-21,Operations,Administrative,24286.94
EXP0003237,6500,CC0001,Department 1,2026-02-09,Marketing,Marketing,11534.1
EXP0003238,6400,CC0001,Department 1,2025-01-18,Operations,Administrative,4391.81
EXP0003239,6200,CC0019,Department 3,2026-09-18,Operations,Administrative,22540.81
EXP0003240,6400,CC0009,Department 1,2026-09-07,Marketing,Marketing,23081.19
EXP0003241,6100,CC0010,Department 2,2025-06-17,Sales,Sales,15109.34
EXP0003242,6300,CC0017,Department 1,2026-02-26,Operations,Administrative,22016.74
EXP0003243,6400,CC0013,Department 5,2026-11-26,Marketing,Marketing,5189.89
EXP0003244,6500,CC0007,Department 7,2025-09-13,SG&A,Administrative,17494.89
EXP0003245,6500,CC0008,Department 8,2025-07-26,Marketing,Marketing,4427.74
EXP0003246,6100,CC0010,Department 2,2026-01-25,Operations,Administrative,22146.39
EXP0003247,6200,CC0007,Department 7,2026-05-13,Marketing,Marketing,21522.38
EXP0003248,6100,CC0018,Department 2,2025-06-16,SG&A,Administrative,7996.09
EXP0003249,6400,CC0012,Department 4,2026-12-08,SG&A,Administrative,12507.92
EXP0003250,6500,CC0006,Department 6,2025-01-20,SG&A,Administrative,10464.38
EXP0003251,6100,CC0008,Department 8,2026-11-03,Marketing,Marketing,7672.94
EXP0003252,6300,CC0013,Department 5,2025-11-23,Sales,Sales,15187.58
EXP0003253,6500,CC0017,Department 1,2026-12-28,Operations,Administrative,909.73
EXP0003254,6200,CC0013,Department 5,2025-12-16,Marketing,Marketing,11858.63
EXP0003255,6500,CC0002,Department 2,2025-11-07,Marketing,Marketing,16653.4
EXP0003256,6200,CC0003,Department 3,2025-10-27,SG&A,Administrative,1726.66
EXP0003257,6400,CC0012,Department 4,2025-12-09,Operations,Administrative,7314.89
EXP0003258,6200,CC0012,Department 4,2026-05-03,Operations,Administrative,1290.45
EXP0003259,6100,CC0018,Department 2,2025-01-23,Sales,Sales,24047.3
EXP0003260,6300,CC0017,Department 1,2025-02-15,Sales,Sales,13431.83
EXP0003261,6500,CC0012,Department 4,2025-10-11,Marketing,Marketing,8440.64
EXP0003262,6500,CC0007,Department 7,2025-04-05,Sales,Sales,14802.15
EXP0003263,6200,CC0017,Department 1,2025-07-18,Marketing,Marketing,7560.37
EXP0003264,6500,CC0006,Department 6,2026-07-18,Sales,Sales,11058.64
EXP0003265,6400,CC0018,Department 2,2026-02-04,Operations,Administrative,1675.76
EXP0003266,6400,CC0001,Department 1,2025-03-19,SG&A,Administrative,15534.37
EXP0003267,6300,CC0012,Department 4,2025-01-10,Sales,Sales,22961.5
EXP0003268,6400,CC0019,Department 3,2025-04-02,Sales,Sales,15404.8
EXP0003269,6500,CC0012,Department 4,2026-02-20,SG&A,Administrative,24941.95
EXP0003270,6100,CC0011,Department 3,2026-04-27,Marketing,Marketing,19099.75
EXP0003271,6100,CC0016,Department 8,2026-06-16,Sales,Sales,19377.45
EXP0003272,6400,CC0013,Department 5,2026-12-10,Operations,Administrative,17135.92
EXP0003273,6500,CC0011,Department 3,2025-10-12,Marketing,Marketing,12681.91
EXP0003274,6300,CC0007,Department 7,2026-06-04,SG&A,Administrative,5083.31
EXP0003275,6200,CC0007,Department 7,2025-09-26,Marketing,Marketing,9445.22
EXP0003276,6400,CC0017,Department 1,2026-07-22,Marketing,Marketing,10253.84
EXP0003277,6100,CC0018,Department 2,2025-05-07,Sales,Sales,19416.1
EXP0003278,6100,CC0018,Department 2,2026-05-29,Sales,Sales,21389.14
EXP0003279,6400,CC0006,Department 6,2026-09-07,SG&A,Administrative,11211.09
EXP0003280,6500,CC0012,Department 4,2026-07-08,Marketing,Marketing,1387.23
EXP0003281,6200,CC0015,Department 7,2025-05-30,Operations,Administrative,9352.65
EXP0003282,6200,CC0014,Department 6,2026-03-29,Sales,Sales,12953.08
EXP0003283,6500,CC0002,Department 2,2025-12-14,Operations,Administrative,2717.78
EXP0003284,6500,CC0002,Department 2,2025-07-17,SG&A,Administrative,19567.96
EXP0003285,6200,CC0008,Department 8,2026-04-27,SG&A,Administrative,13378.11
EXP0003286,6100,CC0016,Department 8,2026-09-15,SG&A,Administrative,573.38
EXP0003287,6200,CC0016,Department 8,2025-07-13,Operations,Administrative,19636.73
EXP0003288,6500,CC0019,Department 3,2025-08-16,Sales,Sales,24983.76
EXP0003289,6100,CC0019,Department 3,2025-10-19,Sales,Sales,6545.77
EXP0003290,6500,CC0015,Department 7,2025-06-07,Sales,Sales,12684.06
EXP0003291,6500,CC0019,Department 3,2025-10-11,SG&A,Administrative,3562.8
EXP0003292,6500,CC0017,Department 1,2026-08-03,Marketing,Marketing,16724.66
EXP0003293,6400,CC0011,Department 3,2025-02-02,Marketing,Marketing,23081.82
EXP0003294,6400,CC0020,Department 4,2025-09-26,SG&A,Administrative,17613.96
EXP0003295,6500,CC0002,Department 2,2026-02-06,Operations,Administrative,5977.2
EXP0003296,6500,CC0002,Department 2,2025-08-21,Marketing,Marketing,9685.69
EXP0003297,6400,CC0018,Department 2,2026-05-20,Operations,Administrative,24284.31
EXP0003298,6400,CC0006,Department 6,2025-05-30,Marketing,Marketing,5712.05
EXP0003299,6200,CC0005,Department 5,2025-06-11,SG&A,Administrative,15963.07
EXP0003300,6300,CC0015,Department 7,2026-01-17,SG&A,Administrative,20036.24
EXP0003301,6400,CC0016,Department 8,2025-02-27,Marketing,Marketing,21077.97
EXP0003302,6200,CC0002,Department 2,2026-04-29,SG&A,Administrative,15413.21
EXP0003303,6200,CC0002,Department 2,2026-04-17,SG&A,Administrative,23981.27
EXP0003304,6300,CC0003,Department 3,2026-02-13,SG&A,Administrative,19785.56
EXP0003305,6500,CC0019,Department 3,2025-02-09,SG&A,Administrative,16238.34
EXP0003306,6300,CC0019,Department 3,2025-06-17,Operations,Administrative,1382.99
EXP0003307,6300,CC0008,Department 8,2026-10-02,SG&A,Administrative,9542.9
EXP0003308,6300,CC0007,Department 7,2025-11-13,Marketing,Marketing,23263.95
EXP0003309,6200,CC0004,Department 4,2026-11-11,SG&A,Administrative,7931.68
EXP0003310,6500,CC0004,Department 4,2025-07-18,Sales,Sales,3744.04
EXP0003311,6500,CC0016,Department 8,2025-09-24,Operations,Administrative,2503.35
EXP0003312,6400,CC0005,Department 5,2025-01-05,Marketing,Marketing,13007.93
EXP0003313,6300,CC0007,Department 7,2026-03-31,SG&A,Administrative,12079.69
EXP0003314,6400,CC0003,Department 3,2025-10-02,SG&A,Administrative,15156.23
EXP0003315,6100,CC0010,Department 2,2026-05-23,SG&A,Administrative,3643.11
EXP0003316,6200,CC0011,Department 3,2025-04-10,Operations,Administrative,8514.85
EXP0003317,6300,CC0011,Department 3,2026-05-19,Marketing,Marketing,18979.76
EXP0003318,6400,CC0010,Department 2,2026-09-10,Marketing,Marketing,9753.7
EXP0003319,6100,CC0007,Department 7,2025-03-10,Marketing,Marketing,1474.01
EXP0003320,6400,CC0012,Department 4,2026-10-16,Sales,Sales,1239.72
EXP0003321,6400,CC0019,Department 3,2026-08-22,SG&A,Administrative,9938.06
EXP0003322,6100,CC0010,Department 2,2026-11-08,Sales,Sales,11277.7
EXP0003323,6200,CC0015,Department 7,2026-01-14,Marketing,Marketing,2602.83
EXP0003324,6300,CC0011,Department 3,2026-07-02,Operations,Administrative,11535.02
EXP0003325,6100,CC0002,Department 2,2025-07-03,Operations,Administrative,2180.47
EXP0003326,6300,CC0014,Department 6,2026-07-15,SG&A,Administrative,11928.02
EXP0003327,6500,CC0009,Department 1,2025-07-23,Operations,Administrative,16079.93
EXP0003328,6500,CC0010,Department 2,2026-12-13,Operations,Administrative,1579.02
EXP0003329,6200,CC0010,Department 2,2026-10-26,Operations,Administrative,8472.53
EXP0003330,6200,CC0009,Department 1,2025-03-29,Sales,Sales,1206.39
EXP0003331,6200,CC0007,Department 7,2026-11-04,Operations,Administrative,23926.19
EXP0003332,6200,CC0015,Department 7,2025-06-19,Sales,Sales,24762.32
EXP0003333,6500,CC0020,Department 4,2026-10-21,Marketing,Marketing,1698.63
EXP0003334,6500,CC0010,Department 2,2026-03-22,Operations,Administrative,8733.11
EXP0003335,6200,CC0005,Department 5,2026-02-17,Operations,Administrative,14752.4
EXP0003336,6500,CC0017,Department 1,2026-10-07,Operations,Administrative,21180.79
EXP0003337,6500,CC0009,Department 1,2026-11-14,Marketing,Marketing,24765.09
EXP0003338,6200,CC0016,Department 8,2025-09-15,SG&A,Administrative,9155.39
EXP0003339,6100,CC0011,Department 3,2025-06-26,Sales,Sales,16604.61
EXP0003340,6200,CC0002,Department 2,2025-08-15,Sales,Sales,23636.81
EXP0003341,6400,CC0009,Department 1,2025-10-19,Sales,Sales,10283.61
EXP0003342,6300,CC0018,Department 2,2025-09-11,Marketing,Marketing,2403.77
EXP0003343,6400,CC0013,Department 5,2025-02-09,Operations,Administrative,4759.01
EXP0003344,6200,CC0014,Department 6,2026-02-07,Operations,Administrative,19916.91
EXP0003345,6500,CC0017,Department 1,2026-07-01,Operations,Administrative,17646.77
EXP0003346,6500,CC0013,Department 5,2026-04-08,SG&A,Administrative,22866.84
EXP0003347,6200,CC0015,Department 7,2025-04-18,Marketing,Marketing,370.21
EXP0003348,6400,CC0005,Department 5,2025-08-26,Marketing,Marketing,12251.93
EXP0003349,6400,CC0016,Department 8,2025-06-27,Marketing,Marketing,16984.13
EXP0003350,6200,CC0016,Department 8,2025-06-01,Marketing,Marketing,5419.96
EXP0003351,6400,CC0006,Department 6,2026-08-10,SG&A,Administrative,8482.07
EXP0003352,6500,CC0014,Department 6,2026-06-26,SG&A,Administrative,20343.34
EXP0003353,6300,CC0003,Department 3,2026-08-06,Sales,Sales,21815.31
EXP0003354,6400,CC0015,Department 7,2025-10-16,Sales,Sales,9674.46
EXP0003355,6500,CC0020,Department 4,2026-02-28,SG&A,Administrative,1022.42
EXP0003356,6100,CC0014,Department 6,2026-09-15,Marketing,Marketing,685.01
EXP0003357,6500,CC0018,Department 2,2025-09-04,SG&A,Administrative,22241.33
EXP0003358,6100,CC0010,Department 2,2026-01-01,SG&A,Administrative,7745.96
EXP0003359,6100,CC0013,Department 5,2026-06-29,Operations,Administrative,13088.45
EXP0003360,6400,CC0008,Department 8,2026-03-22,SG&A,Administrative,20140.81
EXP0003361,6400,CC0005,Department 5,2025-06-16,Marketing,Marketing,21755.96
EXP0003362,6400,CC0002,Department 2,2025-02-16,Marketing,Marketing,2377.43
EXP0003363,6200,CC0014,Department 6,2026-08-08,Sales,Sales,19071.93
EXP0003364,6100,CC0008,Department 8,2025-07-04,Sales,Sales,17949.42
EXP0003365,6100,CC0009,Department 1,2026-02-06,SG&A,Administrative,20315.95
EXP0003366,6400,CC0012,Department 4,2025-12-29,SG&A,Administrative,10940.86
EXP0003367,6300,CC0016,Department 8,2025-07-03,Operations,Administrative,12877.12
EXP0003368,6400,CC0008,Department 8,2025-02-18,Marketing,Marketing,10551.54
EXP0003369,6300,CC0010,Department 2,2025-04-06,Operations,Administrative,480.51
EXP0003370,6400,CC0016,Department 8,2026-02-04,Sales,Sales,12058.18
EXP0003371,6400,CC0008,Department 8,2026-07-05,Sales,Sales,9251.25
EXP0003372,6300,CC0015,Department 7,2025-04-02,Sales,Sales,4329.31
EXP0003373,6500,CC0010,Department 2,2025-03-13,Sales,Sales,2960.81
EXP0003374,6300,CC0002,Department 2,2026-08-08,SG&A,Administrative,21851.05
EXP0003375,6100,CC0019,Department 3,2025-01-23,Sales,Sales,1482.93
EXP0003376,6100,CC0009,Department 1,2025-10-25,Sales,Sales,21783.67
EXP0003377,6500,CC0004,Department 4,2026-04-18,Operations,Administrative,5812.99
EXP0003378,6400,CC0002,Department 2,2026-07-22,Marketing,Marketing,23216.88
EXP0003379,6300,CC0002,Department 2,2025-02-19,Operations,Administrative,12855.94
EXP0003380,6200,CC0017,Department 1,2026-11-28,Marketing,Marketing,22155.12
EXP0003381,6100,CC0008,Department 8,2026-05-13,Marketing,Marketing,10179.87
EXP0003382,6400,CC0018,Department 2,2025-01-27,Operations,Administrative,14656.53
EXP0003383,6500,CC0020,Department 4,2026-05-25,Marketing,Marketing,861.41
EXP0003384,6200,CC0002,Department 2,2026-01-20,Sales,Sales,16884.74
EXP0003385,6200,CC0018,Department 2,2026-11-13,Sales,Sales,13020.7
EXP0003386,6200,CC0008,Department 8,2026-08-31,Operations,Administrative,14684.05
EXP0003387,6100,CC0013,Department 5,2025-09-01,Operations,Administrative,8010.3
EXP0003388,6400,CC0016,Department 8,2026-02-12,Marketing,Marketing,24323.46
EXP0003389,6500,CC0008,Department 8,2025-12-05,Sales,Sales,24255.42
EXP0003390,6300,CC0013,Department 5,2026-02-17,SG&A,Administrative,19576.89
EXP0003391,6200,CC0011,Department 3,2025-12-03,Sales,Sales,8161.93
EXP0003392,6500,CC0011,Department 3,2025-12-20,Marketing,Marketing,23644.05
EXP0003393,6200,CC0011,Department 3,2026-11-23,Marketing,Marketing,21296.22
EXP0003394,6300,CC0018,Department 2,2026-05-24,Operations,Administrative,15900.76
EXP0003395,6300,CC0016,Department 8,2026-01-18,Marketing,Marketing,783.31
EXP0003396,6300,CC0008,Department 8,2025-09-28,SG&A,Administrative,12829.18
EXP0003397,6500,CC0011,Department 3,2026-07-30,Marketing,Marketing,4829.15
EXP0003398,6300,CC0013,Department 5,2025-02-20,Sales,Sales,16626.44
EXP0003399,6500,CC0007,Department 7,2026-03-28,Marketing,Marketing,2608.69
EXP0003400,6100,CC0011,Department 3,2026-08-07,Sales,Sales,21463.21
EXP0003401,6400,CC0004,Department 4,2026-03-12,Marketing,Marketing,12630.37
EXP0003402,6300,CC0012,Department 4,2025-10-24,Operations,Administrative,3759.4
EXP0003403,6500,CC0002,Department 2,2026-01-16,Operations,Administrative,14554.16
EXP0003404,6200,CC0017,Department 1,2026-10-28,Sales,Sales,24103.27
EXP0003405,6300,CC0020,Department 4,2025-12-04,Marketing,Marketing,15391.42
EXP0003406,6500,CC0015,Department 7,2025-06-15,Operations,Administrative,9627.84
EXP0003407,6200,CC0020,Department 4,2026-10-08,SG&A,Administrative,4901.06
EXP0003408,6100,CC0018,Department 2,2025-01-14,Sales,Sales,12974.11
EXP0003409,6100,CC0008,Department 8,2025-08-17,Sales,Sales,7857.94
EXP0003410,6200,CC0012,Department 4,2026-06-21,Sales,Sales,15752.29
EXP0003411,6300,CC0018,Department 2,2026-02-10,Marketing,Marketing,3096.65
EXP0003412,6300,CC0020,Department 4,2025-03-01,Marketing,Marketing,20212.2
EXP0003413,6300,CC0019,Department 3,2025-07-20,Operations,Administrative,10081.54
EXP0003414,6400,CC0017,Department 1,2026-07-21,Sales,Sales,13526.66
EXP0003415,6500,CC0012,Department 4,2025-09-04,SG&A,Administrative,17272.05
EXP0003416,6400,CC0008,Department 8,2025-12-22,Sales,Sales,16400.87
EXP0003417,6400,CC0006,Department 6,2026-09-27,Marketing,Marketing,24258.6
EXP0003418,6200,CC0015,Department 7,2026-07-01,Marketing,Marketing,24069.25
EXP0003419,6200,CC0013,Department 5,2026-07-22,SG&A,Administrative,20109.97
EXP0003420,6200,CC0009,Department 1,2025-09-06,Sales,Sales,143.47
EXP0003421,6500,CC0006,Department 6,2025-11-16,Marketing,Marketing,11398.03
EXP0003422,6500,CC0014,Department 6,2026-06-24,Sales,Sales,6332.24
EXP0003423,6400,CC0001,Department 1,2025-02-13,SG&A,Administrative,16844.48
EXP0003424,6200,CC0002,Department 2,2026-10-09,Marketing,Marketing,18313.92
EXP0003425,6100,CC0020,Department 4,2026-01-23,Marketing,Marketing,17336.2
EXP0003426,6400,CC0010,Department 2,2025-11-28,Operations,Administrative,3965.32
EXP0003427,6300,CC0006,Department 6,2026-06-28,Marketing,Marketing,2626.53
EXP0003428,6300,CC0013,Department 5,2025-11-06,Operations,Administrative,5668.17
EXP0003429,6500,CC0001,Department 1,2025-03-30,Marketing,Marketing,24281.07
EXP0003430,6400,CC0009,Department 1,2025-01-28,Sales,Sales,17742.56
EXP0003431,6100,CC0015,Department 7,2026-12-28,Sales,Sales,9053.2
EXP0003432,6200,CC0011,Department 3,2026-02-27,Operations,Administrative,13724.01
EXP0003433,6200,CC0011,Department 3,2025-06-06,Sales,Sales,19248.85
EXP0003434,6400,CC0006,Department 6,2025-04-02,Operations,Administrative,4928.75
EXP0003435,6400,CC0018,Department 2,2025-01-04,Sales,Sales,10298.33
EXP0003436,6500,CC0016,Department 8,2026-07-09,Marketing,Marketing,1438.71
EXP0003437,6300,CC0017,Department 1,2025-08-02,Sales,Sales,1512.3
EXP0003438,6100,CC0020,Department 4,2025-02-26,SG&A,Administrative,5048.06
EXP0003439,6200,CC0010,Department 2,2026-09-22,SG&A,Administrative,4548.0
EXP0003440,6400,CC0011,Department 3,2025-12-08,SG&A,Administrative,1751.59
EXP0003441,6200,CC0017,Department 1,2026-07-24,Operations,Administrative,3215.12
EXP0003442,6100,CC0012,Department 4,2026-11-01,Marketing,Marketing,5658.79
EXP0003443,6200,CC0014,Department 6,2026-05-08,Marketing,Marketing,12774.81
EXP0003444,6400,CC0019,Department 3,2025-04-12,Operations,Administrative,18872.26
EXP0003445,6100,CC0005,Department 5,2026-01-29,SG&A,Administrative,15702.93
EXP0003446,6500,CC0018,Department 2,2025-07-07,Sales,Sales,17435.15
EXP0003447,6200,CC0007,Department 7,2025-06-05,Marketing,Marketing,8290.9
EXP0003448,6300,CC0015,Department 7,2026-10-30,Sales,Sales,7736.29
EXP0003449,6300,CC0014,Department 6,2026-08-18,Marketing,Marketing,13416.41
EXP0003450,6100,CC0012,Department 4,2025-09-14,SG&A,Administrative,17777.0
EXP0003451,6500,CC0006,Department 6,2026-03-23,Operations,Administrative,13762.26
EXP0003452,6400,CC0015,Department 7,2026-09-07,Operations,Administrative,3002.78
EXP0003453,6300,CC0008,Department 8,2025-01-03,SG&A,Administrative,7149.4
EXP0003454,6300,CC0010,Department 2,2025-04-28,SG&A,Administrative,23368.34
EXP0003455,6400,CC0014,Department 6,2026-06-28,SG&A,Administrative,5606.96
EXP0003456,6300,CC0013,Department 5,2026-02-10,SG&A,Administrative,6422.47
EXP0003457,6400,CC0017,Department 1,2026-08-31,SG&A,Administrative,7954.72
EXP0003458,6100,CC0008,Department 8,2026-04-11,Marketing,Marketing,1649.27
EXP0003459,6400,CC0004,Department 4,2025-03-03,Sales,Sales,2777.01
EXP0003460,6200,CC0019,Department 3,2026-09-13,Sales,Sales,14138.53
EXP0003461,6400,CC0003,Department 3,2026-12-28,Sales,Sales,14056.43
EXP0003462,6400,CC0016,Department 8,2025-11-03,Sales,Sales,24811.65
EXP0003463,6200,CC0011,Department 3,2026-06-16,Operations,Administrative,20829.61
EXP0003464,6300,CC0003,Department 3,2026-06-21,Operations,Administrative,7136.14
EXP0003465,6300,CC0001,Department 1,2026-10-18,Operations,Administrative,12176.93
EXP0003466,6300,CC0005,Department 5,2025-06-07,Sales,Sales,13916.52
EXP0003467,6100,CC0005,Department 5,2026-04-12,Operations,Administrative,20384.81
EXP0003468,6500,CC0001,Department 1,2026-10-27,Sales,Sales,18795.75
EXP0003469,6100,CC0014,Department 6,2025-04-22,SG&A,Administrative,9207.44
EXP0003470,6200,CC0012,Department 4,2025-05-08,Marketing,Marketing,7378.18
EXP0003471,6100,CC0004,Department 4,2025-06-23,Marketing,Marketing,9024.73
EXP0003472,6400,CC0007,Department 7,2025-09-11,Operations,Administrative,12130.91
EXP0003473,6400,CC0009,Department 1,2026-04-26,Sales,Sales,11873.31
EXP0003474,6100,CC0008,Department 8,2026-06-15,Operations,Administrative,280.82
EXP0003475,6400,CC0007,Department 7,2025-05-09,SG&A,Administrative,9944.87
EXP0003476,6400,CC0008,Department 8,2025-03-19,Operations,Administrative,22878.48
EXP0003477,6300,CC0005,Department 5,2025-06-06,SG&A,Administrative,17777.16
EXP0003478,6400,CC0005,Department 5,2025-10-14,SG&A,Administrative,10584.5
EXP0003479,6500,CC0002,Department 2,2026-05-14,Marketing,Marketing,20818.24
EXP0003480,6300,CC0020,Department 4,2026-06-12,Sales,Sales,4873.48
EXP0003481,6300,CC0010,Department 2,2025-12-03,Operations,Administrative,9983.29
EXP0003482,6200,CC0008,Department 8,2025-10-30,Marketing,Marketing,11214.12
EXP0003483,6300,CC0017,Department 1,2026-09-06,Marketing,Marketing,22005.16
EXP0003484,6200,CC0009,Department 1,2026-10-16,Marketing,Marketing,22115.53
EXP0003485,6300,CC0007,Department 7,2026-02-17,Marketing,Marketing,23481.88
EXP0003486,6100,CC0017,Department 1,2026-08-10,SG&A,Administrative,571.92
EXP0003487,6500,CC0004,Department 4,2026-09-02,SG&A,Administrative,23389.33
EXP0003488,6100,CC0018,Department 2,2026-05-01,Operations,Administrative,15728.14
EXP0003489,6200,CC0010,Department 2,2026-04-21,Marketing,Marketing,4624.62
EXP0003490,6200,CC0005,Department 5,2025-03-04,Operations,Administrative,15951.04
EXP0003491,6200,CC0019,Department 3,2026-09-17,Sales,Sales,7074.81
EXP0003492,6300,CC0001,Department 1,2025-08-30,Sales,Sales,24919.29
EXP0003493,6300,CC0012,Department 4,2025-02-27,SG&A,Administrative,23223.71
EXP0003494,6200,CC0007,Department 7,2025-02-27,Operations,Administrative,24549.32
EXP0003495,6200,CC0002,Department 2,2025-01-31,Marketing,Marketing,20950.69
EXP0003496,6400,CC0019,Department 3,2025-01-04,SG&A,Administrative,11063.21
EXP0003497,6300,CC0016,Department 8,2026-11-07,Operations,Administrative,9377.85
EXP0003498,6400,CC0002,Department 2,2025-10-23,Sales,Sales,19119.45
EXP0003499,6400,CC0006,Department 6,2025-01-13,Marketing,Marketing,15085.85
EXP0003500,6300,CC0019,Department 3,2025-12-09,Operations,Administrative,6191.43
EXP0003501,6500,CC0017,Department 1,2025-02-15,Marketing,Marketing,14640.28
EXP0003502,6100,CC0019,Department 3,2025-04-17,Marketing,Marketing,3322.04
EXP0003503,6200,CC0002,Department 2,2025-06-14,SG&A,Administrative,4364.74
EXP0003504,6100,CC0013,Department 5,2025-10-08,SG&A,Administrative,18158.89
EXP0003505,6500,CC0013,Department 5,2026-03-04,Marketing,Marketing,15478.29
EXP0003506,6100,CC0005,Department 5,2026-03-29,Marketing,Marketing,24023.53
EXP0003507,6300,CC0018,Department 2,2025-04-06,Sales,Sales,8886.4
EXP0003508,6100,CC0015,Department 7,2026-07-23,Operations,Administrative,19715.48
EXP0003509,6500,CC0008,Department 8,2026-11-27,SG&A,Administrative,8222.07
EXP0003510,6100,CC0012,Department 4,2025-01-21,SG&A,Administrative,17177.11
EXP0003511,6100,CC0015,Department 7,2026-03-13,Marketing,Marketing,17395.68
EXP0003512,6400,CC0019,Department 3,2026-09-27,SG&A,Administrative,4008.52
EXP0003513,6500,CC0015,Department 7,2026-07-13,SG&A,Administrative,18349.31
EXP0003514,6300,CC0017,Department 1,2026-01-07,Marketing,Marketing,21754.86
EXP0003515,6200,CC0019,Department 3,2025-10-23,Operations,Administrative,979.36
EXP0003516,6300,CC0017,Department 1,2026-08-11,Operations,Administrative,10940.64
EXP0003517,6200,CC0013,Department 5,2025-07-08,Sales,Sales,19136.75
EXP0003518,6500,CC0004,Department 4,2025-09-01,Sales,Sales,24058.73
EXP0003519,6300,CC0020,Department 4,2025-05-29,Sales,Sales,7359.41
EXP0003520,6200,CC0012,Department 4,2026-08-08,Sales,Sales,14082.28
EXP0003521,6400,CC0020,Department 4,2025-06-09,SG&A,Administrative,18144.44
EXP0003522,6300,CC0005,Department 5,2025-05-14,Marketing,Marketing,847.94
EXP0003523,6400,CC0018,Department 2,2026-04-15,Sales,Sales,4818.09
EXP0003524,6300,CC0008,Department 8,2026-10-17,Operations,Administrative,15149.94
EXP0003525,6300,CC0011,Department 3,2025-08-14,Marketing,Marketing,18825.32
EXP0003526,6400,CC0013,Department 5,2026-01-29,Operations,Administrative,9568.71
EXP0003527,6100,CC0003,Department 3,2025-08-10,Operations,Administrative,11473.78
EXP0003528,6300,CC0014,Department 6,2026-08-03,Operations,Administrative,6428.76
EXP0003529,6500,CC0007,Department 7,2025-11-26,Operations,Administrative,11499.31
EXP0003530,6200,CC0010,Department 2,2025-05-18,SG&A,Administrative,14571.41
EXP0003531,6200,CC0007,Department 7,2025-01-18,Sales,Sales,2225.05
EXP0003532,6200,CC0008,Department 8,2025-02-03,SG&A,Administrative,19316.4
EXP0003533,6100,CC0012,Department 4,2026-01-08,SG&A,Administrative,2978.21
EXP0003534,6300,CC0019,Department 3,2025-06-17,Marketing,Marketing,20665.23
EXP0003535,6100,CC0014,Department 6,2026-02-28,Sales,Sales,13197.78
EXP0003536,6500,CC0009,Department 1,2025-06-05,Sales,Sales,19718.39
EXP0003537,6300,CC0018,Department 2,2025-02-02,Operations,Administrative,15956.04
EXP0003538,6500,CC0002,Department 2,2026-02-07,Sales,Sales,306.7
EXP0003539,6200,CC0013,Department 5,2026-12-11,Sales,Sales,22794.1
EXP0003540,6500,CC0019,Department 3,2026-01-06,Operations,Administrative,8914.48
EXP0003541,6200,CC0006,Department 6,2026-11-22,Marketing,Marketing,20621.82
EXP0003542,6300,CC0016,Department 8,2025-03-12,SG&A,Administrative,10957.75
EXP0003543,6100,CC0015,Department 7,2026-05-01,Marketing,Marketing,13682.81
EXP0003544,6500,CC0002,Department 2,2026-04-14,Sales,Sales,19957.54
EXP0003545,6500,CC0011,Department 3,2026-01-14,Marketing,Marketing,2031.93
EXP0003546,6100,CC0013,Department 5,2026-03-18,Operations,Administrative,4495.54
EXP0003547,6100,CC0004,Department 4,2026-01-24,Sales,Sales,5602.88
EXP0003548,6200,CC0001,Department 1,2026-08-05,Operations,Administrative,21653.51
EXP0003549,6500,CC0011,Department 3,2026-07-11,Operations,Administrative,3877.81
EXP0003550,6500,CC0003,Department 3,2025-05-27,Sales,Sales,2256.5
EXP0003551,6500,CC0014,Department 6,2025-01-15,Marketing,Marketing,14914.41
EXP0003552,6300,CC0018,Department 2,2026-09-01,SG&A,Administrative,16102.44
EXP0003553,6300,CC0004,Department 4,2025-12-13,Marketing,Marketing,18096.9
EXP0003554,6500,CC0016,Department 8,2025-10-31,SG&A,Administrative,4629.11
EXP0003555,6200,CC0019,Department 3,2025-03-25,Sales,Sales,19887.68
EXP0003556,6500,CC0014,Department 6,2025-03-28,SG&A,Administrative,19878.71
EXP0003557,6300,CC0015,Department 7,2026-06-24,Operations,Administrative,13995.25
EXP0003558,6400,CC0015,Department 7,2025-07-18,Sales,Sales,4539.77
EXP0003559,6100,CC0006,Department 6,2026-02-02,SG&A,Administrative,319.02
EXP0003560,6100,CC0016,Department 8,2025-02-02,Marketing,Marketing,17295.0
EXP0003561,6300,CC0010,Department 2,2025-11-04,Marketing,Marketing,19099.67
EXP0003562,6100,CC0004,Department 4,2025-02-28,SG&A,Administrative,1180.17
EXP0003563,6300,CC0020,Department 4,2025-01-10,SG&A,Administrative,5229.98
EXP0003564,6100,CC0015,Department 7,2025-02-19,Operations,Administrative,19200.59
EXP0003565,6500,CC0005,Department 5,2026-09-10,Marketing,Marketing,12928.17
EXP0003566,6400,CC0005,Department 5,2025-05-15,Marketing,Marketing,7445.93
EXP0003567,6100,CC0003,Department 3,2025-06-26,Marketing,Marketing,11574.71
EXP0003568,6500,CC0015,Department 7,2025-07-29,SG&A,Administrative,12253.72
EXP0003569,6400,CC0016,Department 8,2025-11-28,Operations,Administrative,4629.88
EXP0003570,6400,CC0007,Department 7,2026-03-26,Operations,Administrative,9063.5
EXP0003571,6400,CC0013,Department 5,2026-02-14,Marketing,Marketing,9916.42
EXP0003572,6300,CC0015,Department 7,2025-07-24,Marketing,Marketing,24111.19
EXP0003573,6100,CC0015,Department 7,2025-05-25,Sales,Sales,1725.54
EXP0003574,6500,CC0020,Department 4,2025-03-10,Sales,Sales,17776.1
EXP0003575,6400,CC0004,Department 4,2025-01-09,Sales,Sales,18676.13
EXP0003576,6100,CC0018,Department 2,2026-06-13,Operations,Administrative,8292.04
EXP0003577,6300,CC0012,Department 4,2026-01-14,Marketing,Marketing,23364.66
EXP0003578,6100,CC0008,Department 8,2025-11-28,Marketing,Marketing,11543.38
EXP0003579,6500,CC0014,Department 6,2026-05-14,Operations,Administrative,6465.06
EXP0003580,6400,CC0016,Department 8,2025-12-03,Sales,Sales,19419.82
EXP0003581,6300,CC0005,Department 5,2025-07-21,Sales,Sales,14995.81
EXP0003582,6500,CC0006,Department 6,2025-05-17,Operations,Administrative,11816.03
EXP0003583,6100,CC0003,Department 3,2026-06-18,Operations,Administrative,8820.16
EXP0003584,6100,CC0001,Department 1,2026-06-22,SG&A,Administrative,14515.78
EXP0003585,6300,CC0007,Department 7,2025-11-07,Marketing,Marketing,3642.22
EXP0003586,6200,CC0014,Department 6,2026-03-06,Sales,Sales,2422.57
EXP0003587,6100,CC0004,Department 4,2026-05-31,Sales,Sales,13216.18
EXP0003588,6300,CC0003,Department 3,2026-11-04,Operations,Administrative,19178.23
EXP0003589,6500,CC0002,Department 2,2025-01-12,SG&A,Administrative,23845.83
EXP0003590,6500,CC0019,Department 3,2026-07-06,Operations,Administrative,9560.4
EXP0003591,6500,CC0020,Department 4,2026-03-28,Marketing,Marketing,20013.44
EXP0003592,6400,CC0020,Department 4,2026-09-01,Sales,Sales,23404.79
EXP0003593,6100,CC0004,Department 4,2025-01-22,SG&A,Administrative,5994.38
EXP0003594,6300,CC0012,Department 4,2025-09-12,SG&A,Administrative,13197.57
EXP0003595,6200,CC0016,Department 8,2026-02-24,Operations,Administrative,15041.7
EXP0003596,6400,CC0004,Department 4,2026-02-19,Sales,Sales,15538.47
EXP0003597,6300,CC0020,Department 4,2025-01-10,Operations,Administrative,3612.02
EXP0003598,6100,CC0005,Department 5,2025-09-08,Sales,Sales,4202.78
EXP0003599,6100,CC0004,Department 4,2025-07-18,Marketing,Marketing,4728.93
EXP0003600,6500,CC0007,Department 7,2026-08-16,Marketing,Marketing,1786.55
EXP0003601,6200,CC0019,Department 3,2026-03-15,Operations,Administrative,22851.98
EXP0003602,6100,CC0003,Department 3,2025-02-12,Operations,Administrative,396.96
EXP0003603,6100,CC0019,Department 3,2026-02-11,Marketing,Marketing,9100.67
EXP0003604,6300,CC0009,Department 1,2026-07-08,SG&A,Administrative,12982.28
EXP0003605,6400,CC0019,Department 3,2025-04-19,Sales,Sales,6074.32
EXP0003606,6300,CC0007,Department 7,2026-10-14,Operations,Administrative,2744.02
EXP0003607,6500,CC0002,Department 2,2025-09-20,Operations,Administrative,18880.64
EXP0003608,6400,CC0006,Department 6,2026-09-20,SG&A,Administrative,8288.74
EXP0003609,6100,CC0018,Department 2,2025-07-02,Marketing,Marketing,2535.71
EXP0003610,6400,CC0008,Department 8,2025-12-28,SG&A,Administrative,2703.54
EXP0003611,6100,CC0013,Department 5,2025-12-21,Operations,Administrative,23172.76
EXP0003612,6500,CC0019,Department 3,2025-10-24,Marketing,Marketing,4221.94
EXP0003613,6500,CC0017,Department 1,2025-09-20,Operations,Administrative,4915.89
EXP0003614,6500,CC0001,Department 1,2025-04-18,Operations,Administrative,5720.14
EXP0003615,6100,CC0008,Department 8,2025-07-27,Operations,Administrative,8099.23
EXP0003616,6400,CC0002,Department 2,2026-04-16,Marketing,Marketing,24649.59
EXP0003617,6200,CC0016,Department 8,2025-03-13,Operations,Administrative,16791.37
EXP0003618,6400,CC0011,Department 3,2026-01-31,Marketing,Marketing,21860.64
EXP0003619,6400,CC0012,Department 4,2026-05-07,SG&A,Administrative,9266.81
EXP0003620,6200,CC0010,Department 2,2026-01-19,SG&A,Administrative,12608.12
EXP0003621,6200,CC0005,Department 5,2025-10-11,SG&A,Administrative,17205.65
EXP0003622,6500,CC0004,Department 4,2025-02-02,SG&A,Administrative,19254.17
EXP0003623,6100,CC0006,Department 6,2025-07-15,Operations,Administrative,3825.45
EXP0003624,6500,CC0014,Department 6,2026-02-05,SG&A,Administrative,24707.23
EXP0003625,6200,CC0004,Department 4,2026-01-10,Operations,Administrative,9806.81
EXP0003626,6200,CC0006,Department 6,2026-11-11,SG&A,Administrative,10929.53
EXP0003627,6500,CC0006,Department 6,2025-09-27,Marketing,Marketing,24767.51
EXP0003628,6400,CC0010,Department 2,2025-07-29,Sales,Sales,24156.44
EXP0003629,6100,CC0018,Department 2,2026-11-02,Sales,Sales,24545.28
EXP0003630,6500,CC0013,Department 5,2026-12-24,Sales,Sales,9554.11
EXP0003631,6200,CC0011,Department 3,2026-06-03,Sales,Sales,8587.92
EXP0003632,6500,CC0004,Department 4,2025-11-11,SG&A,Administrative,19917.49
EXP0003633,6400,CC0005,Department 5,2025-10-29,Marketing,Marketing,19930.53
EXP0003634,6100,CC0016,Department 8,2025-12-30,SG&A,Administrative,21508.86
EXP0003635,6400,CC0014,Department 6,2025-06-10,Marketing,Marketing,12429.34
EXP0003636,6200,CC0005,Department 5,2025-04-20,SG&A,Administrative,22689.0
EXP0003637,6200,CC0016,Department 8,2025-11-08,Marketing,Marketing,19568.4
EXP0003638,6400,CC0003,Department 3,2025-02-26,Sales,Sales,15366.22
EXP0003639,6100,CC0002,Department 2,2025-05-02,Operations,Administrative,10019.61
EXP0003640,6300,CC0009,Department 1,2026-01-14,Sales,Sales,3022.23
EXP0003641,6400,CC0006,Department 6,2025-12-11,SG&A,Administrative,5427.71
EXP0003642,6100,CC0017,Department 1,2026-10-23,Sales,Sales,16158.96
EXP0003643,6200,CC0012,Department 4,2025-01-31,Marketing,Marketing,12108.24
EXP0003644,6100,CC0018,Department 2,2025-08-18,SG&A,Administrative,9770.72
EXP0003645,6300,CC0011,Department 3,2025-05-30,Marketing,Marketing,18331.35
EXP0003646,6500,CC0020,Department 4,2026-12-29,Marketing,Marketing,4333.81
EXP0003647,6200,CC0006,Department 6,2025-02-26,SG&A,Administrative,4105.44
EXP0003648,6400,CC0009,Department 1,2025-03-05,SG&A,Administrative,4182.96
EXP0003649,6500,CC0004,Department 4,2025-05-17,SG&A,Administrative,22841.8
EXP0003650,6300,CC0018,Department 2,2026-12-30,Sales,Sales,16164.42
EXP0003651,6100,CC0016,Department 8,2025-01-02,Marketing,Marketing,14757.61
EXP0003652,6400,CC0010,Department 2,2025-11-29,Sales,Sales,6379.78
EXP0003653,6300,CC0014,Department 6,2025-07-21,SG&A,Administrative,19087.79
EXP0003654,6500,CC0008,Department 8,2025-04-26,Operations,Administrative,3692.94
EXP0003655,6200,CC0015,Department 7,2026-03-28,Sales,Sales,20020.45
EXP0003656,6100,CC0011,Department 3,2025-09-12,Marketing,Marketing,9835.95
EXP0003657,6100,CC0004,Department 4,2025-07-19,Sales,Sales,22761.01
EXP0003658,6100,CC0020,Department 4,2025-06-18,Operations,Administrative,4842.57
EXP0003659,6300,CC0019,Department 3,2026-04-10,Sales,Sales,877.24
EXP0003660,6200,CC0004,Department 4,2025-10-24,Sales,Sales,2732.04
EXP0003661,6300,CC0012,Department 4,2026-08-05,Operations,Administrative,15362.62
EXP0003662,6400,CC0018,Department 2,2026-10-16,Operations,Administrative,23867.95
EXP0003663,6200,CC0007,Department 7,2026-09-19,SG&A,Administrative,4690.93
EXP0003664,6300,CC0013,Department 5,2025-03-14,Sales,Sales,8473.98
EXP0003665,6300,CC0020,Department 4,2025-06-25,Sales,Sales,22316.03
EXP0003666,6300,CC0001,Department 1,2026-06-23,Marketing,Marketing,22398.67
EXP0003667,6500,CC0003,Department 3,2025-06-01,SG&A,Administrative,24644.88
EXP0003668,6100,CC0018,Department 2,2026-10-17,Operations,Administrative,15197.33
EXP0003669,6400,CC0006,Department 6,2026-03-18,Marketing,Marketing,19471.18
EXP0003670,6200,CC0006,Department 6,2026-03-30,Sales,Sales,3529.66
EXP0003671,6500,CC0018,Department 2,2025-11-19,Marketing,Marketing,10454.06
EXP0003672,6500,CC0011,Department 3,2025-01-27,Marketing,Marketing,14457.87
EXP0003673,6300,CC0007,Department 7,2026-11-29,Sales,Sales,12033.42
EXP0003674,6300,CC0001,Department 1,2026-10-08,Operations,Administrative,11355.04
EXP0003675,6500,CC0011,Department 3,2025-05-22,Operations,Administrative,5287.9
EXP0003676,6200,CC0018,Department 2,2025-09-23,Marketing,Marketing,23819.09
EXP0003677,6100,CC0016,Department 8,2026-10-19,Operations,Administrative,22975.39
EXP0003678,6200,CC0010,Department 2,2025-08-20,Sales,Sales,12813.4
EXP0003679,6400,CC0008,Department 8,2026-01-16,SG&A,Administrative,13148.58
EXP0003680,6300,CC0016,Department 8,2026-11-23,Sales,Sales,16867.65
EXP0003681,6100,CC0014,Department 6,2026-07-28,Operations,Administrative,11255.62
EXP0003682,6300,CC0020,Department 4,2025-01-08,Sales,Sales,4019.62
EXP0003683,6100,CC0018,Department 2,2025-01-07,Operations,Administrative,12246.07
EXP0003684,6200,CC0020,Department 4,2026-03-09,Sales,Sales,4579.89
EXP0003685,6500,CC0015,Department 7,2026-10-18,SG&A,Administrative,2935.75
EXP0003686,6300,CC0016,Department 8,2026-04-30,Operations,Administrative,15109.44
EXP0003687,6300,CC0013,Department 5,2025-11-14,Operations,Administrative,13085.93
EXP0003688,6500,CC0017,Department 1,2026-09-21,Sales,Sales,3605.22
EXP0003689,6500,CC0010,Department 2,2026-05-22,Sales,Sales,8068.72
EXP0003690,6500,CC0002,Department 2,2025-09-15,SG&A,Administrative,19242.67
EXP0003691,6200,CC0006,Department 6,2026-02-10,Sales,Sales,21328.54
EXP0003692,6200,CC0020,Department 4,2026-10-31,SG&A,Administrative,17927.04
EXP0003693,6200,CC0017,Department 1,2025-11-17,Sales,Sales,8830.4
EXP0003694,6500,CC0014,Department 6,2025-05-01,Marketing,Marketing,20968.99
EXP0003695,6100,CC0011,Department 3,2025-10-17,SG&A,Administrative,11328.01
EXP0003696,6300,CC0012,Department 4,2026-01-06,Marketing,Marketing,24913.02
EXP0003697,6300,CC0016,Department 8,2025-02-15,Marketing,Marketing,21651.56
EXP0003698,6500,CC0002,Department 2,2025-12-26,Marketing,Marketing,22689.88
EXP0003699,6200,CC0012,Department 4,2026-09-20,Operations,Administrative,5115.65
EXP0003700,6300,CC0002,Department 2,2025-08-24,Operations,Administrative,3012.03
EXP0003701,6300,CC0006,Department 6,2026-05-06,SG&A,Administrative,21302.89
EXP0003702,6500,CC0016,Department 8,2026-04-17,SG&A,Administrative,9829.88
EXP0003703,6100,CC0006,Department 6,2026-12-16,SG&A,Administrative,8952.27
EXP0003704,6100,CC0004,Department 4,2025-07-10,Operations,Administrative,7385.66
EXP0003705,6200,CC0019,Department 3,2026-12-23,Marketing,Marketing,598.41
EXP0003706,6200,CC0001,Department 1,2025-05-15,Sales,Sales,10712.56
EXP0003707,6200,CC0007,Department 7,2026-02-09,Marketing,Marketing,10002.18
EXP0003708,6400,CC0017,Department 1,2025-10-13,Operations,Administrative,18740.17
EXP0003709,6400,CC0001,Department 1,2026-01-26,Marketing,Marketing,2626.57
EXP0003710,6300,CC0006,Department 6,2025-04-16,Marketing,Marketing,19661.06
EXP0003711,6100,CC0007,Department 7,2026-07-07,Sales,Sales,4413.67
EXP0003712,6400,CC0008,Department 8,2025-05-05,SG&A,Administrative,18627.89
EXP0003713,6100,CC0018,Department 2,2025-04-07,Sales,Sales,12980.81
EXP0003714,6500,CC0001,Department 1,2026-12-27,Sales,Sales,24589.92
EXP0003715,6400,CC0014,Department 6,2025-08-09,Operations,Administrative,1106.15
EXP0003716,6100,CC0006,Department 6,2026-05-25,SG&A,Administrative,15833.02
EXP0003717,6300,CC0004,Department 4,2025-01-06,SG&A,Administrative,13758.48
EXP0003718,6400,CC0019,Department 3,2026-09-15,Marketing,Marketing,18592.61
EXP0003719,6400,CC0014,Department 6,2026-02-21,Sales,Sales,21090.99
EXP0003720,6500,CC0002,Department 2,2025-10-19,Marketing,Marketing,8997.79
EXP0003721,6200,CC0007,Department 7,2026-06-30,Sales,Sales,10907.14
EXP0003722,6300,CC0003,Department 3,2026-04-12,Operations,Administrative,5329.93
EXP0003723,6500,CC0009,Department 1,2026-05-02,Marketing,Marketing,6139.73
EXP0003724,6300,CC0006,Department 6,2026-11-03,SG&A,Administrative,15928.86
EXP0003725,6300,CC0017,Department 1,2026-10-19,SG&A,Administrative,17328.86
EXP0003726,6100,CC0015,Department 7,2025-04-19,Marketing,Marketing,23885.64
EXP0003727,6100,CC0008,Department 8,2026-12-27,SG&A,Administrative,2710.31
EXP0003728,6400,CC0006,Department 6,2026-04-20,Sales,Sales,941.71
EXP0003729,6500,CC0011,Department 3,2025-10-24,SG&A,Administrative,20221.16
EXP0003730,6400,CC0011,Department 3,2026-10-10,Operations,Administrative,1055.24
EXP0003731,6300,CC0006,Department 6,2025-03-28,Sales,Sales,6343.74
EXP0003732,6400,CC0010,Department 2,2026-05-04,Operations,Administrative,2712.77
EXP0003733,6200,CC0011,Department 3,2026-05-06,Sales,Sales,12652.99
EXP0003734,6300,CC0014,Department 6,2026-02-24,Marketing,Marketing,1313.61
EXP0003735,6100,CC0017,Department 1,2025-10-14,Sales,Sales,13683.83
EXP0003736,6200,CC0003,Department 3,2026-06-01,Sales,Sales,12899.91
EXP0003737,6500,CC0006,Department 6,2025-09-29,Marketing,Marketing,17202.75
EXP0003738,6300,CC0007,Department 7,2025-03-31,SG&A,Administrative,2732.96
EXP0003739,6400,CC0002,Department 2,2026-09-08,Sales,Sales,13290.84
EXP0003740,6500,CC0019,Department 3,2025-10-01,SG&A,Administrative,15135.17
EXP0003741,6100,CC0013,Department 5,2025-11-22,Marketing,Marketing,16454.74
EXP0003742,6400,CC0009,Department 1,2026-06-21,Marketing,Marketing,17358.16
EXP0003743,6100,CC0003,Department 3,2025-12-11,Sales,Sales,19044.51
EXP0003744,6500,CC0019,Department 3,2026-10-16,Operations,Administrative,17798.0
EXP0003745,6500,CC0004,Department 4,2025-03-13,Operations,Administrative,3736.85
EXP0003746,6100,CC0018,Department 2,2026-04-10,Sales,Sales,21836.09
EXP0003747,6200,CC0009,Department 1,2026-08-06,Marketing,Marketing,1051.16
EXP0003748,6400,CC0008,Department 8,2026-01-18,Sales,Sales,24562.9
EXP0003749,6500,CC0002,Department 2,2025-05-15,Marketing,Marketing,6354.25
EXP0003750,6200,CC0010,Department 2,2026-01-15,SG&A,Administrative,15834.48
EXP0003751,6500,CC0020,Department 4,2026-07-10,Sales,Sales,18775.33
EXP0003752,6400,CC0016,Department 8,2026-10-05,SG&A,Administrative,1707.19
EXP0003753,6200,CC0016,Department 8,2025-09-04,SG&A,Administrative,2216.79
EXP0003754,6200,CC0013,Department 5,2025-01-31,SG&A,Administrative,18584.97
EXP0003755,6400,CC0019,Department 3,2025-09-19,Operations,Administrative,8504.99
EXP0003756,6400,CC0017,Department 1,2025-10-13,Sales,Sales,10064.72
EXP0003757,6300,CC0003,Department 3,2026-12-21,SG&A,Administrative,4029.94
EXP0003758,6100,CC0001,Department 1,2026-03-20,SG&A,Administrative,23255.35
EXP0003759,6100,CC0014,Department 6,2026-08-27,Operations,Administrative,4929.34
EXP0003760,6200,CC0015,Department 7,2025-09-07,Sales,Sales,8138.96
EXP0003761,6100,CC0016,Department 8,2025-03-21,SG&A,Administrative,17955.63
EXP0003762,6400,CC0008,Department 8,2025-11-16,Operations,Administrative,17216.96
EXP0003763,6500,CC0009,Department 1,2026-04-27,Marketing,Marketing,1327.86
EXP0003764,6200,CC0006,Department 6,2025-07-17,SG&A,Administrative,14196.94
EXP0003765,6500,CC0007,Department 7,2026-04-02,Marketing,Marketing,24905.38
EXP0003766,6400,CC0018,Department 2,2025-04-29,Operations,Administrative,6294.92
EXP0003767,6100,CC0005,Department 5,2026-10-31,SG&A,Administrative,13152.82
EXP0003768,6100,CC0003,Department 3,2025-10-13,Sales,Sales,20803.82
EXP0003769,6500,CC0007,Department 7,2025-01-23,Operations,Administrative,23736.28
EXP0003770,6400,CC0009,Department 1,2026-07-13,Marketing,Marketing,19040.07
EXP0003771,6400,CC0003,Department 3,2025-09-19,Sales,Sales,6072.3
EXP0003772,6400,CC0013,Department 5,2025-06-29,Operations,Administrative,2321.74
EXP0003773,6400,CC0006,Department 6,2025-12-26,Sales,Sales,17061.68
EXP0003774,6400,CC0008,Department 8,2025-08-25,SG&A,Administrative,3237.12
EXP0003775,6300,CC0007,Department 7,2025-03-09,Marketing,Marketing,10879.16
EXP0003776,6300,CC0013,Department 5,2026-01-30,SG&A,Administrative,23763.95
EXP0003777,6100,CC0020,Department 4,2025-12-31,Operations,Administrative,6500.45
EXP0003778,6400,CC0006,Department 6,2026-11-27,Operations,Administrative,16144.34
EXP0003779,6200,CC0002,Department 2,2025-11-18,Marketing,Marketing,18621.63
EXP0003780,6200,CC0006,Department 6,2025-01-09,Marketing,Marketing,18028.51
EXP0003781,6500,CC0001,Department 1,2025-01-17,Marketing,Marketing,10158.21
EXP0003782,6300,CC0004,Department 4,2025-12-05,Operations,Administrative,7290.27
EXP0003783,6100,CC0009,Department 1,2025-05-10,SG&A,Administrative,12783.06
EXP0003784,6500,CC0013,Department 5,2026-12-10,Marketing,Marketing,12651.34
EXP0003785,6100,CC0006,Department 6,2025-01-15,SG&A,Administrative,21903.99
EXP0003786,6100,CC0005,Department 5,2025-07-02,Operations,Administrative,18754.45
EXP0003787,6500,CC0003,Department 3,2026-02-28,Sales,Sales,12933.72
EXP0003788,6200,CC0016,Department 8,2026-07-17,Marketing,Marketing,16173.4
EXP0003789,6200,CC0008,Department 8,2025-07-06,SG&A,Administrative,9005.15
EXP0003790,6300,CC0011,Department 3,2025-08-25,Operations,Administrative,18772.67
EXP0003791,6400,CC0010,Department 2,2025-01-07,Marketing,Marketing,22365.16
EXP0003792,6100,CC0014,Department 6,2025-12-04,Operations,Administrative,12386.31
EXP0003793,6100,CC0003,Department 3,2026-03-05,SG&A,Administrative,5803.73
EXP0003794,6100,CC0010,Department 2,2026-02-24,Sales,Sales,15538.12
EXP0003795,6200,CC0018,Department 2,2025-12-12,Sales,Sales,13251.7
EXP0003796,6300,CC0008,Department 8,2025-04-11,Operations,Administrative,23488.26
EXP0003797,6500,CC0002,Department 2,2026-10-08,SG&A,Administrative,8402.33
EXP0003798,6100,CC0003,Department 3,2025-09-22,SG&A,Administrative,14742.72
EXP0003799,6300,CC0020,Department 4,2025-10-08,Marketing,Marketing,14876.12
EXP0003800,6200,CC0017,Department 1,2026-05-05,SG&A,Administrative,18811.72
EXP0003801,6300,CC0010,Department 2,2025-09-05,SG&A,Administrative,16567.34
EXP0003802,6400,CC0020,Department 4,2025-08-06,Operations,Administrative,8862.23
EXP0003803,6400,CC0012,Department 4,2026-09-27,Sales,Sales,7681.68
EXP0003804,6400,CC0016,Department 8,2025-12-31,Marketing,Marketing,18095.25
EXP0003805,6200,CC0004,Department 4,2026-10-17,Marketing,Marketing,19104.93
EXP0003806,6500,CC0018,Department 2,2026-11-17,Operations,Administrative,24510.04
EXP0003807,6300,CC0001,Department 1,2025-05-28,SG&A,Administrative,2963.03
EXP0003808,6100,CC0011,Department 3,2026-10-20,Marketing,Marketing,2868.66
EXP0003809,6300,CC0020,Department 4,2025-04-09,Operations,Administrative,20102.56
EXP0003810,6200,CC0014,Department 6,2025-08-19,SG&A,Administrative,1671.79
EXP0003811,6200,CC0005,Department 5,2026-07-01,Marketing,Marketing,22362.04
EXP0003812,6400,CC0003,Department 3,2025-01-02,SG&A,Administrative,19971.9
EXP0003813,6100,CC0019,Department 3,2025-06-01,Sales,Sales,3571.51
EXP0003814,6500,CC0009,Department 1,2026-11-29,SG&A,Administrative,4510.43
EXP0003815,6100,CC0003,Department 3,2026-06-20,SG&A,Administrative,16689.74
EXP0003816,6200,CC0019,Department 3,2025-03-10,Marketing,Marketing,9366.17
EXP0003817,6200,CC0007,Department 7,2025-03-17,SG&A,Administrative,21407.83
EXP0003818,6400,CC0002,Department 2,2026-12-11,Sales,Sales,22376.74
EXP0003819,6100,CC0006,Department 6,2026-04-21,SG&A,Administrative,6017.14
EXP0003820,6100,CC0004,Department 4,2026-06-04,Sales,Sales,4859.55
EXP0003821,6300,CC0006,Department 6,2026-01-08,SG&A,Administrative,6100.46
EXP0003822,6400,CC0001,Department 1,2025-08-14,Sales,Sales,8455.0
EXP0003823,6100,CC0011,Department 3,2026-01-09,Sales,Sales,19050.43
EXP0003824,6400,CC0006,Department 6,2025-10-17,Marketing,Marketing,902.64
EXP0003825,6200,CC0004,Department 4,2025-04-15,SG&A,Administrative,11098.32
EXP0003826,6100,CC0009,Department 1,2025-02-12,Operations,Administrative,20031.7
EXP0003827,6100,CC0002,Department 2,2025-10-30,Sales,Sales,3521.83
EXP0003828,6300,CC0013,Department 5,2026-12-26,Operations,Administrative,14905.02
EXP0003829,6300,CC0016,Department 8,2026-07-23,Sales,Sales,22320.68
EXP0003830,6100,CC0008,Department 8,2026-05-10,Operations,Administrative,953.26
EXP0003831,6300,CC0005,Department 5,2026-01-08,Sales,Sales,9355.86
EXP0003832,6300,CC0018,Department 2,2026-03-30,SG&A,Administrative,13103.28
EXP0003833,6300,CC0003,Department 3,2026-11-09,Marketing,Marketing,19623.08
EXP0003834,6500,CC0004,Department 4,2026-01-18,Operations,Administrative,2593.26
EXP0003835,6200,CC0005,Department 5,2026-08-28,SG&A,Administrative,10621.82
EXP0003836,6400,CC0009,Department 1,2026-05-17,SG&A,Administrative,15800.39
EXP0003837,6100,CC0004,Department 4,2025-03-17,SG&A,Administrative,11325.07
EXP0003838,6500,CC0018,Department 2,2025-12-30,SG&A,Administrative,4515.11
EXP0003839,6300,CC0004,Department 4,2026-07-05,SG&A,Administrative,21320.51
EXP0003840,6500,CC0019,Department 3,2026-08-29,Operations,Administrative,3992.2
EXP0003841,6400,CC0016,Department 8,2025-05-02,Operations,Administrative,14496.54
EXP0003842,6400,CC0009,Department 1,2025-08-11,SG&A,Administrative,9254.68
EXP0003843,6300,CC0008,Department 8,2025-02-02,Marketing,Marketing,16772.45
EXP0003844,6200,CC0014,Department 6,2026-12-14,SG&A,Administrative,22735.72
EXP0003845,6500,CC0009,Department 1,2026-05-31,Operations,Administrative,9587.51
EXP0003846,6400,CC0008,Department 8,2026-11-08,Sales,Sales,4949.87
EXP0003847,6200,CC0010,Department 2,2026-03-05,Marketing,Marketing,4654.29
EXP0003848,6300,CC0003,Department 3,2026-02-10,Marketing,Marketing,23026.82
EXP0003849,6300,CC0004,Department 4,2026-08-21,Operations,Administrative,6288.08
EXP0003850,6100,CC0005,Department 5,2026-07-26,Sales,Sales,14669.99
EXP0003851,6200,CC0008,Department 8,2026-09-09,Sales,Sales,19715.86
EXP0003852,6200,CC0012,Department 4,2025-01-31,Marketing,Marketing,4771.03
EXP0003853,6100,CC0011,Department 3,2026-02-22,Sales,Sales,13548.89
EXP0003854,6200,CC0004,Department 4,2026-01-29,Marketing,Marketing,200.62
EXP0003855,6100,CC0020,Department 4,2025-06-19,Operations,Administrative,12491.05
EXP0003856,6100,CC0013,Department 5,2026-06-29,SG&A,Administrative,19455.08
EXP0003857,6200,CC0001,Department 1,2026-07-28,Operations,Administrative,15112.45
EXP0003858,6500,CC0006,Department 6,2025-09-21,Marketing,Marketing,14410.97
EXP0003859,6500,CC0002,Department 2,2026-01-24,Marketing,Marketing,20747.38
EXP0003860,6500,CC0016,Department 8,2026-04-09,Marketing,Marketing,21559.99
EXP0003861,6300,CC0008,Department 8,2026-10-31,Marketing,Marketing,3000.51
EXP0003862,6200,CC0006,Department 6,2026-03-01,Marketing,Marketing,19593.67
EXP0003863,6200,CC0015,Department 7,2026-12-18,Sales,Sales,1173.2
EXP0003864,6100,CC0016,Department 8,2025-03-16,SG&A,Administrative,10221.09
EXP0003865,6300,CC0003,Department 3,2026-12-16,Operations,Administrative,8560.99
EXP0003866,6300,CC0018,Department 2,2025-02-11,Operations,Administrative,21742.87
EXP0003867,6500,CC0003,Department 3,2026-03-10,Sales,Sales,4446.68
EXP0003868,6300,CC0008,Department 8,2025-01-25,Sales,Sales,14637.7
EXP0003869,6200,CC0004,Department 4,2026-09-21,Sales,Sales,22692.76
EXP0003870,6100,CC0014,Department 6,2025-02-27,Marketing,Marketing,13858.92
EXP0003871,6400,CC0006,Department 6,2026-08-27,Sales,Sales,21552.34
EXP0003872,6100,CC0012,Department 4,2026-07-18,SG&A,Administrative,17100.61
EXP0003873,6400,CC0014,Department 6,2026-04-09,SG&A,Administrative,5177.42
EXP0003874,6200,CC0011,Department 3,2026-02-15,Marketing,Marketing,18924.78
EXP0003875,6400,CC0018,Department 2,2025-04-09,Marketing,Marketing,18911.31
EXP0003876,6100,CC0016,Department 8,2026-07-10,Sales,Sales,2852.99
EXP0003877,6200,CC0013,Department 5,2026-07-27,Operations,Administrative,17175.45
EXP0003878,6400,CC0015,Department 7,2025-11-14,Sales,Sales,2075.84
EXP0003879,6400,CC0013,Department 5,2026-01-29,Marketing,Marketing,4466.26
EXP0003880,6300,CC0015,Department 7,2025-07-14,Sales,Sales,13511.25
EXP0003881,6500,CC0013,Department 5,2025-05-15,SG&A,Administrative,22681.8
EXP0003882,6100,CC0017,Department 1,2025-05-16,SG&A,Administrative,16928.75
EXP0003883,6500,CC0005,Department 5,2025-04-13,Operations,Administrative,23483.28
EXP0003884,6200,CC0019,Department 3,2025-01-11,SG&A,Administrative,21128.03
EXP0003885,6200,CC0001,Department 1,2025-05-31,Sales,Sales,4009.32
EXP0003886,6100,CC0009,Department 1,2026-07-20,Sales,Sales,8805.21
EXP0003887,6400,CC0019,Department 3,2025-05-03,Sales,Sales,22220.37
EXP0003888,6300,CC0019,Department 3,2025-06-02,Operations,Administrative,1456.67
EXP0003889,6200,CC0009,Department 1,2026-07-09,Marketing,Marketing,16877.06
EXP0003890,6200,CC0020,Department 4,2026-01-20,SG&A,Administrative,9353.81
EXP0003891,6100,CC0017,Department 1,2025-07-04,Operations,Administrative,17340.58
EXP0003892,6500,CC0018,Department 2,2025-07-18,Marketing,Marketing,7209.94
EXP0003893,6500,CC0003,Department 3,2025-04-04,Operations,Administrative,10611.51
EXP0003894,6500,CC0020,Department 4,2026-06-22,SG&A,Administrative,7768.28
EXP0003895,6400,CC0020,Department 4,2025-12-23,SG&A,Administrative,12783.58
EXP0003896,6300,CC0002,Department 2,2025-11-03,SG&A,Administrative,1049.74
EXP0003897,6400,CC0020,Department 4,2025-06-21,Marketing,Marketing,23948.15
EXP0003898,6400,CC0006,Department 6,2026-07-02,Operations,Administrative,6296.88
EXP0003899,6100,CC0010,Department 2,2025-12-28,Marketing,Marketing,305.93
EXP0003900,6200,CC0009,Department 1,2026-05-20,SG&A,Administrative,19773.15
EXP0003901,6400,CC0019,Department 3,2025-10-17,SG&A,Administrative,7603.95
EXP0003902,6200,CC0009,Department 1,2025-09-24,Marketing,Marketing,20918.18
EXP0003903,6200,CC0011,Department 3,2026-07-17,Sales,Sales,7573.74
EXP0003904,6300,CC0015,Department 7,2025-03-01,Sales,Sales,369.91
EXP0003905,6400,CC0008,Department 8,2026-05-15,Marketing,Marketing,1798.96
EXP0003906,6500,CC0005,Department 5,2025-12-02,Operations,Administrative,18113.2
EXP0003907,6100,CC0018,Department 2,2025-03-28,SG&A,Administrative,17698.31
EXP0003908,6500,CC0016,Department 8,2026-10-18,Sales,Sales,20393.05
EXP0003909,6300,CC0008,Department 8,2025-04-20,Marketing,Marketing,17422.18
EXP0003910,6400,CC0016,Department 8,2025-03-03,SG&A,Administrative,12615.21
EXP0003911,6300,CC0004,Department 4,2025-08-26,Sales,Sales,5496.44
EXP0003912,6200,CC0003,Department 3,2026-07-01,SG&A,Administrative,10554.94
EXP0003913,6400,CC0004,Department 4,2025-12-22,SG&A,Administrative,15343.14
EXP0003914,6400,CC0014,Department 6,2026-05-17,Sales,Sales,10731.17
EXP0003915,6100,CC0003,Department 3,2026-12-07,Marketing,Marketing,2680.76
EXP0003916,6300,CC0011,Department 3,2026-06-05,Marketing,Marketing,4084.41
EXP0003917,6400,CC0019,Department 3,2026-06-05,Marketing,Marketing,19572.58
EXP0003918,6500,CC0020,Department 4,2026-02-23,SG&A,Administrative,16361.33
EXP0003919,6300,CC0006,Department 6,2025-12-07,Sales,Sales,23415.7
EXP0003920,6200,CC0015,Department 7,2025-05-24,SG&A,Administrative,10821.99
EXP0003921,6400,CC0005,Department 5,2026-03-27,Operations,Administrative,14446.53
EXP0003922,6300,CC0015,Department 7,2026-08-12,SG&A,Administrative,23468.21
EXP0003923,6100,CC0003,Department 3,2025-08-05,Marketing,Marketing,11028.14
EXP0003924,6200,CC0010,Department 2,2026-03-16,Marketing,Marketing,20305.31
EXP0003925,6200,CC0008,Department 8,2026-12-02,Operations,Administrative,10277.1
EXP0003926,6400,CC0001,Department 1,2025-12-17,SG&A,Administrative,5542.71
EXP0003927,6200,CC0010,Department 2,2025-10-06,SG&A,Administrative,694.24
EXP0003928,6200,CC0015,Department 7,2025-11-02,Operations,Administrative,14902.34
EXP0003929,6400,CC0006,Department 6,2025-09-20,Operations,Administrative,4836.42
EXP0003930,6100,CC0005,Department 5,2025-03-28,Operations,Administrative,5275.79
EXP0003931,6400,CC0017,Department 1,2025-01-04,SG&A,Administrative,5479.01
EXP0003932,6100,CC0013,Department 5,2026-10-19,Sales,Sales,2174.75
EXP0003933,6400,CC0007,Department 7,2025-07-20,Marketing,Marketing,22775.74
EXP0003934,6300,CC0009,Department 1,2026-09-12,Operations,Administrative,1054.75
EXP0003935,6100,CC0010,Department 2,2026-06-21,Marketing,Marketing,18721.09
EXP0003936,6500,CC0018,Department 2,2025-02-11,Operations,Administrative,947.86
EXP0003937,6400,CC0003,Department 3,2025-10-04,Marketing,Marketing,6260.69
EXP0003938,6100,CC0012,Department 4,2026-04-08,Sales,Sales,348.44
EXP0003939,6400,CC0004,Department 4,2025-05-17,Marketing,Marketing,5706.09
EXP0003940,6100,CC0008,Department 8,2026-11-16,SG&A,Administrative,18866.05
EXP0003941,6500,CC0020,Department 4,2025-06-18,SG&A,Administrative,21471.87
EXP0003942,6100,CC0018,Department 2,2026-06-10,Marketing,Marketing,1055.02
EXP0003943,6500,CC0012,Department 4,2025-12-03,SG&A,Administrative,8870.14
EXP0003944,6500,CC0013,Department 5,2026-09-21,SG&A,Administrative,10993.17
EXP0003945,6400,CC0012,Department 4,2026-09-19,Sales,Sales,4716.16
EXP0003946,6200,CC0003,Department 3,2025-08-09,Marketing,Marketing,2679.81
EXP0003947,6500,CC0017,Department 1,2025-07-05,SG&A,Administrative,2116.59
EXP0003948,6200,CC0006,Department 6,2025-04-08,Operations,Administrative,18020.48
EXP0003949,6100,CC0001,Department 1,2025-06-13,Operations,Administrative,20407.86
EXP0003950,6300,CC0010,Department 2,2026-03-24,Marketing,Marketing,6164.89
EXP0003951,6400,CC0009,Department 1,2025-10-22,Marketing,Marketing,10845.77
EXP0003952,6100,CC0005,Department 5,2025-02-28,Sales,Sales,205.71
EXP0003953,6200,CC0006,Department 6,2026-02-15,SG&A,Administrative,6256.21
EXP0003954,6400,CC0002,Department 2,2026-10-13,Operations,Administrative,18010.53
EXP0003955,6500,CC0012,Department 4,2025-02-15,SG&A,Administrative,11677.99
EXP0003956,6100,CC0008,Department 8,2025-07-30,Sales,Sales,11921.48
EXP0003957,6300,CC0018,Department 2,2025-01-20,SG&A,Administrative,24253.22
EXP0003958,6200,CC0007,Department 7,2025-03-20,Marketing,Marketing,3470.11
EXP0003959,6500,CC0018,Department 2,2026-05-29,SG&A,Administrative,13887.36
EXP0003960,6300,CC0013,Department 5,2025-10-19,Marketing,Marketing,13123.76
EXP0003961,6300,CC0014,Department 6,2025-06-03,Sales,Sales,16504.99
EXP0003962,6500,CC0017,Department 1,2026-02-06,Marketing,Marketing,15827.7
EXP0003963,6400,CC0017,Department 1,2026-12-28,Operations,Administrative,17818.17
EXP0003964,6100,CC0011,Department 3,2026-01-21,Sales,Sales,1627.07
EXP0003965,6200,CC0002,Department 2,2025-05-02,SG&A,Administrative,7868.1
EXP0003966,6100,CC0016,Department 8,2026-12-07,Marketing,Marketing,8329.72
EXP0003967,6500,CC0009,Department 1,2025-01-24,Marketing,Marketing,5936.2
EXP0003968,6300,CC0012,Department 4,2025-05-17,Operations,Administrative,10162.09
EXP0003969,6200,CC0003,Department 3,2026-04-07,SG&A,Administrative,14356.48
EXP0003970,6400,CC0015,Department 7,2026-11-30,Operations,Administrative,3356.79
EXP0003971,6300,CC0015,Department 7,2026-04-02,SG&A,Administrative,2055.32
EXP0003972,6200,CC0006,Department 6,2025-11-26,Operations,Administrative,19149.41
EXP0003973,6500,CC0017,Department 1,2026-04-07,SG&A,Administrative,15173.84
EXP0003974,6200,CC0007,Department 7,2025-12-31,Operations,Administrative,20104.76
EXP0003975,6400,CC0014,Department 6,2026-11-08,Marketing,Marketing,20215.83
EXP0003976,6300,CC0002,Department 2,2026-06-04,Marketing,Marketing,3021.55
EXP0003977,6500,CC0006,Department 6,2025-07-19,SG&A,Administrative,9836.22
EXP0003978,6200,CC0006,Department 6,2026-03-12,Marketing,Marketing,10733.14
EXP0003979,6400,CC0007,Department 7,2026-11-25,Sales,Sales,11580.94
EXP0003980,6200,CC0008,Department 8,2025-09-05,Operations,Administrative,24790.54
EXP0003981,6200,CC0010,Department 2,2025-07-02,Sales,Sales,13482.13
EXP0003982,6400,CC0014,Department 6,2026-03-11,SG&A,Administrative,6508.6
EXP0003983,6300,CC0011,Department 3,2025-08-12,Marketing,Marketing,17059.89
EXP0003984,6300,CC0015,Department 7,2025-07-29,Marketing,Marketing,581.35
EXP0003985,6400,CC0015,Department 7,2026-08-28,Marketing,Marketing,8359.49
EXP0003986,6300,CC0017,Department 1,2026-09-04,Sales,Sales,1077.16
EXP0003987,6100,CC0012,Department 4,2026-08-21,Marketing,Marketing,9941.11
EXP0003988,6100,CC0007,Department 7,2025-09-10,Operations,Administrative,9720.93
EXP0003989,6100,CC0015,Department 7,2026-09-25,SG&A,Administrative,6929.59
EXP0003990,6400,CC0018,Department 2,2025-11-30,Sales,Sales,15451.75
EXP0003991,6200,CC0018,Department 2,2026-05-07,Marketing,Marketing,19772.16
EXP0003992,6200,CC0013,Department 5,2025-06-02,Marketing,Marketing,805.49
EXP0003993,6200,CC0018,Department 2,2026-06-30,SG&A,Administrative,9208.1
EXP0003994,6100,CC0020,Department 4,2026-07-22,Operations,Administrative,6651.56
EXP0003995,6200,CC0006,Department 6,2025-05-07,Marketing,Marketing,18361.83
EXP0003996,6400,CC0014,Department 6,2025-09-25,Operations,Administrative,10016.65
EXP0003997,6500,CC0010,Department 2,2026-12-11,Sales,Sales,14932.11
EXP0003998,6500,CC0011,Department 3,2025-09-11,Marketing,Marketing,6759.31
EXP0003999,6500,CC0008,Department 8,2026-01-10,Operations,Administrative,20201.45
EXP0004000,6100,CC0017,Department 1,2025-09-26,Operations,Administrative,9355.07
EXP0004001,6500,CC0009,Department 1,2025-04-25,Sales,Sales,12447.53
EXP0004002,6200,CC0012,Department 4,2025-09-19,SG&A,Administrative,7682.88
EXP0004003,6300,CC0008,Department 8,2025-02-09,Sales,Sales,16199.8
EXP0004004,6400,CC0008,Department 8,2026-12-15,Sales,Sales,10557.31
EXP0004005,6400,CC0012,Department 4,2026-04-13,Marketing,Marketing,19867.25
EXP0004006,6200,CC0006,Department 6,2025-12-29,Operations,Administrative,9976.16
EXP0004007,6500,CC0012,Department 4,2026-07-05,Sales,Sales,21288.2
EXP0004008,6400,CC0005,Department 5,2026-11-08,Sales,Sales,16501.43
EXP0004009,6500,CC0017,Department 1,2025-04-03,SG&A,Administrative,8107.1
EXP0004010,6100,CC0018,Department 2,2026-05-31,SG&A,Administrative,7685.78
EXP0004011,6300,CC0019,Department 3,2026-05-30,Marketing,Marketing,2073.71
EXP0004012,6400,CC0020,Department 4,2026-02-09,SG&A,Administrative,16734.69
EXP0004013,6200,CC0010,Department 2,2025-10-01,Marketing,Marketing,15174.72
EXP0004014,6500,CC0016,Department 8,2026-02-22,Sales,Sales,3380.24
EXP0004015,6400,CC0010,Department 2,2026-06-29,Operations,Administrative,19732.61
EXP0004016,6300,CC0009,Department 1,2026-08-05,Sales,Sales,18728.62
EXP0004017,6400,CC0012,Department 4,2025-02-28,Operations,Administrative,16767.29
EXP0004018,6400,CC0003,Department 3,2025-09-21,Sales,Sales,20925.96
EXP0004019,6300,CC0009,Department 1,2026-11-26,Sales,Sales,20070.96
EXP0004020,6500,CC0020,Department 4,2025-06-04,Sales,Sales,16217.33
EXP0004021,6100,CC0020,Department 4,2026-11-19,SG&A,Administrative,10921.13
EXP0004022,6300,CC0012,Department 4,2026-11-10,Marketing,Marketing,5572.66
EXP0004023,6100,CC0013,Department 5,2026-01-31,Operations,Administrative,16796.38
EXP0004024,6100,CC0018,Department 2,2026-06-27,SG&A,Administrative,17158.7
EXP0004025,6100,CC0015,Department 7,2026-08-10,SG&A,Administrative,19994.52
EXP0004026,6300,CC0017,Department 1,2025-09-17,Marketing,Marketing,2759.33
EXP0004027,6300,CC0019,Department 3,2025-10-16,Operations,Administrative,4686.41
EXP0004028,6400,CC0006,Department 6,2025-12-26,Operations,Administrative,4201.01
EXP0004029,6100,CC0012,Department 4,2025-06-26,Marketing,Marketing,17302.39
EXP0004030,6100,CC0008,Department 8,2025-01-07,Sales,Sales,23943.31
EXP0004031,6100,CC0008,Department 8,2025-06-30,Operations,Administrative,12560.98
EXP0004032,6400,CC0006,Department 6,2025-11-29,Sales,Sales,9969.69
EXP0004033,6500,CC0006,Department 6,2025-08-27,SG&A,Administrative,12895.86
EXP0004034,6300,CC0004,Department 4,2025-12-09,Marketing,Marketing,1246.94
EXP0004035,6200,CC0003,Department 3,2025-07-13,Marketing,Marketing,14895.71
EXP0004036,6300,CC0011,Department 3,2026-09-07,Operations,Administrative,3267.97
EXP0004037,6500,CC0007,Department 7,2026-01-05,Operations,Administrative,9645.85
EXP0004038,6300,CC0019,Department 3,2025-08-02,SG&A,Administrative,15088.69
EXP0004039,6400,CC0015,Department 7,2025-02-24,Operations,Administrative,9002.7
EXP0004040,6500,CC0015,Department 7,2025-10-15,SG&A,Administrative,5540.93
EXP0004041,6200,CC0001,Department 1,2025-07-05,Sales,Sales,891.02
EXP0004042,6100,CC0003,Department 3,2026-08-31,Operations,Administrative,3429.82
EXP0004043,6400,CC0013,Department 5,2025-05-26,Marketing,Marketing,7697.07
EXP0004044,6200,CC0014,Department 6,2025-07-31,Operations,Administrative,10640.63
EXP0004045,6400,CC0012,Department 4,2026-05-10,Sales,Sales,21101.35
EXP0004046,6100,CC0015,Department 7,2026-02-28,Operations,Administrative,6251.5
EXP0004047,6100,CC0002,Department 2,2025-02-14,Sales,Sales,2881.58
EXP0004048,6400,CC0006,Department 6,2026-05-17,Operations,Administrative,19165.17
EXP0004049,6400,CC0007,Department 7,2026-06-06,Operations,Administrative,3648.44
EXP0004050,6300,CC0008,Department 8,2026-10-14,Marketing,Marketing,13863.58
EXP0004051,6500,CC0014,Department 6,2025-12-17,Sales,Sales,17668.34
EXP0004052,6500,CC0005,Department 5,2026-06-04,Sales,Sales,22935.72
EXP0004053,6300,CC0011,Department 3,2025-12-10,SG&A,Administrative,10847.63
EXP0004054,6100,CC0012,Department 4,2026-12-25,Marketing,Marketing,17228.34
EXP0004055,6200,CC0015,Department 7,2026-06-20,Operations,Administrative,14045.37
EXP0004056,6400,CC0003,Department 3,2025-03-20,SG&A,Administrative,5065.53
EXP0004057,6400,CC0010,Department 2,2025-05-31,Sales,Sales,19198.01
EXP0004058,6100,CC0003,Department 3,2025-04-06,Operations,Administrative,21179.41
EXP0004059,6200,CC0019,Department 3,2025-07-15,Operations,Administrative,22101.37
EXP0004060,6500,CC0017,Department 1,2026-11-20,Sales,Sales,3467.94
EXP0004061,6500,CC0012,Department 4,2026-08-15,Marketing,Marketing,13077.49
EXP0004062,6200,CC0017,Department 1,2025-05-01,Marketing,Marketing,13053.85
EXP0004063,6200,CC0014,Department 6,2025-04-30,Marketing,Marketing,5195.71
EXP0004064,6100,CC0006,Department 6,2026-08-05,Sales,Sales,14427.39
EXP0004065,6100,CC0009,Department 1,2026-01-30,SG&A,Administrative,21088.21
EXP0004066,6100,CC0018,Department 2,2026-10-30,Sales,Sales,13119.63
EXP0004067,6400,CC0004,Department 4,2025-12-02,Operations,Administrative,9075.82
EXP0004068,6500,CC0009,Department 1,2025-03-30,SG&A,Administrative,425.12
EXP0004069,6100,CC0001,Department 1,2026-05-25,Marketing,Marketing,4352.24
EXP0004070,6200,CC0020,Department 4,2025-06-22,Marketing,Marketing,14448.12
EXP0004071,6200,CC0014,Department 6,2026-02-24,Operations,Administrative,14574.15
EXP0004072,6400,CC0014,Department 6,2025-09-11,SG&A,Administrative,12856.83
EXP0004073,6200,CC0018,Department 2,2025-02-28,Marketing,Marketing,21000.24
EXP0004074,6200,CC0002,Department 2,2025-02-19,Sales,Sales,3981.57
EXP0004075,6300,CC0017,Department 1,2026-08-10,Marketing,Marketing,1892.4
EXP0004076,6400,CC0006,Department 6,2026-10-16,Sales,Sales,4929.97
EXP0004077,6200,CC0009,Department 1,2026-05-10,Operations,Administrative,10870.88
EXP0004078,6100,CC0003,Department 3,2026-06-07,Sales,Sales,18716.62
EXP0004079,6500,CC0016,Department 8,2026-12-17,SG&A,Administrative,18238.89
EXP0004080,6100,CC0007,Department 7,2026-04-17,SG&A,Administrative,9596.51
EXP0004081,6200,CC0016,Department 8,2025-09-20,SG&A,Administrative,9156.0
EXP0004082,6100,CC0005,Department 5,2026-04-04,SG&A,Administrative,24443.48
EXP0004083,6200,CC0016,Department 8,2026-06-05,SG&A,Administrative,4640.41
EXP0004084,6100,CC0001,Department 1,2026-11-30,Operations,Administrative,10517.35
EXP0004085,6400,CC0017,Department 1,2025-09-03,Sales,Sales,8507.44
EXP0004086,6200,CC0018,Department 2,2025-01-21,SG&A,Administrative,15267.56
EXP0004087,6200,CC0009,Department 1,2026-03-19,Operations,Administrative,10246.32
EXP0004088,6100,CC0001,Department 1,2026-07-07,Operations,Administrative,1999.64
EXP0004089,6200,CC0013,Department 5,2025-01-26,Operations,Administrative,4571.88
EXP0004090,6100,CC0017,Department 1,2026-09-03,Operations,Administrative,13655.16
EXP0004091,6100,CC0020,Department 4,2025-12-13,Marketing,Marketing,15682.08
EXP0004092,6100,CC0020,Department 4,2026-12-25,SG&A,Administrative,22544.72
EXP0004093,6100,CC0010,Department 2,2026-09-27,SG&A,Administrative,22764.7
EXP0004094,6100,CC0003,Department 3,2026-07-17,Operations,Administrative,1560.53
EXP0004095,6400,CC0020,Department 4,2025-04-28,Marketing,Marketing,18300.14
EXP0004096,6500,CC0015,Department 7,2026-02-12,SG&A,Administrative,2973.47
EXP0004097,6100,CC0006,Department 6,2026-06-21,Marketing,Marketing,452.58
EXP0004098,6500,CC0007,Department 7,2025-04-11,Marketing,Marketing,18499.31
EXP0004099,6300,CC0003,Department 3,2025-01-15,Marketing,Marketing,24745.62
EXP0004100,6200,CC0010,Department 2,2025-04-28,Marketing,Marketing,1636.87
EXP0004101,6400,CC0016,Department 8,2026-04-03,SG&A,Administrative,5714.73
EXP0004102,6500,CC0001,Department 1,2025-03-18,Marketing,Marketing,22248.76
EXP0004103,6200,CC0005,Department 5,2026-09-21,SG&A,Administrative,24398.03
EXP0004104,6400,CC0002,Department 2,2025-08-13,SG&A,Administrative,4911.67
EXP0004105,6100,CC0001,Department 1,2026-10-10,Sales,Sales,12572.83
EXP0004106,6400,CC0007,Department 7,2025-02-11,Marketing,Marketing,19259.77
EXP0004107,6400,CC0011,Department 3,2026-07-30,Sales,Sales,14814.19
EXP0004108,6400,CC0009,Department 1,2025-09-25,SG&A,Administrative,12630.25
EXP0004109,6100,CC0011,Department 3,2026-07-03,Operations,Administrative,17420.76
EXP0004110,6100,CC0018,Department 2,2026-09-07,Marketing,Marketing,23719.81
EXP0004111,6100,CC0005,Department 5,2026-08-23,Marketing,Marketing,14531.67
EXP0004112,6200,CC0017,Department 1,2025-05-16,Operations,Administrative,1095.61
EXP0004113,6100,CC0011,Department 3,2026-09-06,Sales,Sales,23422.72
EXP0004114,6400,CC0004,Department 4,2025-06-08,Marketing,Marketing,2502.64
EXP0004115,6200,CC0014,Department 6,2026-02-08,SG&A,Administrative,5564.2
EXP0004116,6300,CC0019,Department 3,2026-04-07,SG&A,Administrative,16837.11
EXP0004117,6300,CC0017,Department 1,2026-02-23,SG&A,Administrative,10506.59
EXP0004118,6200,CC0011,Department 3,2025-07-24,SG&A,Administrative,5175.98
EXP0004119,6400,CC0003,Department 3,2025-12-05,Operations,Administrative,24765.48
EXP0004120,6300,CC0001,Department 1,2025-04-25,Sales,Sales,3151.4
EXP0004121,6100,CC0014,Department 6,2026-08-01,Marketing,Marketing,20874.73
EXP0004122,6200,CC0015,Department 7,2026-05-21,SG&A,Administrative,5023.29
EXP0004123,6300,CC0004,Department 4,2025-06-21,Operations,Administrative,15793.38
EXP0004124,6300,CC0002,Department 2,2026-08-11,Marketing,Marketing,21104.27
EXP0004125,6400,CC0017,Department 1,2026-05-27,Marketing,Marketing,4685.77
EXP0004126,6100,CC0005,Department 5,2026-04-14,Operations,Administrative,16065.48
EXP0004127,6100,CC0011,Department 3,2026-01-08,SG&A,Administrative,17055.99
EXP0004128,6100,CC0007,Department 7,2026-05-19,Operations,Administrative,5752.03
EXP0004129,6400,CC0018,Department 2,2025-04-17,Operations,Administrative,12269.6
EXP0004130,6500,CC0005,Department 5,2026-12-31,SG&A,Administrative,180.7
EXP0004131,6400,CC0013,Department 5,2025-10-04,Marketing,Marketing,22542.76
EXP0004132,6500,CC0013,Department 5,2026-04-21,Marketing,Marketing,10507.96
EXP0004133,6100,CC0004,Department 4,2025-08-17,Operations,Administrative,14127.13
EXP0004134,6300,CC0007,Department 7,2026-09-19,Marketing,Marketing,15139.56
EXP0004135,6400,CC0007,Department 7,2025-01-06,Operations,Administrative,15038.96
EXP0004136,6200,CC0014,Department 6,2026-04-09,Marketing,Marketing,1676.25
EXP0004137,6400,CC0016,Department 8,2025-03-18,Sales,Sales,23852.03
EXP0004138,6500,CC0004,Department 4,2025-08-25,Marketing,Marketing,3439.98
EXP0004139,6500,CC0014,Department 6,2025-06-03,SG&A,Administrative,4964.07
EXP0004140,6200,CC0016,Department 8,2026-07-07,Sales,Sales,9546.94
EXP0004141,6300,CC0020,Department 4,2025-05-17,Sales,Sales,9273.59
EXP0004142,6200,CC0006,Department 6,2026-12-21,Sales,Sales,6409.45
EXP0004143,6400,CC0013,Department 5,2025-03-20,Operations,Administrative,19002.47
EXP0004144,6200,CC0017,Department 1,2026-05-14,Marketing,Marketing,14266.2
EXP0004145,6300,CC0003,Department 3,2026-05-11,Sales,Sales,15683.52
EXP0004146,6200,CC0018,Department 2,2025-09-30,SG&A,Administrative,3728.78
EXP0004147,6200,CC0014,Department 6,2026-04-20,Marketing,Marketing,6330.37
EXP0004148,6400,CC0004,Department 4,2026-03-07,Marketing,Marketing,14006.89
EXP0004149,6300,CC0019,Department 3,2025-05-29,Operations,Administrative,7231.67
EXP0004150,6400,CC0020,Department 4,2026-01-08,Marketing,Marketing,19885.75
EXP0004151,6200,CC0016,Department 8,2025-04-26,Marketing,Marketing,830.77
EXP0004152,6200,CC0007,Department 7,2025-03-11,Marketing,Marketing,2858.51
EXP0004153,6200,CC0008,Department 8,2025-08-04,Operations,Administrative,18099.1
EXP0004154,6500,CC0008,Department 8,2026-01-29,SG&A,Administrative,2004.46
EXP0004155,6100,CC0007,Department 7,2025-11-13,Marketing,Marketing,10800.77
EXP0004156,6200,CC0020,Department 4,2025-04-30,Operations,Administrative,4823.36
EXP0004157,6200,CC0018,Department 2,2026-06-30,Marketing,Marketing,8679.22
EXP0004158,6500,CC0002,Department 2,2025-04-14,SG&A,Administrative,19547.4
EXP0004159,6400,CC0012,Department 4,2025-06-07,Operations,Administrative,24166.4
EXP0004160,6300,CC0008,Department 8,2026-05-29,Marketing,Marketing,5101.52
EXP0004161,6400,CC0002,Department 2,2026-04-27,Operations,Administrative,97.06
EXP0004162,6500,CC0008,Department 8,2025-06-22,Operations,Administrative,6865.84
EXP0004163,6500,CC0004,Department 4,2025-03-22,Sales,Sales,24323.36
EXP0004164,6300,CC0001,Department 1,2026-03-07,SG&A,Administrative,9521.13
EXP0004165,6200,CC0020,Department 4,2025-09-09,Marketing,Marketing,10306.95
EXP0004166,6400,CC0001,Department 1,2026-01-15,Marketing,Marketing,17878.05
EXP0004167,6300,CC0004,Department 4,2026-12-10,SG&A,Administrative,2926.36
EXP0004168,6300,CC0012,Department 4,2025-04-06,Marketing,Marketing,15435.28
EXP0004169,6500,CC0002,Department 2,2026-04-15,Marketing,Marketing,22757.68
EXP0004170,6300,CC0012,Department 4,2025-12-07,SG&A,Administrative,9712.26
EXP0004171,6100,CC0019,Department 3,2025-02-15,Operations,Administrative,22735.21
EXP0004172,6100,CC0008,Department 8,2025-07-17,Operations,Administrative,4876.38
EXP0004173,6300,CC0004,Department 4,2026-04-12,Marketing,Marketing,5096.1
EXP0004174,6500,CC0020,Department 4,2026-05-25,SG&A,Administrative,23087.05
EXP0004175,6200,CC0002,Department 2,2025-06-04,Marketing,Marketing,5101.15
EXP0004176,6400,CC0009,Department 1,2026-07-13,Sales,Sales,547.08
EXP0004177,6100,CC0014,Department 6,2025-02-10,Marketing,Marketing,19648.1
EXP0004178,6200,CC0001,Department 1,2026-07-02,Operations,Administrative,12865.9
EXP0004179,6400,CC0009,Department 1,2026-08-25,Marketing,Marketing,15439.59
EXP0004180,6500,CC0009,Department 1,2025-05-15,SG&A,Administrative,9322.23
EXP0004181,6500,CC0013,Department 5,2025-02-23,SG&A,Administrative,21942.9
EXP0004182,6100,CC0009,Department 1,2025-09-25,Marketing,Marketing,9942.03
EXP0004183,6400,CC0005,Department 5,2026-10-15,Sales,Sales,9176.77
EXP0004184,6100,CC0020,Department 4,2025-04-17,Marketing,Marketing,9343.54
EXP0004185,6100,CC0013,Department 5,2026-05-10,Sales,Sales,6510.05
EXP0004186,6400,CC0015,Department 7,2025-06-30,Operations,Administrative,13702.84
EXP0004187,6300,CC0019,Department 3,2025-02-27,Sales,Sales,4284.49
EXP0004188,6400,CC0001,Department 1,2026-09-28,Operations,Administrative,14071.44
EXP0004189,6500,CC0009,Department 1,2026-06-09,SG&A,Administrative,17563.26
EXP0004190,6100,CC0001,Department 1,2025-07-18,Marketing,Marketing,11601.22
EXP0004191,6200,CC0004,Department 4,2026-06-13,SG&A,Administrative,21793.64
EXP0004192,6300,CC0012,Department 4,2025-04-19,Operations,Administrative,22292.89
EXP0004193,6300,CC0012,Department 4,2025-09-20,Operations,Administrative,23963.75
EXP0004194,6400,CC0008,Department 8,2025-08-19,SG&A,Administrative,755.72
EXP0004195,6100,CC0015,Department 7,2026-10-26,Marketing,Marketing,424.95
EXP0004196,6100,CC0012,Department 4,2026-11-04,SG&A,Administrative,17313.39
EXP0004197,6400,CC0007,Department 7,2025-11-22,Marketing,Marketing,12364.74
EXP0004198,6200,CC0016,Department 8,2026-12-24,SG&A,Administrative,7776.97
EXP0004199,6500,CC0020,Department 4,2025-05-14,SG&A,Administrative,8200.31
EXP0004200,6500,CC0011,Department 3,2025-11-10,Sales,Sales,9087.98
EXP0004201,6100,CC0010,Department 2,2025-03-28,SG&A,Administrative,16441.23
EXP0004202,6200,CC0016,Department 8,2026-01-19,Sales,Sales,13475.48
EXP0004203,6500,CC0015,Department 7,2026-12-08,SG&A,Administrative,23976.97
EXP0004204,6400,CC0017,Department 1,2026-11-04,Marketing,Marketing,13733.22
EXP0004205,6100,CC0005,Department 5,2025-04-01,SG&A,Administrative,15191.75
EXP0004206,6200,CC0015,Department 7,2025-08-18,SG&A,Administrative,6175.06
EXP0004207,6400,CC0018,Department 2,2026-11-09,Marketing,Marketing,3163.24
EXP0004208,6500,CC0007,Department 7,2025-07-07,Operations,Administrative,1055.75
EXP0004209,6200,CC0007,Department 7,2026-12-15,Marketing,Marketing,23778.91
EXP0004210,6100,CC0011,Department 3,2026-11-29,Marketing,Marketing,7481.91
EXP0004211,6500,CC0003,Department 3,2025-02-05,SG&A,Administrative,22465.14
EXP0004212,6500,CC0004,Department 4,2025-10-23,Sales,Sales,23186.86
EXP0004213,6500,CC0006,Department 6,2025-07-27,SG&A,Administrative,9708.25
EXP0004214,6200,CC0001,Department 1,2026-01-30,Sales,Sales,11179.21
EXP0004215,6400,CC0005,Department 5,2026-01-18,Sales,Sales,4616.62
EXP0004216,6400,CC0010,Department 2,2025-04-15,Marketing,Marketing,669.36
EXP0004217,6500,CC0006,Department 6,2026-10-03,Marketing,Marketing,17015.55
EXP0004218,6500,CC0015,Department 7,2026-10-25,Marketing,Marketing,9464.43
EXP0004219,6200,CC0011,Department 3,2026-09-20,SG&A,Administrative,24837.82
EXP0004220,6400,CC0013,Department 5,2026-04-09,SG&A,Administrative,12677.47
EXP0004221,6500,CC0017,Department 1,2025-03-05,Sales,Sales,15261.11
EXP0004222,6300,CC0016,Department 8,2025-05-25,Operations,Administrative,24458.11
EXP0004223,6500,CC0012,Department 4,2025-12-22,SG&A,Administrative,12929.08
EXP0004224,6100,CC0003,Department 3,2025-10-19,Marketing,Marketing,4970.8
EXP0004225,6500,CC0006,Department 6,2026-07-16,Marketing,Marketing,2262.71
EXP0004226,6100,CC0003,Department 3,2026-10-04,Operations,Administrative,1597.52
EXP0004227,6300,CC0007,Department 7,2025-02-27,Sales,Sales,16509.2
EXP0004228,6500,CC0010,Department 2,2025-04-21,Marketing,Marketing,14081.78
EXP0004229,6400,CC0016,Department 8,2025-04-14,Sales,Sales,6802.4
EXP0004230,6300,CC0003,Department 3,2025-07-17,Operations,Administrative,3558.92
EXP0004231,6200,CC0009,Department 1,2025-12-26,Marketing,Marketing,21318.89
EXP0004232,6200,CC0002,Department 2,2026-11-12,Operations,Administrative,6514.08
EXP0004233,6200,CC0008,Department 8,2025-06-30,Operations,Administrative,3324.37
EXP0004234,6500,CC0002,Department 2,2025-09-13,SG&A,Administrative,19827.49
EXP0004235,6200,CC0015,Department 7,2026-01-26,Operations,Administrative,24941.79
EXP0004236,6500,CC0010,Department 2,2026-11-23,Sales,Sales,2701.66
EXP0004237,6200,CC0015,Department 7,2026-08-30,Marketing,Marketing,13401.35
EXP0004238,6300,CC0007,Department 7,2026-01-18,SG&A,Administrative,8949.45
EXP0004239,6300,CC0018,Department 2,2026-02-09,Marketing,Marketing,11502.82
EXP0004240,6100,CC0011,Department 3,2026-04-16,Sales,Sales,15434.98
EXP0004241,6500,CC0014,Department 6,2025-04-26,Operations,Administrative,9609.04
EXP0004242,6300,CC0015,Department 7,2026-10-21,Operations,Administrative,15680.2
EXP0004243,6400,CC0010,Department 2,2025-09-01,Sales,Sales,14014.3
EXP0004244,6300,CC0001,Department 1,2026-03-29,Marketing,Marketing,2251.36
EXP0004245,6400,CC0009,Department 1,2025-08-05,Sales,Sales,13351.49
EXP0004246,6100,CC0012,Department 4,2026-02-26,Operations,Administrative,20070.49
EXP0004247,6400,CC0001,Department 1,2025-11-02,Marketing,Marketing,6512.78
EXP0004248,6100,CC0019,Department 3,2026-07-24,Operations,Administrative,6058.42
EXP0004249,6500,CC0008,Department 8,2026-04-19,SG&A,Administrative,14060.78
EXP0004250,6300,CC0001,Department 1,2025-09-24,SG&A,Administrative,19520.52
EXP0004251,6400,CC0012,Department 4,2025-02-18,Operations,Administrative,5777.17
EXP0004252,6300,CC0014,Department 6,2025-07-20,Marketing,Marketing,17819.91
EXP0004253,6400,CC0006,Department 6,2025-01-15,Marketing,Marketing,9650.15
EXP0004254,6100,CC0004,Department 4,2025-09-28,Marketing,Marketing,1779.95
EXP0004255,6400,CC0014,Department 6,2026-10-24,Sales,Sales,10597.52
EXP0004256,6400,CC0017,Department 1,2026-12-18,Sales,Sales,18736.34
EXP0004257,6500,CC0015,Department 7,2026-12-23,Marketing,Marketing,21586.59
EXP0004258,6300,CC0003,Department 3,2026-11-07,Marketing,Marketing,3046.29
EXP0004259,6100,CC0010,Department 2,2025-07-07,Operations,Administrative,10286.94
EXP0004260,6100,CC0012,Department 4,2026-10-24,Operations,Administrative,15395.79
EXP0004261,6300,CC0006,Department 6,2026-07-02,Sales,Sales,5070.46
EXP0004262,6500,CC0005,Department 5,2026-04-07,Sales,Sales,23785.82
EXP0004263,6400,CC0017,Department 1,2025-08-26,SG&A,Administrative,6965.37
EXP0004264,6500,CC0006,Department 6,2026-05-23,Operations,Administrative,19216.72
EXP0004265,6500,CC0002,Department 2,2025-03-15,Sales,Sales,13628.72
EXP0004266,6200,CC0005,Department 5,2025-01-06,Marketing,Marketing,8577.73
EXP0004267,6400,CC0001,Department 1,2026-03-29,Sales,Sales,8971.1
EXP0004268,6400,CC0018,Department 2,2026-01-17,SG&A,Administrative,9523.15
EXP0004269,6300,CC0007,Department 7,2025-09-16,Marketing,Marketing,8232.72
EXP0004270,6100,CC0007,Department 7,2026-08-20,Sales,Sales,12241.18
EXP0004271,6500,CC0001,Department 1,2025-12-14,Marketing,Marketing,12413.45
EXP0004272,6400,CC0001,Department 1,2025-03-25,Sales,Sales,13842.98
EXP0004273,6200,CC0003,Department 3,2025-05-27,Sales,Sales,16598.23
EXP0004274,6100,CC0005,Department 5,2025-01-19,Marketing,Marketing,17593.42
EXP0004275,6200,CC0015,Department 7,2025-08-10,SG&A,Administrative,16548.75
EXP0004276,6500,CC0005,Department 5,2026-05-24,Operations,Administrative,3194.14
EXP0004277,6100,CC0020,Department 4,2025-06-14,Marketing,Marketing,23523.23
EXP0004278,6500,CC0008,Department 8,2026-12-03,SG&A,Administrative,2105.86
EXP0004279,6300,CC0006,Department 6,2026-03-12,Sales,Sales,3193.3
EXP0004280,6400,CC0010,Department 2,2026-01-26,Operations,Administrative,2656.34
EXP0004281,6500,CC0009,Department 1,2026-05-07,Marketing,Marketing,8541.38
EXP0004282,6500,CC0008,Department 8,2026-09-29,Marketing,Marketing,16107.61
EXP0004283,6300,CC0009,Department 1,2025-06-27,Operations,Administrative,1466.85
EXP0004284,6500,CC0017,Department 1,2026-06-18,Operations,Administrative,2110.48
EXP0004285,6400,CC0010,Department 2,2025-07-09,SG&A,Administrative,9179.21
EXP0004286,6400,CC0011,Department 3,2026-01-20,Marketing,Marketing,5033.6
EXP0004287,6200,CC0017,Department 1,2026-11-17,SG&A,Administrative,23578.16
EXP0004288,6100,CC0001,Department 1,2026-03-08,Marketing,Marketing,5534.98
EXP0004289,6400,CC0002,Department 2,2026-08-05,Operations,Administrative,4158.33
EXP0004290,6200,CC0019,Department 3,2025-01-05,Operations,Administrative,16769.91
EXP0004291,6100,CC0016,Department 8,2026-12-19,SG&A,Administrative,16621.34
EXP0004292,6300,CC0008,Department 8,2026-02-16,Marketing,Marketing,3979.24
EXP0004293,6200,CC0016,Department 8,2026-02-27,Sales,Sales,19985.35
EXP0004294,6500,CC0009,Department 1,2026-09-02,Marketing,Marketing,1528.74
EXP0004295,6200,CC0015,Department 7,2025-03-09,Marketing,Marketing,15089.2
EXP0004296,6200,CC0016,Department 8,2025-12-13,Marketing,Marketing,8537.66
EXP0004297,6100,CC0007,Department 7,2026-11-26,Operations,Administrative,1254.3
EXP0004298,6300,CC0001,Department 1,2026-07-03,Sales,Sales,1246.38
EXP0004299,6200,CC0017,Department 1,2025-11-12,Sales,Sales,8810.34
EXP0004300,6500,CC0002,Department 2,2026-07-25,Operations,Administrative,6154.32
EXP0004301,6100,CC0018,Department 2,2025-12-25,Sales,Sales,4004.55
EXP0004302,6400,CC0020,Department 4,2026-09-20,SG&A,Administrative,8863.65
EXP0004303,6500,CC0002,Department 2,2025-04-02,Sales,Sales,8386.38
EXP0004304,6400,CC0020,Department 4,2025-06-19,Operations,Administrative,17324.15
EXP0004305,6400,CC0002,Department 2,2026-09-05,Sales,Sales,4372.03
EXP0004306,6300,CC0019,Department 3,2026-06-13,Marketing,Marketing,18512.83
EXP0004307,6400,CC0020,Department 4,2026-11-24,Sales,Sales,10496.42
EXP0004308,6200,CC0014,Department 6,2025-08-09,Operations,Administrative,7092.21
EXP0004309,6500,CC0018,Department 2,2025-02-18,Sales,Sales,937.28
EXP0004310,6400,CC0007,Department 7,2026-04-03,Operations,Administrative,9241.42
EXP0004311,6300,CC0001,Department 1,2026-05-10,Marketing,Marketing,22714.83
EXP0004312,6500,CC0009,Department 1,2026-07-25,Marketing,Marketing,18701.29
EXP0004313,6100,CC0009,Department 1,2026-12-31,Marketing,Marketing,5641.5
EXP0004314,6500,CC0004,Department 4,2025-06-23,Sales,Sales,18924.16
EXP0004315,6300,CC0010,Department 2,2026-12-11,Sales,Sales,18167.55
EXP0004316,6400,CC0003,Department 3,2026-12-21,Marketing,Marketing,19265.04
EXP0004317,6200,CC0009,Department 1,2025-07-10,SG&A,Administrative,16694.22
EXP0004318,6100,CC0018,Department 2,2025-05-16,SG&A,Administrative,12856.97
EXP0004319,6200,CC0018,Department 2,2026-10-12,Sales,Sales,21539.28
EXP0004320,6100,CC0018,Department 2,2025-09-06,Marketing,Marketing,19262.67
EXP0004321,6200,CC0007,Department 7,2025-05-25,SG&A,Administrative,16315.85
EXP0004322,6400,CC0019,Department 3,2025-03-12,SG&A,Administrative,9116.94
EXP0004323,6200,CC0016,Department 8,2026-07-28,Operations,Administrative,13260.25
EXP0004324,6300,CC0010,Department 2,2026-05-06,SG&A,Administrative,23188.63
EXP0004325,6500,CC0019,Department 3,2026-02-13,Sales,Sales,6335.69
EXP0004326,6400,CC0003,Department 3,2026-05-12,Marketing,Marketing,17716.02
EXP0004327,6100,CC0002,Department 2,2026-06-09,Marketing,Marketing,5330.9
EXP0004328,6200,CC0011,Department 3,2026-09-16,SG&A,Administrative,21731.39
EXP0004329,6100,CC0019,Department 3,2025-06-16,Marketing,Marketing,21232.28
EXP0004330,6400,CC0015,Department 7,2026-06-01,Sales,Sales,10967.14
EXP0004331,6400,CC0020,Department 4,2026-10-11,Sales,Sales,17721.64
EXP0004332,6500,CC0015,Department 7,2026-12-30,SG&A,Administrative,24991.92
EXP0004333,6200,CC0007,Department 7,2025-06-22,Operations,Administrative,13718.14
EXP0004334,6500,CC0005,Department 5,2026-11-02,Operations,Administrative,11822.44
EXP0004335,6500,CC0009,Department 1,2025-03-27,Marketing,Marketing,16327.75
EXP0004336,6400,CC0015,Department 7,2025-08-24,SG&A,Administrative,22858.73
EXP0004337,6300,CC0001,Department 1,2026-01-21,Operations,Administrative,10775.14
EXP0004338,6300,CC0010,Department 2,2026-08-10,SG&A,Administrative,16898.39
EXP0004339,6300,CC0011,Department 3,2026-07-13,Sales,Sales,16595.56
EXP0004340,6500,CC0004,Department 4,2025-03-13,Marketing,Marketing,20692.5
EXP0004341,6300,CC0009,Department 1,2025-07-30,Sales,Sales,718.04
EXP0004342,6400,CC0014,Department 6,2025-06-13,SG&A,Administrative,7014.39
EXP0004343,6500,CC0018,Department 2,2026-06-22,SG&A,Administrative,603.23
EXP0004344,6400,CC0020,Department 4,2026-01-31,SG&A,Administrative,22277.87
EXP0004345,6400,CC0002,Department 2,2025-10-24,Sales,Sales,8955.44
EXP0004346,6500,CC0004,Department 4,2026-02-01,Marketing,Marketing,22701.48
EXP0004347,6100,CC0012,Department 4,2026-04-29,Marketing,Marketing,15313.66
EXP0004348,6400,CC0014,Department 6,2026-07-01,Sales,Sales,17265.62
EXP0004349,6300,CC0018,Department 2,2025-04-16,Sales,Sales,1010.49
EXP0004350,6400,CC0005,Department 5,2026-11-14,Marketing,Marketing,17851.13
EXP0004351,6200,CC0008,Department 8,2026-05-31,Sales,Sales,19552.62
EXP0004352,6200,CC0013,Department 5,2025-07-28,Sales,Sales,4084.38
EXP0004353,6100,CC0014,Department 6,2025-12-17,Marketing,Marketing,11027.22
EXP0004354,6100,CC0007,Department 7,2025-02-03,SG&A,Administrative,17737.17
EXP0004355,6400,CC0003,Department 3,2025-08-18,Sales,Sales,13605.46
EXP0004356,6400,CC0001,Department 1,2025-02-22,Marketing,Marketing,15618.38
EXP0004357,6300,CC0003,Department 3,2026-01-08,Sales,Sales,20464.21
EXP0004358,6400,CC0014,Department 6,2025-02-27,Marketing,Marketing,12317.14
EXP0004359,6500,CC0003,Department 3,2025-12-13,SG&A,Administrative,16548.89
EXP0004360,6100,CC0019,Department 3,2025-09-06,Marketing,Marketing,16645.74
EXP0004361,6400,CC0009,Department 1,2025-08-25,Sales,Sales,6946.37
EXP0004362,6200,CC0011,Department 3,2026-09-27,SG&A,Administrative,2393.02
EXP0004363,6200,CC0007,Department 7,2026-06-05,SG&A,Administrative,21338.52
EXP0004364,6300,CC0018,Department 2,2026-02-21,SG&A,Administrative,20348.67
EXP0004365,6300,CC0018,Department 2,2025-01-01,Marketing,Marketing,13827.5
EXP0004366,6300,CC0017,Department 1,2025-12-11,Sales,Sales,12361.55
EXP0004367,6400,CC0010,Department 2,2026-08-10,Sales,Sales,23889.26
EXP0004368,6200,CC0008,Department 8,2026-07-17,SG&A,Administrative,8966.49
EXP0004369,6500,CC0009,Department 1,2025-10-05,SG&A,Administrative,10475.98
EXP0004370,6400,CC0020,Department 4,2025-04-03,Operations,Administrative,21451.12
EXP0004371,6400,CC0012,Department 4,2026-01-11,Sales,Sales,18887.87
EXP0004372,6200,CC0016,Department 8,2026-09-13,Sales,Sales,847.21
EXP0004373,6500,CC0009,Department 1,2026-08-06,SG&A,Administrative,321.65
EXP0004374,6300,CC0020,Department 4,2026-01-15,Sales,Sales,6342.77
EXP0004375,6300,CC0002,Department 2,2026-01-04,Operations,Administrative,9168.62
EXP0004376,6100,CC0012,Department 4,2025-03-13,Operations,Administrative,20728.78
EXP0004377,6200,CC0004,Department 4,2026-07-06,Marketing,Marketing,24339.29
EXP0004378,6100,CC0004,Department 4,2025-07-18,SG&A,Administrative,12336.19
EXP0004379,6400,CC0004,Department 4,2026-01-09,Marketing,Marketing,11156.02
EXP0004380,6200,CC0018,Department 2,2026-05-12,SG&A,Administrative,3193.73
EXP0004381,6300,CC0017,Department 1,2026-10-30,Sales,Sales,1488.81
EXP0004382,6200,CC0005,Department 5,2026-05-12,Operations,Administrative,5726.34
EXP0004383,6200,CC0009,Department 1,2026-06-06,SG&A,Administrative,9603.4
EXP0004384,6500,CC0005,Department 5,2025-04-19,SG&A,Administrative,19442.32
EXP0004385,6100,CC0019,Department 3,2025-06-10,Sales,Sales,16326.48
EXP0004386,6300,CC0016,Department 8,2026-07-07,Operations,Administrative,16851.43
EXP0004387,6400,CC0018,Department 2,2026-02-04,Marketing,Marketing,7773.43
EXP0004388,6300,CC0018,Department 2,2026-11-13,Sales,Sales,22561.95
EXP0004389,6400,CC0014,Department 6,2026-05-01,SG&A,Administrative,541.04
EXP0004390,6300,CC0020,Department 4,2025-01-22,Operations,Administrative,11873.43
EXP0004391,6200,CC0005,Department 5,2025-11-05,Marketing,Marketing,17328.46
EXP0004392,6300,CC0003,Department 3,2025-08-13,SG&A,Administrative,8351.98
EXP0004393,6200,CC0019,Department 3,2025-02-18,Marketing,Marketing,18936.7
EXP0004394,6100,CC0001,Department 1,2026-04-08,Sales,Sales,20012.25
EXP0004395,6500,CC0020,Department 4,2025-04-26,Operations,Administrative,7301.19
EXP0004396,6100,CC0014,Department 6,2025-02-22,Sales,Sales,13319.12
EXP0004397,6300,CC0020,Department 4,2026-09-22,Operations,Administrative,5924.02
EXP0004398,6300,CC0014,Department 6,2025-12-20,Operations,Administrative,17351.56
EXP0004399,6500,CC0006,Department 6,2025-06-18,Sales,Sales,1349.04
EXP0004400,6400,CC0003,Department 3,2026-04-11,Marketing,Marketing,5538.56
EXP0004401,6300,CC0010,Department 2,2026-04-22,SG&A,Administrative,1567.57
EXP0004402,6500,CC0002,Department 2,2026-02-22,Marketing,Marketing,20497.72
EXP0004403,6500,CC0017,Department 1,2025-06-21,Marketing,Marketing,4711.65
EXP0004404,6400,CC0013,Department 5,2026-03-20,Sales,Sales,3995.99
EXP0004405,6300,CC0006,Department 6,2026-09-27,Sales,Sales,23571.45
EXP0004406,6500,CC0002,Department 2,2026-05-02,Sales,Sales,20022.43
EXP0004407,6300,CC0001,Department 1,2025-05-18,Operations,Administrative,15202.82
EXP0004408,6200,CC0016,Department 8,2026-03-07,SG&A,Administrative,24847.83
EXP0004409,6100,CC0010,Department 2,2025-08-06,SG&A,Administrative,19647.48
EXP0004410,6400,CC0017,Department 1,2025-08-06,SG&A,Administrative,15735.2
EXP0004411,6200,CC0017,Department 1,2026-02-27,Marketing,Marketing,12724.79
EXP0004412,6400,CC0004,Department 4,2025-05-16,Operations,Administrative,8644.34
EXP0004413,6500,CC0010,Department 2,2025-08-10,SG&A,Administrative,13090.79
EXP0004414,6100,CC0009,Department 1,2025-04-25,Sales,Sales,5789.9
EXP0004415,6500,CC0020,Department 4,2026-08-11,Operations,Administrative,787.78
EXP0004416,6400,CC0009,Department 1,2026-01-06,Sales,Sales,7337.44
EXP0004417,6500,CC0007,Department 7,2026-05-22,Marketing,Marketing,17542.03
EXP0004418,6300,CC0003,Department 3,2026-02-19,Operations,Administrative,12386.33
EXP0004419,6400,CC0010,Department 2,2025-06-16,Operations,Administrative,13561.31
EXP0004420,6400,CC0011,Department 3,2025-03-27,Sales,Sales,17798.91
EXP0004421,6300,CC0005,Department 5,2026-11-13,Sales,Sales,20218.78
EXP0004422,6500,CC0012,Department 4,2026-05-31,SG&A,Administrative,19982.61
EXP0004423,6400,CC0018,Department 2,2025-06-08,SG&A,Administrative,15670.92
EXP0004424,6200,CC0004,Department 4,2025-07-14,Sales,Sales,19895.39
EXP0004425,6300,CC0013,Department 5,2025-11-12,Marketing,Marketing,15360.86
EXP0004426,6200,CC0011,Department 3,2026-12-24,Sales,Sales,4953.57
EXP0004427,6500,CC0016,Department 8,2025-09-24,SG&A,Administrative,17617.08
EXP0004428,6100,CC0016,Department 8,2026-03-28,SG&A,Administrative,10148.13
EXP0004429,6200,CC0003,Department 3,2026-11-18,Sales,Sales,7420.46
EXP0004430,6500,CC0011,Department 3,2025-03-31,Operations,Administrative,16689.34
EXP0004431,6500,CC0006,Department 6,2026-08-06,Operations,Administrative,12162.97
EXP0004432,6500,CC0005,Department 5,2026-08-03,SG&A,Administrative,20935.9
EXP0004433,6200,CC0017,Department 1,2025-10-29,Sales,Sales,21056.01
EXP0004434,6400,CC0013,Department 5,2026-01-24,Marketing,Marketing,11709.86
EXP0004435,6100,CC0017,Department 1,2026-02-04,Sales,Sales,15858.91
EXP0004436,6200,CC0019,Department 3,2025-08-06,Marketing,Marketing,5948.7
EXP0004437,6500,CC0020,Department 4,2025-05-25,Operations,Administrative,24698.09
EXP0004438,6300,CC0007,Department 7,2025-05-28,Marketing,Marketing,19949.49
EXP0004439,6200,CC0004,Department 4,2026-07-28,Marketing,Marketing,7331.43
EXP0004440,6300,CC0005,Department 5,2026-10-14,Operations,Administrative,9612.47
EXP0004441,6100,CC0006,Department 6,2026-06-25,Sales,Sales,13272.86
EXP0004442,6400,CC0015,Department 7,2026-03-15,Sales,Sales,7512.6
EXP0004443,6500,CC0010,Department 2,2026-03-10,Sales,Sales,23732.95
EXP0004444,6100,CC0012,Department 4,2026-08-08,Marketing,Marketing,1287.06
EXP0004445,6500,CC0020,Department 4,2026-06-21,Sales,Sales,18539.03
EXP0004446,6500,CC0015,Department 7,2025-05-04,Marketing,Marketing,2943.22
EXP0004447,6300,CC0004,Department 4,2026-06-27,Sales,Sales,22872.53
EXP0004448,6400,CC0006,Department 6,2025-07-21,Marketing,Marketing,8202.11
EXP0004449,6300,CC0011,Department 3,2025-02-06,SG&A,Administrative,6294.2
EXP0004450,6100,CC0004,Department 4,2025-08-03,SG&A,Administrative,9895.0
EXP0004451,6400,CC0006,Department 6,2025-12-05,SG&A,Administrative,24305.62
EXP0004452,6100,CC0008,Department 8,2026-10-11,Marketing,Marketing,17753.93
EXP0004453,6100,CC0007,Department 7,2026-03-22,Sales,Sales,18714.49
EXP0004454,6200,CC0012,Department 4,2026-03-09,Marketing,Marketing,21621.94
EXP0004455,6400,CC0017,Department 1,2026-05-27,SG&A,Administrative,16729.42
EXP0004456,6400,CC0001,Department 1,2025-08-08,Marketing,Marketing,14239.41
EXP0004457,6500,CC0006,Department 6,2026-11-23,Sales,Sales,18664.8
EXP0004458,6500,CC0015,Department 7,2026-12-09,Marketing,Marketing,21944.93
EXP0004459,6100,CC0013,Department 5,2026-01-10,SG&A,Administrative,16285.64
EXP0004460,6300,CC0018,Department 2,2025-12-17,SG&A,Administrative,6252.7
EXP0004461,6300,CC0009,Department 1,2026-01-10,Marketing,Marketing,9147.45
EXP0004462,6500,CC0013,Department 5,2025-06-30,Marketing,Marketing,790.72
EXP0004463,6100,CC0007,Department 7,2026-04-11,Sales,Sales,6533.35
EXP0004464,6200,CC0001,Department 1,2025-11-22,Operations,Administrative,9187.07
EXP0004465,6400,CC0006,Department 6,2026-08-20,SG&A,Administrative,23291.69
EXP0004466,6400,CC0008,Department 8,2025-08-17,Marketing,Marketing,7975.59
EXP0004467,6100,CC0013,Department 5,2025-06-26,Marketing,Marketing,14597.64
EXP0004468,6100,CC0019,Department 3,2026-09-24,Marketing,Marketing,1731.3
EXP0004469,6100,CC0002,Department 2,2026-10-14,Sales,Sales,3464.57
EXP0004470,6400,CC0003,Department 3,2025-12-14,SG&A,Administrative,21791.06
EXP0004471,6100,CC0018,Department 2,2025-10-18,Marketing,Marketing,7777.55
EXP0004472,6500,CC0012,Department 4,2025-05-02,Marketing,Marketing,24781.68
EXP0004473,6400,CC0006,Department 6,2025-06-09,Operations,Administrative,19380.72
EXP0004474,6200,CC0004,Department 4,2026-08-17,Operations,Administrative,21710.37
EXP0004475,6500,CC0009,Department 1,2025-01-11,Sales,Sales,3474.18
EXP0004476,6300,CC0006,Department 6,2026-02-24,Sales,Sales,18590.81
EXP0004477,6300,CC0002,Department 2,2026-11-05,Marketing,Marketing,12958.81
EXP0004478,6100,CC0017,Department 1,2025-05-28,Operations,Administrative,12702.62
EXP0004479,6100,CC0013,Department 5,2026-10-06,Operations,Administrative,22206.88
EXP0004480,6500,CC0005,Department 5,2026-04-02,Marketing,Marketing,19518.22
EXP0004481,6100,CC0016,Department 8,2025-11-13,Sales,Sales,21292.45
EXP0004482,6400,CC0006,Department 6,2026-11-19,SG&A,Administrative,1646.9
EXP0004483,6300,CC0013,Department 5,2025-01-19,Operations,Administrative,8633.35
EXP0004484,6100,CC0019,Department 3,2026-11-28,Sales,Sales,18629.76
EXP0004485,6200,CC0013,Department 5,2026-08-10,Sales,Sales,18070.03
EXP0004486,6200,CC0003,Department 3,2026-07-01,SG&A,Administrative,6408.58
EXP0004487,6100,CC0001,Department 1,2025-11-28,Operations,Administrative,13301.99
EXP0004488,6400,CC0003,Department 3,2025-06-25,Marketing,Marketing,4695.8
EXP0004489,6400,CC0010,Department 2,2026-01-05,Marketing,Marketing,21238.76
EXP0004490,6400,CC0014,Department 6,2025-03-11,SG&A,Administrative,16255.57
EXP0004491,6200,CC0001,Department 1,2026-11-21,Operations,Administrative,13026.59
EXP0004492,6500,CC0001,Department 1,2026-07-29,Marketing,Marketing,20844.03
EXP0004493,6300,CC0020,Department 4,2025-07-18,Sales,Sales,17273.5
EXP0004494,6200,CC0006,Department 6,2026-09-07,Marketing,Marketing,5075.63
EXP0004495,6300,CC0011,Department 3,2025-07-23,Operations,Administrative,5943.39
EXP0004496,6200,CC0014,Department 6,2025-03-31,SG&A,Administrative,4129.49
EXP0004497,6300,CC0006,Department 6,2025-11-30,Operations,Administrative,12968.63
EXP0004498,6200,CC0007,Department 7,2026-02-14,Sales,Sales,12025.17
EXP0004499,6300,CC0003,Department 3,2026-12-07,Operations,Administrative,996.59
EXP0004500,6300,CC0003,Department 3,2025-05-10,Sales,Sales,2931.99
EXP0004501,6400,CC0012,Department 4,2025-12-14,SG&A,Administrative,18311.29
EXP0004502,6200,CC0011,Department 3,2026-05-18,Sales,Sales,20241.5
EXP0004503,6400,CC0012,Department 4,2025-04-24,Sales,Sales,9347.84
EXP0004504,6200,CC0014,Department 6,2025-03-08,Marketing,Marketing,4255.67
EXP0004505,6400,CC0018,Department 2,2025-04-14,SG&A,Administrative,5549.72
EXP0004506,6200,CC0014,Department 6,2026-05-25,Marketing,Marketing,4783.55
EXP0004507,6200,CC0003,Department 3,2025-05-20,Marketing,Marketing,7614.25
EXP0004508,6500,CC0006,Department 6,2026-05-02,SG&A,Administrative,3019.23
EXP0004509,6400,CC0004,Department 4,2025-01-01,SG&A,Administrative,2525.95
EXP0004510,6400,CC0016,Department 8,2026-08-26,SG&A,Administrative,671.69
EXP0004511,6200,CC0016,Department 8,2026-09-22,Sales,Sales,17789.02
EXP0004512,6200,CC0018,Department 2,2026-03-30,SG&A,Administrative,18149.26
EXP0004513,6400,CC0018,Department 2,2026-08-24,Operations,Administrative,12131.45
EXP0004514,6400,CC0016,Department 8,2026-10-16,Operations,Administrative,9118.11
EXP0004515,6400,CC0002,Department 2,2026-12-31,Sales,Sales,23586.9
EXP0004516,6500,CC0016,Department 8,2025-11-26,Marketing,Marketing,9310.34
EXP0004517,6300,CC0005,Department 5,2026-05-17,Sales,Sales,149.75
EXP0004518,6200,CC0013,Department 5,2025-08-07,Sales,Sales,22394.17
EXP0004519,6300,CC0010,Department 2,2025-07-27,Sales,Sales,11488.86
EXP0004520,6400,CC0004,Department 4,2026-01-29,Marketing,Marketing,16266.0
EXP0004521,6500,CC0002,Department 2,2026-10-26,Marketing,Marketing,24139.6
EXP0004522,6200,CC0009,Department 1,2026-05-29,Marketing,Marketing,22796.54
EXP0004523,6200,CC0010,Department 2,2026-08-08,Marketing,Marketing,20268.97
EXP0004524,6500,CC0015,Department 7,2026-08-10,SG&A,Administrative,4087.4
EXP0004525,6200,CC0003,Department 3,2025-07-05,Operations,Administrative,14834.42
EXP0004526,6300,CC0019,Department 3,2025-09-15,SG&A,Administrative,9613.03
EXP0004527,6100,CC0005,Department 5,2026-04-05,Operations,Administrative,4240.03
EXP0004528,6200,CC0001,Department 1,2026-12-01,Sales,Sales,24066.27
EXP0004529,6200,CC0001,Department 1,2026-02-08,Operations,Administrative,12756.52
EXP0004530,6500,CC0003,Department 3,2026-05-21,Operations,Administrative,1645.68
EXP0004531,6300,CC0001,Department 1,2025-07-31,SG&A,Administrative,24241.16
EXP0004532,6400,CC0003,Department 3,2026-05-29,SG&A,Administrative,13571.46
EXP0004533,6400,CC0016,Department 8,2026-12-02,Operations,Administrative,2257.72
EXP0004534,6400,CC0008,Department 8,2025-05-09,Sales,Sales,4228.33
EXP0004535,6200,CC0020,Department 4,2025-05-30,Marketing,Marketing,16563.53
EXP0004536,6400,CC0003,Department 3,2026-10-30,SG&A,Administrative,120.52
EXP0004537,6500,CC0020,Department 4,2026-10-21,Sales,Sales,4136.32
EXP0004538,6500,CC0011,Department 3,2026-07-22,Marketing,Marketing,3121.27
EXP0004539,6200,CC0001,Department 1,2026-05-12,Marketing,Marketing,1247.17
EXP0004540,6400,CC0020,Department 4,2026-09-10,SG&A,Administrative,2086.6
EXP0004541,6400,CC0009,Department 1,2026-06-28,Sales,Sales,10613.87
EXP0004542,6300,CC0014,Department 6,2025-03-31,Marketing,Marketing,17671.85
EXP0004543,6400,CC0011,Department 3,2026-02-20,Operations,Administrative,725.97
EXP0004544,6200,CC0009,Department 1,2026-04-27,Sales,Sales,5211.45
EXP0004545,6300,CC0001,Department 1,2026-01-25,Sales,Sales,21037.91
EXP0004546,6100,CC0014,Department 6,2025-08-13,Operations,Administrative,23345.69
EXP0004547,6200,CC0020,Department 4,2026-05-02,Sales,Sales,19477.32
EXP0004548,6100,CC0012,Department 4,2025-12-31,Marketing,Marketing,7850.66
EXP0004549,6100,CC0006,Department 6,2026-04-13,Sales,Sales,23470.65
EXP0004550,6100,CC0011,Department 3,2026-09-16,SG&A,Administrative,18311.15
EXP0004551,6200,CC0004,Department 4,2025-02-16,Operations,Administrative,12792.06
EXP0004552,6200,CC0009,Department 1,2025-03-24,Operations,Administrative,9632.41
EXP0004553,6200,CC0017,Department 1,2025-02-24,Sales,Sales,17029.08
EXP0004554,6500,CC0005,Department 5,2025-11-06,Marketing,Marketing,1105.82
EXP0004555,6400,CC0010,Department 2,2026-02-19,SG&A,Administrative,8685.61
EXP0004556,6500,CC0016,Department 8,2025-04-13,Operations,Administrative,10486.58
EXP0004557,6100,CC0015,Department 7,2026-03-02,Operations,Administrative,7025.45
EXP0004558,6200,CC0008,Department 8,2026-09-18,SG&A,Administrative,22737.91
EXP0004559,6400,CC0010,Department 2,2026-12-17,Operations,Administrative,19695.21
EXP0004560,6400,CC0011,Department 3,2026-06-04,SG&A,Administrative,14517.85
EXP0004561,6300,CC0010,Department 2,2026-05-28,Sales,Sales,8647.38
EXP0004562,6500,CC0010,Department 2,2026-06-17,Operations,Administrative,19226.43
EXP0004563,6300,CC0011,Department 3,2025-08-17,SG&A,Administrative,1963.79
EXP0004564,6400,CC0003,Department 3,2025-05-22,Sales,Sales,14062.04
EXP0004565,6500,CC0015,Department 7,2025-09-30,Sales,Sales,9765.88
EXP0004566,6400,CC0015,Department 7,2025-05-22,Marketing,Marketing,13231.2
EXP0004567,6100,CC0004,Department 4,2025-10-21,SG&A,Administrative,2359.68
EXP0004568,6100,CC0004,Department 4,2026-06-11,Sales,Sales,9534.24
EXP0004569,6500,CC0007,Department 7,2025-11-29,SG&A,Administrative,11907.47
EXP0004570,6500,CC0014,Department 6,2026-07-30,Operations,Administrative,18016.02
EXP0004571,6200,CC0014,Department 6,2026-06-08,Sales,Sales,15744.61
EXP0004572,6100,CC0011,Department 3,2025-12-11,Operations,Administrative,23456.75
EXP0004573,6200,CC0011,Department 3,2026-09-06,Marketing,Marketing,15130.61
EXP0004574,6400,CC0001,Department 1,2026-08-26,Marketing,Marketing,11431.36
EXP0004575,6400,CC0001,Department 1,2026-04-02,Marketing,Marketing,24358.34
EXP0004576,6100,CC0006,Department 6,2026-09-23,Sales,Sales,23084.02
EXP0004577,6300,CC0013,Department 5,2026-12-02,Marketing,Marketing,10185.11
EXP0004578,6200,CC0020,Department 4,2025-04-16,Operations,Administrative,11206.27
EXP0004579,6100,CC0002,Department 2,2026-07-21,Marketing,Marketing,22911.46
EXP0004580,6400,CC0001,Department 1,2026-09-28,Operations,Administrative,1667.76
EXP0004581,6400,CC0009,Department 1,2025-12-28,Marketing,Marketing,24816.65
EXP0004582,6100,CC0005,Department 5,2026-11-14,Operations,Administrative,15322.75
EXP0004583,6200,CC0009,Department 1,2025-03-22,SG&A,Administrative,6196.17
EXP0004584,6300,CC0007,Department 7,2025-09-16,Marketing,Marketing,8175.36
EXP0004585,6400,CC0005,Department 5,2026-05-11,SG&A,Administrative,3938.96
EXP0004586,6200,CC0009,Department 1,2026-12-04,Marketing,Marketing,10073.13
EXP0004587,6200,CC0012,Department 4,2025-08-30,Marketing,Marketing,15008.68
EXP0004588,6300,CC0006,Department 6,2026-09-04,Operations,Administrative,16914.8
EXP0004589,6100,CC0010,Department 2,2026-03-18,Marketing,Marketing,5702.23
EXP0004590,6100,CC0008,Department 8,2026-01-31,Marketing,Marketing,20132.9
EXP0004591,6300,CC0019,Department 3,2025-12-24,Sales,Sales,16407.54
EXP0004592,6200,CC0008,Department 8,2026-08-06,SG&A,Administrative,15997.33
EXP0004593,6400,CC0010,Department 2,2026-06-08,Marketing,Marketing,6492.18
EXP0004594,6100,CC0006,Department 6,2025-10-08,SG&A,Administrative,8530.69
EXP0004595,6400,CC0016,Department 8,2025-08-08,Sales,Sales,5402.71
EXP0004596,6200,CC0016,Department 8,2026-08-06,Sales,Sales,11585.01
EXP0004597,6100,CC0015,Department 7,2026-09-30,Sales,Sales,23488.69
EXP0004598,6100,CC0006,Department 6,2026-12-05,Operations,Administrative,17120.4
EXP0004599,6200,CC0019,Department 3,2026-06-06,Marketing,Marketing,24302.37
EXP0004600,6200,CC0001,Department 1,2026-04-11,Operations,Administrative,9215.1
EXP0004601,6400,CC0009,Department 1,2026-03-02,Operations,Administrative,20709.55
EXP0004602,6100,CC0012,Department 4,2026-04-25,Operations,Administrative,20191.87
EXP0004603,6400,CC0004,Department 4,2026-06-16,Operations,Administrative,13933.3
EXP0004604,6300,CC0014,Department 6,2025-12-06,SG&A,Administrative,158.11
EXP0004605,6300,CC0012,Department 4,2026-06-05,Marketing,Marketing,1539.49
EXP0004606,6100,CC0008,Department 8,2026-09-22,Operations,Administrative,2734.94
EXP0004607,6400,CC0009,Department 1,2026-04-04,Operations,Administrative,16014.25
EXP0004608,6300,CC0017,Department 1,2025-10-26,Sales,Sales,20276.54
EXP0004609,6200,CC0006,Department 6,2026-05-21,Operations,Administrative,17747.16
EXP0004610,6300,CC0003,Department 3,2025-09-21,Sales,Sales,19886.5
EXP0004611,6300,CC0007,Department 7,2026-07-07,Operations,Administrative,12314.77
EXP0004612,6300,CC0003,Department 3,2026-02-04,Marketing,Marketing,7687.09
EXP0004613,6200,CC0004,Department 4,2025-05-30,Marketing,Marketing,13444.83
EXP0004614,6300,CC0019,Department 3,2026-08-31,SG&A,Administrative,14718.29
EXP0004615,6300,CC0006,Department 6,2026-09-12,Marketing,Marketing,12068.05
EXP0004616,6300,CC0019,Department 3,2026-02-09,SG&A,Administrative,3179.72
EXP0004617,6100,CC0014,Department 6,2026-06-18,Sales,Sales,8378.27
EXP0004618,6100,CC0015,Department 7,2025-02-11,SG&A,Administrative,10479.12
EXP0004619,6400,CC0013,Department 5,2026-12-13,Marketing,Marketing,12867.66
EXP0004620,6300,CC0012,Department 4,2025-01-23,Sales,Sales,1650.21
EXP0004621,6400,CC0001,Department 1,2025-04-26,Operations,Administrative,4245.73
EXP0004622,6400,CC0006,Department 6,2025-05-15,SG&A,Administrative,10878.95
EXP0004623,6500,CC0010,Department 2,2026-06-21,Operations,Administrative,10189.06
EXP0004624,6300,CC0009,Department 1,2026-10-03,Operations,Administrative,22990.06
EXP0004625,6500,CC0018,Department 2,2025-03-28,Sales,Sales,23029.42
EXP0004626,6500,CC0013,Department 5,2026-07-30,Sales,Sales,3990.46
EXP0004627,6200,CC0001,Department 1,2026-01-15,Operations,Administrative,4013.84
EXP0004628,6400,CC0010,Department 2,2026-04-22,SG&A,Administrative,18998.5
EXP0004629,6300,CC0012,Department 4,2026-08-02,Marketing,Marketing,24345.89
EXP0004630,6400,CC0011,Department 3,2026-04-22,SG&A,Administrative,10549.55
EXP0004631,6500,CC0006,Department 6,2025-12-07,Sales,Sales,3703.71
EXP0004632,6100,CC0003,Department 3,2025-09-20,Marketing,Marketing,12672.78
EXP0004633,6300,CC0014,Department 6,2026-01-31,Marketing,Marketing,2407.95
EXP0004634,6400,CC0009,Department 1,2026-12-23,Marketing,Marketing,14348.0
EXP0004635,6300,CC0019,Department 3,2026-12-06,Marketing,Marketing,21811.89
EXP0004636,6200,CC0020,Department 4,2026-07-20,Operations,Administrative,23500.78
EXP0004637,6200,CC0015,Department 7,2026-07-23,Operations,Administrative,14694.09
EXP0004638,6300,CC0011,Department 3,2026-07-07,SG&A,Administrative,12414.0
EXP0004639,6200,CC0010,Department 2,2025-11-23,Operations,Administrative,12123.45
EXP0004640,6300,CC0010,Department 2,2025-06-13,Operations,Administrative,1859.76
EXP0004641,6100,CC0004,Department 4,2025-02-03,SG&A,Administrative,21236.99
EXP0004642,6400,CC0004,Department 4,2025-02-26,SG&A,Administrative,19788.61
EXP0004643,6200,CC0014,Department 6,2025-08-13,SG&A,Administrative,1876.64
EXP0004644,6400,CC0007,Department 7,2025-12-23,Operations,Administrative,11508.47
EXP0004645,6200,CC0016,Department 8,2025-03-06,SG&A,Administrative,5682.11
EXP0004646,6200,CC0005,Department 5,2025-03-01,Sales,Sales,14048.14
EXP0004647,6400,CC0001,Department 1,2025-08-24,Operations,Administrative,24237.86
EXP0004648,6400,CC0008,Department 8,2025-06-05,Operations,Administrative,3615.6
EXP0004649,6400,CC0012,Department 4,2025-05-29,Sales,Sales,3893.57
EXP0004650,6100,CC0019,Department 3,2026-02-12,Sales,Sales,8503.69
EXP0004651,6200,CC0008,Department 8,2026-10-30,Operations,Administrative,12834.68
EXP0004652,6300,CC0014,Department 6,2026-11-01,SG&A,Administrative,14303.89
EXP0004653,6400,CC0004,Department 4,2026-01-30,Operations,Administrative,2921.42
EXP0004654,6300,CC0005,Department 5,2026-07-02,Sales,Sales,19663.97
EXP0004655,6100,CC0002,Department 2,2025-06-14,Sales,Sales,10392.85
EXP0004656,6300,CC0017,Department 1,2026-09-15,Marketing,Marketing,22718.0
EXP0004657,6300,CC0002,Department 2,2025-10-02,Marketing,Marketing,17824.18
EXP0004658,6300,CC0004,Department 4,2025-11-10,Operations,Administrative,10267.54
EXP0004659,6300,CC0009,Department 1,2026-08-11,Operations,Administrative,5811.0
EXP0004660,6500,CC0008,Department 8,2026-04-14,Sales,Sales,24713.29
EXP0004661,6300,CC0005,Department 5,2026-01-17,Marketing,Marketing,10815.41
EXP0004662,6400,CC0017,Department 1,2026-06-09,Sales,Sales,17142.6
EXP0004663,6100,CC0001,Department 1,2026-05-13,SG&A,Administrative,11627.59
EXP0004664,6400,CC0013,Department 5,2025-08-02,Marketing,Marketing,22930.12
EXP0004665,6300,CC0013,Department 5,2025-04-14,SG&A,Administrative,1724.14
EXP0004666,6200,CC0019,Department 3,2025-10-29,Operations,Administrative,13733.93
EXP0004667,6500,CC0003,Department 3,2025-07-04,Sales,Sales,9108.12
EXP0004668,6100,CC0007,Department 7,2025-01-21,SG&A,Administrative,14282.12
EXP0004669,6400,CC0007,Department 7,2026-02-16,Marketing,Marketing,22441.27
EXP0004670,6500,CC0001,Department 1,2025-02-03,Sales,Sales,14956.33
EXP0004671,6400,CC0012,Department 4,2025-12-26,SG&A,Administrative,849.07
EXP0004672,6500,CC0003,Department 3,2025-03-26,Operations,Administrative,19062.86
EXP0004673,6200,CC0020,Department 4,2025-08-03,Marketing,Marketing,4020.36
EXP0004674,6300,CC0018,Department 2,2026-04-09,SG&A,Administrative,15197.77
EXP0004675,6400,CC0012,Department 4,2025-12-29,Sales,Sales,2883.8
EXP0004676,6400,CC0011,Department 3,2026-07-03,Sales,Sales,1294.87
EXP0004677,6100,CC0019,Department 3,2026-05-17,SG&A,Administrative,877.88
EXP0004678,6300,CC0001,Department 1,2026-12-29,SG&A,Administrative,5077.21
EXP0004679,6100,CC0016,Department 8,2025-03-03,Operations,Administrative,20690.76
EXP0004680,6200,CC0015,Department 7,2026-07-10,Operations,Administrative,13905.95
EXP0004681,6400,CC0006,Department 6,2026-10-22,SG&A,Administrative,7248.37
EXP0004682,6200,CC0016,Department 8,2026-09-28,Marketing,Marketing,9906.26
EXP0004683,6400,CC0014,Department 6,2025-04-01,SG&A,Administrative,14699.52
EXP0004684,6400,CC0014,Department 6,2025-04-29,Operations,Administrative,10803.44
EXP0004685,6300,CC0016,Department 8,2026-12-08,SG&A,Administrative,24671.09
EXP0004686,6100,CC0016,Department 8,2025-04-19,Operations,Administrative,14083.88
EXP0004687,6400,CC0005,Department 5,2025-02-16,SG&A,Administrative,13369.97
EXP0004688,6300,CC0017,Department 1,2025-08-28,Operations,Administrative,13734.02
EXP0004689,6500,CC0011,Department 3,2025-11-05,Sales,Sales,24786.06
EXP0004690,6200,CC0003,Department 3,2026-11-24,SG&A,Administrative,4280.25
EXP0004691,6400,CC0020,Department 4,2025-09-09,Sales,Sales,11843.4
EXP0004692,6100,CC0010,Department 2,2026-06-18,Sales,Sales,13626.99
EXP0004693,6400,CC0012,Department 4,2025-03-31,Marketing,Marketing,5598.04
EXP0004694,6400,CC0006,Department 6,2025-03-21,Marketing,Marketing,15477.15
EXP0004695,6100,CC0020,Department 4,2025-07-27,SG&A,Administrative,12308.53
EXP0004696,6300,CC0007,Department 7,2025-11-19,Sales,Sales,19903.49
EXP0004697,6300,CC0008,Department 8,2026-01-25,Marketing,Marketing,12061.11
EXP0004698,6300,CC0019,Department 3,2026-11-22,Sales,Sales,1316.17
EXP0004699,6400,CC0007,Department 7,2025-07-30,Marketing,Marketing,22128.67
EXP0004700,6100,CC0002,Department 2,2025-06-23,Operations,Administrative,17507.5
EXP0004701,6100,CC0016,Department 8,2026-02-09,SG&A,Administrative,21846.09
EXP0004702,6200,CC0011,Department 3,2025-07-06,Marketing,Marketing,2107.43
EXP0004703,6500,CC0001,Department 1,2026-05-21,Marketing,Marketing,11743.04
EXP0004704,6200,CC0004,Department 4,2025-02-03,Marketing,Marketing,23864.45
EXP0004705,6500,CC0017,Department 1,2026-08-05,Sales,Sales,639.3
EXP0004706,6100,CC0016,Department 8,2025-07-20,Operations,Administrative,215.0
EXP0004707,6500,CC0018,Department 2,2025-02-20,SG&A,Administrative,17421.88
EXP0004708,6100,CC0005,Department 5,2025-06-09,Operations,Administrative,16832.89
EXP0004709,6500,CC0018,Department 2,2025-03-29,Sales,Sales,23648.47
EXP0004710,6500,CC0018,Department 2,2026-01-11,SG&A,Administrative,23519.33
EXP0004711,6400,CC0015,Department 7,2026-02-02,Operations,Administrative,24469.28
EXP0004712,6100,CC0019,Department 3,2026-10-14,Sales,Sales,5431.19
EXP0004713,6500,CC0020,Department 4,2026-07-28,Sales,Sales,13403.73
EXP0004714,6200,CC0005,Department 5,2026-04-15,Marketing,Marketing,5254.8
EXP0004715,6200,CC0015,Department 7,2026-03-08,Marketing,Marketing,17230.18
EXP0004716,6200,CC0018,Department 2,2026-07-19,Operations,Administrative,3103.81
EXP0004717,6100,CC0019,Department 3,2025-10-15,Operations,Administrative,18580.19
EXP0004718,6100,CC0001,Department 1,2026-02-03,Sales,Sales,16217.7
EXP0004719,6400,CC0018,Department 2,2025-07-03,Sales,Sales,4273.54
EXP0004720,6400,CC0013,Department 5,2026-09-18,Operations,Administrative,22405.73
EXP0004721,6400,CC0016,Department 8,2025-10-21,Sales,Sales,8078.34
EXP0004722,6100,CC0017,Department 1,2026-08-24,Operations,Administrative,6274.71
EXP0004723,6200,CC0007,Department 7,2025-12-22,Operations,Administrative,23479.87
EXP0004724,6400,CC0009,Department 1,2026-07-19,Marketing,Marketing,19123.6
EXP0004725,6200,CC0020,Department 4,2026-01-18,Marketing,Marketing,4882.68
EXP0004726,6100,CC0019,Department 3,2026-12-23,Operations,Administrative,11214.38
EXP0004727,6200,CC0010,Department 2,2026-01-14,SG&A,Administrative,24699.4
EXP0004728,6400,CC0011,Department 3,2026-05-19,SG&A,Administrative,23822.7
EXP0004729,6500,CC0005,Department 5,2026-02-27,Operations,Administrative,2492.59
EXP0004730,6200,CC0010,Department 2,2026-01-26,Marketing,Marketing,22094.41
EXP0004731,6100,CC0002,Department 2,2025-12-15,Operations,Administrative,8909.93
EXP0004732,6200,CC0019,Department 3,2026-05-30,SG&A,Administrative,12351.49
EXP0004733,6200,CC0005,Department 5,2025-08-15,SG&A,Administrative,15777.66
EXP0004734,6100,CC0020,Department 4,2025-08-01,SG&A,Administrative,704.5
EXP0004735,6200,CC0013,Department 5,2026-12-18,Sales,Sales,23883.02
EXP0004736,6500,CC0004,Department 4,2026-05-11,Sales,Sales,19661.73
EXP0004737,6200,CC0012,Department 4,2025-05-28,Marketing,Marketing,19223.37
EXP0004738,6500,CC0019,Department 3,2025-03-10,SG&A,Administrative,17163.52
EXP0004739,6300,CC0002,Department 2,2025-01-05,Marketing,Marketing,3749.51
EXP0004740,6300,CC0016,Department 8,2025-10-01,Marketing,Marketing,10907.89
EXP0004741,6500,CC0018,Department 2,2026-10-27,SG&A,Administrative,10193.54
EXP0004742,6300,CC0017,Department 1,2025-09-20,Marketing,Marketing,9982.62
EXP0004743,6200,CC0007,Department 7,2026-04-01,Operations,Administrative,13504.66
EXP0004744,6500,CC0001,Department 1,2025-12-30,Marketing,Marketing,24991.03
EXP0004745,6300,CC0001,Department 1,2026-09-23,Operations,Administrative,9927.28
EXP0004746,6500,CC0013,Department 5,2025-11-20,SG&A,Administrative,15607.38
EXP0004747,6400,CC0005,Department 5,2026-11-20,Sales,Sales,24295.65
EXP0004748,6500,CC0008,Department 8,2025-06-19,Marketing,Marketing,13343.48
EXP0004749,6500,CC0015,Department 7,2026-04-04,Operations,Administrative,24899.31
EXP0004750,6400,CC0019,Department 3,2026-09-29,SG&A,Administrative,13011.8
EXP0004751,6300,CC0003,Department 3,2025-08-08,Marketing,Marketing,23517.29
EXP0004752,6500,CC0003,Department 3,2026-04-12,SG&A,Administrative,24604.47
EXP0004753,6100,CC0004,Department 4,2026-01-06,Marketing,Marketing,23870.98
EXP0004754,6400,CC0010,Department 2,2026-09-10,Marketing,Marketing,13526.32
EXP0004755,6400,CC0017,Department 1,2026-01-02,SG&A,Administrative,15060.75
EXP0004756,6500,CC0002,Department 2,2026-10-31,SG&A,Administrative,15840.12
EXP0004757,6400,CC0009,Department 1,2025-03-12,Sales,Sales,4663.92
EXP0004758,6500,CC0005,Department 5,2025-04-07,Operations,Administrative,4920.44
EXP0004759,6200,CC0018,Department 2,2025-04-12,SG&A,Administrative,3100.53
EXP0004760,6500,CC0006,Department 6,2025-12-20,SG&A,Administrative,8009.04
EXP0004761,6500,CC0006,Department 6,2025-08-22,Operations,Administrative,2571.88
EXP0004762,6400,CC0012,Department 4,2026-07-28,Sales,Sales,11551.37
EXP0004763,6200,CC0009,Department 1,2025-07-04,Operations,Administrative,2082.18
EXP0004764,6300,CC0015,Department 7,2026-10-18,Marketing,Marketing,21313.8
EXP0004765,6200,CC0015,Department 7,2025-12-06,Marketing,Marketing,319.65
EXP0004766,6500,CC0018,Department 2,2025-03-22,Sales,Sales,5608.16
EXP0004767,6100,CC0016,Department 8,2025-08-01,Sales,Sales,3039.41
EXP0004768,6400,CC0007,Department 7,2025-08-27,Sales,Sales,7111.63
EXP0004769,6400,CC0014,Department 6,2025-12-04,Marketing,Marketing,22625.71
EXP0004770,6300,CC0012,Department 4,2025-06-13,SG&A,Administrative,22258.16
EXP0004771,6300,CC0008,Department 8,2026-08-08,SG&A,Administrative,1223.15
EXP0004772,6300,CC0011,Department 3,2026-06-03,SG&A,Administrative,11385.29
EXP0004773,6100,CC0019,Department 3,2025-06-13,Marketing,Marketing,7989.72
EXP0004774,6300,CC0020,Department 4,2026-03-30,Sales,Sales,14779.22
EXP0004775,6200,CC0003,Department 3,2025-05-15,SG&A,Administrative,22109.59
EXP0004776,6100,CC0013,Department 5,2026-11-16,Marketing,Marketing,20575.81
EXP0004777,6100,CC0012,Department 4,2025-10-26,Marketing,Marketing,552.01
EXP0004778,6400,CC0003,Department 3,2025-12-15,SG&A,Administrative,12587.68
EXP0004779,6400,CC0002,Department 2,2025-03-30,Sales,Sales,2164.55
EXP0004780,6200,CC0009,Department 1,2026-11-05,SG&A,Administrative,2041.55
EXP0004781,6200,CC0018,Department 2,2025-10-09,SG&A,Administrative,3310.43
EXP0004782,6200,CC0005,Department 5,2025-05-08,Sales,Sales,12184.06
EXP0004783,6500,CC0018,Department 2,2025-03-23,SG&A,Administrative,7125.78
EXP0004784,6200,CC0014,Department 6,2026-07-07,Sales,Sales,8395.8
EXP0004785,6100,CC0013,Department 5,2026-07-09,Marketing,Marketing,542.3
EXP0004786,6300,CC0018,Department 2,2025-10-31,Operations,Administrative,9600.74
EXP0004787,6200,CC0009,Department 1,2026-10-06,Marketing,Marketing,4472.29
EXP0004788,6300,CC0012,Department 4,2025-09-15,Sales,Sales,2225.84
EXP0004789,6300,CC0020,Department 4,2025-03-25,Marketing,Marketing,19588.36
EXP0004790,6200,CC0012,Department 4,2025-11-10,Marketing,Marketing,11125.41
EXP0004791,6200,CC0013,Department 5,2025-04-26,Marketing,Marketing,13187.22
EXP0004792,6300,CC0018,Department 2,2026-08-03,Marketing,Marketing,14192.15
EXP0004793,6100,CC0017,Department 1,2026-01-18,SG&A,Administrative,19068.52
EXP0004794,6100,CC0015,Department 7,2026-04-26,SG&A,Administrative,7009.55
EXP0004795,6300,CC0015,Department 7,2025-05-25,Operations,Administrative,23241.05
EXP0004796,6400,CC0016,Department 8,2026-09-11,Marketing,Marketing,4484.01
EXP0004797,6400,CC0004,Department 4,2026-07-22,Operations,Administrative,16325.65
EXP0004798,6100,CC0012,Department 4,2026-09-24,Sales,Sales,12708.77
EXP0004799,6300,CC0020,Department 4,2025-08-18,Operations,Administrative,10852.7
EXP0004800,6100,CC0020,Department 4,2026-02-20,SG&A,Administrative,24364.1
EXP0004801,6400,CC0010,Department 2,2025-01-06,Operations,Administrative,10635.83
EXP0004802,6400,CC0005,Department 5,2025-09-13,Sales,Sales,3228.33
EXP0004803,6300,CC0015,Department 7,2026-09-02,SG&A,Administrative,3008.1
EXP0004804,6500,CC0009,Department 1,2025-07-17,SG&A,Administrative,18468.34
EXP0004805,6100,CC0016,Department 8,2026-04-04,Operations,Administrative,240.42
EXP0004806,6400,CC0007,Department 7,2026-09-15,SG&A,Administrative,3134.23
EXP0004807,6100,CC0018,Department 2,2026-03-14,SG&A,Administrative,10475.29
EXP0004808,6300,CC0009,Department 1,2026-08-31,Sales,Sales,6825.76
EXP0004809,6200,CC0014,Department 6,2026-08-03,Marketing,Marketing,16464.22
EXP0004810,6300,CC0003,Department 3,2025-05-18,SG&A,Administrative,3579.59
EXP0004811,6500,CC0004,Department 4,2025-10-17,SG&A,Administrative,595.49
EXP0004812,6500,CC0015,Department 7,2025-11-15,Marketing,Marketing,23791.5
EXP0004813,6200,CC0007,Department 7,2026-03-12,SG&A,Administrative,17386.21
EXP0004814,6400,CC0004,Department 4,2025-08-13,Marketing,Marketing,16113.52
EXP0004815,6200,CC0017,Department 1,2025-03-02,Operations,Administrative,18601.69
EXP0004816,6200,CC0001,Department 1,2025-10-18,Operations,Administrative,23826.67
EXP0004817,6300,CC0016,Department 8,2025-11-11,Operations,Administrative,4940.96
EXP0004818,6400,CC0007,Department 7,2025-11-26,Operations,Administrative,258.88
EXP0004819,6300,CC0009,Department 1,2025-02-26,SG&A,Administrative,609.67
EXP0004820,6200,CC0012,Department 4,2025-09-10,Sales,Sales,19397.0
EXP0004821,6100,CC0017,Department 1,2026-11-18,Sales,Sales,18780.5
EXP0004822,6400,CC0010,Department 2,2026-08-19,Sales,Sales,5430.57
EXP0004823,6400,CC0016,Department 8,2026-07-16,SG&A,Administrative,7093.5
EXP0004824,6500,CC0012,Department 4,2025-03-11,Sales,Sales,14067.25
EXP0004825,6200,CC0011,Department 3,2026-11-06,Operations,Administrative,21223.67
EXP0004826,6100,CC0015,Department 7,2026-08-25,Sales,Sales,7439.3
EXP0004827,6200,CC0014,Department 6,2025-05-31,SG&A,Administrative,4506.22
EXP0004828,6100,CC0013,Department 5,2026-02-19,Sales,Sales,10848.1
EXP0004829,6100,CC0014,Department 6,2026-02-25,SG&A,Administrative,21313.78
EXP0004830,6100,CC0020,Department 4,2026-12-16,Marketing,Marketing,17436.01
EXP0004831,6200,CC0008,Department 8,2026-02-05,SG&A,Administrative,1304.87
EXP0004832,6100,CC0017,Department 1,2025-05-10,SG&A,Administrative,3530.92
EXP0004833,6500,CC0013,Department 5,2026-06-28,SG&A,Administrative,14381.78
EXP0004834,6300,CC0016,Department 8,2026-12-01,Operations,Administrative,20623.82
EXP0004835,6100,CC0019,Department 3,2025-01-14,Operations,Administrative,19568.96
EXP0004836,6300,CC0005,Department 5,2025-01-19,SG&A,Administrative,20246.56
EXP0004837,6400,CC0003,Department 3,2025-12-06,Sales,Sales,6669.08
EXP0004838,6200,CC0002,Department 2,2026-12-02,Marketing,Marketing,13265.91
EXP0004839,6500,CC0012,Department 4,2025-07-16,Marketing,Marketing,17189.44
EXP0004840,6300,CC0006,Department 6,2025-07-04,Operations,Administrative,6655.58
EXP0004841,6500,CC0004,Department 4,2025-09-25,SG&A,Administrative,5134.14
EXP0004842,6500,CC0009,Department 1,2026-02-17,Operations,Administrative,8437.82
EXP0004843,6100,CC0001,Department 1,2026-06-03,Sales,Sales,13514.23
EXP0004844,6400,CC0008,Department 8,2026-01-29,SG&A,Administrative,18937.4
EXP0004845,6500,CC0007,Department 7,2026-07-17,SG&A,Administrative,4895.66
EXP0004846,6200,CC0005,Department 5,2026-03-26,Sales,Sales,9065.05
EXP0004847,6100,CC0018,Department 2,2025-07-28,Sales,Sales,23698.3
EXP0004848,6100,CC0008,Department 8,2025-01-26,Marketing,Marketing,23869.03
EXP0004849,6400,CC0010,Department 2,2025-02-20,Sales,Sales,3418.69
EXP0004850,6300,CC0017,Department 1,2026-09-30,Sales,Sales,19147.08
EXP0004851,6100,CC0011,Department 3,2025-11-29,Marketing,Marketing,15547.1
EXP0004852,6500,CC0012,Department 4,2025-12-23,SG&A,Administrative,24649.25
EXP0004853,6300,CC0012,Department 4,2025-09-10,Sales,Sales,20427.91
EXP0004854,6500,CC0010,Department 2,2026-07-30,Sales,Sales,697.34
EXP0004855,6400,CC0001,Department 1,2026-04-21,Marketing,Marketing,23039.01
EXP0004856,6500,CC0009,Department 1,2026-08-08,Sales,Sales,1914.68
EXP0004857,6500,CC0019,Department 3,2026-03-24,SG&A,Administrative,7757.25
EXP0004858,6300,CC0003,Department 3,2025-04-15,Sales,Sales,16403.04
EXP0004859,6300,CC0002,Department 2,2026-12-03,Operations,Administrative,818.35
EXP0004860,6400,CC0006,Department 6,2025-06-03,Sales,Sales,21849.56
EXP0004861,6200,CC0012,Department 4,2026-08-27,SG&A,Administrative,19566.6
EXP0004862,6400,CC0001,Department 1,2025-01-17,Marketing,Marketing,8356.16
EXP0004863,6300,CC0019,Department 3,2026-09-09,Sales,Sales,8352.56
EXP0004864,6200,CC0005,Department 5,2026-04-06,Sales,Sales,3716.0
EXP0004865,6400,CC0014,Department 6,2025-06-11,Marketing,Marketing,17941.97
EXP0004866,6300,CC0003,Department 3,2025-07-07,Operations,Administrative,3032.14
EXP0004867,6400,CC0020,Department 4,2026-08-20,Marketing,Marketing,15322.81
EXP0004868,6100,CC0017,Department 1,2026-12-10,Sales,Sales,10626.9
EXP0004869,6400,CC0007,Department 7,2025-11-21,Operations,Administrative,20746.35
EXP0004870,6300,CC0012,Department 4,2026-02-18,SG&A,Administrative,2056.8
EXP0004871,6100,CC0020,Department 4,2025-01-14,SG&A,Administrative,3730.64
EXP0004872,6500,CC0018,Department 2,2025-09-21,Operations,Administrative,6062.39
EXP0004873,6400,CC0016,Department 8,2025-10-10,Marketing,Marketing,16748.2
EXP0004874,6100,CC0015,Department 7,2026-01-28,SG&A,Administrative,6065.66
EXP0004875,6400,CC0009,Department 1,2026-05-05,SG&A,Administrative,5555.97
EXP0004876,6500,CC0011,Department 3,2026-02-16,Sales,Sales,10580.56
EXP0004877,6200,CC0002,Department 2,2026-06-15,Marketing,Marketing,5383.73
EXP0004878,6100,CC0004,Department 4,2026-02-21,Operations,Administrative,14780.62
EXP0004879,6400,CC0006,Department 6,2026-01-02,Operations,Administrative,19743.92
EXP0004880,6300,CC0008,Department 8,2025-11-09,Operations,Administrative,21993.56
EXP0004881,6100,CC0020,Department 4,2025-04-03,Operations,Administrative,18354.31
EXP0004882,6200,CC0020,Department 4,2026-05-20,Marketing,Marketing,22458.75
EXP0004883,6200,CC0016,Department 8,2025-03-23,Marketing,Marketing,7917.0
EXP0004884,6400,CC0017,Department 1,2025-01-22,Operations,Administrative,14761.81
EXP0004885,6500,CC0004,Department 4,2026-03-26,Sales,Sales,11259.09
EXP0004886,6200,CC0001,Department 1,2026-01-31,Sales,Sales,21467.02
EXP0004887,6100,CC0015,Department 7,2026-09-07,Operations,Administrative,3911.89
EXP0004888,6200,CC0006,Department 6,2025-05-31,SG&A,Administrative,17837.19
EXP0004889,6100,CC0005,Department 5,2025-04-05,SG&A,Administrative,16776.92
EXP0004890,6100,CC0003,Department 3,2025-11-13,SG&A,Administrative,11849.39
EXP0004891,6200,CC0019,Department 3,2025-09-22,Sales,Sales,12410.22
EXP0004892,6300,CC0007,Department 7,2025-01-15,Operations,Administrative,1066.9
EXP0004893,6100,CC0010,Department 2,2025-02-05,SG&A,Administrative,10909.86
EXP0004894,6400,CC0012,Department 4,2026-06-21,SG&A,Administrative,15803.5
EXP0004895,6200,CC0020,Department 4,2026-04-08,Marketing,Marketing,14721.51
EXP0004896,6400,CC0004,Department 4,2025-10-09,SG&A,Administrative,2208.52
EXP0004897,6100,CC0005,Department 5,2026-12-04,Marketing,Marketing,6829.36
EXP0004898,6200,CC0005,Department 5,2025-09-22,SG&A,Administrative,22769.21
EXP0004899,6400,CC0001,Department 1,2025-09-02,Operations,Administrative,5707.23
EXP0004900,6300,CC0004,Department 4,2025-06-15,Operations,Administrative,681.62
EXP0004901,6300,CC0015,Department 7,2026-12-13,Sales,Sales,1105.84
EXP0004902,6200,CC0008,Department 8,2025-04-21,Marketing,Marketing,8236.7
EXP0004903,6500,CC0011,Department 3,2025-04-09,SG&A,Administrative,11659.17
EXP0004904,6400,CC0014,Department 6,2025-08-08,SG&A,Administrative,16715.42
EXP0004905,6400,CC0015,Department 7,2025-05-22,SG&A,Administrative,21493.98
EXP0004906,6500,CC0012,Department 4,2025-05-04,Sales,Sales,20556.71
EXP0004907,6200,CC0007,Department 7,2026-06-02,Operations,Administrative,10659.21
EXP0004908,6100,CC0002,Department 2,2025-06-12,Operations,Administrative,5042.25
EXP0004909,6200,CC0018,Department 2,2026-02-13,Operations,Administrative,23261.22
EXP0004910,6100,CC0011,Department 3,2025-07-05,Marketing,Marketing,18326.86
EXP0004911,6300,CC0015,Department 7,2026-12-12,SG&A,Administrative,9332.71
EXP0004912,6100,CC0007,Department 7,2026-05-25,Sales,Sales,5763.04
EXP0004913,6200,CC0009,Department 1,2026-05-05,Operations,Administrative,4908.04
EXP0004914,6500,CC0010,Department 2,2026-04-11,Sales,Sales,16524.37
EXP0004915,6200,CC0020,Department 4,2025-08-01,Marketing,Marketing,1746.79
EXP0004916,6300,CC0014,Department 6,2026-09-10,Operations,Administrative,707.39
EXP0004917,6100,CC0008,Department 8,2026-07-27,Marketing,Marketing,7975.34
EXP0004918,6100,CC0016,Department 8,2025-03-01,SG&A,Administrative,13577.26
EXP0004919,6200,CC0015,Department 7,2026-02-18,Sales,Sales,22352.49
EXP0004920,6500,CC0020,Department 4,2026-12-25,Sales,Sales,19100.23
EXP0004921,6500,CC0017,Department 1,2025-07-09,Sales,Sales,22511.07
EXP0004922,6100,CC0012,Department 4,2025-05-04,SG&A,Administrative,454.36
EXP0004923,6100,CC0018,Department 2,2026-11-03,SG&A,Administrative,1111.32
EXP0004924,6100,CC0011,Department 3,2026-08-10,Marketing,Marketing,20615.85
EXP0004925,6100,CC0016,Department 8,2026-06-06,Marketing,Marketing,2780.94
EXP0004926,6400,CC0006,Department 6,2026-09-02,Sales,Sales,12037.33
EXP0004927,6100,CC0010,Department 2,2026-07-04,Marketing,Marketing,21112.19
EXP0004928,6500,CC0015,Department 7,2025-12-28,Sales,Sales,19636.27
EXP0004929,6500,CC0010,Department 2,2026-11-08,Sales,Sales,24135.07
EXP0004930,6500,CC0007,Department 7,2025-05-03,Marketing,Marketing,11694.22
EXP0004931,6300,CC0009,Department 1,2026-10-13,Marketing,Marketing,22956.03
EXP0004932,6100,CC0011,Department 3,2026-07-05,Operations,Administrative,17829.78
EXP0004933,6200,CC0015,Department 7,2026-06-18,Operations,Administrative,16966.84
EXP0004934,6300,CC0007,Department 7,2025-11-30,SG&A,Administrative,17117.09
EXP0004935,6300,CC0020,Department 4,2025-06-15,Operations,Administrative,2030.37
EXP0004936,6300,CC0020,Department 4,2025-05-22,SG&A,Administrative,9059.38
EXP0004937,6100,CC0003,Department 3,2025-12-18,Operations,Administrative,4815.42
EXP0004938,6100,CC0008,Department 8,2026-08-18,SG&A,Administrative,6759.92
EXP0004939,6400,CC0009,Department 1,2025-12-11,Operations,Administrative,13832.59
EXP0004940,6300,CC0020,Department 4,2026-05-22,Sales,Sales,9933.86
EXP0004941,6200,CC0001,Department 1,2025-08-10,SG&A,Administrative,24036.94
EXP0004942,6400,CC0006,Department 6,2026-03-25,Operations,Administrative,5490.65
EXP0004943,6200,CC0015,Department 7,2025-12-18,Sales,Sales,4557.44
EXP0004944,6400,CC0002,Department 2,2026-03-02,Sales,Sales,14906.44
EXP0004945,6100,CC0017,Department 1,2026-12-02,Sales,Sales,23718.11
EXP0004946,6400,CC0018,Department 2,2026-10-28,Operations,Administrative,5259.21
EXP0004947,6500,CC0010,Department 2,2026-11-15,Sales,Sales,2961.93
EXP0004948,6100,CC0002,Department 2,2026-11-06,Marketing,Marketing,172.1
EXP0004949,6400,CC0004,Department 4,2025-10-12,SG&A,Administrative,17878.08
EXP0004950,6400,CC0018,Department 2,2026-05-27,Sales,Sales,6652.12
EXP0004951,6200,CC0019,Department 3,2025-06-20,Marketing,Marketing,1116.98
EXP0004952,6100,CC0018,Department 2,2025-09-27,Sales,Sales,9593.54
EXP0004953,6400,CC0014,Department 6,2025-10-04,Sales,Sales,22114.1
EXP0004954,6200,CC0013,Department 5,2026-03-08,Operations,Administrative,20935.08
EXP0004955,6300,CC0003,Department 3,2025-11-26,Sales,Sales,12781.04
EXP0004956,6300,CC0005,Department 5,2026-06-28,Marketing,Marketing,16680.31
EXP0004957,6300,CC0016,Department 8,2025-08-20,Operations,Administrative,18750.31
EXP0004958,6400,CC0014,Department 6,2026-04-12,Sales,Sales,23977.44
EXP0004959,6300,CC0011,Department 3,2025-01-25,Marketing,Marketing,9490.34
EXP0004960,6300,CC0006,Department 6,2025-04-23,Operations,Administrative,15754.27
EXP0004961,6100,CC0002,Department 2,2025-02-22,Marketing,Marketing,1676.92
EXP0004962,6200,CC0008,Department 8,2025-07-06,Operations,Administrative,4723.55
EXP0004963,6300,CC0003,Department 3,2026-12-27,Operations,Administrative,8637.67
EXP0004964,6500,CC0004,Department 4,2025-08-20,Sales,Sales,4341.19
EXP0004965,6400,CC0013,Department 5,2026-12-27,Operations,Administrative,21469.13
EXP0004966,6100,CC0019,Department 3,2026-10-17,Sales,Sales,24733.65
EXP0004967,6100,CC0016,Department 8,2025-01-09,Operations,Administrative,15013.12
EXP0004968,6400,CC0007,Department 7,2026-08-31,Operations,Administrative,7017.97
EXP0004969,6500,CC0016,Department 8,2026-05-28,Marketing,Marketing,24277.56
EXP0004970,6400,CC0008,Department 8,2026-02-06,Operations,Administrative,21572.84
EXP0004971,6100,CC0008,Department 8,2026-10-16,Sales,Sales,15579.09
EXP0004972,6400,CC0012,Department 4,2025-02-15,Marketing,Marketing,7028.43
EXP0004973,6200,CC0003,Department 3,2026-07-08,Operations,Administrative,20369.94
EXP0004974,6500,CC0018,Department 2,2026-09-03,Operations,Administrative,19924.04
EXP0004975,6300,CC0017,Department 1,2026-02-23,SG&A,Administrative,23744.22
EXP0004976,6300,CC0006,Department 6,2025-01-30,Operations,Administrative,4275.75
EXP0004977,6500,CC0006,Department 6,2025-05-01,SG&A,Administrative,2825.48
EXP0004978,6500,CC0004,Department 4,2026-02-16,Operations,Administrative,24127.51
EXP0004979,6500,CC0020,Department 4,2026-03-21,Sales,Sales,10163.28
EXP0004980,6200,CC0008,Department 8,2026-09-24,Marketing,Marketing,3834.03
EXP0004981,6200,CC0010,Department 2,2026-08-09,Operations,Administrative,23340.93
EXP0004982,6300,CC0019,Department 3,2025-01-14,Marketing,Marketing,16978.55
EXP0004983,6300,CC0016,Department 8,2025-02-12,SG&A,Administrative,19846.09
EXP0004984,6100,CC0020,Department 4,2026-07-08,Operations,Administrative,4622.03
EXP0004985,6300,CC0008,Department 8,2025-09-23,Marketing,Marketing,4632.04
EXP0004986,6400,CC0007,Department 7,2025-02-14,Sales,Sales,12543.17
EXP0004987,6100,CC0005,Department 5,2025-05-07,SG&A,Administrative,22364.01
EXP0004988,6100,CC0006,Department 6,2025-07-31,SG&A,Administrative,19932.83
EXP0004989,6500,CC0008,Department 8,2026-11-29,SG&A,Administrative,23834.89
EXP0004990,6500,CC0013,Department 5,2026-09-10,SG&A,Administrative,4976.74
EXP0004991,6200,CC0010,Department 2,2026-08-22,SG&A,Administrative,23786.73
EXP0004992,6100,CC0007,Department 7,2026-01-25,Sales,Sales,22958.47
EXP0004993,6500,CC0005,Department 5,2025-06-15,SG&A,Administrative,3981.15
EXP0004994,6100,CC0016,Department 8,2026-09-20,SG&A,Administrative,1258.88
EXP0004995,6200,CC0006,Department 6,2026-03-06,Marketing,Marketing,20222.6
EXP0004996,6400,CC0003,Department 3,2025-05-10,Operations,Administrative,19716.59
EXP0004997,6400,CC0011,Department 3,2026-10-17,Marketing,Marketing,3513.51
EXP0004998,6500,CC0017,Department 1,2026-12-02,Operations,Administrative,22829.38
EXP0004999,6100,CC0017,Department 1,2026-01-09,Operations,Administrative,24205.96
EXP0005000,6500,CC0018,Department 2,2026-03-30,Sales,Sales,15203.56
