Budget_ID,Fiscal_Year,Fiscal_Period,Cost_Center,Profit_Center,Budget_Revenue,Budget_Cost,Budget_Profit,Forecast_Revenue,Forecast_Cost
BUD0000001,2026,3,CC0015,PC005,460569.03,365073.25,95495.78,436172.47,384907.43
BUD0000002,2026,6,CC0001,PC001,525016.08,392272.2,132743.88,528705.74,401511.45
BUD0000003,2025,12,CC0006,PC006,216726.89,149589.8,67137.09,225921.49,159792.25
BUD0000004,2025,5,CC0019,PC009,434494.7,297341.74,137152.96,431191.88,302768.91
BUD0000005,2025,7,CC0016,PC006,737142.59,557261.81,179880.78,730009.48,545986.49
BUD0000006,2026,5,CC0011,PC001,740525.98,457999.36,282526.62,750789.73,469979.87
BUD0000007,2026,10,CC0020,PC010,238261.21,153665.61,84595.6,245410.39,162752.8
BUD0000008,2026,9,CC0009,PC009,147500.25,86094.34,61405.91,152605.79,89466.87
BUD0000009,2025,12,CC0003,PC003,403587.19,265193.09,138394.1,429707.32,261086.34
BUD0000010,2025,7,CC0015,PC005,303238.55,185750.1,117488.45,328140.6,176541.16
BUD0000011,2025,12,CC0011,PC001,246780.53,175281.86,71498.67,245070.74,183674.89
BUD0000012,2026,10,CC0007,PC007,674455.65,527448.7,147006.95,690306.11,553522.36
BUD0000013,2026,1,CC0018,PC008,526298.4,359264.84,167033.56,512711.76,365949.24
BUD0000014,2025,5,CC0005,PC005,365347.04,266721.42,98625.62,353309.58,259032.54
BUD0000015,2026,12,CC0016,PC006,569522.85,384296.94,185225.91,619832.88,372964.3
BUD0000016,2026,11,CC0010,PC010,737429.06,543904.64,193524.42,776131.76,576639.65
BUD0000017,2026,7,CC0020,PC010,249501.43,202463.22,47038.21,237506.63,198499.47
BUD0000018,2026,5,CC0005,PC005,170085.4,137652.82,32432.58,171761.74,131042.71
BUD0000019,2025,12,CC0005,PC005,482908.09,333174.03,149734.06,504020.82,343044.2
BUD0000020,2025,5,CC0019,PC009,222758.57,139875.02,82883.55,209574.12,149705.85
BUD0000021,2026,12,CC0009,PC009,584626.1,373457.28,211168.82,580354.9,379950.22
BUD0000022,2025,9,CC0010,PC010,438405.44,274645.78,163759.66,412540.4,272587.3
BUD0000023,2026,12,CC0002,PC002,672402.07,509264.68,163137.39,730392.31,502148.48
BUD0000024,2025,3,CC0012,PC002,722308.84,407145.4,315163.44,694568.07,420634.3
BUD0000025,2026,3,CC0012,PC002,158924.37,101882.31,57042.06,165924.08,102346.78
BUD0000026,2026,10,CC0008,PC008,393261.48,250640.66,142620.82,413293.34,244591.65
BUD0000027,2025,9,CC0011,PC001,684025.29,465865.75,218159.54,651767.15,472548.54
BUD0000028,2026,9,CC0020,PC010,508864.04,288068.28,220795.76,489666.48,308180.82
BUD0000029,2025,7,CC0005,PC005,335884.13,254047.58,81836.55,342046.69,258168.44
BUD0000030,2025,5,CC0010,PC010,347963.49,279129.47,68834.02,365315.08,275555.41
BUD0000031,2025,1,CC0014,PC004,98766.12,79150.05,19616.07,101428.72,78983.53
BUD0000032,2025,1,CC0014,PC004,383904.13,212750.96,171153.17,385683.12,217823.24
BUD0000033,2026,8,CC0013,PC003,709466.45,514539.28,194927.17,685182.49,527471.31
BUD0000034,2025,4,CC0004,PC004,231378.44,184573.69,46804.75,220642.86,192014.2
BUD0000035,2026,4,CC0018,PC008,429792.91,253295.39,176497.52,472589.37,257576.15
BUD0000036,2026,2,CC0004,PC004,679186.82,468362.37,210824.45,743677.15,467052.52
BUD0000037,2025,8,CC0018,PC008,354764.49,267020.88,87743.61,376981.99,259340.34
BUD0000038,2026,4,CC0008,PC008,115768.57,68553.91,47214.66,127150.57,71563.75
BUD0000039,2025,2,CC0008,PC008,55558.79,37246.99,18311.8,52937.95,36537.37
BUD0000040,2025,2,CC0003,PC003,222096.44,137341.6,84754.84,242747.33,133042.4
BUD0000041,2026,7,CC0009,PC009,585041.1,351006.85,234034.25,609057.27,356411.32
BUD0000042,2026,6,CC0005,PC005,164329.93,96359.23,67970.7,175721.28,103372.01
BUD0000043,2025,11,CC0014,PC004,500762.34,282807.55,217954.79,545263.68,280970.22
BUD0000044,2026,6,CC0012,PC002,544429.32,392631.01,151798.31,566756.82,407622.03
BUD0000045,2026,10,CC0017,PC007,610388.69,373402.09,236986.6,604969.21,375346.12
BUD0000046,2025,2,CC0017,PC007,353925.5,244033.63,109891.87,378128.95,234943.42
BUD0000047,2026,12,CC0010,PC010,277176.97,194305.84,82871.13,260722.72,194931.98
BUD0000048,2025,12,CC0015,PC005,160320.07,121850.65,38469.42,162929.03,123164.21
BUD0000049,2026,5,CC0014,PC004,629808.32,455780.84,174027.48,632968.47,485268.61
BUD0000050,2025,3,CC0004,PC004,309002.27,203639.85,105362.42,316929.61,201043.14
BUD0000051,2026,4,CC0012,PC002,514632.79,318784.32,195848.47,539761.36,339271.06
BUD0000052,2025,4,CC0006,PC006,552069.64,375408.04,176661.6,599859.21,357908.7
BUD0000053,2025,7,CC0017,PC007,328402.26,214206.12,114196.14,328946.58,204557.74
BUD0000054,2026,9,CC0019,PC009,217862.81,154575.19,63287.62,232039.97,151992.94
BUD0000055,2025,7,CC0016,PC006,545764.52,375490.97,170273.55,565921.3,367387.08
BUD0000056,2025,8,CC0002,PC002,228443.62,137914.32,90529.3,243893.08,142174.28
BUD0000057,2025,11,CC0017,PC007,227773.62,171883.4,55890.22,228714.72,175853.72
BUD0000058,2025,10,CC0005,PC005,372388.49,304933.01,67455.48,357149.65,297737.2
BUD0000059,2025,6,CC0012,PC002,488321.32,304224.0,184097.32,536363.8,312957.16
BUD0000060,2026,1,CC0011,PC001,455708.16,356932.42,98775.74,468326.24,343512.85
BUD0000061,2025,10,CC0020,PC010,377804.37,219219.21,158585.16,386729.82,229950.12
BUD0000062,2026,6,CC0001,PC001,299065.01,232175.07,66889.94,305025.8,249570.82
BUD0000063,2025,11,CC0012,PC002,389818.54,303809.27,86009.27,404900.28,321743.87
BUD0000064,2026,3,CC0010,PC010,294159.41,177558.64,116600.77,309821.78,180776.83
BUD0000065,2026,12,CC0010,PC010,530028.43,391658.95,138369.48,553223.15,409451.35
BUD0000066,2026,12,CC0019,PC009,397011.86,239634.37,157377.49,407149.15,232390.45
BUD0000067,2026,3,CC0010,PC010,290659.86,164749.71,125910.15,295775.43,173757.97
BUD0000068,2026,10,CC0019,PC009,627185.95,502385.68,124800.27,643869.13,484191.72
BUD0000069,2025,2,CC0006,PC006,308548.28,181360.33,127187.95,312725.19,177851.61
BUD0000070,2025,10,CC0004,PC004,676229.97,541770.04,134459.93,700421.57,538541.42
BUD0000071,2026,10,CC0019,PC009,136515.57,104762.4,31753.17,134233.34,99685.41
BUD0000072,2026,3,CC0017,PC007,519101.04,290012.06,229088.98,516968.75,307165.79
BUD0000073,2026,10,CC0017,PC007,681226.6,474309.45,206917.15,724048.01,497687.04
BUD0000074,2026,4,CC0001,PC001,80101.97,53883.18,26218.79,81873.51,54745.94
BUD0000075,2025,5,CC0020,PC010,544559.85,381833.94,162725.91,548763.89,369334.97
BUD0000076,2026,8,CC0003,PC003,501979.75,408236.08,93743.67,535365.64,390385.78
BUD0000077,2025,8,CC0018,PC008,334816.3,248121.29,86695.01,330079.58,243415.4
BUD0000078,2026,8,CC0016,PC006,444299.97,298098.11,146201.86,425581.03,308275.98
BUD0000079,2025,4,CC0017,PC007,195990.17,124904.69,71085.48,193012.83,120817.9
BUD0000080,2026,11,CC0006,PC006,429950.42,262878.73,167071.69,428081.57,268055.55
BUD0000081,2026,5,CC0011,PC001,245205.9,157195.74,88010.16,254100.7,154049.0
BUD0000082,2026,7,CC0020,PC010,302150.07,191905.47,110244.6,324379.97,183333.52
BUD0000083,2025,4,CC0009,PC009,229326.85,129694.64,99632.21,239013.11,125122.01
BUD0000084,2026,7,CC0006,PC006,300336.95,218942.45,81394.5,308696.45,232145.2
BUD0000085,2026,12,CC0015,PC005,124732.12,83126.89,41605.23,127564.87,82564.63
BUD0000086,2026,6,CC0010,PC010,480580.64,346179.42,134401.22,455618.03,338311.75
BUD0000087,2025,7,CC0012,PC002,91743.04,55271.67,36471.37,89122.31,54774.81
BUD0000088,2026,3,CC0008,PC008,188203.71,106010.35,82193.36,191452.8,113255.55
BUD0000089,2026,7,CC0012,PC002,171957.92,104258.11,67699.81,168193.32,108274.32
BUD0000090,2025,2,CC0019,PC009,322859.67,215105.48,107754.19,342974.07,220411.01
BUD0000091,2026,5,CC0015,PC005,452124.64,348291.82,103832.82,466941.21,360239.61
BUD0000092,2026,2,CC0005,PC005,513984.64,282736.16,231248.48,514224.73,273482.17
BUD0000093,2025,10,CC0010,PC010,221793.43,142317.08,79476.35,218309.14,149619.3
BUD0000094,2025,2,CC0003,PC003,54580.26,43435.82,11144.44,56012.11,43347.96
BUD0000095,2025,10,CC0007,PC007,339661.2,262856.43,76804.77,366517.97,252343.39
BUD0000096,2026,7,CC0002,PC002,594934.92,458488.72,136446.2,571267.22,443368.52
BUD0000097,2026,8,CC0002,PC002,342562.18,208286.67,134275.51,333803.91,198405.44
BUD0000098,2026,1,CC0009,PC009,735257.77,512247.12,223010.65,744741.61,545862.31
BUD0000099,2026,5,CC0016,PC006,371873.01,253774.24,118098.77,389735.17,268696.15
BUD0000100,2026,2,CC0020,PC010,208393.28,156526.29,51866.99,209463.29,165633.85
BUD0000101,2025,3,CC0018,PC008,582997.48,454469.86,128527.62,600748.29,452607.2
BUD0000102,2026,11,CC0012,PC002,264198.15,190144.92,74053.23,267261.47,183928.99
BUD0000103,2026,12,CC0018,PC008,294473.5,198833.17,95640.33,308227.8,211370.28
BUD0000104,2026,6,CC0018,PC008,582454.45,405657.46,176796.99,565796.49,400301.43
BUD0000105,2026,3,CC0011,PC001,448401.94,329090.22,119311.72,446646.35,329717.02
BUD0000106,2026,7,CC0014,PC004,403082.63,289623.37,113459.26,398016.69,296504.96
BUD0000107,2026,6,CC0013,PC003,548067.77,440711.9,107355.87,573456.47,439215.32
BUD0000108,2025,6,CC0017,PC007,103571.73,80096.29,23475.44,109507.91,77379.83
BUD0000109,2026,11,CC0006,PC006,594624.18,450305.91,144318.27,648433.44,475389.54
BUD0000110,2026,4,CC0018,PC008,298856.14,167500.32,131355.82,313234.51,165350.29
BUD0000111,2026,11,CC0020,PC010,563666.56,344070.91,219595.65,540753.51,339461.84
BUD0000112,2025,10,CC0014,PC004,531984.85,349554.04,182430.81,533414.85,340837.16
BUD0000113,2025,6,CC0002,PC002,76872.27,49649.45,27222.82,84344.23,50624.72
BUD0000114,2025,10,CC0014,PC004,227625.67,128550.55,99075.12,250297.79,123475.69
BUD0000115,2025,3,CC0016,PC006,546325.37,379428.02,166897.35,574282.31,394826.67
BUD0000116,2025,12,CC0004,PC004,742061.54,433799.69,308261.85,783114.54,427513.01
BUD0000117,2025,10,CC0014,PC004,219444.1,145149.84,74294.26,236924.95,149003.46
BUD0000118,2026,4,CC0002,PC002,357873.91,233289.35,124584.56,387106.71,224293.62
BUD0000119,2025,1,CC0004,PC004,705499.54,410423.58,295075.96,753034.52,407781.1
BUD0000120,2026,12,CC0017,PC007,412191.52,260570.33,151621.19,419635.58,274437.94
BUD0000121,2025,10,CC0014,PC004,327687.19,181811.01,145876.18,336823.06,180712.43
BUD0000122,2026,2,CC0015,PC005,599328.74,438793.81,160534.93,631840.88,469762.69
BUD0000123,2026,7,CC0011,PC001,210303.94,123756.38,86547.56,217963.75,120334.98
BUD0000124,2026,8,CC0011,PC001,612348.24,402062.43,210285.81,623472.8,414946.91
BUD0000125,2025,8,CC0020,PC010,706982.94,536959.16,170023.78,751401.81,535939.56
BUD0000126,2026,7,CC0016,PC006,404117.67,249090.13,155027.54,395345.1,249038.78
BUD0000127,2025,9,CC0018,PC008,293364.01,168141.59,125222.42,313633.95,166864.2
BUD0000128,2026,8,CC0006,PC006,251330.37,156221.81,95108.56,257555.91,149926.29
BUD0000129,2025,4,CC0016,PC006,439098.98,276057.21,163041.77,477070.18,267977.69
BUD0000130,2025,4,CC0020,PC010,744416.8,476161.6,268255.2,751813.93,510112.23
BUD0000131,2026,4,CC0003,PC003,597333.9,361777.81,235556.09,641541.31,380968.69
BUD0000132,2026,10,CC0017,PC007,159025.04,93542.88,65482.16,152258.87,100865.76
BUD0000133,2026,9,CC0001,PC001,491514.24,297340.04,194174.2,463494.3,298058.31
BUD0000134,2025,5,CC0002,PC002,91525.91,59358.43,32167.48,95645.93,60821.86
BUD0000135,2025,11,CC0015,PC005,381285.98,263970.39,117315.59,380884.01,277197.41
BUD0000136,2025,4,CC0011,PC001,237972.9,174835.73,63137.17,261449.28,176471.21
BUD0000137,2025,5,CC0016,PC006,555432.48,390048.65,165383.83,587286.0,370907.45
BUD0000138,2025,11,CC0017,PC007,341365.55,238615.56,102749.99,357387.81,244140.69
BUD0000139,2026,4,CC0001,PC001,63425.33,51459.59,11965.74,63529.35,51952.8
BUD0000140,2025,11,CC0012,PC002,649878.88,400240.78,249638.1,647956.11,403284.17
BUD0000141,2026,4,CC0008,PC008,179123.54,143191.07,35932.47,175881.86,144449.21
BUD0000142,2025,3,CC0014,PC004,77477.33,43692.21,33785.12,74818.03,44925.65
BUD0000143,2026,8,CC0010,PC010,421575.61,271506.34,150069.27,399492.19,276638.55
BUD0000144,2025,4,CC0002,PC002,625723.44,399322.6,226400.84,665361.85,385169.5
BUD0000145,2025,6,CC0010,PC010,349600.9,236459.24,113141.66,339145.81,224826.53
BUD0000146,2026,9,CC0007,PC007,628825.84,385505.69,243320.15,630114.6,376976.75
BUD0000147,2026,11,CC0002,PC002,60776.68,34593.52,26183.16,57655.17,33083.69
BUD0000148,2026,2,CC0005,PC005,215957.43,172396.3,43561.13,214705.73,179039.57
BUD0000149,2025,10,CC0004,PC004,115431.09,70993.85,44437.24,108589.79,68074.92
BUD0000150,2026,3,CC0005,PC005,382476.94,275530.58,106946.36,360757.87,276091.3
BUD0000151,2025,9,CC0015,PC005,510937.42,298693.22,212244.2,510246.2,308031.1
BUD0000152,2026,6,CC0001,PC001,275294.45,209579.22,65715.23,272084.13,223434.33
BUD0000153,2026,1,CC0011,PC001,249138.19,149722.94,99415.25,273070.42,159596.64
BUD0000154,2026,1,CC0015,PC005,221986.16,168892.99,53093.17,238734.75,167065.04
BUD0000155,2025,2,CC0004,PC004,432193.03,239167.26,193025.77,408961.74,243320.14
BUD0000156,2025,10,CC0005,PC005,490441.52,353228.41,137213.11,477415.33,368559.62
BUD0000157,2025,6,CC0001,PC001,592808.77,406400.62,186408.15,572291.87,403741.25
BUD0000158,2026,4,CC0004,PC004,467404.54,280139.94,187264.6,503863.8,274482.62
BUD0000159,2026,2,CC0015,PC005,656417.3,406857.31,249559.99,687217.64,404046.68
BUD0000160,2025,8,CC0003,PC003,138244.13,78990.3,59253.83,130788.68,84299.01
BUD0000161,2026,4,CC0008,PC008,558378.86,386866.29,171512.57,585310.45,416771.51
BUD0000162,2026,5,CC0017,PC007,537335.56,298830.57,238504.99,564239.41,284992.52
BUD0000163,2025,10,CC0009,PC009,94875.84,72164.62,22711.22,92381.21,74958.15
BUD0000164,2025,12,CC0017,PC007,303835.07,191268.71,112566.36,324573.81,199627.03
BUD0000165,2026,5,CC0012,PC002,218898.57,169202.86,49695.71,206557.88,178292.43
BUD0000166,2025,11,CC0005,PC005,598087.27,369263.46,228823.81,628654.2,388984.39
BUD0000167,2025,1,CC0004,PC004,735966.18,439406.61,296559.57,734421.56,463684.9
BUD0000168,2025,8,CC0017,PC007,743439.29,554911.41,188527.88,716176.94,592635.4
BUD0000169,2026,4,CC0010,PC010,173542.87,129570.72,43972.15,173816.22,137973.29
BUD0000170,2026,3,CC0019,PC009,163420.56,127079.07,36341.49,160660.13,130715.14
BUD0000171,2026,11,CC0013,PC003,177102.99,137764.17,39338.82,184927.37,137310.59
BUD0000172,2026,8,CC0013,PC003,489521.47,291120.23,198401.24,473622.87,306288.8
BUD0000173,2025,12,CC0010,PC010,317839.94,228280.11,89559.83,312516.11,219607.39
BUD0000174,2025,2,CC0005,PC005,50761.25,39596.93,11164.32,48541.58,41561.47
BUD0000175,2026,1,CC0012,PC002,405445.01,325561.37,79883.64,383717.01,329271.43
BUD0000176,2025,9,CC0006,PC006,110975.49,82893.88,28081.61,108646.94,80300.72
BUD0000177,2025,9,CC0019,PC009,663160.13,392032.86,271127.27,634605.35,374166.4
BUD0000178,2026,4,CC0012,PC002,572832.4,379021.92,193810.48,538996.64,394344.41
BUD0000179,2025,8,CC0015,PC005,208782.39,149344.8,59437.59,201443.11,143401.57
BUD0000180,2025,1,CC0003,PC003,154034.82,104977.32,49057.5,152973.38,113224.39
BUD0000181,2025,3,CC0010,PC010,414322.57,249849.87,164472.7,444966.72,254030.78
BUD0000182,2025,8,CC0015,PC005,140892.79,87263.8,53628.99,136928.84,86581.62
BUD0000183,2025,7,CC0008,PC008,556248.33,448431.44,107816.89,531986.02,471279.61
BUD0000184,2025,8,CC0014,PC004,510101.14,336127.86,173973.28,531904.78,361170.97
BUD0000185,2025,8,CC0007,PC007,694377.5,502152.01,192225.49,660035.3,485887.31
BUD0000186,2025,12,CC0007,PC007,227468.28,168574.0,58894.28,236308.57,165351.92
BUD0000187,2026,9,CC0009,PC009,260401.06,183052.33,77348.73,267884.64,194786.8
BUD0000188,2025,4,CC0013,PC003,438373.19,320267.2,118105.99,480478.08,317272.03
BUD0000189,2026,9,CC0010,PC010,83155.11,56809.55,26345.56,81466.12,58158.93
BUD0000190,2026,4,CC0006,PC006,447080.26,310878.05,136202.21,425757.65,321049.89
BUD0000191,2025,11,CC0013,PC003,452126.6,250937.07,201189.53,465226.8,255031.41
BUD0000192,2026,12,CC0008,PC008,103750.33,73614.97,30135.36,99070.57,73676.69
BUD0000193,2026,12,CC0005,PC005,570233.42,349071.08,221162.34,581911.6,357818.54
BUD0000194,2025,5,CC0009,PC009,744882.29,450897.74,293984.55,752821.31,429574.53
BUD0000195,2026,3,CC0001,PC001,313001.84,230572.5,82429.34,296401.19,239222.01
BUD0000196,2026,11,CC0002,PC002,119056.6,70132.3,48924.3,114350.48,72300.91
BUD0000197,2025,11,CC0013,PC003,482383.02,291620.44,190762.58,498064.82,314673.31
BUD0000198,2025,12,CC0007,PC007,649789.33,493172.26,156617.07,638236.78,519389.64
BUD0000199,2025,10,CC0014,PC004,598021.36,380144.28,217877.08,607280.48,369971.79
BUD0000200,2026,2,CC0020,PC010,503207.36,352395.97,150811.39,475555.39,353247.88
BUD0000201,2025,7,CC0012,PC002,263082.78,181670.94,81411.84,264113.76,186596.51
BUD0000202,2025,2,CC0012,PC002,717714.65,516675.03,201039.62,757008.83,513803.84
BUD0000203,2025,12,CC0004,PC004,745299.01,560176.26,185122.75,734263.3,573432.99
BUD0000204,2026,3,CC0020,PC010,605891.89,365037.18,240854.71,612237.99,368138.71
BUD0000205,2025,3,CC0009,PC009,428532.84,243570.79,184962.05,414242.1,258472.57
BUD0000206,2026,9,CC0017,PC007,650529.28,508053.08,142476.2,672978.25,495220.88
BUD0000207,2026,10,CC0007,PC007,140978.43,115232.89,25745.54,143329.75,112756.32
BUD0000208,2026,4,CC0016,PC006,521108.09,378731.54,142376.55,526216.55,397056.15
BUD0000209,2025,12,CC0001,PC001,660011.45,484743.24,175268.21,660454.87,462971.83
BUD0000210,2026,5,CC0010,PC010,650407.17,447803.65,202603.52,697824.64,448568.17
BUD0000211,2026,4,CC0002,PC002,98757.62,67944.49,30813.13,103375.6,64840.93
BUD0000212,2026,9,CC0008,PC008,675789.67,464256.87,211532.8,713018.46,475397.39
BUD0000213,2025,10,CC0013,PC003,291799.75,216693.99,75105.76,284464.33,210702.97
BUD0000214,2026,4,CC0015,PC005,306172.93,178218.74,127954.19,294343.9,175622.13
BUD0000215,2025,11,CC0008,PC008,624816.93,498046.4,126770.53,660719.54,477943.66
BUD0000216,2026,1,CC0013,PC003,481045.72,372501.88,108543.84,453898.22,392163.37
BUD0000217,2025,5,CC0010,PC010,471047.83,358946.08,112101.75,460919.39,368497.61
BUD0000218,2026,7,CC0010,PC010,668599.76,389992.12,278607.64,667906.25,374444.76
BUD0000219,2026,4,CC0003,PC003,699873.46,500893.72,198979.74,762966.25,492690.42
BUD0000220,2025,11,CC0015,PC005,596702.62,356170.15,240532.47,566206.57,374104.35
BUD0000221,2025,5,CC0004,PC004,182847.42,124351.48,58495.94,185788.93,119230.5
BUD0000222,2026,8,CC0013,PC003,513325.96,343852.47,169473.49,493596.7,336441.69
BUD0000223,2026,7,CC0012,PC002,233895.62,129843.49,104052.13,221118.74,124646.32
BUD0000224,2025,3,CC0015,PC005,373706.17,302839.47,70866.7,408373.75,316195.86
BUD0000225,2026,8,CC0014,PC004,305544.79,239964.84,65579.95,321847.32,253800.14
BUD0000226,2025,7,CC0003,PC003,289098.63,214552.31,74546.32,305486.08,228147.8
BUD0000227,2026,10,CC0020,PC010,560616.39,352279.33,208337.06,611127.15,338919.31
BUD0000228,2025,2,CC0019,PC009,731800.4,443977.1,287823.3,742079.38,469575.28
BUD0000229,2025,11,CC0011,PC001,650412.42,526109.76,124302.66,623171.38,507194.54
BUD0000230,2025,12,CC0005,PC005,307398.59,244930.84,62467.75,312834.76,263609.34
BUD0000231,2026,1,CC0018,PC008,226171.3,170527.74,55643.56,242030.92,173903.82
BUD0000232,2025,3,CC0013,PC003,419606.05,253315.35,166290.7,431317.72,270950.5
BUD0000233,2026,9,CC0004,PC004,537682.45,306922.59,230759.86,527500.57,300925.37
BUD0000234,2026,10,CC0009,PC009,629409.33,379813.97,249595.36,594832.06,401546.96
BUD0000235,2025,12,CC0002,PC002,275117.7,196187.12,78930.58,289463.46,186463.07
BUD0000236,2026,1,CC0018,PC008,284620.16,199751.83,84868.33,280391.74,205280.68
BUD0000237,2026,5,CC0011,PC001,438064.3,288205.54,149858.76,466467.31,299020.1
BUD0000238,2026,9,CC0003,PC003,487740.62,270247.88,217492.74,479295.65,259729.83
BUD0000239,2026,11,CC0009,PC009,325048.44,265576.87,59471.57,328206.84,259974.68
BUD0000240,2025,1,CC0002,PC002,320895.32,193439.38,127455.94,339557.63,185530.99
BUD0000241,2026,6,CC0012,PC002,331282.23,255834.23,75448.0,363396.29,261380.75
BUD0000242,2026,5,CC0017,PC007,281055.74,187908.71,93147.03,266589.12,199583.19
BUD0000243,2026,3,CC0004,PC004,525193.12,404538.14,120654.98,556684.63,418132.59
BUD0000244,2025,11,CC0009,PC009,219000.49,123680.87,95319.62,213600.59,123438.16
BUD0000245,2026,11,CC0012,PC002,636356.07,464468.71,171887.36,648046.35,486399.86
BUD0000246,2026,9,CC0017,PC007,656479.61,413721.02,242758.59,664860.99,394513.25
BUD0000247,2026,10,CC0020,PC010,398499.76,220881.22,177618.54,399601.05,229571.14
BUD0000248,2026,10,CC0011,PC001,140689.08,81733.38,58955.7,140294.88,86383.35
BUD0000249,2026,12,CC0012,PC002,400530.6,311160.28,89370.32,409644.08,327841.52
BUD0000250,2025,3,CC0013,PC003,648373.35,522303.33,126070.02,694813.73,496722.29
BUD0000251,2025,12,CC0005,PC005,587941.2,451136.69,136804.51,602518.03,468217.53
BUD0000252,2025,10,CC0005,PC005,254505.53,152752.35,101753.18,276067.08,158032.08
BUD0000253,2025,4,CC0016,PC006,87552.05,50486.27,37065.78,85177.41,51187.89
BUD0000254,2025,5,CC0008,PC008,658884.0,483177.83,175706.17,661304.58,519046.67
BUD0000255,2025,1,CC0004,PC004,681617.14,497791.22,183825.92,690204.14,502677.08
BUD0000256,2025,11,CC0017,PC007,695244.89,413135.14,282109.75,734782.11,434546.15
BUD0000257,2026,6,CC0007,PC007,258868.74,146986.56,111882.18,281665.79,144130.57
BUD0000258,2025,8,CC0014,PC004,345655.36,260644.72,85010.64,368026.22,254061.45
BUD0000259,2025,10,CC0013,PC003,304472.51,240144.12,64328.39,307251.8,241406.78
BUD0000260,2025,4,CC0013,PC003,532334.72,436403.11,95931.61,560243.54,434101.73
BUD0000261,2026,11,CC0014,PC004,613549.53,458396.33,155153.2,595648.97,478859.13
BUD0000262,2026,2,CC0007,PC007,506077.63,324622.58,181455.05,497517.87,341511.88
BUD0000263,2026,6,CC0004,PC004,664939.08,446655.27,218283.81,675303.63,463449.79
BUD0000264,2025,4,CC0014,PC004,667861.14,455832.15,212028.99,680477.97,443146.18
BUD0000265,2025,9,CC0014,PC004,624424.46,406247.44,218177.02,653402.54,398150.56
BUD0000266,2025,9,CC0009,PC009,171719.34,134638.51,37080.83,165677.58,133692.42
BUD0000267,2025,11,CC0012,PC002,152340.92,120766.52,31574.4,146615.97,120166.33
BUD0000268,2025,4,CC0020,PC010,615337.82,465476.21,149861.61,667196.1,497856.78
BUD0000269,2026,8,CC0005,PC005,404843.1,299771.85,105071.25,417592.06,287147.81
BUD0000270,2025,6,CC0003,PC003,141124.13,92290.98,48833.15,134021.59,94879.26
BUD0000271,2025,1,CC0013,PC003,325204.15,261400.9,63803.25,357691.38,265041.04
BUD0000272,2025,1,CC0015,PC005,139896.7,79039.95,60856.75,153835.83,76075.95
BUD0000273,2025,5,CC0020,PC010,736750.46,532621.03,204129.43,803002.4,533954.12
BUD0000274,2026,12,CC0001,PC001,573759.51,459523.07,114236.44,623982.5,466758.5
BUD0000275,2026,6,CC0003,PC003,147543.54,118449.55,29093.99,161809.37,115551.23
BUD0000276,2026,1,CC0016,PC006,709969.54,475986.77,233982.77,763511.29,453707.2
BUD0000277,2026,3,CC0014,PC004,411584.79,273738.39,137846.4,416335.46,278036.91
BUD0000278,2026,12,CC0008,PC008,748480.65,424922.98,323557.67,775790.72,437151.91
BUD0000279,2025,12,CC0002,PC002,330582.14,263745.1,66837.04,350393.98,270854.79
BUD0000280,2026,1,CC0013,PC003,158306.02,92689.24,65616.78,154303.25,89173.31
BUD0000281,2025,2,CC0010,PC010,73507.71,56767.38,16740.33,71552.96,54561.21
BUD0000282,2026,2,CC0019,PC009,563308.75,411893.82,151414.93,543335.04,424855.01
BUD0000283,2026,9,CC0013,PC003,342187.08,220846.92,121340.16,349028.19,231528.54
BUD0000284,2025,10,CC0016,PC006,638103.67,489741.47,148362.2,633309.43,491773.98
BUD0000285,2025,6,CC0017,PC007,77297.72,57642.54,19655.18,76902.13,60249.65
BUD0000286,2026,2,CC0002,PC002,151822.6,123440.53,28382.07,146742.25,130233.77
BUD0000287,2026,12,CC0003,PC003,630554.25,460224.32,170329.93,624630.82,492192.54
BUD0000288,2026,10,CC0016,PC006,281319.93,219045.03,62274.9,269831.16,220740.61
BUD0000289,2025,8,CC0008,PC008,50247.36,33751.69,16495.67,52679.91,34050.41
BUD0000290,2025,11,CC0009,PC009,440907.85,291326.99,149580.86,424574.84,287803.77
BUD0000291,2026,3,CC0004,PC004,649657.82,522457.75,127200.07,701050.42,531510.59
BUD0000292,2026,11,CC0019,PC009,603944.7,373024.48,230920.22,627361.16,354609.45
BUD0000293,2025,3,CC0002,PC002,121900.06,73379.26,48520.8,128463.28,70223.17
BUD0000294,2025,5,CC0006,PC006,350989.94,239407.24,111582.7,356161.08,250407.78
BUD0000295,2025,6,CC0017,PC007,136278.26,108332.15,27946.11,130113.87,104316.04
BUD0000296,2025,7,CC0018,PC008,703478.93,437992.54,265486.39,700317.64,439481.37
BUD0000297,2025,3,CC0017,PC007,488208.53,386679.12,101529.41,476951.77,380892.83
BUD0000298,2025,1,CC0014,PC004,511326.89,312679.44,198647.45,561713.59,307490.75
BUD0000299,2026,8,CC0020,PC010,533478.01,328589.48,204888.53,512247.58,339762.32
BUD0000300,2026,11,CC0003,PC003,611511.17,483125.82,128385.35,649800.74,504184.92
BUD0000301,2026,6,CC0018,PC008,660473.79,539174.02,121299.77,709296.42,579620.6
BUD0000302,2026,1,CC0001,PC001,645624.36,504438.25,141186.11,608588.82,543948.81
BUD0000303,2025,9,CC0017,PC007,106945.04,63421.71,43523.33,117445.32,61391.32
BUD0000304,2026,5,CC0019,PC009,496086.57,334965.12,161121.45,510489.18,333025.45
BUD0000305,2026,5,CC0009,PC009,581869.29,414693.25,167176.04,570054.8,412687.82
BUD0000306,2025,12,CC0006,PC006,56501.02,38250.34,18250.68,58920.93,37355.62
BUD0000307,2025,10,CC0004,PC004,313888.83,199037.57,114851.26,341254.33,211865.29
BUD0000308,2025,2,CC0018,PC008,347505.22,244783.15,102722.07,354678.4,239944.01
BUD0000309,2025,7,CC0015,PC005,175395.4,103059.83,72335.57,191060.22,98397.08
BUD0000310,2025,4,CC0007,PC007,544830.18,330195.72,214634.46,558834.52,317772.95
BUD0000311,2025,11,CC0003,PC003,633232.94,370147.93,263085.01,678059.66,374981.18
BUD0000312,2026,2,CC0010,PC010,74547.71,58706.58,15841.13,73604.75,63171.23
BUD0000313,2025,5,CC0019,PC009,612524.57,337297.28,275227.29,580811.17,345405.87
BUD0000314,2025,10,CC0014,PC004,610152.04,391193.45,218958.59,659680.98,391764.88
BUD0000315,2025,5,CC0008,PC008,155368.41,107660.64,47707.77,147434.26,103477.17
BUD0000316,2026,10,CC0018,PC008,531895.15,296219.59,235675.56,541407.77,297259.32
BUD0000317,2025,12,CC0002,PC002,634351.93,499498.1,134853.83,670331.42,500624.66
BUD0000318,2025,5,CC0019,PC009,737617.0,588508.56,149108.44,725180.47,579222.37
BUD0000319,2025,3,CC0010,PC010,364330.2,291469.22,72860.98,386507.11,287925.44
BUD0000320,2025,1,CC0015,PC005,115905.97,83144.7,32761.27,122623.05,85899.21
BUD0000321,2025,2,CC0009,PC009,744428.32,458213.4,286214.92,768589.99,439231.59
BUD0000322,2026,6,CC0015,PC005,494286.71,398672.6,95614.11,479895.91,429910.45
BUD0000323,2026,2,CC0008,PC008,432834.33,249883.38,182950.95,444034.17,241874.06
BUD0000324,2026,12,CC0004,PC004,229064.48,171764.13,57300.35,247960.75,179447.16
BUD0000325,2025,9,CC0005,PC005,223336.33,124392.36,98943.97,232875.43,126059.16
BUD0000326,2025,12,CC0010,PC010,111386.59,78048.64,33337.95,113325.32,78774.79
BUD0000327,2025,1,CC0011,PC001,626909.56,437272.52,189637.04,643700.97,466593.06
BUD0000328,2025,8,CC0020,PC010,548170.06,442021.92,106148.14,535767.32,448623.22
BUD0000329,2025,12,CC0007,PC007,242613.84,168350.01,74263.83,255288.49,167602.99
BUD0000330,2026,9,CC0013,PC003,204833.44,143961.0,60872.44,197722.38,144575.21
BUD0000331,2025,4,CC0005,PC005,183217.8,136452.28,46765.52,197505.54,144434.73
BUD0000332,2025,3,CC0003,PC003,225530.55,158345.41,67185.14,237357.94,170693.73
BUD0000333,2026,12,CC0012,PC002,285801.87,186568.11,99233.76,291184.33,193082.87
BUD0000334,2025,7,CC0008,PC008,113326.84,65297.63,48029.21,117973.17,65386.86
BUD0000335,2026,5,CC0015,PC005,630456.9,379895.83,250561.07,596222.0,375347.45
BUD0000336,2025,3,CC0010,PC010,691722.5,565644.34,126078.16,671400.15,594810.52
BUD0000337,2026,9,CC0001,PC001,510616.47,408945.12,101671.35,495468.74,392579.91
BUD0000338,2026,4,CC0018,PC008,421202.88,271607.35,149595.53,460748.0,282185.66
BUD0000339,2026,12,CC0019,PC009,721250.17,479184.71,242065.46,762311.62,473869.54
BUD0000340,2025,8,CC0013,PC003,200277.5,137649.07,62628.43,218503.75,144754.72
BUD0000341,2025,4,CC0004,PC004,721343.34,434129.23,287214.11,680850.99,447640.23
BUD0000342,2026,7,CC0010,PC010,652337.78,482005.85,170331.93,652626.02,493480.48
BUD0000343,2026,5,CC0004,PC004,517806.12,423830.87,93975.25,559941.04,407175.67
BUD0000344,2025,5,CC0015,PC005,227884.1,146502.41,81381.69,222152.54,151697.22
BUD0000345,2026,3,CC0012,PC002,595604.4,386812.02,208792.38,651304.11,401551.31
BUD0000346,2026,4,CC0011,PC001,196416.84,109465.3,86951.54,188233.08,113196.69
BUD0000347,2025,7,CC0018,PC008,368450.99,295109.49,73341.5,362944.18,289132.02
BUD0000348,2026,10,CC0003,PC003,446488.82,322454.97,124033.85,463004.75,348058.18
BUD0000349,2026,5,CC0011,PC001,557247.32,314712.51,242534.81,597221.27,337054.52
BUD0000350,2025,4,CC0004,PC004,341965.08,203848.48,138116.6,323164.4,204546.95
BUD0000351,2026,1,CC0001,PC001,300088.53,225630.25,74458.28,293024.95,224577.98
BUD0000352,2026,11,CC0015,PC005,265581.23,160388.21,105193.02,253795.0,171215.13
BUD0000353,2025,12,CC0009,PC009,126381.76,100205.99,26175.77,132623.46,101046.99
BUD0000354,2026,12,CC0006,PC006,713051.8,525132.94,187918.86,736223.12,557264.55
BUD0000355,2026,2,CC0020,PC010,149411.49,108990.78,40420.71,157356.38,115235.38
BUD0000356,2025,7,CC0015,PC005,698372.37,532565.59,165806.78,690763.5,519329.97
BUD0000357,2025,11,CC0017,PC007,217878.09,147132.77,70745.32,233902.15,153088.05
BUD0000358,2026,8,CC0010,PC010,589340.37,470541.39,118798.98,568249.99,477982.74
BUD0000359,2025,5,CC0017,PC007,177269.95,103352.42,73917.53,172253.84,107787.11
BUD0000360,2026,6,CC0008,PC008,123920.19,82816.77,41103.42,128033.22,85907.97
BUD0000361,2025,1,CC0006,PC006,387468.65,299035.68,88432.97,366279.67,287948.1
BUD0000362,2025,8,CC0003,PC003,135659.01,101597.62,34061.39,146397.14,99863.07
BUD0000363,2026,4,CC0010,PC010,114253.7,79917.52,34336.18,110164.14,84235.08
BUD0000364,2025,5,CC0005,PC005,740683.4,548292.34,192391.06,791474.99,583200.87
BUD0000365,2025,8,CC0018,PC008,202609.57,150579.87,52029.7,222862.27,151668.43
BUD0000366,2026,2,CC0011,PC001,437176.66,343844.75,93331.91,475092.01,363350.47
BUD0000367,2026,11,CC0013,PC003,360200.01,257626.82,102573.19,339680.34,267550.59
BUD0000368,2026,4,CC0006,PC006,543083.34,374223.71,168859.63,564219.45,391346.9
BUD0000369,2026,4,CC0002,PC002,695850.98,518677.8,177173.18,763163.38,518858.1
BUD0000370,2026,8,CC0010,PC010,717390.31,450454.6,266935.71,775479.32,439325.53
BUD0000371,2026,1,CC0006,PC006,272909.79,198818.69,74091.1,279219.91,202315.55
BUD0000372,2026,6,CC0006,PC006,744647.93,565199.21,179448.72,729505.44,598783.78
BUD0000373,2025,3,CC0010,PC010,419902.4,237549.95,182352.45,435524.96,249279.86
BUD0000374,2025,4,CC0009,PC009,459051.3,339773.32,119277.98,464027.08,359877.67
BUD0000375,2025,4,CC0005,PC005,250004.37,203902.06,46102.31,238680.77,202251.76
BUD0000376,2026,3,CC0017,PC007,725276.69,588890.98,136385.71,794167.47,621015.04
BUD0000377,2026,9,CC0014,PC004,50746.8,39066.69,11680.11,53678.58,39058.57
BUD0000378,2025,7,CC0011,PC001,423033.34,248112.74,174920.6,427132.8,243238.22
BUD0000379,2026,11,CC0010,PC010,714951.6,526270.63,188680.97,773591.83,545304.04
BUD0000380,2025,5,CC0015,PC005,100819.09,73345.82,27473.27,101620.29,70387.28
BUD0000381,2025,12,CC0017,PC007,378718.09,265309.49,113408.6,359953.4,281814.41
BUD0000382,2026,4,CC0017,PC007,135792.93,75700.13,60092.8,146799.01,78792.78
BUD0000383,2026,9,CC0008,PC008,141563.64,107915.19,33648.45,146921.2,114556.31
BUD0000384,2026,11,CC0014,PC004,476741.96,282295.84,194446.12,448635.24,297563.91
BUD0000385,2026,12,CC0013,PC003,698402.16,493897.94,204504.22,687808.34,505434.65
BUD0000386,2025,2,CC0011,PC001,531115.53,302474.45,228641.08,569837.94,309948.93
BUD0000387,2025,10,CC0015,PC005,550498.32,424766.95,125731.37,540701.93,433131.9
BUD0000388,2026,5,CC0008,PC008,175814.69,133275.87,42538.82,171522.04,134585.87
BUD0000389,2026,7,CC0003,PC003,234003.33,137770.23,96233.1,221427.45,146622.2
BUD0000390,2025,8,CC0006,PC006,144591.33,79602.42,64988.91,154860.1,78514.16
BUD0000391,2025,1,CC0011,PC001,590732.56,474815.43,115917.13,605644.44,494942.68
BUD0000392,2025,11,CC0006,PC006,278522.84,198870.99,79651.85,296500.58,207464.03
BUD0000393,2026,5,CC0011,PC001,657322.44,497619.78,159702.66,687898.42,492334.48
BUD0000394,2026,6,CC0013,PC003,391663.17,218400.56,173262.61,427247.1,231479.13
BUD0000395,2025,1,CC0012,PC002,304001.01,207952.5,96048.51,293672.26,205684.39
BUD0000396,2026,8,CC0016,PC006,193893.22,128684.7,65208.52,201899.93,131635.31
BUD0000397,2026,1,CC0018,PC008,336248.15,212733.99,123514.16,322757.66,210616.87
BUD0000398,2025,4,CC0003,PC003,720368.2,460324.56,260043.64,792298.89,473845.04
BUD0000399,2025,12,CC0006,PC006,291523.98,161451.56,130072.42,303983.57,165284.64
BUD0000400,2026,2,CC0005,PC005,412560.49,312656.05,99904.44,426227.99,307753.16
BUD0000401,2025,9,CC0016,PC006,68262.55,39903.52,28359.03,67153.78,43033.02
BUD0000402,2026,12,CC0017,PC007,447687.75,247983.95,199703.8,473606.84,263596.08
BUD0000403,2026,2,CC0008,PC008,467490.18,310536.95,156953.23,446634.39,310408.49
BUD0000404,2025,1,CC0012,PC002,410711.52,250168.72,160542.8,444000.81,254495.01
BUD0000405,2025,6,CC0006,PC006,586051.91,377457.07,208594.84,569887.61,377476.5
BUD0000406,2026,12,CC0006,PC006,455957.34,313809.05,142148.29,434456.72,323219.59
BUD0000407,2025,1,CC0001,PC001,221710.39,157414.85,64295.54,232602.37,150519.15
BUD0000408,2025,4,CC0007,PC007,697462.71,440743.26,256719.45,691914.47,433141.28
BUD0000409,2026,8,CC0005,PC005,174289.6,127506.04,46783.56,181732.25,126065.64
BUD0000410,2026,5,CC0012,PC002,401734.88,284843.11,116891.77,427573.8,301973.98
BUD0000411,2026,4,CC0014,PC004,195776.39,118742.76,77033.63,192681.54,117971.98
BUD0000412,2025,9,CC0001,PC001,453737.87,334803.18,118934.69,496479.23,358888.91
BUD0000413,2026,10,CC0017,PC007,212566.08,170491.79,42074.29,220654.28,171024.96
BUD0000414,2026,12,CC0006,PC006,329964.76,265343.86,64620.9,315768.97,282515.73
BUD0000415,2026,4,CC0011,PC001,226582.89,179161.15,47421.74,242356.73,187987.18
BUD0000416,2026,7,CC0010,PC010,709725.61,524449.43,185276.18,779731.57,547035.07
BUD0000417,2025,9,CC0010,PC010,386420.02,243166.73,143253.29,364737.81,249428.23
BUD0000418,2025,11,CC0002,PC002,489056.37,387997.93,101058.44,510425.18,415633.04
BUD0000419,2026,2,CC0019,PC009,581567.51,362125.74,219441.77,557771.77,355980.41
BUD0000420,2026,9,CC0001,PC001,600863.06,481430.05,119433.01,642825.18,459224.42
BUD0000421,2025,7,CC0004,PC004,186430.49,135641.39,50789.1,189853.03,139756.73
BUD0000422,2026,12,CC0014,PC004,558303.08,318176.57,240126.51,610165.96,310950.26
BUD0000423,2026,3,CC0008,PC008,665642.76,468811.45,196831.31,691790.02,487142.54
BUD0000424,2026,8,CC0019,PC009,420538.78,337267.29,83271.49,431642.84,331864.45
BUD0000425,2026,7,CC0015,PC005,358922.01,202460.59,156461.42,363191.05,194220.27
BUD0000426,2025,1,CC0003,PC003,375433.75,223239.16,152194.59,409704.53,216697.46
BUD0000427,2026,5,CC0006,PC006,640379.39,456252.24,184127.15,698280.43,475055.01
BUD0000428,2025,6,CC0002,PC002,160292.51,94175.98,66116.53,155368.72,95711.07
BUD0000429,2026,3,CC0008,PC008,72701.18,54536.55,18164.63,68743.15,57935.59
BUD0000430,2025,7,CC0009,PC009,423263.31,261727.41,161535.9,400429.84,278672.59
BUD0000431,2026,7,CC0012,PC002,320430.22,231867.46,88562.76,331089.64,238442.12
BUD0000432,2026,10,CC0004,PC004,160011.99,109401.38,50610.61,172799.94,106745.36
BUD0000433,2026,6,CC0015,PC005,203537.56,136432.93,67104.63,198139.22,146887.53
BUD0000434,2026,8,CC0004,PC004,139552.28,109672.64,29879.64,151445.47,112879.49
BUD0000435,2026,6,CC0015,PC005,623091.38,471331.79,151759.59,613155.11,471250.77
BUD0000436,2026,6,CC0014,PC004,94086.86,63666.54,30420.32,93357.2,60562.58
BUD0000437,2026,7,CC0008,PC008,88973.95,49507.31,39466.64,86600.96,50335.74
BUD0000438,2026,3,CC0020,PC010,647122.12,361469.4,285652.72,669384.68,366559.14
BUD0000439,2026,12,CC0017,PC007,606278.76,480939.18,125339.58,600419.92,504396.15
BUD0000440,2025,2,CC0008,PC008,304088.42,235494.91,68593.51,318134.18,229934.09
BUD0000441,2025,9,CC0006,PC006,494436.53,369325.51,125111.02,510926.86,382751.8
BUD0000442,2025,6,CC0011,PC001,232472.91,144934.59,87538.32,224200.58,145131.2
BUD0000443,2025,7,CC0005,PC005,320366.47,197222.48,123143.99,307391.62,187639.96
BUD0000444,2025,12,CC0004,PC004,278563.52,157705.58,120857.94,275152.42,163654.02
BUD0000445,2026,8,CC0012,PC002,696138.07,476552.11,219585.96,671892.12,490938.87
BUD0000446,2026,5,CC0017,PC007,504761.28,339050.41,165710.87,491514.6,332457.85
BUD0000447,2025,11,CC0001,PC001,597389.12,347120.92,250268.2,629739.7,332406.32
BUD0000448,2025,1,CC0008,PC008,458993.25,308394.13,150599.12,486334.33,309789.63
BUD0000449,2025,7,CC0002,PC002,483430.22,359993.15,123437.07,492215.46,345079.58
BUD0000450,2026,5,CC0008,PC008,580194.02,420515.84,159678.18,579376.46,420971.81
BUD0000451,2026,2,CC0005,PC005,545927.45,437765.75,108161.7,528158.99,460242.99
BUD0000452,2026,3,CC0015,PC005,373822.74,293671.63,80151.11,389287.11,298262.02
BUD0000453,2026,8,CC0004,PC004,299019.42,174624.07,124395.35,282120.51,183453.65
BUD0000454,2025,1,CC0019,PC009,626590.03,511315.89,115274.14,680126.83,519927.24
BUD0000455,2026,8,CC0004,PC004,421241.25,283185.71,138055.54,412082.06,287754.31
BUD0000456,2025,2,CC0006,PC006,743266.28,602863.95,140402.33,800606.83,622370.24
BUD0000457,2025,6,CC0019,PC009,134746.38,89811.35,44935.03,134638.31,85705.19
BUD0000458,2026,7,CC0001,PC001,589134.81,460045.82,129088.99,588983.13,459577.1
BUD0000459,2025,3,CC0018,PC008,747750.7,439499.88,308250.82,732109.13,423667.1
BUD0000460,2026,4,CC0009,PC009,90091.16,64539.06,25552.1,90034.04,64264.15
BUD0000461,2026,5,CC0019,PC009,123418.73,90336.54,33082.19,118205.27,89466.95
BUD0000462,2026,12,CC0016,PC006,83508.62,50286.2,33222.42,80465.83,53307.93
BUD0000463,2025,4,CC0008,PC008,208976.82,154045.51,54931.31,199598.16,151091.55
BUD0000464,2025,2,CC0009,PC009,581600.4,375723.2,205877.2,558350.01,399171.79
BUD0000465,2026,12,CC0020,PC010,634038.94,441429.51,192609.43,608645.75,428760.6
BUD0000466,2025,6,CC0013,PC003,96744.07,59925.42,36818.65,100719.98,58588.49
BUD0000467,2025,2,CC0002,PC002,444860.46,335377.05,109483.41,484298.92,342407.8
BUD0000468,2026,1,CC0006,PC006,748228.64,431161.05,317067.59,816796.6,428184.55
BUD0000469,2025,1,CC0009,PC009,532366.33,299536.15,232830.18,550762.83,297383.18
BUD0000470,2025,10,CC0017,PC007,453124.75,348272.53,104852.22,473812.32,373113.09
BUD0000471,2025,4,CC0002,PC002,442632.19,329757.47,112874.72,448758.45,335015.7
BUD0000472,2026,3,CC0016,PC006,350528.83,197827.97,152700.86,356761.43,210040.68
BUD0000473,2026,9,CC0012,PC002,226707.04,153639.76,73067.28,218588.81,165797.02
BUD0000474,2026,12,CC0009,PC009,189699.96,145950.71,43749.25,193608.58,149158.42
BUD0000475,2025,10,CC0007,PC007,100611.46,69279.21,31332.25,96471.74,70981.03
BUD0000476,2025,3,CC0015,PC005,667223.61,466486.49,200737.12,675859.03,467188.78
BUD0000477,2025,2,CC0020,PC010,145282.7,102530.22,42752.48,153865.71,105006.39
BUD0000478,2026,1,CC0006,PC006,392222.6,217277.86,174944.74,373001.05,229848.68
BUD0000479,2025,10,CC0008,PC008,469070.65,293635.3,175435.35,515626.37,287560.2
BUD0000480,2025,3,CC0001,PC001,674378.56,475199.02,199179.54,650683.01,492027.25
BUD0000481,2026,6,CC0017,PC007,564153.7,444776.48,119377.22,576294.71,428604.02
BUD0000482,2025,8,CC0003,PC003,336006.52,216934.79,119071.73,335150.83,216856.83
BUD0000483,2026,12,CC0011,PC001,347241.91,279392.02,67849.89,375404.97,278025.39
BUD0000484,2026,5,CC0017,PC007,569764.23,388251.25,181512.98,590445.73,404747.85
BUD0000485,2025,1,CC0011,PC001,149921.24,100525.7,49395.54,150598.65,103646.2
BUD0000486,2025,8,CC0018,PC008,462608.33,309545.42,153062.91,448171.73,296246.08
BUD0000487,2026,1,CC0003,PC003,468427.33,263390.17,205037.16,480948.47,250710.84
BUD0000488,2026,7,CC0006,PC006,542784.18,308025.64,234758.54,560151.42,299628.68
BUD0000489,2026,7,CC0020,PC010,72954.18,41626.54,31327.64,79260.98,40512.97
BUD0000490,2025,5,CC0003,PC003,455405.46,308536.27,146869.19,482542.83,310426.07
BUD0000491,2026,9,CC0010,PC010,666763.73,418539.58,248224.15,691648.12,407844.42
BUD0000492,2026,2,CC0006,PC006,426585.56,341543.29,85042.27,407331.47,332178.96
BUD0000493,2025,11,CC0005,PC005,462622.7,290784.07,171838.63,481547.75,283924.2
BUD0000494,2025,6,CC0014,PC004,748245.31,541236.47,207008.84,815169.12,529611.04
BUD0000495,2025,1,CC0018,PC008,547267.57,357771.7,189495.87,551063.12,360519.15
BUD0000496,2026,5,CC0018,PC008,545930.54,436216.82,109713.72,551174.42,469113.98
BUD0000497,2026,11,CC0011,PC001,379136.91,243804.25,135332.66,389390.37,247889.46
BUD0000498,2025,4,CC0019,PC009,246513.63,188109.73,58403.9,249518.84,184962.62
BUD0000499,2026,6,CC0003,PC003,238108.01,149119.09,88988.92,259659.69,146069.71
BUD0000500,2026,5,CC0006,PC006,143801.13,116661.38,27139.75,146459.15,110895.95
BUD0000501,2026,9,CC0018,PC008,400120.47,291942.09,108178.38,425162.12,299160.45
BUD0000502,2026,9,CC0013,PC003,352705.62,287174.41,65531.21,347564.64,293302.86
BUD0000503,2025,9,CC0020,PC010,428470.93,327060.67,101410.26,456101.11,345647.56
BUD0000504,2026,5,CC0013,PC003,331414.81,234820.08,96594.73,317055.4,233902.28
BUD0000505,2025,12,CC0019,PC009,131061.12,103293.08,27768.04,131612.44,107566.98
BUD0000506,2025,5,CC0006,PC006,189618.24,111023.52,78594.72,207112.0,114500.19
BUD0000507,2026,10,CC0016,PC006,591513.98,349728.71,241785.27,605736.73,365182.73
BUD0000508,2025,5,CC0003,PC003,442933.84,336785.76,106148.08,477177.74,322572.23
BUD0000509,2026,6,CC0013,PC003,259993.52,170468.92,89524.6,264426.33,163813.33
BUD0000510,2025,11,CC0014,PC004,641341.45,525836.1,115505.35,618745.08,520567.29
BUD0000511,2025,1,CC0015,PC005,533091.76,327537.4,205554.36,519809.4,321987.09
BUD0000512,2025,4,CC0006,PC006,721745.27,403589.37,318155.9,709607.13,412383.53
BUD0000513,2026,5,CC0014,PC004,489757.07,306028.13,183728.94,527776.41,304710.4
BUD0000514,2026,3,CC0018,PC008,500538.65,323850.95,176687.7,512403.24,340118.84
BUD0000515,2025,9,CC0010,PC010,642851.06,527025.68,115825.38,635167.55,530821.47
BUD0000516,2026,8,CC0016,PC006,352155.57,213483.84,138671.73,350547.89,228111.46
BUD0000517,2026,7,CC0004,PC004,620078.04,417689.68,202388.36,596763.17,435044.66
BUD0000518,2026,1,CC0018,PC008,254996.04,203217.45,51778.59,252791.72,205072.57
BUD0000519,2026,4,CC0002,PC002,511780.23,325116.44,186663.79,498638.24,348159.52
BUD0000520,2026,7,CC0019,PC009,739891.23,542761.51,197129.72,697744.84,582453.79
BUD0000521,2026,7,CC0005,PC005,438310.22,320842.99,117467.23,430469.32,338270.33
BUD0000522,2025,8,CC0019,PC009,358365.67,243107.98,115257.69,348493.05,257588.38
BUD0000523,2025,4,CC0020,PC010,366865.66,227219.27,139646.39,376289.81,240422.17
BUD0000524,2026,1,CC0010,PC010,419296.79,265469.26,153827.53,432216.21,266489.14
BUD0000525,2026,3,CC0003,PC003,649195.06,508894.24,140300.82,619189.44,524605.14
BUD0000526,2026,2,CC0006,PC006,597533.01,393645.56,203887.45,618398.87,394728.98
BUD0000527,2025,9,CC0009,PC009,742077.13,460769.47,281307.66,699533.0,449776.24
BUD0000528,2026,3,CC0001,PC001,698005.66,424913.32,273092.34,761813.7,453174.52
BUD0000529,2025,6,CC0018,PC008,70976.11,41485.28,29490.83,76780.49,42045.96
BUD0000530,2026,3,CC0017,PC007,689401.63,437504.26,251897.37,735871.97,420216.12
BUD0000531,2025,11,CC0003,PC003,227519.28,148127.81,79391.47,220750.05,150850.54
BUD0000532,2026,1,CC0003,PC003,578954.61,451787.04,127167.57,569427.97,439633.34
BUD0000533,2026,9,CC0003,PC003,684598.17,474773.52,209824.65,743604.46,452086.77
BUD0000534,2026,7,CC0008,PC008,618806.99,395949.24,222857.75,663702.53,377995.04
BUD0000535,2026,8,CC0003,PC003,60782.19,44229.43,16552.76,62946.1,44699.77
BUD0000536,2025,6,CC0003,PC003,701880.27,500215.44,201664.83,665776.31,478121.62
BUD0000537,2026,6,CC0007,PC007,692408.94,412916.64,279492.3,657724.58,421821.12
BUD0000538,2025,4,CC0018,PC008,607421.45,439498.08,167923.37,626357.39,427761.24
BUD0000539,2025,7,CC0015,PC005,426614.17,335497.65,91116.52,402405.7,355954.77
BUD0000540,2025,7,CC0011,PC001,690406.71,413573.32,276833.39,655021.08,415370.52
BUD0000541,2025,7,CC0017,PC007,729031.34,588951.99,140079.35,701511.46,624294.53
BUD0000542,2025,8,CC0001,PC001,301922.15,172473.3,129448.85,288540.49,181785.6
BUD0000543,2026,11,CC0009,PC009,726914.46,568993.4,157921.06,695958.82,570934.96
BUD0000544,2026,1,CC0013,PC003,53502.71,37126.91,16375.8,54628.65,36243.96
BUD0000545,2025,11,CC0001,PC001,628843.37,513044.61,115798.76,680709.01,496418.88
BUD0000546,2025,2,CC0007,PC007,411750.57,296778.59,114971.98,407970.67,311942.9
BUD0000547,2026,7,CC0006,PC006,555052.51,446587.69,108464.82,531807.63,452639.96
BUD0000548,2025,5,CC0005,PC005,67958.34,40137.9,27820.44,66307.38,41052.03
BUD0000549,2026,6,CC0014,PC004,161454.5,115817.02,45637.48,163585.43,122001.7
BUD0000550,2025,6,CC0009,PC009,361870.84,227830.37,134040.47,377481.94,225004.38
BUD0000551,2025,1,CC0004,PC004,88807.73,55170.04,33637.69,96082.24,53859.85
BUD0000552,2025,9,CC0004,PC004,347529.08,252127.23,95401.85,359158.19,244063.92
BUD0000553,2025,8,CC0010,PC010,203606.53,139572.77,64033.76,195461.3,140955.73
BUD0000554,2026,10,CC0005,PC005,577882.49,377217.65,200664.84,614143.13,392764.06
BUD0000555,2025,5,CC0005,PC005,230532.37,172936.64,57595.73,217720.06,165723.2
BUD0000556,2025,1,CC0010,PC010,79327.84,50509.38,28818.46,79833.74,53628.16
BUD0000557,2026,5,CC0016,PC006,544186.91,421716.71,122470.2,576147.03,409582.22
BUD0000558,2026,5,CC0011,PC001,279232.75,211616.72,67616.03,306294.81,227092.39
BUD0000559,2025,5,CC0019,PC009,536704.28,355448.83,181255.45,513443.07,372871.19
BUD0000560,2026,4,CC0005,PC005,357695.63,237906.17,119789.46,386283.22,232969.71
BUD0000561,2025,3,CC0016,PC006,485602.31,294356.78,191245.53,502301.7,314367.99
BUD0000562,2025,1,CC0006,PC006,301042.01,202047.1,98994.91,302463.97,196975.75
BUD0000563,2026,6,CC0006,PC006,620866.76,375430.35,245436.41,585519.07,378754.28
BUD0000564,2025,2,CC0016,PC006,456929.5,334759.39,122170.11,443025.69,327291.32
BUD0000565,2025,11,CC0002,PC002,163137.0,129884.56,33252.44,177102.6,131697.14
BUD0000566,2025,12,CC0013,PC003,251710.53,176716.21,74994.32,273785.46,170880.75
BUD0000567,2026,9,CC0007,PC007,580146.85,341221.27,238925.58,634145.57,340479.68
BUD0000568,2025,6,CC0014,PC004,411512.71,306662.24,104850.47,389067.05,323794.81
BUD0000569,2026,1,CC0003,PC003,533581.72,379219.67,154362.05,514699.45,361949.85
BUD0000570,2026,3,CC0011,PC001,643093.57,389246.53,253847.04,607109.03,411386.65
BUD0000571,2025,4,CC0005,PC005,701711.59,522333.11,179378.48,672687.88,519396.66
BUD0000572,2025,3,CC0012,PC002,523934.89,425987.41,97947.48,501765.78,442259.9
BUD0000573,2026,12,CC0012,PC002,504361.33,312559.32,191802.01,515589.66,327570.38
BUD0000574,2025,1,CC0015,PC005,67643.36,48688.39,18954.97,67096.72,52274.16
BUD0000575,2026,2,CC0006,PC006,133691.48,86679.32,47012.16,129836.78,87354.87
BUD0000576,2025,1,CC0015,PC005,398852.9,234294.92,164557.98,432973.79,225760.63
BUD0000577,2025,4,CC0006,PC006,480482.81,344942.16,135540.65,517523.71,363960.89
BUD0000578,2025,7,CC0009,PC009,701001.42,427039.06,273962.36,700085.9,410535.94
BUD0000579,2026,9,CC0016,PC006,713449.89,553246.58,160203.31,694767.67,589824.8
BUD0000580,2026,2,CC0015,PC005,484223.71,356755.37,127468.34,521798.89,376964.62
BUD0000581,2025,11,CC0006,PC006,396527.27,309376.3,87150.97,426605.51,323998.07
BUD0000582,2026,11,CC0016,PC006,126652.56,80914.35,45738.21,121713.89,83167.53
BUD0000583,2025,12,CC0008,PC008,688390.61,468488.85,219901.76,654158.43,455831.77
BUD0000584,2026,12,CC0010,PC010,623423.47,472611.45,150812.02,644717.82,469402.95
BUD0000585,2025,10,CC0001,PC001,581603.08,448378.07,133225.01,606675.18,449488.79
BUD0000586,2025,9,CC0014,PC004,720220.23,399268.13,320952.1,761839.53,425956.56
BUD0000587,2025,7,CC0010,PC010,389820.32,226914.19,162906.13,387868.04,234129.89
BUD0000588,2025,11,CC0012,PC002,697688.49,542777.06,154911.43,724940.18,569829.21
BUD0000589,2025,4,CC0014,PC004,139379.34,106231.48,33147.86,151605.28,111587.44
BUD0000590,2026,11,CC0020,PC010,398629.92,302316.78,96313.14,385411.43,317753.38
BUD0000591,2026,7,CC0006,PC006,370986.01,204236.91,166749.1,379639.55,194705.67
BUD0000592,2026,8,CC0020,PC010,550944.73,325023.48,225921.25,585900.72,311754.06
BUD0000593,2026,10,CC0001,PC001,365621.93,253717.93,111904.0,383313.68,260491.16
BUD0000594,2025,9,CC0019,PC009,135515.27,81522.96,53992.31,133536.28,87927.65
BUD0000595,2025,6,CC0016,PC006,179139.43,99955.02,79184.41,187752.75,107107.01
BUD0000596,2025,10,CC0013,PC003,480100.14,336656.82,143443.32,452120.92,322886.42
BUD0000597,2026,2,CC0001,PC001,691332.41,536229.06,155103.35,753630.01,548939.28
BUD0000598,2025,1,CC0006,PC006,73980.18,41217.62,32762.56,74297.64,39280.73
BUD0000599,2026,12,CC0009,PC009,244941.43,189867.58,55073.85,258455.42,204674.12
BUD0000600,2026,5,CC0001,PC001,547611.65,303104.17,244507.48,531103.85,288158.24
BUD0000601,2026,4,CC0013,PC003,303983.48,168148.38,135835.1,311671.53,160172.67
BUD0000602,2026,11,CC0020,PC010,234351.95,137639.5,96712.45,255424.34,144083.48
BUD0000603,2025,4,CC0008,PC008,92552.02,72589.22,19962.8,87655.37,78136.47
BUD0000604,2026,8,CC0010,PC010,539073.43,440702.32,98371.11,525210.94,462015.16
BUD0000605,2025,9,CC0001,PC001,430531.35,333000.74,97530.61,456044.39,353357.35
BUD0000606,2026,9,CC0017,PC007,196825.96,114488.01,82337.95,207490.89,123367.39
BUD0000607,2026,1,CC0013,PC003,674642.39,394312.38,280330.01,728223.16,420212.25
BUD0000608,2026,5,CC0008,PC008,446841.51,354932.79,91908.72,440155.16,365619.14
BUD0000609,2026,6,CC0016,PC006,196644.01,114972.66,81671.35,205720.01,121831.69
BUD0000610,2026,9,CC0006,PC006,660564.28,473678.81,186885.47,720002.29,460754.18
BUD0000611,2025,10,CC0003,PC003,92635.0,74047.8,18587.2,98092.19,75570.54
BUD0000612,2026,2,CC0004,PC004,498230.06,357430.47,140799.59,539921.93,371779.12
BUD0000613,2026,9,CC0007,PC007,475952.07,335676.93,140275.14,485649.88,333666.86
BUD0000614,2025,2,CC0018,PC008,397433.08,225737.08,171696.0,376777.62,217007.89
BUD0000615,2026,3,CC0019,PC009,662616.36,511222.39,151393.97,640700.51,533227.22
BUD0000616,2026,7,CC0002,PC002,562076.04,446600.56,115475.48,618143.44,434887.87
BUD0000617,2025,10,CC0013,PC003,142422.95,106792.78,35630.17,151199.38,110835.65
BUD0000618,2025,4,CC0017,PC007,615413.31,502336.32,113076.99,657200.95,530229.15
BUD0000619,2026,5,CC0002,PC002,160458.25,114498.76,45959.49,166557.17,111426.33
BUD0000620,2026,4,CC0017,PC007,239141.3,136644.79,102496.51,227457.23,139723.03
BUD0000621,2025,8,CC0020,PC010,202043.99,116417.22,85626.77,204192.03,111149.11
BUD0000622,2026,12,CC0001,PC001,497265.57,287902.48,209363.09,514448.15,293330.0
BUD0000623,2025,3,CC0012,PC002,603677.59,396179.99,207497.6,589384.24,390698.35
BUD0000624,2026,1,CC0009,PC009,305566.83,228142.91,77423.92,292266.21,224991.38
BUD0000625,2025,4,CC0014,PC004,164675.57,131443.45,33232.12,174370.72,126728.43
BUD0000626,2026,8,CC0016,PC006,253499.87,180316.42,73183.45,239926.03,181315.5
BUD0000627,2025,7,CC0009,PC009,643098.17,483715.27,159382.9,634676.22,513938.63
BUD0000628,2026,5,CC0016,PC006,465206.38,285441.51,179764.87,482461.48,285293.75
BUD0000629,2025,2,CC0015,PC005,294576.45,210037.06,84539.39,315901.55,218087.61
BUD0000630,2025,10,CC0020,PC010,595686.86,346998.54,248688.32,592362.95,373637.72
BUD0000631,2025,4,CC0011,PC001,470644.42,362752.35,107892.07,465829.5,375778.9
BUD0000632,2026,3,CC0010,PC010,629835.21,349760.81,280074.4,639570.18,354279.39
BUD0000633,2025,5,CC0002,PC002,224580.16,126366.82,98213.34,227091.82,134620.49
BUD0000634,2025,9,CC0012,PC002,171050.87,117156.54,53894.33,178866.06,122993.19
BUD0000635,2025,9,CC0005,PC005,476758.91,274141.23,202617.68,502289.57,272100.42
BUD0000636,2025,8,CC0010,PC010,532095.48,350787.39,181308.09,563987.61,372637.45
BUD0000637,2026,11,CC0008,PC008,550833.93,343449.67,207384.26,564454.38,328549.12
BUD0000638,2026,10,CC0012,PC002,185423.26,119337.65,66085.61,191503.6,126989.37
BUD0000639,2025,8,CC0003,PC003,569185.45,413391.01,155794.44,583208.3,415656.09
BUD0000640,2026,3,CC0018,PC008,641704.93,405499.89,236205.04,626158.55,413080.45
BUD0000641,2026,10,CC0014,PC004,367440.91,239264.15,128176.76,347576.87,233776.4
BUD0000642,2026,2,CC0007,PC007,252596.68,169246.71,83349.97,263635.94,162172.38
BUD0000643,2026,10,CC0011,PC001,517463.79,343745.25,173718.54,491743.3,370860.24
BUD0000644,2025,7,CC0020,PC010,738601.45,529486.35,209115.1,802945.45,520933.2
BUD0000645,2026,5,CC0003,PC003,403362.67,291196.08,112166.59,407331.48,295291.26
BUD0000646,2025,9,CC0005,PC005,577232.2,469006.58,108225.62,553098.24,490516.8
BUD0000647,2026,1,CC0010,PC010,664585.33,406393.52,258191.81,654674.01,399771.04
BUD0000648,2026,4,CC0017,PC007,187765.83,142836.25,44929.58,194619.18,147562.81
BUD0000649,2026,8,CC0016,PC006,168834.41,133051.61,35782.8,160484.51,140291.12
BUD0000650,2025,8,CC0015,PC005,550750.33,424502.44,126247.89,518311.6,444780.27
BUD0000651,2025,12,CC0018,PC008,328680.61,247931.5,80749.11,335801.88,238160.65
BUD0000652,2025,2,CC0009,PC009,315500.77,205507.84,109992.93,301000.93,201432.13
BUD0000653,2025,6,CC0008,PC008,139959.15,110908.49,29050.66,136081.76,108721.92
BUD0000654,2025,8,CC0005,PC005,616711.87,490815.01,125896.86,617780.06,480363.36
BUD0000655,2025,3,CC0004,PC004,195346.51,141457.09,53889.42,207709.84,144963.58
BUD0000656,2025,10,CC0012,PC002,720067.3,459999.54,260067.76,789347.07,441147.15
BUD0000657,2025,6,CC0007,PC007,615242.55,392556.82,222685.73,633604.69,389409.97
BUD0000658,2025,1,CC0020,PC010,536288.68,421568.52,114720.16,585670.6,450957.69
BUD0000659,2026,3,CC0017,PC007,635133.78,387845.63,247288.15,652936.75,372938.78
BUD0000660,2025,6,CC0015,PC005,234176.68,151836.34,82340.34,222569.42,147824.48
BUD0000661,2025,11,CC0002,PC002,695768.4,452382.75,243385.65,696540.64,436197.5
BUD0000662,2026,7,CC0010,PC010,386064.57,300790.88,85273.69,373255.89,320909.64
BUD0000663,2026,10,CC0016,PC006,549239.94,413906.67,135333.27,560927.97,394421.32
BUD0000664,2025,1,CC0013,PC003,715471.3,533376.28,182095.02,745674.67,544536.94
BUD0000665,2025,12,CC0005,PC005,215207.16,133359.34,81847.82,227752.85,127688.65
BUD0000666,2025,5,CC0018,PC008,411422.34,258557.88,152864.46,386984.4,247122.55
BUD0000667,2026,8,CC0012,PC002,307742.19,188031.4,119710.79,305740.26,201877.18
BUD0000668,2026,3,CC0003,PC003,531080.92,417148.12,113932.8,505148.84,416037.89
BUD0000669,2026,11,CC0011,PC001,575813.44,367875.39,207938.05,583452.88,376000.39
BUD0000670,2026,1,CC0003,PC003,708059.49,414970.37,293089.12,778134.25,419767.42
BUD0000671,2026,6,CC0017,PC007,697597.55,458564.16,239033.39,705415.09,440322.12
BUD0000672,2026,11,CC0007,PC007,221076.36,180343.99,40732.37,213908.64,175169.33
BUD0000673,2026,4,CC0002,PC002,457853.67,310892.64,146961.03,485670.63,315803.02
BUD0000674,2026,1,CC0003,PC003,576534.5,449116.74,127417.76,630924.89,451304.31
BUD0000675,2026,8,CC0018,PC008,656723.74,454825.6,201898.14,704213.75,480990.82
BUD0000676,2025,7,CC0002,PC002,309415.75,245922.66,63493.09,304961.67,240316.41
BUD0000677,2025,7,CC0015,PC005,469413.88,374608.3,94805.58,458077.52,356842.29
BUD0000678,2026,7,CC0019,PC009,73499.89,43786.87,29713.02,80165.49,42354.56
BUD0000679,2026,8,CC0015,PC005,477394.43,360272.27,117122.16,499120.62,368159.73
BUD0000680,2026,7,CC0020,PC010,359224.65,270348.89,88875.76,377592.63,283982.26
BUD0000681,2026,11,CC0016,PC006,431818.6,349244.46,82574.14,426091.82,367549.95
BUD0000682,2026,2,CC0014,PC004,342552.92,264315.31,78237.61,344523.08,269692.35
BUD0000683,2026,10,CC0012,PC002,614406.93,498795.59,115611.34,613668.76,529516.97
BUD0000684,2025,11,CC0007,PC007,520503.63,418059.0,102444.63,523109.61,419442.36
BUD0000685,2025,11,CC0017,PC007,61333.17,41762.74,19570.43,65806.45,44915.41
BUD0000686,2026,10,CC0008,PC008,487637.96,347076.19,140561.77,498138.06,362152.53
BUD0000687,2025,6,CC0018,PC008,513718.11,292805.69,220912.42,515138.99,303489.86
BUD0000688,2025,7,CC0001,PC001,444922.66,271493.9,173428.76,472490.0,259724.91
BUD0000689,2026,5,CC0011,PC001,90631.45,67165.09,23466.36,93720.06,65362.56
BUD0000690,2025,10,CC0017,PC007,132361.35,81910.69,50450.66,139389.35,86732.43
BUD0000691,2026,11,CC0015,PC005,229602.1,179439.96,50162.14,245133.11,178288.3
BUD0000692,2025,2,CC0008,PC008,160624.63,94098.47,66526.16,170535.95,98236.4
BUD0000693,2026,11,CC0017,PC007,645144.82,512905.36,132239.46,647163.44,552546.04
BUD0000694,2026,3,CC0020,PC010,568493.56,341459.6,227033.96,555723.46,356135.11
BUD0000695,2025,5,CC0006,PC006,634524.29,458533.14,175991.15,662862.09,475220.55
BUD0000696,2025,2,CC0012,PC002,333105.18,264078.96,69026.22,364029.11,269992.42
BUD0000697,2025,8,CC0001,PC001,339792.34,195525.3,144267.04,365631.49,198933.7
BUD0000698,2026,9,CC0006,PC006,191213.97,150547.68,40666.29,199876.78,154830.03
BUD0000699,2026,4,CC0019,PC009,202284.84,154540.29,47744.55,218135.0,147139.94
BUD0000700,2025,6,CC0010,PC010,690060.77,453439.9,236620.87,718113.39,443943.22
BUD0000701,2025,9,CC0014,PC004,524708.18,290947.44,233760.74,520236.85,297068.22
BUD0000702,2026,3,CC0011,PC001,545272.49,310930.45,234342.04,584393.65,317589.12
BUD0000703,2025,11,CC0007,PC007,533076.84,377310.63,155766.21,584621.93,387055.76
BUD0000704,2025,9,CC0018,PC008,282350.98,178276.39,104074.59,272218.56,177623.76
BUD0000705,2026,11,CC0014,PC004,384799.02,279904.69,104894.33,372201.59,276193.95
BUD0000706,2025,11,CC0019,PC009,346717.09,277135.44,69581.65,374579.3,278406.87
BUD0000707,2025,10,CC0011,PC001,186108.76,137733.9,48374.86,195676.97,147337.84
BUD0000708,2025,10,CC0017,PC007,67497.06,53540.75,13956.31,64942.63,52415.78
BUD0000709,2025,9,CC0007,PC007,344879.84,269318.07,75561.77,357035.07,279938.78
BUD0000710,2026,12,CC0004,PC004,242933.2,153669.0,89264.2,260992.02,153344.15
BUD0000711,2025,3,CC0012,PC002,238344.3,153545.66,84798.64,250895.22,163361.65
BUD0000712,2026,4,CC0020,PC010,572499.6,384833.31,187666.29,620097.46,373390.64
BUD0000713,2025,4,CC0020,PC010,388901.27,242182.01,146719.26,369354.84,233651.82
BUD0000714,2026,4,CC0009,PC009,719413.58,425568.22,293845.36,701698.65,449214.36
BUD0000715,2025,5,CC0009,PC009,313431.46,187639.72,125791.74,307931.73,193736.61
BUD0000716,2026,11,CC0013,PC003,703185.87,458119.59,245066.28,670350.88,465178.77
BUD0000717,2026,8,CC0002,PC002,292469.37,179721.44,112747.93,287572.32,182227.97
BUD0000718,2026,12,CC0018,PC008,360372.38,273840.7,86531.68,396335.73,288631.23
BUD0000719,2026,5,CC0013,PC003,217433.63,141147.4,76286.23,226683.28,149721.97
BUD0000720,2025,1,CC0011,PC001,474799.19,344845.4,129953.79,457377.56,352762.28
BUD0000721,2026,9,CC0008,PC008,738630.21,576460.76,162169.45,730590.34,608435.8
BUD0000722,2026,4,CC0012,PC002,633359.42,366832.07,266527.35,614693.11,373411.12
BUD0000723,2025,5,CC0006,PC006,447382.53,341497.95,105884.58,441415.99,339775.83
BUD0000724,2025,2,CC0012,PC002,608950.03,391540.18,217409.85,624269.9,389139.71
BUD0000725,2025,11,CC0001,PC001,641426.82,480146.42,161280.4,646291.99,495456.77
BUD0000726,2025,3,CC0012,PC002,471332.78,359891.87,111440.91,490958.91,362466.24
BUD0000727,2026,11,CC0007,PC007,584628.55,454419.02,130209.53,608574.7,473422.21
BUD0000728,2026,11,CC0004,PC004,423799.63,294554.86,129244.77,452577.36,309475.47
BUD0000729,2026,2,CC0018,PC008,712871.31,456336.62,256534.69,698643.85,486126.53
BUD0000730,2026,12,CC0016,PC006,461337.47,276777.03,184560.44,441338.67,290143.35
BUD0000731,2025,1,CC0019,PC009,583406.67,461034.22,122372.45,605978.68,480512.08
BUD0000732,2026,7,CC0017,PC007,727496.28,570987.81,156508.47,761759.03,552121.23
BUD0000733,2026,8,CC0012,PC002,338801.25,216707.95,122093.3,347476.91,217008.76
BUD0000734,2025,5,CC0002,PC002,447076.25,334975.69,112100.56,470529.58,333355.53
BUD0000735,2025,11,CC0001,PC001,420391.36,330647.29,89744.07,445422.85,315494.26
BUD0000736,2025,2,CC0004,PC004,112246.67,86120.75,26125.92,107320.78,90759.29
BUD0000737,2025,6,CC0016,PC006,609171.81,368559.5,240612.31,657701.22,379400.35
BUD0000738,2026,5,CC0014,PC004,664140.9,509014.7,155126.2,680316.89,542776.15
BUD0000739,2026,9,CC0019,PC009,667293.91,452483.75,214810.16,714183.76,470117.6
BUD0000740,2025,6,CC0012,PC002,660404.09,378761.46,281642.63,714474.95,398981.87
BUD0000741,2026,1,CC0015,PC005,348470.84,248813.01,99657.83,334450.27,244099.4
BUD0000742,2026,4,CC0004,PC004,378114.57,296834.79,81279.78,355582.31,300103.65
BUD0000743,2026,7,CC0014,PC004,388365.42,260976.27,127389.15,383969.16,273994.07
BUD0000744,2026,3,CC0002,PC002,228101.96,183652.41,44449.55,249916.15,186657.75
BUD0000745,2025,8,CC0001,PC001,81129.59,55220.56,25909.03,86021.56,56128.95
BUD0000746,2025,9,CC0015,PC005,213260.0,150163.48,63096.52,201646.51,155438.89
BUD0000747,2025,4,CC0009,PC009,678924.27,527852.52,151071.75,642115.35,509641.49
BUD0000748,2026,2,CC0016,PC006,526201.43,313479.14,212722.29,540115.23,320236.44
BUD0000749,2025,9,CC0019,PC009,272715.51,167055.13,105660.38,269296.29,163508.9
BUD0000750,2026,7,CC0018,PC008,543032.74,408083.05,134949.69,562323.43,416329.91
BUD0000751,2026,4,CC0017,PC007,236768.83,135917.72,100851.11,235462.95,141250.43
BUD0000752,2025,12,CC0005,PC005,266016.61,181242.98,84773.63,261383.44,183882.39
BUD0000753,2025,5,CC0010,PC010,530803.48,342099.45,188704.03,582316.38,350606.42
BUD0000754,2026,2,CC0003,PC003,472631.12,273260.35,199370.77,462791.1,290844.62
BUD0000755,2025,9,CC0008,PC008,364721.33,295830.7,68890.63,347501.29,314372.13
BUD0000756,2026,9,CC0012,PC002,192598.43,143395.53,49202.9,186272.5,146716.6
BUD0000757,2026,9,CC0015,PC005,417833.5,341950.22,75883.28,438842.87,350088.47
BUD0000758,2025,10,CC0018,PC008,314983.53,237745.46,77238.07,307708.81,256454.83
BUD0000759,2026,10,CC0017,PC007,560324.83,407468.68,152856.15,614250.26,432531.83
BUD0000760,2026,4,CC0008,PC008,723996.3,570102.59,153893.71,768765.96,561255.99
BUD0000761,2026,12,CC0015,PC005,634845.51,503354.11,131491.4,683661.05,537266.83
BUD0000762,2026,4,CC0017,PC007,482047.74,366827.18,115220.56,493188.44,369642.36
BUD0000763,2025,7,CC0007,PC007,572340.31,352653.49,219686.82,623963.93,372914.79
BUD0000764,2026,4,CC0007,PC007,729498.04,534485.75,195012.29,688902.92,564938.49
BUD0000765,2026,9,CC0011,PC001,329233.67,191431.02,137802.65,349612.76,200402.97
BUD0000766,2026,1,CC0009,PC009,407533.75,236606.63,170927.12,441413.45,229690.45
BUD0000767,2026,3,CC0012,PC002,707814.15,390182.0,317632.15,674194.65,404270.81
BUD0000768,2025,4,CC0001,PC001,254807.1,145678.14,109128.96,255607.0,153703.99
BUD0000769,2026,9,CC0015,PC005,338636.55,247655.6,90980.95,340891.8,250301.65
BUD0000770,2026,1,CC0005,PC005,209171.78,127761.56,81410.22,201038.01,127089.97
BUD0000771,2025,11,CC0005,PC005,551184.01,451548.31,99635.7,604072.8,449861.34
BUD0000772,2025,4,CC0006,PC006,377808.93,300837.77,76971.16,365868.69,295717.94
BUD0000773,2025,1,CC0006,PC006,740788.3,455791.56,284996.74,763540.15,473192.28
BUD0000774,2026,12,CC0001,PC001,243190.2,180262.96,62927.24,246367.63,190894.66
BUD0000775,2026,3,CC0011,PC001,172764.02,122126.53,50637.49,182952.28,128515.94
BUD0000776,2025,12,CC0004,PC004,597682.76,456182.74,141500.02,595198.57,481290.36
BUD0000777,2025,11,CC0002,PC002,363529.17,293413.91,70115.26,393418.32,305153.98
BUD0000778,2025,2,CC0011,PC001,608102.36,416325.96,191776.4,583470.76,433796.68
BUD0000779,2025,7,CC0013,PC003,495991.46,388098.74,107892.72,509498.96,408098.84
BUD0000780,2026,7,CC0019,PC009,468093.9,349782.23,118311.67,513198.33,367221.35
BUD0000781,2026,10,CC0010,PC010,687327.78,393428.94,293898.84,731283.21,413040.54
BUD0000782,2026,3,CC0001,PC001,90355.31,70956.83,19398.48,88337.75,69139.12
BUD0000783,2025,6,CC0010,PC010,323926.98,198474.88,125452.1,349122.9,200017.11
BUD0000784,2026,12,CC0004,PC004,497744.54,277684.47,220060.07,481227.28,264775.16
BUD0000785,2026,2,CC0001,PC001,486841.89,333193.38,153648.51,518487.47,353334.81
BUD0000786,2025,6,CC0013,PC003,75915.73,49473.02,26442.71,72451.67,51989.55
BUD0000787,2026,7,CC0019,PC009,615215.4,444530.8,170684.6,582269.04,470347.43
BUD0000788,2026,1,CC0015,PC005,693798.46,451044.92,242753.54,748061.89,479532.46
BUD0000789,2026,3,CC0009,PC009,462707.46,326056.04,136651.42,478191.97,332702.31
BUD0000790,2026,4,CC0005,PC005,52018.04,38008.76,14009.28,51383.84,38000.51
BUD0000791,2025,1,CC0018,PC008,716339.12,443195.74,273143.38,747420.62,468842.77
BUD0000792,2026,6,CC0014,PC004,340859.61,214688.34,126171.27,362237.48,230578.99
BUD0000793,2026,4,CC0019,PC009,555265.39,452412.87,102852.52,583405.27,440976.18
BUD0000794,2025,12,CC0009,PC009,67261.6,53716.82,13544.78,71269.26,54677.32
BUD0000795,2025,6,CC0008,PC008,686479.27,433262.12,253217.15,646826.03,453245.05
BUD0000796,2025,6,CC0008,PC008,51516.2,37235.31,14280.89,50809.28,37241.28
BUD0000797,2025,8,CC0015,PC005,666034.45,480440.54,185593.91,719756.99,466706.25
BUD0000798,2025,2,CC0008,PC008,491492.71,273906.11,217586.6,494603.55,266890.76
BUD0000799,2025,9,CC0017,PC007,56280.28,31436.33,24843.95,55150.88,32788.35
BUD0000800,2026,7,CC0013,PC003,144725.11,93561.52,51163.59,157459.94,96255.84
BUD0000801,2026,7,CC0020,PC010,622306.51,424831.04,197475.47,678152.22,411029.7
BUD0000802,2025,2,CC0009,PC009,515973.92,422521.32,93452.6,497165.28,437395.7
BUD0000803,2026,7,CC0019,PC009,184528.71,141496.81,43031.9,184935.17,142075.97
BUD0000804,2026,2,CC0002,PC002,350568.99,255600.62,94968.37,337090.1,249616.33
BUD0000805,2025,10,CC0017,PC007,381288.79,261730.45,119558.34,398387.11,260700.92
BUD0000806,2025,7,CC0006,PC006,296173.66,182638.17,113535.49,306573.65,197243.53
BUD0000807,2025,5,CC0014,PC004,481400.72,350643.53,130757.19,477760.33,342725.53
BUD0000808,2025,7,CC0002,PC002,698460.88,404252.46,294208.42,728935.41,408642.71
BUD0000809,2026,9,CC0011,PC001,119483.66,83646.0,35837.66,116488.84,81955.82
BUD0000810,2025,8,CC0014,PC004,180710.15,146320.67,34389.48,190807.82,142267.16
BUD0000811,2026,4,CC0016,PC006,140711.1,97532.81,43178.29,145635.21,102148.06
BUD0000812,2026,12,CC0005,PC005,76807.39,59717.38,17090.01,82060.95,64249.63
BUD0000813,2026,11,CC0001,PC001,152406.59,117066.57,35340.02,154303.37,112708.39
BUD0000814,2025,6,CC0004,PC004,189302.56,139689.43,49613.13,183706.39,140376.99
BUD0000815,2025,12,CC0020,PC010,515391.85,418170.92,97220.93,509339.61,433833.25
BUD0000816,2025,5,CC0016,PC006,628646.5,441929.35,186717.15,603881.73,470295.64
BUD0000817,2026,1,CC0014,PC004,475039.5,322158.74,152880.76,518733.72,340755.86
BUD0000818,2026,8,CC0018,PC008,313952.62,222835.28,91117.34,343226.81,238421.99
BUD0000819,2025,2,CC0008,PC008,599705.38,394484.49,205220.89,647700.34,421451.12
BUD0000820,2025,6,CC0012,PC002,378218.35,301554.16,76664.19,401617.34,287126.75
BUD0000821,2026,12,CC0007,PC007,299041.38,189206.03,109835.35,286275.17,181023.01
BUD0000822,2025,12,CC0016,PC006,685228.42,509959.27,175269.15,673587.74,493932.07
BUD0000823,2025,6,CC0001,PC001,80177.92,50288.61,29889.31,79219.87,50861.2
BUD0000824,2026,6,CC0014,PC004,546559.19,308528.53,238030.66,541247.31,323984.95
BUD0000825,2026,3,CC0018,PC008,578315.29,469600.89,108714.4,629357.13,450870.31
BUD0000826,2026,1,CC0018,PC008,259103.46,207597.49,51505.97,261273.16,207006.01
BUD0000827,2025,1,CC0005,PC005,442554.05,296534.27,146019.78,476214.79,293226.63
BUD0000828,2025,4,CC0007,PC007,51845.52,34583.91,17261.61,56975.78,35024.68
BUD0000829,2026,12,CC0008,PC008,217108.81,167924.14,49184.67,235644.18,166999.39
BUD0000830,2025,10,CC0003,PC003,270509.11,219017.75,51491.36,287294.28,215046.14
BUD0000831,2025,10,CC0010,PC010,416739.78,318465.11,98274.67,452088.11,341267.25
BUD0000832,2025,5,CC0009,PC009,606771.82,395769.24,211002.58,590748.24,419911.83
BUD0000833,2026,12,CC0015,PC005,302635.32,177774.1,124861.22,320131.78,181192.05
BUD0000834,2026,9,CC0015,PC005,225573.33,131988.44,93584.89,219798.96,126862.41
BUD0000835,2026,3,CC0010,PC010,251791.26,147198.89,104592.37,275144.45,157145.45
BUD0000836,2025,9,CC0002,PC002,267488.59,208061.99,59426.6,252187.79,201504.13
BUD0000837,2025,8,CC0015,PC005,176616.88,131932.1,44684.78,181162.11,135378.47
BUD0000838,2025,10,CC0012,PC002,228540.23,172547.24,55992.99,245670.24,183929.18
BUD0000839,2026,7,CC0004,PC004,617978.68,419028.28,198950.4,663182.7,408048.63
BUD0000840,2026,3,CC0009,PC009,316867.61,216221.01,100646.6,326359.65,217492.11
BUD0000841,2026,6,CC0006,PC006,325207.5,211379.97,113827.53,330810.41,213151.48
BUD0000842,2026,6,CC0001,PC001,267430.57,155940.89,111489.68,258894.85,157213.85
BUD0000843,2025,5,CC0010,PC010,681730.55,419010.92,262719.63,674928.52,400577.23
BUD0000844,2026,3,CC0009,PC009,290516.71,192826.52,97690.19,302115.18,192554.87
BUD0000845,2025,5,CC0015,PC005,118745.43,75139.5,43605.93,125261.26,74733.47
BUD0000846,2025,12,CC0007,PC007,162009.4,96363.67,65645.73,163497.12,99544.53
BUD0000847,2026,8,CC0009,PC009,170216.46,120855.4,49361.06,163050.64,119759.67
BUD0000848,2026,10,CC0011,PC001,131494.55,90763.52,40731.03,125753.5,95318.52
BUD0000849,2025,10,CC0017,PC007,279432.08,208010.6,71421.48,303646.65,220697.36
BUD0000850,2026,11,CC0012,PC002,602965.91,400768.45,202197.46,613191.67,418682.53
BUD0000851,2026,5,CC0016,PC006,551863.72,404227.71,147636.01,549503.71,417207.25
BUD0000852,2025,9,CC0020,PC010,453937.29,283694.12,170243.17,462894.39,270402.72
BUD0000853,2025,6,CC0001,PC001,542625.74,398736.97,143888.77,567815.96,400349.81
BUD0000854,2026,3,CC0006,PC006,480144.38,343850.26,136294.12,457554.14,359775.67
BUD0000855,2025,5,CC0016,PC006,701242.54,535221.77,166020.77,734357.76,525887.01
BUD0000856,2025,5,CC0010,PC010,722690.78,468614.06,254076.72,731123.89,480608.65
BUD0000857,2025,8,CC0017,PC007,561051.01,382500.85,178550.16,571271.22,407761.46
BUD0000858,2026,2,CC0004,PC004,228384.36,170861.8,57522.56,240146.51,182963.11
BUD0000859,2026,2,CC0004,PC004,225986.2,170637.42,55348.78,242018.73,170031.32
BUD0000860,2026,3,CC0010,PC010,385533.03,261162.61,124370.42,372472.14,276081.76
BUD0000861,2025,5,CC0012,PC002,527881.73,409391.4,118490.33,541041.1,409763.73
BUD0000862,2025,11,CC0015,PC005,439201.58,336467.96,102733.62,435560.6,356479.39
BUD0000863,2025,12,CC0012,PC002,717726.81,505394.62,212332.19,714334.68,514920.13
BUD0000864,2026,4,CC0002,PC002,664942.43,492411.34,172531.09,720635.98,525817.72
BUD0000865,2026,7,CC0005,PC005,95325.7,58341.19,36984.51,97965.78,61916.5
BUD0000866,2026,2,CC0016,PC006,294753.87,178938.28,115815.59,277286.35,176327.91
BUD0000867,2025,12,CC0002,PC002,730999.8,446451.52,284548.28,711684.56,430229.03
BUD0000868,2025,12,CC0014,PC004,131929.64,93037.26,38892.38,130017.88,98517.47
BUD0000869,2026,5,CC0008,PC008,174157.41,110406.75,63750.66,186101.84,104928.98
BUD0000870,2026,4,CC0010,PC010,633745.16,453996.35,179748.81,670622.1,457769.11
BUD0000871,2025,4,CC0004,PC004,471493.67,301797.8,169695.87,445072.56,310409.99
BUD0000872,2026,2,CC0019,PC009,537484.07,400786.57,136697.5,517104.12,387971.1
BUD0000873,2026,6,CC0010,PC010,488938.21,371358.38,117579.83,463349.64,384372.82
BUD0000874,2025,12,CC0003,PC003,106759.96,68277.21,38482.75,108246.24,73221.07
BUD0000875,2025,4,CC0004,PC004,141289.35,82718.92,58570.43,146195.96,88522.76
BUD0000876,2026,2,CC0015,PC005,542655.59,391676.69,150978.9,522026.0,416995.71
BUD0000877,2025,3,CC0018,PC008,613473.52,450635.49,162838.03,619006.6,456977.67
BUD0000878,2025,6,CC0006,PC006,454699.47,350592.92,104106.55,435347.68,364239.68
BUD0000879,2026,5,CC0005,PC005,522190.71,355083.26,167107.45,540513.85,378817.1
BUD0000880,2025,3,CC0001,PC001,357553.99,228672.98,128881.01,344787.24,217673.3
BUD0000881,2025,11,CC0020,PC010,585540.85,411796.43,173744.42,605590.18,442991.33
BUD0000882,2025,8,CC0011,PC001,461526.14,282714.99,178811.15,460768.24,287080.58
BUD0000883,2025,5,CC0013,PC003,73737.63,59431.98,14305.65,70852.54,61518.21
BUD0000884,2026,4,CC0019,PC009,385186.27,246537.33,138648.94,363699.44,234387.94
BUD0000885,2025,1,CC0010,PC010,116181.29,70076.98,46104.31,120142.94,74652.74
BUD0000886,2026,7,CC0002,PC002,206940.56,141264.3,65676.26,220888.36,149624.63
BUD0000887,2025,8,CC0013,PC003,488018.63,297719.38,190299.25,508699.94,306066.32
BUD0000888,2026,11,CC0018,PC008,394564.01,314742.67,79821.34,407855.27,299708.93
BUD0000889,2025,12,CC0019,PC009,363501.5,200955.82,162545.68,383897.33,199386.8
BUD0000890,2026,7,CC0015,PC005,320054.1,213585.12,106468.98,322655.49,210823.59
BUD0000891,2025,9,CC0016,PC006,64981.88,45952.62,19029.26,64644.15,48726.25
BUD0000892,2025,8,CC0017,PC007,277930.79,156391.02,121539.77,288349.3,166630.07
BUD0000893,2026,4,CC0014,PC004,708722.96,542456.08,166266.88,778017.26,538912.39
BUD0000894,2025,7,CC0008,PC008,627960.12,440806.03,187154.09,685673.31,419664.04
BUD0000895,2025,12,CC0017,PC007,687168.69,387646.46,299522.23,654520.29,403367.35
BUD0000896,2025,11,CC0011,PC001,732372.17,552839.79,179532.38,770916.45,560470.39
BUD0000897,2025,9,CC0005,PC005,325870.88,221637.98,104232.9,335899.97,221263.32
BUD0000898,2026,2,CC0005,PC005,299817.8,210878.54,88939.26,305918.65,210954.35
BUD0000899,2026,1,CC0007,PC007,476955.97,333685.97,143270.0,468899.83,336082.62
BUD0000900,2025,12,CC0011,PC001,577389.05,381798.0,195591.05,550841.48,378979.2
BUD0000901,2025,2,CC0018,PC008,242236.97,164770.9,77466.07,265920.66,162382.24
BUD0000902,2026,6,CC0004,PC004,551164.3,363121.2,188043.1,559714.08,361926.98
BUD0000903,2026,10,CC0005,PC005,734086.51,579717.91,154368.6,700646.54,613909.03
BUD0000904,2025,11,CC0008,PC008,537170.95,387939.11,149231.84,525855.39,380694.08
BUD0000905,2025,10,CC0012,PC002,559158.79,451714.69,107444.1,538688.9,452014.26
BUD0000906,2026,9,CC0006,PC006,549734.77,426267.55,123467.22,553131.93,429796.4
BUD0000907,2025,1,CC0013,PC003,518606.37,328275.22,190331.15,497210.02,319596.84
BUD0000908,2026,9,CC0018,PC008,346540.31,229187.43,117352.88,368832.55,223900.94
BUD0000909,2026,11,CC0011,PC001,717247.1,459228.23,258018.87,718425.8,493879.83
BUD0000910,2025,3,CC0019,PC009,630340.6,443336.19,187004.41,604867.79,440044.05
BUD0000911,2026,2,CC0016,PC006,129427.72,78532.4,50895.32,129360.13,80553.24
BUD0000912,2025,5,CC0016,PC006,406081.78,318455.2,87626.58,421451.55,313388.16
BUD0000913,2026,11,CC0007,PC007,642681.28,372501.77,270179.51,628529.44,381033.13
BUD0000914,2025,1,CC0004,PC004,56759.83,36391.11,20368.72,59644.6,38976.88
BUD0000915,2026,7,CC0018,PC008,301585.87,175703.19,125882.68,326472.35,172193.12
BUD0000916,2025,1,CC0006,PC006,586910.92,420982.8,165928.12,555344.84,440126.41
BUD0000917,2026,6,CC0004,PC004,113681.93,83404.18,30277.75,116288.95,84993.17
BUD0000918,2025,7,CC0002,PC002,446133.44,261290.14,184843.3,482041.98,280147.4
BUD0000919,2026,11,CC0001,PC001,693583.44,555940.13,137643.31,750333.95,558762.83
BUD0000920,2025,10,CC0006,PC006,246557.84,173220.42,73337.42,241787.04,182847.35
BUD0000921,2025,10,CC0014,PC004,97192.83,56695.6,40497.23,97614.43,56215.55
BUD0000922,2026,9,CC0011,PC001,506343.4,355741.26,150602.14,515269.27,344019.38
BUD0000923,2026,3,CC0015,PC005,501516.66,331797.62,169719.04,520325.08,350907.44
BUD0000924,2026,8,CC0006,PC006,709795.24,549308.54,160486.7,780179.53,554776.62
BUD0000925,2026,7,CC0001,PC001,271438.55,207514.7,63923.85,292571.08,208655.55
BUD0000926,2025,10,CC0001,PC001,319364.51,176774.66,142589.85,340498.7,183890.79
BUD0000927,2025,12,CC0001,PC001,346752.16,221097.18,125654.98,362271.79,235420.9
BUD0000928,2026,7,CC0012,PC002,745499.53,440576.16,304923.37,807557.53,421308.5
BUD0000929,2026,7,CC0019,PC009,573973.72,466129.33,107844.39,542363.07,475405.92
BUD0000930,2025,12,CC0015,PC005,190324.76,147206.45,43118.31,190295.35,155676.81
BUD0000931,2026,4,CC0007,PC007,152392.48,106981.18,45411.3,167320.94,112516.34
BUD0000932,2026,3,CC0006,PC006,317988.6,224079.29,93909.31,344607.5,228414.37
BUD0000933,2026,12,CC0015,PC005,620178.06,468090.78,152087.28,646804.05,497110.23
BUD0000934,2025,2,CC0005,PC005,640270.35,408437.77,231832.58,620430.99,406519.1
BUD0000935,2026,5,CC0004,PC004,514470.38,299345.87,215124.51,531034.61,313879.7
BUD0000936,2025,2,CC0007,PC007,339104.71,214850.56,124254.15,366535.81,219462.35
BUD0000937,2026,8,CC0009,PC009,533412.84,395666.08,137746.76,562562.76,414776.79
BUD0000938,2025,3,CC0007,PC007,416780.66,250176.8,166603.86,425290.94,246323.79
BUD0000939,2025,1,CC0017,PC007,87389.03,68876.72,18512.31,93427.6,72645.8
BUD0000940,2026,9,CC0006,PC006,546238.43,370659.01,175579.42,521905.58,400223.85
BUD0000941,2026,11,CC0010,PC010,98528.27,65939.03,32589.24,104344.97,62703.83
BUD0000942,2026,7,CC0007,PC007,114151.77,64934.48,49217.29,115978.35,61766.43
BUD0000943,2026,1,CC0014,PC004,533497.17,433419.29,100077.88,521563.4,414756.41
BUD0000944,2026,11,CC0004,PC004,623469.69,473683.21,149786.48,590048.3,465258.37
BUD0000945,2025,7,CC0017,PC007,639985.41,499535.58,140449.83,632593.45,516615.72
BUD0000946,2025,8,CC0018,PC008,458551.82,334386.37,124165.45,484881.96,354794.63
BUD0000947,2025,5,CC0011,PC001,186611.87,111600.18,75011.69,180043.4,111090.32
BUD0000948,2026,10,CC0008,PC008,95922.92,76500.55,19422.37,102110.44,81489.38
BUD0000949,2025,1,CC0018,PC008,557571.34,429560.98,128010.36,590729.13,428543.43
BUD0000950,2025,7,CC0006,PC006,518215.38,326832.13,191383.25,562140.74,343973.65
BUD0000951,2025,10,CC0016,PC006,733160.34,501709.07,231451.27,709378.84,510063.05
BUD0000952,2025,12,CC0006,PC006,600797.95,400485.06,200312.89,620198.19,424284.17
BUD0000953,2025,7,CC0009,PC009,299079.76,228921.99,70157.77,291788.68,224244.49
BUD0000954,2025,3,CC0004,PC004,405911.41,281922.4,123989.01,403855.78,279150.68
BUD0000955,2026,6,CC0002,PC002,176248.56,97056.99,79191.57,177784.73,92357.74
BUD0000956,2026,12,CC0017,PC007,136091.78,76774.82,59316.96,145463.78,74059.93
BUD0000957,2026,10,CC0011,PC001,369943.87,266806.23,103137.64,389037.26,255701.44
BUD0000958,2025,7,CC0018,PC008,504280.98,347834.58,156446.4,552328.69,330807.13
BUD0000959,2026,7,CC0019,PC009,537449.71,340017.18,197432.53,579336.86,333529.18
BUD0000960,2026,4,CC0004,PC004,178857.5,144278.69,34578.81,185914.37,152338.06
BUD0000961,2026,9,CC0011,PC001,422496.76,328649.07,93847.69,407711.31,337706.07
BUD0000962,2026,12,CC0009,PC009,281026.16,174541.33,106484.83,274784.95,167094.8
BUD0000963,2025,7,CC0017,PC007,549674.21,422144.76,127529.45,560556.04,443333.78
BUD0000964,2025,11,CC0019,PC009,567712.41,450651.61,117060.8,578892.1,444274.76
BUD0000965,2026,3,CC0018,PC008,520069.39,381845.53,138223.86,533753.83,363374.42
BUD0000966,2025,2,CC0017,PC007,258924.31,175273.48,83650.83,244451.04,169223.75
BUD0000967,2025,3,CC0008,PC008,209897.95,123950.98,85946.97,216189.53,132356.86
BUD0000968,2026,1,CC0006,PC006,540043.92,303549.83,236494.09,520382.06,301341.23
BUD0000969,2025,10,CC0015,PC005,620539.16,476115.05,144424.11,632987.61,458717.43
BUD0000970,2025,1,CC0002,PC002,176965.15,109411.93,67553.22,184265.97,110948.59
BUD0000971,2025,4,CC0014,PC004,721803.03,553288.87,168514.16,780448.88,591999.17
BUD0000972,2025,12,CC0001,PC001,686965.54,544836.59,142128.95,695861.51,582243.52
BUD0000973,2025,12,CC0002,PC002,599569.42,360024.4,239545.02,643274.72,363095.5
BUD0000974,2026,11,CC0003,PC003,625243.26,442019.75,183223.51,672950.33,449757.89
BUD0000975,2026,7,CC0005,PC005,553303.82,349037.25,204266.57,564542.55,334039.72
BUD0000976,2025,11,CC0012,PC002,554690.37,380343.42,174346.95,577653.66,385495.08
BUD0000977,2026,6,CC0012,PC002,491134.2,396560.8,94573.4,514474.24,408780.77
BUD0000978,2025,11,CC0016,PC006,747607.07,515554.5,232052.57,803126.78,517395.49
BUD0000979,2025,8,CC0003,PC003,631709.33,492425.35,139283.98,651642.69,512461.66
BUD0000980,2026,8,CC0020,PC010,88688.8,55202.6,33486.2,84352.37,55481.71
BUD0000981,2026,6,CC0008,PC008,567064.83,320771.81,246293.02,603420.02,338574.37
BUD0000982,2026,11,CC0014,PC004,554767.55,407761.48,147006.07,583764.83,399180.02
BUD0000983,2026,1,CC0006,PC006,117068.1,65153.58,51914.52,120113.82,64227.61
BUD0000984,2026,7,CC0018,PC008,707068.33,545315.27,161753.06,680206.31,560918.44
BUD0000985,2026,3,CC0019,PC009,443965.24,299921.3,144043.94,451935.65,313356.64
BUD0000986,2026,2,CC0012,PC002,255731.42,160999.13,94732.29,265160.12,172931.43
BUD0000987,2026,3,CC0016,PC006,131309.03,88468.96,42840.07,126920.3,92808.51
BUD0000988,2025,3,CC0017,PC007,132231.97,100921.5,31310.47,130071.72,97864.6
BUD0000989,2025,2,CC0004,PC004,646825.82,504868.04,141957.78,617937.33,520739.5
BUD0000990,2026,6,CC0017,PC007,82800.2,50830.75,31969.45,87190.33,52947.54
BUD0000991,2025,7,CC0014,PC004,212029.01,158348.13,53680.88,218631.39,165450.39
BUD0000992,2026,1,CC0013,PC003,739794.98,529883.28,209911.7,724287.19,524253.71
BUD0000993,2026,10,CC0012,PC002,105949.68,76040.43,29909.25,112839.93,72530.97
BUD0000994,2026,3,CC0019,PC009,92047.04,60923.25,31123.79,95342.41,61635.46
BUD0000995,2025,10,CC0003,PC003,426156.07,308310.77,117845.3,400724.12,294998.46
BUD0000996,2026,1,CC0019,PC009,81636.74,51549.03,30087.71,77338.75,54404.5
BUD0000997,2025,7,CC0020,PC010,302303.38,201009.98,101293.4,298584.49,193555.76
BUD0000998,2025,5,CC0017,PC007,238784.93,175383.09,63401.84,262385.92,168689.73
BUD0000999,2026,8,CC0012,PC002,377138.0,231671.23,145466.77,356050.52,230663.8
BUD0001000,2026,3,CC0003,PC003,105642.86,72872.45,32770.41,100470.04,71588.06
BUD0001001,2026,9,CC0002,PC002,607729.52,411030.64,196698.88,602790.89,435205.29
BUD0001002,2026,12,CC0010,PC010,504438.85,342985.3,161453.55,543651.59,369449.03
BUD0001003,2026,6,CC0010,PC010,192227.07,150778.23,41448.84,183168.29,161430.69
BUD0001004,2025,8,CC0001,PC001,227723.28,150500.33,77222.95,236964.18,149479.45
BUD0001005,2026,11,CC0004,PC004,552796.04,318437.27,234358.77,589177.69,334999.51
BUD0001006,2025,8,CC0007,PC007,538945.42,360078.46,178866.96,533033.21,360204.61
BUD0001007,2026,10,CC0006,PC006,580830.84,462126.22,118704.62,552818.54,498349.46
BUD0001008,2025,7,CC0018,PC008,541301.78,421495.51,119806.27,549833.02,408241.1
BUD0001009,2026,3,CC0018,PC008,196109.58,136969.22,59140.36,185318.74,144803.64
BUD0001010,2026,2,CC0007,PC007,602887.46,413292.41,189595.05,620815.38,435880.61
BUD0001011,2026,11,CC0001,PC001,202129.72,147389.34,54740.38,200681.44,154253.39
BUD0001012,2026,12,CC0019,PC009,582975.69,392332.56,190643.13,615800.12,381425.75
BUD0001013,2025,7,CC0015,PC005,73493.72,55504.74,17988.98,79076.58,56673.26
BUD0001014,2025,9,CC0015,PC005,240683.96,150914.42,89769.54,234223.0,146208.51
BUD0001015,2025,6,CC0015,PC005,746809.49,556673.01,190136.48,749919.14,562557.11
BUD0001016,2026,7,CC0008,PC008,130321.2,75586.77,54734.43,126762.37,74276.47
BUD0001017,2025,9,CC0017,PC007,720328.55,587125.36,133203.19,779774.97,607670.34
BUD0001018,2025,9,CC0016,PC006,566329.4,319104.55,247224.85,602604.35,330018.5
BUD0001019,2026,4,CC0009,PC009,620625.66,490822.91,129802.75,635046.21,516698.87
BUD0001020,2026,9,CC0015,PC005,721098.04,515499.51,205598.53,758184.09,514323.8
BUD0001021,2025,1,CC0003,PC003,592185.49,432845.99,159339.5,573338.14,412461.87
BUD0001022,2025,8,CC0002,PC002,110671.33,71493.79,39177.54,107416.01,73279.6
BUD0001023,2026,2,CC0011,PC001,338861.54,268345.71,70515.83,359887.15,282050.51
BUD0001024,2026,12,CC0001,PC001,211778.94,146213.91,65565.03,208914.73,141328.89
BUD0001025,2025,2,CC0020,PC010,646260.71,434476.34,211784.37,670605.58,422579.74
BUD0001026,2026,3,CC0019,PC009,169131.55,118801.05,50330.5,171823.27,117122.7
BUD0001027,2025,7,CC0010,PC010,264093.77,202964.06,61129.71,268429.49,203701.65
BUD0001028,2026,5,CC0017,PC007,737840.71,603032.99,134807.72,725681.02,590881.27
BUD0001029,2026,4,CC0016,PC006,582862.12,413668.58,169193.54,629977.7,425787.64
BUD0001030,2026,7,CC0017,PC007,315305.87,239653.43,75652.44,300663.93,229749.63
BUD0001031,2026,8,CC0009,PC009,69187.33,40954.35,28232.98,66369.49,40824.28
BUD0001032,2025,7,CC0006,PC006,460278.13,286324.39,173953.74,486761.88,282177.29
BUD0001033,2025,10,CC0011,PC001,78804.61,43745.48,35059.13,83466.34,43141.25
BUD0001034,2025,7,CC0008,PC008,155211.93,93202.78,62009.15,166325.23,98687.75
BUD0001035,2026,9,CC0013,PC003,72120.27,49610.78,22509.49,75230.96,47293.25
BUD0001036,2025,4,CC0016,PC006,233879.27,168085.93,65793.34,227186.12,171685.72
BUD0001037,2025,4,CC0018,PC008,56220.19,43823.0,12397.19,55594.24,47169.07
BUD0001038,2026,6,CC0020,PC010,92612.05,62303.43,30308.62,90456.59,61506.3
BUD0001039,2026,1,CC0016,PC006,245369.43,192309.17,53060.26,231701.57,184413.84
BUD0001040,2026,11,CC0010,PC010,131748.21,83326.05,48422.16,140480.52,85225.18
BUD0001041,2026,2,CC0003,PC003,347335.91,236254.69,111081.22,361305.99,248008.8
BUD0001042,2025,7,CC0006,PC006,379012.41,232635.13,146377.28,369747.8,240134.39
BUD0001043,2025,9,CC0015,PC005,134385.36,75066.69,59318.67,133366.84,79399.77
BUD0001044,2025,9,CC0015,PC005,536890.68,418341.16,118549.52,534851.7,442424.35
BUD0001045,2025,8,CC0009,PC009,214017.89,140355.84,73662.05,213573.15,144374.05
BUD0001046,2025,10,CC0009,PC009,483463.08,367028.45,116434.63,481758.85,374163.01
BUD0001047,2025,12,CC0004,PC004,440239.01,274628.11,165610.9,469470.32,275497.52
BUD0001048,2026,1,CC0014,PC004,686584.67,432016.73,254567.94,716690.47,410820.5
BUD0001049,2025,11,CC0005,PC005,528253.56,387365.21,140888.35,571089.62,376745.21
BUD0001050,2025,1,CC0010,PC010,363175.76,288229.67,74946.09,376977.08,296490.53
BUD0001051,2026,9,CC0019,PC009,480986.66,353515.0,127471.66,499856.78,340733.33
BUD0001052,2026,3,CC0015,PC005,625941.95,413172.16,212769.79,670149.21,406914.48
BUD0001053,2025,12,CC0013,PC003,374508.66,269398.99,105109.67,407465.65,266990.11
BUD0001054,2025,3,CC0002,PC002,670111.05,440242.38,229868.67,707821.78,456085.92
BUD0001055,2026,2,CC0010,PC010,364058.29,220691.75,143366.54,378070.1,229612.68
BUD0001056,2026,12,CC0020,PC010,364445.1,264898.48,99546.62,345157.45,273498.45
BUD0001057,2025,8,CC0003,PC003,741666.5,560147.82,181518.68,717504.15,575830.9
BUD0001058,2025,6,CC0003,PC003,542661.01,426172.22,116488.79,587762.72,434481.65
BUD0001059,2026,4,CC0020,PC010,536934.6,374430.99,162503.61,506841.53,372751.01
BUD0001060,2025,12,CC0020,PC010,227385.95,166852.3,60533.65,220048.52,167488.68
BUD0001061,2025,6,CC0015,PC005,125348.87,72175.67,53173.2,119605.2,72631.0
BUD0001062,2025,11,CC0012,PC002,67137.46,43429.59,23707.87,72808.48,42116.82
BUD0001063,2026,2,CC0002,PC002,605733.09,391648.53,214084.56,644690.47,389078.33
BUD0001064,2026,5,CC0014,PC004,555850.14,382496.25,173353.89,591871.47,402288.17
BUD0001065,2026,10,CC0020,PC010,359778.1,234968.71,124809.39,346383.8,245949.52
BUD0001066,2026,10,CC0006,PC006,602380.97,363919.2,238461.77,625045.73,387429.36
BUD0001067,2026,4,CC0012,PC002,673524.82,537952.79,135572.03,681535.42,538625.32
BUD0001068,2025,2,CC0001,PC001,67004.48,44369.65,22634.83,70296.71,47304.68
BUD0001069,2026,9,CC0009,PC009,96181.32,62231.78,33949.54,98675.24,65428.57
BUD0001070,2026,5,CC0005,PC005,407983.08,321342.8,86640.28,385838.0,311475.75
BUD0001071,2025,9,CC0017,PC007,138217.17,86066.64,52150.53,139689.17,92068.34
BUD0001072,2025,3,CC0008,PC008,586510.82,335172.38,251338.44,637288.1,338015.61
BUD0001073,2026,2,CC0018,PC008,302440.46,243327.22,59113.24,324059.61,235474.6
BUD0001074,2025,5,CC0020,PC010,721061.08,539395.17,181665.91,693387.49,581779.17
BUD0001075,2026,1,CC0009,PC009,66571.11,48529.78,18041.33,66499.18,51708.98
BUD0001076,2025,4,CC0018,PC008,583095.18,437854.91,145240.27,594900.66,416336.47
BUD0001077,2025,10,CC0015,PC005,312236.59,229242.1,82994.49,327503.71,232181.57
BUD0001078,2025,7,CC0002,PC002,372658.37,257198.19,115460.18,404263.93,269178.2
BUD0001079,2025,4,CC0001,PC001,288293.37,162469.18,125824.19,277737.69,171710.97
BUD0001080,2026,6,CC0002,PC002,589626.16,471553.84,118072.32,571198.36,503411.74
BUD0001081,2025,4,CC0020,PC010,537660.55,305128.97,232531.58,560530.77,320265.16
BUD0001082,2025,10,CC0004,PC004,59335.81,47427.84,11907.97,57017.94,46911.61
BUD0001083,2026,12,CC0009,PC009,663863.2,460006.69,203856.51,668293.59,489229.14
BUD0001084,2025,5,CC0007,PC007,400197.02,254867.14,145329.88,435938.43,256383.99
BUD0001085,2026,9,CC0011,PC001,522442.2,330383.31,192058.89,519336.7,340030.46
BUD0001086,2026,10,CC0001,PC001,492481.47,341591.33,150890.14,476806.21,366969.15
BUD0001087,2026,4,CC0010,PC010,176921.19,102648.66,74272.53,168600.28,100889.56
BUD0001088,2025,4,CC0017,PC007,481757.54,304909.97,176847.57,474477.52,306329.25
BUD0001089,2025,8,CC0015,PC005,347904.24,265045.24,82859.0,349487.35,281139.31
BUD0001090,2025,1,CC0008,PC008,374183.74,300808.18,73375.56,370420.98,322909.12
BUD0001091,2026,11,CC0008,PC008,242389.49,192088.14,50301.35,236366.79,198715.44
BUD0001092,2026,12,CC0015,PC005,123417.53,75087.47,48330.06,116716.61,79312.64
BUD0001093,2026,10,CC0014,PC004,551933.4,334456.04,217477.36,581409.23,336168.24
BUD0001094,2025,9,CC0011,PC001,456314.96,270924.56,185390.4,451473.93,281162.28
BUD0001095,2026,11,CC0003,PC003,587169.6,408888.56,178281.04,604204.41,422935.9
BUD0001096,2026,5,CC0003,PC003,347661.42,218489.76,129171.66,368454.85,219821.41
BUD0001097,2025,3,CC0005,PC005,222175.09,124218.66,97956.43,215440.27,129231.43
BUD0001098,2025,3,CC0009,PC009,72366.82,44849.51,27517.31,71062.03,44350.17
BUD0001099,2026,6,CC0011,PC001,480067.43,298790.99,181276.44,510147.26,285545.07
BUD0001100,2025,9,CC0004,PC004,558884.6,325107.84,233776.76,612417.76,342132.35
BUD0001101,2025,8,CC0008,PC008,321474.04,201141.92,120332.12,345638.78,192287.85
BUD0001102,2025,4,CC0016,PC006,518121.32,406660.79,111460.53,550338.81,391346.33
BUD0001103,2026,11,CC0020,PC010,457437.9,349198.23,108239.67,452659.83,339008.03
BUD0001104,2025,11,CC0016,PC006,447370.81,366569.19,80801.62,466962.32,350861.1
BUD0001105,2026,10,CC0006,PC006,125484.09,71517.23,53966.86,135716.32,74418.15
BUD0001106,2025,3,CC0011,PC001,430496.49,310434.28,120062.21,426485.51,327654.95
BUD0001107,2025,9,CC0006,PC006,740607.88,572106.32,168501.56,701799.69,561534.24
BUD0001108,2025,10,CC0002,PC002,437188.61,317873.73,119314.88,426024.55,324537.49
BUD0001109,2026,3,CC0016,PC006,244267.29,153843.5,90423.79,265143.42,147152.92
BUD0001110,2026,9,CC0018,PC008,237815.09,153511.42,84303.67,261195.27,150179.61
BUD0001111,2026,9,CC0011,PC001,81193.73,60204.02,20989.71,78684.09,57429.27
BUD0001112,2025,8,CC0008,PC008,65841.77,52892.84,12948.93,64830.49,56972.69
BUD0001113,2026,4,CC0014,PC004,649612.49,399614.71,249997.78,696019.95,384009.37
BUD0001114,2025,11,CC0014,PC004,184558.61,109401.14,75157.47,193330.82,117908.68
BUD0001115,2025,5,CC0006,PC006,306699.16,222580.94,84118.22,293317.14,212306.38
BUD0001116,2026,1,CC0013,PC003,64623.27,43434.07,21189.2,65643.65,44075.52
BUD0001117,2025,3,CC0015,PC005,366263.58,266839.48,99424.1,353096.88,282040.67
BUD0001118,2026,10,CC0014,PC004,638950.4,387123.14,251827.26,603128.77,386677.23
BUD0001119,2026,2,CC0007,PC007,653918.09,421672.7,232245.39,651429.42,430115.5
BUD0001120,2026,5,CC0001,PC001,442580.29,279284.11,163296.18,458962.58,299204.07
BUD0001121,2026,2,CC0016,PC006,419443.83,340231.82,79212.01,428969.12,325484.97
BUD0001122,2025,8,CC0020,PC010,346792.95,195067.06,151725.89,361276.87,209121.74
BUD0001123,2025,12,CC0019,PC009,304783.48,224082.4,80701.08,325621.41,216904.08
BUD0001124,2025,8,CC0009,PC009,97741.89,60399.89,37342.0,98683.17,60782.13
BUD0001125,2025,5,CC0018,PC008,364990.64,227041.88,137948.76,383337.75,229185.41
BUD0001126,2026,4,CC0015,PC005,367471.28,279619.99,87851.29,397436.13,286550.17
BUD0001127,2025,9,CC0016,PC006,602242.23,409082.31,193159.92,625642.14,438751.22
BUD0001128,2026,5,CC0011,PC001,716008.4,583265.1,132743.3,772775.61,592144.37
BUD0001129,2025,11,CC0016,PC006,655535.85,401890.14,253645.71,617704.15,427248.49
BUD0001130,2025,1,CC0004,PC004,724149.6,516311.39,207838.21,719650.16,552745.53
BUD0001131,2026,4,CC0018,PC008,673386.58,405966.82,267419.76,730385.81,406612.66
BUD0001132,2026,9,CC0019,PC009,584255.79,380735.67,203520.12,578325.6,362716.63
BUD0001133,2026,1,CC0008,PC008,722293.6,415473.88,306819.72,732416.67,402981.74
BUD0001134,2026,5,CC0015,PC005,167428.05,116617.51,50810.54,171353.89,123881.16
BUD0001135,2025,8,CC0016,PC006,334745.7,194824.91,139920.79,327446.57,204447.96
BUD0001136,2026,11,CC0002,PC002,696624.95,526129.15,170495.8,741732.14,535561.37
BUD0001137,2026,1,CC0011,PC001,721914.79,495063.88,226850.91,729297.3,520288.95
BUD0001138,2025,6,CC0001,PC001,51437.01,33059.83,18377.18,56293.15,33075.19
BUD0001139,2025,1,CC0012,PC002,632001.84,349752.33,282249.51,652213.16,334117.42
BUD0001140,2025,9,CC0019,PC009,287578.15,218774.1,68804.05,278576.31,234569.15
BUD0001141,2025,11,CC0010,PC010,377784.27,249926.4,127857.87,395377.63,267180.86
BUD0001142,2026,4,CC0015,PC005,648266.93,362019.98,286246.95,705581.09,360645.64
BUD0001143,2026,12,CC0015,PC005,432977.1,335333.49,97643.61,464474.65,345528.0
BUD0001144,2026,5,CC0017,PC007,82610.01,63438.38,19171.63,86922.81,66464.56
BUD0001145,2025,5,CC0015,PC005,131178.59,97538.62,33639.97,137096.42,100701.58
BUD0001146,2025,11,CC0001,PC001,434958.33,320333.84,114624.49,474506.27,319841.76
BUD0001147,2025,9,CC0008,PC008,696270.67,535990.52,160280.15,752066.83,572065.19
BUD0001148,2025,2,CC0014,PC004,517181.74,380287.31,136894.43,539539.97,390087.23
BUD0001149,2025,11,CC0012,PC002,519264.51,381609.28,137655.23,568779.05,380147.92
BUD0001150,2026,11,CC0008,PC008,387740.67,270605.81,117134.86,415943.94,279947.56
BUD0001151,2025,8,CC0001,PC001,358046.36,199542.34,158504.02,368398.73,197032.72
BUD0001152,2026,11,CC0001,PC001,432295.26,341063.13,91232.13,410444.41,330243.12
BUD0001153,2025,9,CC0003,PC003,627759.27,376054.57,251704.7,677260.82,378314.33
BUD0001154,2026,1,CC0009,PC009,741306.07,581745.26,159560.81,718183.04,579081.14
BUD0001155,2026,12,CC0018,PC008,488605.43,394592.15,94013.28,506171.62,382985.21
BUD0001156,2025,9,CC0009,PC009,507984.64,383447.17,124537.47,531573.13,398212.66
BUD0001157,2026,2,CC0007,PC007,661884.75,432430.56,229454.19,657542.02,428856.63
BUD0001158,2026,4,CC0005,PC005,493560.52,370139.63,123420.89,466755.32,374897.19
BUD0001159,2025,3,CC0020,PC010,119462.1,82114.16,37347.94,127264.16,83310.6
BUD0001160,2026,1,CC0020,PC010,386642.19,222906.38,163735.81,396138.5,230071.19
BUD0001161,2025,8,CC0001,PC001,685074.59,522494.27,162580.32,667106.17,517046.27
BUD0001162,2025,5,CC0020,PC010,569569.84,393562.98,176006.86,556841.39,403515.59
BUD0001163,2025,5,CC0007,PC007,223041.2,145143.27,77897.93,228231.93,146458.83
BUD0001164,2026,12,CC0020,PC010,489155.32,305539.66,183615.66,502202.7,329230.68
BUD0001165,2026,5,CC0008,PC008,574369.53,433265.79,141103.74,603271.46,428990.99
BUD0001166,2026,1,CC0013,PC003,732102.38,516545.95,215556.43,691877.62,501055.57
BUD0001167,2025,11,CC0005,PC005,381724.91,217732.53,163992.38,390470.11,230046.48
BUD0001168,2025,9,CC0008,PC008,406867.45,306892.43,99975.02,402589.49,296260.54
BUD0001169,2025,7,CC0002,PC002,198123.13,127308.82,70814.31,199052.12,121812.12
BUD0001170,2025,3,CC0015,PC005,674939.69,471181.5,203758.19,714346.23,480404.21
BUD0001171,2025,11,CC0012,PC002,279550.03,162643.79,116906.24,287907.83,158115.26
BUD0001172,2026,6,CC0002,PC002,569385.77,338597.87,230787.9,588284.93,345123.32
BUD0001173,2026,10,CC0018,PC008,158831.74,91076.19,67755.55,169994.43,91927.07
BUD0001174,2026,9,CC0010,PC010,600838.49,366792.56,234045.93,587828.41,373579.07
BUD0001175,2026,1,CC0019,PC009,185580.28,147967.3,37612.98,184423.91,155903.52
BUD0001176,2026,8,CC0019,PC009,167930.41,111929.93,56000.48,166406.86,120856.26
BUD0001177,2025,6,CC0009,PC009,314523.28,174146.92,140376.36,300744.06,173031.4
BUD0001178,2026,5,CC0017,PC007,199915.09,114845.65,85069.44,200225.91,109977.67
BUD0001179,2025,3,CC0004,PC004,670570.24,432196.0,238374.24,666063.56,416289.13
BUD0001180,2025,11,CC0008,PC008,341053.49,245541.06,95512.43,355107.85,260975.23
BUD0001181,2025,1,CC0003,PC003,640125.02,361222.01,278903.01,697827.57,347972.99
BUD0001182,2026,7,CC0013,PC003,667995.35,429884.25,238111.1,724057.69,437769.38
BUD0001183,2025,12,CC0002,PC002,570181.77,330711.57,239470.2,596699.54,322713.05
BUD0001184,2025,12,CC0006,PC006,589742.89,424665.93,165076.96,631351.65,431623.1
BUD0001185,2026,9,CC0007,PC007,723349.69,538979.34,184370.35,775709.95,542498.48
BUD0001186,2025,4,CC0017,PC007,255286.71,153215.2,102071.51,244904.35,153266.86
BUD0001187,2026,9,CC0018,PC008,550500.62,310115.82,240384.8,584054.78,317464.03
BUD0001188,2026,10,CC0004,PC004,507115.54,355330.87,151784.67,541442.61,356531.18
BUD0001189,2026,7,CC0002,PC002,312656.09,183313.71,129342.38,330793.22,181193.23
BUD0001190,2025,11,CC0009,PC009,627869.19,450021.04,177848.15,602178.52,435587.94
BUD0001191,2025,9,CC0020,PC010,115428.63,94196.72,21231.91,123006.97,96201.61
BUD0001192,2025,11,CC0004,PC004,251121.7,176808.6,74313.1,242120.25,175161.1
BUD0001193,2026,5,CC0003,PC003,228595.76,163747.17,64848.59,226206.74,167017.27
BUD0001194,2025,6,CC0012,PC002,558965.75,308535.86,250429.89,574704.45,324654.33
BUD0001195,2026,10,CC0014,PC004,130294.71,98062.09,32232.62,124777.18,104820.63
BUD0001196,2026,1,CC0012,PC002,234531.83,175295.42,59236.41,232235.42,172173.41
BUD0001197,2026,3,CC0017,PC007,563001.46,320771.72,242229.74,599167.31,344250.36
BUD0001198,2025,11,CC0007,PC007,265447.69,154298.95,111148.74,269051.95,162742.72
BUD0001199,2026,2,CC0003,PC003,275434.29,163862.8,111571.49,285704.27,157993.55
BUD0001200,2025,11,CC0012,PC002,125093.53,92806.45,32287.08,129889.92,94361.62
BUD0001201,2026,6,CC0009,PC009,593405.16,484544.94,108860.22,572036.54,495580.05
BUD0001202,2025,5,CC0003,PC003,311721.49,187763.8,123957.69,303100.56,189130.12
BUD0001203,2025,3,CC0014,PC004,477933.76,350718.36,127215.4,503615.86,355840.29
BUD0001204,2026,11,CC0002,PC002,158570.51,89933.41,68637.1,164316.89,95913.23
BUD0001205,2025,4,CC0015,PC005,566717.58,323819.02,242898.56,550374.0,318446.59
BUD0001206,2025,8,CC0014,PC004,167866.26,96662.2,71204.06,180453.25,93063.02
BUD0001207,2025,5,CC0008,PC008,533125.04,413154.55,119970.49,504087.49,425129.87
BUD0001208,2025,7,CC0017,PC007,206970.0,148551.05,58418.95,222737.18,146893.95
BUD0001209,2026,3,CC0020,PC010,343147.33,248556.46,94590.87,326054.4,265276.19
BUD0001210,2025,2,CC0009,PC009,76433.96,45020.58,31413.38,80169.33,42876.59
BUD0001211,2025,3,CC0007,PC007,644129.55,502509.78,141619.77,654250.69,497423.14
BUD0001212,2025,12,CC0015,PC005,709238.47,450836.32,258402.15,737951.55,454267.21
BUD0001213,2026,9,CC0003,PC003,392789.61,250740.63,142048.98,412757.93,262933.48
BUD0001214,2026,2,CC0002,PC002,240243.27,134858.04,105385.23,244241.87,140270.51
BUD0001215,2025,2,CC0013,PC003,151689.5,85911.12,65778.38,163579.67,84063.92
BUD0001216,2025,1,CC0012,PC002,411177.12,227493.91,183683.21,421328.87,235193.26
BUD0001217,2026,11,CC0007,PC007,160636.11,91442.15,69193.96,170240.11,96820.62
BUD0001218,2026,10,CC0002,PC002,517939.11,394726.53,123212.58,568416.84,418116.7
BUD0001219,2025,9,CC0009,PC009,361762.28,281738.2,80024.08,374010.47,289819.55
BUD0001220,2025,4,CC0006,PC006,392143.38,272495.12,119648.26,419753.06,294145.25
BUD0001221,2026,7,CC0002,PC002,643273.98,487152.77,156121.21,675236.2,512521.57
BUD0001222,2025,7,CC0008,PC008,584076.8,443008.18,141068.62,567261.4,468334.48
BUD0001223,2025,1,CC0012,PC002,518836.38,341910.36,176926.02,567945.3,355901.45
BUD0001224,2026,6,CC0015,PC005,145366.76,98038.02,47328.74,147753.03,100493.49
BUD0001225,2026,9,CC0004,PC004,420681.55,280933.53,139748.02,460489.13,284399.43
BUD0001226,2025,7,CC0012,PC002,258573.3,207582.13,50991.17,254181.7,208863.22
BUD0001227,2026,2,CC0014,PC004,259854.41,174270.19,85584.22,255935.04,165714.01
BUD0001228,2025,1,CC0013,PC003,425927.88,315244.59,110683.29,410557.75,320315.76
BUD0001229,2025,8,CC0020,PC010,267293.36,192958.92,74334.44,284178.36,194809.23
BUD0001230,2025,5,CC0010,PC010,451752.88,259930.06,191822.82,484894.34,276514.82
BUD0001231,2025,6,CC0012,PC002,365799.77,207705.29,158094.48,383825.05,222351.6
BUD0001232,2025,1,CC0010,PC010,621809.95,366253.31,255556.64,656896.44,386821.27
BUD0001233,2026,4,CC0012,PC002,703518.34,452218.64,251299.7,737258.94,450075.7
BUD0001234,2025,12,CC0016,PC006,567795.16,413406.77,154388.39,584192.71,403406.75
BUD0001235,2025,8,CC0005,PC005,376855.14,213649.47,163205.67,403489.12,223297.1
BUD0001236,2026,7,CC0018,PC008,551926.56,407048.94,144877.62,557811.11,418580.94
BUD0001237,2026,5,CC0014,PC004,646908.71,413895.85,233012.86,635064.32,420521.73
BUD0001238,2025,9,CC0002,PC002,97633.83,58742.81,38891.02,103080.47,62236.13
BUD0001239,2025,1,CC0014,PC004,690864.84,432408.34,258456.5,663748.75,463846.27
BUD0001240,2026,10,CC0007,PC007,402084.2,249164.21,152919.99,390482.8,264115.93
BUD0001241,2026,10,CC0020,PC010,334624.56,215994.4,118630.16,315170.59,206984.05
BUD0001242,2026,2,CC0008,PC008,213409.07,136153.02,77256.05,210157.03,136707.81
BUD0001243,2025,8,CC0018,PC008,179276.85,101613.85,77663.0,179978.2,101814.82
BUD0001244,2025,11,CC0004,PC004,511520.8,291590.33,219930.47,556931.6,301462.72
BUD0001245,2026,4,CC0012,PC002,88122.57,60176.03,27946.54,93071.49,63798.39
BUD0001246,2025,7,CC0012,PC002,337798.09,189024.27,148773.82,343288.93,195489.47
BUD0001247,2025,7,CC0012,PC002,523457.3,375674.93,147782.37,510551.64,367958.82
BUD0001248,2025,4,CC0005,PC005,348589.68,220928.87,127660.81,328175.94,227378.59
BUD0001249,2026,4,CC0001,PC001,452261.0,312620.76,139640.24,477470.23,315927.67
BUD0001250,2025,5,CC0004,PC004,682763.77,442522.08,240241.69,709003.55,431937.32
BUD0001251,2026,1,CC0019,PC009,173596.73,131880.39,41716.34,167138.88,135989.93
BUD0001252,2026,8,CC0017,PC007,170284.38,130682.74,39601.64,174993.92,125657.32
BUD0001253,2025,8,CC0014,PC004,442850.49,358368.39,84482.1,476565.12,361741.75
BUD0001254,2025,5,CC0015,PC005,499896.91,359617.06,140279.85,512167.08,349099.26
BUD0001255,2026,8,CC0013,PC003,450037.93,361489.5,88548.43,459189.39,359682.68
BUD0001256,2026,6,CC0009,PC009,536806.71,424880.51,111926.2,535955.13,447530.61
BUD0001257,2026,11,CC0015,PC005,293077.28,162374.25,130703.03,293954.07,163485.01
BUD0001258,2026,1,CC0004,PC004,257894.65,179518.06,78376.59,255819.54,170616.34
BUD0001259,2026,5,CC0003,PC003,285492.23,174334.72,111157.51,270354.34,179022.7
BUD0001260,2025,2,CC0007,PC007,535486.7,364289.8,171196.9,504689.62,363599.79
BUD0001261,2025,9,CC0003,PC003,350734.64,257364.09,93370.55,341174.06,248164.44
BUD0001262,2026,5,CC0011,PC001,402467.62,296779.88,105687.74,389066.12,318421.07
BUD0001263,2025,11,CC0001,PC001,66671.96,42459.73,24212.23,65393.42,43886.32
BUD0001264,2025,8,CC0016,PC006,707207.76,440350.76,266857.0,759366.1,427021.14
BUD0001265,2026,11,CC0012,PC002,85602.74,47560.55,38042.19,88220.49,49600.82
BUD0001266,2026,3,CC0008,PC008,291640.01,210758.35,80881.66,303527.97,221039.79
BUD0001267,2025,4,CC0018,PC008,342832.51,255555.66,87276.85,347975.5,243823.43
BUD0001268,2026,11,CC0012,PC002,571211.92,380490.9,190721.02,562623.61,363065.4
BUD0001269,2025,8,CC0004,PC004,396156.85,286978.64,109178.21,412423.33,279438.28
BUD0001270,2026,11,CC0020,PC010,208700.79,157694.6,51006.19,209059.57,152393.33
BUD0001271,2026,10,CC0019,PC009,357180.37,224355.15,132825.22,362433.22,231506.31
BUD0001272,2025,9,CC0011,PC001,259030.93,143455.35,115575.58,262226.62,145045.12
BUD0001273,2026,2,CC0014,PC004,103815.14,82912.79,20902.35,106072.5,87929.48
BUD0001274,2026,8,CC0002,PC002,346565.39,210072.48,136492.91,352860.51,216047.14
BUD0001275,2026,3,CC0003,PC003,351657.85,244233.59,107424.26,384758.87,253042.45
BUD0001276,2026,10,CC0014,PC004,328265.36,190326.74,137938.62,320032.22,187625.07
BUD0001277,2025,8,CC0001,PC001,156700.61,97821.69,58878.92,168918.8,99903.16
BUD0001278,2025,12,CC0014,PC004,669191.82,463803.27,205388.55,653890.81,443003.46
BUD0001279,2025,5,CC0008,PC008,108202.87,70440.08,37762.79,103561.92,75571.74
BUD0001280,2026,9,CC0001,PC001,344314.41,206579.96,137734.45,355117.69,211785.2
BUD0001281,2026,11,CC0019,PC009,669907.45,502533.27,167374.18,713176.65,485408.14
BUD0001282,2026,7,CC0015,PC005,223077.95,125756.89,97321.06,223403.2,135554.8
BUD0001283,2026,5,CC0020,PC010,353999.76,206085.1,147914.66,353761.42,220208.97
BUD0001284,2026,3,CC0003,PC003,616556.03,355441.35,261114.68,617023.15,361757.64
BUD0001285,2025,12,CC0003,PC003,125200.15,87831.21,37368.94,131127.95,86286.56
BUD0001286,2026,9,CC0014,PC004,256647.92,173511.85,83136.07,250325.44,185109.09
BUD0001287,2026,1,CC0019,PC009,67643.82,51990.0,15653.82,65449.14,50574.27
BUD0001288,2025,10,CC0003,PC003,506213.29,349923.9,156289.39,529414.75,343112.3
BUD0001289,2026,2,CC0012,PC002,580825.68,324328.94,256496.74,624577.09,312767.27
BUD0001290,2025,7,CC0006,PC006,212497.9,122903.45,89594.45,218886.91,125351.71
BUD0001291,2026,10,CC0019,PC009,459199.29,324509.11,134690.18,448499.04,315582.41
BUD0001292,2025,3,CC0017,PC007,363962.57,216749.51,147213.06,377534.9,227507.37
BUD0001293,2026,7,CC0018,PC008,134314.15,84277.48,50036.67,127173.02,87056.6
BUD0001294,2026,10,CC0013,PC003,346115.97,220052.89,126063.08,354518.57,215975.51
BUD0001295,2025,10,CC0010,PC010,463255.14,325038.72,138216.42,475283.79,330900.42
BUD0001296,2025,5,CC0011,PC001,499665.95,293949.58,205716.37,502084.51,280853.58
BUD0001297,2026,9,CC0006,PC006,220397.15,174736.06,45661.09,237659.29,179651.98
BUD0001298,2026,5,CC0013,PC003,604935.4,448250.46,156684.94,641697.21,443450.63
BUD0001299,2025,5,CC0014,PC004,415789.67,231983.63,183806.04,443877.2,236900.72
BUD0001300,2026,12,CC0019,PC009,374269.02,302739.96,71529.06,368554.88,325431.44
BUD0001301,2025,10,CC0011,PC001,558824.36,358817.1,200007.26,593584.62,371823.75
BUD0001302,2026,3,CC0004,PC004,358655.08,213358.25,145296.83,381840.18,216091.37
BUD0001303,2025,10,CC0010,PC010,266259.21,150354.5,115904.71,288578.21,152841.23
BUD0001304,2025,10,CC0011,PC001,587155.34,426030.48,161124.86,558349.65,424222.58
BUD0001305,2025,6,CC0015,PC005,521537.76,312105.41,209432.35,506557.26,302288.48
BUD0001306,2026,12,CC0015,PC005,709953.07,554931.56,155021.51,688007.72,573699.8
BUD0001307,2025,7,CC0017,PC007,299472.83,237054.76,62418.07,315727.56,249071.69
BUD0001308,2025,11,CC0012,PC002,350301.05,196796.72,153504.33,350128.01,192898.44
BUD0001309,2026,12,CC0004,PC004,641369.43,363444.35,277925.08,671416.73,357626.51
BUD0001310,2025,9,CC0010,PC010,509687.84,284734.01,224953.83,540694.17,304298.08
BUD0001311,2026,3,CC0011,PC001,219573.25,126289.42,93283.83,207983.6,124439.28
BUD0001312,2025,11,CC0012,PC002,135498.34,107245.04,28253.3,137299.99,106831.18
BUD0001313,2026,7,CC0002,PC002,358834.94,269009.18,89825.76,389108.27,279434.2
BUD0001314,2026,9,CC0018,PC008,290488.22,222073.13,68415.09,288158.48,231303.77
BUD0001315,2025,10,CC0007,PC007,143470.05,106304.02,37166.03,138321.48,109619.51
BUD0001316,2026,12,CC0008,PC008,648148.82,413194.38,234954.44,686246.83,438593.7
BUD0001317,2025,8,CC0004,PC004,727784.31,529358.33,198425.98,796336.05,561931.31
BUD0001318,2026,6,CC0013,PC003,686228.97,502857.0,183371.97,739414.4,525531.93
BUD0001319,2026,2,CC0006,PC006,441329.04,352602.0,88727.04,456292.39,341780.01
BUD0001320,2025,3,CC0017,PC007,340093.67,190860.14,149233.53,358427.24,197449.27
BUD0001321,2025,3,CC0012,PC002,354576.03,226230.03,128346.0,360196.25,242850.16
BUD0001322,2026,10,CC0010,PC010,117565.27,92302.46,25262.81,115835.31,96492.48
BUD0001323,2025,7,CC0020,PC010,180484.03,145765.63,34718.4,196010.0,156856.21
BUD0001324,2025,2,CC0008,PC008,392553.21,266553.98,125999.23,378645.65,274529.48
BUD0001325,2026,6,CC0011,PC001,565074.99,390074.46,175000.53,555400.02,404724.34
BUD0001326,2025,4,CC0013,PC003,265469.3,171294.7,94174.6,271855.81,177792.2
BUD0001327,2025,4,CC0016,PC006,317251.79,250037.9,67213.89,320026.33,256012.06
BUD0001328,2025,4,CC0013,PC003,574493.88,406841.26,167652.62,594656.77,436597.0
BUD0001329,2026,10,CC0001,PC001,152971.37,114518.79,38452.58,144439.87,113882.27
BUD0001330,2025,4,CC0005,PC005,456235.97,253211.62,203024.35,445577.53,266811.34
BUD0001331,2025,2,CC0001,PC001,308296.61,183178.4,125118.21,322890.42,183720.31
BUD0001332,2025,4,CC0013,PC003,225489.65,164494.56,60995.09,229979.65,174519.71
BUD0001333,2025,7,CC0012,PC002,246502.14,200532.86,45969.28,249469.56,211587.72
BUD0001334,2026,6,CC0011,PC001,249983.77,187470.03,62513.74,257551.02,186659.36
BUD0001335,2026,11,CC0005,PC005,499664.44,285016.17,214648.27,538342.56,306750.96
BUD0001336,2025,2,CC0004,PC004,156058.75,99029.26,57029.49,153704.52,95175.88
BUD0001337,2025,2,CC0014,PC004,529783.0,385934.18,143848.82,529037.86,397288.69
BUD0001338,2026,5,CC0015,PC005,85942.76,48266.81,37675.95,91550.2,47169.83
BUD0001339,2026,1,CC0001,PC001,659402.81,466910.05,192492.76,669772.8,448013.2
BUD0001340,2026,6,CC0001,PC001,181874.64,137396.83,44477.81,195576.5,138350.98
BUD0001341,2025,10,CC0014,PC004,217321.73,173470.16,43851.57,212383.95,184410.88
BUD0001342,2025,4,CC0007,PC007,520920.92,384455.27,136465.65,558078.61,378134.23
BUD0001343,2026,10,CC0019,PC009,166780.58,123044.39,43736.19,171565.14,122719.31
BUD0001344,2026,1,CC0002,PC002,265935.84,188383.13,77552.71,265215.53,183144.58
BUD0001345,2026,8,CC0010,PC010,375759.93,292243.46,83516.47,370822.21,285617.41
BUD0001346,2026,6,CC0016,PC006,628015.37,509264.23,118751.14,667996.31,549816.46
BUD0001347,2025,2,CC0014,PC004,439534.17,357815.92,81718.25,451261.59,341210.39
BUD0001348,2025,5,CC0011,PC001,198345.66,126223.49,72122.17,211191.34,134281.86
BUD0001349,2025,3,CC0011,PC001,724407.33,458747.99,265659.34,712398.3,452679.1
BUD0001350,2025,7,CC0015,PC005,408141.04,227395.83,180745.21,423954.38,232725.14
BUD0001351,2026,1,CC0008,PC008,551591.03,433244.66,118346.37,581123.05,453556.8
BUD0001352,2025,5,CC0020,PC010,658272.88,490419.17,167853.71,716618.05,494583.21
BUD0001353,2026,9,CC0012,PC002,362881.8,201662.01,161219.79,369111.96,211769.05
BUD0001354,2026,5,CC0018,PC008,640845.02,378424.71,262420.31,666243.61,374291.67
BUD0001355,2026,7,CC0010,PC010,523312.59,391175.24,132137.35,492730.38,381454.61
BUD0001356,2026,10,CC0013,PC003,315434.12,215824.71,99609.41,321541.56,211900.57
BUD0001357,2026,7,CC0014,PC004,376919.63,255380.86,121538.77,372304.99,248723.84
BUD0001358,2025,4,CC0009,PC009,644331.82,416186.4,228145.42,654860.72,446926.64
BUD0001359,2025,10,CC0012,PC002,542312.7,436931.32,105381.38,555006.66,437585.85
BUD0001360,2025,2,CC0017,PC007,463139.14,328550.87,134588.27,440417.34,315137.65
BUD0001361,2025,7,CC0011,PC001,679863.77,542862.71,137001.06,705075.23,559759.63
BUD0001362,2025,7,CC0002,PC002,70611.23,46775.74,23835.49,67480.43,46295.23
BUD0001363,2026,2,CC0016,PC006,88233.76,67498.51,20735.25,91095.12,67354.06
BUD0001364,2025,12,CC0001,PC001,283236.55,224369.66,58866.89,290403.06,223164.67
BUD0001365,2025,7,CC0017,PC007,118177.07,70652.63,47524.44,126956.54,73718.91
BUD0001366,2025,2,CC0019,PC009,644921.15,435801.26,209119.89,641085.89,446378.74
BUD0001367,2025,1,CC0018,PC008,441719.49,321083.16,120636.33,452797.51,324203.17
BUD0001368,2026,1,CC0017,PC007,669402.04,430717.75,238684.29,645927.52,457966.5
BUD0001369,2026,4,CC0020,PC010,383259.7,252436.99,130822.71,367905.94,252197.85
BUD0001370,2026,3,CC0003,PC003,272386.7,177177.38,95209.32,287787.5,174069.03
BUD0001371,2026,9,CC0001,PC001,222642.22,129286.4,93355.82,235970.99,133077.61
BUD0001372,2026,6,CC0007,PC007,305016.89,171303.65,133713.24,334379.13,175212.78
BUD0001373,2026,6,CC0007,PC007,119992.86,84842.55,35150.31,128417.66,85972.18
BUD0001374,2025,6,CC0016,PC006,285727.19,206137.79,79589.4,274445.93,200933.44
BUD0001375,2026,4,CC0019,PC009,295626.35,204402.89,91223.46,283151.15,196088.86
BUD0001376,2026,6,CC0014,PC004,673023.11,546102.18,126920.93,736622.83,580465.36
BUD0001377,2026,1,CC0002,PC002,221706.19,145324.62,76381.57,226590.96,155409.62
BUD0001378,2026,3,CC0001,PC001,109084.14,85920.19,23163.95,111984.62,91265.73
BUD0001379,2026,7,CC0011,PC001,73132.36,52688.7,20443.66,75752.9,50191.24
BUD0001380,2026,3,CC0002,PC002,331612.92,219469.38,112143.54,324067.56,215116.92
BUD0001381,2025,1,CC0013,PC003,443080.57,305168.62,137911.95,452964.97,292543.65
BUD0001382,2026,7,CC0016,PC006,498986.32,307847.76,191138.56,499776.57,301315.53
BUD0001383,2026,5,CC0010,PC010,479893.6,359470.45,120423.15,453687.15,383804.56
BUD0001384,2025,6,CC0008,PC008,359513.4,234629.78,124883.62,376188.49,229418.53
BUD0001385,2026,4,CC0020,PC010,591077.96,408061.92,183016.04,594868.34,408781.19
BUD0001386,2026,11,CC0004,PC004,707933.79,532687.98,175245.81,696733.46,564189.07
BUD0001387,2025,5,CC0004,PC004,230911.79,164155.28,66756.51,251750.95,171627.86
BUD0001388,2026,10,CC0013,PC003,329384.0,210875.27,118508.73,339789.23,211543.41
BUD0001389,2026,12,CC0020,PC010,281920.92,187292.56,94628.36,286081.7,191255.09
BUD0001390,2026,4,CC0013,PC003,368603.33,286695.55,81907.78,365642.95,274778.64
BUD0001391,2026,6,CC0019,PC009,437299.01,302939.11,134359.9,439390.19,323315.49
BUD0001392,2025,11,CC0005,PC005,74951.79,43779.84,31171.95,78356.43,47032.57
BUD0001393,2026,2,CC0011,PC001,148169.0,113992.43,34176.57,157876.93,114940.51
BUD0001394,2025,1,CC0011,PC001,654963.16,392776.14,262187.02,658178.42,384060.02
BUD0001395,2026,7,CC0008,PC008,731141.86,410114.8,321027.06,727857.27,394307.17
BUD0001396,2026,9,CC0008,PC008,555615.97,425712.75,129903.22,525152.87,420042.09
BUD0001397,2026,3,CC0015,PC005,537276.7,372989.32,164287.38,516159.16,395447.3
BUD0001398,2025,9,CC0019,PC009,124839.56,70782.96,54056.6,135000.33,68309.64
BUD0001399,2025,6,CC0006,PC006,259916.07,166653.8,93262.27,251852.64,172190.33
BUD0001400,2025,1,CC0012,PC002,613355.63,463634.46,149721.17,614705.35,444154.18
BUD0001401,2026,7,CC0017,PC007,321769.82,243548.56,78221.26,349351.64,247950.28
BUD0001402,2025,8,CC0006,PC006,396028.07,275251.48,120776.59,434504.28,274664.92
BUD0001403,2026,2,CC0001,PC001,221184.53,168490.42,52694.11,211481.16,160954.22
BUD0001404,2025,2,CC0018,PC008,300119.95,234360.89,65759.06,313317.7,231363.51
BUD0001405,2025,4,CC0007,PC007,557382.56,450729.91,106652.65,583079.56,429141.31
BUD0001406,2025,12,CC0016,PC006,558083.49,449981.76,108101.73,599075.58,431261.03
BUD0001407,2026,11,CC0020,PC010,333243.28,261167.73,72075.55,337689.55,278181.82
BUD0001408,2026,11,CC0010,PC010,261929.78,193654.45,68275.33,263914.15,186384.68
BUD0001409,2026,10,CC0012,PC002,708640.65,432368.35,276272.3,670152.38,420217.55
BUD0001410,2026,7,CC0010,PC010,315218.6,236031.99,79186.61,319316.83,236499.85
BUD0001411,2026,6,CC0007,PC007,697373.39,434008.97,263364.42,694800.19,447233.81
BUD0001412,2025,5,CC0011,PC001,183799.42,108449.64,75349.78,199380.86,104481.9
BUD0001413,2026,5,CC0015,PC005,270974.66,180348.29,90626.37,295765.51,179511.52
BUD0001414,2026,4,CC0009,PC009,82058.73,56606.74,25451.99,79887.23,57612.26
BUD0001415,2025,3,CC0014,PC004,353045.34,249551.6,103493.74,350735.04,257476.07
BUD0001416,2025,5,CC0014,PC004,159715.66,94022.98,65692.68,161421.13,95992.8
BUD0001417,2025,3,CC0011,PC001,474803.29,267909.42,206893.87,487521.86,277295.79
BUD0001418,2026,5,CC0004,PC004,86755.23,65666.95,21088.28,86812.34,63557.62
BUD0001419,2026,6,CC0011,PC001,243361.93,190523.81,52838.12,234806.96,189504.79
BUD0001420,2025,7,CC0020,PC010,90959.2,64692.02,26267.18,92748.19,66207.01
BUD0001421,2025,4,CC0001,PC001,249433.83,163174.93,86258.9,266769.14,167741.0
BUD0001422,2025,12,CC0002,PC002,639568.18,372203.49,267364.69,683321.67,375181.52
BUD0001423,2026,2,CC0017,PC007,499873.26,377593.05,122280.21,531312.68,359158.61
BUD0001424,2025,11,CC0013,PC003,307748.86,206982.74,100766.12,299752.56,217290.63
BUD0001425,2025,9,CC0016,PC006,171729.93,130062.51,41667.42,166158.47,139168.27
BUD0001426,2025,10,CC0008,PC008,183250.35,114301.22,68949.13,185089.97,119731.25
BUD0001427,2025,9,CC0015,PC005,443822.1,332600.14,111221.96,446493.01,347935.74
BUD0001428,2025,11,CC0003,PC003,248089.16,158887.37,89201.79,259117.82,164432.83
BUD0001429,2025,12,CC0017,PC007,585686.08,330937.77,254748.31,577056.31,331363.13
BUD0001430,2026,8,CC0013,PC003,565726.26,436135.31,129590.95,610035.9,426101.24
BUD0001431,2026,1,CC0008,PC008,350221.44,283923.54,66297.9,333812.72,278659.22
BUD0001432,2026,3,CC0017,PC007,567139.62,392584.84,174554.78,569267.19,410383.15
BUD0001433,2026,11,CC0013,PC003,98358.7,62652.91,35705.79,98254.69,65220.15
BUD0001434,2026,8,CC0014,PC004,136255.66,106217.07,30038.59,146221.44,104153.13
BUD0001435,2025,7,CC0010,PC010,217957.68,135390.13,82567.55,224620.76,144685.25
BUD0001436,2026,4,CC0018,PC008,146987.29,98170.69,48816.6,154370.15,105269.29
BUD0001437,2026,4,CC0016,PC006,232567.85,148023.03,84544.82,247830.27,141783.94
BUD0001438,2025,5,CC0010,PC010,417879.8,308308.1,109571.7,427130.81,299416.63
BUD0001439,2025,2,CC0009,PC009,185938.52,149775.78,36162.74,190252.48,149443.91
BUD0001440,2025,6,CC0012,PC002,459529.76,357457.38,102072.38,451245.57,381070.98
BUD0001441,2026,7,CC0003,PC003,467105.45,362799.72,104305.73,451265.7,367271.67
BUD0001442,2025,3,CC0002,PC002,645841.88,401622.58,244219.3,656284.14,419772.58
BUD0001443,2026,5,CC0008,PC008,91158.47,62951.1,28207.37,89305.25,63811.7
BUD0001444,2025,11,CC0002,PC002,659646.03,385098.72,274547.31,702513.43,375739.93
BUD0001445,2025,11,CC0019,PC009,284992.82,201285.48,83707.34,278365.47,207158.04
BUD0001446,2026,9,CC0008,PC008,296196.51,170268.42,125928.09,299922.05,181809.11
BUD0001447,2026,9,CC0008,PC008,451298.26,324175.97,127122.29,482987.15,319415.53
BUD0001448,2026,11,CC0004,PC004,594496.04,447239.11,147256.93,586353.75,454718.1
BUD0001449,2025,7,CC0005,PC005,60166.43,48795.62,11370.81,62620.97,50028.11
BUD0001450,2025,3,CC0019,PC009,386180.82,252102.28,134078.54,366709.79,243493.56
BUD0001451,2026,3,CC0014,PC004,64046.89,35390.8,28656.09,68142.01,35716.66
BUD0001452,2026,9,CC0007,PC007,470538.88,376571.1,93967.78,463069.23,397354.53
BUD0001453,2025,2,CC0013,PC003,79946.6,57285.35,22661.25,77677.61,58047.46
BUD0001454,2026,4,CC0017,PC007,459496.23,343449.87,116046.36,476001.68,360223.72
BUD0001455,2025,1,CC0016,PC006,222537.32,137125.47,85411.85,240940.1,133521.35
BUD0001456,2025,9,CC0005,PC005,418990.63,338966.54,80024.09,395257.53,329882.27
BUD0001457,2026,6,CC0016,PC006,259666.4,161026.93,98639.47,244935.26,160021.87
BUD0001458,2025,7,CC0004,PC004,360767.76,216764.31,144003.45,369294.81,219667.45
BUD0001459,2025,3,CC0011,PC001,92203.91,61060.28,31143.63,91061.85,62737.59
BUD0001460,2026,11,CC0010,PC010,173184.86,136897.09,36287.77,178108.14,133455.72
BUD0001461,2025,11,CC0016,PC006,282701.5,213564.54,69136.96,284273.3,228753.72
BUD0001462,2026,10,CC0003,PC003,471932.52,311233.54,160698.98,467359.75,334595.18
BUD0001463,2025,4,CC0006,PC006,61709.14,41276.84,20432.3,65277.0,42468.44
BUD0001464,2025,11,CC0016,PC006,358538.73,276739.81,81798.92,342987.3,283324.06
BUD0001465,2025,3,CC0010,PC010,108232.21,61897.81,46334.4,104409.87,62967.28
BUD0001466,2025,7,CC0002,PC002,590821.59,442767.44,148054.15,585980.52,455070.67
BUD0001467,2025,12,CC0009,PC009,495252.84,332223.39,163029.45,519196.77,333648.43
BUD0001468,2026,4,CC0005,PC005,610453.95,484928.64,125525.31,636311.37,511581.89
BUD0001469,2025,1,CC0003,PC003,201807.24,118973.93,82833.31,216131.24,126104.22
BUD0001470,2025,9,CC0014,PC004,567026.58,455158.17,111868.41,534082.67,447272.33
BUD0001471,2025,3,CC0002,PC002,676705.24,489623.51,187081.73,719012.49,499185.98
BUD0001472,2025,4,CC0002,PC002,423716.04,314042.8,109673.24,428863.66,311156.78
BUD0001473,2025,6,CC0011,PC001,473452.93,304931.45,168521.48,491656.52,329020.04
BUD0001474,2025,8,CC0009,PC009,160929.19,131419.36,29509.83,171658.85,126738.51
BUD0001475,2026,12,CC0015,PC005,313830.82,250948.51,62882.31,326520.37,265719.13
BUD0001476,2026,8,CC0019,PC009,713057.24,411206.48,301850.76,719307.46,436233.14
BUD0001477,2026,12,CC0010,PC010,134432.83,91231.11,43201.72,128741.84,91409.24
BUD0001478,2025,6,CC0019,PC009,348515.07,246106.38,102408.69,348394.67,256038.14
BUD0001479,2025,5,CC0013,PC003,355354.72,241190.18,114164.54,370326.01,234780.86
BUD0001480,2026,9,CC0003,PC003,610952.86,470309.16,140643.7,650812.38,501174.93
BUD0001481,2026,12,CC0018,PC008,613727.98,423318.71,190409.27,592610.18,445385.51
BUD0001482,2025,1,CC0002,PC002,591864.79,355831.49,236033.3,565363.41,345130.47
BUD0001483,2026,10,CC0006,PC006,609817.59,419276.19,190541.4,583661.4,421823.26
BUD0001484,2026,1,CC0018,PC008,296594.6,169739.52,126855.08,283965.3,182559.97
BUD0001485,2026,11,CC0017,PC007,168879.34,94079.66,74799.68,175418.7,97869.65
BUD0001486,2025,12,CC0004,PC004,605019.46,363152.69,241866.77,597740.05,380603.98
BUD0001487,2025,10,CC0004,PC004,307220.54,208355.63,98864.91,294304.28,216360.21
BUD0001488,2026,9,CC0020,PC010,236142.13,182128.11,54014.02,254110.22,192487.47
BUD0001489,2025,2,CC0006,PC006,172425.56,98350.95,74074.61,175215.38,96790.86
BUD0001490,2026,5,CC0015,PC005,400291.21,279191.05,121100.16,384343.91,274229.38
BUD0001491,2026,11,CC0001,PC001,129536.43,77606.26,51930.17,136250.58,82471.69
BUD0001492,2026,7,CC0008,PC008,445223.27,352117.52,93105.75,489590.86,339742.65
BUD0001493,2025,4,CC0005,PC005,268503.08,153036.42,115466.66,259510.55,161270.3
BUD0001494,2025,5,CC0012,PC002,340816.19,205036.76,135779.43,323205.98,200955.45
BUD0001495,2025,4,CC0006,PC006,665958.49,409152.13,256806.36,665788.8,430638.43
BUD0001496,2026,8,CC0017,PC007,388140.47,317128.58,71011.89,420632.71,336564.14
BUD0001497,2025,3,CC0018,PC008,88750.97,59606.43,29144.54,96162.97,60635.49
BUD0001498,2025,12,CC0002,PC002,200696.76,135092.24,65604.52,201005.62,130395.73
BUD0001499,2025,5,CC0011,PC001,115877.1,76793.77,39083.33,111164.33,81584.51
BUD0001500,2025,7,CC0019,PC009,743114.63,545264.81,197849.82,803571.32,529597.88
BUD0001501,2026,5,CC0003,PC003,701145.6,528433.88,172711.72,757006.57,517832.49
BUD0001502,2025,2,CC0009,PC009,423244.61,290548.5,132696.11,401207.34,301801.1
BUD0001503,2026,5,CC0012,PC002,216679.96,171960.07,44719.89,212252.09,172710.78
BUD0001504,2025,12,CC0012,PC002,625221.77,409981.75,215240.02,665792.25,431405.07
BUD0001505,2025,11,CC0017,PC007,338768.4,270986.5,67781.9,364490.9,265647.08
BUD0001506,2026,7,CC0019,PC009,204448.3,163576.52,40871.78,203897.48,159386.27
BUD0001507,2025,12,CC0011,PC001,488103.02,303379.97,184723.05,499484.28,295997.98
BUD0001508,2025,6,CC0010,PC010,51722.04,32802.71,18919.33,51025.56,32770.85
BUD0001509,2026,3,CC0015,PC005,667647.8,510019.27,157628.53,647149.23,511342.62
BUD0001510,2025,6,CC0016,PC006,519287.71,331679.05,187608.66,518723.67,327264.16
BUD0001511,2025,10,CC0003,PC003,590502.55,377403.58,213098.97,575315.9,359278.42
BUD0001512,2026,4,CC0001,PC001,558707.53,383051.1,175656.43,603763.3,409181.75
BUD0001513,2026,12,CC0007,PC007,570589.29,362685.11,207904.18,538997.8,382132.51
BUD0001514,2026,2,CC0018,PC008,126235.3,89113.74,37121.56,135254.27,93643.44
BUD0001515,2025,2,CC0006,PC006,127046.32,92220.46,34825.86,130873.5,91196.49
BUD0001516,2025,9,CC0014,PC004,589091.78,399988.8,189102.98,624672.09,405823.79
BUD0001517,2025,6,CC0016,PC006,96609.68,58459.91,38149.77,97435.97,57368.12
BUD0001518,2026,10,CC0012,PC002,67187.21,42931.2,24256.01,64018.52,42257.81
BUD0001519,2026,11,CC0019,PC009,642449.4,404038.01,238411.39,642850.43,424900.64
BUD0001520,2026,2,CC0011,PC001,466790.55,352348.5,114442.05,481085.48,357321.45
BUD0001521,2026,11,CC0015,PC005,623759.39,441240.59,182518.8,593330.29,453409.8
BUD0001522,2025,3,CC0003,PC003,60432.83,44837.39,15595.44,62614.01,46052.52
BUD0001523,2025,11,CC0011,PC001,587815.18,469624.9,118190.28,639957.05,454208.7
BUD0001524,2026,2,CC0003,PC003,432346.47,344475.81,87870.66,446302.91,366332.71
BUD0001525,2026,5,CC0017,PC007,290735.97,207674.18,83061.79,287080.8,200496.4
BUD0001526,2025,2,CC0009,PC009,482318.29,350564.01,131754.28,457310.2,359999.15
BUD0001527,2026,7,CC0018,PC008,507718.36,357418.89,150299.47,518106.1,370917.18
BUD0001528,2025,7,CC0001,PC001,509653.39,405845.9,103807.49,541762.26,393228.75
BUD0001529,2025,4,CC0007,PC007,240822.12,192673.76,48148.36,226795.72,207146.03
BUD0001530,2026,1,CC0020,PC010,51393.97,37142.91,14251.06,53162.55,36302.09
BUD0001531,2025,6,CC0001,PC001,620900.06,372818.79,248081.27,660533.01,361172.08
BUD0001532,2025,3,CC0001,PC001,362938.59,253768.91,109169.68,354385.93,256482.12
BUD0001533,2025,8,CC0020,PC010,567264.32,419734.64,147529.68,560024.21,451683.54
BUD0001534,2026,3,CC0011,PC001,683204.24,425607.91,257596.33,737242.14,441004.28
BUD0001535,2025,6,CC0018,PC008,96831.96,58162.32,38669.64,93434.49,60864.67
BUD0001536,2025,9,CC0001,PC001,253297.48,152521.28,100776.2,278176.04,148903.24
BUD0001537,2026,5,CC0020,PC010,382704.12,287569.64,95134.48,387892.9,282987.14
BUD0001538,2025,11,CC0003,PC003,607067.73,379975.77,227091.96,644292.56,398581.1
BUD0001539,2025,1,CC0017,PC007,180515.97,106006.15,74509.82,177576.9,104060.89
BUD0001540,2025,3,CC0011,PC001,670127.5,520955.1,149172.4,651355.48,548840.36
BUD0001541,2026,12,CC0015,PC005,677430.59,395651.93,281778.66,675499.07,393059.14
BUD0001542,2026,12,CC0005,PC005,190454.45,148905.87,41548.58,208413.48,148304.33
BUD0001543,2025,12,CC0018,PC008,367109.49,207284.43,159825.06,384115.82,212378.16
BUD0001544,2025,6,CC0010,PC010,368685.61,235976.59,132709.02,360811.98,237283.39
BUD0001545,2026,10,CC0009,PC009,234448.05,168642.01,65806.04,240185.77,160557.01
BUD0001546,2025,10,CC0017,PC007,741329.12,563503.52,177825.6,750445.03,571384.64
BUD0001547,2025,2,CC0012,PC002,430828.18,239418.39,191409.79,456463.76,257832.01
BUD0001548,2025,9,CC0016,PC006,611664.36,345937.06,265727.3,652596.73,354497.76
BUD0001549,2025,6,CC0009,PC009,434585.08,249055.72,185529.36,463185.94,268814.16
BUD0001550,2025,10,CC0009,PC009,716861.31,407191.32,309669.99,745320.7,401402.41
BUD0001551,2026,8,CC0009,PC009,154594.78,121946.23,32648.55,164282.84,118483.87
BUD0001552,2026,9,CC0013,PC003,646265.49,451612.13,194653.36,673928.5,477244.6
BUD0001553,2025,11,CC0001,PC001,192658.5,116095.91,76562.59,205144.88,125230.73
BUD0001554,2025,3,CC0001,PC001,693961.4,527459.41,166501.99,690527.07,556103.36
BUD0001555,2025,9,CC0011,PC001,153690.5,91581.06,62109.44,166339.79,90565.44
BUD0001556,2026,11,CC0020,PC010,298914.43,243993.01,54921.42,315435.54,245497.74
BUD0001557,2026,2,CC0011,PC001,746082.31,573595.5,172486.81,729837.53,617758.5
BUD0001558,2026,11,CC0002,PC002,182825.41,122277.42,60547.99,176700.39,123703.26
BUD0001559,2026,9,CC0016,PC006,299944.71,213587.07,86357.64,301963.53,213544.04
BUD0001560,2026,4,CC0014,PC004,175179.71,132033.23,43146.48,172602.85,134628.39
BUD0001561,2026,7,CC0010,PC010,729297.72,593037.62,136260.1,778214.51,580606.4
BUD0001562,2025,1,CC0001,PC001,199414.6,147610.07,51804.53,193506.03,156607.04
BUD0001563,2026,11,CC0014,PC004,667218.52,419011.51,248207.01,679741.74,452408.31
BUD0001564,2025,6,CC0006,PC006,487906.05,363879.09,124026.96,533373.69,381097.62
BUD0001565,2026,1,CC0010,PC010,279288.08,211240.37,68047.71,264969.73,214439.98
BUD0001566,2025,8,CC0011,PC001,343071.49,219417.65,123653.84,336203.31,213431.37
BUD0001567,2025,11,CC0012,PC002,394021.56,289675.16,104346.4,374753.82,288101.3
BUD0001568,2025,12,CC0013,PC003,670167.09,489607.89,180559.2,632168.6,511908.32
BUD0001569,2025,3,CC0007,PC007,563270.21,430403.73,132866.48,531344.45,421551.28
BUD0001570,2026,11,CC0006,PC006,238942.01,191081.24,47860.77,228336.9,195359.44
BUD0001571,2025,9,CC0001,PC001,69773.18,42084.89,27688.29,74374.63,42142.32
BUD0001572,2026,3,CC0020,PC010,600609.52,351600.26,249009.26,608435.26,360432.31
BUD0001573,2025,1,CC0017,PC007,717202.89,461772.22,255430.67,742505.33,473424.24
BUD0001574,2025,3,CC0019,PC009,142494.78,97899.32,44595.46,148812.44,93772.14
BUD0001575,2026,6,CC0019,PC009,670791.01,413418.18,257372.83,640762.64,396600.16
BUD0001576,2026,7,CC0009,PC009,320308.36,178003.17,142305.19,301478.25,171636.59
BUD0001577,2025,7,CC0005,PC005,590918.0,392700.93,198217.07,636172.73,418470.41
BUD0001578,2026,12,CC0014,PC004,363061.66,218459.93,144601.73,383455.23,222517.62
BUD0001579,2026,11,CC0016,PC006,141965.3,87444.54,54520.76,145709.34,88600.32
BUD0001580,2026,1,CC0016,PC006,457296.48,273887.85,183408.63,458245.5,263670.56
BUD0001581,2025,8,CC0007,PC007,440816.15,279690.96,161125.19,484119.6,270403.92
BUD0001582,2025,4,CC0004,PC004,347136.81,265723.71,81413.1,353544.09,286529.49
BUD0001583,2026,7,CC0020,PC010,663793.79,390030.44,273763.35,670791.81,382576.19
BUD0001584,2026,10,CC0012,PC002,150202.39,102907.83,47294.56,163143.37,99394.81
BUD0001585,2025,2,CC0003,PC003,398357.95,275105.28,123252.67,422954.47,272724.09
BUD0001586,2025,1,CC0010,PC010,310583.83,248383.46,62200.37,308737.54,238446.59
BUD0001587,2025,12,CC0013,PC003,55567.14,39640.76,15926.38,52975.78,40207.27
BUD0001588,2025,8,CC0011,PC001,436389.59,256074.77,180314.82,429049.58,243841.37
BUD0001589,2026,11,CC0016,PC006,257464.47,210996.3,46468.17,274264.97,214919.56
BUD0001590,2025,10,CC0017,PC007,408823.16,244761.02,164062.14,400333.54,256964.92
BUD0001591,2025,8,CC0011,PC001,343983.83,276895.24,67088.59,371056.58,289159.19
BUD0001592,2025,1,CC0016,PC006,679895.83,427901.86,251993.97,725645.76,437736.01
BUD0001593,2026,6,CC0008,PC008,233448.94,177903.81,55545.13,246506.36,186028.05
BUD0001594,2025,3,CC0017,PC007,223242.46,170025.65,53216.81,233503.51,175550.4
BUD0001595,2026,8,CC0006,PC006,436508.66,298223.97,138284.69,442666.66,283743.76
BUD0001596,2025,2,CC0015,PC005,448685.02,260064.59,188620.43,479720.57,269803.8
BUD0001597,2026,8,CC0010,PC010,156558.94,122048.92,34510.02,164140.78,129128.6
BUD0001598,2025,6,CC0002,PC002,715083.0,397181.04,317901.96,690335.69,423597.23
BUD0001599,2025,2,CC0007,PC007,376408.81,223466.39,152942.42,398005.5,225317.86
BUD0001600,2025,1,CC0010,PC010,580852.36,471324.37,109527.99,566234.25,490031.03
BUD0001601,2026,5,CC0006,PC006,442054.03,299279.93,142774.1,460434.16,292701.84
BUD0001602,2025,7,CC0010,PC010,157687.89,91607.23,66080.66,158799.85,98001.72
BUD0001603,2025,2,CC0006,PC006,544887.5,309605.82,235281.68,525113.28,296144.95
BUD0001604,2026,10,CC0018,PC008,641150.13,439132.2,202017.93,663359.44,453421.57
BUD0001605,2025,11,CC0005,PC005,251004.93,202063.83,48941.1,237884.32,205020.01
BUD0001606,2025,10,CC0017,PC007,699229.04,408019.22,291209.82,705732.66,416273.71
BUD0001607,2025,3,CC0003,PC003,641303.29,393940.35,247362.94,606593.68,384817.99
BUD0001608,2026,8,CC0016,PC006,175442.64,119327.24,56115.4,192863.38,123156.65
BUD0001609,2026,9,CC0017,PC007,395382.8,242765.78,152617.02,417170.45,247187.57
BUD0001610,2025,3,CC0018,PC008,325792.26,257569.5,68222.76,332034.27,261257.91
BUD0001611,2026,4,CC0017,PC007,468095.47,357231.91,110863.56,443478.77,385482.51
BUD0001612,2025,9,CC0010,PC010,181817.62,137799.28,44018.34,177565.34,136430.47
BUD0001613,2026,7,CC0019,PC009,336167.66,230591.79,105575.87,359881.86,219966.85
BUD0001614,2026,1,CC0013,PC003,66030.08,46569.31,19460.77,62089.08,47739.66
BUD0001615,2025,2,CC0001,PC001,75510.27,52464.51,23045.76,79692.74,52094.53
BUD0001616,2026,9,CC0002,PC002,326346.12,191058.8,135287.32,327642.73,203490.74
BUD0001617,2025,9,CC0014,PC004,533666.27,388560.75,145105.52,517560.78,402530.26
BUD0001618,2025,5,CC0006,PC006,588167.12,430701.58,157465.54,591111.85,410871.68
BUD0001619,2025,1,CC0012,PC002,645590.56,514371.44,131219.12,687504.83,554666.61
BUD0001620,2025,4,CC0003,PC003,704798.84,395816.59,308982.25,750776.82,386575.67
BUD0001621,2025,6,CC0010,PC010,566296.02,383730.9,182565.12,550877.33,409854.0
BUD0001622,2026,9,CC0011,PC001,418851.1,255621.42,163229.68,426864.27,270166.55
BUD0001623,2026,2,CC0006,PC006,140351.34,113903.02,26448.32,142589.58,108947.57
BUD0001624,2026,3,CC0007,PC007,570227.52,443043.9,127183.62,554889.4,474104.32
BUD0001625,2025,12,CC0014,PC004,724554.63,470303.72,254250.91,783288.39,477388.73
BUD0001626,2026,2,CC0013,PC003,356801.43,263040.79,93760.64,349081.52,278797.93
BUD0001627,2025,2,CC0006,PC006,715347.35,396375.74,318971.61,680482.97,387680.36
BUD0001628,2025,5,CC0017,PC007,360905.46,228905.89,131999.57,366940.52,243717.33
BUD0001629,2025,4,CC0020,PC010,177766.84,122424.61,55342.23,172487.87,121262.0
BUD0001630,2025,3,CC0011,PC001,135243.96,106336.54,28907.42,128927.68,103340.27
BUD0001631,2026,11,CC0005,PC005,436001.18,286666.86,149334.32,455811.55,274528.99
BUD0001632,2026,9,CC0014,PC004,377842.74,258286.61,119556.13,376056.99,254603.56
BUD0001633,2025,2,CC0011,PC001,667976.72,429482.15,238494.57,642909.0,430750.45
BUD0001634,2025,6,CC0020,PC010,515035.43,343330.74,171704.69,487328.64,356128.17
BUD0001635,2026,12,CC0015,PC005,658302.7,402415.07,255887.63,690718.6,394252.45
BUD0001636,2025,9,CC0010,PC010,70611.27,38977.29,31633.98,72110.59,38401.13
BUD0001637,2025,1,CC0010,PC010,203452.86,148573.47,54879.39,210120.02,156795.35
BUD0001638,2025,11,CC0019,PC009,662403.1,465189.16,197213.94,666028.66,451666.71
BUD0001639,2025,8,CC0009,PC009,636528.14,389666.68,246861.46,698299.89,406560.51
BUD0001640,2025,5,CC0008,PC008,474173.46,354040.84,120132.62,460464.17,368720.87
BUD0001641,2026,11,CC0018,PC008,130171.73,94959.1,35212.63,134381.43,99102.21
BUD0001642,2025,2,CC0020,PC010,420670.19,307760.32,112909.87,432419.63,306693.36
BUD0001643,2026,5,CC0009,PC009,492148.7,287977.64,204171.06,515631.5,286778.13
BUD0001644,2025,10,CC0010,PC010,591370.53,455646.58,135723.95,634895.77,465279.55
BUD0001645,2026,11,CC0002,PC002,514390.32,294665.31,219725.01,550839.26,317041.13
BUD0001646,2025,4,CC0003,PC003,699470.62,434204.21,265266.41,731482.62,449960.6
BUD0001647,2025,7,CC0016,PC006,203896.04,115731.82,88164.22,199442.8,116534.47
BUD0001648,2026,10,CC0010,PC010,622225.98,416034.77,206191.21,642570.7,409856.91
BUD0001649,2025,10,CC0014,PC004,404880.22,273047.71,131832.51,427659.86,274883.39
BUD0001650,2026,4,CC0014,PC004,99353.47,68270.42,31083.05,97558.89,67696.96
BUD0001651,2026,1,CC0019,PC009,367000.51,272451.14,94549.37,364447.84,261958.13
BUD0001652,2026,11,CC0003,PC003,188876.37,153550.33,35326.04,178058.42,146219.25
BUD0001653,2026,1,CC0004,PC004,327877.95,232711.07,95166.88,322702.83,230587.96
BUD0001654,2026,2,CC0001,PC001,430069.84,318160.55,111909.29,431562.8,317612.98
BUD0001655,2025,3,CC0003,PC003,394352.83,311255.13,83097.7,421714.68,332376.12
BUD0001656,2025,1,CC0005,PC005,548423.75,421348.28,127075.47,567790.5,421156.9
BUD0001657,2025,7,CC0001,PC001,516686.43,321232.29,195454.14,548511.18,330253.65
BUD0001658,2026,1,CC0001,PC001,573950.8,361304.99,212645.81,591374.16,359278.58
BUD0001659,2026,7,CC0002,PC002,629124.99,506270.61,122854.38,657494.77,518372.63
BUD0001660,2025,2,CC0004,PC004,323481.65,193574.5,129907.15,315320.49,202914.08
BUD0001661,2025,5,CC0005,PC005,177075.58,115893.41,61182.17,176256.79,111522.76
BUD0001662,2026,9,CC0014,PC004,596363.17,386940.5,209422.67,628215.27,408094.56
BUD0001663,2025,3,CC0005,PC005,486597.68,279652.66,206945.02,475441.85,278269.44
BUD0001664,2025,10,CC0009,PC009,453701.35,315174.15,138527.2,477242.1,303368.3
BUD0001665,2026,3,CC0009,PC009,454637.97,279472.97,175165.0,496841.44,267808.93
BUD0001666,2025,4,CC0017,PC007,335208.97,242772.09,92436.88,321138.83,259101.39
BUD0001667,2025,9,CC0018,PC008,501033.27,352580.31,148452.96,543987.64,334994.46
BUD0001668,2026,2,CC0019,PC009,507164.1,289957.05,217207.05,531205.26,305010.32
BUD0001669,2025,2,CC0010,PC010,237966.4,181033.55,56932.85,226732.51,187954.27
BUD0001670,2025,1,CC0004,PC004,102061.7,78841.37,23220.33,109563.07,82437.77
BUD0001671,2026,7,CC0003,PC003,107477.23,76687.69,30789.54,109111.12,73412.47
BUD0001672,2026,9,CC0007,PC007,534041.83,345734.03,188307.8,575021.39,332501.83
BUD0001673,2026,2,CC0020,PC010,154460.6,118159.92,36300.68,166772.85,120567.58
BUD0001674,2025,2,CC0003,PC003,525767.14,410690.6,115076.54,522655.06,407830.14
BUD0001675,2025,11,CC0001,PC001,88949.68,53010.67,35939.01,85518.25,50730.11
BUD0001676,2026,9,CC0002,PC002,421826.16,264205.98,157620.18,435221.87,261736.79
BUD0001677,2025,7,CC0003,PC003,155170.7,96386.82,58783.88,151869.23,97217.8
BUD0001678,2025,5,CC0008,PC008,379582.22,247002.14,132580.08,392777.77,259028.26
BUD0001679,2026,11,CC0002,PC002,356695.74,274143.47,82552.27,387284.22,286347.16
BUD0001680,2025,9,CC0010,PC010,731305.78,425878.9,305426.88,749534.6,459587.48
BUD0001681,2025,5,CC0004,PC004,731225.05,459397.05,271828.0,695412.96,440862.02
BUD0001682,2026,6,CC0010,PC010,52237.88,40122.82,12115.06,49768.68,42104.78
BUD0001683,2026,2,CC0017,PC007,676420.66,465371.13,211049.53,737976.13,467446.28
BUD0001684,2026,12,CC0013,PC003,495620.56,311556.82,184063.74,479829.49,318289.77
BUD0001685,2026,6,CC0014,PC004,387448.89,303980.42,83468.47,419115.9,307359.61
BUD0001686,2026,10,CC0005,PC005,98914.43,69657.11,29257.32,95243.65,73668.46
BUD0001687,2025,5,CC0020,PC010,592060.97,436042.39,156018.58,589201.03,466383.18
BUD0001688,2025,6,CC0007,PC007,586226.79,462424.17,123802.62,609506.21,478351.05
BUD0001689,2026,10,CC0006,PC006,456148.5,316515.18,139633.32,434413.69,301038.95
BUD0001690,2025,11,CC0002,PC002,725348.93,484852.34,240496.59,763196.73,516759.13
BUD0001691,2026,6,CC0007,PC007,365703.05,269521.12,96181.93,367122.43,281392.4
BUD0001692,2026,4,CC0008,PC008,740653.48,476268.72,264384.76,704118.14,454213.73
BUD0001693,2026,10,CC0012,PC002,474003.96,351034.42,122969.54,486519.66,347769.08
BUD0001694,2025,4,CC0020,PC010,384744.29,212670.53,172073.76,384606.88,226555.74
BUD0001695,2025,10,CC0014,PC004,219425.26,171560.0,47865.26,240752.63,184231.16
BUD0001696,2025,7,CC0018,PC008,179271.73,114949.92,64321.81,193395.06,112741.33
BUD0001697,2026,9,CC0020,PC010,669775.44,507975.14,161800.3,647379.39,504293.87
BUD0001698,2026,12,CC0002,PC002,543073.17,319118.63,223954.54,563637.33,314699.41
BUD0001699,2025,3,CC0012,PC002,596613.12,409810.67,186802.45,627775.37,404820.58
BUD0001700,2025,6,CC0019,PC009,410246.38,243876.04,166370.34,399428.23,238222.47
BUD0001701,2026,6,CC0016,PC006,108416.7,61799.44,46617.26,103282.01,61224.13
BUD0001702,2025,8,CC0003,PC003,522093.41,369275.29,152818.12,546467.53,353405.09
BUD0001703,2026,11,CC0020,PC010,356817.42,290833.8,65983.62,361623.93,293694.13
BUD0001704,2026,12,CC0008,PC008,586690.96,388318.19,198372.77,562840.0,412289.09
BUD0001705,2025,11,CC0012,PC002,94796.39,56477.09,38319.3,91362.74,58241.14
BUD0001706,2026,10,CC0020,PC010,259788.39,171364.24,88424.15,248287.1,183134.83
BUD0001707,2025,3,CC0005,PC005,101379.27,59154.31,42224.96,97087.99,59904.19
BUD0001708,2025,7,CC0010,PC010,418624.56,285956.18,132668.38,431935.47,299537.02
BUD0001709,2026,3,CC0011,PC001,553001.34,416680.87,136320.47,520102.0,430658.58
BUD0001710,2025,4,CC0013,PC003,498820.16,393101.67,105718.49,487044.63,415571.79
BUD0001711,2025,2,CC0019,PC009,624001.27,407545.65,216455.62,641315.9,399217.77
BUD0001712,2025,1,CC0006,PC006,695901.64,441412.82,254488.82,655273.65,452165.35
BUD0001713,2026,11,CC0016,PC006,109031.17,65321.98,43709.19,107198.93,70368.53
BUD0001714,2026,9,CC0013,PC003,673330.62,539780.16,133550.46,635416.29,568473.32
BUD0001715,2025,7,CC0008,PC008,115527.19,94558.49,20968.7,111209.59,97244.72
BUD0001716,2026,3,CC0003,PC003,213819.54,161623.1,52196.44,225799.91,155254.94
BUD0001717,2025,2,CC0009,PC009,649854.28,378379.59,271474.69,631601.3,391704.67
BUD0001718,2026,10,CC0006,PC006,619312.46,457147.72,162164.74,627202.06,467588.94
BUD0001719,2025,11,CC0002,PC002,409456.22,242632.87,166823.35,404695.96,243580.55
BUD0001720,2026,10,CC0007,PC007,357212.84,248063.35,109149.49,342147.48,239753.43
BUD0001721,2026,7,CC0016,PC006,646873.59,390649.59,256224.0,636624.67,384922.27
BUD0001722,2025,6,CC0014,PC004,632466.15,456245.08,176221.07,688699.25,433475.43
BUD0001723,2026,10,CC0013,PC003,473598.04,344296.97,129301.07,449197.02,345767.86
BUD0001724,2025,3,CC0016,PC006,130896.45,101420.65,29475.8,136891.05,106113.93
BUD0001725,2025,7,CC0001,PC001,51788.17,41358.86,10429.31,50371.65,41006.07
BUD0001726,2026,2,CC0011,PC001,163242.59,101796.23,61446.36,160629.18,99493.23
BUD0001727,2026,4,CC0009,PC009,313027.66,180182.57,132845.09,313323.33,171729.13
BUD0001728,2025,12,CC0013,PC003,473165.67,280902.62,192263.05,506453.8,287213.21
BUD0001729,2025,9,CC0013,PC003,361721.65,268629.12,93092.53,380347.99,282800.72
BUD0001730,2026,12,CC0019,PC009,248186.4,146247.96,101938.44,261360.13,145925.28
BUD0001731,2025,8,CC0005,PC005,490202.94,374428.35,115774.59,513214.2,365188.37
BUD0001732,2026,9,CC0016,PC006,424754.72,303550.17,121204.55,446347.95,300999.79
BUD0001733,2025,4,CC0010,PC010,214284.43,118392.67,95891.76,235135.73,116432.65
BUD0001734,2026,12,CC0014,PC004,449642.32,353070.87,96571.45,457582.37,377596.18
BUD0001735,2025,7,CC0019,PC009,439032.67,310836.15,128196.52,447586.13,299707.89
BUD0001736,2026,5,CC0010,PC010,115630.07,77671.67,37958.4,113626.47,78951.41
BUD0001737,2025,9,CC0006,PC006,573916.41,462514.14,111402.27,593945.44,444178.34
BUD0001738,2025,7,CC0005,PC005,507209.31,347735.41,159473.9,478652.44,363720.37
BUD0001739,2025,7,CC0006,PC006,174291.62,139683.95,34607.67,170327.27,144069.86
BUD0001740,2026,3,CC0007,PC007,429345.89,311104.39,118241.5,460003.42,329311.95
BUD0001741,2026,5,CC0011,PC001,692969.49,399721.22,293248.27,678490.73,388042.12
BUD0001742,2026,9,CC0008,PC008,374416.95,284717.04,89699.91,402285.4,292592.35
BUD0001743,2026,10,CC0007,PC007,244355.52,175826.97,68528.55,246238.63,187398.15
BUD0001744,2025,5,CC0019,PC009,147720.53,97944.26,49776.27,147383.1,103658.43
BUD0001745,2025,8,CC0019,PC009,364918.31,249057.4,115860.91,344175.68,241489.24
BUD0001746,2025,11,CC0009,PC009,541327.05,331165.05,210162.0,511972.99,322669.15
BUD0001747,2026,11,CC0008,PC008,466046.74,348243.81,117802.93,465092.94,357214.53
BUD0001748,2026,8,CC0016,PC006,78875.53,50698.56,28176.97,75679.17,48337.04
BUD0001749,2026,6,CC0020,PC010,631996.35,503836.51,128159.84,684614.38,483851.49
BUD0001750,2026,4,CC0007,PC007,733111.54,500853.62,232257.92,732466.33,515337.74
BUD0001751,2026,3,CC0005,PC005,454469.24,367812.02,86657.22,437669.77,390030.37
BUD0001752,2025,10,CC0006,PC006,373245.21,236810.22,136434.99,392176.88,226830.9
BUD0001753,2025,11,CC0020,PC010,555190.05,431824.88,123365.17,608064.69,450540.9
BUD0001754,2026,11,CC0008,PC008,488422.75,373789.07,114633.68,480383.46,367897.13
BUD0001755,2025,3,CC0016,PC006,309704.94,233827.98,75876.96,324139.54,237330.1
BUD0001756,2026,6,CC0007,PC007,544025.71,319388.39,224637.32,554896.7,336939.12
BUD0001757,2026,7,CC0011,PC001,379676.92,238651.8,141025.12,408344.47,232041.78
BUD0001758,2026,12,CC0018,PC008,348284.17,195237.85,153046.32,382913.97,195795.21
BUD0001759,2026,8,CC0006,PC006,345197.69,192049.69,153148.0,341713.4,193255.11
BUD0001760,2026,9,CC0020,PC010,330731.77,241288.99,89442.78,361951.21,229994.24
BUD0001761,2025,11,CC0006,PC006,290648.9,224987.67,65661.23,280742.52,224412.17
BUD0001762,2025,12,CC0004,PC004,265594.01,178216.47,87377.54,275390.76,187625.22
BUD0001763,2026,9,CC0019,PC009,163902.11,131112.11,32790.0,158391.74,129021.56
BUD0001764,2026,5,CC0010,PC010,694048.78,442131.95,251916.83,714566.47,434965.97
BUD0001765,2026,1,CC0012,PC002,650876.03,506373.75,144502.28,628173.37,485807.23
BUD0001766,2026,8,CC0006,PC006,423925.95,288960.92,134965.03,438227.44,281993.69
BUD0001767,2026,11,CC0014,PC004,352172.97,195532.93,156640.04,373114.75,196070.35
BUD0001768,2025,12,CC0002,PC002,487528.54,348069.0,139459.54,497975.46,359243.57
BUD0001769,2025,2,CC0012,PC002,237856.47,164520.95,73335.52,248077.97,160701.25
BUD0001770,2025,4,CC0020,PC010,221670.91,164623.07,57047.84,241346.11,177548.51
BUD0001771,2026,12,CC0008,PC008,51308.14,32935.14,18373.0,56267.66,33121.02
BUD0001772,2026,10,CC0011,PC001,355432.02,283181.7,72250.32,356658.34,291092.72
BUD0001773,2025,8,CC0012,PC002,65179.69,36125.46,29054.23,71045.54,37683.67
BUD0001774,2025,3,CC0020,PC010,522000.45,332889.61,189110.84,543441.26,333065.49
BUD0001775,2026,8,CC0011,PC001,238845.15,173136.52,65708.63,241200.8,169897.26
BUD0001776,2026,12,CC0003,PC003,335900.73,196084.19,139816.54,362549.79,207812.7
BUD0001777,2025,2,CC0001,PC001,145478.96,80501.65,64977.31,136952.33,81947.71
BUD0001778,2025,11,CC0008,PC008,742641.02,464643.68,277997.34,780879.63,474958.21
BUD0001779,2026,7,CC0015,PC005,168602.24,134693.26,33908.98,173951.22,143928.65
BUD0001780,2026,5,CC0015,PC005,186801.44,123695.19,63106.25,193578.58,124071.75
BUD0001781,2026,3,CC0006,PC006,247773.01,173476.42,74296.59,259244.21,164909.94
BUD0001782,2026,10,CC0016,PC006,605426.83,418748.24,186678.59,642862.63,423388.37
BUD0001783,2025,11,CC0003,PC003,718460.74,521037.76,197422.98,762629.98,514186.99
BUD0001784,2026,9,CC0006,PC006,213848.69,121060.71,92787.98,216648.17,116179.22
BUD0001785,2025,11,CC0005,PC005,251182.49,143187.92,107994.57,257285.02,144465.37
BUD0001786,2026,5,CC0008,PC008,554716.54,377049.4,177667.14,542628.52,381601.76
BUD0001787,2026,12,CC0016,PC006,553660.76,354679.3,198981.46,593141.87,361824.58
BUD0001788,2026,3,CC0004,PC004,117262.4,72266.53,44995.87,124531.83,77547.7
BUD0001789,2026,5,CC0015,PC005,152943.14,96764.59,56178.55,160146.66,94978.93
BUD0001790,2026,1,CC0020,PC010,243560.59,167240.26,76320.33,257283.98,176478.85
BUD0001791,2026,1,CC0019,PC009,332573.96,248999.18,83574.78,344851.17,242430.64
BUD0001792,2025,7,CC0009,PC009,676761.38,398366.88,278394.5,670955.75,384304.52
BUD0001793,2026,8,CC0012,PC002,313034.5,244256.07,68778.43,315458.32,242283.61
BUD0001794,2026,12,CC0010,PC010,121814.87,93916.54,27898.33,119141.26,98987.52
BUD0001795,2026,7,CC0002,PC002,672019.14,423744.14,248275.0,706612.47,444189.21
BUD0001796,2026,5,CC0011,PC001,679132.94,548495.02,130637.92,738724.34,559043.27
BUD0001797,2026,12,CC0008,PC008,238153.34,135833.09,102320.25,255193.18,137699.49
BUD0001798,2026,4,CC0014,PC004,342391.14,210646.73,131744.41,332259.11,223018.15
BUD0001799,2025,6,CC0019,PC009,565986.7,415366.26,150620.44,588315.64,408959.63
BUD0001800,2026,1,CC0009,PC009,184338.34,107857.15,76481.19,199140.41,106789.31
BUD0001801,2026,4,CC0002,PC002,196420.73,125108.61,71312.12,207624.32,131692.55
BUD0001802,2025,3,CC0014,PC004,596995.11,475681.2,121313.91,644416.77,452945.69
BUD0001803,2026,9,CC0006,PC006,640634.47,380653.42,259981.05,682012.1,408610.63
BUD0001804,2025,2,CC0015,PC005,62535.1,35754.19,26780.91,62492.98,35660.91
BUD0001805,2026,2,CC0014,PC004,260482.47,196758.92,63723.55,257861.07,194285.12
BUD0001806,2025,12,CC0010,PC010,623280.02,362566.12,260713.9,607348.78,349742.65
BUD0001807,2025,9,CC0019,PC009,282669.03,207710.46,74958.57,270085.05,197424.29
BUD0001808,2025,4,CC0018,PC008,608030.91,477063.39,130967.52,592095.37,498433.24
BUD0001809,2025,4,CC0011,PC001,115903.06,71946.76,43956.3,119789.0,74663.59
BUD0001810,2025,11,CC0006,PC006,121270.87,96185.22,25085.65,128029.88,100635.74
BUD0001811,2026,1,CC0006,PC006,599598.19,351639.64,247958.55,569885.36,356281.42
BUD0001812,2026,10,CC0016,PC006,612834.64,438252.66,174581.98,633710.16,443711.61
BUD0001813,2025,12,CC0018,PC008,336440.89,220006.08,116434.81,331566.08,220950.84
BUD0001814,2026,7,CC0009,PC009,499100.19,359201.12,139899.07,511737.95,368052.05
BUD0001815,2026,5,CC0017,PC007,378586.23,296161.16,82425.07,382704.37,299911.19
BUD0001816,2026,5,CC0005,PC005,738023.99,486836.98,251187.01,720120.23,481428.54
BUD0001817,2025,3,CC0001,PC001,621578.93,382105.82,239473.11,596369.74,398724.63
BUD0001818,2026,10,CC0018,PC008,550030.48,311523.34,238507.14,590729.07,296962.35
BUD0001819,2025,9,CC0002,PC002,697670.86,446724.8,250946.06,741913.99,430848.25
BUD0001820,2025,4,CC0010,PC010,715740.98,466922.26,248818.72,781024.24,462137.12
BUD0001821,2025,8,CC0018,PC008,608640.52,391218.57,217421.95,661186.46,419123.63
BUD0001822,2026,4,CC0020,PC010,637888.94,426297.25,211591.69,601629.72,417794.2
BUD0001823,2026,3,CC0003,PC003,113684.99,62786.86,50898.13,108531.18,64474.0
BUD0001824,2025,4,CC0016,PC006,447493.9,354230.9,93263.0,423182.94,338020.13
BUD0001825,2025,2,CC0013,PC003,579731.93,397634.66,182097.27,596579.04,426393.86
BUD0001826,2026,7,CC0006,PC006,726953.07,552354.3,174598.77,710619.06,567919.87
BUD0001827,2026,11,CC0019,PC009,507546.41,284709.64,222836.77,504762.41,274205.07
BUD0001828,2025,10,CC0002,PC002,465027.36,313699.12,151328.24,453217.21,313992.54
BUD0001829,2026,8,CC0005,PC005,514870.99,325840.56,189030.43,562815.55,318418.34
BUD0001830,2025,2,CC0016,PC006,722733.92,519804.12,202929.8,686894.76,515281.4
BUD0001831,2025,6,CC0001,PC001,490288.57,383659.83,106628.74,537564.61,382164.88
BUD0001832,2026,4,CC0017,PC007,296205.61,207055.15,89150.46,280794.84,215593.42
BUD0001833,2025,9,CC0012,PC002,314946.97,248668.06,66278.91,326758.29,241130.12
BUD0001834,2025,3,CC0001,PC001,294577.5,217873.11,76704.39,296974.0,215700.53
BUD0001835,2025,11,CC0013,PC003,281611.7,167942.09,113669.61,271893.32,165830.3
BUD0001836,2026,7,CC0017,PC007,293099.45,216533.99,76565.46,297554.3,207993.14
BUD0001837,2025,6,CC0016,PC006,512472.13,355852.74,156619.39,561505.96,359169.98
BUD0001838,2026,7,CC0015,PC005,176701.32,135634.98,41066.34,167553.04,139840.33
BUD0001839,2026,10,CC0016,PC006,405482.85,255636.89,149845.96,408905.13,268904.64
BUD0001840,2025,9,CC0006,PC006,394329.44,268900.01,125429.43,430438.42,281266.52
BUD0001841,2025,10,CC0005,PC005,315576.48,206644.01,108932.47,339925.94,196635.68
BUD0001842,2025,9,CC0010,PC010,368858.79,256714.44,112144.35,347568.84,261864.88
BUD0001843,2025,11,CC0012,PC002,122895.54,82130.54,40765.0,121532.19,85207.06
BUD0001844,2025,4,CC0003,PC003,548352.89,326316.52,222036.37,570100.18,321459.38
BUD0001845,2026,10,CC0018,PC008,716192.37,482320.83,233871.54,770782.98,466986.12
BUD0001846,2025,6,CC0005,PC005,466786.27,326622.79,140163.48,486663.91,347715.6
BUD0001847,2026,6,CC0004,PC004,423088.31,303723.35,119364.96,421552.06,314823.6
BUD0001848,2025,2,CC0005,PC005,152214.31,88270.16,63944.15,164884.69,92326.79
BUD0001849,2026,9,CC0010,PC010,430927.21,283403.69,147523.52,452434.09,274680.54
BUD0001850,2025,12,CC0008,PC008,149817.84,88112.41,61705.43,141170.08,86729.54
BUD0001851,2025,1,CC0003,PC003,335174.43,241257.58,93916.85,319665.18,259519.16
BUD0001852,2025,11,CC0006,PC006,278936.34,206074.46,72861.88,300800.19,216213.67
BUD0001853,2025,5,CC0013,PC003,705450.26,561463.23,143987.03,749281.43,549943.47
BUD0001854,2025,3,CC0008,PC008,720425.5,468355.02,252070.48,704243.44,454293.92
BUD0001855,2026,12,CC0003,PC003,381131.06,294421.31,86709.75,390196.67,294055.61
BUD0001856,2026,11,CC0005,PC005,578635.57,382681.14,195954.43,593477.58,400899.68
BUD0001857,2025,12,CC0017,PC007,559845.63,406031.98,153813.65,588617.08,410114.97
BUD0001858,2026,9,CC0001,PC001,103695.1,58533.86,45161.24,100056.13,60032.07
BUD0001859,2026,10,CC0003,PC003,644900.86,474348.08,170552.78,618697.62,482189.64
BUD0001860,2026,9,CC0018,PC008,503833.56,370985.87,132847.69,529055.49,393215.83
BUD0001861,2026,1,CC0014,PC004,240356.32,147100.69,93255.63,251379.6,146744.89
BUD0001862,2025,12,CC0007,PC007,68950.11,49165.82,19784.29,68968.77,50958.15
BUD0001863,2025,3,CC0001,PC001,536467.14,350052.27,186414.87,569765.1,353093.05
BUD0001864,2025,12,CC0006,PC006,76095.62,42665.53,33430.09,80897.04,45387.41
BUD0001865,2026,12,CC0002,PC002,376271.1,299628.65,76642.45,357089.66,288020.14
BUD0001866,2026,11,CC0010,PC010,88403.97,53950.49,34453.48,90061.83,57702.73
BUD0001867,2025,1,CC0014,PC004,537372.15,342115.95,195256.2,514459.39,359456.83
BUD0001868,2025,1,CC0010,PC010,715355.74,489021.77,226333.97,768953.54,523252.77
BUD0001869,2025,12,CC0016,PC006,205718.08,149654.52,56063.56,223007.51,149914.76
BUD0001870,2025,1,CC0007,PC007,331907.98,240091.95,91816.03,315650.64,244163.79
BUD0001871,2025,5,CC0008,PC008,167057.28,94461.98,72595.3,170606.48,100026.45
BUD0001872,2026,5,CC0016,PC006,417864.23,337035.13,80829.1,398427.37,326118.65
BUD0001873,2025,9,CC0006,PC006,659905.05,384260.67,275644.38,631801.84,377055.78
BUD0001874,2026,9,CC0016,PC006,441468.28,326619.5,114848.78,420993.12,314075.95
BUD0001875,2025,6,CC0001,PC001,675763.82,373882.39,301881.43,678807.58,393955.72
BUD0001876,2026,3,CC0020,PC010,554516.76,361842.94,192673.82,567235.47,380316.88
BUD0001877,2026,8,CC0012,PC002,640536.77,474782.55,165754.22,669189.21,499268.2
BUD0001878,2026,11,CC0009,PC009,527217.38,292718.44,234498.94,544495.36,299616.32
BUD0001879,2025,6,CC0016,PC006,381505.71,210390.14,171115.57,396562.86,226662.8
BUD0001880,2026,11,CC0015,PC005,370885.82,265195.41,105690.41,399625.95,263423.92
BUD0001881,2026,4,CC0003,PC003,359448.66,220848.42,138600.24,347405.48,234094.88
BUD0001882,2026,7,CC0015,PC005,536108.47,354367.5,181740.97,514884.67,377618.17
BUD0001883,2026,7,CC0008,PC008,238975.7,180790.09,58185.61,257641.11,180363.45
BUD0001884,2026,7,CC0005,PC005,123224.76,84278.52,38946.24,126740.2,81648.25
BUD0001885,2025,10,CC0019,PC009,199689.78,135704.48,63985.3,211971.12,137058.65
BUD0001886,2026,12,CC0020,PC010,91794.12,62450.75,29343.37,88394.16,62112.86
BUD0001887,2026,9,CC0010,PC010,264167.04,206555.16,57611.88,262957.16,220506.91
BUD0001888,2026,12,CC0005,PC005,601113.44,339490.19,261623.25,587439.91,338869.81
BUD0001889,2026,1,CC0017,PC007,604414.52,345869.91,258544.61,625775.18,347976.3
BUD0001890,2026,12,CC0015,PC005,551200.47,386068.3,165132.17,560681.22,393063.27
BUD0001891,2025,11,CC0003,PC003,322947.81,236889.8,86058.01,308025.1,233434.38
BUD0001892,2025,10,CC0005,PC005,475346.87,271064.47,204282.4,499691.83,262040.34
BUD0001893,2026,3,CC0002,PC002,248397.67,181259.79,67137.88,260668.01,191903.74
BUD0001894,2026,2,CC0007,PC007,332501.37,214543.97,117957.4,327753.41,225507.57
BUD0001895,2026,1,CC0006,PC006,482587.17,271655.11,210932.06,498913.33,290229.27
BUD0001896,2026,8,CC0019,PC009,617580.91,372786.57,244794.34,651847.84,401087.89
BUD0001897,2026,5,CC0007,PC007,579569.64,458751.78,120817.86,579182.19,474832.82
BUD0001898,2026,11,CC0013,PC003,696763.19,390656.49,306106.7,735415.77,384612.33
BUD0001899,2025,7,CC0017,PC007,597128.96,435473.2,161655.76,614379.41,460638.41
BUD0001900,2026,5,CC0009,PC009,55015.07,30748.7,24266.37,57754.62,32379.25
BUD0001901,2025,10,CC0014,PC004,287982.38,193574.16,94408.22,275123.41,194769.65
BUD0001902,2025,5,CC0007,PC007,385151.8,271511.96,113639.84,376430.67,275695.45
BUD0001903,2026,6,CC0004,PC004,593747.0,440333.06,153413.94,582053.85,469824.62
BUD0001904,2025,10,CC0017,PC007,676460.94,538714.29,137746.65,693508.03,553037.65
BUD0001905,2025,12,CC0019,PC009,284652.14,208273.9,76378.24,302882.76,213117.1
BUD0001906,2025,3,CC0018,PC008,642009.9,463630.54,178379.36,611143.24,466457.34
BUD0001907,2025,9,CC0005,PC005,482246.86,334595.94,147650.92,498755.09,325415.14
BUD0001908,2025,4,CC0002,PC002,50030.73,40179.23,9851.5,51368.01,40394.33
BUD0001909,2025,12,CC0007,PC007,441441.06,291752.92,149688.14,461658.94,304264.92
BUD0001910,2025,2,CC0020,PC010,159089.65,91279.35,67810.3,165482.39,96823.72
BUD0001911,2025,4,CC0018,PC008,129121.3,99277.36,29843.94,130355.25,97011.14
BUD0001912,2025,9,CC0009,PC009,211742.59,128608.99,83133.6,202861.85,138591.81
BUD0001913,2026,6,CC0009,PC009,359408.48,207302.59,152105.89,394629.5,211860.86
BUD0001914,2025,4,CC0015,PC005,382864.16,294318.95,88545.21,415625.03,310455.88
BUD0001915,2026,10,CC0018,PC008,474912.02,265910.03,209001.99,499467.85,264501.58
BUD0001916,2025,4,CC0011,PC001,552553.53,313075.97,239477.56,558326.53,302637.38
BUD0001917,2025,10,CC0014,PC004,432083.87,333213.25,98870.62,434486.23,346729.74
BUD0001918,2026,6,CC0020,PC010,736625.09,540097.9,196527.19,800498.39,580935.41
BUD0001919,2026,5,CC0018,PC008,515700.39,302745.03,212955.36,520207.44,324624.28
BUD0001920,2026,11,CC0010,PC010,328948.04,263482.2,65465.84,310186.62,255225.77
BUD0001921,2025,7,CC0003,PC003,582625.3,443087.97,139537.33,611392.52,443072.14
BUD0001922,2026,2,CC0019,PC009,70173.33,51376.19,18797.14,71814.87,52210.65
BUD0001923,2025,12,CC0009,PC009,508813.49,391672.97,117140.52,516125.88,399870.96
BUD0001924,2025,12,CC0008,PC008,487819.81,367222.32,120597.49,461186.65,392979.08
BUD0001925,2025,8,CC0001,PC001,406076.26,275979.76,130096.5,424245.97,287018.3
BUD0001926,2025,9,CC0004,PC004,615807.43,390612.51,225194.92,631373.81,415135.97
BUD0001927,2025,8,CC0017,PC007,655133.58,515794.07,139339.51,696221.55,534958.8
BUD0001928,2026,12,CC0014,PC004,292987.56,168502.12,124485.44,289028.4,180013.06
BUD0001929,2026,8,CC0019,PC009,350719.2,280658.36,70060.84,349247.47,286736.75
BUD0001930,2026,11,CC0009,PC009,299656.69,235793.18,63863.51,288340.1,254497.88
BUD0001931,2025,5,CC0005,PC005,561361.34,376772.02,184589.32,540135.31,379227.25
BUD0001932,2026,5,CC0016,PC006,59778.87,41058.47,18720.4,59189.99,39040.67
BUD0001933,2026,2,CC0015,PC005,296549.03,188519.64,108029.39,308660.16,192841.89
BUD0001934,2026,5,CC0019,PC009,132700.67,95547.86,37152.81,134521.9,101369.04
BUD0001935,2026,1,CC0002,PC002,129624.89,93413.71,36211.18,135261.92,93747.41
BUD0001936,2026,3,CC0008,PC008,498472.54,392097.0,106375.54,498457.35,380613.13
BUD0001937,2025,4,CC0011,PC001,719353.19,484934.22,234418.97,782438.46,485866.05
BUD0001938,2026,8,CC0010,PC010,223086.08,154888.56,68197.52,219680.24,162544.98
BUD0001939,2025,1,CC0012,PC002,578334.87,407921.39,170413.48,564098.88,398873.44
BUD0001940,2026,8,CC0004,PC004,457242.22,358796.08,98446.14,466090.51,374366.58
BUD0001941,2026,9,CC0015,PC005,187569.31,140171.83,47397.48,187806.92,142596.28
BUD0001942,2026,2,CC0013,PC003,718967.5,510481.24,208486.26,768755.91,497159.46
BUD0001943,2026,8,CC0003,PC003,268532.35,156892.21,111640.14,268880.75,159633.64
BUD0001944,2025,6,CC0020,PC010,430858.26,302312.63,128545.63,411739.98,324800.88
BUD0001945,2025,10,CC0015,PC005,167376.77,104758.22,62618.55,177485.33,104099.67
BUD0001946,2025,2,CC0015,PC005,404486.79,297557.81,106928.98,396910.81,298413.48
BUD0001947,2026,3,CC0009,PC009,88754.2,58535.39,30218.81,95070.74,58447.23
BUD0001948,2026,8,CC0003,PC003,447169.39,286825.78,160343.61,452481.87,296829.46
BUD0001949,2025,2,CC0018,PC008,74772.66,58394.97,16377.69,79033.9,58516.33
BUD0001950,2025,1,CC0012,PC002,649873.17,488790.48,161082.69,714364.52,482971.44
BUD0001951,2026,1,CC0004,PC004,294697.15,224972.49,69724.66,289656.94,215540.97
BUD0001952,2025,4,CC0015,PC005,299567.37,188331.63,111235.74,290292.88,190257.92
BUD0001953,2026,6,CC0004,PC004,731833.69,475322.89,256510.8,801755.16,479757.72
BUD0001954,2025,5,CC0013,PC003,420363.15,329867.45,90495.7,405524.13,326344.36
BUD0001955,2025,5,CC0003,PC003,148870.18,94972.1,53898.08,154005.47,101989.7
BUD0001956,2025,11,CC0003,PC003,614581.97,341367.82,273214.15,658126.81,344861.55
BUD0001957,2026,1,CC0009,PC009,190123.11,127112.73,63010.38,188536.2,133210.98
BUD0001958,2025,5,CC0012,PC002,601956.53,481586.29,120370.24,630621.76,459288.0
BUD0001959,2025,8,CC0001,PC001,131932.77,86634.63,45298.14,144770.32,86113.6
BUD0001960,2026,9,CC0016,PC006,622251.45,427427.32,194824.13,657794.13,407604.29
BUD0001961,2026,2,CC0008,PC008,553237.6,327794.78,225442.82,600473.86,322727.27
BUD0001962,2026,4,CC0006,PC006,538083.19,371789.58,166293.61,513144.7,355902.83
BUD0001963,2026,8,CC0011,PC001,116268.31,66452.96,49815.35,124145.97,67221.47
BUD0001964,2025,7,CC0002,PC002,51112.48,29966.18,21146.3,48960.81,28839.04
BUD0001965,2026,8,CC0013,PC003,400554.89,293954.46,106600.43,379618.27,291983.8
BUD0001966,2025,12,CC0008,PC008,682453.61,410218.42,272235.19,675484.56,405469.36
BUD0001967,2025,7,CC0009,PC009,536870.73,320115.68,216755.05,552729.46,326577.2
BUD0001968,2026,6,CC0003,PC003,452928.32,255496.76,197431.56,450317.71,273284.29
BUD0001969,2026,8,CC0008,PC008,91607.09,57993.65,33613.44,91295.6,59607.4
BUD0001970,2025,4,CC0010,PC010,645329.82,420292.97,225036.85,673333.45,412750.21
BUD0001971,2026,6,CC0017,PC007,416891.74,307771.74,109120.0,409420.21,307201.99
BUD0001972,2025,7,CC0010,PC010,739191.26,416249.83,322941.43,709568.11,423876.26
BUD0001973,2025,9,CC0018,PC008,621972.55,346845.11,275127.44,624798.99,349601.77
BUD0001974,2025,6,CC0014,PC004,706429.77,540766.05,165663.72,757039.83,527249.4
BUD0001975,2025,3,CC0001,PC001,545347.26,426340.48,119006.78,524647.61,425741.79
BUD0001976,2026,6,CC0006,PC006,238099.3,183352.04,54747.26,254189.23,174565.54
BUD0001977,2026,8,CC0011,PC001,734295.09,593867.44,140427.65,738929.35,576009.69
BUD0001978,2026,2,CC0014,PC004,240119.45,163615.63,76503.82,233614.57,167193.67
BUD0001979,2026,12,CC0018,PC008,712095.86,496608.47,215487.39,714511.17,535286.16
BUD0001980,2026,9,CC0003,PC003,320320.68,255994.17,64326.51,322034.9,248829.79
BUD0001981,2025,1,CC0008,PC008,232784.92,139093.67,93691.25,227341.46,134194.52
BUD0001982,2025,7,CC0005,PC005,503625.6,339006.95,164618.65,518876.17,341843.76
BUD0001983,2025,3,CC0006,PC006,368839.24,264629.21,104210.03,394303.42,254490.52
BUD0001984,2025,7,CC0009,PC009,609261.23,347480.3,261780.93,592828.75,365759.85
BUD0001985,2025,9,CC0005,PC005,167343.88,125371.99,41971.89,183936.59,124617.03
BUD0001986,2026,12,CC0019,PC009,138960.02,82079.26,56880.76,140753.4,82916.33
BUD0001987,2026,4,CC0006,PC006,252455.0,150927.6,101527.4,270867.72,152923.23
BUD0001988,2026,12,CC0013,PC003,610109.75,339040.58,271069.17,635277.68,341035.33
BUD0001989,2026,12,CC0019,PC009,480351.46,323682.57,156668.89,473888.6,342259.87
BUD0001990,2026,11,CC0017,PC007,517043.86,361405.91,155637.95,556932.67,386070.9
BUD0001991,2026,6,CC0020,PC010,704858.22,569601.45,135256.77,721250.33,571791.22
BUD0001992,2026,9,CC0003,PC003,474539.36,328587.17,145952.19,498554.24,326336.15
BUD0001993,2025,5,CC0007,PC007,147614.27,117226.18,30388.09,153946.22,122187.72
BUD0001994,2026,11,CC0017,PC007,732753.37,421883.63,310869.74,773799.05,420526.24
BUD0001995,2025,6,CC0001,PC001,593253.72,345761.35,247492.37,586096.59,366091.78
BUD0001996,2025,3,CC0008,PC008,624054.93,421314.87,202740.06,664050.89,441406.02
BUD0001997,2026,6,CC0006,PC006,544537.16,335979.27,208557.89,523383.35,357857.8
BUD0001998,2026,12,CC0008,PC008,615826.52,398091.77,217734.75,620926.28,417296.17
BUD0001999,2025,12,CC0005,PC005,245109.24,172109.96,72999.28,231628.46,163823.57
BUD0002000,2026,11,CC0019,PC009,554038.27,430339.52,123698.75,594266.99,456393.51
BUD0002001,2026,2,CC0013,PC003,151225.32,89912.37,61312.95,161332.93,87849.04
BUD0002002,2025,12,CC0018,PC008,595074.95,434937.37,160137.58,617188.44,445318.67
BUD0002003,2025,4,CC0017,PC007,661601.66,541650.64,119951.02,720513.3,558622.8
BUD0002004,2026,11,CC0013,PC003,151712.53,122266.75,29445.78,156022.32,128137.0
BUD0002005,2026,10,CC0015,PC005,500854.2,364495.51,136358.69,521399.57,386237.07
BUD0002006,2025,12,CC0001,PC001,461620.32,266610.54,195009.78,465041.02,272004.75
BUD0002007,2025,10,CC0016,PC006,670277.2,442030.83,228246.37,635969.0,461647.72
BUD0002008,2025,9,CC0008,PC008,678448.94,426271.42,252177.52,652821.73,411882.96
BUD0002009,2025,8,CC0016,PC006,627411.77,457239.51,170172.26,687291.85,487757.42
BUD0002010,2025,2,CC0013,PC003,511398.59,308761.26,202637.33,482014.27,331568.45
BUD0002011,2026,8,CC0015,PC005,543071.69,426839.15,116232.54,520203.91,432433.15
BUD0002012,2025,12,CC0001,PC001,621529.25,349799.68,271729.57,662584.53,359361.0
BUD0002013,2026,4,CC0012,PC002,411025.88,304866.88,106159.0,421419.03,303948.76
BUD0002014,2025,3,CC0010,PC010,547341.02,410881.32,136459.7,517592.06,434046.94
BUD0002015,2026,9,CC0012,PC002,356411.63,284777.58,71634.05,349606.32,293974.35
BUD0002016,2026,5,CC0012,PC002,593187.94,438301.97,154885.97,635219.76,472709.18
BUD0002017,2026,12,CC0004,PC004,398005.4,280702.92,117302.48,386490.77,287855.91
BUD0002018,2026,5,CC0018,PC008,323361.27,243057.76,80303.51,349136.55,247879.63
BUD0002019,2025,10,CC0002,PC002,274610.15,170696.91,103913.24,287046.33,180411.86
BUD0002020,2025,3,CC0008,PC008,113981.2,66740.45,47240.75,120840.27,65152.8
BUD0002021,2026,12,CC0020,PC010,57278.77,39780.45,17498.32,60431.63,38852.74
BUD0002022,2025,4,CC0018,PC008,265703.31,195323.64,70379.67,251476.42,186849.38
BUD0002023,2025,11,CC0017,PC007,289283.62,184970.96,104312.66,305791.47,189273.31
BUD0002024,2026,12,CC0014,PC004,579316.79,369348.06,209968.73,627865.16,353248.78
BUD0002025,2025,1,CC0005,PC005,446302.72,310254.74,136047.98,430981.54,327904.73
BUD0002026,2025,7,CC0008,PC008,491577.33,363825.5,127751.83,465426.19,352716.1
BUD0002027,2025,3,CC0016,PC006,449843.9,267394.74,182449.16,480753.42,268912.95
BUD0002028,2026,1,CC0019,PC009,269098.63,178112.92,90985.71,263653.97,181960.32
BUD0002029,2026,1,CC0003,PC003,473667.86,294791.51,178876.35,509732.66,301785.54
BUD0002030,2026,12,CC0004,PC004,469837.55,370923.76,98913.79,484031.32,379748.28
BUD0002031,2025,7,CC0012,PC002,234627.81,166453.49,68174.32,252927.52,166197.16
BUD0002032,2026,5,CC0006,PC006,62480.39,45594.35,16886.04,62802.41,43761.27
BUD0002033,2025,8,CC0020,PC010,629508.19,432235.14,197273.05,611464.54,438513.06
BUD0002034,2026,11,CC0019,PC009,613749.56,392538.03,221211.53,577878.55,386561.31
BUD0002035,2026,12,CC0013,PC003,663946.7,436479.79,227466.91,659484.32,444335.14
BUD0002036,2026,6,CC0009,PC009,570810.44,333228.38,237582.06,580478.0,351512.7
BUD0002037,2025,5,CC0010,PC010,691691.25,447961.79,243729.46,744271.19,428370.44
BUD0002038,2025,1,CC0001,PC001,260956.49,185701.42,75255.07,249747.52,178047.25
BUD0002039,2026,1,CC0015,PC005,163369.59,114532.31,48837.28,164879.39,123210.3
BUD0002040,2026,2,CC0008,PC008,395060.96,282920.86,112140.1,398969.79,275103.38
BUD0002041,2026,11,CC0003,PC003,688785.02,547037.88,141747.14,755926.7,578854.1
BUD0002042,2026,6,CC0012,PC002,653892.14,420702.62,233189.52,634917.33,401424.43
BUD0002043,2026,9,CC0014,PC004,104760.57,73787.08,30973.49,110789.2,79255.54
BUD0002044,2026,7,CC0011,PC001,201399.03,147255.7,54143.33,203007.9,149651.43
BUD0002045,2025,4,CC0008,PC008,411303.61,317252.02,94051.59,388792.92,337481.22
BUD0002046,2025,6,CC0020,PC010,183663.49,122403.48,61260.01,200346.45,130229.83
BUD0002047,2026,3,CC0014,PC004,368189.0,241212.28,126976.72,391110.52,247832.92
BUD0002048,2026,7,CC0011,PC001,282172.17,191778.54,90393.63,304496.05,187462.8
BUD0002049,2026,2,CC0002,PC002,210103.36,143068.97,67034.39,227045.19,144155.47
BUD0002050,2026,8,CC0009,PC009,502813.38,322796.24,180017.14,483941.69,342134.76
BUD0002051,2025,12,CC0007,PC007,624540.5,390340.83,234199.67,612807.5,401735.65
BUD0002052,2025,1,CC0003,PC003,176081.89,137126.21,38955.68,175887.91,133592.18
BUD0002053,2026,2,CC0014,PC004,172158.59,113409.22,58749.37,171544.87,107936.13
BUD0002054,2026,6,CC0011,PC001,160018.08,97241.71,62776.37,168859.72,101199.11
BUD0002055,2026,9,CC0018,PC008,245816.17,200052.97,45763.2,253168.19,194008.82
BUD0002056,2025,2,CC0007,PC007,223508.28,161865.96,61642.32,241105.46,170264.74
BUD0002057,2026,5,CC0019,PC009,247381.25,152684.73,94696.52,251696.86,147483.7
BUD0002058,2026,12,CC0003,PC003,641484.19,480829.57,160654.62,691702.03,487202.38
BUD0002059,2026,6,CC0017,PC007,158949.23,90988.19,67961.04,169688.96,87919.27
BUD0002060,2026,9,CC0014,PC004,723948.03,419776.82,304171.21,751122.36,423815.03
BUD0002061,2025,10,CC0012,PC002,584957.93,434543.23,150414.7,626413.78,415357.6
BUD0002062,2025,12,CC0016,PC006,116509.15,80799.8,35709.35,117651.1,78903.94
BUD0002063,2025,5,CC0016,PC006,423067.78,320523.06,102544.72,460049.26,318594.92
BUD0002064,2026,10,CC0008,PC008,686104.14,491212.95,194891.19,670885.1,492190.35
BUD0002065,2026,4,CC0020,PC010,124560.18,89475.71,35084.47,133239.75,92942.84
BUD0002066,2026,12,CC0011,PC001,584065.83,404211.71,179854.12,589961.92,388134.49
BUD0002067,2025,1,CC0004,PC004,124116.7,69938.67,54178.03,121609.79,70258.45
BUD0002068,2026,1,CC0009,PC009,577540.05,320847.01,256693.04,599634.32,306618.19
BUD0002069,2026,6,CC0004,PC004,51138.59,40142.47,10996.12,53998.74,42761.98
BUD0002070,2025,12,CC0017,PC007,691700.4,469347.27,222353.13,725276.73,489108.49
BUD0002071,2025,10,CC0017,PC007,336740.49,226874.98,109865.51,368168.12,230859.38
BUD0002072,2025,1,CC0006,PC006,486214.23,295602.44,190611.79,469429.18,297245.41
BUD0002073,2026,10,CC0016,PC006,582569.11,425464.59,157104.52,639344.63,433316.55
BUD0002074,2026,9,CC0001,PC001,561015.89,348137.98,212877.91,585977.22,349890.06
BUD0002075,2026,10,CC0014,PC004,138718.09,98098.92,40619.17,151104.63,101720.2
BUD0002076,2026,12,CC0020,PC010,599374.01,380538.53,218835.48,622096.69,374919.63
BUD0002077,2026,11,CC0008,PC008,516426.89,404898.33,111528.56,560241.62,401344.54
BUD0002078,2026,12,CC0011,PC001,650680.17,468761.08,181919.09,659147.65,483365.48
BUD0002079,2026,5,CC0019,PC009,181205.6,106528.42,74677.18,185232.31,102606.71
BUD0002080,2025,5,CC0002,PC002,147319.01,102976.45,44342.56,148641.72,99104.87
BUD0002081,2026,5,CC0001,PC001,87164.96,58187.83,28977.13,88460.79,58189.21
BUD0002082,2026,8,CC0007,PC007,684438.89,416699.25,267739.64,709636.27,413724.98
BUD0002083,2026,1,CC0002,PC002,193360.91,123193.81,70167.1,206274.98,123964.42
BUD0002084,2026,11,CC0006,PC006,353236.19,230419.38,122816.81,388400.67,242764.16
BUD0002085,2026,12,CC0003,PC003,439009.59,309754.7,129254.89,471921.67,309622.77
BUD0002086,2025,3,CC0012,PC002,236822.8,131291.89,105530.91,256735.11,136880.49
BUD0002087,2025,3,CC0010,PC010,97288.08,59978.48,37309.6,92897.06,60976.98
BUD0002088,2025,8,CC0005,PC005,145581.38,82789.82,62791.56,137417.11,88894.39
BUD0002089,2025,4,CC0001,PC001,61292.92,39112.29,22180.63,60091.81,39372.38
BUD0002090,2026,8,CC0011,PC001,684824.2,533269.5,151554.7,667066.97,551575.45
BUD0002091,2026,5,CC0001,PC001,612512.55,458798.36,153714.19,666666.03,493959.99
BUD0002092,2026,5,CC0014,PC004,509334.75,370440.64,138894.11,481565.1,384664.61
BUD0002093,2026,6,CC0017,PC007,355003.09,247864.66,107138.43,382019.07,237857.87
BUD0002094,2026,12,CC0001,PC001,172258.23,117778.75,54479.48,167747.45,118570.95
BUD0002095,2026,8,CC0008,PC008,208341.09,119795.56,88545.53,205283.41,115121.36
BUD0002096,2025,10,CC0020,PC010,225575.38,161612.7,63962.68,226648.61,155368.04
BUD0002097,2025,7,CC0016,PC006,452720.25,302879.2,149841.05,448278.15,305457.47
BUD0002098,2025,7,CC0019,PC009,318100.31,254910.66,63189.65,320284.76,270185.55
BUD0002099,2026,4,CC0010,PC010,724611.19,419403.36,305207.83,719913.72,449967.23
BUD0002100,2025,8,CC0012,PC002,549062.04,365910.42,183151.62,529130.02,358426.27
BUD0002101,2026,8,CC0002,PC002,144359.04,82055.94,62303.1,141812.1,88058.5
BUD0002102,2025,5,CC0015,PC005,349006.6,242545.22,106461.38,328197.52,253299.47
BUD0002103,2026,6,CC0009,PC009,627156.66,358718.31,268438.35,657097.79,356379.42
BUD0002104,2026,5,CC0001,PC001,217306.49,155516.03,61790.46,223393.28,155037.93
BUD0002105,2026,6,CC0006,PC006,704709.61,559545.51,145164.1,686845.66,572242.81
BUD0002106,2025,8,CC0018,PC008,461524.62,285658.98,175865.64,506195.18,283653.24
BUD0002107,2026,7,CC0003,PC003,746631.9,529919.03,216712.87,775769.29,540645.12
BUD0002108,2026,9,CC0011,PC001,115107.35,83770.0,31337.35,110063.68,89998.07
BUD0002109,2025,7,CC0018,PC008,189114.87,134880.8,54234.07,198835.27,139448.33
BUD0002110,2026,9,CC0002,PC002,237362.32,164769.13,72593.19,231100.11,174726.3
BUD0002111,2026,7,CC0012,PC002,445218.66,345649.41,99569.25,433537.63,340556.69
BUD0002112,2026,1,CC0011,PC001,488625.91,368556.89,120069.02,503944.15,392059.67
BUD0002113,2026,7,CC0009,PC009,453269.87,271798.32,181471.55,429177.54,289260.89
BUD0002114,2026,8,CC0007,PC007,228303.0,136096.75,92206.25,246125.18,144134.06
BUD0002115,2025,2,CC0002,PC002,297006.91,195312.34,101694.57,321338.31,186215.99
BUD0002116,2025,10,CC0001,PC001,281032.52,207894.01,73138.51,298807.85,201736.28
BUD0002117,2026,8,CC0014,PC004,634100.8,407763.58,226337.22,626581.33,393290.29
BUD0002118,2026,6,CC0017,PC007,352684.92,256590.22,96094.7,385861.39,275251.07
BUD0002119,2026,4,CC0017,PC007,193308.3,117856.09,75452.21,209442.35,119385.05
BUD0002120,2026,4,CC0006,PC006,53695.3,38243.4,15451.9,52492.06,40435.75
BUD0002121,2026,4,CC0001,PC001,390218.69,285576.08,104642.61,398540.93,303423.54
BUD0002122,2026,3,CC0008,PC008,551887.59,343588.3,208299.29,556116.19,333293.26
BUD0002123,2025,5,CC0011,PC001,435079.02,329481.25,105597.77,438601.05,319357.78
BUD0002124,2026,12,CC0012,PC002,147893.89,110480.32,37413.57,148639.06,116590.93
BUD0002125,2026,10,CC0008,PC008,203876.63,145886.96,57989.67,208607.04,145277.51
BUD0002126,2026,8,CC0007,PC007,115807.58,72925.8,42881.78,109545.02,72881.22
BUD0002127,2026,4,CC0016,PC006,541162.87,312787.91,228374.96,518470.2,316061.61
BUD0002128,2025,6,CC0007,PC007,116653.8,91600.14,25053.66,125492.65,91036.9
BUD0002129,2026,12,CC0014,PC004,655285.95,486273.77,169012.18,661205.42,517303.79
BUD0002130,2025,11,CC0016,PC006,414679.72,270619.17,144060.55,411395.84,285994.88
BUD0002131,2025,7,CC0016,PC006,102863.77,62821.19,40042.58,107569.1,64149.59
BUD0002132,2025,8,CC0010,PC010,333144.63,238312.61,94832.02,364026.04,246281.28
BUD0002133,2025,8,CC0006,PC006,157326.19,102380.83,54945.36,162456.86,107808.16
BUD0002134,2026,4,CC0015,PC005,249904.18,164658.37,85245.81,257597.52,170816.06
BUD0002135,2025,1,CC0019,PC009,318356.28,212483.37,105872.91,338639.4,217922.84
BUD0002136,2025,10,CC0001,PC001,140816.32,77511.73,63304.59,150743.57,77028.01
BUD0002137,2026,10,CC0008,PC008,692540.5,562623.28,129917.22,755183.41,543807.38
BUD0002138,2026,8,CC0001,PC001,173481.17,105988.28,67492.89,185523.25,106222.89
BUD0002139,2025,8,CC0014,PC004,639112.85,369950.03,269162.82,602891.78,384678.1
BUD0002140,2025,9,CC0019,PC009,149341.54,120186.02,29155.52,155022.03,127032.19
BUD0002141,2026,4,CC0004,PC004,557944.78,329847.25,228097.53,534947.31,349000.78
BUD0002142,2025,6,CC0010,PC010,631245.27,354930.48,276314.79,594223.01,361479.51
BUD0002143,2026,8,CC0018,PC008,233076.56,177110.04,55966.52,229290.63,170247.2
BUD0002144,2026,4,CC0019,PC009,717628.39,399720.6,317907.79,788299.07,409872.68
BUD0002145,2025,1,CC0005,PC005,607905.98,372058.88,235847.1,642996.89,382420.03
BUD0002146,2026,4,CC0005,PC005,737773.35,439450.47,298322.88,716583.49,454581.38
BUD0002147,2026,5,CC0017,PC007,450613.23,274622.19,175991.04,451368.33,295365.32
BUD0002148,2025,2,CC0011,PC001,157866.31,101075.36,56790.95,151627.21,102255.64
BUD0002149,2025,2,CC0009,PC009,560912.86,429583.08,131329.78,571500.15,436077.79
BUD0002150,2025,8,CC0007,PC007,580442.19,391699.0,188743.19,569262.42,412299.39
BUD0002151,2026,1,CC0003,PC003,278558.65,206898.69,71659.96,282021.93,212767.53
BUD0002152,2026,5,CC0007,PC007,503890.47,288000.58,215889.89,478016.08,300668.75
BUD0002153,2026,4,CC0005,PC005,708194.52,531518.87,176675.65,717509.21,553159.1
BUD0002154,2026,2,CC0015,PC005,632519.93,494642.03,137877.9,607965.33,492380.27
BUD0002155,2025,2,CC0008,PC008,543567.12,443108.38,100458.74,591567.55,449211.65
BUD0002156,2025,3,CC0001,PC001,355049.59,270773.42,84276.17,353101.2,264631.52
BUD0002157,2025,2,CC0019,PC009,229107.3,153778.19,75329.11,222480.59,155314.57
BUD0002158,2025,6,CC0019,PC009,528123.96,359073.37,169050.59,502946.81,358830.24
BUD0002159,2025,8,CC0001,PC001,129358.52,87246.48,42112.04,128456.5,86397.07
BUD0002160,2026,10,CC0002,PC002,100223.45,79632.03,20591.42,108965.01,79506.71
BUD0002161,2026,10,CC0016,PC006,466433.8,323681.51,142752.29,501539.96,336866.65
BUD0002162,2025,9,CC0013,PC003,524537.33,296060.74,228476.59,520583.51,304490.25
BUD0002163,2025,10,CC0014,PC004,124451.48,84266.04,40185.44,132908.4,90868.55
BUD0002164,2026,3,CC0011,PC001,742057.02,445132.26,296924.76,808762.68,459546.55
BUD0002165,2026,7,CC0011,PC001,179981.42,127140.5,52840.92,193946.85,123114.92
BUD0002166,2026,4,CC0005,PC005,718707.62,528834.93,189872.69,691832.55,547729.95
BUD0002167,2026,2,CC0019,PC009,558416.02,324814.43,233601.59,555233.96,344032.05
BUD0002168,2026,9,CC0016,PC006,55701.47,45497.11,10204.36,60375.72,45438.95
BUD0002169,2026,4,CC0005,PC005,118210.58,92138.13,26072.45,111799.23,91298.99
BUD0002170,2025,11,CC0009,PC009,403259.53,300103.57,103155.96,435621.98,295442.52
BUD0002171,2025,6,CC0015,PC005,417713.5,277836.04,139877.46,410632.92,276715.67
BUD0002172,2026,3,CC0010,PC010,310026.01,220662.78,89363.23,305234.57,229476.52
BUD0002173,2025,10,CC0018,PC008,216117.93,151784.47,64333.46,229442.97,154785.71
BUD0002174,2025,11,CC0012,PC002,50582.48,32459.81,18122.67,55640.68,32195.25
BUD0002175,2026,6,CC0017,PC007,656268.41,498862.61,157405.8,695312.29,483665.61
BUD0002176,2025,8,CC0017,PC007,739140.62,604136.43,135004.19,748484.19,600353.99
BUD0002177,2025,3,CC0016,PC006,294830.35,181841.13,112989.22,289624.31,186375.21
BUD0002178,2025,8,CC0015,PC005,631589.24,408258.13,223331.11,595806.79,440092.92
BUD0002179,2025,4,CC0004,PC004,118274.61,72669.63,45604.98,124419.83,74455.9
BUD0002180,2025,12,CC0002,PC002,337081.21,235688.62,101392.59,327844.19,243401.55
BUD0002181,2026,9,CC0002,PC002,284889.84,206679.85,78209.99,300249.64,199474.01
BUD0002182,2026,4,CC0001,PC001,625217.51,396925.89,228291.62,641548.95,418738.05
BUD0002183,2026,5,CC0004,PC004,670535.74,481163.74,189372.0,656003.27,506634.56
BUD0002184,2026,3,CC0003,PC003,311068.21,174020.69,137047.52,302699.65,174672.65
BUD0002185,2026,12,CC0005,PC005,370640.26,225175.37,145464.89,370982.11,223346.5
BUD0002186,2025,12,CC0018,PC008,621908.15,362407.66,259500.49,631877.56,362569.39
BUD0002187,2025,5,CC0015,PC005,670581.08,420738.06,249843.02,631628.37,431609.39
BUD0002188,2025,6,CC0008,PC008,143446.98,86843.8,56603.18,135168.7,88135.71
BUD0002189,2025,9,CC0005,PC005,564607.14,410873.4,153733.74,614741.28,419904.17
BUD0002190,2026,7,CC0007,PC007,698286.12,563484.32,134801.8,716381.32,560424.34
BUD0002191,2026,7,CC0019,PC009,475747.19,352878.36,122868.83,448717.33,368041.22
BUD0002192,2025,9,CC0019,PC009,122671.74,72765.47,49906.27,118903.45,76479.97
BUD0002193,2025,1,CC0020,PC010,659431.71,456405.31,203026.4,647112.91,482359.3
BUD0002194,2026,5,CC0007,PC007,684087.78,518418.78,165669.0,702924.4,538465.76
BUD0002195,2026,7,CC0001,PC001,353322.54,220765.52,132557.02,379638.88,229747.24
BUD0002196,2025,6,CC0014,PC004,64446.6,42486.12,21960.48,61528.51,44618.8
BUD0002197,2025,5,CC0020,PC010,126920.34,88356.74,38563.6,134526.96,89275.16
BUD0002198,2025,10,CC0013,PC003,440945.93,319554.53,121391.4,433891.58,340369.4
BUD0002199,2025,8,CC0001,PC001,597195.82,396986.31,200209.51,632735.8,397134.01
BUD0002200,2025,3,CC0015,PC005,150895.41,112064.0,38831.41,145195.15,118750.17
BUD0002201,2025,2,CC0007,PC007,180744.61,108793.21,71951.4,197634.13,117405.52
BUD0002202,2025,5,CC0015,PC005,738597.07,436542.3,302054.77,746698.02,451874.61
BUD0002203,2025,12,CC0011,PC001,516487.71,404818.63,111669.08,549391.45,427695.78
BUD0002204,2026,2,CC0003,PC003,115990.78,94900.69,21090.09,113595.66,93485.18
BUD0002205,2025,9,CC0002,PC002,578200.86,339708.69,238492.17,598808.8,351843.6
BUD0002206,2026,3,CC0019,PC009,249275.59,186944.31,62331.28,262046.92,199306.62
BUD0002207,2025,2,CC0017,PC007,624971.79,491745.21,133226.58,604950.62,475924.4
BUD0002208,2025,6,CC0017,PC007,115980.02,86067.61,29912.41,113377.03,89277.2
BUD0002209,2025,9,CC0002,PC002,218008.52,133761.7,84246.82,234278.19,127339.68
BUD0002210,2026,8,CC0018,PC008,188867.08,109002.91,79864.17,189114.44,107652.42
BUD0002211,2025,7,CC0008,PC008,563214.3,354700.32,208513.98,605076.14,360798.84
BUD0002212,2025,8,CC0004,PC004,681964.17,478541.93,203422.24,679110.7,473299.0
BUD0002213,2025,4,CC0009,PC009,576936.59,420762.76,156173.83,568718.5,437509.12
BUD0002214,2026,1,CC0007,PC007,51131.43,40241.81,10889.62,49783.48,43425.91
BUD0002215,2025,11,CC0016,PC006,637473.97,477382.15,160091.82,632780.62,467524.91
BUD0002216,2026,12,CC0007,PC007,62988.53,45493.99,17494.54,65032.79,47695.8
BUD0002217,2025,11,CC0009,PC009,438585.67,262331.02,176254.65,421255.48,255137.29
BUD0002218,2025,7,CC0008,PC008,52552.31,39076.26,13476.05,56242.52,39336.23
BUD0002219,2025,3,CC0004,PC004,119407.78,92367.24,27040.54,124852.95,96270.17
BUD0002220,2025,1,CC0001,PC001,649338.67,376885.41,272453.26,641029.3,404294.99
BUD0002221,2026,12,CC0001,PC001,204314.77,119850.55,84464.22,193118.23,122890.19
BUD0002222,2025,10,CC0015,PC005,138753.22,112811.52,25941.7,144839.67,118139.27
BUD0002223,2025,2,CC0007,PC007,295674.14,205753.31,89920.83,321069.08,210713.74
BUD0002224,2026,8,CC0001,PC001,602206.98,380818.1,221388.88,614076.31,379900.76
BUD0002225,2025,3,CC0013,PC003,193658.86,123357.55,70301.31,188924.82,121168.78
BUD0002226,2026,3,CC0015,PC005,98455.14,59273.93,39181.21,105905.1,63245.47
BUD0002227,2026,9,CC0015,PC005,742314.79,492681.2,249633.59,762655.75,484184.74
BUD0002228,2026,5,CC0011,PC001,338209.49,250968.16,87241.33,361735.64,253032.94
BUD0002229,2026,7,CC0019,PC009,697292.36,532251.16,165041.2,749335.36,509191.3
BUD0002230,2025,5,CC0020,PC010,526257.13,371845.6,154411.53,538565.07,392016.68
BUD0002231,2025,5,CC0001,PC001,538009.78,374872.37,163137.41,509196.39,360526.39
BUD0002232,2025,9,CC0006,PC006,576625.97,359664.4,216961.57,625386.94,362529.47
BUD0002233,2025,10,CC0016,PC006,113293.58,74739.21,38554.37,119277.82,72605.7
BUD0002234,2025,1,CC0008,PC008,505566.5,311915.79,193650.71,552931.28,299498.86
BUD0002235,2025,8,CC0018,PC008,730466.18,509295.05,221171.13,764107.3,504603.79
BUD0002236,2026,7,CC0005,PC005,55959.28,39245.24,16714.04,60381.24,37993.71
BUD0002237,2025,3,CC0006,PC006,460815.42,337620.76,123194.66,451338.68,350314.17
BUD0002238,2026,4,CC0013,PC003,350167.49,257603.26,92564.23,376707.39,252189.43
BUD0002239,2026,6,CC0007,PC007,706355.84,429004.51,277351.33,711221.21,430195.24
BUD0002240,2025,5,CC0013,PC003,716764.77,578342.37,138422.4,674862.75,580742.72
BUD0002241,2025,9,CC0016,PC006,112414.57,83512.52,28902.05,122643.52,79533.1
BUD0002242,2025,3,CC0010,PC010,746270.24,426724.89,319545.35,804135.53,427691.5
BUD0002243,2026,11,CC0005,PC005,377347.34,259088.11,118259.23,395958.62,267256.95
BUD0002244,2025,1,CC0018,PC008,386349.33,228578.24,157771.09,366820.44,240823.59
BUD0002245,2026,1,CC0020,PC010,308700.82,221969.97,86730.85,315880.74,223972.27
BUD0002246,2025,12,CC0017,PC007,298224.36,174699.27,123525.09,283818.64,174399.44
BUD0002247,2025,7,CC0005,PC005,458553.68,375446.35,83107.33,473892.86,368194.83
BUD0002248,2025,12,CC0008,PC008,82749.37,54577.48,28171.89,89734.53,58048.24
BUD0002249,2026,10,CC0007,PC007,99187.34,54998.52,44188.82,98075.3,54519.0
BUD0002250,2025,5,CC0009,PC009,640117.68,503955.05,136162.63,653963.92,534026.3
BUD0002251,2026,6,CC0007,PC007,58897.63,44787.92,14109.71,61413.97,45254.04
BUD0002252,2026,12,CC0017,PC007,550553.83,439114.52,111439.31,567991.03,464250.55
BUD0002253,2025,2,CC0006,PC006,538389.42,304726.74,233662.68,580134.35,304652.09
BUD0002254,2025,9,CC0010,PC010,140696.91,84728.26,55968.65,133296.84,85456.79
BUD0002255,2025,7,CC0014,PC004,658778.1,401231.98,257546.12,693161.47,393780.11
BUD0002256,2025,9,CC0001,PC001,261332.55,211092.84,50239.71,286101.0,221349.22
BUD0002257,2026,7,CC0014,PC004,696150.22,516227.18,179923.04,722593.91,527569.14
BUD0002258,2026,5,CC0001,PC001,69183.98,52837.22,16346.76,73103.38,50841.99
BUD0002259,2025,1,CC0018,PC008,543828.75,440941.39,102887.36,546063.72,466982.31
BUD0002260,2026,10,CC0003,PC003,598299.65,442846.51,155453.14,630622.33,437266.17
BUD0002261,2026,7,CC0007,PC007,630375.1,386217.92,244157.18,683708.66,411622.07
BUD0002262,2026,8,CC0010,PC010,362012.69,200261.73,161750.96,341518.29,195697.83
BUD0002263,2026,10,CC0010,PC010,226348.19,178851.31,47496.88,234607.93,171778.86
BUD0002264,2026,11,CC0010,PC010,627588.65,492296.63,135292.02,607839.89,491852.62
BUD0002265,2026,9,CC0006,PC006,735652.04,477490.3,258161.74,757895.94,476008.82
BUD0002266,2025,5,CC0016,PC006,744422.26,604654.35,139767.91,727430.79,575942.57
BUD0002267,2025,6,CC0017,PC007,688406.48,562973.38,125433.1,652740.98,535374.84
BUD0002268,2026,9,CC0013,PC003,188229.63,128358.65,59870.98,187745.55,136696.78
BUD0002269,2025,1,CC0014,PC004,406130.2,277866.38,128263.82,387057.26,298794.15
BUD0002270,2025,7,CC0015,PC005,76646.65,45962.95,30683.7,79156.2,44721.15
BUD0002271,2025,5,CC0009,PC009,418739.75,237037.32,181702.43,405346.08,235343.36
BUD0002272,2026,2,CC0007,PC007,611806.39,494164.41,117641.98,668686.59,472888.53
BUD0002273,2026,9,CC0009,PC009,195228.73,151665.52,43563.21,203833.09,163445.41
BUD0002274,2025,3,CC0003,PC003,664177.78,398262.6,265915.18,729013.63,421996.09
BUD0002275,2025,4,CC0020,PC010,539078.98,435322.02,103756.96,519703.56,462467.34
BUD0002276,2025,3,CC0001,PC001,664701.57,519236.96,145464.61,627642.27,494606.3
BUD0002277,2025,11,CC0018,PC008,250357.14,185699.53,64657.61,264745.52,182528.47
BUD0002278,2025,3,CC0010,PC010,503738.08,397531.71,106206.37,478123.51,389343.11
BUD0002279,2025,8,CC0014,PC004,304944.0,180242.97,124701.03,316749.41,184788.87
BUD0002280,2026,1,CC0004,PC004,420660.81,272940.41,147720.4,405814.4,263235.1
BUD0002281,2025,5,CC0019,PC009,231385.34,167477.63,63907.71,232716.4,163479.8
BUD0002282,2025,7,CC0012,PC002,58921.06,44487.55,14433.51,63317.66,47172.52
BUD0002283,2026,7,CC0005,PC005,686982.89,528735.85,158247.04,663143.24,540898.67
BUD0002284,2025,2,CC0001,PC001,272382.63,156712.65,115669.98,260786.24,152602.73
BUD0002285,2026,5,CC0010,PC010,714804.67,530414.5,184390.17,738024.58,553944.43
BUD0002286,2026,1,CC0004,PC004,675427.85,466926.48,208501.37,645835.74,486803.29
BUD0002287,2025,1,CC0007,PC007,186309.73,127069.77,59239.96,193078.61,122913.74
BUD0002288,2026,11,CC0020,PC010,578436.27,409817.1,168619.17,621164.17,410729.48
BUD0002289,2026,9,CC0019,PC009,609422.01,421814.9,187607.11,629689.59,452864.38
BUD0002290,2025,5,CC0005,PC005,153481.82,108565.67,44916.15,159339.38,112919.85
BUD0002291,2025,3,CC0015,PC005,212999.52,119127.76,93871.76,206946.48,125190.55
BUD0002292,2026,2,CC0019,PC009,225703.08,154513.77,71189.31,231456.83,166061.2
BUD0002293,2025,12,CC0013,PC003,226707.74,131377.7,95330.04,213918.16,134356.99
BUD0002294,2026,3,CC0014,PC004,193018.91,142782.81,50236.1,190763.95,149211.76
BUD0002295,2026,3,CC0015,PC005,659759.73,374343.28,285416.45,642764.02,374840.37
BUD0002296,2026,2,CC0008,PC008,212597.42,164934.96,47662.46,218129.56,173987.96
BUD0002297,2026,7,CC0011,PC001,119505.4,90107.2,29398.2,118636.72,91876.49
BUD0002298,2025,4,CC0006,PC006,733662.81,486718.87,246943.94,783294.79,480138.4
BUD0002299,2026,5,CC0006,PC006,438087.88,335123.9,102963.98,442729.77,341635.08
BUD0002300,2026,2,CC0017,PC007,134429.97,102276.33,32153.64,128943.58,107399.62
BUD0002301,2025,8,CC0002,PC002,117988.35,73714.46,44273.89,116495.13,70643.0
BUD0002302,2025,5,CC0014,PC004,613636.52,385441.08,228195.44,577016.38,404481.7
BUD0002303,2025,2,CC0007,PC007,374487.25,226022.8,148464.45,353538.13,217958.84
BUD0002304,2025,10,CC0020,PC010,172149.66,114499.09,57650.57,167271.53,122811.83
BUD0002305,2025,2,CC0017,PC007,733713.37,495787.44,237925.93,715050.3,507370.51
BUD0002306,2025,8,CC0017,PC007,727878.26,501948.15,225930.11,712521.32,529050.56
BUD0002307,2026,12,CC0011,PC001,154740.67,121320.53,33420.14,151672.69,124930.29
BUD0002308,2026,10,CC0006,PC006,507633.47,332519.92,175113.55,495813.08,357637.4
BUD0002309,2026,3,CC0014,PC004,338142.91,226632.21,111510.7,369846.48,221409.55
BUD0002310,2025,12,CC0005,PC005,690242.62,405918.61,284324.01,690339.56,416044.58
BUD0002311,2026,2,CC0004,PC004,467827.8,350413.92,117413.88,496974.32,338345.46
BUD0002312,2026,9,CC0002,PC002,607567.23,435687.68,171879.55,586662.28,435438.13
BUD0002313,2025,5,CC0017,PC007,427996.18,267999.8,159996.38,444330.93,287242.19
BUD0002314,2026,11,CC0018,PC008,154686.98,120280.84,34406.14,149591.29,128812.82
BUD0002315,2026,11,CC0006,PC006,460884.42,338916.14,121968.28,457101.1,364203.6
BUD0002316,2026,7,CC0002,PC002,51358.09,39804.09,11554.0,51024.84,40508.52
BUD0002317,2025,9,CC0004,PC004,446436.44,357723.54,88712.9,428147.76,372812.88
BUD0002318,2026,9,CC0019,PC009,153157.84,117226.81,35931.03,167979.17,115651.61
BUD0002319,2025,6,CC0020,PC010,234339.67,163741.79,70597.88,240759.81,158598.37
BUD0002320,2026,9,CC0006,PC006,333061.1,217992.13,115068.97,317109.86,219332.09
BUD0002321,2025,2,CC0011,PC001,66658.16,36871.88,29786.28,65665.7,39817.38
BUD0002322,2026,8,CC0004,PC004,232442.31,131656.97,100785.34,228937.69,133462.28
BUD0002323,2026,2,CC0006,PC006,219938.93,151518.53,68420.4,225244.27,150993.15
BUD0002324,2025,11,CC0012,PC002,132476.91,91252.11,41224.8,137767.83,89400.3
BUD0002325,2025,4,CC0015,PC005,423443.43,275906.05,147537.38,447896.17,263379.34
BUD0002326,2025,10,CC0018,PC008,398705.8,303228.7,95477.1,383916.62,298826.54
BUD0002327,2026,6,CC0008,PC008,465248.33,348829.35,116418.98,448973.68,342376.48
BUD0002328,2025,7,CC0010,PC010,94773.11,72154.42,22618.69,91691.8,70514.87
BUD0002329,2026,11,CC0017,PC007,635060.38,353258.11,281802.27,636717.86,342034.25
BUD0002330,2026,10,CC0015,PC005,321935.78,182215.92,139719.86,340903.45,192616.22
BUD0002331,2026,9,CC0013,PC003,449758.84,328293.89,121464.95,476602.26,314032.97
BUD0002332,2026,1,CC0020,PC010,342416.34,214129.54,128286.8,364853.45,208387.28
BUD0002333,2025,12,CC0020,PC010,683315.82,411527.51,271788.31,699093.47,416992.11
BUD0002334,2026,10,CC0001,PC001,162673.55,94593.98,68079.57,155069.38,93826.96
BUD0002335,2025,5,CC0008,PC008,470833.84,374305.15,96528.69,455734.33,399252.87
BUD0002336,2025,11,CC0018,PC008,372016.38,288238.51,83777.87,374944.94,301243.19
BUD0002337,2025,6,CC0016,PC006,283751.05,197823.96,85927.09,300901.96,188710.03
BUD0002338,2025,1,CC0012,PC002,128824.7,77757.62,51067.08,127658.05,78683.18
BUD0002339,2025,8,CC0018,PC008,729421.43,473247.93,256173.5,772012.78,456973.96
BUD0002340,2026,2,CC0001,PC001,710725.58,454555.58,256170.0,769076.19,486769.66
BUD0002341,2026,3,CC0006,PC006,80207.89,55259.0,24948.89,79894.29,53318.86
BUD0002342,2026,3,CC0006,PC006,348440.31,228903.2,119537.11,371245.66,245372.34
BUD0002343,2025,9,CC0005,PC005,589962.81,341800.94,248161.87,602739.25,331385.36
BUD0002344,2025,9,CC0003,PC003,188530.72,106943.03,81587.69,186101.55,104087.16
BUD0002345,2026,4,CC0014,PC004,167563.24,116010.48,51552.76,179141.55,114267.97
BUD0002346,2025,5,CC0020,PC010,146989.58,80900.68,66088.9,151297.27,86236.4
BUD0002347,2026,3,CC0017,PC007,54482.72,41121.46,13361.26,57666.73,42109.27
BUD0002348,2026,10,CC0007,PC007,339527.7,204473.75,135053.95,323044.13,216001.6
BUD0002349,2026,10,CC0010,PC010,272944.81,156723.88,116220.93,294057.8,157927.88
BUD0002350,2025,5,CC0010,PC010,733668.18,493821.04,239847.14,699174.87,491622.35
BUD0002351,2025,12,CC0015,PC005,611255.3,355130.27,256125.03,665616.26,353599.32
BUD0002352,2025,12,CC0004,PC004,80292.58,55258.91,25033.67,84000.7,58092.38
BUD0002353,2026,6,CC0005,PC005,196077.2,159388.77,36688.43,205958.11,171409.47
BUD0002354,2026,2,CC0017,PC007,561730.52,426509.42,135221.1,566386.8,427144.6
BUD0002355,2025,9,CC0014,PC004,504678.58,403815.68,100862.9,485528.38,427983.54
BUD0002356,2025,4,CC0015,PC005,610496.48,500306.24,110190.24,610381.9,498254.03
BUD0002357,2026,5,CC0017,PC007,249337.45,141731.75,107605.7,250654.3,139714.51
BUD0002358,2025,12,CC0005,PC005,664136.18,528404.71,135731.47,685804.53,570232.16
BUD0002359,2025,3,CC0009,PC009,739206.56,454287.76,284918.8,758462.72,443108.82
BUD0002360,2025,12,CC0018,PC008,233603.68,136043.21,97560.47,224574.83,145790.86
BUD0002361,2026,11,CC0003,PC003,529889.33,373109.67,156779.66,544414.12,377590.42
BUD0002362,2025,6,CC0009,PC009,382832.34,276503.06,106329.28,385266.97,275101.88
BUD0002363,2025,3,CC0006,PC006,581901.57,330713.87,251187.7,602500.67,317448.78
BUD0002364,2026,12,CC0005,PC005,445887.88,268072.24,177815.64,444637.07,285336.75
BUD0002365,2026,5,CC0017,PC007,114304.33,71265.29,43039.04,109703.7,70788.55
BUD0002366,2026,7,CC0005,PC005,243057.13,135174.9,107882.23,257940.52,130325.75
BUD0002367,2026,10,CC0003,PC003,221556.05,131028.56,90527.49,234908.73,136758.41
BUD0002368,2026,3,CC0017,PC007,329229.85,262547.12,66682.73,328565.19,261540.28
BUD0002369,2026,9,CC0020,PC010,50232.15,36277.24,13954.91,49237.74,35663.84
BUD0002370,2026,3,CC0005,PC005,83312.84,63743.44,19569.4,85006.78,64550.93
BUD0002371,2025,11,CC0017,PC007,296043.7,239777.8,56265.9,308111.97,257793.06
BUD0002372,2026,9,CC0004,PC004,149486.55,102512.16,46974.39,162327.99,101130.43
BUD0002373,2025,11,CC0020,PC010,335623.0,252475.01,83147.99,323328.1,263577.0
BUD0002374,2026,12,CC0006,PC006,318933.75,178457.94,140475.81,306972.64,172056.83
BUD0002375,2025,1,CC0013,PC003,508611.29,397232.27,111379.02,487664.11,384213.43
BUD0002376,2026,7,CC0002,PC002,69264.47,56795.38,12469.09,72070.77,55489.82
BUD0002377,2026,8,CC0018,PC008,282136.38,230889.37,51247.01,274305.59,220298.13
BUD0002378,2025,1,CC0002,PC002,172951.67,112593.29,60358.38,187990.01,109035.09
BUD0002379,2026,12,CC0006,PC006,439746.98,324301.42,115445.56,445371.0,321285.8
BUD0002380,2025,12,CC0002,PC002,270207.51,184792.05,85415.46,291969.07,197548.96
BUD0002381,2025,1,CC0006,PC006,623003.03,456706.0,166297.03,643880.98,473929.22
BUD0002382,2025,6,CC0017,PC007,55297.19,35900.06,19397.13,57243.59,35811.45
BUD0002383,2026,10,CC0001,PC001,605524.93,434551.7,170973.23,588103.01,444922.52
BUD0002384,2025,12,CC0014,PC004,471096.73,285807.37,185289.36,515068.4,304200.48
BUD0002385,2026,10,CC0016,PC006,110337.04,71466.42,38870.62,106004.86,70405.94
BUD0002386,2025,11,CC0013,PC003,315136.3,235322.84,79813.46,345911.83,225652.63
BUD0002387,2026,8,CC0001,PC001,370028.07,281203.3,88824.77,374006.15,281186.7
BUD0002388,2025,11,CC0010,PC010,302598.61,200775.62,101822.99,328329.73,211632.56
BUD0002389,2025,7,CC0005,PC005,160299.71,95998.18,64301.53,169374.32,91844.61
BUD0002390,2026,10,CC0016,PC006,690272.41,561405.06,128867.35,744333.88,603907.21
BUD0002391,2026,12,CC0003,PC003,677596.99,529031.17,148565.82,637881.98,528478.41
BUD0002392,2025,5,CC0003,PC003,226833.25,152721.66,74111.59,225222.26,161915.87
BUD0002393,2026,3,CC0019,PC009,60763.51,33640.84,27122.67,60418.88,32435.2
BUD0002394,2025,10,CC0002,PC002,300356.22,192353.44,108002.78,311860.78,200494.35
BUD0002395,2026,6,CC0015,PC005,63116.63,46859.31,16257.32,66301.78,44904.33
BUD0002396,2025,11,CC0016,PC006,545272.58,309201.78,236070.8,527890.78,321507.92
BUD0002397,2025,12,CC0003,PC003,585909.35,454316.47,131592.88,617195.2,465862.49
BUD0002398,2025,11,CC0015,PC005,107835.92,81467.43,26368.49,113910.38,82915.72
BUD0002399,2025,9,CC0008,PC008,619562.86,507311.98,112250.88,624755.92,516640.49
BUD0002400,2025,5,CC0003,PC003,658347.5,468388.91,189958.59,672440.47,495773.52
BUD0002401,2026,3,CC0005,PC005,572186.96,440271.07,131915.89,550656.88,460600.01
BUD0002402,2025,6,CC0017,PC007,450562.23,320011.81,130550.42,468069.8,318495.98
BUD0002403,2025,3,CC0015,PC005,517350.02,359629.8,157720.22,540991.65,352206.81
BUD0002404,2025,10,CC0013,PC003,257644.26,142625.37,115018.89,265704.45,146126.99
BUD0002405,2025,1,CC0014,PC004,697461.62,535120.73,162340.89,714480.67,564524.67
BUD0002406,2025,5,CC0011,PC001,352098.19,285652.76,66445.43,352609.14,280375.34
BUD0002407,2026,11,CC0001,PC001,630316.33,480948.14,149368.19,676989.93,485887.51
BUD0002408,2026,6,CC0016,PC006,133555.62,73521.01,60034.61,139499.25,78861.43
BUD0002409,2026,6,CC0017,PC007,738621.16,571147.58,167473.58,770614.08,574765.33
BUD0002410,2025,12,CC0012,PC002,728073.1,410036.3,318036.8,741338.59,431646.96
BUD0002411,2025,10,CC0018,PC008,606277.77,445047.74,161230.03,617847.44,435691.31
BUD0002412,2026,6,CC0008,PC008,444698.66,294160.82,150537.84,475664.25,306656.14
BUD0002413,2026,3,CC0019,PC009,170200.33,103308.45,66891.88,184727.8,104718.03
BUD0002414,2026,3,CC0002,PC002,513968.79,346319.29,167649.5,509536.98,367992.46
BUD0002415,2026,8,CC0001,PC001,638018.76,379009.58,259009.18,601688.27,382796.41
BUD0002416,2025,10,CC0018,PC008,576755.69,434940.78,141814.91,582744.33,448141.03
BUD0002417,2026,3,CC0017,PC007,299650.14,169452.14,130198.0,324345.97,173443.73
BUD0002418,2025,11,CC0010,PC010,236182.28,179314.74,56867.54,259705.95,183920.41
BUD0002419,2026,10,CC0002,PC002,602149.53,398042.96,204106.57,610143.09,404586.66
BUD0002420,2025,5,CC0012,PC002,316804.08,224596.87,92207.21,327528.37,230252.7
BUD0002421,2026,4,CC0002,PC002,335207.37,250525.58,84681.79,316188.31,248478.2
BUD0002422,2025,5,CC0004,PC004,307492.78,219679.01,87813.77,318469.16,225552.57
BUD0002423,2026,3,CC0018,PC008,411523.07,336358.32,75164.75,448451.99,324317.55
BUD0002424,2026,1,CC0006,PC006,137356.46,81709.28,55647.18,148596.85,82153.11
BUD0002425,2025,7,CC0013,PC003,497913.17,295420.59,202492.58,534216.31,302657.81
BUD0002426,2026,9,CC0017,PC007,266170.49,174731.21,91439.28,283461.32,184710.01
BUD0002427,2025,2,CC0002,PC002,191485.34,119917.29,71568.05,187078.21,119169.08
BUD0002428,2025,11,CC0002,PC002,389423.02,249571.43,139851.59,414861.99,264815.04
BUD0002429,2026,2,CC0014,PC004,151988.75,104861.84,47126.91,152742.59,100413.41
BUD0002430,2026,1,CC0009,PC009,522144.95,299409.75,222735.2,570030.57,302047.64
BUD0002431,2025,5,CC0004,PC004,447830.71,338304.49,109526.22,444297.25,350982.08
BUD0002432,2026,5,CC0013,PC003,266391.98,175511.67,90880.31,277788.0,177094.25
BUD0002433,2025,3,CC0014,PC004,450116.06,271011.61,179104.45,423643.13,272216.27
BUD0002434,2025,3,CC0017,PC007,63349.23,39839.41,23509.82,65166.69,41254.7
BUD0002435,2026,2,CC0005,PC005,202346.81,131662.98,70683.83,206381.99,140051.85
BUD0002436,2025,12,CC0012,PC002,697420.77,438069.98,259350.79,733295.17,441015.77
BUD0002437,2026,2,CC0016,PC006,433498.94,252700.99,180797.95,449476.96,253041.92
BUD0002438,2025,7,CC0006,PC006,385869.07,213857.31,172011.76,365587.73,224724.07
BUD0002439,2026,7,CC0016,PC006,708734.38,549566.77,159167.61,748451.94,587042.25
BUD0002440,2025,6,CC0006,PC006,171933.04,101821.47,70111.57,183984.04,105537.6
BUD0002441,2025,7,CC0001,PC001,376048.71,236922.19,139126.52,389310.04,231874.97
BUD0002442,2025,11,CC0010,PC010,203320.91,122030.68,81290.23,205334.57,118298.98
BUD0002443,2025,6,CC0009,PC009,729147.85,527205.47,201942.38,780706.93,554119.77
BUD0002444,2025,7,CC0017,PC007,608835.4,404531.33,204304.07,607940.83,428610.73
BUD0002445,2025,12,CC0008,PC008,437256.74,328372.32,108884.42,447276.52,328079.45
BUD0002446,2025,4,CC0007,PC007,503508.69,341813.38,161695.31,477343.22,343318.75
BUD0002447,2025,11,CC0013,PC003,167662.18,109340.82,58321.36,175076.21,111895.87
BUD0002448,2026,12,CC0004,PC004,51318.47,29599.97,21718.5,53088.32,30714.27
BUD0002449,2026,5,CC0013,PC003,715528.62,504027.0,211501.62,731339.32,481632.49
BUD0002450,2026,1,CC0013,PC003,579276.33,348185.87,231090.46,601753.17,370724.91
BUD0002451,2026,3,CC0020,PC010,656203.68,486742.84,169460.84,697008.41,478458.25
BUD0002452,2026,12,CC0019,PC009,562858.66,361191.07,201667.59,603365.6,370479.06
BUD0002453,2025,5,CC0017,PC007,605492.75,365782.22,239710.53,652320.44,383397.39
BUD0002454,2025,5,CC0004,PC004,364032.38,230291.21,133741.17,376974.84,226775.88
BUD0002455,2026,7,CC0002,PC002,380881.79,307414.16,73467.63,410845.23,312466.7
BUD0002456,2026,1,CC0004,PC004,232993.23,178822.06,54171.17,255165.93,172104.7
BUD0002457,2025,9,CC0008,PC008,466884.05,377854.75,89029.3,485026.01,400912.67
BUD0002458,2026,6,CC0018,PC008,357112.54,207949.31,149163.23,360319.95,198046.51
BUD0002459,2025,4,CC0012,PC002,279125.06,205445.11,73679.95,271958.55,204385.7
BUD0002460,2025,1,CC0009,PC009,404669.65,297903.98,106765.67,394531.46,299174.48
BUD0002461,2025,11,CC0010,PC010,524366.9,408180.86,116186.04,544404.99,416987.71
BUD0002462,2026,6,CC0007,PC007,431470.01,352458.58,79011.43,419621.98,353305.08
BUD0002463,2026,2,CC0001,PC001,611243.52,412201.4,199042.12,595033.14,435096.13
BUD0002464,2025,11,CC0001,PC001,670220.13,480272.23,189947.9,729646.47,511212.49
BUD0002465,2025,2,CC0015,PC005,180577.53,124371.53,56206.0,192325.51,127531.97
BUD0002466,2025,8,CC0014,PC004,475881.03,315951.12,159929.91,477466.72,319313.27
BUD0002467,2025,6,CC0006,PC006,591174.48,329952.47,261222.01,606767.35,353604.79
BUD0002468,2025,8,CC0004,PC004,630810.98,391092.03,239718.95,649529.49,384200.19
BUD0002469,2026,3,CC0005,PC005,267705.15,203836.43,63868.72,292523.41,208323.75
BUD0002470,2025,10,CC0015,PC005,60739.69,33975.51,26764.18,66360.06,36627.22
BUD0002471,2025,9,CC0011,PC001,707807.19,399501.44,308305.75,689962.42,396327.4
BUD0002472,2025,7,CC0017,PC007,54761.69,43144.03,11617.66,53222.51,46440.16
BUD0002473,2026,10,CC0004,PC004,682877.84,542371.78,140506.06,647321.93,568880.3
BUD0002474,2026,10,CC0020,PC010,338166.65,263456.93,74709.72,354111.59,257778.13
BUD0002475,2025,3,CC0016,PC006,598304.01,356817.98,241486.03,595981.66,375788.57
BUD0002476,2025,2,CC0006,PC006,589881.16,382208.78,207672.38,597130.22,409514.48
BUD0002477,2025,2,CC0015,PC005,454477.24,251164.48,203312.76,470699.81,246861.85
BUD0002478,2026,2,CC0001,PC001,66280.84,53979.53,12301.31,65600.75,58255.02
BUD0002479,2026,11,CC0009,PC009,551680.95,323511.23,228169.72,587031.7,324393.92
BUD0002480,2026,10,CC0020,PC010,634797.04,436228.66,198568.38,672754.39,465851.35
BUD0002481,2025,4,CC0004,PC004,507111.9,282538.93,224572.97,545921.56,278489.31
BUD0002482,2026,9,CC0013,PC003,292374.97,215972.8,76402.17,276882.11,209396.94
BUD0002483,2025,7,CC0013,PC003,340728.33,257446.42,83281.91,355573.75,257863.52
BUD0002484,2026,8,CC0013,PC003,265747.14,165757.74,99989.4,255857.8,168920.62
BUD0002485,2026,10,CC0010,PC010,89273.09,64560.81,24712.28,96446.07,64924.41
BUD0002486,2025,12,CC0020,PC010,208131.95,140219.83,67912.12,219208.65,140907.95
BUD0002487,2026,7,CC0006,PC006,177480.6,134076.57,43404.03,178517.79,138953.72
BUD0002488,2025,5,CC0010,PC010,346462.84,219143.98,127318.86,348159.96,215500.26
BUD0002489,2026,8,CC0008,PC008,247980.73,137855.63,110125.1,237666.5,144015.56
BUD0002490,2025,3,CC0016,PC006,456323.02,307535.5,148787.52,448443.18,325818.63
BUD0002491,2026,1,CC0002,PC002,603135.1,444175.9,158959.2,598602.9,474959.68
BUD0002492,2025,3,CC0006,PC006,610809.6,464579.04,146230.56,592620.12,487286.82
BUD0002493,2026,11,CC0018,PC008,733622.18,519858.19,213763.99,723521.61,514664.18
BUD0002494,2025,11,CC0005,PC005,535195.64,321882.42,213313.22,584745.48,310294.53
BUD0002495,2026,7,CC0018,PC008,342423.56,200822.62,141600.94,360104.13,214958.88
BUD0002496,2026,7,CC0006,PC006,465497.77,340846.65,124651.12,475487.48,333686.95
BUD0002497,2025,11,CC0019,PC009,710899.53,535491.0,175408.53,737353.04,569200.23
BUD0002498,2026,3,CC0017,PC007,668731.43,522903.32,145828.11,653281.56,536737.15
BUD0002499,2025,6,CC0011,PC001,237267.1,167340.01,69927.09,240077.35,180720.88
BUD0002500,2026,1,CC0017,PC007,123722.29,93434.79,30287.5,132918.42,96921.54
BUD0002501,2025,11,CC0019,PC009,178249.11,105861.17,72387.94,194451.06,106263.92
BUD0002502,2025,7,CC0014,PC004,125102.34,88182.64,36919.7,123812.95,88840.0
BUD0002503,2026,11,CC0011,PC001,582666.1,428628.58,154037.52,551420.37,437577.48
BUD0002504,2025,4,CC0020,PC010,165796.55,103880.79,61915.76,156546.33,103365.49
BUD0002505,2025,1,CC0016,PC006,290057.71,210149.48,79908.23,295067.42,213901.37
BUD0002506,2025,1,CC0002,PC002,712397.51,395627.99,316769.52,696653.97,392445.09
BUD0002507,2025,5,CC0020,PC010,722814.2,527193.9,195620.3,725300.83,522328.72
BUD0002508,2025,9,CC0002,PC002,532405.17,300327.61,232077.56,568266.23,307080.78
BUD0002509,2025,11,CC0004,PC004,315324.88,249073.12,66251.76,331303.24,243075.3
BUD0002510,2025,12,CC0005,PC005,644484.23,467241.62,177242.61,670843.46,451864.42
BUD0002511,2026,10,CC0019,PC009,228044.09,171589.22,56454.87,239497.78,182724.72
BUD0002512,2026,3,CC0012,PC002,606846.82,438405.67,168441.15,663950.99,422831.08
BUD0002513,2025,9,CC0018,PC008,127301.92,77335.75,49966.17,124786.09,76236.08
BUD0002514,2026,1,CC0019,PC009,119347.7,84135.93,35211.77,119580.94,82109.59
BUD0002515,2025,7,CC0004,PC004,251179.54,155674.7,95504.84,252611.48,151464.47
BUD0002516,2025,9,CC0020,PC010,500534.26,334501.87,166032.39,535632.52,343768.13
BUD0002517,2025,11,CC0010,PC010,481223.13,272217.81,209005.32,460507.64,293207.19
BUD0002518,2025,5,CC0004,PC004,195330.28,114718.21,80612.07,199633.93,109835.46
BUD0002519,2025,3,CC0005,PC005,693066.32,517396.42,175669.9,697698.28,503851.65
BUD0002520,2025,2,CC0006,PC006,599337.19,486791.25,112545.94,641407.72,503927.65
BUD0002521,2025,2,CC0006,PC006,708895.36,459242.21,249653.15,722212.75,486673.43
BUD0002522,2025,1,CC0014,PC004,702072.97,540138.52,161934.45,741722.17,571017.23
BUD0002523,2026,3,CC0016,PC006,379163.45,221649.34,157514.11,367663.51,230068.27
BUD0002524,2025,10,CC0005,PC005,712110.52,551505.57,160604.95,778483.31,575965.88
BUD0002525,2025,9,CC0011,PC001,79986.17,62231.7,17754.47,82919.58,66049.91
BUD0002526,2026,4,CC0001,PC001,197687.34,144919.23,52768.11,217381.77,147081.1
BUD0002527,2026,5,CC0019,PC009,136270.26,105201.48,31068.78,136921.42,104183.37
BUD0002528,2026,8,CC0020,PC010,119813.18,66886.64,52926.54,116812.83,64168.15
BUD0002529,2026,1,CC0019,PC009,240084.06,156064.58,84019.48,227786.25,165518.06
BUD0002530,2025,3,CC0018,PC008,680198.4,431869.68,248328.72,652564.83,432227.71
BUD0002531,2026,9,CC0002,PC002,460159.09,268219.34,191939.75,481817.89,282041.1
BUD0002532,2026,11,CC0007,PC007,664525.43,464396.33,200129.1,633361.44,474658.42
BUD0002533,2025,6,CC0012,PC002,147721.04,96310.42,51410.62,155797.55,101687.54
BUD0002534,2026,8,CC0002,PC002,224739.14,130104.63,94634.51,229493.26,137417.06
BUD0002535,2025,1,CC0003,PC003,260803.27,209943.27,50860.0,261269.89,206162.54
BUD0002536,2026,3,CC0012,PC002,512579.63,293224.2,219355.43,522849.82,295837.75
BUD0002537,2026,3,CC0016,PC006,554608.34,362269.84,192338.5,545792.98,381096.23
BUD0002538,2026,11,CC0016,PC006,74357.02,58584.02,15773.0,81052.07,60402.55
BUD0002539,2026,11,CC0013,PC003,406108.01,264978.25,141129.76,437790.38,282296.41
BUD0002540,2025,1,CC0017,PC007,507212.34,300934.9,206277.44,557481.08,319195.97
BUD0002541,2026,12,CC0011,PC001,423287.09,299774.41,123512.68,403602.21,286644.02
BUD0002542,2026,9,CC0012,PC002,138439.59,84930.84,53508.75,149580.54,91486.16
BUD0002543,2026,4,CC0004,PC004,701923.23,446855.89,255067.34,704600.63,429738.98
BUD0002544,2026,12,CC0007,PC007,528366.64,296200.24,232166.4,525663.09,307800.18
BUD0002545,2026,1,CC0003,PC003,73311.48,41991.71,31319.77,72962.69,44314.51
BUD0002546,2026,4,CC0017,PC007,745842.14,553102.24,192739.9,777003.01,548494.7
BUD0002547,2026,10,CC0013,PC003,91197.81,59402.47,31795.34,87082.87,63680.66
BUD0002548,2026,1,CC0013,PC003,502508.47,287762.52,214745.95,494641.43,280042.54
BUD0002549,2026,2,CC0015,PC005,52494.23,34454.6,18039.63,50258.11,33797.43
BUD0002550,2026,3,CC0020,PC010,475074.67,265950.74,209123.93,472258.76,261993.37
BUD0002551,2025,1,CC0015,PC005,486606.77,278420.16,208186.61,459812.5,287438.99
BUD0002552,2026,11,CC0008,PC008,273080.95,222550.85,50530.1,273351.18,233657.14
BUD0002553,2025,1,CC0006,PC006,323683.84,201848.77,121835.07,318137.66,216877.95
BUD0002554,2025,2,CC0003,PC003,454328.85,343942.72,110386.13,467580.86,367847.75
BUD0002555,2026,12,CC0016,PC006,528987.89,423854.36,105133.53,522076.95,427921.59
BUD0002556,2026,11,CC0020,PC010,329066.26,198101.49,130964.77,351244.87,189118.04
BUD0002557,2026,10,CC0014,PC004,663928.9,472605.15,191323.75,683790.47,502788.06
BUD0002558,2026,2,CC0003,PC003,222505.51,177520.18,44985.33,218716.36,169494.51
BUD0002559,2026,6,CC0003,PC003,735506.89,563088.66,172418.23,795435.54,562193.74
BUD0002560,2026,7,CC0007,PC007,255878.31,161442.47,94435.84,276347.38,157634.95
BUD0002561,2025,9,CC0006,PC006,167109.32,98834.77,68274.55,161661.4,101417.12
BUD0002562,2026,3,CC0018,PC008,592831.8,344951.24,247880.56,574373.03,338442.72
BUD0002563,2026,6,CC0016,PC006,655666.78,394859.63,260807.15,697654.8,380360.9
BUD0002564,2025,4,CC0003,PC003,672188.41,422208.6,249979.81,733518.88,410597.17
BUD0002565,2026,9,CC0010,PC010,233351.33,191102.78,42248.55,252731.35,184194.66
BUD0002566,2026,7,CC0005,PC005,66840.36,37492.31,29348.05,69627.85,39815.09
BUD0002567,2025,1,CC0015,PC005,585056.85,453224.48,131832.37,600853.84,476807.14
BUD0002568,2026,3,CC0019,PC009,548747.25,327342.65,221404.6,558384.02,324351.66
BUD0002569,2025,2,CC0011,PC001,438221.05,302579.87,135641.18,423304.26,298255.26
BUD0002570,2026,9,CC0018,PC008,147276.22,96739.75,50536.47,158494.52,99130.42
BUD0002571,2026,8,CC0019,PC009,337470.58,231635.19,105835.39,368025.73,237136.6
BUD0002572,2025,2,CC0007,PC007,336661.57,269015.58,67645.99,341376.4,280212.03
BUD0002573,2026,3,CC0013,PC003,385775.41,242622.61,143152.8,405396.61,259682.91
BUD0002574,2025,7,CC0018,PC008,678178.71,533812.13,144366.58,693181.51,543279.51
BUD0002575,2025,7,CC0020,PC010,135366.01,103161.88,32204.13,140788.42,108382.99
BUD0002576,2026,5,CC0020,PC010,351743.56,254813.63,96929.93,375095.1,265951.06
BUD0002577,2025,11,CC0017,PC007,531466.54,403958.51,127508.03,565229.0,423089.92
BUD0002578,2025,5,CC0009,PC009,628679.75,415641.43,213038.32,675865.3,396664.74
BUD0002579,2026,5,CC0012,PC002,89165.52,62677.78,26487.74,97052.62,67287.69
BUD0002580,2026,9,CC0013,PC003,69899.54,50542.19,19357.35,73976.69,52259.35
BUD0002581,2025,9,CC0017,PC007,138144.95,105862.35,32282.6,141583.18,103974.9
BUD0002582,2026,8,CC0017,PC007,499380.4,298573.75,200806.65,513316.43,292533.21
BUD0002583,2026,6,CC0005,PC005,222207.46,180733.68,41473.78,216504.85,183988.91
BUD0002584,2025,5,CC0014,PC004,337828.77,247992.51,89836.26,334467.66,260584.14
BUD0002585,2025,3,CC0015,PC005,363848.46,241832.02,122016.44,375644.1,245523.44
BUD0002586,2026,2,CC0004,PC004,436056.66,329406.69,106649.97,438170.7,327051.15
BUD0002587,2026,11,CC0019,PC009,700332.93,403521.13,296811.8,725944.03,412875.05
BUD0002588,2026,4,CC0017,PC007,676038.93,491716.56,184322.37,695440.01,484993.13
BUD0002589,2026,6,CC0005,PC005,53336.19,34545.09,18791.1,51500.85,36119.52
BUD0002590,2026,10,CC0018,PC008,68368.3,42679.53,25688.77,67366.54,44072.17
BUD0002591,2026,12,CC0015,PC005,591105.35,409412.93,181692.42,639792.34,435915.25
BUD0002592,2025,12,CC0003,PC003,429952.29,340190.31,89761.98,450378.16,336249.94
BUD0002593,2025,2,CC0019,PC009,420071.8,284835.47,135236.33,401616.24,291096.61
BUD0002594,2025,6,CC0008,PC008,713209.72,520656.36,192553.36,679188.71,513768.46
BUD0002595,2025,10,CC0002,PC002,84458.47,64062.94,20395.53,85985.99,68289.42
BUD0002596,2026,1,CC0004,PC004,260252.69,150189.46,110063.23,258449.01,157867.03
BUD0002597,2025,3,CC0012,PC002,88452.17,68578.73,19873.44,88977.73,66045.33
BUD0002598,2026,12,CC0008,PC008,78389.77,45362.09,33027.68,77718.12,48889.82
BUD0002599,2025,8,CC0012,PC002,316954.41,213902.5,103051.91,307709.85,213790.71
BUD0002600,2025,4,CC0020,PC010,693705.72,418211.08,275494.64,744219.85,450810.21
BUD0002601,2026,6,CC0010,PC010,574704.49,350627.19,224077.3,593816.58,360824.97
BUD0002602,2026,1,CC0009,PC009,559721.64,349116.99,210604.65,591894.4,349236.77
BUD0002603,2025,12,CC0016,PC006,360349.82,231886.87,128462.95,343242.6,239752.69
BUD0002604,2026,4,CC0013,PC003,374409.64,265175.63,109234.01,374021.58,252489.49
BUD0002605,2025,8,CC0015,PC005,671783.62,543355.05,128428.57,693825.51,546850.9
BUD0002606,2026,9,CC0012,PC002,124234.03,99398.84,24835.19,136158.56,96678.72
BUD0002607,2025,1,CC0001,PC001,193274.46,152486.07,40788.39,208349.3,160925.37
BUD0002608,2026,6,CC0004,PC004,417728.86,309536.69,108192.17,455819.08,318167.8
BUD0002609,2025,9,CC0020,PC010,623573.38,455603.17,167970.21,601658.76,450580.22
BUD0002610,2026,2,CC0015,PC005,82455.81,48907.86,33547.95,80267.38,50336.24
BUD0002611,2025,12,CC0002,PC002,264404.1,195377.95,69026.15,252497.11,193888.58
BUD0002612,2026,2,CC0013,PC003,109085.4,67996.84,41088.56,119536.63,67666.55
BUD0002613,2026,8,CC0017,PC007,272019.4,187547.38,84472.02,267680.32,179397.69
BUD0002614,2025,4,CC0011,PC001,707814.83,559787.43,148027.4,768396.81,535367.43
BUD0002615,2026,2,CC0002,PC002,101429.86,69708.35,31721.51,101659.22,74768.43
BUD0002616,2025,7,CC0003,PC003,242659.9,154906.68,87753.22,258467.9,148402.92
BUD0002617,2026,4,CC0019,PC009,567359.64,358934.68,208424.96,547200.59,353383.97
BUD0002618,2025,1,CC0010,PC010,418192.44,330681.13,87511.31,458060.26,333919.05
BUD0002619,2026,11,CC0015,PC005,664775.9,523604.29,141171.61,672848.73,527680.18
BUD0002620,2025,7,CC0014,PC004,472313.22,265460.97,206852.25,455184.4,257312.64
BUD0002621,2025,2,CC0012,PC002,93258.36,54593.77,38664.59,92795.17,54534.34
BUD0002622,2026,1,CC0003,PC003,633240.3,402989.54,230250.76,618429.97,395756.3
BUD0002623,2026,1,CC0006,PC006,107025.63,71200.8,35824.83,115123.51,74085.54
BUD0002624,2025,12,CC0014,PC004,348378.67,196547.51,151831.16,382522.41,200378.05
BUD0002625,2026,8,CC0009,PC009,332594.3,193153.93,139440.37,342164.09,205992.17
BUD0002626,2025,3,CC0009,PC009,526003.86,323572.17,202431.69,505827.17,344264.55
BUD0002627,2026,1,CC0005,PC005,86385.53,59354.42,27031.11,83532.83,59008.96
BUD0002628,2026,8,CC0012,PC002,515819.96,309851.08,205968.88,506816.52,332534.37
BUD0002629,2025,2,CC0014,PC004,212333.36,171472.36,40861.0,232441.86,163399.5
BUD0002630,2026,2,CC0016,PC006,109535.46,67749.65,41785.81,115135.34,68078.78
BUD0002631,2026,10,CC0005,PC005,632671.69,510608.52,122063.17,644199.25,525724.9
BUD0002632,2026,9,CC0014,PC004,120052.39,73309.75,46742.64,121791.02,69815.38
BUD0002633,2026,12,CC0008,PC008,502209.48,399524.13,102685.35,484558.92,388194.44
BUD0002634,2025,1,CC0018,PC008,399686.13,261256.54,138429.59,397230.07,263249.12
BUD0002635,2025,10,CC0002,PC002,91936.65,70123.68,21812.97,88920.51,69672.39
BUD0002636,2025,2,CC0005,PC005,603523.03,373714.33,229808.7,586192.56,377057.81
BUD0002637,2026,1,CC0016,PC006,138605.08,103098.86,35506.22,150822.93,103896.26
BUD0002638,2025,6,CC0007,PC007,491864.48,285680.17,206184.31,500831.35,272470.3
BUD0002639,2025,3,CC0008,PC008,323977.74,206037.48,117940.26,319947.37,210831.17
BUD0002640,2025,9,CC0016,PC006,371735.95,250227.3,121508.65,357164.05,245669.45
BUD0002641,2026,2,CC0001,PC001,92099.24,63384.82,28714.42,90522.6,62003.01
BUD0002642,2026,5,CC0015,PC005,368721.75,283456.7,85265.05,391224.87,296467.62
BUD0002643,2025,8,CC0007,PC007,670504.64,413376.75,257127.89,702388.49,394916.86
BUD0002644,2026,6,CC0019,PC009,299035.87,201283.14,97752.73,290675.91,192287.03
BUD0002645,2026,9,CC0009,PC009,181058.94,114259.13,66799.81,173867.6,120121.71
BUD0002646,2026,7,CC0017,PC007,741773.22,457422.13,284351.09,733920.96,462644.72
BUD0002647,2026,9,CC0004,PC004,620227.83,352956.18,267271.65,596924.56,374243.49
BUD0002648,2026,11,CC0008,PC008,655007.2,503158.93,151848.27,658328.78,482489.0
BUD0002649,2026,5,CC0007,PC007,145105.48,111228.15,33877.33,149700.4,106453.52
BUD0002650,2026,11,CC0001,PC001,175248.5,102175.41,73073.09,180767.11,105690.03
BUD0002651,2026,7,CC0007,PC007,575380.37,444865.28,130515.09,557609.51,467300.12
BUD0002652,2025,11,CC0017,PC007,88310.93,72382.99,15927.94,96392.7,71257.34
BUD0002653,2025,7,CC0012,PC002,416030.52,305451.31,110579.21,414170.45,305153.27
BUD0002654,2025,8,CC0018,PC008,203866.9,131804.75,72062.15,219797.27,125641.36
BUD0002655,2026,4,CC0012,PC002,664337.49,410796.12,253541.37,653242.19,399894.5
BUD0002656,2025,7,CC0020,PC010,50208.56,40954.11,9254.45,48868.58,39693.43
BUD0002657,2025,10,CC0018,PC008,176349.52,137926.03,38423.49,188373.18,134462.87
BUD0002658,2026,2,CC0014,PC004,394488.49,304329.83,90158.66,373768.04,315851.29
BUD0002659,2026,7,CC0004,PC004,267948.09,205346.25,62601.84,274506.26,214439.15
BUD0002660,2026,2,CC0017,PC007,531278.85,324791.52,206487.33,533964.12,347119.49
BUD0002661,2026,10,CC0020,PC010,371842.88,209149.32,162693.56,398121.77,222036.48
BUD0002662,2026,12,CC0010,PC010,346793.33,195117.58,151675.75,348025.01,195287.5
BUD0002663,2026,2,CC0012,PC002,477461.51,367422.98,110038.53,522861.28,362722.09
BUD0002664,2026,5,CC0008,PC008,632716.09,421559.42,211156.67,649159.16,449715.21
BUD0002665,2026,9,CC0009,PC009,528834.73,413842.3,114992.43,552401.12,436237.88
BUD0002666,2025,11,CC0013,PC003,50332.96,34230.96,16102.0,51654.47,32874.32
BUD0002667,2025,2,CC0007,PC007,471033.49,275008.01,196025.48,492232.83,269492.99
BUD0002668,2026,4,CC0019,PC009,76082.1,52437.79,23644.31,71989.9,56156.2
BUD0002669,2025,4,CC0010,PC010,80308.9,58025.6,22283.3,78605.24,60482.73
BUD0002670,2026,6,CC0016,PC006,285991.5,169657.71,116333.79,299694.73,174508.57
BUD0002671,2026,6,CC0008,PC008,396807.35,297587.01,99220.34,386424.8,297158.13
BUD0002672,2025,2,CC0019,PC009,563173.2,413686.47,149486.73,586199.71,444048.42
BUD0002673,2026,1,CC0006,PC006,740949.36,539297.59,201651.77,764604.76,570985.26
BUD0002674,2025,11,CC0018,PC008,540754.31,395998.19,144756.12,558172.77,406254.8
BUD0002675,2026,3,CC0017,PC007,315875.19,219057.28,96817.91,344463.95,214700.07
BUD0002676,2025,4,CC0015,PC005,700429.24,452521.34,247907.9,691646.76,433846.27
BUD0002677,2025,4,CC0006,PC006,168051.85,99285.78,68766.07,170652.51,95133.03
BUD0002678,2026,11,CC0020,PC010,179613.31,123896.35,55716.96,171322.24,126653.52
BUD0002679,2026,2,CC0019,PC009,272708.05,204933.55,67774.5,266389.69,208584.78
BUD0002680,2026,7,CC0007,PC007,139263.91,105709.18,33554.73,153117.21,106381.13
BUD0002681,2025,10,CC0016,PC006,238391.8,132569.71,105822.09,253217.73,130388.79
BUD0002682,2026,3,CC0007,PC007,740947.65,599952.04,140995.61,773128.8,592190.91
BUD0002683,2025,1,CC0007,PC007,616100.45,377239.85,238860.6,604249.8,399317.44
BUD0002684,2026,7,CC0018,PC008,396976.62,316188.36,80788.26,412207.07,326456.6
BUD0002685,2025,1,CC0011,PC001,718165.4,484009.54,234155.86,785618.55,481605.24
BUD0002686,2025,2,CC0012,PC002,243703.27,186146.6,57556.67,233697.17,199963.57
BUD0002687,2025,12,CC0006,PC006,216363.51,120336.45,96027.06,209501.97,117154.33
BUD0002688,2026,12,CC0003,PC003,632399.36,513327.4,119071.96,674207.51,526354.28
BUD0002689,2025,10,CC0007,PC007,344847.52,218125.38,126722.14,373389.87,207322.48
BUD0002690,2026,12,CC0017,PC007,79529.31,53396.15,26133.16,82337.9,51248.47
BUD0002691,2025,9,CC0020,PC010,595144.35,398268.82,196875.53,567509.74,408911.56
BUD0002692,2025,12,CC0016,PC006,517248.45,390985.53,126262.92,494655.3,395541.97
BUD0002693,2025,10,CC0008,PC008,312880.88,240763.98,72116.9,331368.24,252565.51
BUD0002694,2026,7,CC0001,PC001,248174.98,157198.19,90976.79,257439.89,152260.7
BUD0002695,2026,6,CC0004,PC004,715467.31,574352.85,141114.46,710043.92,592076.03
BUD0002696,2025,7,CC0007,PC007,134597.6,86824.38,47773.22,137706.32,86340.68
BUD0002697,2025,11,CC0010,PC010,374658.06,233325.61,141332.45,398651.89,223284.75
BUD0002698,2025,3,CC0006,PC006,561061.79,407685.04,153376.75,612014.07,410629.4
BUD0002699,2025,11,CC0016,PC006,545280.61,376114.17,169166.44,560884.66,404674.75
BUD0002700,2026,11,CC0005,PC005,132111.25,85243.99,46867.26,127585.08,82748.24
BUD0002701,2026,5,CC0007,PC007,716188.64,491857.75,224330.89,745472.01,472507.33
BUD0002702,2025,8,CC0018,PC008,392683.09,251477.15,141205.94,405258.24,261488.72
BUD0002703,2025,7,CC0002,PC002,553993.12,371846.59,182146.53,563003.13,355351.99
BUD0002704,2025,1,CC0013,PC003,564722.21,380738.44,183983.77,582091.29,384999.74
BUD0002705,2026,8,CC0010,PC010,234968.23,149250.98,85717.25,245989.2,144432.26
BUD0002706,2026,12,CC0002,PC002,93975.84,53036.43,40939.41,95387.64,55389.73
BUD0002707,2025,10,CC0014,PC004,263700.63,189789.07,73911.56,260745.91,184536.32
BUD0002708,2025,1,CC0007,PC007,615362.97,500466.74,114896.23,591231.11,534622.24
BUD0002709,2025,4,CC0018,PC008,673511.45,387706.31,285805.14,636334.2,369477.18
BUD0002710,2026,11,CC0002,PC002,164601.6,119544.03,45057.57,179064.42,127111.04
BUD0002711,2025,10,CC0001,PC001,533396.83,388135.2,145261.63,558732.51,373517.38
BUD0002712,2026,2,CC0002,PC002,50168.75,39664.75,10504.0,55050.21,41569.47
BUD0002713,2026,7,CC0013,PC003,135867.35,88768.27,47099.08,130961.03,90078.12
BUD0002714,2026,8,CC0014,PC004,567446.96,431455.04,135991.92,548933.37,423354.82
BUD0002715,2025,9,CC0011,PC001,71308.68,40648.16,30660.52,67850.2,43651.24
BUD0002716,2026,8,CC0003,PC003,540015.1,418585.76,121429.34,591795.98,417930.6
BUD0002717,2026,5,CC0001,PC001,515922.52,307022.75,208899.77,534441.04,328803.82
BUD0002718,2026,10,CC0013,PC003,449961.42,345818.68,104142.74,491047.49,353616.33
BUD0002719,2025,4,CC0006,PC006,570820.55,466394.55,104426.0,611456.53,498917.6
BUD0002720,2026,3,CC0003,PC003,730886.93,589747.05,141139.88,687353.45,564531.26
BUD0002721,2025,3,CC0018,PC008,694471.4,395859.56,298611.84,721824.28,408210.44
BUD0002722,2025,8,CC0004,PC004,279632.73,178457.02,101175.71,273119.72,187818.73
BUD0002723,2026,12,CC0015,PC005,601891.47,391832.88,210058.59,628916.09,372803.1
BUD0002724,2026,11,CC0019,PC009,588713.21,430257.1,158456.11,633358.4,461913.28
BUD0002725,2025,2,CC0003,PC003,192139.37,131289.37,60850.0,199997.95,136069.5
BUD0002726,2026,9,CC0003,PC003,599032.36,396671.13,202361.23,566947.32,404598.25
BUD0002727,2026,3,CC0004,PC004,659679.41,474518.47,185160.94,638958.83,482445.26
BUD0002728,2026,7,CC0020,PC010,725093.51,455371.58,269721.93,717559.72,448216.66
BUD0002729,2026,12,CC0016,PC006,296924.93,193527.28,103397.65,285144.05,205571.19
BUD0002730,2025,11,CC0010,PC010,653087.61,419739.45,233348.16,708826.68,401376.58
BUD0002731,2025,9,CC0014,PC004,364770.16,235680.57,129089.59,347669.42,243011.79
BUD0002732,2025,7,CC0012,PC002,574363.01,351534.04,222828.97,557617.69,361204.83
BUD0002733,2025,3,CC0018,PC008,405052.9,311755.82,93297.08,407739.73,315825.36
BUD0002734,2025,1,CC0016,PC006,437304.01,246612.27,190691.74,414070.02,266029.9
BUD0002735,2025,3,CC0015,PC005,167315.92,133711.16,33604.76,163138.52,142097.6
BUD0002736,2026,7,CC0007,PC007,138320.29,85418.29,52902.0,131470.85,90812.97
BUD0002737,2025,7,CC0007,PC007,285629.16,222319.2,63309.96,303529.99,229904.68
BUD0002738,2025,8,CC0018,PC008,394214.27,310311.96,83902.31,392075.23,335006.29
BUD0002739,2025,6,CC0020,PC010,235782.39,182066.86,53715.53,226908.92,179644.85
BUD0002740,2026,8,CC0007,PC007,195903.84,135308.72,60595.12,202340.69,131305.27
BUD0002741,2026,7,CC0014,PC004,50775.41,29510.75,21264.66,52783.0,31246.57
BUD0002742,2025,8,CC0018,PC008,196671.45,123253.09,73418.36,206540.11,129773.53
BUD0002743,2025,2,CC0019,PC009,181247.35,105003.81,76243.54,192548.62,101620.03
BUD0002744,2026,12,CC0013,PC003,463114.8,313560.28,149554.52,483169.82,336852.02
BUD0002745,2026,4,CC0007,PC007,486708.14,290391.05,196317.09,473668.76,300604.73
BUD0002746,2026,4,CC0016,PC006,460883.56,254516.62,206366.94,482826.72,246379.85
BUD0002747,2025,9,CC0009,PC009,131139.54,97319.08,33820.46,124107.67,104074.71
BUD0002748,2025,8,CC0009,PC009,399305.96,224823.77,174482.19,390810.49,241606.95
BUD0002749,2026,4,CC0019,PC009,628142.44,405509.98,222632.46,638049.64,400156.52
BUD0002750,2026,12,CC0001,PC001,615337.07,359413.01,255924.06,586449.51,372117.41
BUD0002751,2025,4,CC0013,PC003,185071.75,122279.66,62792.09,196953.74,128486.07
BUD0002752,2026,12,CC0014,PC004,741824.56,477057.48,264767.08,708859.8,511895.35
BUD0002753,2026,8,CC0012,PC002,427891.14,256490.87,171400.27,424493.76,255421.26
BUD0002754,2026,8,CC0008,PC008,734857.0,524229.13,210627.87,773548.74,541165.35
BUD0002755,2026,9,CC0006,PC006,284866.91,194213.23,90653.68,297057.23,198160.96
BUD0002756,2026,6,CC0014,PC004,679255.05,528968.62,150286.43,641293.2,534411.81
BUD0002757,2025,7,CC0002,PC002,664933.22,446649.86,218283.36,633138.87,478275.26
BUD0002758,2025,10,CC0017,PC007,484081.5,306141.98,177939.52,522930.44,324191.54
BUD0002759,2026,11,CC0016,PC006,746196.15,599429.54,146766.61,820788.4,633107.97
BUD0002760,2025,4,CC0006,PC006,682417.49,421912.27,260505.22,654915.33,417868.55
BUD0002761,2025,3,CC0005,PC005,592002.05,431305.05,160697.0,644575.58,409814.46
BUD0002762,2025,5,CC0009,PC009,169977.16,123898.59,46078.57,180628.43,121080.29
BUD0002763,2026,3,CC0016,PC006,295971.33,217080.06,78891.27,286160.02,228548.97
BUD0002764,2025,10,CC0020,PC010,746629.3,437731.12,308898.18,781370.38,437081.68
BUD0002765,2025,11,CC0012,PC002,512956.58,333614.69,179341.89,522762.61,349968.26
BUD0002766,2025,1,CC0003,PC003,249579.62,186164.23,63415.39,253039.06,189971.32
BUD0002767,2026,5,CC0013,PC003,444179.03,335810.15,108368.88,468734.44,341332.14
BUD0002768,2025,12,CC0019,PC009,721648.8,437091.47,284557.33,732462.32,460210.31
BUD0002769,2026,1,CC0013,PC003,640752.65,476582.22,164170.43,662762.59,465463.59
BUD0002770,2025,7,CC0018,PC008,162879.59,108754.04,54125.55,154801.42,112218.8
BUD0002771,2026,1,CC0007,PC007,67326.56,48069.69,19256.87,66785.72,46054.22
BUD0002772,2025,7,CC0006,PC006,596737.94,395448.26,201289.68,639812.68,401422.57
BUD0002773,2026,4,CC0009,PC009,522617.19,383162.67,139454.52,533806.34,381970.75
BUD0002774,2026,2,CC0009,PC009,64091.82,46120.89,17970.93,69792.51,45266.87
BUD0002775,2026,1,CC0001,PC001,610197.06,471949.84,138247.22,626741.57,468468.07
BUD0002776,2025,4,CC0019,PC009,608166.74,484225.56,123941.18,628558.49,482784.32
BUD0002777,2025,2,CC0020,PC010,316502.84,215928.02,100574.82,327196.2,230665.87
BUD0002778,2026,12,CC0004,PC004,460387.89,288199.25,172188.64,440920.93,307938.04
BUD0002779,2026,9,CC0020,PC010,53359.06,36785.42,16573.64,52408.98,36261.21
BUD0002780,2025,1,CC0010,PC010,103140.03,59674.68,43465.35,102475.35,58999.65
BUD0002781,2025,4,CC0018,PC008,623323.0,371910.37,251412.63,602220.59,353567.78
BUD0002782,2026,12,CC0016,PC006,611542.0,471163.53,140378.47,652853.68,452982.8
BUD0002783,2026,12,CC0013,PC003,706604.48,400207.33,306397.15,734837.64,424930.69
BUD0002784,2026,12,CC0008,PC008,358061.22,259736.22,98325.0,373588.72,251656.95
BUD0002785,2026,1,CC0007,PC007,346760.64,212833.66,133926.98,335788.92,204377.5
BUD0002786,2026,8,CC0018,PC008,487336.72,377303.44,110033.28,521011.99,403889.71
BUD0002787,2026,3,CC0001,PC001,481480.17,281657.68,199822.49,500330.32,280328.1
BUD0002788,2026,8,CC0019,PC009,724427.31,523112.06,201315.25,703754.85,519471.28
BUD0002789,2025,10,CC0006,PC006,195617.14,116361.99,79255.15,192339.74,113519.03
BUD0002790,2026,4,CC0013,PC003,423498.62,286529.49,136969.13,410383.14,276647.06
BUD0002791,2026,1,CC0016,PC006,702007.12,481127.33,220879.79,664274.59,499098.85
BUD0002792,2025,4,CC0011,PC001,544528.15,373204.56,171323.59,537057.97,394573.23
BUD0002793,2026,7,CC0014,PC004,77500.3,49409.02,28091.28,84237.14,50565.73
BUD0002794,2025,6,CC0005,PC005,599425.93,410952.96,188472.97,610199.02,392759.46
BUD0002795,2025,10,CC0008,PC008,666514.35,529228.39,137285.96,706956.87,504791.78
BUD0002796,2026,8,CC0020,PC010,277892.29,182053.36,95838.93,282666.64,196074.79
BUD0002797,2025,11,CC0006,PC006,386380.22,296579.39,89800.83,375209.2,304740.21
BUD0002798,2026,10,CC0010,PC010,336574.58,202497.37,134077.21,351559.97,202639.85
BUD0002799,2026,11,CC0001,PC001,581419.31,412690.35,168728.96,624833.89,404687.78
BUD0002800,2025,6,CC0009,PC009,613089.95,353781.21,259308.74,589030.98,379446.12
BUD0002801,2025,4,CC0005,PC005,154683.6,90150.25,64533.35,156596.46,95714.6
BUD0002802,2026,1,CC0017,PC007,576154.73,396677.14,179477.59,612520.4,393623.21
BUD0002803,2026,9,CC0004,PC004,334918.08,266792.57,68125.51,359982.87,277912.75
BUD0002804,2025,9,CC0002,PC002,215455.83,163011.13,52444.7,229069.25,172586.03
BUD0002805,2025,1,CC0012,PC002,106863.08,61310.34,45552.74,111421.68,58645.87
BUD0002806,2025,1,CC0003,PC003,414956.29,293674.75,121281.54,417166.95,314091.76
BUD0002807,2025,12,CC0010,PC010,455467.3,276731.77,178735.53,476213.39,274239.84
BUD0002808,2026,5,CC0010,PC010,710901.01,437568.44,273332.57,707705.88,441560.18
BUD0002809,2025,12,CC0003,PC003,627495.86,499353.29,128142.57,597048.9,517376.92
BUD0002810,2025,3,CC0006,PC006,601272.92,476761.36,124511.56,630265.26,492465.76
BUD0002811,2025,9,CC0001,PC001,513167.93,286230.23,226937.7,493971.55,290456.69
BUD0002812,2026,8,CC0018,PC008,248522.86,193603.59,54919.27,267408.84,203436.73
BUD0002813,2025,1,CC0012,PC002,705843.29,476113.31,229729.98,711961.43,509201.33
BUD0002814,2026,5,CC0016,PC006,153649.12,98499.51,55149.61,145449.14,99619.64
BUD0002815,2026,1,CC0013,PC003,137140.8,75971.97,61168.83,148780.31,80011.72
BUD0002816,2026,1,CC0013,PC003,302492.12,167848.19,134643.93,316724.75,174678.71
BUD0002817,2025,11,CC0009,PC009,672065.36,428779.91,243285.45,639439.45,409231.9
BUD0002818,2026,7,CC0018,PC008,310847.51,254833.02,56014.49,315595.05,269650.9
BUD0002819,2026,10,CC0007,PC007,68612.62,42558.26,26054.36,74882.09,44892.14
BUD0002820,2025,7,CC0012,PC002,254786.53,186165.91,68620.62,243595.55,178816.0
BUD0002821,2026,4,CC0018,PC008,87393.48,66107.23,21286.25,92577.25,70970.37
BUD0002822,2025,5,CC0020,PC010,166463.39,110616.27,55847.12,170816.97,116734.85
BUD0002823,2025,6,CC0013,PC003,158615.78,118013.46,40602.32,168480.14,116553.25
BUD0002824,2025,2,CC0008,PC008,585925.76,467409.68,118516.08,635083.35,452637.61
BUD0002825,2026,1,CC0009,PC009,400664.58,267807.77,132856.81,388409.6,277447.27
BUD0002826,2025,1,CC0019,PC009,516127.48,410847.11,105280.37,497175.58,407590.43
BUD0002827,2026,3,CC0016,PC006,249146.41,195532.12,53614.29,242640.1,189605.35
BUD0002828,2025,2,CC0001,PC001,291356.73,231962.14,59394.59,317768.93,235384.52
BUD0002829,2025,4,CC0010,PC010,642305.21,430839.37,211465.84,642420.75,454075.01
BUD0002830,2026,10,CC0004,PC004,168206.11,125205.6,43000.51,178251.88,134217.96
BUD0002831,2025,1,CC0005,PC005,251297.68,174942.02,76355.66,242296.46,167361.84
BUD0002832,2026,1,CC0003,PC003,377580.53,298428.17,79152.36,381775.31,303375.19
BUD0002833,2026,3,CC0015,PC005,71213.27,42047.61,29165.66,75854.88,42726.97
BUD0002834,2026,1,CC0006,PC006,201370.71,135587.1,65783.61,196931.37,137630.61
BUD0002835,2025,2,CC0016,PC006,709704.33,468661.15,241043.18,722110.59,471331.06
BUD0002836,2025,12,CC0004,PC004,304743.81,175339.85,129403.96,319878.36,176562.21
BUD0002837,2025,8,CC0016,PC006,141033.62,82059.46,58974.16,148973.27,82489.34
BUD0002838,2026,3,CC0008,PC008,540787.18,298782.09,242005.09,542877.54,310335.32
BUD0002839,2026,8,CC0018,PC008,553380.47,369421.45,183959.02,583808.4,360483.12
BUD0002840,2025,11,CC0010,PC010,106684.33,78621.36,28062.97,111751.23,82384.05
BUD0002841,2025,12,CC0019,PC009,96141.28,65436.72,30704.56,95568.09,64084.86
BUD0002842,2025,10,CC0007,PC007,426012.23,266351.39,159660.84,456296.92,268247.9
BUD0002843,2025,2,CC0001,PC001,255947.04,141797.45,114149.59,265205.28,136704.31
BUD0002844,2025,1,CC0016,PC006,405889.44,300410.76,105478.68,437708.61,322190.57
BUD0002845,2026,6,CC0013,PC003,424098.87,265626.07,158472.8,450225.26,274388.54
BUD0002846,2025,9,CC0018,PC008,350066.28,234398.05,115668.23,356746.46,240202.57
BUD0002847,2025,12,CC0019,PC009,542438.12,436299.56,106138.56,575254.66,457579.18
BUD0002848,2025,2,CC0011,PC001,102394.02,81233.68,21160.34,103705.33,87677.2
BUD0002849,2026,4,CC0008,PC008,680935.66,489771.24,191164.42,659012.31,472657.16
BUD0002850,2025,2,CC0009,PC009,418053.63,335024.92,83028.71,435112.38,323446.6
BUD0002851,2026,2,CC0009,PC009,578897.96,437693.03,141204.93,596289.05,420903.8
BUD0002852,2026,4,CC0016,PC006,303367.7,243133.18,60234.52,297743.44,236825.34
BUD0002853,2025,12,CC0018,PC008,507144.54,313917.4,193227.14,557683.78,305703.55
BUD0002854,2025,11,CC0001,PC001,473764.76,316206.77,157557.99,465057.73,316711.92
BUD0002855,2025,8,CC0001,PC001,336760.45,193718.27,143042.18,338093.43,189608.09
BUD0002856,2025,5,CC0017,PC007,104721.3,67275.72,37445.58,111614.76,66032.51
BUD0002857,2025,1,CC0001,PC001,205036.54,140437.38,64599.16,203083.71,141573.72
BUD0002858,2025,1,CC0017,PC007,204620.5,150038.11,54582.39,206427.67,147103.64
BUD0002859,2025,6,CC0015,PC005,91615.06,58994.33,32620.73,94521.65,63213.72
BUD0002860,2026,1,CC0017,PC007,272249.44,170480.6,101768.84,275283.21,170305.0
BUD0002861,2026,2,CC0002,PC002,489700.29,340088.11,149612.18,504324.31,326040.04
BUD0002862,2026,1,CC0016,PC006,353473.93,261710.15,91763.78,355943.68,251245.57
BUD0002863,2025,11,CC0011,PC001,716534.83,424165.11,292369.72,693306.25,415613.69
BUD0002864,2026,6,CC0009,PC009,734738.44,457023.95,277714.49,764058.1,478461.39
BUD0002865,2025,4,CC0015,PC005,635954.81,368217.49,267737.32,621967.13,365706.93
BUD0002866,2026,3,CC0020,PC010,242613.42,186956.88,55656.54,260787.02,179870.73
BUD0002867,2026,2,CC0019,PC009,225171.71,174391.16,50780.55,234741.47,180134.16
BUD0002868,2026,11,CC0016,PC006,69658.84,46060.94,23597.9,68571.91,48584.88
BUD0002869,2026,5,CC0002,PC002,186334.13,116478.94,69855.19,188004.82,121568.42
BUD0002870,2025,11,CC0015,PC005,460670.92,315801.85,144869.07,477726.19,337062.81
BUD0002871,2025,1,CC0005,PC005,140789.0,109186.87,31602.13,140550.58,112190.99
BUD0002872,2026,7,CC0004,PC004,151576.74,101688.18,49888.56,161356.94,108141.31
BUD0002873,2026,5,CC0019,PC009,260040.47,197503.17,62537.3,274233.94,211220.48
BUD0002874,2025,11,CC0012,PC002,378189.52,284193.71,93995.81,406128.1,291161.41
BUD0002875,2026,7,CC0019,PC009,337828.33,214167.87,123660.46,363220.29,209832.6
BUD0002876,2025,9,CC0008,PC008,477599.83,314801.05,162798.78,494494.01,302024.95
BUD0002877,2026,8,CC0005,PC005,726600.99,528164.33,198436.66,766050.15,533161.78
BUD0002878,2026,7,CC0005,PC005,691971.85,459060.15,232911.7,711567.7,484028.87
BUD0002879,2026,10,CC0018,PC008,151990.6,98299.99,53690.61,153689.13,95450.94
BUD0002880,2025,11,CC0003,PC003,371162.22,218874.85,152287.37,374015.02,235224.39
BUD0002881,2026,7,CC0005,PC005,326437.69,187301.87,139135.82,357604.07,178470.96
BUD0002882,2026,3,CC0018,PC008,338313.18,269486.84,68826.34,359566.3,275078.8
BUD0002883,2025,12,CC0011,PC001,605639.82,468533.71,137106.11,648930.48,445556.05
BUD0002884,2025,8,CC0020,PC010,482101.36,293323.99,188777.37,488353.25,298501.51
BUD0002885,2026,12,CC0011,PC001,165671.0,112450.68,53220.32,162440.68,111709.26
BUD0002886,2025,1,CC0018,PC008,420372.27,266249.99,154122.28,414659.2,283100.98
BUD0002887,2025,10,CC0009,PC009,498967.15,354103.25,144863.9,530588.81,374260.2
BUD0002888,2025,8,CC0013,PC003,346076.9,209433.09,136643.81,336388.41,205706.49
BUD0002889,2025,10,CC0018,PC008,694718.33,477357.56,217360.77,735258.74,514387.08
BUD0002890,2026,9,CC0015,PC005,292917.5,185929.39,106988.11,277822.36,198728.81
BUD0002891,2026,8,CC0001,PC001,384060.12,288250.23,95809.89,402820.7,302959.29
BUD0002892,2025,5,CC0005,PC005,445024.37,291017.29,154007.08,460794.68,287543.35
BUD0002893,2025,2,CC0001,PC001,142703.79,105637.34,37066.45,155053.79,113632.08
BUD0002894,2026,11,CC0006,PC006,610532.69,469160.45,141372.24,644816.33,465511.64
BUD0002895,2025,6,CC0005,PC005,337856.16,227908.27,109947.89,337943.21,243919.05
BUD0002896,2026,3,CC0009,PC009,726633.55,402854.64,323778.91,764931.86,385163.76
BUD0002897,2025,12,CC0009,PC009,618231.48,417808.67,200422.81,657632.93,410524.95
BUD0002898,2026,8,CC0012,PC002,305919.34,226900.48,79018.86,289373.72,244272.51
BUD0002899,2026,3,CC0011,PC001,376948.07,282082.93,94865.14,375232.01,268016.85
BUD0002900,2025,7,CC0002,PC002,521640.58,405797.82,115842.76,537957.35,399533.22
BUD0002901,2025,7,CC0019,PC009,384341.77,278442.94,105898.83,387962.24,297449.52
BUD0002902,2026,9,CC0013,PC003,168765.04,119332.63,49432.41,183321.13,120758.27
BUD0002903,2025,5,CC0013,PC003,595331.88,383870.43,211461.45,591370.48,412531.17
BUD0002904,2026,10,CC0012,PC002,210235.84,144224.95,66010.89,219285.55,155245.76
BUD0002905,2025,6,CC0002,PC002,294502.24,175905.17,118597.07,316420.8,183480.59
BUD0002906,2025,4,CC0020,PC010,248106.76,138420.88,109685.88,235102.71,145018.22
BUD0002907,2026,1,CC0009,PC009,63529.88,35639.04,27890.84,68363.46,36169.93
BUD0002908,2026,6,CC0018,PC008,246590.34,176493.59,70096.75,254311.48,176796.07
BUD0002909,2025,12,CC0019,PC009,550733.79,438519.08,112214.71,588587.91,450147.94
BUD0002910,2026,10,CC0010,PC010,259339.1,209167.26,50171.84,258029.06,199938.11
BUD0002911,2025,4,CC0003,PC003,729220.37,524830.43,204389.94,718394.44,513757.72
BUD0002912,2025,5,CC0008,PC008,129493.08,98781.22,30711.86,136712.61,100422.36
BUD0002913,2025,12,CC0004,PC004,520296.31,404907.42,115388.89,550410.76,395107.86
BUD0002914,2026,5,CC0009,PC009,321360.42,222447.35,98913.07,312297.73,216821.06
BUD0002915,2026,8,CC0020,PC010,347554.76,216297.22,131257.54,353953.29,220597.72
BUD0002916,2026,12,CC0012,PC002,651843.96,530056.08,121787.88,637132.72,519492.18
BUD0002917,2025,4,CC0010,PC010,425900.39,338127.78,87772.61,443043.23,330358.36
BUD0002918,2025,5,CC0003,PC003,497395.82,281851.15,215544.67,468428.8,275578.66
BUD0002919,2025,9,CC0006,PC006,93931.41,69647.1,24284.31,99828.21,74752.27
BUD0002920,2025,11,CC0013,PC003,292545.01,221202.98,71342.03,314490.52,215018.54
BUD0002921,2026,9,CC0013,PC003,106920.51,70199.45,36721.06,109265.09,69206.7
BUD0002922,2026,4,CC0010,PC010,661940.25,371150.16,290790.09,670397.53,365991.42
BUD0002923,2025,5,CC0001,PC001,591222.86,422222.26,169000.6,648938.99,416833.48
BUD0002924,2025,7,CC0019,PC009,481900.99,357709.16,124191.83,488398.1,342630.51
BUD0002925,2025,11,CC0012,PC002,296047.55,210451.2,85596.35,309392.78,200028.18
BUD0002926,2025,11,CC0020,PC010,552405.09,386431.83,165973.26,553516.35,371402.45
BUD0002927,2025,4,CC0014,PC004,252395.85,178940.11,73455.74,273429.8,176104.13
BUD0002928,2026,9,CC0008,PC008,565978.11,385183.93,180794.18,566988.64,378124.03
BUD0002929,2026,11,CC0020,PC010,340479.46,212311.43,128168.03,333096.73,218500.27
BUD0002930,2026,10,CC0020,PC010,378834.6,293367.26,85467.34,411906.34,281977.71
BUD0002931,2025,10,CC0009,PC009,720047.19,556950.76,163096.43,700660.8,566057.28
BUD0002932,2025,6,CC0002,PC002,242809.54,194535.33,48274.21,262110.01,186284.3
BUD0002933,2026,5,CC0008,PC008,453101.28,309111.03,143990.25,495872.94,331315.8
BUD0002934,2025,11,CC0005,PC005,163537.46,113519.18,50018.28,158201.66,119187.61
BUD0002935,2026,9,CC0001,PC001,167449.78,104428.31,63021.47,179123.55,106689.48
BUD0002936,2025,4,CC0008,PC008,224059.22,170645.33,53413.89,225900.71,183879.05
BUD0002937,2026,3,CC0008,PC008,620088.03,354280.15,265807.88,656675.83,353655.18
BUD0002938,2025,9,CC0002,PC002,693564.88,520041.97,173522.91,704761.38,540797.47
BUD0002939,2025,11,CC0008,PC008,181347.86,123029.69,58318.17,197152.01,122117.32
BUD0002940,2026,10,CC0020,PC010,616849.7,367982.04,248867.66,584069.26,351146.33
BUD0002941,2025,11,CC0012,PC002,377356.75,222585.49,154771.26,387256.92,230738.51
BUD0002942,2025,10,CC0009,PC009,175245.38,113870.41,61374.97,184395.49,119359.73
BUD0002943,2026,4,CC0008,PC008,414371.69,318573.38,95798.31,438262.73,302850.92
BUD0002944,2025,5,CC0014,PC004,700189.7,424917.19,275272.51,678549.3,406049.18
BUD0002945,2026,4,CC0019,PC009,689670.77,461365.36,228305.41,742255.99,455384.69
BUD0002946,2026,10,CC0006,PC006,529647.94,425891.03,103756.91,509369.75,448228.81
BUD0002947,2026,10,CC0009,PC009,106382.75,67612.39,38770.36,116478.14,65956.64
BUD0002948,2026,6,CC0008,PC008,238530.69,165567.27,72963.42,245568.0,160846.66
BUD0002949,2026,3,CC0011,PC001,644734.25,404333.8,240400.45,622151.16,427386.93
BUD0002950,2025,5,CC0018,PC008,406097.41,308162.7,97934.71,443226.02,297298.02
BUD0002951,2025,8,CC0016,PC006,270365.34,193681.8,76683.54,279917.04,185924.62
BUD0002952,2025,9,CC0007,PC007,145887.24,83666.37,62220.87,137534.03,80696.87
BUD0002953,2026,3,CC0001,PC001,646666.72,407374.99,239291.73,665154.17,403252.77
BUD0002954,2025,7,CC0006,PC006,347093.09,253920.81,93172.28,360395.67,254768.36
BUD0002955,2026,9,CC0020,PC010,478061.66,310806.94,167254.72,451212.9,320990.67
BUD0002956,2026,1,CC0017,PC007,388821.56,229494.84,159326.72,372971.3,222542.21
BUD0002957,2026,9,CC0012,PC002,106951.03,59394.37,47556.66,102596.62,60479.26
BUD0002958,2025,2,CC0013,PC003,213967.41,156696.81,57270.6,233146.12,154791.91
BUD0002959,2025,2,CC0003,PC003,460279.51,363055.93,97223.58,503086.05,364686.43
BUD0002960,2025,6,CC0020,PC010,581562.57,376691.08,204871.49,627850.11,365576.6
BUD0002961,2026,8,CC0016,PC006,399896.43,306829.47,93066.96,421600.58,299817.31
BUD0002962,2025,4,CC0018,PC008,587739.88,432384.32,155355.56,610507.6,420565.95
BUD0002963,2025,1,CC0004,PC004,627696.29,442981.2,184715.09,660914.94,457043.35
BUD0002964,2026,3,CC0019,PC009,570596.45,438233.04,132363.41,574163.97,427235.04
BUD0002965,2026,7,CC0017,PC007,234061.26,150397.3,83663.96,241815.93,157858.73
BUD0002966,2026,4,CC0013,PC003,78571.83,45055.21,33516.62,85368.2,45240.66
BUD0002967,2026,12,CC0004,PC004,400490.15,235619.87,164870.28,415552.42,236788.59
BUD0002968,2026,10,CC0007,PC007,121973.21,83992.13,37981.08,130473.56,85435.57
BUD0002969,2026,1,CC0007,PC007,600226.2,469416.18,130810.02,654093.35,482380.07
BUD0002970,2025,7,CC0018,PC008,175360.22,114762.13,60598.09,169609.25,110135.83
BUD0002971,2026,3,CC0005,PC005,382488.66,256455.23,126033.43,412991.74,252334.48
BUD0002972,2026,5,CC0010,PC010,578382.36,334480.94,243901.42,555235.49,331848.63
BUD0002973,2025,11,CC0004,PC004,732716.03,537276.54,195439.49,719730.75,542091.09
BUD0002974,2026,4,CC0008,PC008,459335.28,363852.02,95483.26,484983.19,379865.34
BUD0002975,2026,8,CC0015,PC005,430043.15,275455.01,154588.14,472481.6,294298.26
BUD0002976,2025,3,CC0004,PC004,83902.81,55304.75,28598.06,89565.08,58318.18
BUD0002977,2025,8,CC0005,PC005,411595.48,299650.93,111944.55,435290.67,315045.83
BUD0002978,2025,4,CC0002,PC002,463247.69,275520.5,187727.19,480267.74,264701.56
BUD0002979,2025,7,CC0018,PC008,680227.34,486796.43,193430.91,699823.16,469907.4
BUD0002980,2026,8,CC0004,PC004,297376.0,181390.35,115985.65,289736.21,181818.93
BUD0002981,2026,11,CC0014,PC004,494313.79,399632.42,94681.37,487614.56,385973.92
BUD0002982,2025,11,CC0018,PC008,246939.12,138688.08,108251.04,247015.99,139380.47
BUD0002983,2026,11,CC0013,PC003,333581.63,198328.99,135252.64,339713.38,192636.77
BUD0002984,2026,3,CC0013,PC003,343504.59,200874.3,142630.29,330738.33,206625.77
BUD0002985,2026,8,CC0003,PC003,462343.47,269776.23,192567.24,445297.49,270483.35
BUD0002986,2025,1,CC0016,PC006,644237.24,356480.61,287756.63,653876.99,361981.13
BUD0002987,2026,5,CC0015,PC005,581738.89,353528.83,228210.06,595366.56,369064.13
BUD0002988,2025,10,CC0004,PC004,60276.2,47456.07,12820.13,57726.78,45410.55
BUD0002989,2026,9,CC0001,PC001,112271.77,82150.05,30121.72,114666.16,80514.96
BUD0002990,2025,11,CC0014,PC004,378238.28,272314.42,105923.86,413438.09,289178.36
BUD0002991,2026,6,CC0001,PC001,157552.64,89382.51,68170.13,156773.26,85866.44
BUD0002992,2025,1,CC0001,PC001,501943.38,286027.2,215916.18,509808.72,298557.89
BUD0002993,2026,6,CC0020,PC010,135057.32,86757.28,48300.04,131783.19,86233.82
BUD0002994,2026,1,CC0010,PC010,87004.6,55976.9,31027.7,88775.89,58606.19
BUD0002995,2025,7,CC0017,PC007,729746.96,523755.44,205991.52,694615.64,514765.06
BUD0002996,2025,11,CC0015,PC005,148325.51,121542.48,26783.03,145924.37,124539.68
BUD0002997,2025,3,CC0014,PC004,169830.61,118140.24,51690.37,160377.05,126605.69
BUD0002998,2025,6,CC0005,PC005,496248.62,354598.58,141650.04,478121.61,368376.34
BUD0002999,2026,1,CC0008,PC008,374639.71,305490.69,69149.02,375883.99,310015.63
BUD0003000,2026,2,CC0007,PC007,378440.23,304059.95,74380.28,399534.0,298261.49
BUD0003001,2025,12,CC0012,PC002,646459.48,453632.91,192826.57,698439.25,467090.09
BUD0003002,2025,8,CC0018,PC008,124758.29,94262.0,30496.29,120485.7,93243.32
BUD0003003,2026,2,CC0015,PC005,437989.51,329162.77,108826.74,423547.89,330346.87
BUD0003004,2025,3,CC0015,PC005,469884.89,306264.4,163620.49,468683.65,325603.95
BUD0003005,2026,1,CC0010,PC010,309519.34,170465.46,139053.88,328823.4,179332.84
BUD0003006,2026,8,CC0019,PC009,292149.28,187548.73,104600.55,279327.53,187663.26
BUD0003007,2026,11,CC0011,PC001,60364.75,33887.52,26477.23,63806.03,35041.61
BUD0003008,2025,12,CC0013,PC003,250054.99,189481.33,60573.66,259567.59,199898.41
BUD0003009,2025,12,CC0010,PC010,299966.87,224120.18,75846.69,307307.72,240053.73
BUD0003010,2025,7,CC0001,PC001,610982.23,373178.83,237803.4,584684.34,358458.08
BUD0003011,2026,10,CC0007,PC007,588085.0,364084.04,224000.96,612850.08,385390.56
BUD0003012,2025,8,CC0002,PC002,412225.0,278910.08,133314.92,421090.99,267349.61
BUD0003013,2026,3,CC0006,PC006,115721.87,75880.32,39841.55,111269.67,81615.53
BUD0003014,2025,6,CC0020,PC010,318384.64,212141.27,106243.37,335572.12,212870.56
BUD0003015,2026,10,CC0005,PC005,417604.24,334404.43,83199.81,429168.24,318502.9
BUD0003016,2026,6,CC0019,PC009,440820.56,302858.97,137961.59,421791.98,299519.6
BUD0003017,2025,10,CC0020,PC010,702791.1,459462.0,243329.1,675551.63,479686.28
BUD0003018,2026,11,CC0012,PC002,330666.82,189259.12,141407.7,358795.19,185566.87
BUD0003019,2025,2,CC0020,PC010,124588.61,92209.37,32379.24,125248.12,87973.89
BUD0003020,2026,12,CC0010,PC010,126764.74,79756.56,47008.18,123356.37,79240.21
BUD0003021,2025,9,CC0019,PC009,398746.61,267942.38,130804.23,419594.65,264499.94
BUD0003022,2026,7,CC0007,PC007,241923.51,184473.71,57449.8,240273.39,176012.96
BUD0003023,2025,11,CC0011,PC001,342854.0,249241.14,93612.86,333233.35,250108.44
BUD0003024,2025,8,CC0018,PC008,535268.63,390565.79,144702.84,564170.71,371765.93
BUD0003025,2025,3,CC0012,PC002,279842.55,198507.51,81335.04,283146.38,199288.71
BUD0003026,2025,1,CC0014,PC004,747409.41,422569.19,324840.22,723761.47,448584.43
BUD0003027,2026,3,CC0019,PC009,601179.64,337932.71,263246.93,615193.25,357754.51
BUD0003028,2026,5,CC0008,PC008,456465.36,333353.87,123111.49,484527.27,320194.36
BUD0003029,2025,2,CC0014,PC004,246196.02,145252.01,100944.01,241276.55,156423.15
BUD0003030,2026,10,CC0020,PC010,556851.31,314217.71,242633.6,595182.63,320984.01
BUD0003031,2025,9,CC0002,PC002,194301.32,137993.94,56307.38,210746.58,137187.24
BUD0003032,2025,7,CC0015,PC005,564864.95,408751.52,156113.43,582174.92,439365.07
BUD0003033,2025,3,CC0013,PC003,679844.11,397135.21,282708.9,744146.91,385801.96
BUD0003034,2025,12,CC0015,PC005,270272.65,160610.0,109662.65,291399.81,157049.31
BUD0003035,2026,6,CC0005,PC005,488284.15,387812.12,100472.03,478291.11,383654.73
BUD0003036,2025,12,CC0014,PC004,179175.24,135336.0,43839.24,189423.72,140161.5
BUD0003037,2026,5,CC0019,PC009,83791.59,57350.02,26441.57,82949.94,58758.86
BUD0003038,2025,5,CC0017,PC007,650701.63,482206.83,168494.8,612591.69,467276.48
BUD0003039,2026,1,CC0008,PC008,594092.93,345328.6,248764.33,574967.6,360777.73
BUD0003040,2025,10,CC0017,PC007,728654.53,453571.31,275083.22,797760.16,463380.53
BUD0003041,2026,7,CC0008,PC008,117584.94,95532.84,22052.1,125376.67,95632.38
BUD0003042,2025,3,CC0006,PC006,583097.07,448700.23,134396.84,636988.05,451232.6
BUD0003043,2025,9,CC0008,PC008,586699.46,464931.95,121767.51,637148.19,465850.24
BUD0003044,2025,11,CC0012,PC002,422470.8,295357.71,127113.09,458560.61,300945.87
BUD0003045,2026,12,CC0016,PC006,691120.98,485339.21,205781.77,710963.01,469318.26
BUD0003046,2025,7,CC0006,PC006,248545.68,201844.52,46701.16,263312.7,198698.16
BUD0003047,2026,12,CC0005,PC005,722268.75,484744.06,237524.69,781049.14,494571.57
BUD0003048,2025,9,CC0005,PC005,489750.48,393816.92,95933.56,488084.59,405009.36
BUD0003049,2025,1,CC0014,PC004,650039.05,460950.41,189088.64,677366.51,462340.36
BUD0003050,2025,8,CC0016,PC006,158998.78,114925.93,44072.85,166246.76,121842.04
BUD0003051,2025,1,CC0005,PC005,413882.75,255963.14,157919.61,441326.89,252173.24
BUD0003052,2026,5,CC0006,PC006,553927.5,357191.53,196735.97,550270.52,352492.78
BUD0003053,2025,11,CC0013,PC003,114099.26,83546.61,30552.65,121513.57,83222.32
BUD0003054,2025,2,CC0002,PC002,138757.85,100891.18,37866.67,135052.75,106753.43
BUD0003055,2025,10,CC0001,PC001,486749.32,286819.63,199929.69,489616.3,303941.33
BUD0003056,2026,11,CC0006,PC006,460337.92,314706.41,145631.51,451324.68,327682.98
BUD0003057,2025,10,CC0020,PC010,676903.3,475456.37,201446.93,740205.0,475111.71
BUD0003058,2025,1,CC0019,PC009,665784.12,470495.05,195289.07,638213.29,488573.88
BUD0003059,2025,10,CC0007,PC007,271745.18,162892.69,108852.49,261823.17,169806.92
BUD0003060,2025,3,CC0005,PC005,111455.64,66387.61,45068.03,105662.32,63239.61
BUD0003061,2026,7,CC0017,PC007,128320.55,93744.04,34576.51,137998.01,98212.3
BUD0003062,2026,3,CC0004,PC004,211905.69,149902.76,62002.93,227932.89,142487.42
BUD0003063,2026,5,CC0003,PC003,665586.92,543337.92,122249.0,672924.27,585686.91
BUD0003064,2025,9,CC0011,PC001,502616.05,408165.76,94450.29,552660.71,422738.16
BUD0003065,2025,3,CC0014,PC004,276822.58,223745.41,53077.17,268723.32,237088.84
BUD0003066,2026,8,CC0011,PC001,420338.14,338598.53,81739.61,412140.95,339036.93
BUD0003067,2025,9,CC0007,PC007,197126.28,156373.97,40752.31,215336.14,158087.79
BUD0003068,2025,8,CC0017,PC007,201244.62,137466.18,63778.44,197923.11,131500.72
BUD0003069,2025,2,CC0014,PC004,92437.9,64441.4,27996.5,98466.91,66983.87
BUD0003070,2025,8,CC0009,PC009,340659.95,236285.01,104374.94,368012.02,242074.3
BUD0003071,2026,12,CC0020,PC010,522718.33,413336.38,109381.95,565057.97,446327.44
BUD0003072,2026,6,CC0011,PC001,171134.45,133324.89,37809.56,185750.55,134814.7
BUD0003073,2025,2,CC0011,PC001,389361.64,233190.97,156170.67,371744.51,235085.27
BUD0003074,2025,7,CC0001,PC001,212627.93,147292.68,65335.25,207541.33,146903.6
BUD0003075,2026,10,CC0004,PC004,672598.75,474497.49,198101.26,698023.49,501451.48
BUD0003076,2026,4,CC0015,PC005,374987.55,293096.97,81890.58,359342.42,309056.23
BUD0003077,2025,7,CC0014,PC004,397283.51,251662.08,145621.43,374217.34,240249.3
BUD0003078,2026,5,CC0009,PC009,164195.9,111492.04,52703.86,167286.09,107103.66
BUD0003079,2025,1,CC0002,PC002,510155.77,301489.33,208666.44,527922.41,298621.52
BUD0003080,2025,9,CC0009,PC009,393508.52,319073.79,74434.73,401311.13,344191.04
BUD0003081,2026,9,CC0011,PC001,165606.34,129956.36,35649.98,178525.81,136735.84
BUD0003082,2026,10,CC0013,PC003,715741.35,457267.28,258474.07,720365.0,463860.96
BUD0003083,2026,2,CC0008,PC008,747243.06,488341.73,258901.33,815367.04,474354.68
BUD0003084,2025,7,CC0002,PC002,248001.8,169183.5,78818.3,258707.15,181089.2
BUD0003085,2026,8,CC0010,PC010,588100.39,457922.8,130177.59,592213.1,463853.29
BUD0003086,2026,9,CC0009,PC009,678500.55,393727.65,284772.9,727279.61,412168.02
BUD0003087,2026,3,CC0007,PC007,543957.15,301862.77,242094.38,528452.96,300029.5
BUD0003088,2025,7,CC0010,PC010,88603.91,70650.54,17953.37,97329.63,73725.75
BUD0003089,2025,12,CC0016,PC006,165069.52,92335.98,72733.54,162583.7,91576.87
BUD0003090,2025,12,CC0010,PC010,313539.61,238087.56,75452.05,311692.2,230724.08
BUD0003091,2026,10,CC0002,PC002,113031.08,73606.38,39424.7,118589.85,78993.03
BUD0003092,2026,5,CC0015,PC005,585378.05,394878.61,190499.44,560990.47,396574.28
BUD0003093,2025,7,CC0010,PC010,465420.99,297510.06,167910.93,461398.01,306497.43
BUD0003094,2026,12,CC0006,PC006,126005.72,94843.86,31161.86,122843.69,100168.79
BUD0003095,2026,11,CC0018,PC008,648004.06,396689.08,251314.98,705446.76,423719.7
BUD0003096,2025,3,CC0003,PC003,494839.3,382052.11,112787.19,466392.39,393392.33
BUD0003097,2025,2,CC0013,PC003,286072.03,218969.01,67103.02,276427.81,232046.76
BUD0003098,2026,11,CC0015,PC005,185648.03,113406.41,72241.62,179462.79,116961.26
BUD0003099,2025,8,CC0005,PC005,337392.46,270593.58,66798.88,326238.39,269120.65
BUD0003100,2025,1,CC0006,PC006,468681.88,369503.22,99178.66,473750.76,362403.27
BUD0003101,2026,6,CC0007,PC007,86268.39,55795.86,30472.53,86949.66,55210.15
BUD0003102,2026,8,CC0011,PC001,218074.61,123575.28,94499.33,223596.43,130656.76
BUD0003103,2026,8,CC0004,PC004,638630.21,385839.73,252790.48,612177.55,407008.1
BUD0003104,2026,10,CC0004,PC004,311126.08,213856.07,97270.01,341682.39,206829.01
BUD0003105,2026,5,CC0013,PC003,125198.31,83663.94,41534.37,125000.15,81072.14
BUD0003106,2026,2,CC0012,PC002,305036.55,241061.03,63975.52,287123.69,247481.6
BUD0003107,2025,3,CC0007,PC007,261895.33,208990.36,52904.97,250009.98,222224.31
BUD0003108,2025,4,CC0006,PC006,395805.07,315815.85,79989.22,384914.62,330133.99
BUD0003109,2025,1,CC0018,PC008,132896.77,77527.87,55368.9,132460.7,75222.34
BUD0003110,2025,7,CC0003,PC003,587188.36,404419.86,182768.5,561172.54,409778.13
BUD0003111,2026,3,CC0020,PC010,604817.7,444001.35,160816.35,632044.33,433672.9
BUD0003112,2026,1,CC0016,PC006,405418.99,239420.08,165998.91,407291.42,255744.89
BUD0003113,2026,9,CC0019,PC009,519458.34,368123.54,151334.8,524596.75,381570.05
BUD0003114,2026,2,CC0008,PC008,133557.01,107848.08,25708.93,132163.36,107441.12
BUD0003115,2025,7,CC0009,PC009,392008.77,258363.88,133644.89,369925.94,273837.67
BUD0003116,2026,7,CC0016,PC006,531559.95,434799.54,96760.41,567270.4,446867.67
BUD0003117,2025,5,CC0008,PC008,99186.58,64387.56,34799.02,105127.33,63272.81
BUD0003118,2026,2,CC0002,PC002,632088.1,451602.61,180485.49,676279.11,455525.09
BUD0003119,2026,12,CC0004,PC004,542488.68,324405.56,218083.12,510838.57,342588.52
BUD0003120,2025,1,CC0015,PC005,103109.05,61351.99,41757.06,97258.55,63275.14
BUD0003121,2026,8,CC0017,PC007,192029.15,141110.97,50918.18,202547.52,147492.48
BUD0003122,2026,3,CC0008,PC008,251803.91,205617.13,46186.78,261353.15,195413.15
BUD0003123,2025,9,CC0001,PC001,626457.12,502292.89,124164.23,673933.28,487367.91
BUD0003124,2026,8,CC0010,PC010,379696.7,274846.73,104849.97,412786.84,296015.9
BUD0003125,2026,8,CC0019,PC009,371845.85,255088.47,116757.38,401467.96,248187.69
BUD0003126,2026,2,CC0003,PC003,658363.27,525384.17,132979.1,663990.75,520438.55
BUD0003127,2026,9,CC0018,PC008,277907.43,201369.05,76538.38,293022.35,201204.18
BUD0003128,2025,1,CC0013,PC003,437159.57,324147.88,113011.69,411345.64,337966.19
BUD0003129,2025,7,CC0002,PC002,210923.61,150549.08,60374.53,229619.15,144685.26
BUD0003130,2026,6,CC0003,PC003,582847.43,403003.81,179843.62,617361.07,392472.3
BUD0003131,2025,10,CC0019,PC009,124038.07,98638.83,25399.24,117058.39,103307.13
BUD0003132,2025,12,CC0008,PC008,79851.78,51035.99,28815.79,86923.78,53050.55
BUD0003133,2026,12,CC0016,PC006,258809.3,157588.55,101220.75,259024.68,149953.24
BUD0003134,2025,2,CC0015,PC005,359685.05,294254.04,65431.01,383451.06,292024.79
BUD0003135,2026,9,CC0005,PC005,402729.65,311203.8,91525.85,433688.64,323217.84
BUD0003136,2026,6,CC0009,PC009,652061.11,372083.08,279978.03,669847.37,359051.2
BUD0003137,2025,7,CC0008,PC008,673315.19,506212.73,167102.46,705044.39,519175.76
BUD0003138,2026,2,CC0003,PC003,158233.26,122965.96,35267.3,161461.21,124674.29
BUD0003139,2025,10,CC0001,PC001,633113.96,382126.12,250987.84,607284.86,366362.25
BUD0003140,2026,12,CC0005,PC005,718597.2,503333.22,215263.98,680187.28,517559.29
BUD0003141,2026,1,CC0004,PC004,404487.47,276599.62,127887.85,424980.91,271520.22
BUD0003142,2025,10,CC0002,PC002,509730.83,382813.16,126917.67,507589.42,371861.84
BUD0003143,2026,10,CC0016,PC006,732697.01,529161.33,203535.68,796584.48,521312.14
BUD0003144,2026,9,CC0006,PC006,370701.77,242245.14,128456.63,397417.42,243299.13
BUD0003145,2026,8,CC0013,PC003,577496.04,331679.62,245816.42,616478.09,327374.81
BUD0003146,2026,4,CC0016,PC006,529146.09,305067.38,224078.71,540802.33,295381.32
BUD0003147,2025,3,CC0001,PC001,541378.82,417481.81,123897.01,576933.23,430019.99
BUD0003148,2026,12,CC0013,PC003,277656.33,173121.53,104534.8,296381.09,171469.71
BUD0003149,2026,3,CC0002,PC002,366067.52,219534.71,146532.81,392880.75,232860.55
BUD0003150,2025,12,CC0011,PC001,145137.36,103401.02,41736.34,154764.27,108436.31
BUD0003151,2025,9,CC0020,PC010,642002.28,521021.84,120980.44,701813.08,502505.57
BUD0003152,2025,2,CC0005,PC005,685957.84,416810.67,269147.17,700986.47,433102.38
BUD0003153,2026,2,CC0013,PC003,476687.76,330134.48,146553.28,491947.33,324210.41
BUD0003154,2025,6,CC0014,PC004,372397.76,246628.01,125769.75,350924.66,262775.32
BUD0003155,2026,1,CC0014,PC004,430700.49,272303.08,158397.41,428903.03,270901.85
BUD0003156,2026,1,CC0001,PC001,145802.16,100423.23,45378.93,143171.66,107137.93
BUD0003157,2026,12,CC0006,PC006,676780.74,439621.3,237159.44,657113.5,438007.49
BUD0003158,2026,1,CC0006,PC006,469181.36,275550.96,193630.4,483411.49,269840.84
BUD0003159,2026,10,CC0003,PC003,513254.85,288373.45,224881.4,531029.59,309458.1
BUD0003160,2026,7,CC0009,PC009,187199.23,134486.21,52713.02,185734.55,132348.28
BUD0003161,2025,2,CC0018,PC008,707654.57,398840.21,308814.36,723025.64,409909.03
BUD0003162,2025,5,CC0007,PC007,461496.48,312806.11,148690.37,477026.62,326374.34
BUD0003163,2025,11,CC0017,PC007,310648.74,235617.67,75031.07,334165.2,247456.24
BUD0003164,2025,1,CC0018,PC008,395062.57,309032.86,86029.71,404809.45,327363.93
BUD0003165,2026,5,CC0009,PC009,277065.14,206208.63,70856.51,302100.58,211067.41
BUD0003166,2025,1,CC0017,PC007,276440.96,215696.08,60744.88,275375.02,213779.74
BUD0003167,2026,10,CC0005,PC005,155970.33,100884.63,55085.7,158739.66,96374.62
BUD0003168,2025,3,CC0012,PC002,645807.35,372797.86,273009.49,631075.12,367018.51
BUD0003169,2026,2,CC0020,PC010,640296.85,389139.4,251157.45,698859.32,380712.61
BUD0003170,2026,6,CC0003,PC003,740375.11,427259.12,313115.99,798973.52,428841.48
BUD0003171,2025,3,CC0006,PC006,314222.92,236288.88,77934.04,327615.79,232480.96
BUD0003172,2026,5,CC0004,PC004,346521.94,253712.34,92809.6,332263.29,255127.57
BUD0003173,2026,6,CC0020,PC010,498377.8,312523.36,185854.44,516956.58,330471.99
BUD0003174,2026,7,CC0012,PC002,86758.46,63489.59,23268.87,88378.2,64767.58
BUD0003175,2025,5,CC0014,PC004,54887.43,36404.32,18483.11,57044.31,35839.63
BUD0003176,2026,9,CC0011,PC001,680161.54,449023.36,231138.18,697469.85,469230.08
BUD0003177,2025,12,CC0005,PC005,345346.56,273082.09,72264.47,327023.38,279762.26
BUD0003178,2026,3,CC0005,PC005,95837.84,73242.56,22595.28,104599.46,73017.4
BUD0003179,2026,8,CC0018,PC008,485360.71,339556.38,145804.33,504299.66,326930.49
BUD0003180,2025,12,CC0012,PC002,380054.97,245146.69,134908.28,417715.44,237726.03
BUD0003181,2025,8,CC0016,PC006,224344.44,165842.45,58501.99,230893.17,174352.01
BUD0003182,2025,3,CC0004,PC004,471225.85,282868.03,188357.82,487705.48,276712.92
BUD0003183,2025,1,CC0012,PC002,462694.58,290356.78,172337.8,503676.6,298444.06
BUD0003184,2025,2,CC0020,PC010,519834.69,306163.93,213670.76,508258.62,300468.85
BUD0003185,2026,2,CC0008,PC008,630679.07,432204.12,198474.95,614183.9,417214.83
BUD0003186,2025,9,CC0013,PC003,655905.6,531057.56,124848.04,717590.2,557810.08
BUD0003187,2025,2,CC0006,PC006,531030.22,305719.55,225310.67,518797.53,321134.8
BUD0003188,2025,10,CC0002,PC002,520043.36,298426.35,221617.01,514788.67,311506.48
BUD0003189,2026,9,CC0019,PC009,509744.54,407549.13,102195.41,544174.34,415180.28
BUD0003190,2026,6,CC0010,PC010,314623.51,185146.13,129477.38,330923.3,185854.71
BUD0003191,2025,1,CC0016,PC006,430390.14,328694.04,101696.1,457693.02,319964.53
BUD0003192,2025,7,CC0015,PC005,652503.98,442300.83,210203.15,654320.65,452351.19
BUD0003193,2025,3,CC0003,PC003,173010.1,101309.71,71700.39,182833.99,98577.51
BUD0003194,2026,12,CC0019,PC009,302913.62,173145.05,129768.57,322133.41,184840.09
BUD0003195,2025,1,CC0018,PC008,118802.42,97279.49,21522.93,119995.43,102402.44
BUD0003196,2025,10,CC0018,PC008,354078.66,259480.74,94597.92,377505.08,275288.88
BUD0003197,2026,12,CC0011,PC001,285247.17,191306.14,93941.03,296110.81,205685.84
BUD0003198,2025,11,CC0005,PC005,451698.77,321247.82,130450.95,476104.7,323232.17
BUD0003199,2025,8,CC0020,PC010,66735.2,40086.14,26649.06,68353.39,40346.69
BUD0003200,2026,9,CC0004,PC004,350635.28,235808.13,114827.15,345810.87,242409.94
BUD0003201,2026,10,CC0002,PC002,62048.18,37523.34,24524.84,68090.14,38019.03
BUD0003202,2026,6,CC0003,PC003,593491.93,430411.12,163080.81,584650.0,419386.21
BUD0003203,2026,5,CC0007,PC007,375550.64,241051.0,134499.64,369802.83,240508.61
BUD0003204,2025,9,CC0001,PC001,345522.89,203395.92,142126.97,358956.46,218678.95
BUD0003205,2026,11,CC0014,PC004,178549.08,143793.09,34755.99,174786.51,145213.42
BUD0003206,2025,9,CC0012,PC002,99213.81,63339.51,35874.3,97203.69,65035.35
BUD0003207,2026,11,CC0017,PC007,622762.74,467023.71,155739.03,633473.46,443708.84
BUD0003208,2026,10,CC0014,PC004,625450.08,439539.88,185910.2,682225.04,460877.08
BUD0003209,2025,10,CC0018,PC008,281581.84,218205.57,63376.27,301330.36,220001.38
BUD0003210,2026,4,CC0002,PC002,454444.47,343532.99,110911.48,469332.18,368654.21
BUD0003211,2026,3,CC0020,PC010,318557.91,243909.63,74648.28,311641.28,235790.47
BUD0003212,2025,4,CC0018,PC008,571911.7,460766.47,111145.23,543750.94,449997.33
BUD0003213,2025,6,CC0019,PC009,223935.25,167332.44,56602.81,226348.44,165661.96
BUD0003214,2026,6,CC0003,PC003,245732.94,139803.29,105929.65,243498.78,133928.04
BUD0003215,2025,6,CC0007,PC007,333698.01,271827.43,61870.58,332425.04,267693.88
BUD0003216,2026,8,CC0009,PC009,152685.63,88482.69,64202.94,144139.98,87762.76
BUD0003217,2025,3,CC0011,PC001,467223.05,308935.6,158287.45,492801.67,312694.52
BUD0003218,2025,9,CC0009,PC009,591420.67,345738.55,245682.12,594594.63,366936.1
BUD0003219,2025,1,CC0020,PC010,608713.34,410278.44,198434.9,609894.19,410502.88
BUD0003220,2026,9,CC0001,PC001,611971.08,401280.41,210690.67,644857.09,430695.45
BUD0003221,2025,5,CC0006,PC006,89183.58,66003.52,23180.06,89987.35,68959.34
BUD0003222,2026,1,CC0004,PC004,73828.9,58373.48,15455.42,71397.27,61666.12
BUD0003223,2025,3,CC0007,PC007,658489.08,393086.34,265402.74,708940.63,413565.64
BUD0003224,2026,6,CC0003,PC003,260514.81,154680.1,105834.71,256866.03,166872.93
BUD0003225,2026,8,CC0018,PC008,511528.09,293038.76,218489.33,491221.59,294863.25
BUD0003226,2025,6,CC0015,PC005,260043.4,164291.4,95752.0,283961.84,162561.38
BUD0003227,2026,3,CC0002,PC002,410662.78,255062.95,155599.83,437502.52,269431.31
BUD0003228,2025,8,CC0011,PC001,583657.53,443073.29,140584.24,638863.63,469079.42
BUD0003229,2026,7,CC0002,PC002,261318.57,166174.29,95144.28,274771.31,169278.85
BUD0003230,2025,5,CC0017,PC007,207847.14,162412.55,45434.59,209992.08,174451.58
BUD0003231,2026,12,CC0010,PC010,135989.04,90353.32,45635.72,129809.27,93154.47
BUD0003232,2025,7,CC0010,PC010,228681.93,126407.76,102274.17,250071.88,135943.92
BUD0003233,2025,1,CC0001,PC001,100183.84,58773.46,41410.38,104241.98,58707.25
BUD0003234,2025,4,CC0009,PC009,357691.98,291573.49,66118.49,349130.87,279801.93
BUD0003235,2026,9,CC0001,PC001,539935.48,300918.29,239017.19,549999.05,300453.83
BUD0003236,2026,4,CC0012,PC002,109582.14,88618.35,20963.79,111237.62,88300.18
BUD0003237,2026,11,CC0006,PC006,207603.76,156313.7,51290.06,195460.36,157883.4
BUD0003238,2025,5,CC0018,PC008,141901.77,86984.81,54916.96,141196.24,90810.83
BUD0003239,2025,4,CC0020,PC010,672082.45,376512.03,295570.42,680259.77,376063.02
BUD0003240,2025,10,CC0020,PC010,216457.28,172458.66,43998.62,224615.04,180301.56
BUD0003241,2025,10,CC0004,PC004,115288.08,71461.6,43826.48,120500.91,72072.05
BUD0003242,2026,9,CC0016,PC006,539493.77,424749.96,114743.81,579446.77,419256.23
BUD0003243,2026,3,CC0008,PC008,369231.2,226701.9,142529.3,405389.6,228242.95
BUD0003244,2026,6,CC0007,PC007,290564.8,169818.58,120746.22,281691.07,169456.88
BUD0003245,2025,9,CC0002,PC002,743007.33,590087.88,152919.45,736361.32,622482.36
BUD0003246,2025,3,CC0016,PC006,567989.95,368831.8,199158.15,572451.61,374956.07
BUD0003247,2025,4,CC0012,PC002,98953.21,76758.54,22194.67,93190.4,78415.24
BUD0003248,2025,8,CC0020,PC010,521548.97,325555.79,195993.18,496961.94,332018.93
BUD0003249,2025,3,CC0006,PC006,336965.6,252960.94,84004.66,355968.54,265988.52
BUD0003250,2026,9,CC0006,PC006,253425.09,177531.34,75893.75,249342.36,169758.55
BUD0003251,2026,10,CC0011,PC001,484336.98,357499.76,126837.22,480525.71,361091.93
BUD0003252,2025,2,CC0012,PC002,579420.97,326811.43,252609.54,618076.86,326923.98
BUD0003253,2026,4,CC0014,PC004,86391.13,61727.37,24663.76,88410.91,61383.25
BUD0003254,2025,11,CC0004,PC004,81502.35,45408.45,36093.9,80406.15,43960.31
BUD0003255,2025,5,CC0014,PC004,341396.53,268845.22,72551.31,321724.41,282739.26
BUD0003256,2026,7,CC0019,PC009,449498.81,349634.91,99863.9,441521.79,359535.88
BUD0003257,2026,7,CC0009,PC009,716957.13,576580.15,140376.98,715984.91,602793.67
BUD0003258,2025,4,CC0002,PC002,384677.93,234032.38,150645.55,395763.92,247854.25
BUD0003259,2025,2,CC0011,PC001,281913.16,179514.76,102398.4,307972.27,171364.42
BUD0003260,2025,3,CC0007,PC007,692608.65,515613.36,176995.29,707565.38,509984.45
BUD0003261,2026,7,CC0010,PC010,554381.52,350487.6,203893.92,596674.47,345163.2
BUD0003262,2026,11,CC0002,PC002,70173.88,57413.78,12760.1,68402.66,59363.05
BUD0003263,2026,6,CC0010,PC010,162754.36,110353.57,52400.79,168872.78,115808.82
BUD0003264,2026,3,CC0012,PC002,280267.75,191828.84,88438.91,299247.54,194296.52
BUD0003265,2026,10,CC0020,PC010,269275.43,195763.31,73512.12,285266.77,211159.5
BUD0003266,2026,7,CC0006,PC006,394151.31,229578.72,164572.59,411455.16,223883.17
BUD0003267,2026,8,CC0018,PC008,566652.66,379276.51,187376.15,604366.83,361942.46
BUD0003268,2025,2,CC0001,PC001,85488.65,57245.74,28242.91,89904.3,54696.44
BUD0003269,2026,11,CC0003,PC003,178508.33,119896.74,58611.59,175122.99,120530.24
BUD0003270,2026,4,CC0017,PC007,504002.2,286215.75,217786.45,532348.72,272852.48
BUD0003271,2026,12,CC0003,PC003,231524.2,183025.91,48498.29,232083.99,194518.43
BUD0003272,2025,2,CC0008,PC008,88256.83,71923.33,16333.5,95827.76,77184.46
BUD0003273,2025,3,CC0016,PC006,358910.85,217113.37,141797.48,337903.88,209361.4
BUD0003274,2026,5,CC0014,PC004,714696.23,435201.09,279495.14,772889.25,464214.01
BUD0003275,2025,3,CC0018,PC008,305400.46,236055.65,69344.81,319084.96,231076.74
BUD0003276,2025,1,CC0020,PC010,130681.23,93337.33,37343.9,138265.13,99669.54
BUD0003277,2025,1,CC0002,PC002,493011.53,361448.44,131563.09,508165.79,383312.42
BUD0003278,2025,4,CC0008,PC008,52050.98,38648.76,13402.22,51871.64,40800.45
BUD0003279,2026,7,CC0020,PC010,106736.8,61706.22,45030.58,105361.91,62426.63
BUD0003280,2026,12,CC0010,PC010,418453.29,274641.46,143811.83,413527.26,266481.32
BUD0003281,2026,2,CC0009,PC009,551783.25,413413.21,138370.04,526604.93,400113.02
BUD0003282,2025,1,CC0012,PC002,478093.62,352900.91,125192.71,503139.45,365590.82
BUD0003283,2026,4,CC0015,PC005,180590.93,124296.1,56294.83,182790.99,126995.08
BUD0003284,2025,3,CC0009,PC009,699225.98,571960.09,127265.89,725053.03,588708.1
BUD0003285,2025,3,CC0010,PC010,567066.6,418049.07,149017.53,583368.68,412454.71
BUD0003286,2025,8,CC0009,PC009,404780.17,323680.0,81100.17,391256.84,338777.51
BUD0003287,2025,2,CC0007,PC007,669016.92,512985.78,156031.14,635552.34,522214.17
BUD0003288,2026,11,CC0009,PC009,592351.73,391022.85,201328.88,562812.42,403848.46
BUD0003289,2026,2,CC0007,PC007,232574.03,133074.35,99499.68,249341.19,142380.21
BUD0003290,2026,4,CC0012,PC002,570629.87,324689.86,245940.01,608779.51,326510.27
BUD0003291,2025,3,CC0004,PC004,701435.05,444031.33,257403.72,722391.98,423613.26
BUD0003292,2025,8,CC0019,PC009,590657.48,331580.4,259077.08,608628.02,352724.94
BUD0003293,2025,3,CC0014,PC004,184356.91,121758.05,62598.86,186252.2,125101.4
BUD0003294,2025,8,CC0001,PC001,551233.34,380265.18,170968.16,595872.43,367491.75
BUD0003295,2025,4,CC0002,PC002,184839.75,139350.79,45488.96,176463.29,142594.35
BUD0003296,2026,6,CC0018,PC008,185342.52,134469.34,50873.18,185046.78,144049.39
BUD0003297,2026,5,CC0014,PC004,154146.45,115937.84,38208.61,153898.04,111680.52
BUD0003298,2026,11,CC0016,PC006,70711.45,48607.28,22104.17,70455.56,50355.35
BUD0003299,2026,1,CC0015,PC005,262015.09,200787.68,61227.41,284505.19,206568.75
BUD0003300,2025,12,CC0012,PC002,400631.06,269947.86,130683.2,389795.66,263401.76
BUD0003301,2026,4,CC0004,PC004,530864.46,345679.15,185185.31,579663.53,341110.19
BUD0003302,2025,1,CC0020,PC010,539540.68,415358.38,124182.3,547967.8,406332.4
BUD0003303,2025,10,CC0018,PC008,610519.49,483016.28,127503.21,610387.2,471153.75
BUD0003304,2025,2,CC0005,PC005,549159.49,353706.71,195452.78,574677.81,346802.02
BUD0003305,2025,9,CC0015,PC005,682386.05,396205.35,286180.7,700805.02,425253.48
BUD0003306,2025,12,CC0005,PC005,687036.3,497480.14,189556.16,711499.54,534000.12
BUD0003307,2026,12,CC0008,PC008,717598.63,509153.16,208445.47,686816.54,503060.03
BUD0003308,2025,12,CC0004,PC004,687933.97,509287.54,178646.43,710969.28,532859.31
BUD0003309,2025,5,CC0012,PC002,205550.89,133531.73,72019.16,199528.09,142893.66
BUD0003310,2026,7,CC0001,PC001,567686.94,432195.05,135491.89,599786.72,451846.16
BUD0003311,2025,2,CC0014,PC004,488999.91,326780.55,162219.36,516489.29,315998.63
BUD0003312,2025,11,CC0013,PC003,142724.21,96494.47,46229.74,149288.5,97601.23
BUD0003313,2025,6,CC0006,PC006,631240.35,351795.36,279444.99,690150.08,346815.82
BUD0003314,2026,4,CC0004,PC004,647512.86,511112.17,136400.69,701511.5,539707.4
BUD0003315,2026,9,CC0019,PC009,83774.6,51814.62,31959.98,91435.8,55611.2
BUD0003316,2026,9,CC0009,PC009,709887.6,398845.27,311042.33,723540.98,428809.86
BUD0003317,2026,1,CC0009,PC009,684304.54,451303.01,233001.53,674341.89,452259.56
BUD0003318,2025,9,CC0019,PC009,200981.63,157809.17,43172.46,212214.13,153859.12
BUD0003319,2026,5,CC0008,PC008,441281.21,337604.39,103676.82,468320.34,349715.67
BUD0003320,2026,7,CC0010,PC010,627885.1,436410.23,191474.87,662066.96,445228.31
BUD0003321,2026,3,CC0013,PC003,484359.29,317236.95,167122.34,503665.51,321246.91
BUD0003322,2025,3,CC0006,PC006,401707.72,246647.03,155060.69,393766.02,264925.57
BUD0003323,2025,1,CC0011,PC001,193369.66,116810.06,76559.6,198863.53,114761.77
BUD0003324,2025,7,CC0005,PC005,554710.98,351113.23,203597.75,527137.95,346868.39
BUD0003325,2026,10,CC0012,PC002,111050.27,74296.45,36753.82,107098.05,78917.3
BUD0003326,2026,6,CC0001,PC001,343945.79,265519.52,78426.27,336825.98,274108.15
BUD0003327,2025,8,CC0004,PC004,521938.27,391874.01,130064.26,511177.39,395589.82
BUD0003328,2026,3,CC0006,PC006,209538.12,123938.04,85600.08,229757.44,132233.75
BUD0003329,2026,8,CC0004,PC004,517668.44,421059.99,96608.45,517731.68,428757.9
BUD0003330,2026,3,CC0007,PC007,129326.1,99166.2,30159.9,134823.93,103208.13
BUD0003331,2025,8,CC0008,PC008,687229.24,540280.16,146949.08,677730.93,566738.24
BUD0003332,2026,6,CC0009,PC009,559557.77,427506.76,132051.01,573871.87,444679.81
BUD0003333,2025,6,CC0016,PC006,370593.25,302449.84,68143.41,397874.77,325905.34
BUD0003334,2025,2,CC0008,PC008,124416.05,92077.41,32338.64,134705.29,92316.28
BUD0003335,2026,5,CC0016,PC006,153370.61,106726.14,46644.47,166535.3,114865.86
BUD0003336,2025,11,CC0006,PC006,161495.4,100796.9,60698.5,159191.01,98079.9
BUD0003337,2026,12,CC0003,PC003,192979.03,124456.86,68522.17,208159.71,119650.42
BUD0003338,2026,1,CC0015,PC005,365770.65,227967.67,137802.98,387911.2,219534.81
BUD0003339,2026,5,CC0019,PC009,505415.74,344173.23,161242.51,489209.36,351953.86
BUD0003340,2026,4,CC0017,PC007,479117.7,330368.59,148749.11,506164.38,344369.95
BUD0003341,2026,11,CC0007,PC007,446213.6,282502.19,163711.41,463218.01,302042.91
BUD0003342,2026,9,CC0011,PC001,133914.28,95946.15,37968.13,128341.02,92176.22
BUD0003343,2025,3,CC0005,PC005,547914.86,437382.73,110532.13,562735.27,470668.26
BUD0003344,2025,7,CC0004,PC004,247134.01,200489.36,46644.65,239938.72,199420.67
BUD0003345,2026,1,CC0006,PC006,585429.22,341770.78,243658.44,628386.93,364761.16
BUD0003346,2026,10,CC0020,PC010,730907.77,523592.03,207315.74,744643.47,523142.55
BUD0003347,2025,11,CC0014,PC004,588747.13,339173.42,249573.71,646093.66,345230.61
BUD0003348,2026,3,CC0011,PC001,633023.54,509671.27,123352.27,638920.88,548806.38
BUD0003349,2026,3,CC0017,PC007,419020.18,282352.92,136667.26,396763.87,295971.0
BUD0003350,2026,2,CC0010,PC010,116728.47,74637.33,42091.14,120577.72,74383.84
BUD0003351,2025,7,CC0020,PC010,721352.45,455207.77,266144.68,769529.25,448925.06
BUD0003352,2026,3,CC0008,PC008,176489.18,117278.43,59210.75,172034.07,125751.92
BUD0003353,2025,4,CC0002,PC002,271677.69,200772.4,70905.29,264293.97,197927.87
BUD0003354,2026,7,CC0001,PC001,604393.29,455495.61,148897.68,636724.62,483610.5
BUD0003355,2026,1,CC0003,PC003,657026.92,480548.17,176478.75,643161.9,502344.4
BUD0003356,2026,1,CC0003,PC003,147986.31,81849.19,66137.12,158295.68,81722.39
BUD0003357,2026,8,CC0016,PC006,430398.75,325741.8,104656.95,458322.46,349487.72
BUD0003358,2025,12,CC0011,PC001,223672.15,124409.47,99262.68,227569.86,125725.63
BUD0003359,2026,5,CC0007,PC007,610463.11,364351.94,246111.17,604665.19,389898.97
BUD0003360,2026,4,CC0015,PC005,481751.48,327834.22,153917.26,468127.82,328836.68
BUD0003361,2026,6,CC0014,PC004,274343.91,185818.42,88525.49,280984.83,197061.26
BUD0003362,2025,3,CC0016,PC006,499287.81,361446.0,137841.81,529383.83,355205.9
BUD0003363,2025,10,CC0004,PC004,740978.87,495365.84,245613.03,704596.69,472234.79
BUD0003364,2025,6,CC0018,PC008,252627.78,185028.62,67599.16,273678.56,184686.83
BUD0003365,2025,5,CC0014,PC004,537996.02,433800.49,104195.53,557401.76,452210.04
BUD0003366,2025,12,CC0017,PC007,306756.52,249609.97,57146.55,292517.87,246744.76
BUD0003367,2025,4,CC0008,PC008,91440.46,59600.13,31840.33,96097.43,63523.77
BUD0003368,2025,10,CC0009,PC009,372243.8,298960.1,73283.7,405152.58,322534.97
BUD0003369,2025,9,CC0015,PC005,289565.51,237379.4,52186.11,273643.55,237408.94
BUD0003370,2025,8,CC0014,PC004,69555.24,41736.15,27819.09,68214.82,41626.98
BUD0003371,2026,12,CC0012,PC002,172912.58,110290.98,62621.6,182119.1,109216.45
BUD0003372,2025,9,CC0015,PC005,511551.36,281766.61,229784.75,542739.77,301524.75
BUD0003373,2026,5,CC0004,PC004,735021.14,561202.07,173819.07,780382.71,556290.61
BUD0003374,2025,3,CC0006,PC006,560757.45,448276.37,112481.08,550192.44,458118.1
BUD0003375,2025,11,CC0016,PC006,238938.69,181625.8,57312.89,240224.99,184173.69
BUD0003376,2026,10,CC0003,PC003,603866.13,396714.0,207152.13,617093.73,408357.49
BUD0003377,2025,10,CC0017,PC007,232052.17,142189.23,89862.94,235241.57,143009.64
BUD0003378,2025,8,CC0004,PC004,397458.5,322561.36,74897.14,383590.16,331522.68
BUD0003379,2025,7,CC0016,PC006,154210.17,109368.68,44841.49,151430.38,107071.71
BUD0003380,2025,9,CC0017,PC007,507653.03,409800.92,97852.11,501570.89,399894.27
BUD0003381,2026,10,CC0004,PC004,190485.98,111731.16,78754.82,183960.65,117854.35
BUD0003382,2026,2,CC0011,PC001,85256.4,64954.98,20301.42,89021.52,65630.53
BUD0003383,2025,7,CC0008,PC008,609600.89,477396.24,132204.65,594886.84,482193.38
BUD0003384,2026,12,CC0011,PC001,742038.61,599748.2,142290.41,767175.92,613146.42
BUD0003385,2026,7,CC0009,PC009,748644.34,563258.77,185385.57,771933.55,573603.0
BUD0003386,2026,10,CC0020,PC010,686615.1,478051.08,208564.02,715786.9,482410.83
BUD0003387,2026,4,CC0011,PC001,669781.25,379304.68,290476.57,682809.74,376455.66
BUD0003388,2025,2,CC0005,PC005,669948.33,405050.53,264897.8,705664.48,433736.93
BUD0003389,2026,4,CC0003,PC003,574993.6,360147.47,214846.13,609633.4,342658.67
BUD0003390,2025,11,CC0007,PC007,282827.9,176712.96,106114.94,286961.7,184697.65
BUD0003391,2025,4,CC0015,PC005,535751.11,336109.0,199642.11,523650.74,322528.34
BUD0003392,2025,8,CC0005,PC005,447281.26,360449.84,86831.42,471801.31,351630.55
BUD0003393,2026,3,CC0005,PC005,254659.43,146097.51,108561.92,253540.29,153687.56
BUD0003394,2025,11,CC0008,PC008,612843.13,393634.76,219208.37,638731.16,391909.87
BUD0003395,2026,5,CC0009,PC009,392038.05,255734.76,136303.29,389356.8,261993.25
BUD0003396,2025,8,CC0012,PC002,294248.7,170260.08,123988.62,278391.14,173237.02
BUD0003397,2025,5,CC0002,PC002,369725.24,241377.54,128347.7,384479.87,250505.26
BUD0003398,2026,3,CC0003,PC003,410880.42,309960.22,100920.2,449102.09,331107.12
BUD0003399,2026,9,CC0011,PC001,460275.74,351809.5,108466.24,482585.34,346677.3
BUD0003400,2025,4,CC0003,PC003,663184.06,507501.82,155682.24,688632.03,547990.72
BUD0003401,2026,9,CC0008,PC008,156541.33,86648.86,69892.47,160371.72,89669.82
BUD0003402,2026,8,CC0006,PC006,571693.71,431069.58,140624.13,552633.07,439079.28
BUD0003403,2026,1,CC0014,PC004,268305.06,208694.32,59610.74,282775.11,203292.04
BUD0003404,2025,3,CC0011,PC001,395685.11,230773.02,164912.09,379326.22,247667.96
BUD0003405,2025,9,CC0007,PC007,724473.68,457190.04,267283.64,789044.6,492355.56
BUD0003406,2026,9,CC0019,PC009,398917.55,250360.93,148556.62,421170.96,263583.89
BUD0003407,2025,6,CC0013,PC003,725648.22,508053.18,217595.04,742303.15,498037.77
BUD0003408,2025,10,CC0012,PC002,72187.77,47785.77,24402.0,75239.58,49638.06
BUD0003409,2026,9,CC0002,PC002,477954.79,348490.42,129464.37,500580.39,360522.66
BUD0003410,2025,9,CC0002,PC002,431698.18,321684.58,110013.6,414303.17,342156.25
BUD0003411,2026,3,CC0015,PC005,603180.83,483730.17,119450.66,656971.26,460992.22
BUD0003412,2026,8,CC0010,PC010,244255.41,187864.08,56391.33,240600.65,200949.99
BUD0003413,2025,3,CC0006,PC006,253334.65,139402.15,113932.5,258015.23,144040.81
BUD0003414,2025,4,CC0013,PC003,67930.23,51538.14,16392.09,67306.84,51365.04
BUD0003415,2025,5,CC0006,PC006,604989.67,340528.18,264461.49,664766.62,354023.09
BUD0003416,2026,8,CC0007,PC007,230964.11,162702.42,68261.69,246885.14,167257.22
BUD0003417,2025,5,CC0016,PC006,605880.5,486267.59,119612.91,643701.77,475337.99
BUD0003418,2025,10,CC0018,PC008,246640.58,136042.89,110597.69,258945.14,133729.31
BUD0003419,2025,5,CC0003,PC003,716854.07,422459.75,294394.32,787230.14,445035.83
BUD0003420,2025,11,CC0014,PC004,695342.18,463461.81,231880.37,745926.04,447062.29
BUD0003421,2025,10,CC0003,PC003,525925.92,365841.9,160084.02,527635.75,369731.62
BUD0003422,2025,12,CC0011,PC001,263386.22,146954.76,116431.46,253344.13,143181.03
BUD0003423,2026,10,CC0014,PC004,584110.68,415843.06,168267.62,642278.96,441930.77
BUD0003424,2026,11,CC0018,PC008,110005.26,71624.82,38380.44,109613.6,72814.16
BUD0003425,2025,12,CC0003,PC003,138448.61,102638.59,35810.02,138082.57,103168.58
BUD0003426,2026,10,CC0018,PC008,465039.3,370243.47,94795.83,450642.16,386941.92
BUD0003427,2026,5,CC0020,PC010,134534.7,107891.03,26643.67,143053.76,107105.98
BUD0003428,2026,8,CC0002,PC002,618311.76,452418.4,165893.36,672377.49,457913.92
BUD0003429,2025,9,CC0014,PC004,560668.5,458184.95,102483.55,547349.58,476172.48
BUD0003430,2026,7,CC0004,PC004,245668.62,171999.48,73669.14,265287.83,184793.99
BUD0003431,2026,7,CC0006,PC006,67209.25,37831.55,29377.7,71709.41,36131.05
BUD0003432,2025,10,CC0015,PC005,115743.81,91174.01,24569.8,127079.24,95549.17
BUD0003433,2025,1,CC0008,PC008,459953.05,281007.99,178945.06,476319.89,294589.16
BUD0003434,2026,4,CC0004,PC004,601433.59,364653.76,236779.83,606192.75,387211.75
BUD0003435,2026,3,CC0001,PC001,591191.15,364748.91,226442.24,630700.62,355154.51
BUD0003436,2026,12,CC0012,PC002,109910.19,63490.85,46419.34,119894.33,67425.25
BUD0003437,2026,3,CC0015,PC005,197380.03,139330.86,58049.17,202666.97,135354.9
BUD0003438,2025,7,CC0011,PC001,695504.19,554119.26,141384.93,702190.92,557760.14
BUD0003439,2026,7,CC0005,PC005,616850.25,343878.46,272971.79,613781.78,343490.81
BUD0003440,2026,10,CC0017,PC007,389732.96,253966.69,135766.27,423553.27,249656.25
BUD0003441,2026,6,CC0018,PC008,726720.47,412969.52,313750.95,756632.8,432949.14
BUD0003442,2025,8,CC0010,PC010,542167.41,384584.02,157583.39,587801.91,398414.45
BUD0003443,2026,12,CC0003,PC003,514422.92,380617.79,133805.13,488512.11,395366.9
BUD0003444,2025,6,CC0020,PC010,414017.67,246001.07,168016.6,419927.57,235721.76
BUD0003445,2025,2,CC0010,PC010,297256.76,171651.92,125604.84,317397.95,163328.34
BUD0003446,2025,6,CC0009,PC009,722616.72,540144.12,182472.6,730117.7,568247.88
BUD0003447,2025,5,CC0005,PC005,558378.0,392390.41,165987.59,582255.18,376273.01
BUD0003448,2025,4,CC0004,PC004,568855.38,333186.84,235668.54,554599.95,326540.39
BUD0003449,2025,4,CC0017,PC007,329317.98,187982.82,141335.16,321035.09,196464.17
BUD0003450,2025,5,CC0014,PC004,445571.54,267005.32,178566.22,469156.28,273746.48
BUD0003451,2026,2,CC0003,PC003,722256.51,459109.34,263147.17,781786.53,476711.24
BUD0003452,2025,9,CC0002,PC002,55461.92,31911.83,23550.09,54629.57,33034.07
BUD0003453,2026,8,CC0005,PC005,465345.17,301568.67,163776.5,496651.82,308610.44
BUD0003454,2025,12,CC0013,PC003,397904.88,294201.63,103703.25,422673.51,302811.56
BUD0003455,2026,12,CC0019,PC009,651590.91,471614.96,179975.95,694490.73,461250.65
BUD0003456,2025,10,CC0014,PC004,165835.89,113140.24,52695.65,176778.32,120880.5
BUD0003457,2026,11,CC0004,PC004,579613.8,324747.22,254866.58,623589.64,312932.42
BUD0003458,2025,7,CC0001,PC001,388962.64,261136.48,127826.16,382094.88,248945.69
BUD0003459,2025,10,CC0004,PC004,668477.15,539660.51,128816.64,642106.98,539361.71
BUD0003460,2026,4,CC0009,PC009,498980.34,376609.57,122370.77,485758.26,376927.66
BUD0003461,2026,12,CC0012,PC002,456538.65,253743.79,202794.86,449386.86,256012.91
BUD0003462,2025,10,CC0008,PC008,168527.12,135055.99,33471.13,164979.69,136791.58
BUD0003463,2025,3,CC0015,PC005,260700.37,148481.89,112218.48,270940.14,159899.2
BUD0003464,2026,1,CC0017,PC007,433936.31,338229.91,95706.4,461404.92,356047.67
BUD0003465,2026,9,CC0009,PC009,399183.43,282111.95,117071.48,420632.59,288771.62
BUD0003466,2025,8,CC0002,PC002,326972.5,266974.43,59998.07,317522.03,269839.58
BUD0003467,2025,8,CC0004,PC004,85999.99,54319.13,31680.86,82182.35,52246.75
BUD0003468,2025,9,CC0004,PC004,653782.31,460465.22,193317.09,622327.32,443821.58
BUD0003469,2025,8,CC0008,PC008,306407.7,207496.33,98911.37,302372.4,213006.81
BUD0003470,2026,10,CC0010,PC010,589361.89,468446.59,120915.3,604447.57,470532.18
BUD0003471,2026,4,CC0003,PC003,588360.37,392204.0,196156.37,642961.07,386152.65
BUD0003472,2025,8,CC0014,PC004,63051.64,47473.43,15578.21,59580.02,47711.2
BUD0003473,2025,11,CC0017,PC007,366466.62,289795.58,76671.04,353474.55,288076.27
BUD0003474,2025,10,CC0003,PC003,298326.37,227026.7,71299.67,304781.42,228468.77
BUD0003475,2026,10,CC0012,PC002,646468.81,498642.51,147826.3,636908.99,518541.8
BUD0003476,2025,4,CC0010,PC010,324047.78,246210.31,77837.47,316159.93,247966.47
BUD0003477,2026,2,CC0009,PC009,412050.67,235493.43,176557.24,409995.97,236551.39
BUD0003478,2026,5,CC0010,PC010,348026.48,276941.83,71084.65,355395.95,263278.23
BUD0003479,2026,3,CC0010,PC010,687032.96,513756.69,173276.27,701383.94,528933.13
BUD0003480,2025,2,CC0019,PC009,89248.44,53741.91,35506.53,96047.14,53415.56
BUD0003481,2025,6,CC0007,PC007,703943.13,531560.76,172382.37,724112.17,555436.76
BUD0003482,2025,2,CC0007,PC007,189023.02,136002.07,53020.95,183331.15,137946.78
BUD0003483,2025,7,CC0003,PC003,75354.62,51637.2,23717.42,74021.81,53603.66
BUD0003484,2026,10,CC0005,PC005,340508.42,238740.34,101768.08,347319.06,254121.71
BUD0003485,2025,3,CC0017,PC007,273158.47,201296.18,71862.29,294918.75,207271.86
BUD0003486,2026,10,CC0020,PC010,211193.74,152049.85,59143.89,231474.34,153098.78
BUD0003487,2026,6,CC0013,PC003,428124.91,318951.64,109173.27,457660.27,309181.54
BUD0003488,2025,3,CC0020,PC010,744190.11,434511.09,309679.02,700334.15,447453.45
BUD0003489,2026,8,CC0003,PC003,592479.65,332525.01,259954.64,588667.68,352243.61
BUD0003490,2025,12,CC0004,PC004,625300.9,446039.62,179261.28,600547.47,433028.47
BUD0003491,2026,4,CC0006,PC006,333758.06,259641.24,74116.82,355130.82,262002.92
BUD0003492,2025,6,CC0011,PC001,646908.57,392164.69,254743.88,645196.26,372662.49
BUD0003493,2026,8,CC0008,PC008,445217.58,279595.42,165622.16,483192.37,283733.93
BUD0003494,2025,12,CC0018,PC008,182983.3,132087.35,50895.95,177356.03,133401.88
BUD0003495,2026,2,CC0020,PC010,173024.92,113065.59,59959.33,182198.69,114351.56
BUD0003496,2026,9,CC0003,PC003,152180.21,108918.98,43261.23,148442.99,110533.0
BUD0003497,2025,7,CC0013,PC003,252975.05,162974.92,90000.13,251617.24,155403.03
BUD0003498,2026,8,CC0010,PC010,195096.68,148191.83,46904.85,183796.73,154555.29
BUD0003499,2026,11,CC0016,PC006,287244.24,213594.16,73650.08,299574.59,222258.83
BUD0003500,2025,2,CC0003,PC003,674679.97,540216.06,134463.91,663734.22,527100.09
BUD0003501,2025,1,CC0006,PC006,225518.67,183080.84,42437.83,240046.37,177673.57
BUD0003502,2026,5,CC0010,PC010,478448.29,333282.01,145166.28,521835.0,354758.89
BUD0003503,2025,4,CC0006,PC006,389390.24,228482.94,160907.3,395424.66,221656.65
BUD0003504,2025,7,CC0018,PC008,572755.33,405682.61,167072.72,602132.66,401398.33
BUD0003505,2025,4,CC0010,PC010,748013.1,425668.56,322344.54,731021.85,455771.84
BUD0003506,2025,10,CC0010,PC010,694347.13,515798.58,178548.55,672647.48,497923.1
BUD0003507,2026,12,CC0002,PC002,98109.86,53974.41,44135.45,96651.77,52786.32
BUD0003508,2025,7,CC0004,PC004,314502.37,239885.94,74616.43,301503.31,243586.49
BUD0003509,2026,7,CC0015,PC005,432100.52,342985.24,89115.28,460701.48,364157.58
BUD0003510,2025,2,CC0005,PC005,482054.8,374459.69,107595.11,453332.67,395803.79
BUD0003511,2026,1,CC0014,PC004,294487.4,203449.55,91037.85,294742.07,216362.72
BUD0003512,2025,11,CC0020,PC010,76631.59,55154.65,21476.94,75693.55,53365.38
BUD0003513,2025,4,CC0018,PC008,64562.09,44730.26,19831.83,70365.92,45227.63
BUD0003514,2026,4,CC0012,PC002,406883.96,266667.65,140216.31,387283.45,267792.57
BUD0003515,2026,5,CC0017,PC007,489868.53,379359.52,110509.01,462836.32,369431.77
BUD0003516,2025,6,CC0020,PC010,383668.69,299805.69,83863.0,383118.08,291183.23
BUD0003517,2026,12,CC0011,PC001,501197.79,374530.73,126667.06,517053.01,372872.86
BUD0003518,2026,7,CC0008,PC008,690454.05,443877.72,246576.33,729968.75,442962.53
BUD0003519,2025,6,CC0016,PC006,425673.22,318008.7,107664.52,409558.31,308266.23
BUD0003520,2026,9,CC0013,PC003,696882.34,442052.02,254830.32,741254.83,475046.55
BUD0003521,2026,7,CC0009,PC009,447788.57,272149.56,175639.01,453887.32,284588.02
BUD0003522,2026,5,CC0017,PC007,508416.3,323943.6,184472.7,489801.92,315809.38
BUD0003523,2026,4,CC0017,PC007,657706.91,418689.23,239017.68,714489.64,418693.84
BUD0003524,2025,12,CC0009,PC009,696455.55,486000.54,210455.01,715250.58,501173.89
BUD0003525,2025,9,CC0002,PC002,599807.29,448326.82,151480.47,604797.42,452133.45
BUD0003526,2025,11,CC0016,PC006,451953.12,329482.28,122470.84,463959.01,340412.49
BUD0003527,2026,2,CC0015,PC005,265834.3,210872.67,54961.63,279127.98,202498.47
BUD0003528,2026,5,CC0005,PC005,564626.75,322520.52,242106.23,591242.84,326937.19
BUD0003529,2025,9,CC0010,PC010,637730.21,454521.39,183208.82,634198.5,463662.41
BUD0003530,2025,10,CC0018,PC008,407146.63,296196.49,110950.14,405813.05,307801.59
BUD0003531,2026,5,CC0016,PC006,236435.83,150578.18,85857.65,226159.84,147748.11
BUD0003532,2026,3,CC0020,PC010,299990.24,240383.06,59607.18,282736.38,259482.11
BUD0003533,2025,5,CC0016,PC006,710076.18,392458.59,317617.59,694442.85,419119.03
BUD0003534,2026,11,CC0016,PC006,91964.36,57281.2,34683.16,97837.84,58595.34
BUD0003535,2025,12,CC0017,PC007,507465.6,313104.01,194361.59,494245.7,305605.03
BUD0003536,2025,4,CC0014,PC004,55918.71,35831.67,20087.04,59876.48,38202.03
BUD0003537,2026,5,CC0019,PC009,127894.44,96702.65,31191.79,125317.58,102084.39
BUD0003538,2025,5,CC0012,PC002,203870.92,124252.24,79618.68,213117.26,124178.65
BUD0003539,2026,3,CC0012,PC002,471678.11,355942.93,115735.18,518430.93,354300.48
BUD0003540,2025,11,CC0007,PC007,627215.27,366687.65,260527.62,613630.71,387653.69
BUD0003541,2026,11,CC0016,PC006,614780.8,488282.69,126498.11,651067.94,485146.11
BUD0003542,2025,8,CC0011,PC001,262289.56,147370.18,114919.38,255770.69,155796.28
BUD0003543,2026,4,CC0010,PC010,203144.2,139057.64,64086.56,193249.3,141060.13
BUD0003544,2026,1,CC0011,PC001,404628.32,265288.38,139339.94,409968.82,285188.3
BUD0003545,2025,6,CC0015,PC005,82929.77,60576.93,22352.84,85550.44,59985.56
BUD0003546,2026,9,CC0012,PC002,498692.47,294299.55,204392.92,499543.56,300243.5
BUD0003547,2025,1,CC0013,PC003,743043.3,467092.27,275951.03,755087.79,470130.62
BUD0003548,2026,3,CC0009,PC009,518860.4,306820.34,212040.06,557477.7,295670.1
BUD0003549,2025,6,CC0001,PC001,624282.5,439569.19,184713.31,652586.39,420774.33
BUD0003550,2025,7,CC0014,PC004,541240.5,401606.71,139633.79,587379.16,430696.35
BUD0003551,2025,8,CC0017,PC007,251155.44,166138.6,85016.84,268152.23,173334.61
BUD0003552,2026,6,CC0003,PC003,582522.63,331367.63,251155.0,565705.53,345173.54
BUD0003553,2025,8,CC0006,PC006,63951.19,50880.6,13070.59,60219.91,51262.7
BUD0003554,2026,6,CC0009,PC009,318496.72,233343.0,85153.72,323797.04,229843.61
BUD0003555,2026,8,CC0014,PC004,190600.28,147729.62,42870.66,187998.11,149809.35
BUD0003556,2025,2,CC0016,PC006,432431.96,274549.12,157882.84,453862.07,269703.14
BUD0003557,2026,8,CC0003,PC003,279147.93,170714.06,108433.87,288320.02,164182.86
BUD0003558,2025,7,CC0017,PC007,444037.34,363781.72,80255.62,426844.51,356114.38
BUD0003559,2026,1,CC0013,PC003,587729.57,474963.05,112766.52,554826.01,463960.71
BUD0003560,2025,8,CC0006,PC006,604081.17,473091.37,130989.8,607765.37,510142.26
BUD0003561,2026,6,CC0004,PC004,52358.66,32342.19,20016.47,51052.49,31959.8
BUD0003562,2026,1,CC0007,PC007,323747.31,188809.91,134937.4,308837.8,187433.57
BUD0003563,2026,3,CC0014,PC004,332796.05,222571.57,110224.48,316663.81,232372.77
BUD0003564,2025,12,CC0012,PC002,540898.64,429256.01,111642.63,543899.1,412587.57
BUD0003565,2026,7,CC0008,PC008,639599.19,516672.85,122926.34,637720.79,534972.17
BUD0003566,2026,6,CC0013,PC003,457349.19,318714.45,138634.74,460677.79,321749.74
BUD0003567,2025,7,CC0008,PC008,250909.37,175112.12,75797.25,271043.96,185820.79
BUD0003568,2025,5,CC0007,PC007,526542.46,424094.05,102448.41,504606.67,405740.0
BUD0003569,2025,9,CC0016,PC006,286945.38,210010.41,76934.97,293516.68,201945.58
BUD0003570,2025,11,CC0005,PC005,514280.54,421131.26,93149.28,554441.42,405812.84
BUD0003571,2026,7,CC0001,PC001,307223.33,203565.62,103657.71,314728.21,206152.95
BUD0003572,2026,8,CC0006,PC006,612726.56,357445.35,255281.21,643229.0,371152.71
BUD0003573,2025,1,CC0012,PC002,607983.34,430831.95,177151.39,635844.54,434478.48
BUD0003574,2025,5,CC0015,PC005,321935.98,251830.98,70105.0,339209.03,252541.35
BUD0003575,2025,11,CC0005,PC005,651234.1,482768.9,168465.2,662458.76,496889.8
BUD0003576,2025,5,CC0004,PC004,247259.46,151619.78,95639.68,239761.89,145423.39
BUD0003577,2026,5,CC0012,PC002,522246.84,406100.94,116145.9,515008.75,426294.85
BUD0003578,2026,11,CC0005,PC005,604756.5,428465.73,176290.77,571919.92,435903.83
BUD0003579,2025,3,CC0017,PC007,712542.34,464991.62,247550.72,689551.72,480016.59
BUD0003580,2025,2,CC0015,PC005,109861.93,84835.21,25026.72,116364.09,84609.3
BUD0003581,2026,11,CC0019,PC009,682076.93,502655.54,179421.39,643622.59,510164.29
BUD0003582,2025,5,CC0004,PC004,119534.04,89776.36,29757.68,112409.37,88150.9
BUD0003583,2026,1,CC0020,PC010,146415.65,100702.03,45713.62,146373.16,106657.47
BUD0003584,2026,7,CC0011,PC001,582438.08,470732.14,111705.94,617881.94,461476.74
BUD0003585,2025,7,CC0008,PC008,263911.96,198472.16,65439.8,271880.38,210111.72
BUD0003586,2025,10,CC0018,PC008,297423.23,207639.3,89783.93,302270.21,207243.53
BUD0003587,2025,11,CC0002,PC002,347197.69,219697.39,127500.3,366201.49,219372.26
BUD0003588,2026,8,CC0001,PC001,248787.29,167758.62,81028.67,260670.5,160963.05
BUD0003589,2025,1,CC0009,PC009,400112.43,238950.76,161161.67,432080.82,232125.63
BUD0003590,2026,11,CC0012,PC002,693986.72,441817.12,252169.6,706732.06,464250.47
BUD0003591,2026,8,CC0010,PC010,260310.0,206755.86,53554.14,258234.4,197584.42
BUD0003592,2025,3,CC0020,PC010,714392.9,518629.23,195763.67,732383.35,549761.21
BUD0003593,2026,9,CC0018,PC008,362296.64,287177.03,75119.61,394973.95,281356.73
BUD0003594,2026,5,CC0003,PC003,521779.68,333101.02,188678.66,566137.94,324754.19
BUD0003595,2026,1,CC0005,PC005,439828.43,311230.76,128597.67,458244.5,304185.59
BUD0003596,2025,10,CC0010,PC010,697630.87,531350.16,166280.71,667610.86,535179.17
BUD0003597,2025,11,CC0011,PC001,674681.04,437035.6,237645.44,710921.67,451939.03
BUD0003598,2026,10,CC0001,PC001,185646.9,104340.34,81306.56,185868.62,101614.89
BUD0003599,2025,6,CC0003,PC003,571691.97,431271.56,140420.41,558749.73,413061.64
BUD0003600,2026,11,CC0007,PC007,286926.14,184669.0,102257.14,287083.64,178841.49
BUD0003601,2025,6,CC0017,PC007,52169.92,41511.47,10658.45,54753.68,43989.21
BUD0003602,2025,6,CC0013,PC003,625541.98,382191.89,243350.09,652460.47,375169.18
BUD0003603,2025,11,CC0014,PC004,68200.92,55842.18,12358.74,64956.86,53436.23
BUD0003604,2026,5,CC0013,PC003,478035.72,306247.83,171787.89,498734.46,323471.38
BUD0003605,2025,1,CC0009,PC009,140517.62,95502.26,45015.36,141060.96,100938.3
BUD0003606,2025,7,CC0018,PC008,286738.91,232325.74,54413.17,312293.6,239000.71
BUD0003607,2025,3,CC0010,PC010,492558.73,286285.3,206273.43,488058.42,284366.69
BUD0003608,2026,8,CC0008,PC008,637863.63,466898.67,170964.96,681843.14,487927.71
BUD0003609,2026,5,CC0001,PC001,683953.2,461184.05,222769.15,674940.95,457704.7
BUD0003610,2026,8,CC0016,PC006,314208.02,200520.81,113687.21,321862.37,199999.88
BUD0003611,2025,9,CC0019,PC009,283470.03,230590.11,52879.92,279635.34,246917.49
BUD0003612,2025,11,CC0017,PC007,550875.56,402178.84,148696.72,539459.52,395562.34
BUD0003613,2025,2,CC0010,PC010,207621.36,155578.15,52043.21,215524.73,157105.66
BUD0003614,2026,10,CC0020,PC010,573854.65,401257.42,172597.23,583648.84,385213.83
BUD0003615,2026,6,CC0013,PC003,174802.58,103457.17,71345.41,188097.82,110031.93
BUD0003616,2025,7,CC0013,PC003,381164.62,267582.99,113581.63,375454.38,280494.85
BUD0003617,2025,4,CC0019,PC009,307346.61,169785.99,137560.62,335667.82,178663.71
BUD0003618,2026,12,CC0017,PC007,246014.07,163945.84,82068.23,247827.57,166051.29
BUD0003619,2025,4,CC0012,PC002,412398.36,252161.29,160237.07,447323.38,246487.68
BUD0003620,2026,1,CC0020,PC010,246193.97,138108.07,108085.9,261116.11,144852.44
BUD0003621,2026,7,CC0004,PC004,683543.64,419609.13,263934.51,727098.59,415659.97
BUD0003622,2026,3,CC0007,PC007,467507.63,381589.77,85917.86,439546.8,389983.78
BUD0003623,2026,9,CC0010,PC010,69370.04,51411.48,17958.56,75494.6,51553.32
BUD0003624,2025,12,CC0002,PC002,336362.0,218478.25,117883.75,327643.41,216264.3
BUD0003625,2026,5,CC0008,PC008,288087.52,191669.03,96418.49,289102.33,189732.19
BUD0003626,2026,5,CC0012,PC002,709104.54,498634.49,210470.05,772800.62,499068.05
BUD0003627,2026,6,CC0004,PC004,438844.13,303244.55,135599.58,443348.34,291243.06
BUD0003628,2025,11,CC0017,PC007,88865.48,50979.71,37885.77,88082.81,51070.92
BUD0003629,2025,6,CC0002,PC002,164483.23,134379.99,30103.24,172447.77,127753.44
BUD0003630,2025,10,CC0003,PC003,57888.63,32905.69,24982.94,57322.09,31397.6
BUD0003631,2026,3,CC0005,PC005,70328.25,47866.28,22461.97,69117.56,50363.57
BUD0003632,2026,6,CC0013,PC003,256198.16,202402.09,53796.07,255134.55,200481.5
BUD0003633,2026,11,CC0012,PC002,457502.43,334136.71,123365.72,460829.04,326227.45
BUD0003634,2026,7,CC0010,PC010,468317.67,349868.07,118449.6,445236.63,372041.49
BUD0003635,2025,12,CC0002,PC002,175320.06,132693.75,42626.31,164996.14,138833.08
BUD0003636,2025,7,CC0006,PC006,740142.96,579351.22,160791.74,742725.23,580453.54
BUD0003637,2025,3,CC0001,PC001,487517.53,376580.96,110936.57,520543.26,358700.01
BUD0003638,2025,3,CC0002,PC002,176426.01,101882.38,74543.63,186817.12,101281.98
BUD0003639,2026,5,CC0014,PC004,206562.31,135518.52,71043.79,205418.65,132472.75
BUD0003640,2026,1,CC0017,PC007,206336.76,147264.98,59071.78,205056.56,158606.6
BUD0003641,2025,7,CC0017,PC007,421377.32,343591.46,77785.86,412765.1,346503.0
BUD0003642,2026,7,CC0012,PC002,514595.17,378423.16,136172.01,536737.42,389396.67
BUD0003643,2026,3,CC0015,PC005,618206.77,466399.66,151807.11,617608.05,444864.35
BUD0003644,2026,3,CC0008,PC008,723083.56,557744.92,165338.64,684727.56,570781.39
BUD0003645,2026,8,CC0017,PC007,299128.49,179127.1,120001.39,324124.4,171321.44
BUD0003646,2025,4,CC0001,PC001,718375.61,547037.22,171338.39,691974.56,521793.17
BUD0003647,2026,6,CC0015,PC005,211094.61,136025.98,75068.63,209637.31,139425.49
BUD0003648,2025,12,CC0013,PC003,422789.7,341115.61,81674.09,461108.81,331174.64
BUD0003649,2026,11,CC0013,PC003,120620.04,68494.46,52125.58,118744.13,65333.92
BUD0003650,2026,4,CC0002,PC002,734459.09,487030.4,247428.69,802421.79,509830.58
BUD0003651,2025,3,CC0003,PC003,212504.81,145303.8,67201.01,202611.06,149183.16
BUD0003652,2025,12,CC0018,PC008,395875.29,255576.43,140298.86,399318.45,264718.85
BUD0003653,2025,3,CC0019,PC009,196494.64,160163.22,36331.42,215286.88,153899.61
BUD0003654,2025,1,CC0005,PC005,127682.52,87687.88,39994.64,126115.7,88735.08
BUD0003655,2026,10,CC0020,PC010,697217.64,541268.6,155949.04,757089.23,563852.61
BUD0003656,2025,12,CC0006,PC006,451293.77,352407.0,98886.77,486407.53,373064.08
BUD0003657,2025,5,CC0007,PC007,61488.87,36696.06,24792.81,62871.67,35439.16
BUD0003658,2025,11,CC0014,PC004,533938.57,338314.75,195623.82,509334.33,324757.96
BUD0003659,2025,3,CC0003,PC003,289535.15,201953.51,87581.64,316714.01,215486.77
BUD0003660,2026,1,CC0005,PC005,179858.33,119970.87,59887.46,174131.78,121963.32
BUD0003661,2025,12,CC0019,PC009,246226.85,144482.06,101744.79,264344.69,137672.69
BUD0003662,2025,6,CC0007,PC007,248872.4,142115.53,106756.87,262141.29,135057.9
BUD0003663,2026,3,CC0015,PC005,600304.83,349419.56,250885.27,614380.26,344140.06
BUD0003664,2025,9,CC0002,PC002,678038.46,387282.7,290755.76,694055.26,368753.18
BUD0003665,2025,8,CC0006,PC006,153280.32,85958.85,67321.47,155956.91,82975.76
BUD0003666,2026,9,CC0002,PC002,362782.39,258839.96,103942.43,365734.18,278343.93
BUD0003667,2026,8,CC0013,PC003,256414.92,183911.77,72503.15,262913.59,187564.19
BUD0003668,2025,8,CC0011,PC001,452239.3,317115.43,135123.87,426548.85,301858.55
BUD0003669,2026,12,CC0003,PC003,201178.67,135232.05,65946.62,216239.76,132659.5
BUD0003670,2026,8,CC0002,PC002,422558.14,281590.34,140967.8,446280.84,268476.12
BUD0003671,2026,11,CC0016,PC006,131128.33,84020.57,47107.76,127588.86,81641.65
BUD0003672,2025,5,CC0017,PC007,237537.17,145791.14,91746.03,244163.65,150977.94
BUD0003673,2025,3,CC0012,PC002,726068.8,453651.06,272417.74,731364.44,486261.86
BUD0003674,2025,3,CC0016,PC006,272004.15,168290.88,103713.27,277080.07,180942.48
BUD0003675,2025,6,CC0014,PC004,691342.7,411345.25,279997.45,723522.88,420823.35
BUD0003676,2025,1,CC0014,PC004,88130.9,61850.54,26280.36,82927.88,61964.39
BUD0003677,2025,10,CC0011,PC001,597826.44,406684.38,191142.06,596779.73,438674.32
BUD0003678,2025,2,CC0012,PC002,715723.19,489379.66,226343.53,750088.63,520457.18
BUD0003679,2025,3,CC0002,PC002,745773.05,457445.44,288327.61,729213.91,435424.05
BUD0003680,2025,3,CC0020,PC010,563553.43,329694.6,233858.83,611598.38,352974.02
BUD0003681,2025,10,CC0002,PC002,299319.72,245115.96,54203.76,296022.71,233193.82
BUD0003682,2026,12,CC0018,PC008,111281.72,79358.89,31922.83,111140.33,78325.56
BUD0003683,2025,5,CC0004,PC004,258399.86,173538.72,84861.14,270507.12,167715.45
BUD0003684,2026,4,CC0015,PC005,296653.57,194181.86,102471.71,285516.55,196959.99
BUD0003685,2025,9,CC0002,PC002,646130.36,464786.88,181343.48,663407.01,483487.95
BUD0003686,2025,9,CC0015,PC005,386693.43,229504.56,157188.87,380263.78,247588.3
BUD0003687,2026,4,CC0020,PC010,363681.46,201165.22,162516.24,372552.01,202154.87
BUD0003688,2026,1,CC0002,PC002,220021.99,164381.6,55640.39,239844.98,174670.1
BUD0003689,2025,6,CC0020,PC010,577390.2,335532.49,241857.71,607858.47,343245.75
BUD0003690,2025,3,CC0002,PC002,565510.12,319297.72,246212.4,619225.53,315286.83
BUD0003691,2026,1,CC0018,PC008,432595.55,247781.1,184814.45,415523.92,265409.99
BUD0003692,2026,9,CC0016,PC006,75084.97,41515.68,33569.29,76568.44,39876.39
BUD0003693,2026,8,CC0012,PC002,353176.45,249505.71,103670.74,374974.04,253117.17
BUD0003694,2026,11,CC0008,PC008,536506.3,414126.45,122379.85,549715.98,410829.68
BUD0003695,2026,7,CC0012,PC002,221146.58,179151.99,41994.59,239572.8,190764.2
BUD0003696,2026,4,CC0008,PC008,264204.49,187210.96,76993.53,279441.63,180897.71
BUD0003697,2026,10,CC0001,PC001,312516.23,252918.93,59597.3,312685.51,264574.55
BUD0003698,2025,6,CC0006,PC006,436684.31,328731.33,107952.98,472981.71,326143.28
BUD0003699,2025,4,CC0015,PC005,53800.12,34797.77,19002.35,50825.0,34857.79
BUD0003700,2025,2,CC0009,PC009,86968.36,60747.95,26220.41,90295.75,61053.41
BUD0003701,2026,7,CC0013,PC003,115305.96,73060.84,42245.12,125065.87,69517.19
BUD0003702,2025,3,CC0008,PC008,442611.63,295065.91,147545.72,419101.83,307653.61
BUD0003703,2026,10,CC0015,PC005,198946.28,138307.08,60639.2,202412.67,149200.35
BUD0003704,2026,4,CC0013,PC003,348447.43,232200.63,116246.8,357086.45,245111.76
BUD0003705,2026,1,CC0014,PC004,208428.09,127470.44,80957.65,223102.57,127505.33
BUD0003706,2026,1,CC0007,PC007,579982.49,353325.83,226656.66,637535.49,376423.82
BUD0003707,2026,3,CC0010,PC010,99993.34,72321.95,27671.39,97042.84,69115.48
BUD0003708,2025,9,CC0008,PC008,452831.87,250678.62,202153.25,432568.59,266770.84
BUD0003709,2026,9,CC0004,PC004,741271.09,427110.72,314160.37,726309.8,460726.78
BUD0003710,2026,4,CC0003,PC003,193559.59,107740.5,85819.09,198154.11,110157.07
BUD0003711,2025,9,CC0001,PC001,310341.93,207639.66,102702.27,326287.24,200835.26
BUD0003712,2026,5,CC0012,PC002,353434.63,259377.49,94057.14,382568.54,278073.92
BUD0003713,2026,3,CC0008,PC008,520102.21,323197.05,196905.16,492590.05,327473.68
BUD0003714,2026,6,CC0005,PC005,515773.67,413530.74,102242.93,506313.64,444305.55
BUD0003715,2026,2,CC0010,PC010,192474.7,117524.24,74950.46,196923.71,120124.93
BUD0003716,2025,7,CC0016,PC006,297876.93,175752.97,122123.96,323717.96,182964.06
BUD0003717,2025,9,CC0006,PC006,309950.27,238473.73,71476.54,334485.71,231720.91
BUD0003718,2026,1,CC0001,PC001,371904.38,253516.3,118388.08,407671.41,248221.38
BUD0003719,2025,10,CC0007,PC007,688790.98,470286.87,218504.11,739628.51,492747.42
BUD0003720,2025,8,CC0014,PC004,422008.26,305066.61,116941.65,434284.14,298889.31
BUD0003721,2026,10,CC0003,PC003,99843.87,57665.68,42178.19,105463.76,56577.34
BUD0003722,2025,8,CC0003,PC003,542016.45,415839.73,126176.72,567510.69,411443.16
BUD0003723,2026,6,CC0019,PC009,309566.81,222672.11,86894.7,324176.35,229507.48
BUD0003724,2025,2,CC0020,PC010,229108.84,127549.28,101559.56,219964.3,121363.27
BUD0003725,2026,3,CC0020,PC010,432285.42,285896.04,146389.38,410874.81,275590.02
BUD0003726,2026,11,CC0005,PC005,725414.27,577383.16,148031.11,761336.5,601289.64
BUD0003727,2025,7,CC0010,PC010,79880.37,45314.4,34565.97,87582.52,48583.92
BUD0003728,2026,12,CC0010,PC010,638588.6,482300.01,156288.59,701780.05,509143.44
BUD0003729,2026,3,CC0019,PC009,389960.54,245416.0,144544.54,370120.71,242951.45
BUD0003730,2025,12,CC0010,PC010,177822.45,127209.46,50612.99,172965.59,125929.39
BUD0003731,2026,2,CC0002,PC002,239254.9,158891.25,80363.65,243375.76,151901.46
BUD0003732,2025,8,CC0006,PC006,722717.08,581598.23,141118.85,717920.28,615266.71
BUD0003733,2025,4,CC0010,PC010,184745.67,131967.26,52778.41,185378.75,128944.28
BUD0003734,2025,6,CC0007,PC007,72377.6,46730.56,25647.04,74635.41,50282.67
BUD0003735,2025,6,CC0009,PC009,120557.7,86903.69,33654.01,132194.31,93664.23
BUD0003736,2026,6,CC0004,PC004,107056.97,64494.26,42562.71,116626.06,64270.34
BUD0003737,2025,9,CC0011,PC001,553585.67,370045.53,183540.14,584665.67,375589.0
BUD0003738,2026,5,CC0003,PC003,657710.42,406118.92,251591.5,715280.23,417067.28
BUD0003739,2026,2,CC0010,PC010,120183.3,77385.01,42798.29,125197.34,78065.73
BUD0003740,2025,8,CC0018,PC008,360109.19,223197.97,136911.22,368775.8,240269.41
BUD0003741,2025,12,CC0002,PC002,427326.35,320078.44,107247.91,427034.36,320723.5
BUD0003742,2025,2,CC0003,PC003,349714.79,238989.61,110725.18,372214.03,229673.46
BUD0003743,2026,2,CC0011,PC001,237717.15,186493.25,51223.9,252610.31,183585.07
BUD0003744,2026,3,CC0016,PC006,275939.4,222733.34,53206.06,263483.42,225677.32
BUD0003745,2025,4,CC0013,PC003,238085.69,184327.4,53758.29,239648.71,198161.38
BUD0003746,2025,4,CC0014,PC004,531393.81,294929.93,236463.88,560498.84,306790.1
BUD0003747,2025,1,CC0008,PC008,382322.34,231172.09,151150.25,390933.69,222266.78
BUD0003748,2026,3,CC0013,PC003,192611.85,152404.51,40207.34,192844.98,159300.74
BUD0003749,2026,11,CC0006,PC006,137045.28,105789.89,31255.39,144158.27,114055.64
BUD0003750,2025,11,CC0015,PC005,578477.6,395329.5,183148.1,608757.3,421717.96
BUD0003751,2025,8,CC0015,PC005,321897.54,255031.84,66865.7,327911.02,244703.93
BUD0003752,2026,7,CC0015,PC005,518433.14,332510.63,185922.51,501845.76,337590.53
BUD0003753,2025,4,CC0007,PC007,664931.63,406987.24,257944.39,730836.14,409315.53
BUD0003754,2026,9,CC0009,PC009,555352.13,308999.59,246352.54,573728.44,326665.04
BUD0003755,2026,6,CC0006,PC006,183193.89,102215.69,80978.2,182853.65,100106.98
BUD0003756,2025,3,CC0005,PC005,106510.54,75024.78,31485.76,104358.23,71526.75
BUD0003757,2025,5,CC0009,PC009,383207.6,239689.18,143518.42,412935.71,228191.36
BUD0003758,2025,3,CC0009,PC009,661481.07,434619.66,226861.41,667452.56,467961.08
BUD0003759,2026,1,CC0013,PC003,223526.64,150206.16,73320.48,210958.66,158453.26
BUD0003760,2025,1,CC0018,PC008,256933.9,145900.27,111033.63,256811.26,146176.3
BUD0003761,2025,7,CC0015,PC005,475835.75,342108.04,133727.71,468950.69,329560.64
BUD0003762,2025,3,CC0004,PC004,111442.99,81647.43,29795.56,118385.26,83450.15
BUD0003763,2026,4,CC0005,PC005,254110.55,181766.61,72343.94,261586.39,194919.3
BUD0003764,2026,12,CC0001,PC001,98183.02,63981.71,34201.31,101622.87,63865.64
BUD0003765,2026,9,CC0018,PC008,374635.42,220879.55,153755.87,379324.15,234054.43
BUD0003766,2025,6,CC0003,PC003,352580.98,267585.18,84995.8,342574.58,265305.8
BUD0003767,2025,3,CC0016,PC006,155072.4,89461.76,65610.64,154599.88,92901.43
BUD0003768,2026,7,CC0011,PC001,403343.18,319664.67,83678.51,427667.4,336285.46
BUD0003769,2026,9,CC0008,PC008,134135.67,82994.02,51141.65,146163.53,79715.79
BUD0003770,2025,1,CC0005,PC005,220732.58,159062.19,61670.39,222784.42,156791.06
BUD0003771,2026,11,CC0006,PC006,643978.19,527932.93,116045.26,656384.7,536228.65
BUD0003772,2025,6,CC0008,PC008,125059.36,69205.47,55853.89,122841.5,74177.88
BUD0003773,2026,1,CC0008,PC008,63477.52,44214.72,19262.8,65880.62,42977.14
BUD0003774,2026,1,CC0016,PC006,323481.28,260460.8,63020.48,321509.37,268684.89
BUD0003775,2025,1,CC0002,PC002,402444.91,246220.71,156224.2,405782.33,241848.28
BUD0003776,2025,9,CC0011,PC001,135324.59,89969.1,45355.49,135765.97,89491.47
BUD0003777,2025,12,CC0009,PC009,627097.95,363836.21,263261.74,668094.08,365990.44
BUD0003778,2025,3,CC0007,PC007,125417.57,85005.15,40412.42,119872.33,88752.83
BUD0003779,2025,8,CC0019,PC009,428439.02,240088.96,188350.06,460933.12,229640.88
BUD0003780,2026,9,CC0018,PC008,474205.03,388353.68,85851.35,483640.34,386494.03
BUD0003781,2025,11,CC0016,PC006,83226.5,47684.67,35541.83,88301.68,46784.19
BUD0003782,2026,6,CC0008,PC008,668222.36,507492.26,160730.1,698266.66,514694.62
BUD0003783,2025,11,CC0015,PC005,466362.98,346402.44,119960.54,480466.06,352831.03
BUD0003784,2026,8,CC0015,PC005,70255.56,39891.67,30363.89,74469.85,38798.07
BUD0003785,2026,12,CC0005,PC005,341939.7,210559.25,131380.45,336108.53,218564.42
BUD0003786,2026,4,CC0007,PC007,719856.09,563873.9,155982.19,757316.86,555978.15
BUD0003787,2025,3,CC0012,PC002,425958.54,236817.28,189141.26,465811.19,250376.17
BUD0003788,2026,12,CC0020,PC010,232028.35,166711.08,65317.27,251186.5,162431.31
BUD0003789,2026,5,CC0006,PC006,654859.75,512608.45,142251.3,656638.7,545172.6
BUD0003790,2025,9,CC0013,PC003,251543.71,185622.41,65921.3,245697.49,198352.18
BUD0003791,2025,9,CC0019,PC009,445007.4,307346.07,137661.33,476564.98,318916.7
BUD0003792,2026,8,CC0006,PC006,417131.35,298396.6,118734.75,457352.34,310283.99
BUD0003793,2025,4,CC0017,PC007,477187.91,283464.44,193723.47,484562.76,296653.73
BUD0003794,2026,1,CC0004,PC004,552687.6,345722.96,206964.64,603676.77,337599.54
BUD0003795,2026,12,CC0009,PC009,427998.53,347397.43,80601.1,450626.55,350733.86
BUD0003796,2025,9,CC0008,PC008,641154.48,426690.81,214463.67,680801.85,443195.77
BUD0003797,2026,2,CC0006,PC006,96823.0,69460.27,27362.73,100753.61,72565.2
BUD0003798,2026,7,CC0004,PC004,220302.87,167681.03,52621.84,241591.01,165481.67
BUD0003799,2026,5,CC0017,PC007,734650.64,410132.09,324518.55,749837.41,403792.84
BUD0003800,2026,8,CC0014,PC004,508935.54,283427.2,225508.34,534121.15,287640.96
BUD0003801,2026,5,CC0012,PC002,151672.56,116786.49,34886.07,163734.88,116273.68
BUD0003802,2025,8,CC0016,PC006,155990.07,96936.23,59053.84,155326.71,98657.79
BUD0003803,2025,8,CC0009,PC009,338909.78,259416.07,79493.71,358168.3,274893.96
BUD0003804,2025,8,CC0002,PC002,143454.22,90643.25,52810.97,141384.26,93465.28
BUD0003805,2025,6,CC0015,PC005,579614.0,471781.91,107832.09,630577.68,462761.83
BUD0003806,2026,1,CC0014,PC004,342909.74,265065.71,77844.03,338607.53,254570.38
BUD0003807,2026,8,CC0016,PC006,256733.11,194035.4,62697.71,260172.93,187716.95
BUD0003808,2026,9,CC0005,PC005,454913.11,315165.15,139747.96,484325.41,322468.11
BUD0003809,2025,5,CC0003,PC003,397862.0,265399.96,132462.04,410544.63,274847.11
BUD0003810,2025,11,CC0015,PC005,480594.8,290018.5,190576.3,491864.14,278404.02
BUD0003811,2025,5,CC0020,PC010,176249.63,137281.99,38967.64,166556.62,144144.13
BUD0003812,2025,6,CC0007,PC007,306280.53,201075.59,105204.94,334689.18,208938.1
BUD0003813,2026,11,CC0006,PC006,59332.68,36005.41,23327.27,62390.19,38832.77
BUD0003814,2025,5,CC0007,PC007,345483.91,271893.01,73590.9,339720.27,279040.18
BUD0003815,2025,5,CC0004,PC004,90020.04,67956.46,22063.58,86560.1,66904.34
BUD0003816,2026,7,CC0018,PC008,388918.61,263283.47,125635.14,418565.33,260701.56
BUD0003817,2025,8,CC0019,PC009,508194.57,358667.44,149527.13,503447.5,345085.73
BUD0003818,2026,4,CC0017,PC007,140771.16,94041.64,46729.52,139546.52,98071.78
BUD0003819,2025,11,CC0019,PC009,721193.41,417486.39,303707.02,700749.7,406755.55
BUD0003820,2025,4,CC0017,PC007,435729.52,296842.16,138887.36,428900.6,302434.52
BUD0003821,2025,9,CC0013,PC003,171460.77,123036.0,48424.77,183869.77,126865.59
BUD0003822,2025,10,CC0020,PC010,523967.79,294010.4,229957.39,561746.19,307955.24
BUD0003823,2026,7,CC0006,PC006,550763.9,388863.63,161900.27,521050.4,380219.9
BUD0003824,2026,12,CC0019,PC009,74556.49,42622.59,31933.9,79212.77,42007.37
BUD0003825,2026,12,CC0009,PC009,79079.74,52249.93,26829.81,80858.57,55966.61
BUD0003826,2025,7,CC0020,PC010,701768.67,574485.43,127283.24,734387.57,565666.91
BUD0003827,2026,11,CC0019,PC009,669942.52,536145.53,133796.99,669410.52,520911.7
BUD0003828,2026,12,CC0004,PC004,630614.99,375199.05,255415.94,601534.13,389087.0
BUD0003829,2025,7,CC0003,PC003,413887.89,259107.92,154779.97,418891.99,259875.99
BUD0003830,2025,4,CC0002,PC002,578948.18,466012.23,112935.95,634379.04,500271.71
BUD0003831,2026,6,CC0018,PC008,343037.42,220138.73,122898.69,327770.79,212283.25
BUD0003832,2025,4,CC0009,PC009,305777.25,191655.66,114121.59,301122.36,198603.78
BUD0003833,2026,11,CC0017,PC007,206409.59,143138.06,63271.53,221072.31,141407.88
BUD0003834,2026,10,CC0014,PC004,150171.11,106388.23,43782.88,148286.17,114237.39
BUD0003835,2025,6,CC0020,PC010,113836.85,85059.4,28777.45,113619.9,80979.6
BUD0003836,2025,3,CC0001,PC001,447919.45,273221.58,174697.87,472384.76,281626.34
BUD0003837,2025,10,CC0017,PC007,102613.21,82903.99,19709.22,107026.11,88604.01
BUD0003838,2025,12,CC0013,PC003,459548.81,370907.91,88640.9,489217.91,388066.49
BUD0003839,2026,12,CC0020,PC010,607151.21,444172.6,162978.61,607694.92,452056.3
BUD0003840,2026,5,CC0014,PC004,606780.78,391647.31,215133.47,618346.58,375337.84
BUD0003841,2026,1,CC0011,PC001,612970.65,394843.33,218127.32,670603.3,405261.13
BUD0003842,2025,4,CC0012,PC002,552956.07,435909.63,117046.44,562665.22,433834.59
BUD0003843,2025,6,CC0010,PC010,156908.67,109168.58,47740.09,152257.74,115826.37
BUD0003844,2026,10,CC0003,PC003,176501.69,123225.1,53276.59,178996.63,118076.94
BUD0003845,2026,6,CC0020,PC010,741925.5,540884.07,201041.43,816079.84,582977.7
BUD0003846,2026,12,CC0004,PC004,278092.02,217483.33,60608.69,271729.06,227654.09
BUD0003847,2025,10,CC0017,PC007,478329.43,281908.17,196421.26,514194.44,293388.87
BUD0003848,2025,6,CC0003,PC003,178724.28,107558.97,71165.31,175520.09,104050.56
BUD0003849,2025,4,CC0006,PC006,421823.39,246986.91,174836.48,430964.38,266357.94
BUD0003850,2025,2,CC0010,PC010,686179.68,477339.18,208840.5,742909.57,481307.87
BUD0003851,2025,7,CC0003,PC003,387999.92,307458.36,80541.56,391155.01,331712.61
BUD0003852,2025,3,CC0017,PC007,319637.91,190972.38,128665.53,346350.91,189168.93
BUD0003853,2025,5,CC0017,PC007,482969.12,291116.43,191852.69,479051.48,297660.13
BUD0003854,2025,4,CC0008,PC008,439437.6,337834.2,101603.4,481733.26,355355.46
BUD0003855,2025,7,CC0004,PC004,309127.33,224647.5,84479.83,293146.8,217388.94
BUD0003856,2025,5,CC0008,PC008,262572.83,156097.43,106475.4,257842.34,162355.01
BUD0003857,2026,5,CC0015,PC005,88478.6,63437.57,25041.03,88242.92,66436.78
BUD0003858,2025,6,CC0001,PC001,131680.01,83226.38,48453.63,133169.18,88478.55
BUD0003859,2025,9,CC0001,PC001,659676.16,380172.37,279503.79,701300.57,400909.45
BUD0003860,2026,1,CC0007,PC007,66083.13,51684.95,14398.18,70501.68,53468.08
BUD0003861,2025,3,CC0007,PC007,203875.79,159491.29,44384.5,213747.19,154252.7
BUD0003862,2025,4,CC0006,PC006,600026.46,335572.47,264453.99,587197.09,321547.93
BUD0003863,2026,11,CC0010,PC010,629990.22,429632.26,200357.96,676210.52,462139.86
BUD0003864,2026,3,CC0013,PC003,200118.21,160758.09,39360.12,212971.05,157788.74
BUD0003865,2025,1,CC0009,PC009,698985.53,392183.42,306802.11,728588.78,391847.64
BUD0003866,2026,9,CC0009,PC009,562648.01,347807.27,214840.74,590641.11,370004.33
BUD0003867,2026,10,CC0006,PC006,333324.37,199666.8,133657.57,358646.11,204920.29
BUD0003868,2025,1,CC0014,PC004,112532.75,86055.59,26477.16,113720.62,85048.32
BUD0003869,2025,2,CC0007,PC007,700378.38,420964.11,279414.27,728956.44,428685.16
BUD0003870,2026,3,CC0008,PC008,104925.42,81872.34,23053.08,110634.59,87105.36
BUD0003871,2026,7,CC0011,PC001,621570.29,420688.55,200881.74,598389.58,416238.02
BUD0003872,2026,10,CC0015,PC005,220537.23,158037.63,62499.6,231953.79,157370.82
BUD0003873,2025,6,CC0020,PC010,195881.33,112134.49,83746.84,201065.94,118176.06
BUD0003874,2025,7,CC0017,PC007,209855.61,153521.6,56334.01,228065.45,155774.56
BUD0003875,2025,5,CC0019,PC009,684458.25,474686.99,209771.26,749157.32,504228.61
BUD0003876,2025,8,CC0010,PC010,271750.97,164219.61,107531.36,287814.39,168214.47
BUD0003877,2026,7,CC0015,PC005,408985.51,330100.94,78884.57,398531.26,337317.98
BUD0003878,2026,10,CC0009,PC009,377025.65,262975.99,114049.66,358606.85,270943.89
BUD0003879,2025,6,CC0001,PC001,322508.96,208996.32,113512.64,307928.48,209811.45
BUD0003880,2025,7,CC0012,PC002,224271.3,126336.39,97934.91,234471.95,121706.63
BUD0003881,2025,8,CC0001,PC001,411654.86,325586.0,86068.86,438410.22,327571.81
BUD0003882,2026,10,CC0012,PC002,657443.05,455760.26,201682.79,708339.55,491638.54
BUD0003883,2026,1,CC0001,PC001,498576.8,279967.78,218609.02,533017.76,292503.69
BUD0003884,2025,4,CC0014,PC004,237369.4,192232.48,45136.92,259305.61,206060.61
BUD0003885,2026,4,CC0013,PC003,744370.58,489988.31,254382.27,707413.57,491118.98
BUD0003886,2025,8,CC0015,PC005,444533.15,269159.88,175373.27,426494.58,259780.95
BUD0003887,2025,12,CC0011,PC001,550968.93,306618.83,244350.1,544690.4,291883.8
BUD0003888,2026,7,CC0007,PC007,726200.15,443171.21,283028.94,724443.21,460234.03
BUD0003889,2025,7,CC0015,PC005,387752.42,255260.39,132492.03,372777.26,259648.44
BUD0003890,2026,9,CC0006,PC006,254417.79,157567.16,96850.63,243952.8,153363.86
BUD0003891,2025,5,CC0009,PC009,442788.25,315447.69,127340.56,443862.52,339680.11
BUD0003892,2025,4,CC0016,PC006,299830.64,197534.06,102296.58,312964.37,199085.06
BUD0003893,2025,12,CC0005,PC005,369288.92,285023.52,84265.4,365604.42,282994.57
BUD0003894,2025,10,CC0003,PC003,567446.02,370813.47,196632.55,539783.91,352737.06
BUD0003895,2026,7,CC0017,PC007,452791.55,253091.77,199699.78,463337.27,253816.3
BUD0003896,2025,9,CC0004,PC004,648834.93,434200.41,214634.52,688362.39,432045.78
BUD0003897,2026,7,CC0002,PC002,669127.93,458927.46,210200.47,671529.25,484802.7
BUD0003898,2026,8,CC0016,PC006,543692.01,330560.58,213131.43,544582.78,356560.82
BUD0003899,2025,6,CC0018,PC008,430478.7,283120.0,147358.7,472183.48,287386.34
BUD0003900,2025,1,CC0004,PC004,539732.46,306837.34,232895.12,509175.36,305661.54
BUD0003901,2025,12,CC0020,PC010,395545.37,239405.82,156139.55,420087.35,246876.23
BUD0003902,2025,8,CC0007,PC007,153700.26,122250.8,31449.46,163258.62,120434.19
BUD0003903,2025,10,CC0008,PC008,614993.58,420748.09,194245.49,615685.41,408226.1
BUD0003904,2025,2,CC0017,PC007,462035.07,285274.53,176760.54,435816.05,308074.83
BUD0003905,2025,10,CC0016,PC006,179359.61,124310.6,55049.01,177911.71,134194.1
BUD0003906,2026,9,CC0001,PC001,493266.28,350819.24,142447.04,494188.02,338435.18
BUD0003907,2025,4,CC0015,PC005,718202.84,465379.56,252823.28,729570.09,445677.6
BUD0003908,2026,3,CC0001,PC001,363803.27,231098.7,132704.57,389183.69,241613.03
BUD0003909,2025,6,CC0018,PC008,87302.97,53008.95,34294.02,94432.92,51224.0
BUD0003910,2026,1,CC0005,PC005,52593.08,37939.5,14653.58,55653.9,38270.82
BUD0003911,2026,7,CC0019,PC009,318022.28,211969.77,106052.51,341664.19,220790.33
BUD0003912,2026,10,CC0020,PC010,378191.87,241025.2,137166.67,412960.92,248836.19
BUD0003913,2026,5,CC0006,PC006,609074.17,352204.33,256869.84,616467.5,342024.28
BUD0003914,2025,10,CC0013,PC003,474625.26,304518.23,170107.03,478628.5,316345.41
BUD0003915,2025,2,CC0011,PC001,164053.41,99588.79,64464.62,156544.11,100084.01
BUD0003916,2025,7,CC0009,PC009,211615.59,166292.59,45323.0,200254.04,178748.27
BUD0003917,2025,8,CC0006,PC006,240912.31,162231.37,78680.94,261106.05,157274.77
BUD0003918,2026,11,CC0010,PC010,500887.89,310862.9,190024.99,503950.63,316691.73
BUD0003919,2026,2,CC0011,PC001,453349.24,275696.28,177652.96,434665.61,294502.3
BUD0003920,2026,11,CC0010,PC010,274952.36,157193.06,117759.3,285360.95,166592.31
BUD0003921,2025,3,CC0007,PC007,365231.29,236581.97,128649.32,379757.3,232022.03
BUD0003922,2026,9,CC0009,PC009,558143.6,347500.41,210643.19,557025.51,373050.8
BUD0003923,2025,11,CC0018,PC008,693533.58,547009.64,146523.94,680710.57,558286.39
BUD0003924,2025,5,CC0004,PC004,656348.9,532328.6,124020.3,656694.58,552445.49
BUD0003925,2025,11,CC0008,PC008,737672.42,540116.21,197556.21,756097.53,582106.78
BUD0003926,2025,6,CC0013,PC003,300315.17,227978.44,72336.73,329835.74,235312.21
BUD0003927,2026,2,CC0018,PC008,277574.94,218659.99,58914.95,277443.37,228317.36
BUD0003928,2025,3,CC0005,PC005,529152.29,361973.98,167178.31,501076.63,376822.97
BUD0003929,2026,5,CC0014,PC004,749025.73,420305.37,328720.36,764752.76,409209.46
BUD0003930,2025,8,CC0018,PC008,155563.84,112957.13,42606.71,162397.42,117545.03
BUD0003931,2026,4,CC0020,PC010,451577.37,250110.28,201467.09,431664.04,269114.85
BUD0003932,2026,5,CC0007,PC007,135132.34,77746.5,57385.84,145803.21,74264.94
BUD0003933,2025,6,CC0010,PC010,636830.17,354064.83,282765.34,674755.73,381801.79
BUD0003934,2025,8,CC0004,PC004,659300.28,373912.96,285387.32,656636.17,387207.06
BUD0003935,2025,10,CC0010,PC010,222375.88,170318.18,52057.7,232891.24,166145.03
BUD0003936,2025,6,CC0009,PC009,653891.3,445907.33,207983.97,625390.14,477332.34
BUD0003937,2025,6,CC0004,PC004,423746.11,292388.73,131357.38,455137.76,298039.1
BUD0003938,2025,12,CC0008,PC008,395305.06,256918.69,138386.37,410736.46,265550.88
BUD0003939,2026,7,CC0002,PC002,298649.12,218179.06,80470.06,283452.02,208535.04
BUD0003940,2026,6,CC0013,PC003,117463.41,92332.44,25130.97,124434.28,97069.49
BUD0003941,2026,4,CC0008,PC008,605011.66,351475.14,253536.52,578840.36,368736.2
BUD0003942,2026,10,CC0003,PC003,195548.39,130587.99,64960.4,202136.89,139243.3
BUD0003943,2025,4,CC0006,PC006,329795.6,231248.95,98546.65,326266.06,236914.57
BUD0003944,2026,12,CC0015,PC005,650390.39,476749.34,173641.05,648726.71,475862.99
BUD0003945,2026,9,CC0013,PC003,226099.76,175269.35,50830.41,216546.65,175556.39
BUD0003946,2026,8,CC0011,PC001,700638.48,552370.59,148267.89,682240.25,547312.83
BUD0003947,2025,2,CC0004,PC004,663225.75,473400.9,189824.85,638576.87,460998.66
BUD0003948,2025,4,CC0004,PC004,631019.53,401958.19,229061.34,678980.8,397811.04
BUD0003949,2026,1,CC0003,PC003,715623.61,425659.61,289964.0,742074.21,404859.42
BUD0003950,2026,4,CC0015,PC005,60404.23,42234.05,18170.18,58783.0,44261.89
BUD0003951,2025,11,CC0003,PC003,559669.06,423367.62,136301.44,531648.27,409527.09
BUD0003952,2025,1,CC0001,PC001,567193.94,410441.91,156752.03,542600.98,412977.04
BUD0003953,2026,3,CC0009,PC009,542798.14,435677.43,107120.71,596933.38,417249.31
BUD0003954,2025,6,CC0007,PC007,635117.94,516056.84,119061.1,689418.21,525126.09
BUD0003955,2026,3,CC0006,PC006,459050.24,304704.91,154345.33,492295.94,301571.85
BUD0003956,2026,3,CC0011,PC001,590833.74,451528.94,139304.8,585432.9,448778.73
BUD0003957,2026,12,CC0015,PC005,658556.45,516844.58,141711.87,670788.76,497962.33
BUD0003958,2026,3,CC0005,PC005,626383.36,411975.28,214408.08,684228.83,426825.3
BUD0003959,2025,8,CC0011,PC001,165497.59,131313.44,34184.15,157753.2,133958.59
BUD0003960,2025,6,CC0013,PC003,541320.61,434132.38,107188.23,548957.16,464740.9
BUD0003961,2026,12,CC0005,PC005,589572.34,332916.64,256655.7,609624.13,330264.34
BUD0003962,2026,8,CC0002,PC002,654109.29,442993.25,211116.04,623106.02,478191.77
BUD0003963,2025,4,CC0007,PC007,289289.12,174267.59,115021.53,285367.52,168111.13
BUD0003964,2026,4,CC0004,PC004,577636.58,359744.59,217891.99,587447.32,378251.77
BUD0003965,2026,12,CC0010,PC010,527859.66,320165.7,207693.96,543227.47,315955.94
BUD0003966,2025,6,CC0017,PC007,258025.36,175884.0,82141.36,251333.23,174503.66
BUD0003967,2026,8,CC0016,PC006,181376.98,147822.22,33554.76,176470.77,141316.92
BUD0003968,2025,4,CC0004,PC004,469912.24,321081.92,148830.32,461264.35,305302.8
BUD0003969,2025,3,CC0020,PC010,263569.65,203253.31,60316.34,273411.83,205674.59
BUD0003970,2025,4,CC0020,PC010,573613.05,389356.87,184256.18,619805.25,393046.98
BUD0003971,2025,3,CC0012,PC002,703739.15,396702.0,307037.15,742370.17,388353.39
BUD0003972,2025,9,CC0009,PC009,741677.01,480087.94,261589.07,784819.61,493553.8
BUD0003973,2025,11,CC0012,PC002,573899.46,450155.62,123743.84,575658.8,481886.05
BUD0003974,2026,1,CC0013,PC003,267883.64,200593.55,67290.09,270618.07,201167.45
BUD0003975,2025,7,CC0019,PC009,349868.48,247496.95,102371.53,343572.76,260623.94
BUD0003976,2025,7,CC0005,PC005,473507.46,299661.24,173846.22,445489.75,317198.64
BUD0003977,2025,10,CC0018,PC008,493281.16,380527.36,112753.8,467866.52,374060.6
BUD0003978,2026,10,CC0007,PC007,638484.23,474985.1,163499.13,658955.8,506378.64
BUD0003979,2025,12,CC0011,PC001,490936.85,385346.94,105589.91,526409.6,415699.98
BUD0003980,2026,7,CC0007,PC007,310384.83,200125.16,110259.67,293590.15,193375.78
BUD0003981,2025,7,CC0009,PC009,716456.63,437157.74,279298.89,723237.12,470819.78
BUD0003982,2025,11,CC0004,PC004,356387.18,248946.57,107440.61,384547.18,258447.25
BUD0003983,2025,8,CC0004,PC004,506174.78,309436.08,196738.7,510348.0,308732.37
BUD0003984,2026,4,CC0009,PC009,281446.18,225559.96,55886.22,298938.16,220995.37
BUD0003985,2026,7,CC0018,PC008,89458.58,70346.84,19111.74,97938.76,68544.35
BUD0003986,2025,12,CC0014,PC004,184492.25,106617.26,77874.99,175370.44,104525.4
BUD0003987,2025,12,CC0001,PC001,665253.28,516906.06,148347.22,710567.69,552106.88
BUD0003988,2026,9,CC0002,PC002,130878.81,94869.62,36009.19,128938.23,99578.09
BUD0003989,2026,6,CC0014,PC004,318723.91,182696.66,136027.25,318616.16,185121.57
BUD0003990,2026,11,CC0015,PC005,703284.03,516412.38,186871.65,661580.48,520701.43
BUD0003991,2025,3,CC0014,PC004,439528.05,242479.82,197048.23,420544.83,255373.89
BUD0003992,2026,6,CC0011,PC001,510479.1,375937.36,134541.74,550280.73,358186.22
BUD0003993,2025,8,CC0020,PC010,382948.88,284173.09,98775.79,400059.8,292674.71
BUD0003994,2025,12,CC0019,PC009,327024.91,267561.62,59463.29,343257.48,261288.82
BUD0003995,2026,1,CC0010,PC010,341993.17,264483.65,77509.52,330584.77,252906.47
BUD0003996,2025,7,CC0011,PC001,367141.47,288722.0,78419.47,350352.04,294046.54
BUD0003997,2025,7,CC0009,PC009,672101.07,476605.41,195495.66,683330.74,487370.27
BUD0003998,2025,9,CC0004,PC004,213973.98,165680.88,48293.1,209916.27,174735.16
BUD0003999,2026,8,CC0006,PC006,337546.03,250679.27,86866.76,340683.25,257313.33
BUD0004000,2026,8,CC0011,PC001,742966.12,598528.34,144437.78,776841.72,625114.72
BUD0004001,2026,10,CC0019,PC009,613359.97,407972.28,205387.69,664775.47,439331.48
BUD0004002,2026,4,CC0013,PC003,717606.5,547517.42,170089.08,705623.31,550582.41
BUD0004003,2026,2,CC0010,PC010,71687.99,53292.54,18395.45,73301.49,55539.76
BUD0004004,2026,10,CC0020,PC010,651002.75,386332.17,264670.58,663206.3,409760.47
BUD0004005,2026,8,CC0004,PC004,737879.36,481851.77,256027.59,774134.6,505821.93
BUD0004006,2026,2,CC0013,PC003,740504.94,539382.54,201122.4,806544.63,523696.9
BUD0004007,2025,6,CC0011,PC001,243229.17,149472.3,93756.87,240103.38,152545.23
BUD0004008,2025,7,CC0007,PC007,559782.6,407978.2,151804.4,608890.99,400485.37
BUD0004009,2026,2,CC0011,PC001,108240.96,60297.73,47943.23,118381.79,59693.39
BUD0004010,2025,2,CC0008,PC008,107714.43,66677.53,41036.9,110522.64,66117.17
BUD0004011,2025,9,CC0004,PC004,737378.11,578081.8,159296.31,723930.88,580364.06
BUD0004012,2026,5,CC0014,PC004,724858.01,452394.52,272463.49,742983.67,484039.7
BUD0004013,2025,4,CC0003,PC003,420500.18,315382.86,105117.32,449004.89,327239.85
BUD0004014,2026,5,CC0005,PC005,246677.51,136721.94,109955.57,233449.23,135051.38
BUD0004015,2026,4,CC0015,PC005,495854.17,291495.57,204358.6,536470.01,304096.67
BUD0004016,2025,5,CC0013,PC003,232532.2,181747.5,50784.7,229113.55,174096.44
BUD0004017,2026,3,CC0017,PC007,129208.99,80997.17,48211.82,139035.2,81979.36
BUD0004018,2025,10,CC0014,PC004,690476.19,522828.4,167647.79,657116.91,542407.67
BUD0004019,2025,9,CC0015,PC005,714169.52,440246.26,273923.26,784337.52,425092.72
BUD0004020,2025,2,CC0020,PC010,349779.41,251963.69,97815.72,349527.34,268046.72
BUD0004021,2026,6,CC0012,PC002,373425.36,209711.44,163713.92,396298.05,224035.64
BUD0004022,2025,4,CC0017,PC007,555975.23,406896.47,149078.76,610243.42,412147.22
BUD0004023,2026,5,CC0018,PC008,113061.77,87079.31,25982.46,123345.24,93832.12
BUD0004024,2026,6,CC0003,PC003,692821.65,540136.88,152684.77,676557.74,545312.38
BUD0004025,2026,2,CC0010,PC010,70058.81,51524.22,18534.59,68791.87,49227.49
BUD0004026,2026,5,CC0001,PC001,128208.54,74058.78,54149.76,139664.88,75591.83
BUD0004027,2026,9,CC0002,PC002,288185.11,183611.74,104573.37,297350.27,196639.98
BUD0004028,2026,2,CC0004,PC004,516286.48,384128.24,132158.24,561768.61,385865.11
BUD0004029,2025,10,CC0018,PC008,478452.68,267469.49,210983.19,516457.58,262849.61
BUD0004030,2026,3,CC0007,PC007,350231.69,213704.66,136527.03,348768.82,230109.16
BUD0004031,2026,5,CC0006,PC006,142888.75,95331.58,47557.17,152667.28,98200.0
BUD0004032,2026,3,CC0019,PC009,577054.88,335796.79,241258.09,627000.95,354806.02
BUD0004033,2026,6,CC0004,PC004,620401.92,377176.25,243225.67,649338.13,358887.92
BUD0004034,2025,10,CC0003,PC003,455511.58,317678.59,137832.99,452854.0,316287.03
BUD0004035,2026,9,CC0013,PC003,725856.01,482698.65,243157.36,723406.3,499255.81
BUD0004036,2026,6,CC0004,PC004,53298.8,39284.51,14014.29,53700.05,38376.78
BUD0004037,2025,7,CC0005,PC005,480647.83,339582.37,141065.46,495270.86,359153.79
BUD0004038,2026,12,CC0014,PC004,335190.3,222944.08,112246.22,325582.93,240464.61
BUD0004039,2026,1,CC0005,PC005,602435.65,414142.68,188292.97,605666.33,405884.79
BUD0004040,2025,9,CC0006,PC006,558004.28,325757.11,232247.17,583342.44,342084.31
BUD0004041,2026,7,CC0008,PC008,726388.75,404898.73,321490.02,736399.32,437195.24
BUD0004042,2026,5,CC0006,PC006,112384.44,76799.15,35585.29,113803.22,76215.6
BUD0004043,2026,11,CC0010,PC010,189256.61,133105.45,56151.16,194158.83,142243.4
BUD0004044,2025,9,CC0017,PC007,169846.45,125795.24,44051.21,167557.36,119742.08
BUD0004045,2026,4,CC0002,PC002,143724.55,102435.48,41289.07,150759.48,108981.68
BUD0004046,2026,9,CC0005,PC005,110049.89,66394.58,43655.31,111919.79,64573.95
BUD0004047,2026,2,CC0006,PC006,57165.6,32481.29,24684.31,53867.4,30950.55
BUD0004048,2026,6,CC0005,PC005,215448.79,154919.54,60529.25,204392.48,156968.86
BUD0004049,2025,8,CC0018,PC008,199355.62,132115.52,67240.1,216723.11,126475.9
BUD0004050,2025,4,CC0016,PC006,546211.33,383453.8,162757.53,575334.14,402750.22
BUD0004051,2025,3,CC0015,PC005,718552.49,398037.23,320515.26,765128.01,408722.35
BUD0004052,2026,8,CC0001,PC001,730069.56,430007.09,300062.47,725491.14,462261.38
BUD0004053,2026,6,CC0012,PC002,68136.3,52887.07,15249.23,70212.95,51094.21
BUD0004054,2026,9,CC0007,PC007,601222.22,331402.13,269820.09,613631.68,352315.47
BUD0004055,2026,2,CC0020,PC010,315134.6,216226.89,98907.71,305026.21,232151.64
BUD0004056,2026,1,CC0002,PC002,63799.21,49705.61,14093.6,69522.29,48349.87
BUD0004057,2025,4,CC0014,PC004,555724.34,325305.29,230419.05,547134.17,309827.11
BUD0004058,2025,8,CC0013,PC003,313691.9,197183.94,116507.96,317204.56,204144.74
BUD0004059,2025,12,CC0005,PC005,458682.33,320740.04,137942.29,444930.67,308193.26
BUD0004060,2025,3,CC0001,PC001,734453.22,582890.36,151562.86,765832.64,629235.92
BUD0004061,2025,10,CC0011,PC001,606499.08,469114.06,137385.02,585863.62,492455.87
BUD0004062,2026,8,CC0017,PC007,251974.97,177514.98,74459.99,275694.17,168986.21
BUD0004063,2026,2,CC0020,PC010,565947.79,396083.58,169864.21,588682.48,396118.77
BUD0004064,2025,12,CC0004,PC004,469123.91,293733.95,175389.96,451886.76,289998.6
BUD0004065,2025,6,CC0005,PC005,283786.03,177428.01,106358.02,290820.13,185345.57
BUD0004066,2026,2,CC0005,PC005,678502.28,404385.98,274116.3,700036.28,398892.15
BUD0004067,2026,3,CC0009,PC009,710465.29,566253.66,144211.63,749637.24,571022.24
BUD0004068,2026,9,CC0012,PC002,171304.27,104622.35,66681.92,172209.87,111579.06
BUD0004069,2025,7,CC0011,PC001,533507.89,370226.64,163281.25,524590.8,363746.94
BUD0004070,2026,12,CC0013,PC003,74334.95,53328.87,21006.08,81109.03,57286.59
BUD0004071,2025,7,CC0018,PC008,702984.65,549347.16,153637.49,669219.01,574373.69
BUD0004072,2026,10,CC0002,PC002,697636.2,530097.52,167538.68,762724.33,535633.08
BUD0004073,2026,8,CC0017,PC007,194757.75,155523.9,39233.85,203028.78,164488.39
BUD0004074,2025,11,CC0001,PC001,82212.01,57841.63,24370.38,83244.42,61912.11
BUD0004075,2025,3,CC0001,PC001,283725.13,156858.99,126866.14,284518.82,160356.89
BUD0004076,2026,9,CC0010,PC010,528039.82,365172.48,162867.34,550196.11,374907.35
BUD0004077,2025,12,CC0011,PC001,246722.25,136251.85,110470.4,243081.01,135236.8
BUD0004078,2025,2,CC0019,PC009,369206.33,277105.63,92100.7,371676.5,284004.1
BUD0004079,2025,1,CC0012,PC002,130571.38,102743.12,27828.26,139203.51,102219.16
BUD0004080,2025,11,CC0008,PC008,269365.8,152722.05,116643.75,283631.63,152518.0
BUD0004081,2026,4,CC0020,PC010,237060.68,171398.54,65662.14,237928.41,168688.26
BUD0004082,2026,1,CC0003,PC003,643886.28,480247.45,163638.83,641133.86,494201.65
BUD0004083,2025,10,CC0017,PC007,200958.54,155515.44,45443.1,205434.12,163953.82
BUD0004084,2025,2,CC0004,PC004,489745.31,367498.15,122247.16,527037.07,379452.9
BUD0004085,2026,12,CC0019,PC009,625535.16,425079.85,200455.31,683052.56,457567.95
BUD0004086,2025,1,CC0010,PC010,185533.92,151553.9,33980.02,189971.92,157715.67
BUD0004087,2025,2,CC0016,PC006,269463.22,180220.48,89242.74,287048.93,192556.07
BUD0004088,2026,11,CC0008,PC008,218153.86,127469.8,90684.06,221706.53,136753.51
BUD0004089,2026,11,CC0012,PC002,373113.57,219993.85,153119.72,356025.12,222967.31
BUD0004090,2025,6,CC0010,PC010,541328.63,381015.26,160313.37,533895.45,372915.23
BUD0004091,2026,5,CC0014,PC004,444776.85,285448.18,159328.67,418757.78,292520.2
BUD0004092,2025,12,CC0016,PC006,123492.36,74749.6,48742.76,131943.86,74244.61
BUD0004093,2025,9,CC0003,PC003,742324.23,543780.84,198543.39,810375.42,553967.26
BUD0004094,2025,9,CC0015,PC005,150054.18,102354.63,47699.55,152902.1,97521.17
BUD0004095,2025,11,CC0014,PC004,460991.92,369420.54,91571.38,469217.72,363583.37
BUD0004096,2026,2,CC0006,PC006,348351.23,201583.62,146767.61,345570.34,194924.4
BUD0004097,2025,8,CC0004,PC004,483076.14,303877.62,179198.52,457049.18,309279.4
BUD0004098,2025,9,CC0015,PC005,77499.91,53174.88,24325.03,76274.04,57036.81
BUD0004099,2025,12,CC0003,PC003,124810.79,99300.68,25510.11,135460.01,104519.97
BUD0004100,2025,2,CC0007,PC007,376132.75,252539.22,123593.53,371298.81,240706.36
BUD0004101,2026,5,CC0017,PC007,408341.51,238625.6,169715.91,447464.76,232635.39
BUD0004102,2026,1,CC0018,PC008,433278.43,316646.34,116632.09,437102.03,326121.84
BUD0004103,2026,4,CC0013,PC003,620857.16,368684.78,252172.38,631673.22,397721.29
BUD0004104,2025,6,CC0017,PC007,661134.13,388645.89,272488.24,674845.2,403989.31
BUD0004105,2025,5,CC0017,PC007,132546.73,99852.77,32693.96,129097.01,100090.48
BUD0004106,2025,11,CC0011,PC001,298137.11,242225.36,55911.75,317856.99,244936.68
BUD0004107,2025,4,CC0017,PC007,266537.37,191541.24,74996.13,286570.4,186972.0
BUD0004108,2026,8,CC0003,PC003,61456.58,49715.11,11741.47,59091.46,53352.83
BUD0004109,2025,9,CC0001,PC001,355198.82,238325.55,116873.27,355148.12,254916.08
BUD0004110,2026,5,CC0011,PC001,148942.27,114057.3,34884.97,144129.71,109180.89
BUD0004111,2026,7,CC0008,PC008,241769.74,150754.04,91015.7,254009.63,157666.38
BUD0004112,2026,2,CC0007,PC007,185348.83,149610.69,35738.14,193611.27,160127.56
BUD0004113,2025,12,CC0018,PC008,450889.21,301599.62,149289.59,480113.88,307658.22
BUD0004114,2025,11,CC0009,PC009,420869.25,257278.36,163590.89,456031.83,256336.66
BUD0004115,2026,8,CC0014,PC004,694626.37,494961.77,199664.6,665243.63,524770.6
BUD0004116,2025,7,CC0016,PC006,381973.6,255524.75,126448.85,409708.21,245820.6
BUD0004117,2025,4,CC0001,PC001,334033.93,205121.59,128912.34,327331.11,195696.81
BUD0004118,2026,1,CC0006,PC006,706466.05,542717.64,163748.41,747064.24,559353.8
BUD0004119,2025,9,CC0016,PC006,78855.89,51654.06,27201.83,74845.07,49234.14
BUD0004120,2025,2,CC0005,PC005,373701.86,226252.01,147449.85,368478.03,232026.54
BUD0004121,2026,6,CC0009,PC009,738892.49,514514.02,224378.47,801355.35,539861.63
BUD0004122,2026,4,CC0006,PC006,124098.4,83294.64,40803.76,135418.05,83754.53
BUD0004123,2026,7,CC0016,PC006,493683.97,352934.63,140749.34,510095.73,364774.96
BUD0004124,2026,2,CC0019,PC009,232939.71,182784.74,50154.97,227850.91,193521.24
BUD0004125,2025,11,CC0006,PC006,146754.31,116450.45,30303.86,152975.72,122490.57
BUD0004126,2026,11,CC0003,PC003,680206.3,536664.98,143541.32,727278.2,565244.28
BUD0004127,2026,12,CC0020,PC010,545737.17,433280.33,112456.84,547891.35,450424.34
BUD0004128,2026,7,CC0007,PC007,612147.8,355931.87,256215.93,667802.8,381739.22
BUD0004129,2026,11,CC0010,PC010,223419.34,147571.39,75847.95,213348.12,146864.73
BUD0004130,2025,11,CC0001,PC001,398967.42,273012.23,125955.19,395765.14,267826.51
BUD0004131,2026,11,CC0003,PC003,61100.36,37111.05,23989.31,65877.44,39859.13
BUD0004132,2025,7,CC0014,PC004,573285.47,397303.11,175982.36,613280.57,398573.18
BUD0004133,2026,12,CC0014,PC004,684079.37,395435.56,288643.81,695078.54,388962.46
BUD0004134,2025,2,CC0020,PC010,638191.52,469693.52,168498.0,683917.84,466186.06
BUD0004135,2025,3,CC0017,PC007,486733.25,285462.23,201271.02,503819.95,298665.97
BUD0004136,2025,2,CC0008,PC008,81844.57,65427.74,16416.83,86581.97,65773.9
BUD0004137,2026,8,CC0012,PC002,474764.06,279421.66,195342.4,505107.56,283553.08
BUD0004138,2026,9,CC0014,PC004,153827.49,96822.29,57005.2,154920.93,94915.39
BUD0004139,2025,3,CC0009,PC009,200414.27,147848.87,52565.4,203154.73,156771.09
BUD0004140,2025,4,CC0018,PC008,171633.25,100717.76,70915.49,167782.15,101775.56
BUD0004141,2026,12,CC0018,PC008,698887.84,453460.22,245427.62,719126.14,460785.79
BUD0004142,2026,4,CC0012,PC002,85810.12,55897.04,29913.08,83015.31,56474.57
BUD0004143,2026,2,CC0018,PC008,609893.41,373103.43,236789.98,612582.74,397361.79
BUD0004144,2026,3,CC0012,PC002,590949.18,431783.46,159165.72,562218.44,416781.73
BUD0004145,2026,6,CC0002,PC002,562374.71,312885.02,249489.69,548382.3,337789.41
BUD0004146,2025,6,CC0008,PC008,426696.56,310502.18,116194.38,453091.84,334133.71
BUD0004147,2025,7,CC0013,PC003,591485.23,373942.12,217543.11,579532.62,356601.8
BUD0004148,2026,2,CC0012,PC002,65542.7,48054.48,17488.22,67117.17,49307.97
BUD0004149,2025,7,CC0019,PC009,168686.43,98313.26,70373.17,163482.28,95525.93
BUD0004150,2025,1,CC0011,PC001,726565.51,492415.39,234150.12,730327.5,517219.61
BUD0004151,2025,10,CC0003,PC003,54747.34,40975.36,13771.98,56737.49,38981.5
BUD0004152,2025,11,CC0007,PC007,409066.77,292944.04,116122.73,442290.79,289345.7
BUD0004153,2026,2,CC0011,PC001,252937.21,153296.16,99641.05,277835.18,153071.04
BUD0004154,2026,2,CC0004,PC004,70886.4,44784.5,26101.9,76403.52,43934.15
BUD0004155,2026,4,CC0010,PC010,403270.73,303837.56,99433.17,395658.97,317466.76
BUD0004156,2026,11,CC0016,PC006,410121.0,257783.93,152337.07,422946.03,253927.48
BUD0004157,2026,4,CC0014,PC004,686675.1,378657.68,308017.42,661299.41,405527.08
BUD0004158,2026,7,CC0003,PC003,738192.08,471008.11,267183.97,749608.85,488536.73
BUD0004159,2025,11,CC0004,PC004,343597.88,190549.54,153048.34,348650.58,195275.37
BUD0004160,2026,3,CC0006,PC006,160739.85,126569.03,34170.82,165353.5,134552.54
BUD0004161,2026,1,CC0010,PC010,355358.53,230642.24,124716.29,363248.57,226496.22
BUD0004162,2026,6,CC0018,PC008,251201.41,153122.92,98078.49,243969.62,145975.63
BUD0004163,2026,1,CC0018,PC008,629021.47,356506.73,272514.74,638204.61,345167.1
BUD0004164,2025,8,CC0002,PC002,425663.61,300260.39,125403.22,439512.44,309212.53
BUD0004165,2025,11,CC0009,PC009,147320.43,111305.73,36014.7,153515.28,117591.56
BUD0004166,2026,1,CC0014,PC004,399110.91,258455.7,140655.21,401458.4,246006.56
BUD0004167,2025,8,CC0011,PC001,534096.78,378476.15,155620.63,559150.3,407974.18
BUD0004168,2026,9,CC0014,PC004,355001.76,211953.56,143048.2,378976.38,215212.82
BUD0004169,2026,4,CC0014,PC004,661210.28,478850.28,182360.0,708201.57,458470.36
BUD0004170,2026,9,CC0011,PC001,352665.9,203670.95,148994.95,358999.26,194653.79
BUD0004171,2025,5,CC0003,PC003,500741.52,285512.02,215229.5,484134.42,285574.45
BUD0004172,2026,8,CC0004,PC004,350927.74,283631.12,67296.62,345584.84,290889.74
BUD0004173,2025,10,CC0003,PC003,707025.57,409765.52,297260.05,688384.29,432975.6
BUD0004174,2026,11,CC0004,PC004,203298.1,156181.51,47116.59,192805.55,160655.13
BUD0004175,2026,10,CC0013,PC003,279732.54,173380.75,106351.79,297890.91,166128.27
BUD0004176,2025,5,CC0001,PC001,188702.04,108029.54,80672.5,182459.96,108538.49
BUD0004177,2026,3,CC0012,PC002,462997.04,310564.33,152432.71,480112.22,327982.54
BUD0004178,2026,7,CC0006,PC006,303375.37,181202.87,122172.5,323358.14,185762.06
BUD0004179,2026,1,CC0018,PC008,742356.13,475876.41,266479.72,709946.36,482280.52
BUD0004180,2025,5,CC0018,PC008,193737.31,116821.11,76916.2,186833.11,121466.38
BUD0004181,2026,9,CC0008,PC008,670375.58,487283.22,183092.36,630674.38,511861.68
BUD0004182,2025,11,CC0001,PC001,670437.11,393561.68,276875.43,717936.75,420072.41
BUD0004183,2025,10,CC0008,PC008,74982.29,43806.52,31175.77,79801.44,47200.9
BUD0004184,2025,8,CC0008,PC008,287997.85,188037.11,99960.74,287916.98,192773.23
BUD0004185,2026,4,CC0006,PC006,600104.02,422805.93,177298.09,583768.72,448292.82
BUD0004186,2025,2,CC0004,PC004,631188.38,432224.23,198964.15,630685.54,420823.3
BUD0004187,2025,3,CC0008,PC008,550062.25,404106.28,145955.97,593767.01,436337.17
BUD0004188,2025,11,CC0018,PC008,202194.93,135075.52,67119.41,219598.44,132309.6
BUD0004189,2025,6,CC0019,PC009,462412.62,318375.44,144037.18,446927.42,343755.07
BUD0004190,2026,3,CC0006,PC006,243981.36,160191.03,83790.33,250333.41,159378.52
BUD0004191,2026,2,CC0009,PC009,418586.99,247580.96,171006.03,426242.56,247357.54
BUD0004192,2026,2,CC0003,PC003,545173.68,431545.21,113628.47,539315.47,442904.1
BUD0004193,2026,6,CC0008,PC008,480171.61,297456.03,182715.58,484580.75,288273.62
BUD0004194,2025,2,CC0006,PC006,149405.89,96720.91,52684.98,157897.71,93523.2
BUD0004195,2026,10,CC0004,PC004,724031.66,427308.26,296723.4,713269.42,435380.2
BUD0004196,2025,10,CC0018,PC008,716393.75,513192.06,203201.69,727056.41,549784.44
BUD0004197,2026,6,CC0009,PC009,595426.64,403683.49,191743.15,586242.45,423736.9
BUD0004198,2026,1,CC0020,PC010,121950.51,82255.09,39695.42,130446.93,80579.59
BUD0004199,2025,4,CC0019,PC009,749745.8,416049.31,333696.49,753554.88,421889.75
BUD0004200,2025,5,CC0011,PC001,599233.96,445515.06,153718.9,650140.79,467325.67
BUD0004201,2026,8,CC0015,PC005,221338.05,153700.04,67638.01,210703.45,162269.72
BUD0004202,2026,7,CC0004,PC004,343739.73,214817.68,128922.05,343480.41,204631.31
BUD0004203,2026,6,CC0012,PC002,157531.66,109748.99,47782.67,161929.39,112122.41
BUD0004204,2025,8,CC0012,PC002,288179.1,177322.75,110856.35,276533.5,173071.16
BUD0004205,2025,9,CC0010,PC010,597951.47,391713.66,206237.81,591319.63,372985.95
BUD0004206,2025,9,CC0015,PC005,276605.83,198588.0,78017.83,262892.7,189384.97
BUD0004207,2025,12,CC0005,PC005,113465.55,83075.44,30390.11,115299.05,81533.63
BUD0004208,2025,1,CC0019,PC009,274226.92,219436.51,54790.41,271906.68,228932.49
BUD0004209,2025,9,CC0007,PC007,433352.4,329499.69,103852.71,414377.68,326779.68
BUD0004210,2025,7,CC0006,PC006,624621.0,413817.37,210803.63,630346.55,419319.27
BUD0004211,2025,8,CC0017,PC007,170198.73,100976.75,69221.98,164376.71,106020.04
BUD0004212,2026,9,CC0015,PC005,61954.41,35875.09,26079.32,66443.2,35378.14
BUD0004213,2026,2,CC0017,PC007,303220.37,234231.0,68989.37,303533.22,249120.5
BUD0004214,2025,2,CC0017,PC007,612031.64,457785.92,154245.72,671183.72,459710.24
BUD0004215,2026,4,CC0013,PC003,620155.04,504713.7,115441.34,594104.04,514036.94
BUD0004216,2025,10,CC0004,PC004,602736.22,438047.06,164689.16,574493.66,467759.11
BUD0004217,2025,11,CC0017,PC007,627884.27,470006.19,157878.08,682188.39,486593.21
BUD0004218,2026,1,CC0007,PC007,61465.49,38797.65,22667.84,65905.64,39216.11
BUD0004219,2025,2,CC0005,PC005,58351.55,35013.87,23337.68,59207.9,35200.61
BUD0004220,2025,1,CC0006,PC006,251137.94,152238.34,98899.6,270886.31,156657.01
BUD0004221,2025,5,CC0011,PC001,345955.17,235330.7,110624.47,343602.81,234148.51
BUD0004222,2025,8,CC0008,PC008,69431.66,46576.02,22855.64,73635.42,46099.81
BUD0004223,2025,3,CC0019,PC009,285077.32,190383.14,94694.18,287524.06,202348.1
BUD0004224,2026,7,CC0005,PC005,583226.89,351112.19,232114.7,575766.83,336731.53
BUD0004225,2026,1,CC0009,PC009,532829.66,399197.09,133632.57,561980.73,391011.29
BUD0004226,2026,9,CC0016,PC006,243456.2,163887.72,79568.48,246431.64,165532.66
BUD0004227,2025,11,CC0009,PC009,182741.71,108514.7,74227.01,182477.37,114570.47
BUD0004228,2026,9,CC0008,PC008,650919.24,454969.05,195950.19,701557.4,451841.89
BUD0004229,2025,6,CC0017,PC007,228171.35,159425.7,68745.65,238035.41,170703.11
BUD0004230,2026,11,CC0014,PC004,496943.26,395728.68,101214.58,490368.24,384338.01
BUD0004231,2025,1,CC0008,PC008,691532.21,438392.91,253139.3,739471.25,449628.81
BUD0004232,2026,11,CC0002,PC002,454345.26,344193.8,110151.46,484610.83,363524.42
BUD0004233,2026,10,CC0012,PC002,387249.23,301820.87,85428.36,394150.76,311766.12
BUD0004234,2025,3,CC0004,PC004,634518.48,448658.5,185859.98,604943.93,481817.84
BUD0004235,2026,12,CC0010,PC010,458802.77,278417.18,180385.59,439160.85,274733.14
BUD0004236,2025,4,CC0013,PC003,650856.9,479069.88,171787.02,653502.19,513623.11
BUD0004237,2026,9,CC0010,PC010,363295.66,208731.47,154564.19,370439.87,215461.97
BUD0004238,2025,12,CC0004,PC004,544989.19,437253.79,107735.4,551154.98,467515.08
BUD0004239,2025,1,CC0006,PC006,715969.02,400206.27,315762.75,722152.8,404482.44
BUD0004240,2026,9,CC0009,PC009,390684.55,301098.75,89585.8,371319.73,300432.91
BUD0004241,2026,8,CC0020,PC010,368428.06,221481.81,146946.25,387724.24,212305.59
BUD0004242,2026,2,CC0001,PC001,400942.56,269341.12,131601.44,396984.09,288089.66
BUD0004243,2025,6,CC0020,PC010,446834.13,250153.59,196680.54,462940.24,250021.78
BUD0004244,2025,1,CC0016,PC006,702603.67,470502.81,232100.86,720547.96,458437.32
BUD0004245,2026,5,CC0004,PC004,208310.63,166755.34,41555.29,215803.61,166615.98
BUD0004246,2025,11,CC0004,PC004,440553.69,353927.91,86625.78,437060.8,357174.73
BUD0004247,2026,5,CC0017,PC007,324298.2,215670.9,108627.3,316156.11,212996.62
BUD0004248,2026,4,CC0017,PC007,304800.96,184861.59,119939.37,331257.1,177753.75
BUD0004249,2026,1,CC0013,PC003,180378.47,136218.3,44160.17,188488.99,142982.7
BUD0004250,2025,2,CC0008,PC008,548047.75,354630.92,193416.83,590877.99,345951.17
BUD0004251,2025,8,CC0005,PC005,192214.48,115338.85,76875.63,191113.68,114192.8
BUD0004252,2025,11,CC0005,PC005,570758.21,402868.79,167889.42,576458.11,416014.15
BUD0004253,2026,9,CC0020,PC010,115287.5,90197.46,25090.04,123915.28,96964.64
BUD0004254,2026,10,CC0002,PC002,739622.87,415458.01,324164.86,698951.59,401330.05
BUD0004255,2025,6,CC0005,PC005,269977.74,188546.89,81430.85,265608.21,182038.06
BUD0004256,2025,5,CC0016,PC006,461757.27,300351.62,161405.65,478925.79,294832.67
BUD0004257,2025,12,CC0010,PC010,517937.27,331058.21,186879.06,525802.84,344506.71
BUD0004258,2026,12,CC0012,PC002,460378.97,314831.42,145547.55,478585.51,310697.94
BUD0004259,2025,7,CC0016,PC006,724526.91,541165.86,183361.05,724139.47,580230.35
BUD0004260,2025,1,CC0002,PC002,117919.56,80188.11,37731.45,126013.23,81185.84
BUD0004261,2026,10,CC0010,PC010,189053.24,139070.81,49982.43,189722.03,144209.24
BUD0004262,2026,3,CC0010,PC010,702770.1,397873.56,304896.54,723763.92,423582.91
BUD0004263,2025,2,CC0002,PC002,486699.25,361565.77,125133.48,512334.31,368171.56
BUD0004264,2025,10,CC0010,PC010,527356.79,337675.34,189681.45,499711.81,342193.01
BUD0004265,2025,9,CC0003,PC003,183293.35,101553.96,81739.39,184728.69,107936.25
BUD0004266,2025,2,CC0008,PC008,72651.57,55496.68,17154.89,77691.87,53298.29
BUD0004267,2026,1,CC0008,PC008,250827.57,178209.57,72618.0,252235.2,174336.17
BUD0004268,2026,8,CC0015,PC005,363399.17,263376.71,100022.46,390474.15,281063.85
BUD0004269,2025,7,CC0010,PC010,491039.56,323277.75,167761.81,476597.58,345763.63
BUD0004270,2026,4,CC0018,PC008,315544.68,191990.14,123554.54,318351.79,191671.69
BUD0004271,2025,9,CC0011,PC001,651049.76,444920.34,206129.42,653149.07,473753.25
BUD0004272,2026,4,CC0009,PC009,291417.23,181524.79,109892.44,280217.56,184275.96
BUD0004273,2026,10,CC0012,PC002,498969.02,346226.47,152742.55,511460.07,366542.81
BUD0004274,2025,1,CC0006,PC006,344254.75,277689.34,66565.41,359156.0,287541.68
BUD0004275,2025,8,CC0006,PC006,157642.23,88954.16,68688.07,171558.0,89928.7
BUD0004276,2026,11,CC0002,PC002,317378.96,196639.32,120739.64,330439.9,192057.59
BUD0004277,2026,5,CC0007,PC007,134871.53,109693.59,25177.94,147126.69,115432.84
BUD0004278,2026,6,CC0013,PC003,619448.84,491551.21,127897.63,661199.29,487181.87
BUD0004279,2025,5,CC0019,PC009,722063.77,539500.79,182562.98,712749.62,574224.13
BUD0004280,2025,6,CC0007,PC007,537174.21,437550.68,99623.53,513168.97,424392.12
BUD0004281,2025,2,CC0011,PC001,147424.68,110083.14,37341.54,145318.94,118819.36
BUD0004282,2025,11,CC0014,PC004,249397.02,155976.73,93420.29,274102.24,151482.0
BUD0004283,2026,8,CC0012,PC002,571288.19,409983.83,161304.36,623853.66,404999.69
BUD0004284,2026,2,CC0018,PC008,164865.4,131162.99,33702.41,159937.7,127944.73
BUD0004285,2025,5,CC0006,PC006,463161.28,318645.6,144515.68,508014.86,341247.7
BUD0004286,2026,10,CC0004,PC004,512726.75,321548.31,191178.44,543985.55,331276.13
BUD0004287,2025,7,CC0005,PC005,652985.99,452398.76,200587.23,690659.23,445059.43
BUD0004288,2026,3,CC0012,PC002,475763.76,321203.94,154559.82,456240.6,319954.38
BUD0004289,2025,5,CC0001,PC001,305365.26,199210.48,106154.78,335090.38,209133.93
BUD0004290,2025,11,CC0020,PC010,424924.82,246601.03,178323.79,452387.53,248659.21
BUD0004291,2026,7,CC0018,PC008,214381.54,162188.26,52193.28,214594.63,168028.17
BUD0004292,2025,6,CC0005,PC005,528405.06,395615.8,132789.26,568555.3,386158.44
BUD0004293,2025,4,CC0004,PC004,138604.9,82462.53,56142.37,131006.1,80433.31
BUD0004294,2026,12,CC0005,PC005,613348.86,420253.9,193094.96,603554.77,427870.9
BUD0004295,2026,4,CC0007,PC007,194953.29,154106.07,40847.22,212678.95,155252.52
BUD0004296,2026,2,CC0002,PC002,586417.33,383134.69,203282.64,632992.81,371118.93
BUD0004297,2026,4,CC0001,PC001,625362.3,418882.6,206479.7,596592.84,425224.21
BUD0004298,2026,11,CC0010,PC010,295136.8,211037.69,84099.11,310760.46,208693.07
BUD0004299,2025,7,CC0014,PC004,249545.86,139027.15,110518.71,245397.29,135297.73
BUD0004300,2026,2,CC0006,PC006,606025.73,360160.01,245865.72,664827.37,350676.13
BUD0004301,2026,10,CC0008,PC008,438531.19,267182.16,171349.03,473191.75,262576.53
BUD0004302,2026,7,CC0015,PC005,403137.78,283203.6,119934.18,413436.74,300075.16
BUD0004303,2026,4,CC0011,PC001,549522.05,336872.0,212650.05,556443.32,323922.02
BUD0004304,2026,1,CC0002,PC002,344129.28,279809.1,64320.18,366324.23,272606.25
BUD0004305,2026,8,CC0005,PC005,90311.76,56469.77,33841.99,95881.57,55309.23
BUD0004306,2025,5,CC0018,PC008,318681.88,209528.09,109153.79,303125.58,225883.36
BUD0004307,2026,3,CC0006,PC006,76516.57,58388.91,18127.66,74229.29,55514.74
BUD0004308,2025,1,CC0016,PC006,469409.86,382310.95,87098.91,490554.6,364565.26
BUD0004309,2026,2,CC0019,PC009,659425.07,433181.48,226243.59,684210.89,414042.82
BUD0004310,2025,10,CC0006,PC006,487053.65,291220.03,195833.62,495575.85,301899.65
BUD0004311,2026,6,CC0009,PC009,714601.53,458961.17,255640.36,732702.89,439311.52
BUD0004312,2026,9,CC0003,PC003,117743.5,88962.14,28781.36,112139.34,93007.42
BUD0004313,2026,1,CC0009,PC009,339147.78,221594.35,117553.43,368139.55,238726.83
BUD0004314,2026,2,CC0006,PC006,325018.98,211760.05,113258.93,351255.48,220938.57
BUD0004315,2025,9,CC0018,PC008,490101.48,288903.0,201198.48,492487.3,299410.66
BUD0004316,2026,3,CC0019,PC009,183031.2,142893.64,40137.56,188081.1,142330.27
BUD0004317,2025,9,CC0018,PC008,129528.59,102719.75,26808.84,124930.3,99196.23
BUD0004318,2025,11,CC0006,PC006,50767.76,40139.34,10628.42,51178.98,41981.73
BUD0004319,2026,7,CC0001,PC001,158849.11,102773.69,56075.42,151228.72,98331.4
BUD0004320,2025,6,CC0005,PC005,705936.8,549110.53,156826.27,681523.02,522471.05
BUD0004321,2025,11,CC0009,PC009,313539.5,189266.26,124273.24,340299.23,197292.03
BUD0004322,2025,6,CC0012,PC002,728933.83,595948.55,132985.28,706737.05,607444.58
BUD0004323,2026,4,CC0018,PC008,62451.19,35373.13,27078.06,59419.85,36426.97
BUD0004324,2026,9,CC0010,PC010,365713.58,290166.3,75547.28,353428.23,297487.22
BUD0004325,2025,10,CC0020,PC010,402422.79,287580.34,114842.45,392900.43,281199.78
BUD0004326,2025,6,CC0019,PC009,331292.45,230290.18,101002.27,344691.48,237605.87
BUD0004327,2025,1,CC0016,PC006,650362.65,380479.52,269883.13,664387.15,396869.7
BUD0004328,2025,12,CC0013,PC003,503155.75,352189.78,150965.97,476421.7,358103.5
BUD0004329,2025,8,CC0002,PC002,236048.59,131328.65,104719.94,255492.19,127628.13
BUD0004330,2025,7,CC0014,PC004,550767.42,316506.48,234260.94,591305.8,321346.54
BUD0004331,2025,1,CC0018,PC008,661309.68,515061.68,146248.0,674000.54,520699.79
BUD0004332,2026,1,CC0017,PC007,177192.28,101817.25,75375.03,178054.07,103655.67
BUD0004333,2025,8,CC0011,PC001,395640.27,271222.88,124417.39,432627.8,263243.01
BUD0004334,2026,9,CC0019,PC009,600966.07,412341.59,188624.48,581141.23,404292.36
BUD0004335,2026,10,CC0019,PC009,232056.8,128767.13,103289.67,233641.52,138946.32
BUD0004336,2026,5,CC0005,PC005,210657.83,134922.62,75735.21,210259.83,131472.63
BUD0004337,2026,8,CC0001,PC001,305314.97,237988.34,67326.63,315187.62,246048.19
BUD0004338,2025,4,CC0017,PC007,103521.83,75216.43,28305.4,97754.76,74463.13
BUD0004339,2026,2,CC0004,PC004,627687.64,369890.8,257796.84,677984.91,373941.44
BUD0004340,2026,5,CC0017,PC007,257516.95,148122.27,109394.68,278261.9,149890.78
BUD0004341,2026,3,CC0018,PC008,163071.66,102441.99,60629.67,156555.14,108952.38
BUD0004342,2026,1,CC0006,PC006,85366.82,59783.18,25583.64,83675.83,63271.75
BUD0004343,2025,9,CC0018,PC008,577013.77,351890.09,225123.68,610395.56,341102.59
BUD0004344,2026,3,CC0013,PC003,309221.02,235385.47,73835.55,310962.97,249374.44
BUD0004345,2025,8,CC0008,PC008,656192.13,386688.02,269504.11,705312.34,376421.99
BUD0004346,2025,4,CC0008,PC008,427685.87,269139.6,158546.27,442411.38,281570.35
BUD0004347,2026,12,CC0009,PC009,292014.01,224781.84,67232.17,285511.83,233385.0
BUD0004348,2025,1,CC0012,PC002,55646.46,32941.99,22704.47,58028.08,33989.42
BUD0004349,2026,9,CC0010,PC010,451496.32,277716.4,173779.92,486377.27,290466.77
BUD0004350,2026,5,CC0018,PC008,469091.34,381526.26,87565.08,496363.73,389946.33
BUD0004351,2026,4,CC0006,PC006,140468.9,105887.85,34581.05,150698.14,110994.53
BUD0004352,2025,6,CC0009,PC009,329357.14,213489.53,115867.61,331696.67,205388.51
BUD0004353,2026,10,CC0008,PC008,672433.09,450593.07,221840.02,636233.96,462521.62
BUD0004354,2026,4,CC0002,PC002,698472.64,457519.86,240952.78,732324.44,442606.27
BUD0004355,2026,12,CC0001,PC001,601905.92,414423.2,187482.72,624383.34,436173.29
BUD0004356,2026,10,CC0006,PC006,339408.93,191335.25,148073.68,345899.12,194789.28
BUD0004357,2026,10,CC0006,PC006,599025.91,485284.2,113741.71,648218.19,508589.32
BUD0004358,2026,7,CC0020,PC010,470427.66,279897.66,190530.0,494801.75,294474.27
BUD0004359,2025,5,CC0003,PC003,400036.06,297409.45,102626.61,385252.54,319679.23
BUD0004360,2025,11,CC0019,PC009,639689.55,431153.03,208536.52,666944.45,440531.92
BUD0004361,2026,4,CC0016,PC006,694151.54,504101.58,190049.96,732151.11,539533.54
BUD0004362,2026,4,CC0018,PC008,710573.83,462126.42,248447.41,693665.69,479723.04
BUD0004363,2026,1,CC0003,PC003,661817.57,431099.79,230717.78,634531.53,464094.46
BUD0004364,2026,3,CC0014,PC004,530230.0,371678.92,158551.08,573643.67,368982.89
BUD0004365,2025,10,CC0020,PC010,495234.43,280629.71,214604.72,509401.65,271073.1
BUD0004366,2026,9,CC0012,PC002,56234.48,32253.35,23981.13,60814.43,34715.38
BUD0004367,2026,1,CC0009,PC009,421665.18,240110.65,181554.53,403876.6,236866.45
BUD0004368,2025,5,CC0012,PC002,487102.27,321717.76,165384.51,465125.58,306197.07
BUD0004369,2025,2,CC0006,PC006,545419.58,425136.46,120283.12,550221.63,416622.88
BUD0004370,2025,4,CC0006,PC006,539926.28,297248.46,242677.82,583146.19,316710.1
BUD0004371,2026,5,CC0001,PC001,445371.77,262236.45,183135.32,438758.53,279010.37
BUD0004372,2025,2,CC0019,PC009,83601.19,61814.23,21786.96,89275.87,65270.88
BUD0004373,2026,8,CC0015,PC005,421877.11,291122.09,130755.02,400022.5,282341.59
BUD0004374,2025,12,CC0013,PC003,404866.5,265906.27,138960.23,382637.85,261529.26
BUD0004375,2025,11,CC0005,PC005,337139.39,202149.13,134990.26,362280.11,193738.65
BUD0004376,2026,9,CC0014,PC004,520711.55,327249.38,193462.17,558523.08,334257.26
BUD0004377,2025,2,CC0011,PC001,375501.42,276483.58,99017.84,397608.69,262891.1
BUD0004378,2026,6,CC0013,PC003,452288.78,363970.63,88318.15,446153.94,349130.35
BUD0004379,2026,8,CC0019,PC009,363789.17,286815.22,76973.95,381955.59,283954.04
BUD0004380,2025,5,CC0002,PC002,672154.29,531409.01,140745.28,695567.82,541893.79
BUD0004381,2025,7,CC0019,PC009,507186.9,289007.83,218179.07,523849.19,298302.17
BUD0004382,2025,1,CC0001,PC001,157889.56,122873.88,35015.68,157559.86,121618.26
BUD0004383,2025,12,CC0012,PC002,615107.94,485019.26,130088.68,663581.8,464789.05
BUD0004384,2025,5,CC0003,PC003,548754.55,405888.6,142865.95,538123.65,435794.29
BUD0004385,2025,10,CC0008,PC008,688835.66,462303.51,226532.15,752255.71,480279.33
BUD0004386,2026,10,CC0003,PC003,337585.91,263417.24,74168.67,359856.0,255480.29
BUD0004387,2025,3,CC0005,PC005,269983.66,197932.52,72051.14,260394.0,203570.61
BUD0004388,2026,11,CC0014,PC004,82844.33,46622.63,36221.7,86764.28,47092.3
BUD0004389,2026,11,CC0001,PC001,647740.45,398478.64,249261.81,673757.43,411328.25
BUD0004390,2026,3,CC0005,PC005,651552.26,391572.29,259979.97,632610.17,377979.44
BUD0004391,2025,12,CC0007,PC007,144576.53,112068.82,32507.71,147427.85,118837.6
BUD0004392,2025,6,CC0005,PC005,721581.81,502051.54,219530.27,686588.42,507725.52
BUD0004393,2026,12,CC0005,PC005,219455.52,176436.26,43019.26,233614.38,182109.37
BUD0004394,2025,10,CC0020,PC010,333318.3,213687.38,119630.92,342989.86,205945.78
BUD0004395,2026,11,CC0018,PC008,749139.93,414410.55,334729.38,816362.19,406067.63
BUD0004396,2025,11,CC0003,PC003,532260.21,397717.4,134542.81,554246.75,420748.95
BUD0004397,2025,12,CC0008,PC008,283039.99,207197.63,75842.36,288800.74,217764.24
BUD0004398,2026,11,CC0001,PC001,180089.25,104043.87,76045.38,195646.53,100087.2
BUD0004399,2026,12,CC0005,PC005,284023.26,173605.01,110418.25,283479.77,171286.72
BUD0004400,2026,11,CC0010,PC010,729442.56,494175.11,235267.45,763102.77,486891.02
BUD0004401,2025,10,CC0013,PC003,82270.1,48325.34,33944.76,82242.21,46032.75
BUD0004402,2026,2,CC0010,PC010,267481.52,159827.82,107653.7,258315.6,168442.73
BUD0004403,2026,7,CC0011,PC001,602083.03,423011.88,179071.15,632828.02,434070.55
BUD0004404,2026,9,CC0001,PC001,60540.54,40396.25,20144.29,66493.91,41610.84
BUD0004405,2026,4,CC0017,PC007,662154.57,501398.25,160756.32,644948.17,483177.04
BUD0004406,2026,6,CC0020,PC010,187642.4,140408.87,47233.53,179937.05,141820.03
BUD0004407,2025,11,CC0008,PC008,564403.12,410360.86,154042.26,547341.59,421047.95
BUD0004408,2025,6,CC0018,PC008,128941.8,88863.23,40078.57,128602.53,86833.07
BUD0004409,2026,6,CC0010,PC010,644681.43,525487.78,119193.65,648450.31,502439.31
BUD0004410,2026,8,CC0004,PC004,179574.33,129400.24,50174.09,171222.98,138572.05
BUD0004411,2026,1,CC0018,PC008,363061.7,255578.85,107482.85,360636.63,263681.59
BUD0004412,2026,2,CC0001,PC001,369292.48,239586.51,129705.97,398662.39,227989.2
BUD0004413,2026,4,CC0016,PC006,689502.23,531823.88,157678.35,731348.04,563348.94
BUD0004414,2026,3,CC0003,PC003,175771.28,142356.59,33414.69,191837.03,142976.65
BUD0004415,2025,1,CC0015,PC005,314048.28,205847.87,108200.41,315844.08,208828.96
BUD0004416,2026,12,CC0011,PC001,113575.09,68119.24,45455.85,119405.16,65736.15
BUD0004417,2025,2,CC0019,PC009,92301.25,51560.04,40741.21,90910.04,50534.44
BUD0004418,2025,5,CC0011,PC001,344020.47,280453.43,63567.04,329933.4,291545.54
BUD0004419,2025,9,CC0018,PC008,264012.74,170791.33,93221.41,288271.47,164282.36
BUD0004420,2025,8,CC0017,PC007,267079.9,208719.52,58360.38,265666.51,202547.49
BUD0004421,2026,1,CC0003,PC003,261691.24,175742.31,85948.93,271293.62,167960.61
BUD0004422,2025,2,CC0013,PC003,643211.85,394732.98,248478.87,639330.12,389477.21
BUD0004423,2025,5,CC0019,PC009,300074.41,198923.76,101150.65,283009.34,208783.84
BUD0004424,2025,9,CC0017,PC007,233451.53,160760.43,72691.1,256238.3,161471.14
BUD0004425,2025,12,CC0002,PC002,641880.95,497847.23,144033.72,698543.3,491528.39
BUD0004426,2025,11,CC0016,PC006,191064.73,124812.65,66252.08,192007.97,121888.3
BUD0004427,2025,11,CC0015,PC005,585403.65,359392.56,226011.09,628100.36,369332.34
BUD0004428,2025,6,CC0015,PC005,52556.0,33445.1,19110.9,55331.2,31903.23
BUD0004429,2026,10,CC0002,PC002,647748.64,390465.14,257283.5,628837.02,382461.71
BUD0004430,2025,4,CC0006,PC006,432227.87,335656.93,96570.94,455300.33,353152.33
BUD0004431,2025,3,CC0001,PC001,294319.41,175078.46,119240.95,293737.64,175714.01
BUD0004432,2026,8,CC0018,PC008,376257.5,276732.93,99524.57,366045.95,286654.3
BUD0004433,2026,1,CC0020,PC010,406042.73,237879.67,168163.06,444448.3,242491.74
BUD0004434,2025,5,CC0015,PC005,111208.26,84457.9,26750.36,108104.94,88425.21
BUD0004435,2025,1,CC0005,PC005,552175.1,380275.77,171899.33,554244.75,371799.19
BUD0004436,2025,4,CC0016,PC006,622933.92,377239.41,245694.51,680086.99,377920.51
BUD0004437,2026,3,CC0004,PC004,258555.23,151559.77,106995.46,283037.37,159156.53
BUD0004438,2025,6,CC0002,PC002,120859.08,96274.18,24584.9,119124.91,92501.11
BUD0004439,2025,5,CC0009,PC009,258747.28,169927.09,88820.19,261569.01,167218.37
BUD0004440,2026,1,CC0018,PC008,725999.4,429412.92,296586.48,764386.88,453138.5
BUD0004441,2025,10,CC0012,PC002,517651.02,397921.74,119729.28,515058.05,415953.83
BUD0004442,2026,12,CC0001,PC001,252349.27,161189.6,91159.67,240045.54,167955.92
BUD0004443,2025,9,CC0003,PC003,332373.28,189443.71,142929.57,343662.82,200085.06
BUD0004444,2025,7,CC0005,PC005,430819.62,286258.73,144560.89,426061.44,287318.49
BUD0004445,2025,12,CC0014,PC004,470959.99,337606.75,133353.24,491362.81,351352.95
BUD0004446,2025,3,CC0011,PC001,546563.02,388407.62,158155.4,560507.64,371836.62
BUD0004447,2026,4,CC0007,PC007,545518.6,347543.85,197974.75,564235.64,331707.93
BUD0004448,2026,4,CC0006,PC006,82184.92,50770.38,31414.54,86622.87,54477.11
BUD0004449,2025,2,CC0005,PC005,86358.61,68707.24,17651.37,94779.74,66213.32
BUD0004450,2026,8,CC0009,PC009,343392.22,211089.05,132303.17,324021.67,200675.69
BUD0004451,2025,4,CC0009,PC009,717373.83,556368.43,161005.4,693466.73,539349.12
BUD0004452,2026,12,CC0016,PC006,290061.95,209880.67,80181.28,284110.53,210417.79
BUD0004453,2026,5,CC0016,PC006,334714.02,198765.07,135948.95,339533.57,213288.49
BUD0004454,2025,7,CC0013,PC003,185391.54,151229.5,34162.04,184575.49,156492.23
BUD0004455,2026,12,CC0012,PC002,739440.51,527781.57,211658.94,751763.7,530189.71
BUD0004456,2026,11,CC0016,PC006,426841.18,242195.99,184645.19,464601.6,245540.85
BUD0004457,2026,6,CC0012,PC002,421288.58,318144.82,103143.76,461889.12,334737.69
BUD0004458,2026,6,CC0018,PC008,256553.76,179880.97,76672.79,273013.54,172670.43
BUD0004459,2026,8,CC0008,PC008,630150.57,483984.86,146165.71,626903.88,512181.83
BUD0004460,2025,9,CC0004,PC004,109467.4,69922.71,39544.69,119898.65,67792.65
BUD0004461,2026,7,CC0020,PC010,527554.15,319789.84,207764.31,496953.64,315742.81
BUD0004462,2026,3,CC0005,PC005,610328.19,437475.65,172852.54,605103.79,457444.82
BUD0004463,2026,8,CC0007,PC007,718079.31,585447.73,132631.58,693045.33,605339.87
BUD0004464,2025,10,CC0006,PC006,107939.21,69267.16,38672.05,118028.89,67752.6
BUD0004465,2026,11,CC0003,PC003,75704.75,61072.08,14632.67,75444.95,58775.06
BUD0004466,2026,2,CC0012,PC002,248463.51,176814.8,71648.71,236285.91,188728.41
BUD0004467,2025,2,CC0012,PC002,296148.09,169532.14,126615.95,306639.52,177770.17
BUD0004468,2026,10,CC0020,PC010,361188.03,231335.51,129852.52,357761.92,230909.17
BUD0004469,2026,10,CC0018,PC008,716041.07,560653.27,155387.8,699927.8,588956.8
BUD0004470,2025,2,CC0020,PC010,433034.6,255523.7,177510.9,452406.97,258321.82
BUD0004471,2025,5,CC0003,PC003,129584.72,92277.99,37306.73,123511.43,94089.34
BUD0004472,2026,6,CC0020,PC010,148639.46,107214.73,41424.73,157692.55,108873.63
BUD0004473,2025,7,CC0008,PC008,504267.59,295150.77,209116.82,493423.01,281375.09
BUD0004474,2025,1,CC0003,PC003,88733.41,52056.21,36677.2,89787.42,55517.19
BUD0004475,2025,8,CC0003,PC003,455724.27,264496.27,191228.0,435419.43,280010.92
BUD0004476,2026,4,CC0013,PC003,678618.18,553819.73,124798.45,696216.05,586185.36
BUD0004477,2025,8,CC0001,PC001,126330.4,79006.25,47324.15,137587.61,83424.99
BUD0004478,2026,10,CC0005,PC005,498803.44,369803.7,128999.74,474244.23,370536.55
BUD0004479,2025,7,CC0011,PC001,108343.21,63802.57,44540.64,106747.48,64573.25
BUD0004480,2025,12,CC0009,PC009,707329.52,557283.36,150046.16,729480.99,564310.67
BUD0004481,2025,4,CC0016,PC006,638978.26,405625.52,233352.74,677291.44,419922.82
BUD0004482,2026,11,CC0020,PC010,592638.91,450718.05,141920.86,579561.75,437724.56
BUD0004483,2026,5,CC0011,PC001,123015.4,88547.07,34468.33,123137.47,91928.9
BUD0004484,2025,10,CC0010,PC010,505999.91,406551.88,99448.03,475682.42,421295.26
BUD0004485,2026,7,CC0009,PC009,294107.25,184869.62,109237.63,288653.98,176956.15
BUD0004486,2026,8,CC0007,PC007,216173.08,151010.37,65162.71,221344.64,150741.5
BUD0004487,2026,12,CC0004,PC004,446322.57,297133.5,149189.07,487936.3,309638.14
BUD0004488,2025,8,CC0008,PC008,693549.77,565914.75,127635.02,740857.34,591978.73
BUD0004489,2026,9,CC0005,PC005,202746.1,146935.38,55810.72,217468.37,145060.87
BUD0004490,2026,7,CC0016,PC006,587295.57,328191.57,259104.0,626966.48,328712.13
BUD0004491,2025,3,CC0003,PC003,742489.99,517572.37,224917.62,793878.75,538878.04
BUD0004492,2025,6,CC0011,PC001,227508.54,168556.05,58952.49,216506.08,165686.83
BUD0004493,2026,3,CC0018,PC008,417075.42,313044.8,104030.62,439302.07,308722.41
BUD0004494,2025,7,CC0008,PC008,702740.45,396252.0,306488.45,679001.87,423713.68
BUD0004495,2026,4,CC0016,PC006,98896.18,61170.75,37725.43,93540.18,58636.62
BUD0004496,2026,11,CC0005,PC005,337864.17,259621.5,78242.67,343879.31,274562.16
BUD0004497,2025,1,CC0012,PC002,693974.26,448740.13,245234.13,727419.06,429780.1
BUD0004498,2026,7,CC0013,PC003,485698.74,283509.69,202189.05,527192.37,294498.93
BUD0004499,2026,5,CC0008,PC008,544271.14,445116.09,99155.05,561228.69,441227.92
BUD0004500,2026,9,CC0008,PC008,97550.0,65519.64,32030.36,104662.01,68466.89
BUD0004501,2026,1,CC0010,PC010,336544.57,252177.73,84366.84,361513.5,260924.47
BUD0004502,2025,10,CC0020,PC010,544707.51,300556.58,244150.93,561955.43,303337.87
BUD0004503,2026,7,CC0017,PC007,539263.41,326376.11,212887.3,508924.26,314740.87
BUD0004504,2025,2,CC0005,PC005,522600.44,360698.47,161901.97,499207.8,388247.33
BUD0004505,2026,8,CC0018,PC008,429893.38,303758.06,126135.32,411435.36,319869.49
BUD0004506,2025,1,CC0018,PC008,232353.26,128205.28,104147.98,252696.11,129910.67
BUD0004507,2026,3,CC0016,PC006,293088.07,163756.72,129331.35,280769.5,173558.5
BUD0004508,2026,10,CC0002,PC002,87254.02,68121.12,19132.9,85825.88,71686.57
BUD0004509,2026,2,CC0018,PC008,683802.96,547833.76,135969.2,737157.3,533274.73
BUD0004510,2026,10,CC0001,PC001,238611.18,175612.19,62998.99,256231.28,184251.15
BUD0004511,2026,7,CC0012,PC002,717716.62,451825.75,265890.87,730564.83,445556.32
BUD0004512,2026,8,CC0017,PC007,51900.58,41685.28,10215.3,55416.16,42760.09
BUD0004513,2025,10,CC0008,PC008,460789.16,333664.6,127124.56,496418.03,326306.55
BUD0004514,2026,9,CC0015,PC005,649224.56,402230.63,246993.93,709161.05,408632.24
BUD0004515,2025,2,CC0019,PC009,645598.21,529022.59,116575.62,608123.62,532237.79
BUD0004516,2025,5,CC0014,PC004,368460.36,232108.67,136351.69,386571.61,236766.0
BUD0004517,2025,5,CC0017,PC007,76970.41,43921.02,33049.39,74820.21,47211.72
BUD0004518,2025,4,CC0007,PC007,108970.68,79811.12,29159.56,114863.29,85750.87
BUD0004519,2026,2,CC0005,PC005,168706.45,129135.63,39570.82,181465.62,130132.94
BUD0004520,2026,7,CC0005,PC005,336050.11,269728.87,66321.24,330647.39,273771.64
BUD0004521,2025,12,CC0006,PC006,623017.27,443832.57,179184.7,666955.04,465151.26
BUD0004522,2025,7,CC0007,PC007,406138.83,314825.05,91313.78,437564.61,323863.54
BUD0004523,2025,2,CC0020,PC010,86524.32,64168.43,22355.89,89099.76,62503.48
BUD0004524,2026,7,CC0008,PC008,599819.55,423138.56,176680.99,614207.95,444148.98
BUD0004525,2025,8,CC0003,PC003,532431.46,397754.43,134677.03,501854.14,418291.29
BUD0004526,2026,5,CC0017,PC007,173730.32,101005.5,72724.82,173575.79,102922.22
BUD0004527,2026,9,CC0012,PC002,447308.21,356993.09,90315.12,446249.63,363675.1
BUD0004528,2025,7,CC0010,PC010,622547.34,385033.69,237513.65,668214.94,407744.74
BUD0004529,2026,7,CC0005,PC005,92968.82,62190.07,30778.75,99515.14,62358.75
BUD0004530,2025,9,CC0001,PC001,492312.74,362049.81,130262.93,490429.66,355936.63
BUD0004531,2025,4,CC0006,PC006,696813.85,424731.44,272082.41,727848.52,458535.68
BUD0004532,2026,3,CC0012,PC002,741756.33,423256.55,318499.78,815504.98,437474.23
BUD0004533,2025,6,CC0001,PC001,260026.24,183638.77,76387.47,255690.4,178244.25
BUD0004534,2026,6,CC0018,PC008,87524.08,55830.29,31693.79,82986.0,59528.97
BUD0004535,2026,7,CC0009,PC009,723389.14,469286.86,254102.28,759902.16,501250.33
BUD0004536,2025,10,CC0005,PC005,159041.85,104303.24,54738.61,172948.91,100008.78
BUD0004537,2025,5,CC0012,PC002,260332.33,155147.46,105184.87,253948.11,147567.73
BUD0004538,2026,4,CC0013,PC003,120388.81,68495.91,51892.9,127788.06,67996.21
BUD0004539,2026,1,CC0017,PC007,437560.58,285609.95,151950.63,446962.13,287980.13
BUD0004540,2026,3,CC0007,PC007,298573.7,196565.67,102008.03,316175.98,188136.02
BUD0004541,2025,3,CC0009,PC009,74261.96,45935.74,28326.22,75648.71,45065.75
BUD0004542,2025,11,CC0011,PC001,268644.37,150147.63,118496.74,259752.48,144901.94
BUD0004543,2026,1,CC0015,PC005,78735.53,62787.95,15947.58,81512.9,64203.91
BUD0004544,2026,2,CC0016,PC006,687328.69,455437.6,231891.09,726161.36,455920.62
BUD0004545,2026,2,CC0009,PC009,160553.07,120886.38,39666.69,170661.42,124820.39
BUD0004546,2025,1,CC0010,PC010,706053.29,424378.1,281675.19,769234.58,432061.17
BUD0004547,2025,4,CC0020,PC010,654499.28,513732.5,140766.78,642412.0,501377.91
BUD0004548,2026,11,CC0017,PC007,674110.15,416299.0,257811.15,683507.69,435190.22
BUD0004549,2025,2,CC0017,PC007,101585.48,59046.16,42539.32,107169.05,60971.36
BUD0004550,2026,10,CC0006,PC006,192151.94,141225.21,50926.73,205362.53,135160.98
BUD0004551,2025,10,CC0016,PC006,385855.0,255325.79,130529.21,362942.34,269897.2
BUD0004552,2026,3,CC0013,PC003,64454.47,48096.95,16357.52,63168.64,51179.91
BUD0004553,2025,4,CC0014,PC004,122792.26,89128.93,33663.33,121100.27,87709.43
BUD0004554,2025,7,CC0005,PC005,606904.03,376201.45,230702.58,658742.45,376855.27
BUD0004555,2025,6,CC0003,PC003,80961.95,59915.84,21046.11,87327.77,61037.87
BUD0004556,2025,3,CC0004,PC004,530667.65,379055.7,151611.95,543441.36,389294.73
BUD0004557,2025,2,CC0004,PC004,558946.7,329375.82,229570.88,549556.22,349716.83
BUD0004558,2026,12,CC0015,PC005,155803.75,117943.13,37860.62,151673.37,125780.51
BUD0004559,2026,4,CC0002,PC002,57729.0,40491.05,17237.95,59300.79,43413.15
BUD0004560,2025,3,CC0012,PC002,506324.73,407056.61,99268.12,508397.01,404569.75
BUD0004561,2025,11,CC0008,PC008,242005.65,165612.3,76393.35,231557.72,169193.87
BUD0004562,2025,2,CC0003,PC003,453885.99,333899.72,119986.27,470606.74,335706.42
BUD0004563,2026,1,CC0019,PC009,147802.6,113813.76,33988.84,146671.66,117801.4
BUD0004564,2026,4,CC0004,PC004,737914.51,486272.7,251641.81,750855.69,475559.97
BUD0004565,2025,12,CC0002,PC002,620664.67,411085.04,209579.63,625674.0,432571.27
BUD0004566,2025,7,CC0016,PC006,592057.89,422156.74,169901.15,558338.5,444452.0
BUD0004567,2025,1,CC0005,PC005,423923.53,320186.1,103737.43,456537.18,341579.69
BUD0004568,2025,12,CC0019,PC009,656108.37,412788.31,243320.06,619489.82,439004.1
BUD0004569,2025,8,CC0002,PC002,494736.42,305175.86,189560.56,517394.46,306249.4
BUD0004570,2026,8,CC0019,PC009,84123.79,67589.67,16534.12,80746.91,66191.5
BUD0004571,2026,12,CC0004,PC004,324185.15,213846.12,110339.03,320849.31,230262.39
BUD0004572,2025,7,CC0006,PC006,623108.55,452133.77,170974.78,594037.13,486815.76
BUD0004573,2026,2,CC0016,PC006,128648.62,94054.77,34593.85,134682.43,99075.34
BUD0004574,2026,10,CC0013,PC003,711475.94,508051.26,203424.68,702900.96,499500.6
BUD0004575,2026,2,CC0017,PC007,403810.79,321721.23,82089.56,424764.34,337858.94
BUD0004576,2025,8,CC0010,PC010,716416.42,528015.04,188401.38,702456.09,546727.14
BUD0004577,2025,7,CC0002,PC002,199404.25,125100.89,74303.36,207362.28,132727.93
BUD0004578,2025,9,CC0008,PC008,209596.89,132988.31,76608.58,223112.09,140393.31
BUD0004579,2026,12,CC0019,PC009,254222.23,159455.58,94766.65,278869.81,168362.86
BUD0004580,2026,12,CC0006,PC006,479601.47,356233.98,123367.49,463789.71,349866.47
BUD0004581,2025,8,CC0020,PC010,493107.72,314844.18,178263.54,525542.44,331499.55
BUD0004582,2025,5,CC0011,PC001,182479.67,144991.67,37488.0,177898.62,145425.62
BUD0004583,2025,4,CC0001,PC001,705469.3,514662.94,190806.36,746036.83,501102.83
BUD0004584,2026,11,CC0007,PC007,713111.59,535795.03,177316.56,742719.26,534255.76
BUD0004585,2025,10,CC0010,PC010,347293.63,220211.04,127082.59,366604.47,220575.82
BUD0004586,2025,5,CC0020,PC010,323725.26,264669.44,59055.82,320197.63,264088.0
BUD0004587,2025,11,CC0015,PC005,362297.08,286316.19,75980.89,393757.84,286319.85
BUD0004588,2025,6,CC0001,PC001,337094.03,208027.77,129066.26,354566.27,198601.41
BUD0004589,2026,9,CC0001,PC001,81808.72,63164.54,18644.18,80677.0,67957.38
BUD0004590,2025,11,CC0012,PC002,167562.86,92250.99,75311.87,176668.03,93910.44
BUD0004591,2025,3,CC0013,PC003,103478.97,61392.71,42086.26,110439.85,63409.26
BUD0004592,2025,10,CC0012,PC002,492759.58,345022.99,147736.59,478275.06,337443.22
BUD0004593,2026,5,CC0008,PC008,724659.31,581623.97,143035.34,753583.82,585261.06
BUD0004594,2026,9,CC0005,PC005,152769.35,111336.88,41432.47,161067.25,113405.74
BUD0004595,2026,4,CC0003,PC003,423764.29,263920.15,159844.14,433900.82,251461.68
BUD0004596,2026,1,CC0009,PC009,158519.55,123470.21,35049.34,165462.17,118769.03
BUD0004597,2025,2,CC0010,PC010,531632.83,373024.25,158608.58,573487.05,389643.68
BUD0004598,2026,10,CC0020,PC010,570370.04,404814.14,165555.9,582530.6,399186.25
BUD0004599,2025,12,CC0004,PC004,58028.0,47424.44,10603.56,61357.56,51141.36
BUD0004600,2025,7,CC0013,PC003,242685.2,195274.36,47410.84,256744.73,205125.65
BUD0004601,2025,4,CC0001,PC001,649305.24,395542.05,253763.19,675504.55,425360.35
BUD0004602,2025,9,CC0011,PC001,258750.28,195760.78,62989.5,259086.88,197637.14
BUD0004603,2025,10,CC0010,PC010,408480.36,310885.84,97594.52,388935.55,328063.92
BUD0004604,2026,11,CC0010,PC010,201428.76,118822.54,82606.22,193273.18,126241.8
BUD0004605,2025,8,CC0017,PC007,308465.22,223131.24,85333.98,315779.36,236706.52
BUD0004606,2026,7,CC0008,PC008,460261.96,349472.4,110789.56,492863.24,375919.08
BUD0004607,2025,8,CC0014,PC004,227856.68,142801.65,85055.03,224096.99,150977.54
BUD0004608,2026,11,CC0017,PC007,553690.61,392085.75,161604.86,602590.62,387963.01
BUD0004609,2026,11,CC0006,PC006,524614.56,424663.09,99951.47,562961.23,456968.29
BUD0004610,2026,3,CC0009,PC009,326939.02,226965.79,99973.23,326665.21,219701.8
BUD0004611,2025,7,CC0020,PC010,374697.32,265208.98,109488.34,406961.32,278857.47
BUD0004612,2026,1,CC0013,PC003,89827.25,55725.7,34101.55,90111.19,55845.4
BUD0004613,2025,5,CC0002,PC002,238300.31,154199.05,84101.26,239089.44,162161.33
BUD0004614,2026,11,CC0007,PC007,52784.76,41831.03,10953.73,55043.0,42706.34
BUD0004615,2026,8,CC0004,PC004,462560.03,357281.97,105278.06,503007.57,356153.44
BUD0004616,2025,9,CC0007,PC007,474169.35,291521.18,182648.17,447717.5,311658.48
BUD0004617,2026,3,CC0016,PC006,419248.3,267350.78,151897.52,407034.96,287558.11
BUD0004618,2026,4,CC0008,PC008,452384.88,290217.31,162167.57,452461.67,297726.63
BUD0004619,2026,9,CC0014,PC004,196928.36,141368.26,55560.1,211077.81,146299.59
BUD0004620,2026,9,CC0017,PC007,201672.21,111612.11,90060.1,216375.05,109347.58
BUD0004621,2026,9,CC0002,PC002,707943.96,495787.73,212156.23,728674.58,534809.0
BUD0004622,2026,2,CC0004,PC004,303478.75,191069.39,112409.36,306439.58,193659.81
BUD0004623,2026,4,CC0005,PC005,595747.67,353823.66,241924.01,642760.81,371969.03
BUD0004624,2026,9,CC0006,PC006,76292.28,53587.52,22704.76,77543.49,56199.21
BUD0004625,2025,9,CC0007,PC007,742701.06,428345.46,314355.6,737224.8,461521.85
BUD0004626,2026,1,CC0019,PC009,213759.64,126932.27,86827.37,212328.95,135358.28
BUD0004627,2025,2,CC0004,PC004,427786.42,301855.82,125930.6,410514.34,311616.89
BUD0004628,2025,7,CC0015,PC005,548170.29,411172.57,136997.72,582627.5,429039.27
BUD0004629,2025,10,CC0003,PC003,67427.42,44383.31,23044.11,65351.46,43174.99
BUD0004630,2025,3,CC0002,PC002,241512.7,157573.71,83938.99,245078.01,161096.47
BUD0004631,2026,4,CC0004,PC004,86855.53,60100.1,26755.43,88272.49,60357.61
BUD0004632,2025,7,CC0020,PC010,385920.51,269255.84,116664.67,404990.84,278048.42
BUD0004633,2026,2,CC0006,PC006,713603.5,449125.62,264477.88,775541.22,434858.96
BUD0004634,2025,10,CC0003,PC003,373856.86,261284.76,112572.1,409111.9,249885.15
BUD0004635,2025,7,CC0008,PC008,639240.13,521570.14,117669.99,645032.31,524318.69
BUD0004636,2025,4,CC0005,PC005,74565.99,53018.91,21547.08,73226.02,56114.33
BUD0004637,2025,5,CC0001,PC001,237772.74,170397.09,67375.65,256474.98,167712.6
BUD0004638,2025,3,CC0007,PC007,100068.4,63467.22,36601.18,96861.47,66486.79
BUD0004639,2026,9,CC0014,PC004,104659.58,68984.77,35674.81,103658.96,72489.62
BUD0004640,2025,11,CC0019,PC009,363370.71,247041.71,116329.0,346960.08,242701.84
BUD0004641,2026,7,CC0008,PC008,295672.32,198321.02,97351.3,285593.71,205772.46
BUD0004642,2026,12,CC0016,PC006,434524.38,326045.45,108478.93,471404.49,322957.07
BUD0004643,2025,11,CC0011,PC001,458964.52,312715.91,146248.61,454476.38,328401.09
BUD0004644,2026,11,CC0014,PC004,179347.02,110011.17,69335.85,189823.87,106839.71
BUD0004645,2026,12,CC0011,PC001,457633.62,296276.74,161356.88,477733.54,312658.25
BUD0004646,2025,2,CC0017,PC007,583582.6,412241.68,171340.92,565206.89,424056.8
BUD0004647,2026,10,CC0002,PC002,314184.91,186657.05,127527.86,297211.32,196871.6
BUD0004648,2026,1,CC0016,PC006,694333.48,403722.03,290611.45,751581.41,400840.41
BUD0004649,2025,3,CC0010,PC010,500399.75,381067.01,119332.74,492610.84,406750.65
BUD0004650,2026,3,CC0010,PC010,555176.47,371631.12,183545.35,595037.58,393385.91
BUD0004651,2026,1,CC0015,PC005,71115.08,42267.4,28847.68,76375.05,44626.31
BUD0004652,2025,5,CC0010,PC010,175748.32,117796.62,57951.7,184833.58,123883.73
BUD0004653,2025,11,CC0002,PC002,233799.52,135195.55,98603.97,224234.09,134026.46
BUD0004654,2025,3,CC0014,PC004,573329.21,319353.89,253975.32,571079.76,304160.95
BUD0004655,2026,8,CC0002,PC002,98380.3,65623.0,32757.3,95933.83,66650.29
BUD0004656,2025,9,CC0019,PC009,325315.5,226475.48,98840.02,349468.15,232695.49
BUD0004657,2025,11,CC0014,PC004,610113.3,425384.97,184728.33,645785.39,435092.66
BUD0004658,2025,10,CC0006,PC006,251496.83,179126.15,72370.68,257282.81,187521.36
BUD0004659,2026,6,CC0001,PC001,607999.58,430988.56,177011.02,652591.62,418217.03
BUD0004660,2025,1,CC0001,PC001,404805.67,226887.7,177917.97,434804.5,237973.55
BUD0004661,2026,2,CC0019,PC009,260442.41,145546.48,114895.93,263542.9,153862.0
BUD0004662,2025,12,CC0004,PC004,145100.72,88066.16,57034.56,147200.27,94932.51
BUD0004663,2026,5,CC0011,PC001,744169.88,473728.58,270441.3,702258.68,474700.61
BUD0004664,2025,1,CC0011,PC001,160670.26,90200.91,70469.35,164753.9,92891.76
BUD0004665,2026,10,CC0005,PC005,278497.69,186440.99,92056.7,292052.92,181116.16
BUD0004666,2026,9,CC0008,PC008,542484.33,368118.03,174366.3,583443.72,396309.42
BUD0004667,2025,6,CC0014,PC004,512752.02,296875.32,215876.7,497227.75,316600.27
BUD0004668,2025,4,CC0012,PC002,298392.87,174563.12,123829.75,294778.74,183154.51
BUD0004669,2025,6,CC0013,PC003,269323.59,185775.04,83548.55,259348.64,199940.74
BUD0004670,2026,2,CC0004,PC004,99848.75,68519.51,31329.24,100714.13,66533.29
BUD0004671,2026,9,CC0005,PC005,502213.91,310787.95,191425.96,506801.91,297814.78
BUD0004672,2026,3,CC0010,PC010,302514.82,224500.06,78014.76,322110.26,218729.46
BUD0004673,2026,8,CC0006,PC006,525369.68,416063.26,109306.42,509452.23,435998.87
BUD0004674,2025,1,CC0006,PC006,340050.52,243426.51,96624.01,324189.33,232232.35
BUD0004675,2025,5,CC0019,PC009,282953.71,190289.29,92664.42,299384.24,193274.14
BUD0004676,2025,6,CC0005,PC005,495936.79,325430.16,170506.63,495990.72,340713.54
BUD0004677,2026,11,CC0017,PC007,744204.37,524585.94,219618.43,733819.73,500849.75
BUD0004678,2025,1,CC0013,PC003,279994.65,162131.67,117862.98,280750.58,174782.53
BUD0004679,2026,9,CC0008,PC008,127959.7,104151.59,23808.11,124401.52,109712.56
BUD0004680,2026,8,CC0014,PC004,197747.57,132695.84,65051.73,193554.2,131494.27
BUD0004681,2025,10,CC0011,PC001,240220.81,157479.05,82741.76,235476.17,154144.99
BUD0004682,2025,7,CC0008,PC008,321497.63,177315.95,144181.68,319764.89,188301.71
BUD0004683,2026,8,CC0011,PC001,70531.75,56822.82,13708.93,67530.54,56513.06
BUD0004684,2026,10,CC0006,PC006,378336.2,223820.46,154515.74,414478.31,227067.06
BUD0004685,2025,10,CC0002,PC002,640658.25,356257.26,284400.99,617190.85,375345.38
BUD0004686,2026,7,CC0006,PC006,407721.19,237248.09,170473.1,410115.48,243262.46
BUD0004687,2026,11,CC0013,PC003,104579.27,62154.41,42424.86,98337.93,66064.86
BUD0004688,2025,10,CC0015,PC005,372484.55,246569.72,125914.83,380954.29,259170.12
BUD0004689,2026,7,CC0016,PC006,115171.51,83094.58,32076.93,109147.57,81542.36
BUD0004690,2026,10,CC0001,PC001,128023.15,93466.16,34556.99,128729.99,100108.77
BUD0004691,2025,3,CC0001,PC001,118849.51,86069.35,32780.16,115252.0,84014.99
BUD0004692,2025,2,CC0019,PC009,428190.1,278820.66,149369.44,462227.28,279118.36
BUD0004693,2026,4,CC0014,PC004,88250.79,55654.07,32596.72,85947.21,52968.25
BUD0004694,2026,10,CC0009,PC009,676278.03,529972.49,146305.54,719843.38,554185.75
BUD0004695,2026,5,CC0009,PC009,321284.26,245419.98,75864.28,325112.54,255976.14
BUD0004696,2025,9,CC0004,PC004,444485.06,330903.0,113582.06,485675.79,335391.84
BUD0004697,2025,7,CC0008,PC008,317219.22,244600.73,72618.49,309237.0,258289.71
BUD0004698,2025,8,CC0020,PC010,419866.47,268547.07,151319.4,453302.34,272796.2
BUD0004699,2025,2,CC0012,PC002,557028.04,354158.95,202869.09,610496.69,380987.07
BUD0004700,2025,10,CC0001,PC001,345647.8,203822.95,141824.85,360742.17,203473.06
BUD0004701,2026,9,CC0012,PC002,515728.1,346388.34,169339.76,514613.73,357749.2
BUD0004702,2025,10,CC0020,PC010,217283.84,130359.34,86924.5,222808.33,137482.19
BUD0004703,2025,11,CC0012,PC002,639255.7,431468.68,207787.02,693322.55,427065.63
BUD0004704,2025,1,CC0008,PC008,428363.07,298583.1,129779.97,465896.71,302897.22
BUD0004705,2025,7,CC0013,PC003,441030.27,336338.42,104691.85,467144.59,348934.27
BUD0004706,2026,5,CC0002,PC002,731536.6,455144.09,276392.51,760175.94,466476.29
BUD0004707,2025,2,CC0010,PC010,477365.19,358385.99,118979.2,471546.76,362802.0
BUD0004708,2026,9,CC0013,PC003,247604.07,154662.54,92941.53,262003.04,148017.15
BUD0004709,2026,6,CC0011,PC001,251391.31,143104.93,108286.38,256027.22,154120.02
BUD0004710,2026,1,CC0002,PC002,593383.17,371323.26,222059.91,583403.55,364250.36
BUD0004711,2025,1,CC0004,PC004,86067.28,50828.98,35238.3,89159.2,52282.75
BUD0004712,2026,5,CC0017,PC007,725979.18,561369.33,164609.85,790945.52,536735.37
BUD0004713,2025,4,CC0007,PC007,390236.88,310963.26,79273.62,367867.73,325545.28
BUD0004714,2025,8,CC0007,PC007,353061.93,229404.54,123657.39,379566.93,241610.6
BUD0004715,2025,7,CC0019,PC009,436370.44,271295.14,165075.3,412533.68,269252.27
BUD0004716,2025,6,CC0015,PC005,540260.91,409956.36,130304.55,548865.59,441022.75
BUD0004717,2025,7,CC0005,PC005,289063.8,199375.89,89687.91,291593.36,194791.17
BUD0004718,2025,1,CC0008,PC008,399184.35,263971.89,135212.46,390645.64,273596.44
BUD0004719,2025,11,CC0014,PC004,650841.28,375485.74,275355.54,667544.34,374766.56
BUD0004720,2025,3,CC0015,PC005,538204.03,431081.55,107122.48,550190.92,433404.72
BUD0004721,2025,7,CC0014,PC004,493643.36,357531.0,136112.36,485404.04,378296.3
BUD0004722,2026,3,CC0020,PC010,480002.62,270631.67,209370.95,509517.85,270986.45
BUD0004723,2025,9,CC0008,PC008,185579.14,111651.23,73927.91,201257.55,119130.56
BUD0004724,2026,7,CC0020,PC010,448600.76,291981.99,156618.77,485926.09,297267.27
BUD0004725,2026,1,CC0015,PC005,622465.43,378274.44,244190.99,612786.46,400464.6
BUD0004726,2026,11,CC0009,PC009,165146.61,125230.48,39916.13,166285.07,130639.03
BUD0004727,2026,11,CC0007,PC007,533548.92,363147.8,170401.12,513672.89,362180.5
BUD0004728,2025,10,CC0003,PC003,380192.4,311345.43,68846.97,399773.83,317318.8
BUD0004729,2025,9,CC0002,PC002,380782.41,296997.67,83784.74,359458.84,309231.6
BUD0004730,2025,8,CC0007,PC007,516069.29,327232.12,188837.17,531186.08,342873.4
BUD0004731,2026,6,CC0009,PC009,193210.32,150879.16,42331.16,207577.38,147084.85
BUD0004732,2026,2,CC0008,PC008,564070.49,370474.94,193595.55,545042.86,392887.01
BUD0004733,2026,2,CC0018,PC008,659356.68,425806.44,233550.24,637071.2,438111.49
BUD0004734,2025,3,CC0003,PC003,348390.34,270264.74,78125.6,334366.34,285053.51
BUD0004735,2026,5,CC0017,PC007,539294.49,433092.13,106202.36,555636.6,461212.14
BUD0004736,2025,9,CC0007,PC007,537587.52,369472.27,168115.25,563097.52,398535.72
BUD0004737,2026,6,CC0006,PC006,124637.71,81142.37,43495.34,125410.97,86412.7
BUD0004738,2025,10,CC0006,PC006,277897.83,163989.46,113908.37,268527.46,157189.03
BUD0004739,2026,3,CC0015,PC005,702140.27,564400.96,137739.31,707818.51,536442.71
BUD0004740,2025,5,CC0011,PC001,265707.28,147472.05,118235.23,281219.87,151090.37
BUD0004741,2025,11,CC0004,PC004,736451.92,438396.34,298055.58,717827.81,431266.2
BUD0004742,2025,1,CC0010,PC010,77919.98,48775.35,29144.63,74109.06,47521.05
BUD0004743,2026,3,CC0014,PC004,52999.38,36625.78,16373.6,55455.51,36832.82
BUD0004744,2026,8,CC0003,PC003,613638.07,478607.99,135030.08,644337.91,506032.62
BUD0004745,2025,6,CC0008,PC008,463026.73,309375.76,153650.97,494419.96,302373.49
BUD0004746,2026,8,CC0002,PC002,596270.88,407672.5,188598.38,578873.79,410031.15
BUD0004747,2025,2,CC0006,PC006,281977.79,179169.01,102808.78,293007.49,189377.3
BUD0004748,2026,1,CC0016,PC006,272927.98,201208.09,71719.89,281672.24,202739.07
BUD0004749,2026,5,CC0006,PC006,216247.96,128265.79,87982.17,215529.78,126489.34
BUD0004750,2026,8,CC0012,PC002,74319.46,40903.87,33415.59,75769.14,40872.06
BUD0004751,2025,7,CC0004,PC004,142149.4,110172.69,31976.71,152527.52,106056.15
BUD0004752,2025,6,CC0004,PC004,736885.78,557186.17,179699.61,731150.55,534270.91
BUD0004753,2026,4,CC0017,PC007,165737.3,104864.71,60872.59,169529.71,101865.64
BUD0004754,2025,11,CC0003,PC003,279897.18,158169.37,121727.81,286713.98,167758.19
BUD0004755,2026,2,CC0004,PC004,356902.08,206385.57,150516.51,346032.01,211050.48
BUD0004756,2026,11,CC0011,PC001,704807.97,458947.85,245860.12,760529.68,450181.5
BUD0004757,2026,6,CC0016,PC006,642746.26,426230.34,216515.92,625510.42,415103.56
BUD0004758,2026,7,CC0002,PC002,567725.22,317158.67,250566.55,554253.61,305846.01
BUD0004759,2025,12,CC0010,PC010,241210.13,140130.29,101079.84,260214.98,141723.93
BUD0004760,2025,3,CC0001,PC001,192545.35,143491.32,49054.03,197223.11,146687.26
BUD0004761,2026,10,CC0005,PC005,673184.19,371635.32,301548.87,678869.4,357819.19
BUD0004762,2026,8,CC0005,PC005,58848.26,38958.62,19889.64,59839.03,38947.02
BUD0004763,2025,1,CC0003,PC003,474198.45,312848.89,161349.56,467284.26,318985.94
BUD0004764,2025,9,CC0009,PC009,495662.09,383749.93,111912.16,473068.99,408052.8
BUD0004765,2025,12,CC0012,PC002,362312.51,251504.15,110808.36,347147.56,270358.34
BUD0004766,2026,9,CC0007,PC007,444932.65,359469.72,85462.93,435522.52,364395.25
BUD0004767,2026,5,CC0005,PC005,177897.76,129256.06,48641.7,170621.25,125190.25
BUD0004768,2025,2,CC0002,PC002,222457.39,126922.82,95534.57,221944.61,130347.64
BUD0004769,2025,2,CC0012,PC002,329473.99,255423.04,74050.95,322903.38,266504.11
BUD0004770,2025,6,CC0020,PC010,363783.11,297628.76,66154.35,354323.79,303405.94
BUD0004771,2026,2,CC0020,PC010,504952.11,300671.67,204280.44,536779.41,306844.15
BUD0004772,2026,10,CC0017,PC007,648546.58,407842.72,240703.86,682023.14,418937.58
BUD0004773,2026,2,CC0019,PC009,732327.66,473589.28,258738.38,694233.34,508361.52
BUD0004774,2026,10,CC0012,PC002,192622.77,133853.66,58769.11,211374.12,133548.84
BUD0004775,2026,9,CC0015,PC005,382251.54,276104.04,106147.5,375317.78,285646.76
BUD0004776,2025,6,CC0010,PC010,558993.59,322905.52,236088.07,570587.74,336715.45
BUD0004777,2026,10,CC0004,PC004,699657.9,393336.28,306321.62,707218.99,412612.31
BUD0004778,2026,12,CC0002,PC002,658617.85,394828.35,263789.5,694537.81,397503.51
BUD0004779,2025,9,CC0011,PC001,328168.94,218733.39,109435.55,310385.59,228790.41
BUD0004780,2026,3,CC0018,PC008,539580.05,381379.86,158200.19,560598.56,389438.86
BUD0004781,2026,7,CC0013,PC003,175454.04,112800.72,62653.32,189758.15,107554.65
BUD0004782,2026,1,CC0011,PC001,141906.95,83900.31,58006.64,146959.95,85878.86
BUD0004783,2025,10,CC0016,PC006,717442.72,538567.92,178874.8,704100.0,533724.11
BUD0004784,2025,9,CC0005,PC005,566669.54,378504.67,188164.87,567366.59,390345.85
BUD0004785,2025,10,CC0004,PC004,749907.97,546653.16,203254.81,803501.2,546181.03
BUD0004786,2026,12,CC0011,PC001,416854.57,332668.95,84185.62,452133.83,351015.35
BUD0004787,2025,3,CC0005,PC005,395764.79,245540.71,150224.08,430897.09,245750.88
BUD0004788,2026,6,CC0016,PC006,142541.95,110931.6,31610.35,138246.04,111967.98
BUD0004789,2026,11,CC0007,PC007,681860.31,478891.91,202968.4,670143.98,477062.9
BUD0004790,2026,1,CC0002,PC002,656693.4,397722.56,258970.84,679099.98,420632.69
BUD0004791,2025,6,CC0002,PC002,98826.84,58395.78,40431.06,97236.66,61767.74
BUD0004792,2025,3,CC0002,PC002,71989.83,53605.94,18383.89,77249.79,54267.71
BUD0004793,2025,11,CC0015,PC005,437409.31,306505.83,130903.48,458485.85,322624.57
BUD0004794,2026,1,CC0013,PC003,465731.92,263924.53,201807.39,493370.44,259699.17
BUD0004795,2026,7,CC0016,PC006,573959.9,409699.54,164260.36,584598.2,416250.17
BUD0004796,2026,10,CC0010,PC010,176131.63,143044.8,33086.83,171076.52,137521.99
BUD0004797,2025,2,CC0003,PC003,405004.46,225371.06,179633.4,388444.48,239149.79
BUD0004798,2026,12,CC0010,PC010,458048.97,262698.4,195350.57,465557.38,262612.27
BUD0004799,2026,4,CC0016,PC006,187306.82,132684.06,54622.76,201364.63,142490.82
BUD0004800,2026,8,CC0004,PC004,377808.94,303399.23,74409.71,389993.77,296359.46
BUD0004801,2025,12,CC0019,PC009,308226.38,190535.13,117691.25,295559.32,200958.97
BUD0004802,2026,3,CC0009,PC009,572996.77,453726.11,119270.66,548755.25,434347.87
BUD0004803,2025,11,CC0006,PC006,541464.87,308064.51,233400.36,521703.1,299896.01
BUD0004804,2026,12,CC0010,PC010,655358.11,401803.93,253554.18,655501.01,426217.22
BUD0004805,2026,3,CC0005,PC005,192679.84,120001.51,72678.33,203951.76,115181.44
BUD0004806,2025,11,CC0004,PC004,483026.85,306891.76,176135.09,455633.43,296975.88
BUD0004807,2025,6,CC0004,PC004,559559.71,425801.27,133758.44,542534.74,450000.73
BUD0004808,2025,5,CC0010,PC010,384178.11,314858.32,69319.79,395519.1,329048.33
BUD0004809,2026,2,CC0007,PC007,615535.86,485620.95,129914.91,598844.78,503677.38
BUD0004810,2026,10,CC0020,PC010,298756.82,223774.28,74982.54,287954.83,239395.26
BUD0004811,2026,3,CC0015,PC005,487689.83,371187.36,116502.47,515133.01,388073.56
BUD0004812,2026,1,CC0005,PC005,575037.1,360530.97,214506.13,625166.15,344391.58
BUD0004813,2026,9,CC0005,PC005,690343.54,459177.88,231165.66,656605.99,478537.73
BUD0004814,2026,4,CC0003,PC003,733970.82,526477.41,207493.41,737115.53,542721.9
BUD0004815,2025,10,CC0018,PC008,77017.24,45089.33,31927.91,78410.11,48564.89
BUD0004816,2026,8,CC0015,PC005,561851.21,326569.44,235281.77,537935.49,323241.76
BUD0004817,2025,11,CC0012,PC002,626233.85,393017.19,233216.66,671528.32,387494.34
BUD0004818,2025,2,CC0004,PC004,614375.58,411043.77,203331.81,584590.37,429035.29
BUD0004819,2025,6,CC0005,PC005,518080.23,371928.97,146151.26,499694.73,388060.77
BUD0004820,2025,12,CC0018,PC008,718649.01,443263.11,275385.9,776842.03,463766.98
BUD0004821,2025,9,CC0015,PC005,109773.68,79551.11,30222.57,107404.69,79861.07
BUD0004822,2026,12,CC0002,PC002,721968.12,465910.61,256057.51,683180.13,448427.69
BUD0004823,2026,2,CC0004,PC004,597279.89,341250.02,256029.87,646283.96,328080.89
BUD0004824,2026,12,CC0015,PC005,382634.54,230418.94,152215.6,376060.16,227630.5
BUD0004825,2025,4,CC0016,PC006,186637.46,145382.24,41255.22,193949.39,149341.12
BUD0004826,2026,12,CC0010,PC010,401459.23,286776.34,114682.89,384267.61,280230.77
BUD0004827,2026,11,CC0001,PC001,392745.77,272439.0,120306.77,431331.27,264926.36
BUD0004828,2026,1,CC0001,PC001,388198.04,216923.35,171274.69,397749.54,208757.85
BUD0004829,2026,12,CC0004,PC004,577095.69,439302.54,137793.15,619640.24,453207.49
BUD0004830,2025,6,CC0001,PC001,363904.75,201078.58,162826.17,361701.18,204475.07
BUD0004831,2026,9,CC0007,PC007,323123.02,261482.69,61640.33,332924.19,268778.28
BUD0004832,2026,7,CC0016,PC006,50739.46,36526.57,14212.89,51236.91,35678.4
BUD0004833,2025,1,CC0011,PC001,437502.11,241378.78,196123.33,466678.88,242011.39
BUD0004834,2026,4,CC0018,PC008,247309.27,145006.1,102303.17,270108.22,145895.44
BUD0004835,2025,6,CC0006,PC006,527159.45,385470.13,141689.32,515277.47,377912.61
BUD0004836,2025,5,CC0006,PC006,428476.85,284003.21,144473.64,438773.77,294101.27
BUD0004837,2026,12,CC0005,PC005,622404.75,405312.34,217092.41,627368.06,398130.66
BUD0004838,2026,2,CC0003,PC003,495647.55,390684.33,104963.22,540494.5,399155.72
BUD0004839,2025,3,CC0006,PC006,230581.25,155430.59,75150.66,245787.05,156734.45
BUD0004840,2025,6,CC0006,PC006,670492.48,537152.93,133339.55,690866.28,558732.64
BUD0004841,2025,11,CC0015,PC005,115648.37,77928.96,37719.41,125430.35,74180.68
BUD0004842,2026,7,CC0016,PC006,119544.49,80695.96,38848.53,117271.32,80214.63
BUD0004843,2025,12,CC0006,PC006,375957.94,271056.87,104901.07,384458.05,285482.5
BUD0004844,2026,2,CC0019,PC009,122363.27,70876.79,51486.48,125282.21,73870.82
BUD0004845,2025,5,CC0017,PC007,65111.55,51892.86,13218.69,69161.2,55943.17
BUD0004846,2025,11,CC0017,PC007,263867.71,174334.73,89532.98,285001.01,187617.92
BUD0004847,2025,1,CC0012,PC002,128494.84,103614.62,24880.22,125369.86,108838.93
BUD0004848,2026,6,CC0015,PC005,739306.95,601692.31,137614.64,762549.74,614080.5
BUD0004849,2026,7,CC0020,PC010,422988.3,298466.93,124521.37,402908.39,287709.9
BUD0004850,2025,11,CC0014,PC004,515866.37,296342.2,219524.17,495702.72,301395.94
BUD0004851,2026,2,CC0008,PC008,691760.86,453511.03,238249.83,655308.54,476141.32
BUD0004852,2025,1,CC0010,PC010,316937.71,223440.32,93497.39,307249.22,233754.16
BUD0004853,2026,10,CC0017,PC007,393520.2,251260.6,142259.6,399056.42,248401.51
BUD0004854,2026,5,CC0009,PC009,517507.26,364893.53,152613.73,508398.8,384694.95
BUD0004855,2026,1,CC0013,PC003,542194.49,303538.36,238656.13,525928.33,318800.15
BUD0004856,2026,6,CC0016,PC006,393510.03,314750.88,78759.15,382860.3,304796.58
BUD0004857,2025,9,CC0004,PC004,148604.96,82868.29,65736.67,158381.89,87004.08
BUD0004858,2026,4,CC0001,PC001,118751.53,89921.17,28830.36,123082.19,95370.79
BUD0004859,2026,10,CC0015,PC005,582354.65,439829.18,142525.47,601341.16,462133.0
BUD0004860,2026,3,CC0011,PC001,101978.93,65175.16,36803.77,106259.79,62849.54
BUD0004861,2025,5,CC0007,PC007,478948.02,312524.22,166423.8,526119.97,330371.21
BUD0004862,2025,8,CC0004,PC004,533844.12,331130.37,202713.75,502056.21,350255.98
BUD0004863,2025,10,CC0004,PC004,747515.63,589375.49,158140.14,728084.66,623743.1
BUD0004864,2026,10,CC0004,PC004,574859.86,460421.17,114438.69,581697.35,484666.95
BUD0004865,2025,3,CC0015,PC005,285033.97,162360.78,122673.19,277681.23,163324.52
BUD0004866,2025,8,CC0019,PC009,204794.84,156604.51,48190.33,214251.86,159687.8
BUD0004867,2025,6,CC0008,PC008,609526.46,418973.76,190552.7,579132.5,416016.42
BUD0004868,2025,4,CC0004,PC004,737682.64,565879.29,171803.35,722277.54,575018.72
BUD0004869,2026,5,CC0003,PC003,63293.44,50714.99,12578.45,66006.15,51871.59
BUD0004870,2025,6,CC0007,PC007,367100.68,281873.07,85227.61,347672.91,278967.29
BUD0004871,2025,10,CC0003,PC003,505197.15,392144.34,113052.81,520099.54,415971.79
BUD0004872,2026,8,CC0009,PC009,298984.15,215488.36,83495.79,294647.22,217074.88
BUD0004873,2026,9,CC0006,PC006,213939.74,160603.93,53335.81,220023.31,152904.44
BUD0004874,2025,12,CC0003,PC003,536337.04,350695.29,185641.75,575083.58,351008.93
BUD0004875,2025,3,CC0008,PC008,87439.0,64458.37,22980.63,84298.05,63854.31
BUD0004876,2026,12,CC0009,PC009,686490.49,543006.77,143483.72,705736.31,556902.11
BUD0004877,2025,1,CC0006,PC006,286779.12,200941.29,85837.83,308268.08,203105.51
BUD0004878,2026,4,CC0008,PC008,628935.66,438373.17,190562.49,652874.26,435538.4
BUD0004879,2026,4,CC0015,PC005,331262.02,227216.58,104045.44,355189.3,242982.38
BUD0004880,2025,10,CC0003,PC003,302026.71,176250.05,125776.66,326891.23,184125.95
BUD0004881,2025,5,CC0004,PC004,394744.33,318620.76,76123.57,378452.02,336667.87
BUD0004882,2025,8,CC0019,PC009,292877.65,210542.12,82335.53,303117.85,202546.57
BUD0004883,2025,3,CC0001,PC001,176822.53,112841.95,63980.58,166814.68,109830.25
BUD0004884,2026,7,CC0006,PC006,711044.74,458377.85,252666.89,700192.08,447600.13
BUD0004885,2026,1,CC0020,PC010,50328.1,32282.13,18045.97,52702.29,32557.9
BUD0004886,2026,12,CC0002,PC002,369214.5,289886.03,79328.47,359389.36,312850.83
BUD0004887,2025,10,CC0003,PC003,523251.95,421150.42,102101.53,511168.65,442889.79
BUD0004888,2026,8,CC0012,PC002,685555.41,520420.85,165134.56,736449.6,546988.46
BUD0004889,2026,5,CC0002,PC002,308965.48,236055.63,72909.85,339399.76,233195.58
BUD0004890,2026,7,CC0015,PC005,559410.4,403464.01,155946.39,586754.38,423366.38
BUD0004891,2025,10,CC0013,PC003,348175.93,252792.89,95383.04,364320.27,265089.65
BUD0004892,2025,9,CC0014,PC004,495544.88,288924.98,206619.9,528823.13,286264.03
BUD0004893,2025,7,CC0002,PC002,165548.55,100503.66,65044.89,178191.27,107961.85
BUD0004894,2026,7,CC0005,PC005,552583.22,364796.77,187786.45,540276.86,381170.98
BUD0004895,2026,10,CC0009,PC009,683971.24,449857.32,234113.92,675941.45,467263.89
BUD0004896,2025,4,CC0014,PC004,530426.54,376115.63,154310.91,516117.64,357910.44
BUD0004897,2025,7,CC0019,PC009,274481.65,218933.73,55547.92,298702.11,217942.98
BUD0004898,2026,1,CC0011,PC001,597955.27,361239.39,236715.88,656010.06,380058.86
BUD0004899,2026,11,CC0014,PC004,186126.4,102887.18,83239.22,198834.99,110330.9
BUD0004900,2025,4,CC0019,PC009,280475.12,204980.3,75494.82,281077.88,201563.1
BUD0004901,2025,5,CC0006,PC006,717596.53,441002.58,276593.95,687014.74,430457.59
BUD0004902,2026,6,CC0015,PC005,151132.18,123620.24,27511.94,154014.26,118932.09
BUD0004903,2025,9,CC0005,PC005,267828.04,148645.75,119182.29,268735.65,141844.4
BUD0004904,2025,5,CC0006,PC006,82971.91,65385.61,17586.3,78266.17,64048.64
BUD0004905,2026,2,CC0008,PC008,215958.42,147129.62,68828.8,218826.22,147236.53
BUD0004906,2026,6,CC0008,PC008,237022.35,175996.15,61026.2,241092.87,188374.79
BUD0004907,2025,4,CC0006,PC006,606433.52,470764.99,135668.53,662767.0,459386.77
BUD0004908,2026,4,CC0006,PC006,698569.67,541062.06,157507.61,747451.05,527977.28
BUD0004909,2025,12,CC0008,PC008,474639.77,321685.39,152954.38,482792.68,332817.88
BUD0004910,2025,10,CC0002,PC002,391340.82,278276.58,113064.24,419801.63,293173.57
BUD0004911,2026,6,CC0010,PC010,402242.62,282111.29,120131.33,382133.61,283959.16
BUD0004912,2025,6,CC0004,PC004,543655.09,306791.18,236863.91,544137.55,305228.94
BUD0004913,2026,11,CC0004,PC004,131289.96,98972.9,32317.06,143586.12,106391.48
BUD0004914,2026,11,CC0020,PC010,604885.28,457673.13,147212.15,627258.48,482750.25
BUD0004915,2026,3,CC0015,PC005,487346.64,301793.48,185553.16,525993.4,300486.83
BUD0004916,2025,10,CC0013,PC003,113987.75,67423.8,46563.95,108014.85,65494.94
BUD0004917,2025,11,CC0008,PC008,644945.92,363673.65,281272.27,640944.6,364693.61
BUD0004918,2025,3,CC0011,PC001,171005.74,129048.83,41956.91,183761.93,133712.27
BUD0004919,2026,12,CC0020,PC010,411780.96,293179.89,118601.07,402551.56,309317.93
BUD0004920,2025,1,CC0008,PC008,491637.34,400602.38,91034.96,511605.63,405652.79
BUD0004921,2026,8,CC0019,PC009,496147.53,324589.61,171557.92,502992.25,346083.5
BUD0004922,2025,9,CC0014,PC004,313276.2,254233.19,59043.01,317472.06,260245.2
BUD0004923,2025,7,CC0006,PC006,594752.22,476430.2,118322.02,611224.41,468980.64
BUD0004924,2025,7,CC0012,PC002,161324.8,126610.57,34714.23,176470.78,132922.43
BUD0004925,2025,12,CC0005,PC005,378768.18,252020.08,126748.1,401128.04,250960.48
BUD0004926,2025,1,CC0005,PC005,613143.41,394561.77,218581.64,645356.68,396959.62
BUD0004927,2026,7,CC0003,PC003,278143.67,173602.17,104541.5,304449.35,166305.7
BUD0004928,2025,8,CC0002,PC002,168471.21,123523.39,44947.82,169956.86,117491.61
BUD0004929,2026,2,CC0018,PC008,574073.98,395932.97,178141.01,544391.85,397188.02
BUD0004930,2026,7,CC0009,PC009,120655.66,73975.88,46679.78,127417.04,78087.55
BUD0004931,2025,5,CC0012,PC002,79824.01,54528.87,25295.14,79587.78,53361.84
BUD0004932,2025,7,CC0012,PC002,717515.71,570200.96,147314.75,728462.04,547969.6
BUD0004933,2025,7,CC0020,PC010,182204.29,112245.88,69958.41,180735.39,109556.3
BUD0004934,2025,7,CC0018,PC008,565772.94,332997.28,232775.66,618134.99,325349.58
BUD0004935,2026,10,CC0015,PC005,604442.23,369498.65,234943.58,603602.31,359047.65
BUD0004936,2026,3,CC0008,PC008,196680.27,157252.18,39428.09,185701.17,158444.79
BUD0004937,2026,5,CC0011,PC001,387201.3,215555.31,171645.99,366115.59,222893.11
BUD0004938,2026,9,CC0004,PC004,86338.64,62833.5,23505.14,93021.4,62164.93
BUD0004939,2025,3,CC0015,PC005,580881.23,343758.89,237122.34,573700.41,348948.98
BUD0004940,2026,3,CC0007,PC007,198434.72,118638.78,79795.94,197125.05,123264.72
BUD0004941,2025,6,CC0002,PC002,198140.95,122069.29,76071.66,209025.15,118976.57
BUD0004942,2025,7,CC0007,PC007,119166.25,67171.61,51994.64,123914.75,67886.23
BUD0004943,2026,2,CC0002,PC002,507167.6,365472.63,141694.97,504224.34,383495.12
BUD0004944,2026,3,CC0018,PC008,367436.37,259438.58,107997.79,368954.92,267157.45
BUD0004945,2025,6,CC0017,PC007,624406.45,482707.8,141698.65,651571.63,467141.34
BUD0004946,2026,6,CC0017,PC007,477650.88,312358.75,165292.13,488502.93,306726.39
BUD0004947,2025,4,CC0009,PC009,580345.88,354149.06,226196.82,608178.66,344469.01
BUD0004948,2025,12,CC0014,PC004,443546.82,265103.9,178442.92,444153.35,278806.95
BUD0004949,2026,10,CC0004,PC004,574407.89,336027.08,238380.81,543089.68,340369.19
BUD0004950,2026,12,CC0003,PC003,536071.5,322488.94,213582.56,518267.82,307993.09
BUD0004951,2025,9,CC0001,PC001,634313.23,414787.82,219525.41,641753.86,425293.49
BUD0004952,2025,4,CC0004,PC004,148965.6,89769.14,59196.46,141432.92,94655.37
BUD0004953,2025,12,CC0006,PC006,609309.39,448645.66,160663.73,593319.31,439286.2
BUD0004954,2026,9,CC0012,PC002,147941.17,94116.48,53824.69,141648.56,100388.56
BUD0004955,2026,5,CC0007,PC007,106132.88,72229.9,33902.98,110339.9,72267.02
BUD0004956,2025,7,CC0018,PC008,525352.24,338050.34,187301.9,574238.7,342485.65
BUD0004957,2025,1,CC0007,PC007,704616.25,453013.18,251603.07,678344.31,467054.47
BUD0004958,2026,11,CC0005,PC005,243068.11,146605.73,96462.38,258261.96,154500.6
BUD0004959,2025,10,CC0009,PC009,300152.22,237364.49,62787.73,326908.35,235974.69
BUD0004960,2025,2,CC0013,PC003,746375.12,551451.65,194923.47,756333.92,568373.46
BUD0004961,2026,9,CC0010,PC010,608564.9,346563.09,262001.81,649217.01,331113.35
BUD0004962,2026,9,CC0012,PC002,420750.64,332505.84,88244.8,413310.98,322798.99
BUD0004963,2025,9,CC0017,PC007,177119.88,131004.98,46114.9,175699.74,126978.84
BUD0004964,2025,9,CC0014,PC004,688791.07,461137.76,227653.31,744384.12,448668.62
BUD0004965,2026,11,CC0020,PC010,238053.2,131893.2,106160.0,233900.35,135619.16
BUD0004966,2025,6,CC0005,PC005,499899.44,376451.33,123448.11,547028.0,365188.62
BUD0004967,2025,10,CC0007,PC007,508189.04,288448.43,219740.61,487933.35,279203.32
BUD0004968,2025,6,CC0006,PC006,240520.1,174549.38,65970.72,253532.45,180855.83
BUD0004969,2025,5,CC0001,PC001,578857.83,426453.82,152404.01,555510.13,410402.87
BUD0004970,2025,3,CC0010,PC010,433950.93,349760.42,84190.51,418460.87,363179.64
BUD0004971,2026,10,CC0006,PC006,73176.57,59494.11,13682.46,73797.89,57121.55
BUD0004972,2025,7,CC0019,PC009,579269.44,394511.74,184757.7,615273.16,412078.47
BUD0004973,2026,2,CC0004,PC004,396529.49,269340.31,127189.18,422359.02,268326.98
BUD0004974,2026,2,CC0013,PC003,532666.5,406726.22,125940.28,527849.97,429836.88
BUD0004975,2026,4,CC0014,PC004,111697.12,61639.11,50058.01,109750.05,60023.78
BUD0004976,2026,6,CC0004,PC004,624691.05,407321.2,217369.85,605806.7,424767.41
BUD0004977,2026,11,CC0013,PC003,261210.05,193768.99,67441.06,277648.67,191738.9
BUD0004978,2026,1,CC0003,PC003,202497.86,155311.12,47186.74,199478.32,165984.36
BUD0004979,2025,5,CC0017,PC007,547367.84,352537.35,194830.49,576067.73,360717.24
BUD0004980,2026,3,CC0003,PC003,429424.32,245781.19,183643.13,408887.52,244552.56
BUD0004981,2025,4,CC0013,PC003,409066.84,332120.37,76946.47,403672.31,352014.09
BUD0004982,2026,7,CC0006,PC006,99907.15,79830.01,20077.14,108127.3,79872.41
BUD0004983,2025,2,CC0011,PC001,455138.08,283192.91,171945.17,480604.44,294972.48
BUD0004984,2026,3,CC0004,PC004,208188.45,165719.07,42469.38,210647.13,175408.06
BUD0004985,2026,1,CC0017,PC007,237338.24,160699.1,76639.14,231453.01,169897.35
BUD0004986,2026,1,CC0006,PC006,660853.33,536094.83,124758.5,641149.49,548067.25
BUD0004987,2026,1,CC0003,PC003,395457.76,305359.48,90098.28,393686.76,306053.61
BUD0004988,2026,4,CC0007,PC007,269955.76,174932.24,95023.52,255455.9,167219.8
BUD0004989,2026,2,CC0009,PC009,591270.41,327384.0,263886.41,587213.82,323719.68
BUD0004990,2026,2,CC0010,PC010,525760.4,346553.47,179206.93,511999.37,351575.34
BUD0004991,2025,9,CC0005,PC005,689458.36,451795.96,237662.4,668987.53,465196.13
BUD0004992,2026,6,CC0001,PC001,122522.48,70806.31,51716.17,122358.53,69944.23
BUD0004993,2025,1,CC0018,PC008,84811.42,48014.69,36796.73,85527.76,47307.08
BUD0004994,2026,3,CC0020,PC010,609799.6,385962.31,223837.29,580239.18,407398.63
BUD0004995,2026,12,CC0019,PC009,634644.58,508719.24,125925.34,606880.83,506850.74
BUD0004996,2025,12,CC0019,PC009,584604.74,423257.37,161347.37,615868.29,416252.57
BUD0004997,2026,5,CC0008,PC008,609832.93,393442.08,216390.85,655752.52,403237.38
BUD0004998,2026,12,CC0017,PC007,735516.84,432914.09,302602.75,807728.81,423027.22
BUD0004999,2025,10,CC0012,PC002,381071.37,302510.26,78561.11,366058.91,298469.59
BUD0005000,2025,7,CC0016,PC006,544641.47,426546.1,118095.37,513669.95,429990.19
