Commission_ID,Transaction_ID,Invoice_Line_ID,Sales_Rep_ID,Customer_ID,Product_ID,Commission_Date,Commission_Type,Commission_Rate,Commission_Amount
COM0000001,T0000001,IL0000001,SR001,C00058,P0007,2026-10-17,New Account,0.0131,4.47
COM0000002,T0000002,IL0000002,SR002,C00120,P0130,2025-08-12,Accelerator,0.013,1.26
COM0000003,T0000003,IL0000003,SR003,C00358,P0109,2025-06-13,New Account,0.031,9.54
COM0000004,T0000004,IL0000004,SR004,C00374,P0118,2025-02-14,Standard,0.0178,12.12
COM0000005,T0000005,IL0000005,SR005,C00036,P0012,2026-12-23,New Account,0.0511,76.58
COM0000006,T0000006,IL0000006,SR006,C00108,P0069,2025-12-30,New Account,0.0113,6.43
COM0000007,T0000007,IL0000007,SR007,C00432,P0015,2025-11-29,New Account,0.0492,8.0
COM0000008,T0000008,IL0000008,SR008,C00203,P0118,2026-05-27,Standard,0.0155,4.19
COM0000009,T0000009,IL0000009,SR009,C00261,P0127,2025-05-22,New Account,0.0571,14.5
COM0000010,T0000010,IL0000010,SR010,C00271,P0065,2026-04-25,Standard,0.016,1.0
COM0000011,T0000011,IL0000011,SR011,C00233,P0001,2025-06-11,Accelerator,0.0635,137.58
COM0000012,T0000012,IL0000012,SR012,C00391,P0042,2026-01-18,Standard,0.0341,91.87
COM0000013,T0000013,IL0000013,SR013,C00030,P0062,2025-09-03,Accelerator,0.0197,1.29
COM0000014,T0000014,IL0000014,SR014,C00085,P0068,2026-07-17,Accelerator,0.0113,23.86
COM0000015,T0000015,IL0000015,SR015,C00225,P0133,2026-01-18,Accelerator,0.0562,11.99
COM0000016,T0000016,IL0000016,SR016,C00118,P0018,2025-03-02,New Account,0.0463,11.14
COM0000017,T0000017,IL0000017,SR017,C00125,P0122,2026-04-30,Standard,0.0125,2.01
COM0000018,T0000018,IL0000018,SR018,C00051,P0016,2026-10-24,New Account,0.0464,72.64
COM0000019,T0000019,IL0000019,SR019,C00227,P0141,2025-03-19,Standard,0.0313,6.59
COM0000020,T0000020,IL0000020,SR020,C00110,P0103,2026-05-08,New Account,0.0221,7.94
COM0000021,T0000021,IL0000021,SR021,C00339,P0125,2026-07-24,Accelerator,0.0491,16.83
COM0000022,T0000022,IL0000022,SR022,C00471,P0136,2026-05-30,Accelerator,0.0335,11.36
COM0000023,T0000023,IL0000023,SR023,C00127,P0149,2026-08-07,New Account,0.0323,5.12
COM0000024,T0000024,IL0000024,SR024,C00136,P0102,2025-09-02,Accelerator,0.0392,30.95
COM0000025,T0000025,IL0000025,SR025,C00110,P0130,2026-07-05,New Account,0.0422,27.61
COM0000026,T0000026,IL0000026,SR026,C00414,P0136,2026-09-19,Standard,0.052,52.64
COM0000027,T0000027,IL0000027,SR027,C00145,P0054,2025-10-06,Accelerator,0.0647,51.22
COM0000028,T0000028,IL0000028,SR028,C00023,P0001,2025-10-11,Accelerator,0.0116,5.67
COM0000029,T0000029,IL0000029,SR029,C00463,P0039,2026-12-09,Standard,0.0371,6.99
COM0000030,T0000030,IL0000030,SR030,C00461,P0092,2025-02-10,New Account,0.0362,34.71
COM0000031,T0000031,IL0000031,SR031,C00443,P0042,2025-08-31,Standard,0.0291,5.49
COM0000032,T0000032,IL0000032,SR032,C00082,P0028,2025-10-01,Standard,0.0643,13.3
COM0000033,T0000033,IL0000033,SR033,C00338,P0050,2025-01-25,Standard,0.0463,28.33
COM0000034,T0000034,IL0000034,SR034,C00481,P0008,2025-12-06,Standard,0.0455,14.75
COM0000035,T0000035,IL0000035,SR035,C00262,P0030,2026-09-13,New Account,0.0238,19.2
COM0000036,T0000036,IL0000036,SR036,C00101,P0094,2026-11-18,New Account,0.0226,8.05
COM0000037,T0000037,IL0000037,SR037,C00210,P0084,2026-11-14,Standard,0.0647,64.08
COM0000038,T0000038,IL0000038,SR038,C00281,P0001,2026-02-20,New Account,0.0388,15.51
COM0000039,T0000039,IL0000039,SR039,C00338,P0022,2025-06-23,Standard,0.0435,80.71
COM0000040,T0000040,IL0000040,SR040,C00013,P0012,2025-05-31,Accelerator,0.0144,22.67
COM0000041,T0000041,IL0000041,SR001,C00125,P0038,2026-02-14,Standard,0.0466,22.42
COM0000042,T0000042,IL0000042,SR002,C00234,P0035,2025-05-05,New Account,0.023,63.09
COM0000043,T0000043,IL0000043,SR003,C00229,P0041,2026-07-16,New Account,0.0523,39.69
COM0000044,T0000044,IL0000044,SR004,C00366,P0074,2025-03-21,New Account,0.0535,29.84
COM0000045,T0000045,IL0000045,SR005,C00209,P0085,2026-03-01,Standard,0.0576,67.36
COM0000046,T0000046,IL0000046,SR006,C00195,P0123,2026-08-13,Standard,0.0485,31.48
COM0000047,T0000047,IL0000047,SR007,C00250,P0057,2025-08-14,Standard,0.0269,33.18
COM0000048,T0000048,IL0000048,SR008,C00274,P0007,2026-09-30,Standard,0.019,40.51
COM0000049,T0000049,IL0000049,SR009,C00168,P0087,2026-04-11,Accelerator,0.0378,43.36
COM0000050,T0000050,IL0000050,SR010,C00115,P0018,2025-12-25,Standard,0.0385,7.45
COM0000051,T0000051,IL0000051,SR011,C00239,P0066,2025-08-12,Standard,0.0408,21.9
COM0000052,T0000052,IL0000052,SR012,C00295,P0097,2025-11-16,Accelerator,0.0528,7.88
COM0000053,T0000053,IL0000053,SR013,C00408,P0145,2025-05-04,Accelerator,0.0139,14.4
COM0000054,T0000054,IL0000054,SR014,C00492,P0093,2026-03-20,Standard,0.0126,5.0
COM0000055,T0000055,IL0000055,SR015,C00423,P0069,2026-03-23,Standard,0.0588,70.03
COM0000056,T0000056,IL0000056,SR016,C00254,P0084,2025-01-30,New Account,0.0238,15.93
COM0000057,T0000057,IL0000057,SR017,C00044,P0062,2025-07-15,Accelerator,0.0522,82.42
COM0000058,T0000058,IL0000058,SR018,C00355,P0063,2026-02-19,New Account,0.0254,25.42
COM0000059,T0000059,IL0000059,SR019,C00119,P0031,2025-09-15,Standard,0.0537,16.21
COM0000060,T0000060,IL0000060,SR020,C00306,P0073,2026-06-22,Accelerator,0.0383,13.94
COM0000061,T0000061,IL0000061,SR021,C00358,P0033,2025-10-27,Accelerator,0.0567,28.55
COM0000062,T0000062,IL0000062,SR022,C00059,P0017,2026-05-05,Standard,0.0355,12.95
COM0000063,T0000063,IL0000063,SR023,C00286,P0107,2025-05-02,Accelerator,0.0301,30.12
COM0000064,T0000064,IL0000064,SR024,C00313,P0026,2025-03-03,New Account,0.0471,17.73
COM0000065,T0000065,IL0000065,SR025,C00150,P0009,2026-04-27,New Account,0.0145,16.46
COM0000066,T0000066,IL0000066,SR026,C00412,P0051,2026-11-09,Standard,0.0139,4.82
COM0000067,T0000067,IL0000067,SR027,C00472,P0074,2026-08-06,Standard,0.0156,5.68
COM0000068,T0000068,IL0000068,SR028,C00377,P0083,2026-03-19,New Account,0.0423,5.13
COM0000069,T0000069,IL0000069,SR029,C00296,P0011,2025-10-03,New Account,0.0157,21.76
COM0000070,T0000070,IL0000070,SR030,C00179,P0105,2026-04-27,Standard,0.0383,44.16
COM0000071,T0000071,IL0000071,SR031,C00019,P0117,2026-07-18,New Account,0.0423,22.46
COM0000072,T0000072,IL0000072,SR032,C00212,P0014,2026-04-19,Accelerator,0.0117,12.52
COM0000073,T0000073,IL0000073,SR033,C00451,P0125,2026-03-25,New Account,0.0169,3.06
COM0000074,T0000074,IL0000074,SR034,C00237,P0031,2025-04-27,Accelerator,0.0639,166.27
COM0000075,T0000075,IL0000075,SR035,C00197,P0049,2025-05-29,New Account,0.0307,68.35
COM0000076,T0000076,IL0000076,SR036,C00421,P0001,2025-10-01,New Account,0.046,61.6
COM0000077,T0000077,IL0000077,SR037,C00194,P0117,2026-07-11,New Account,0.065,67.28
COM0000078,T0000078,IL0000078,SR038,C00198,P0039,2026-01-26,New Account,0.0502,2.03
COM0000079,T0000079,IL0000079,SR039,C00370,P0037,2025-01-16,Accelerator,0.0477,5.29
COM0000080,T0000080,IL0000080,SR040,C00440,P0137,2026-11-22,Accelerator,0.0314,34.14
COM0000081,T0000081,IL0000081,SR001,C00117,P0024,2025-10-22,New Account,0.0624,27.05
COM0000082,T0000082,IL0000082,SR002,C00151,P0092,2025-02-27,Standard,0.0264,11.96
COM0000083,T0000083,IL0000083,SR003,C00350,P0062,2026-09-27,New Account,0.0253,5.65
COM0000084,T0000084,IL0000084,SR004,C00081,P0019,2026-07-14,Accelerator,0.0513,95.48
COM0000085,T0000085,IL0000085,SR005,C00055,P0061,2026-05-10,Accelerator,0.0636,83.92
COM0000086,T0000086,IL0000086,SR006,C00399,P0013,2026-12-04,Standard,0.0495,110.69
COM0000087,T0000087,IL0000087,SR007,C00348,P0036,2025-09-14,Standard,0.0626,5.11
COM0000088,T0000088,IL0000088,SR008,C00103,P0034,2025-06-29,Accelerator,0.0469,51.32
COM0000089,T0000089,IL0000089,SR009,C00412,P0030,2025-12-13,New Account,0.0599,4.79
COM0000090,T0000090,IL0000090,SR010,C00047,P0102,2026-01-10,Accelerator,0.0282,23.07
COM0000091,T0000091,IL0000091,SR011,C00346,P0060,2025-04-21,Standard,0.0291,2.89
COM0000092,T0000092,IL0000092,SR012,C00155,P0105,2026-12-19,Accelerator,0.0403,3.48
COM0000093,T0000093,IL0000093,SR013,C00344,P0139,2026-01-15,Standard,0.0644,48.78
COM0000094,T0000094,IL0000094,SR014,C00228,P0114,2025-08-11,New Account,0.0584,17.12
COM0000095,T0000095,IL0000095,SR015,C00486,P0117,2025-05-06,New Account,0.0159,12.11
COM0000096,T0000096,IL0000096,SR016,C00425,P0142,2025-03-12,Standard,0.013,12.9
COM0000097,T0000097,IL0000097,SR017,C00277,P0065,2025-05-14,Accelerator,0.0642,28.26
COM0000098,T0000098,IL0000098,SR018,C00065,P0108,2025-02-23,Standard,0.0106,5.04
COM0000099,T0000099,IL0000099,SR019,C00373,P0134,2025-02-14,Accelerator,0.0621,104.72
COM0000100,T0000100,IL0000100,SR020,C00038,P0021,2026-03-31,Accelerator,0.0605,6.3
COM0000101,T0000101,IL0000101,SR021,C00259,P0111,2026-04-10,New Account,0.0257,13.57
COM0000102,T0000102,IL0000102,SR022,C00424,P0117,2025-12-14,Standard,0.045,81.09
COM0000103,T0000103,IL0000103,SR023,C00426,P0022,2025-04-04,New Account,0.0453,15.86
COM0000104,T0000104,IL0000104,SR024,C00211,P0091,2025-05-06,Accelerator,0.0104,3.0
COM0000105,T0000105,IL0000105,SR025,C00180,P0143,2025-04-21,New Account,0.0131,6.48
COM0000106,T0000106,IL0000106,SR026,C00286,P0007,2026-10-21,New Account,0.0342,4.48
COM0000107,T0000107,IL0000107,SR027,C00206,P0018,2026-11-05,New Account,0.0245,0.69
COM0000108,T0000108,IL0000108,SR028,C00306,P0022,2026-08-05,New Account,0.0117,2.14
COM0000109,T0000109,IL0000109,SR029,C00111,P0132,2025-10-07,Standard,0.0468,42.33
COM0000110,T0000110,IL0000110,SR030,C00029,P0002,2026-09-06,Standard,0.0329,49.6
COM0000111,T0000111,IL0000111,SR031,C00195,P0137,2025-05-13,New Account,0.0301,48.41
COM0000112,T0000112,IL0000112,SR032,C00442,P0081,2025-03-21,New Account,0.0547,75.8
COM0000113,T0000113,IL0000113,SR033,C00236,P0093,2026-09-25,Accelerator,0.0483,100.47
COM0000114,T0000114,IL0000114,SR034,C00399,P0044,2025-12-08,New Account,0.0554,99.77
COM0000115,T0000115,IL0000115,SR035,C00121,P0027,2025-06-01,New Account,0.0117,3.92
COM0000116,T0000116,IL0000116,SR036,C00390,P0149,2026-08-01,Standard,0.021,39.52
COM0000117,T0000117,IL0000117,SR037,C00156,P0071,2026-10-09,Standard,0.0239,3.32
COM0000118,T0000118,IL0000118,SR038,C00315,P0130,2025-04-03,Standard,0.041,62.19
COM0000119,T0000119,IL0000119,SR039,C00244,P0129,2026-09-12,New Account,0.0109,1.73
COM0000120,T0000120,IL0000120,SR040,C00225,P0113,2026-12-26,New Account,0.0415,76.65
COM0000121,T0000121,IL0000121,SR001,C00332,P0086,2026-10-09,Accelerator,0.06,16.17
COM0000122,T0000122,IL0000122,SR002,C00042,P0150,2025-12-08,New Account,0.025,17.13
COM0000123,T0000123,IL0000123,SR003,C00406,P0085,2026-10-21,New Account,0.0611,26.53
COM0000124,T0000124,IL0000124,SR004,C00099,P0058,2026-05-13,New Account,0.0157,1.79
COM0000125,T0000125,IL0000125,SR005,C00449,P0034,2025-12-11,New Account,0.0244,10.86
COM0000126,T0000126,IL0000126,SR006,C00347,P0061,2026-01-09,Standard,0.0298,36.36
COM0000127,T0000127,IL0000127,SR007,C00189,P0147,2025-07-18,New Account,0.05,95.02
COM0000128,T0000128,IL0000128,SR008,C00027,P0124,2025-09-14,Accelerator,0.0265,73.84
COM0000129,T0000129,IL0000129,SR009,C00076,P0112,2026-06-10,Accelerator,0.0603,57.9
COM0000130,T0000130,IL0000130,SR010,C00192,P0058,2025-03-25,New Account,0.0213,32.27
COM0000131,T0000131,IL0000131,SR011,C00426,P0036,2026-12-14,New Account,0.0396,60.49
COM0000132,T0000132,IL0000132,SR012,C00057,P0074,2026-03-10,Standard,0.0145,4.24
COM0000133,T0000133,IL0000133,SR013,C00009,P0132,2026-07-03,Standard,0.0332,34.28
COM0000134,T0000134,IL0000134,SR014,C00500,P0093,2026-06-21,Standard,0.0545,90.91
COM0000135,T0000135,IL0000135,SR015,C00130,P0005,2026-01-18,Accelerator,0.0545,7.94
COM0000136,T0000136,IL0000136,SR016,C00174,P0045,2026-07-14,Accelerator,0.0183,30.19
COM0000137,T0000137,IL0000137,SR017,C00454,P0011,2025-07-24,Standard,0.0212,19.17
COM0000138,T0000138,IL0000138,SR018,C00444,P0085,2025-02-18,Accelerator,0.0588,34.43
COM0000139,T0000139,IL0000139,SR019,C00255,P0095,2026-12-10,New Account,0.0264,31.48
COM0000140,T0000140,IL0000140,SR020,C00168,P0076,2025-03-23,New Account,0.0123,18.67
COM0000141,T0000141,IL0000141,SR021,C00141,P0015,2026-03-22,New Account,0.0542,44.7
COM0000142,T0000142,IL0000142,SR022,C00065,P0018,2025-02-05,Accelerator,0.0319,25.4
COM0000143,T0000143,IL0000143,SR023,C00294,P0036,2025-03-20,Accelerator,0.0292,26.26
COM0000144,T0000144,IL0000144,SR024,C00061,P0068,2026-07-30,Standard,0.0235,14.23
COM0000145,T0000145,IL0000145,SR025,C00461,P0114,2025-06-26,Standard,0.0409,48.44
COM0000146,T0000146,IL0000146,SR026,C00327,P0045,2026-12-19,Standard,0.0334,24.18
COM0000147,T0000147,IL0000147,SR027,C00412,P0142,2026-04-24,Standard,0.0158,0.97
COM0000148,T0000148,IL0000148,SR028,C00498,P0082,2025-05-09,New Account,0.0266,32.47
COM0000149,T0000149,IL0000149,SR029,C00222,P0129,2025-05-13,Accelerator,0.0113,4.3
COM0000150,T0000150,IL0000150,SR030,C00434,P0021,2025-10-18,New Account,0.0152,11.11
COM0000151,T0000151,IL0000151,SR031,C00079,P0044,2026-08-18,Accelerator,0.0383,59.96
COM0000152,T0000152,IL0000152,SR032,C00108,P0147,2026-10-29,Standard,0.0593,5.77
COM0000153,T0000153,IL0000153,SR033,C00233,P0019,2025-11-01,Accelerator,0.0362,15.09
COM0000154,T0000154,IL0000154,SR034,C00500,P0103,2025-12-20,New Account,0.0268,31.79
COM0000155,T0000155,IL0000155,SR035,C00443,P0108,2026-01-29,Standard,0.0197,13.76
COM0000156,T0000156,IL0000156,SR036,C00255,P0006,2025-11-12,Standard,0.0499,54.71
COM0000157,T0000157,IL0000157,SR037,C00345,P0121,2026-11-01,New Account,0.0524,11.55
COM0000158,T0000158,IL0000158,SR038,C00292,P0144,2025-02-22,New Account,0.0621,73.26
COM0000159,T0000159,IL0000159,SR039,C00066,P0025,2025-05-02,New Account,0.0547,88.16
COM0000160,T0000160,IL0000160,SR040,C00020,P0036,2025-02-16,Standard,0.0222,33.67
COM0000161,T0000161,IL0000161,SR001,C00379,P0077,2026-09-24,Accelerator,0.0635,62.73
COM0000162,T0000162,IL0000162,SR002,C00214,P0150,2025-04-23,Standard,0.0611,6.41
COM0000163,T0000163,IL0000163,SR003,C00088,P0135,2026-05-07,Accelerator,0.0579,23.15
COM0000164,T0000164,IL0000164,SR004,C00212,P0053,2025-06-05,New Account,0.0158,31.1
COM0000165,T0000165,IL0000165,SR005,C00340,P0123,2025-11-29,Standard,0.0135,10.2
COM0000166,T0000166,IL0000166,SR006,C00412,P0068,2026-10-21,Standard,0.0623,42.59
COM0000167,T0000167,IL0000167,SR007,C00354,P0126,2025-08-01,New Account,0.0268,25.78
COM0000168,T0000168,IL0000168,SR008,C00420,P0089,2026-02-09,Accelerator,0.0583,9.03
COM0000169,T0000169,IL0000169,SR009,C00139,P0144,2026-07-06,Accelerator,0.0625,8.17
COM0000170,T0000170,IL0000170,SR010,C00212,P0085,2025-04-13,Standard,0.0181,7.08
COM0000171,T0000171,IL0000171,SR011,C00245,P0052,2026-05-03,Accelerator,0.0451,26.77
COM0000172,T0000172,IL0000172,SR012,C00468,P0045,2025-02-08,New Account,0.0278,25.72
COM0000173,T0000173,IL0000173,SR013,C00449,P0010,2025-10-24,New Account,0.0128,13.27
COM0000174,T0000174,IL0000174,SR014,C00436,P0130,2025-05-18,Accelerator,0.0317,12.12
COM0000175,T0000175,IL0000175,SR015,C00291,P0050,2025-10-30,New Account,0.026,47.8
COM0000176,T0000176,IL0000176,SR016,C00004,P0067,2025-09-12,Standard,0.0147,9.47
COM0000177,T0000177,IL0000177,SR017,C00032,P0031,2025-08-30,New Account,0.0457,15.66
COM0000178,T0000178,IL0000178,SR018,C00189,P0057,2025-10-30,Standard,0.0282,10.84
COM0000179,T0000179,IL0000179,SR019,C00423,P0056,2026-11-12,New Account,0.0327,8.16
COM0000180,T0000180,IL0000180,SR020,C00294,P0138,2025-07-27,New Account,0.057,19.92
COM0000181,T0000181,IL0000181,SR021,C00233,P0034,2025-02-26,Accelerator,0.0223,25.9
COM0000182,T0000182,IL0000182,SR022,C00297,P0019,2025-08-12,Accelerator,0.0311,27.45
COM0000183,T0000183,IL0000183,SR023,C00093,P0035,2026-02-23,Standard,0.0467,92.41
COM0000184,T0000184,IL0000184,SR024,C00069,P0090,2026-07-07,Accelerator,0.0567,56.37
COM0000185,T0000185,IL0000185,SR025,C00345,P0140,2026-04-20,New Account,0.0438,55.24
COM0000186,T0000186,IL0000186,SR026,C00415,P0108,2025-02-02,Accelerator,0.0179,0.6
COM0000187,T0000187,IL0000187,SR027,C00206,P0113,2025-02-15,Accelerator,0.026,19.74
COM0000188,T0000188,IL0000188,SR028,C00296,P0083,2025-11-23,Standard,0.0136,18.81
COM0000189,T0000189,IL0000189,SR029,C00321,P0110,2025-06-29,New Account,0.0179,5.3
COM0000190,T0000190,IL0000190,SR030,C00193,P0048,2025-11-04,Accelerator,0.0236,18.31
COM0000191,T0000191,IL0000191,SR031,C00286,P0136,2026-03-03,Standard,0.0197,12.39
COM0000192,T0000192,IL0000192,SR032,C00027,P0069,2025-07-15,New Account,0.0604,12.85
COM0000193,T0000193,IL0000193,SR033,C00156,P0004,2025-12-07,New Account,0.0169,17.45
COM0000194,T0000194,IL0000194,SR034,C00283,P0083,2025-09-03,Standard,0.0127,13.44
COM0000195,T0000195,IL0000195,SR035,C00390,P0082,2026-04-26,New Account,0.0435,31.57
COM0000196,T0000196,IL0000196,SR036,C00152,P0040,2026-03-04,Standard,0.0218,11.18
COM0000197,T0000197,IL0000197,SR037,C00495,P0126,2026-05-16,Standard,0.0284,20.14
COM0000198,T0000198,IL0000198,SR038,C00269,P0009,2025-03-02,New Account,0.0582,13.37
COM0000199,T0000199,IL0000199,SR039,C00031,P0124,2026-01-18,Accelerator,0.0425,0.33
COM0000200,T0000200,IL0000200,SR040,C00346,P0111,2026-12-16,Accelerator,0.0184,10.16
COM0000201,T0000201,IL0000201,SR001,C00192,P0104,2025-03-22,Standard,0.0387,32.92
COM0000202,T0000202,IL0000202,SR002,C00048,P0104,2025-02-02,New Account,0.0389,50.6
COM0000203,T0000203,IL0000203,SR003,C00440,P0025,2026-08-03,Accelerator,0.0228,1.52
COM0000204,T0000204,IL0000204,SR004,C00461,P0140,2025-10-15,Standard,0.0221,1.02
COM0000205,T0000205,IL0000205,SR005,C00154,P0042,2025-03-20,Accelerator,0.0356,26.64
COM0000206,T0000206,IL0000206,SR006,C00371,P0021,2026-12-07,Accelerator,0.0185,4.05
COM0000207,T0000207,IL0000207,SR007,C00016,P0070,2025-12-01,Standard,0.054,40.9
COM0000208,T0000208,IL0000208,SR008,C00409,P0064,2025-10-30,New Account,0.0476,7.17
COM0000209,T0000209,IL0000209,SR009,C00228,P0093,2025-11-12,New Account,0.0192,2.14
COM0000210,T0000210,IL0000210,SR010,C00306,P0084,2025-04-06,Standard,0.0601,1.91
COM0000211,T0000211,IL0000211,SR011,C00351,P0098,2025-06-23,Standard,0.0535,13.71
COM0000212,T0000212,IL0000212,SR012,C00129,P0064,2026-01-05,Accelerator,0.0207,11.88
COM0000213,T0000213,IL0000213,SR013,C00172,P0111,2026-03-27,Standard,0.0493,12.55
COM0000214,T0000214,IL0000214,SR014,C00325,P0126,2026-12-13,Accelerator,0.0165,8.47
COM0000215,T0000215,IL0000215,SR015,C00350,P0141,2025-07-04,Standard,0.045,105.75
COM0000216,T0000216,IL0000216,SR016,C00256,P0036,2026-11-21,Accelerator,0.0486,20.33
COM0000217,T0000217,IL0000217,SR017,C00260,P0108,2026-07-02,New Account,0.0527,9.58
COM0000218,T0000218,IL0000218,SR018,C00341,P0091,2026-11-05,New Account,0.053,7.82
COM0000219,T0000219,IL0000219,SR019,C00133,P0057,2025-04-11,Standard,0.0287,47.4
COM0000220,T0000220,IL0000220,SR020,C00177,P0007,2025-06-04,Accelerator,0.0448,8.64
COM0000221,T0000221,IL0000221,SR021,C00267,P0124,2025-07-31,Accelerator,0.0639,25.31
COM0000222,T0000222,IL0000222,SR022,C00332,P0028,2025-12-18,Accelerator,0.034,25.07
COM0000223,T0000223,IL0000223,SR023,C00328,P0111,2025-07-10,Standard,0.0445,5.77
COM0000224,T0000224,IL0000224,SR024,C00415,P0017,2026-12-22,New Account,0.0157,7.36
COM0000225,T0000225,IL0000225,SR025,C00161,P0100,2026-10-17,Standard,0.0261,34.79
COM0000226,T0000226,IL0000226,SR026,C00303,P0022,2026-09-22,Accelerator,0.0163,4.97
COM0000227,T0000227,IL0000227,SR027,C00217,P0048,2026-01-28,New Account,0.0158,31.87
COM0000228,T0000228,IL0000228,SR028,C00318,P0014,2026-04-07,Standard,0.0467,1.92
COM0000229,T0000229,IL0000229,SR029,C00431,P0114,2026-12-29,Accelerator,0.0169,2.31
COM0000230,T0000230,IL0000230,SR030,C00290,P0127,2026-04-14,Accelerator,0.0396,18.85
COM0000231,T0000231,IL0000231,SR031,C00280,P0056,2026-03-28,Accelerator,0.0406,16.79
COM0000232,T0000232,IL0000232,SR032,C00225,P0031,2025-03-31,Standard,0.0477,45.02
COM0000233,T0000233,IL0000233,SR033,C00417,P0053,2025-07-31,Accelerator,0.064,81.27
COM0000234,T0000234,IL0000234,SR034,C00461,P0025,2026-06-11,Standard,0.0166,33.61
COM0000235,T0000235,IL0000235,SR035,C00390,P0101,2025-09-11,Standard,0.0213,10.61
COM0000236,T0000236,IL0000236,SR036,C00384,P0072,2026-06-12,Standard,0.0332,80.98
COM0000237,T0000237,IL0000237,SR037,C00358,P0092,2026-11-12,Accelerator,0.019,22.51
COM0000238,T0000238,IL0000238,SR038,C00290,P0125,2025-05-14,Standard,0.0563,1.76
COM0000239,T0000239,IL0000239,SR039,C00104,P0034,2026-03-15,Standard,0.037,27.83
COM0000240,T0000240,IL0000240,SR040,C00203,P0079,2025-02-23,Standard,0.0112,17.46
COM0000241,T0000241,IL0000241,SR001,C00005,P0088,2025-01-10,Standard,0.0125,21.61
COM0000242,T0000242,IL0000242,SR002,C00071,P0098,2025-11-03,Accelerator,0.0371,3.78
COM0000243,T0000243,IL0000243,SR003,C00316,P0114,2026-02-26,Accelerator,0.0225,10.36
COM0000244,T0000244,IL0000244,SR004,C00142,P0022,2025-09-11,New Account,0.0407,72.12
COM0000245,T0000245,IL0000245,SR005,C00266,P0131,2025-07-30,Standard,0.0435,32.0
COM0000246,T0000246,IL0000246,SR006,C00037,P0136,2026-09-01,Standard,0.0203,38.39
COM0000247,T0000247,IL0000247,SR007,C00009,P0018,2025-03-16,New Account,0.0262,9.4
COM0000248,T0000248,IL0000248,SR008,C00360,P0103,2026-03-10,Accelerator,0.0407,73.92
COM0000249,T0000249,IL0000249,SR009,C00201,P0017,2025-12-01,Accelerator,0.0304,54.25
COM0000250,T0000250,IL0000250,SR010,C00342,P0045,2025-11-13,Accelerator,0.0218,1.41
COM0000251,T0000251,IL0000251,SR011,C00191,P0033,2025-06-20,Accelerator,0.0648,34.99
COM0000252,T0000252,IL0000252,SR012,C00255,P0117,2025-03-20,Accelerator,0.0102,2.33
COM0000253,T0000253,IL0000253,SR013,C00117,P0131,2025-04-29,Standard,0.0229,5.74
COM0000254,T0000254,IL0000254,SR014,C00284,P0108,2025-02-06,Standard,0.0544,26.88
COM0000255,T0000255,IL0000255,SR015,C00092,P0058,2025-02-23,Standard,0.0119,3.37
COM0000256,T0000256,IL0000256,SR016,C00189,P0052,2025-01-09,Accelerator,0.0491,121.86
COM0000257,T0000257,IL0000257,SR017,C00390,P0063,2026-07-14,Standard,0.0432,2.58
COM0000258,T0000258,IL0000258,SR018,C00193,P0079,2026-11-05,New Account,0.0481,32.92
COM0000259,T0000259,IL0000259,SR019,C00460,P0134,2025-08-26,Accelerator,0.0434,42.6
COM0000260,T0000260,IL0000260,SR020,C00223,P0034,2025-03-05,New Account,0.0261,12.99
COM0000261,T0000261,IL0000261,SR021,C00484,P0052,2025-03-18,Accelerator,0.0108,1.45
COM0000262,T0000262,IL0000262,SR022,C00238,P0068,2025-11-12,Accelerator,0.0448,4.57
COM0000263,T0000263,IL0000263,SR023,C00365,P0064,2025-04-04,Standard,0.0611,67.78
COM0000264,T0000264,IL0000264,SR024,C00128,P0025,2026-07-18,Standard,0.0648,32.18
COM0000265,T0000265,IL0000265,SR025,C00352,P0022,2026-01-17,Accelerator,0.0554,76.9
COM0000266,T0000266,IL0000266,SR026,C00063,P0011,2025-12-06,New Account,0.0595,3.79
COM0000267,T0000267,IL0000267,SR027,C00466,P0048,2025-08-08,Standard,0.034,26.05
COM0000268,T0000268,IL0000268,SR028,C00032,P0023,2026-05-06,New Account,0.0435,17.93
COM0000269,T0000269,IL0000269,SR029,C00401,P0092,2026-01-27,Accelerator,0.0243,58.35
COM0000270,T0000270,IL0000270,SR030,C00459,P0072,2025-01-31,Accelerator,0.0145,19.03
COM0000271,T0000271,IL0000271,SR031,C00392,P0057,2025-02-27,Standard,0.0222,18.23
COM0000272,T0000272,IL0000272,SR032,C00015,P0091,2026-08-29,Accelerator,0.026,14.8
COM0000273,T0000273,IL0000273,SR033,C00047,P0015,2025-02-08,Accelerator,0.0207,2.08
COM0000274,T0000274,IL0000274,SR034,C00031,P0006,2025-11-28,Accelerator,0.0594,34.11
COM0000275,T0000275,IL0000275,SR035,C00173,P0078,2025-04-14,New Account,0.0211,15.25
COM0000276,T0000276,IL0000276,SR036,C00356,P0092,2026-07-30,Accelerator,0.0346,13.8
COM0000277,T0000277,IL0000277,SR037,C00017,P0047,2026-08-05,New Account,0.0172,27.09
COM0000278,T0000278,IL0000278,SR038,C00178,P0082,2025-09-01,Accelerator,0.0164,6.64
COM0000279,T0000279,IL0000279,SR039,C00132,P0028,2025-12-25,Accelerator,0.0133,1.51
COM0000280,T0000280,IL0000280,SR040,C00425,P0123,2025-04-14,New Account,0.0463,12.91
COM0000281,T0000281,IL0000281,SR001,C00455,P0097,2025-06-24,Accelerator,0.0424,10.2
COM0000282,T0000282,IL0000282,SR002,C00085,P0112,2026-11-01,Accelerator,0.0452,2.34
COM0000283,T0000283,IL0000283,SR003,C00153,P0061,2025-10-16,New Account,0.0173,2.19
COM0000284,T0000284,IL0000284,SR004,C00308,P0123,2026-10-03,Accelerator,0.0479,2.49
COM0000285,T0000285,IL0000285,SR005,C00459,P0068,2026-05-16,Standard,0.0428,55.1
COM0000286,T0000286,IL0000286,SR006,C00289,P0016,2025-10-03,Standard,0.0319,2.49
COM0000287,T0000287,IL0000287,SR007,C00215,P0138,2026-06-20,Accelerator,0.0436,121.31
COM0000288,T0000288,IL0000288,SR008,C00347,P0038,2026-08-09,New Account,0.0418,20.75
COM0000289,T0000289,IL0000289,SR009,C00104,P0038,2026-03-22,Accelerator,0.0254,13.0
COM0000290,T0000290,IL0000290,SR010,C00235,P0004,2026-06-17,Accelerator,0.0322,76.98
COM0000291,T0000291,IL0000291,SR011,C00289,P0026,2025-04-19,Standard,0.0525,130.91
COM0000292,T0000292,IL0000292,SR012,C00074,P0103,2026-02-17,Standard,0.0145,29.03
COM0000293,T0000293,IL0000293,SR013,C00160,P0072,2025-11-07,New Account,0.0616,34.58
COM0000294,T0000294,IL0000294,SR014,C00331,P0023,2026-09-12,Accelerator,0.0426,25.75
COM0000295,T0000295,IL0000295,SR015,C00034,P0080,2025-06-12,New Account,0.0109,4.42
COM0000296,T0000296,IL0000296,SR016,C00017,P0117,2025-09-13,New Account,0.0399,58.17
COM0000297,T0000297,IL0000297,SR017,C00251,P0115,2026-01-17,Standard,0.0352,56.76
COM0000298,T0000298,IL0000298,SR018,C00026,P0042,2026-01-31,Accelerator,0.0262,26.56
COM0000299,T0000299,IL0000299,SR019,C00005,P0122,2026-11-30,Standard,0.0388,24.19
COM0000300,T0000300,IL0000300,SR020,C00459,P0097,2026-03-10,Standard,0.0361,26.43
COM0000301,T0000301,IL0000301,SR021,C00495,P0096,2026-11-10,Accelerator,0.0523,28.8
COM0000302,T0000302,IL0000302,SR022,C00488,P0077,2026-12-30,New Account,0.0644,30.58
COM0000303,T0000303,IL0000303,SR023,C00370,P0007,2025-05-24,Accelerator,0.0282,14.72
COM0000304,T0000304,IL0000304,SR024,C00352,P0137,2025-08-16,New Account,0.0147,14.25
COM0000305,T0000305,IL0000305,SR025,C00372,P0144,2025-09-22,Accelerator,0.0171,21.59
COM0000306,T0000306,IL0000306,SR026,C00151,P0119,2026-08-23,Standard,0.0499,14.19
COM0000307,T0000307,IL0000307,SR027,C00196,P0136,2026-11-29,Standard,0.0432,10.98
COM0000308,T0000308,IL0000308,SR028,C00074,P0081,2026-04-14,Standard,0.0321,7.47
COM0000309,T0000309,IL0000309,SR029,C00296,P0041,2025-06-22,New Account,0.0459,4.3
COM0000310,T0000310,IL0000310,SR030,C00487,P0004,2026-01-18,New Account,0.0266,18.64
COM0000311,T0000311,IL0000311,SR031,C00258,P0079,2026-01-28,Accelerator,0.0489,15.73
COM0000312,T0000312,IL0000312,SR032,C00176,P0126,2025-05-18,Accelerator,0.0614,13.43
COM0000313,T0000313,IL0000313,SR033,C00302,P0130,2025-01-23,Accelerator,0.0428,11.64
COM0000314,T0000314,IL0000314,SR034,C00339,P0028,2025-02-19,New Account,0.0645,13.18
COM0000315,T0000315,IL0000315,SR035,C00005,P0078,2026-10-08,New Account,0.0242,9.99
COM0000316,T0000316,IL0000316,SR036,C00145,P0030,2025-05-01,New Account,0.0254,17.67
COM0000317,T0000317,IL0000317,SR037,C00281,P0128,2025-02-10,Standard,0.0163,16.58
COM0000318,T0000318,IL0000318,SR038,C00400,P0131,2025-04-03,Accelerator,0.0109,5.39
COM0000319,T0000319,IL0000319,SR039,C00437,P0075,2025-02-10,New Account,0.01,7.83
COM0000320,T0000320,IL0000320,SR040,C00184,P0113,2025-12-03,Standard,0.0111,15.24
COM0000321,T0000321,IL0000321,SR001,C00354,P0123,2026-01-30,Accelerator,0.0162,2.42
COM0000322,T0000322,IL0000322,SR002,C00348,P0113,2026-08-06,Standard,0.013,20.67
COM0000323,T0000323,IL0000323,SR003,C00058,P0106,2026-05-15,Accelerator,0.0621,2.05
COM0000324,T0000324,IL0000324,SR004,C00490,P0087,2025-08-18,Standard,0.0504,99.43
COM0000325,T0000325,IL0000325,SR005,C00430,P0143,2025-06-02,New Account,0.0168,0.38
COM0000326,T0000326,IL0000326,SR006,C00124,P0085,2025-11-25,New Account,0.054,8.35
COM0000327,T0000327,IL0000327,SR007,C00439,P0128,2025-04-01,Standard,0.0185,5.69
COM0000328,T0000328,IL0000328,SR008,C00406,P0078,2025-04-04,Accelerator,0.0281,21.18
COM0000329,T0000329,IL0000329,SR009,C00393,P0122,2026-07-28,Accelerator,0.0568,24.0
COM0000330,T0000330,IL0000330,SR010,C00192,P0028,2026-06-19,New Account,0.0376,17.18
COM0000331,T0000331,IL0000331,SR011,C00111,P0118,2026-02-07,Accelerator,0.0607,18.1
COM0000332,T0000332,IL0000332,SR012,C00302,P0130,2026-11-06,New Account,0.0433,7.78
COM0000333,T0000333,IL0000333,SR013,C00355,P0149,2025-07-01,Accelerator,0.0518,6.01
COM0000334,T0000334,IL0000334,SR014,C00391,P0064,2026-12-11,Standard,0.0409,83.36
COM0000335,T0000335,IL0000335,SR015,C00432,P0141,2025-11-03,Accelerator,0.0339,69.45
COM0000336,T0000336,IL0000336,SR016,C00500,P0046,2026-10-28,Standard,0.0208,45.72
COM0000337,T0000337,IL0000337,SR017,C00346,P0137,2026-03-04,Accelerator,0.0592,116.97
COM0000338,T0000338,IL0000338,SR018,C00147,P0065,2025-06-14,Standard,0.0583,15.82
COM0000339,T0000339,IL0000339,SR019,C00443,P0058,2026-07-30,New Account,0.0601,35.84
COM0000340,T0000340,IL0000340,SR020,C00161,P0142,2026-12-03,Standard,0.0255,1.84
COM0000341,T0000341,IL0000341,SR021,C00332,P0095,2026-12-28,Standard,0.0462,108.41
COM0000342,T0000342,IL0000342,SR022,C00377,P0132,2025-06-27,Accelerator,0.0445,9.93
COM0000343,T0000343,IL0000343,SR023,C00021,P0040,2025-06-08,Accelerator,0.0481,11.42
COM0000344,T0000344,IL0000344,SR024,C00163,P0135,2026-12-26,Accelerator,0.0114,6.24
COM0000345,T0000345,IL0000345,SR025,C00170,P0085,2026-11-11,New Account,0.024,9.93
COM0000346,T0000346,IL0000346,SR026,C00178,P0115,2026-11-16,Standard,0.0269,34.13
COM0000347,T0000347,IL0000347,SR027,C00013,P0133,2025-10-17,Accelerator,0.0519,116.96
COM0000348,T0000348,IL0000348,SR028,C00498,P0138,2025-06-21,Accelerator,0.0393,1.78
COM0000349,T0000349,IL0000349,SR029,C00450,P0112,2026-12-21,New Account,0.0365,2.68
COM0000350,T0000350,IL0000350,SR030,C00467,P0067,2025-08-22,New Account,0.0408,42.39
COM0000351,T0000351,IL0000351,SR031,C00388,P0150,2025-03-06,Accelerator,0.0323,5.37
COM0000352,T0000352,IL0000352,SR032,C00203,P0008,2026-01-26,Standard,0.0589,29.71
COM0000353,T0000353,IL0000353,SR033,C00455,P0096,2026-11-25,Standard,0.0598,166.59
COM0000354,T0000354,IL0000354,SR034,C00384,P0089,2025-08-04,Standard,0.0472,97.0
COM0000355,T0000355,IL0000355,SR035,C00410,P0146,2026-11-19,Accelerator,0.0575,86.2
COM0000356,T0000356,IL0000356,SR036,C00183,P0033,2025-12-05,Accelerator,0.023,4.51
COM0000357,T0000357,IL0000357,SR037,C00290,P0146,2025-06-06,Standard,0.0322,55.58
COM0000358,T0000358,IL0000358,SR038,C00069,P0085,2026-01-04,Accelerator,0.0323,39.26
COM0000359,T0000359,IL0000359,SR039,C00457,P0138,2025-05-24,Standard,0.0414,43.77
COM0000360,T0000360,IL0000360,SR040,C00208,P0055,2026-08-16,New Account,0.0402,34.66
COM0000361,T0000361,IL0000361,SR001,C00376,P0075,2026-08-27,Accelerator,0.0378,54.54
COM0000362,T0000362,IL0000362,SR002,C00085,P0132,2026-12-02,Accelerator,0.0555,27.41
COM0000363,T0000363,IL0000363,SR003,C00113,P0125,2025-02-11,Standard,0.0616,7.23
COM0000364,T0000364,IL0000364,SR004,C00021,P0083,2025-02-17,New Account,0.0404,76.66
COM0000365,T0000365,IL0000365,SR005,C00335,P0020,2026-08-25,Accelerator,0.0214,12.1
COM0000366,T0000366,IL0000366,SR006,C00004,P0129,2026-09-11,Accelerator,0.0482,26.44
COM0000367,T0000367,IL0000367,SR007,C00339,P0059,2025-05-02,Accelerator,0.039,52.46
COM0000368,T0000368,IL0000368,SR008,C00066,P0147,2025-02-14,Standard,0.0626,10.54
COM0000369,T0000369,IL0000369,SR009,C00307,P0145,2026-02-20,Standard,0.0188,28.65
COM0000370,T0000370,IL0000370,SR010,C00407,P0150,2025-05-27,Accelerator,0.0617,52.9
COM0000371,T0000371,IL0000371,SR011,C00009,P0052,2025-04-22,Standard,0.0113,21.87
COM0000372,T0000372,IL0000372,SR012,C00258,P0031,2026-06-29,New Account,0.0529,95.29
COM0000373,T0000373,IL0000373,SR013,C00190,P0012,2026-03-07,Standard,0.0125,7.91
COM0000374,T0000374,IL0000374,SR014,C00295,P0026,2026-12-15,New Account,0.048,10.73
COM0000375,T0000375,IL0000375,SR015,C00364,P0002,2025-01-06,Standard,0.0185,9.43
COM0000376,T0000376,IL0000376,SR016,C00300,P0065,2026-10-30,New Account,0.0613,84.32
COM0000377,T0000377,IL0000377,SR017,C00092,P0095,2026-05-10,Accelerator,0.0208,30.07
COM0000378,T0000378,IL0000378,SR018,C00383,P0059,2025-05-02,Standard,0.0215,2.97
COM0000379,T0000379,IL0000379,SR019,C00494,P0002,2026-02-03,Accelerator,0.061,25.28
COM0000380,T0000380,IL0000380,SR020,C00315,P0134,2026-02-15,Accelerator,0.0299,9.07
COM0000381,T0000381,IL0000381,SR021,C00100,P0009,2025-10-20,New Account,0.0417,67.09
COM0000382,T0000382,IL0000382,SR022,C00400,P0103,2025-10-10,New Account,0.052,52.57
COM0000383,T0000383,IL0000383,SR023,C00469,P0150,2026-07-27,Standard,0.0258,50.2
COM0000384,T0000384,IL0000384,SR024,C00260,P0028,2026-02-21,Accelerator,0.0641,14.57
COM0000385,T0000385,IL0000385,SR025,C00356,P0114,2025-09-14,Accelerator,0.0171,27.8
COM0000386,T0000386,IL0000386,SR026,C00060,P0067,2026-05-09,Accelerator,0.0398,52.01
COM0000387,T0000387,IL0000387,SR027,C00359,P0068,2025-01-10,Standard,0.0522,12.58
COM0000388,T0000388,IL0000388,SR028,C00138,P0047,2026-08-11,Accelerator,0.034,72.58
COM0000389,T0000389,IL0000389,SR029,C00080,P0028,2025-12-31,New Account,0.0244,7.37
COM0000390,T0000390,IL0000390,SR030,C00162,P0127,2026-09-28,New Account,0.034,25.15
COM0000391,T0000391,IL0000391,SR031,C00245,P0139,2026-03-10,Standard,0.0263,26.33
COM0000392,T0000392,IL0000392,SR032,C00007,P0054,2025-01-09,Accelerator,0.0287,14.5
COM0000393,T0000393,IL0000393,SR033,C00188,P0048,2025-12-18,New Account,0.0395,22.72
COM0000394,T0000394,IL0000394,SR034,C00352,P0059,2026-08-13,Accelerator,0.0404,49.66
COM0000395,T0000395,IL0000395,SR035,C00091,P0108,2025-01-10,Standard,0.0567,40.88
COM0000396,T0000396,IL0000396,SR036,C00025,P0102,2026-08-05,New Account,0.0204,2.12
COM0000397,T0000397,IL0000397,SR037,C00286,P0066,2026-07-28,Accelerator,0.0553,3.31
COM0000398,T0000398,IL0000398,SR038,C00182,P0084,2025-10-19,Standard,0.0399,84.81
COM0000399,T0000399,IL0000399,SR039,C00414,P0087,2026-10-18,Standard,0.0609,81.59
COM0000400,T0000400,IL0000400,SR040,C00331,P0102,2026-09-12,Accelerator,0.0597,108.74
COM0000401,T0000401,IL0000401,SR001,C00373,P0061,2025-05-09,Standard,0.0615,7.3
COM0000402,T0000402,IL0000402,SR002,C00392,P0022,2026-06-21,Accelerator,0.038,36.19
COM0000403,T0000403,IL0000403,SR003,C00068,P0135,2025-05-10,Accelerator,0.0299,0.51
COM0000404,T0000404,IL0000404,SR004,C00228,P0035,2026-07-16,New Account,0.0617,36.35
COM0000405,T0000405,IL0000405,SR005,C00247,P0139,2025-12-22,Standard,0.0593,14.61
COM0000406,T0000406,IL0000406,SR006,C00147,P0121,2025-12-19,Accelerator,0.0565,2.9
COM0000407,T0000407,IL0000407,SR007,C00281,P0096,2025-01-08,Standard,0.0155,31.35
COM0000408,T0000408,IL0000408,SR008,C00217,P0062,2025-03-23,Standard,0.0321,15.59
COM0000409,T0000409,IL0000409,SR009,C00234,P0116,2026-10-15,Accelerator,0.0118,7.97
COM0000410,T0000410,IL0000410,SR010,C00373,P0003,2026-03-25,Standard,0.0378,4.08
COM0000411,T0000411,IL0000411,SR011,C00170,P0021,2025-02-02,Accelerator,0.0502,5.39
COM0000412,T0000412,IL0000412,SR012,C00063,P0064,2025-01-13,Standard,0.0117,7.73
COM0000413,T0000413,IL0000413,SR013,C00349,P0080,2026-02-03,Standard,0.0468,27.59
COM0000414,T0000414,IL0000414,SR014,C00443,P0056,2025-02-23,Standard,0.0379,33.27
COM0000415,T0000415,IL0000415,SR015,C00298,P0122,2025-02-13,New Account,0.0371,14.3
COM0000416,T0000416,IL0000416,SR016,C00031,P0016,2026-10-03,Standard,0.0322,20.27
COM0000417,T0000417,IL0000417,SR017,C00376,P0050,2026-03-26,Standard,0.0517,43.72
COM0000418,T0000418,IL0000418,SR018,C00291,P0048,2025-07-14,Accelerator,0.0127,8.89
COM0000419,T0000419,IL0000419,SR019,C00152,P0068,2026-04-06,New Account,0.0163,15.58
COM0000420,T0000420,IL0000420,SR020,C00123,P0083,2026-09-28,Accelerator,0.0123,29.96
COM0000421,T0000421,IL0000421,SR021,C00057,P0025,2025-11-26,Standard,0.0541,2.12
COM0000422,T0000422,IL0000422,SR022,C00429,P0100,2026-10-20,New Account,0.0151,28.94
COM0000423,T0000423,IL0000423,SR023,C00252,P0021,2026-11-03,Standard,0.0118,1.6
COM0000424,T0000424,IL0000424,SR024,C00021,P0019,2026-06-26,New Account,0.0535,21.56
COM0000425,T0000425,IL0000425,SR025,C00292,P0046,2025-09-12,New Account,0.0232,33.4
COM0000426,T0000426,IL0000426,SR026,C00406,P0047,2025-06-20,Standard,0.035,41.04
COM0000427,T0000427,IL0000427,SR027,C00433,P0096,2025-11-29,Accelerator,0.0106,21.3
COM0000428,T0000428,IL0000428,SR028,C00493,P0116,2026-01-04,Standard,0.0375,5.53
COM0000429,T0000429,IL0000429,SR029,C00110,P0081,2025-08-16,New Account,0.0186,25.47
COM0000430,T0000430,IL0000430,SR030,C00188,P0150,2025-09-29,New Account,0.035,13.7
COM0000431,T0000431,IL0000431,SR031,C00089,P0125,2026-05-10,New Account,0.0433,14.44
COM0000432,T0000432,IL0000432,SR032,C00451,P0112,2025-12-23,Accelerator,0.0398,23.59
COM0000433,T0000433,IL0000433,SR033,C00269,P0011,2025-11-09,Standard,0.0575,104.44
COM0000434,T0000434,IL0000434,SR034,C00295,P0130,2026-09-02,New Account,0.0586,33.26
COM0000435,T0000435,IL0000435,SR035,C00044,P0103,2025-09-26,New Account,0.0164,32.18
COM0000436,T0000436,IL0000436,SR036,C00377,P0135,2026-09-23,Accelerator,0.0441,7.17
COM0000437,T0000437,IL0000437,SR037,C00098,P0083,2025-12-23,Standard,0.0249,3.15
COM0000438,T0000438,IL0000438,SR038,C00103,P0096,2025-08-28,Standard,0.0369,3.11
COM0000439,T0000439,IL0000439,SR039,C00412,P0029,2026-12-12,Standard,0.0268,34.26
COM0000440,T0000440,IL0000440,SR040,C00374,P0037,2026-09-30,New Account,0.0646,81.86
COM0000441,T0000441,IL0000441,SR001,C00239,P0003,2025-02-24,Accelerator,0.0541,75.39
COM0000442,T0000442,IL0000442,SR002,C00119,P0098,2026-01-31,Standard,0.0228,11.8
COM0000443,T0000443,IL0000443,SR003,C00012,P0011,2026-12-31,New Account,0.0204,21.19
COM0000444,T0000444,IL0000444,SR004,C00142,P0016,2026-05-29,Standard,0.043,79.23
COM0000445,T0000445,IL0000445,SR005,C00071,P0023,2026-11-04,Accelerator,0.0235,63.65
COM0000446,T0000446,IL0000446,SR006,C00169,P0115,2026-09-12,Standard,0.0316,6.2
COM0000447,T0000447,IL0000447,SR007,C00466,P0035,2026-06-21,Standard,0.05,28.36
COM0000448,T0000448,IL0000448,SR008,C00373,P0008,2025-05-30,New Account,0.0539,117.67
COM0000449,T0000449,IL0000449,SR009,C00055,P0034,2025-07-12,New Account,0.061,7.74
COM0000450,T0000450,IL0000450,SR010,C00041,P0123,2026-01-03,Standard,0.0457,108.65
COM0000451,T0000451,IL0000451,SR011,C00017,P0105,2025-08-20,Standard,0.0239,34.84
COM0000452,T0000452,IL0000452,SR012,C00444,P0126,2026-03-26,Standard,0.0427,96.25
COM0000453,T0000453,IL0000453,SR013,C00305,P0138,2026-08-09,New Account,0.04,5.35
COM0000454,T0000454,IL0000454,SR014,C00286,P0100,2025-02-10,New Account,0.063,4.28
COM0000455,T0000455,IL0000455,SR015,C00354,P0133,2025-02-25,Accelerator,0.0321,70.66
COM0000456,T0000456,IL0000456,SR016,C00202,P0106,2025-05-19,Accelerator,0.0383,8.05
COM0000457,T0000457,IL0000457,SR017,C00465,P0042,2026-10-27,Accelerator,0.0109,0.96
COM0000458,T0000458,IL0000458,SR018,C00194,P0141,2025-06-13,Standard,0.0298,5.67
COM0000459,T0000459,IL0000459,SR019,C00027,P0108,2026-12-31,Standard,0.0645,81.36
COM0000460,T0000460,IL0000460,SR020,C00007,P0118,2025-09-17,Accelerator,0.0107,17.7
COM0000461,T0000461,IL0000461,SR021,C00308,P0002,2025-03-23,Accelerator,0.0213,20.17
COM0000462,T0000462,IL0000462,SR022,C00438,P0009,2025-05-29,New Account,0.0199,12.36
COM0000463,T0000463,IL0000463,SR023,C00305,P0147,2026-12-18,Standard,0.0275,26.7
COM0000464,T0000464,IL0000464,SR024,C00389,P0110,2025-03-11,New Account,0.0355,4.71
COM0000465,T0000465,IL0000465,SR025,C00030,P0028,2026-09-19,Accelerator,0.0364,102.96
COM0000466,T0000466,IL0000466,SR026,C00133,P0135,2025-11-21,Standard,0.0301,53.0
COM0000467,T0000467,IL0000467,SR027,C00363,P0075,2025-08-27,Standard,0.0388,0.22
COM0000468,T0000468,IL0000468,SR028,C00171,P0090,2025-02-16,New Account,0.0568,4.98
COM0000469,T0000469,IL0000469,SR029,C00059,P0086,2025-01-07,New Account,0.0101,16.5
COM0000470,T0000470,IL0000470,SR030,C00409,P0010,2026-05-01,New Account,0.0582,30.94
COM0000471,T0000471,IL0000471,SR031,C00428,P0134,2025-02-27,Accelerator,0.0528,126.24
COM0000472,T0000472,IL0000472,SR032,C00034,P0039,2025-12-29,Standard,0.0456,3.47
COM0000473,T0000473,IL0000473,SR033,C00362,P0081,2025-11-12,Standard,0.0163,11.34
COM0000474,T0000474,IL0000474,SR034,C00192,P0010,2025-04-25,Accelerator,0.0202,5.28
COM0000475,T0000475,IL0000475,SR035,C00159,P0084,2026-06-21,Accelerator,0.0427,19.42
COM0000476,T0000476,IL0000476,SR036,C00060,P0002,2026-06-19,Accelerator,0.0604,11.12
COM0000477,T0000477,IL0000477,SR037,C00012,P0148,2025-11-16,Accelerator,0.0435,19.26
COM0000478,T0000478,IL0000478,SR038,C00059,P0004,2025-10-08,New Account,0.0257,44.14
COM0000479,T0000479,IL0000479,SR039,C00088,P0019,2025-09-08,Standard,0.0506,54.65
COM0000480,T0000480,IL0000480,SR040,C00092,P0115,2026-02-06,Accelerator,0.0347,22.89
COM0000481,T0000481,IL0000481,SR001,C00291,P0034,2026-04-22,New Account,0.0459,18.12
COM0000482,T0000482,IL0000482,SR002,C00133,P0094,2026-09-24,Accelerator,0.0635,44.03
COM0000483,T0000483,IL0000483,SR003,C00246,P0119,2025-12-26,Accelerator,0.0169,21.34
COM0000484,T0000484,IL0000484,SR004,C00037,P0078,2026-10-28,New Account,0.0431,48.78
COM0000485,T0000485,IL0000485,SR005,C00303,P0111,2026-12-12,Standard,0.0264,63.86
COM0000486,T0000486,IL0000486,SR006,C00059,P0119,2026-05-14,Standard,0.0627,30.01
COM0000487,T0000487,IL0000487,SR007,C00168,P0127,2026-01-24,New Account,0.039,5.55
COM0000488,T0000488,IL0000488,SR008,C00273,P0075,2026-04-09,New Account,0.0424,67.3
COM0000489,T0000489,IL0000489,SR009,C00368,P0089,2026-03-22,Standard,0.0634,2.63
COM0000490,T0000490,IL0000490,SR010,C00361,P0144,2025-01-01,Standard,0.0405,20.76
COM0000491,T0000491,IL0000491,SR011,C00223,P0140,2026-01-26,New Account,0.0151,7.6
COM0000492,T0000492,IL0000492,SR012,C00065,P0035,2026-11-18,Accelerator,0.0278,7.97
COM0000493,T0000493,IL0000493,SR013,C00441,P0117,2026-03-02,Standard,0.026,38.53
COM0000494,T0000494,IL0000494,SR014,C00296,P0128,2025-01-08,Standard,0.0116,9.62
COM0000495,T0000495,IL0000495,SR015,C00247,P0021,2026-08-18,New Account,0.0286,74.73
COM0000496,T0000496,IL0000496,SR016,C00323,P0020,2026-04-29,New Account,0.0107,12.48
COM0000497,T0000497,IL0000497,SR017,C00216,P0091,2025-12-06,Accelerator,0.0567,19.85
COM0000498,T0000498,IL0000498,SR018,C00087,P0147,2026-08-16,New Account,0.0559,75.0
COM0000499,T0000499,IL0000499,SR019,C00316,P0072,2025-05-16,New Account,0.0497,5.56
COM0000500,T0000500,IL0000500,SR020,C00401,P0061,2025-09-25,New Account,0.0303,24.11
COM0000501,T0000501,IL0000501,SR021,C00386,P0106,2026-05-23,Standard,0.0602,53.76
COM0000502,T0000502,IL0000502,SR022,C00027,P0043,2025-04-29,Standard,0.0186,19.68
COM0000503,T0000503,IL0000503,SR023,C00075,P0136,2025-09-26,Standard,0.0126,0.37
COM0000504,T0000504,IL0000504,SR024,C00327,P0091,2026-06-29,New Account,0.0416,24.12
COM0000505,T0000505,IL0000505,SR025,C00302,P0050,2026-11-20,New Account,0.0514,63.87
COM0000506,T0000506,IL0000506,SR026,C00054,P0115,2026-06-22,Accelerator,0.0174,15.92
COM0000507,T0000507,IL0000507,SR027,C00487,P0032,2025-08-11,Accelerator,0.0319,13.76
COM0000508,T0000508,IL0000508,SR028,C00095,P0065,2026-12-14,Standard,0.0106,19.0
COM0000509,T0000509,IL0000509,SR029,C00132,P0042,2025-11-28,Standard,0.056,71.89
COM0000510,T0000510,IL0000510,SR030,C00476,P0052,2026-05-19,Standard,0.0469,22.88
COM0000511,T0000511,IL0000511,SR031,C00053,P0009,2025-09-23,Standard,0.0424,10.23
COM0000512,T0000512,IL0000512,SR032,C00200,P0069,2026-11-12,Standard,0.0598,95.15
COM0000513,T0000513,IL0000513,SR033,C00277,P0058,2025-03-13,New Account,0.0564,111.57
COM0000514,T0000514,IL0000514,SR034,C00029,P0024,2026-02-15,Standard,0.0176,43.49
COM0000515,T0000515,IL0000515,SR035,C00339,P0049,2026-01-29,New Account,0.0589,115.97
COM0000516,T0000516,IL0000516,SR036,C00013,P0062,2025-07-17,Accelerator,0.0101,2.67
COM0000517,T0000517,IL0000517,SR037,C00174,P0015,2025-02-07,New Account,0.0465,5.51
COM0000518,T0000518,IL0000518,SR038,C00120,P0019,2026-08-17,New Account,0.0429,18.03
COM0000519,T0000519,IL0000519,SR039,C00026,P0079,2026-10-10,Accelerator,0.0183,27.36
COM0000520,T0000520,IL0000520,SR040,C00412,P0052,2025-03-06,New Account,0.021,31.14
COM0000521,T0000521,IL0000521,SR001,C00392,P0012,2025-08-07,Accelerator,0.0194,7.53
COM0000522,T0000522,IL0000522,SR002,C00021,P0035,2026-08-19,Standard,0.0324,56.49
COM0000523,T0000523,IL0000523,SR003,C00214,P0122,2025-10-18,New Account,0.0365,8.45
COM0000524,T0000524,IL0000524,SR004,C00314,P0023,2026-05-27,Accelerator,0.0374,32.37
COM0000525,T0000525,IL0000525,SR005,C00260,P0057,2026-07-07,Accelerator,0.036,13.8
COM0000526,T0000526,IL0000526,SR006,C00473,P0012,2026-11-18,Accelerator,0.0192,12.72
COM0000527,T0000527,IL0000527,SR007,C00091,P0041,2026-07-05,New Account,0.0384,58.96
COM0000528,T0000528,IL0000528,SR008,C00118,P0029,2025-11-30,Accelerator,0.0374,6.99
COM0000529,T0000529,IL0000529,SR009,C00075,P0056,2026-03-23,Accelerator,0.0643,37.78
COM0000530,T0000530,IL0000530,SR010,C00355,P0146,2025-02-02,Accelerator,0.0112,3.22
COM0000531,T0000531,IL0000531,SR011,C00488,P0044,2026-10-16,New Account,0.0515,141.75
COM0000532,T0000532,IL0000532,SR012,C00008,P0110,2025-10-13,Accelerator,0.0575,27.84
COM0000533,T0000533,IL0000533,SR013,C00021,P0121,2025-02-15,Accelerator,0.0182,1.69
COM0000534,T0000534,IL0000534,SR014,C00355,P0105,2025-01-13,Accelerator,0.0621,19.28
COM0000535,T0000535,IL0000535,SR015,C00383,P0150,2026-08-08,Standard,0.0118,15.59
COM0000536,T0000536,IL0000536,SR016,C00441,P0019,2025-01-02,Standard,0.0607,62.58
COM0000537,T0000537,IL0000537,SR017,C00042,P0086,2026-12-03,Accelerator,0.0226,59.46
COM0000538,T0000538,IL0000538,SR018,C00332,P0144,2025-06-29,New Account,0.0222,50.2
COM0000539,T0000539,IL0000539,SR019,C00447,P0054,2026-08-18,New Account,0.0405,28.44
COM0000540,T0000540,IL0000540,SR020,C00425,P0032,2026-06-24,New Account,0.0429,87.85
COM0000541,T0000541,IL0000541,SR021,C00097,P0118,2025-03-09,New Account,0.0106,2.16
COM0000542,T0000542,IL0000542,SR022,C00448,P0053,2025-06-04,New Account,0.0343,1.65
COM0000543,T0000543,IL0000543,SR023,C00097,P0017,2025-10-26,New Account,0.0445,48.48
COM0000544,T0000544,IL0000544,SR024,C00357,P0136,2026-11-13,Accelerator,0.023,27.67
COM0000545,T0000545,IL0000545,SR025,C00395,P0013,2025-10-23,Accelerator,0.0337,20.84
COM0000546,T0000546,IL0000546,SR026,C00355,P0040,2026-12-27,Accelerator,0.0246,5.26
COM0000547,T0000547,IL0000547,SR027,C00163,P0089,2026-11-13,Standard,0.0334,31.32
COM0000548,T0000548,IL0000548,SR028,C00476,P0082,2026-04-15,Accelerator,0.0356,1.61
COM0000549,T0000549,IL0000549,SR029,C00342,P0038,2026-08-11,Accelerator,0.0166,16.46
COM0000550,T0000550,IL0000550,SR030,C00431,P0057,2026-09-25,Standard,0.0551,16.59
COM0000551,T0000551,IL0000551,SR031,C00043,P0138,2025-01-24,Accelerator,0.047,22.97
COM0000552,T0000552,IL0000552,SR032,C00076,P0110,2026-02-12,Standard,0.0586,51.92
COM0000553,T0000553,IL0000553,SR033,C00380,P0107,2026-03-31,New Account,0.0453,14.74
COM0000554,T0000554,IL0000554,SR034,C00107,P0078,2025-05-28,Accelerator,0.0273,77.24
COM0000555,T0000555,IL0000555,SR035,C00090,P0143,2026-03-01,New Account,0.0338,85.51
COM0000556,T0000556,IL0000556,SR036,C00156,P0127,2026-08-23,Standard,0.0117,8.09
COM0000557,T0000557,IL0000557,SR037,C00458,P0074,2026-11-13,Accelerator,0.0543,28.38
COM0000558,T0000558,IL0000558,SR038,C00298,P0124,2026-01-06,Accelerator,0.0253,50.77
COM0000559,T0000559,IL0000559,SR039,C00084,P0149,2025-09-23,Standard,0.062,18.02
COM0000560,T0000560,IL0000560,SR040,C00025,P0075,2025-12-31,Accelerator,0.0587,119.0
COM0000561,T0000561,IL0000561,SR001,C00447,P0081,2025-11-27,Accelerator,0.0504,53.19
COM0000562,T0000562,IL0000562,SR002,C00399,P0125,2026-01-17,Standard,0.0509,93.19
COM0000563,T0000563,IL0000563,SR003,C00426,P0135,2026-12-08,Standard,0.0563,113.43
COM0000564,T0000564,IL0000564,SR004,C00160,P0093,2025-12-23,Standard,0.0196,42.48
COM0000565,T0000565,IL0000565,SR005,C00066,P0037,2025-08-16,New Account,0.0581,18.69
COM0000566,T0000566,IL0000566,SR006,C00022,P0051,2026-03-18,New Account,0.0166,2.79
COM0000567,T0000567,IL0000567,SR007,C00401,P0032,2025-04-09,New Account,0.052,37.7
COM0000568,T0000568,IL0000568,SR008,C00179,P0091,2026-08-17,Accelerator,0.0284,63.41
COM0000569,T0000569,IL0000569,SR009,C00494,P0073,2025-07-16,Accelerator,0.0218,4.09
COM0000570,T0000570,IL0000570,SR010,C00226,P0028,2025-07-09,Accelerator,0.0499,97.72
COM0000571,T0000571,IL0000571,SR011,C00070,P0127,2026-06-17,New Account,0.0407,40.36
COM0000572,T0000572,IL0000572,SR012,C00116,P0142,2026-03-31,New Account,0.051,79.27
COM0000573,T0000573,IL0000573,SR013,C00346,P0126,2025-01-14,Standard,0.063,65.6
COM0000574,T0000574,IL0000574,SR014,C00034,P0094,2025-06-22,Accelerator,0.0203,9.26
COM0000575,T0000575,IL0000575,SR015,C00304,P0070,2026-08-19,Accelerator,0.0568,55.53
COM0000576,T0000576,IL0000576,SR016,C00251,P0128,2025-09-14,Standard,0.0503,3.25
COM0000577,T0000577,IL0000577,SR017,C00079,P0078,2025-12-01,New Account,0.0314,13.07
COM0000578,T0000578,IL0000578,SR018,C00134,P0139,2026-06-01,Standard,0.0545,91.49
COM0000579,T0000579,IL0000579,SR019,C00227,P0118,2026-01-21,Accelerator,0.0234,1.02
COM0000580,T0000580,IL0000580,SR020,C00250,P0029,2026-02-03,Standard,0.0352,63.94
COM0000581,T0000581,IL0000581,SR021,C00303,P0097,2026-05-22,Standard,0.0441,67.73
COM0000582,T0000582,IL0000582,SR022,C00014,P0088,2026-08-21,Accelerator,0.0625,15.47
COM0000583,T0000583,IL0000583,SR023,C00467,P0017,2025-03-28,Accelerator,0.0294,7.74
COM0000584,T0000584,IL0000584,SR024,C00011,P0121,2025-10-01,New Account,0.0134,1.97
COM0000585,T0000585,IL0000585,SR025,C00255,P0129,2025-12-11,Standard,0.0231,14.14
COM0000586,T0000586,IL0000586,SR026,C00110,P0074,2026-07-03,Accelerator,0.0395,3.8
COM0000587,T0000587,IL0000587,SR027,C00173,P0070,2026-08-30,New Account,0.0303,76.34
COM0000588,T0000588,IL0000588,SR028,C00340,P0139,2026-03-20,Standard,0.049,24.94
COM0000589,T0000589,IL0000589,SR029,C00442,P0048,2026-06-13,Accelerator,0.0448,30.92
COM0000590,T0000590,IL0000590,SR030,C00479,P0145,2026-03-21,Accelerator,0.0303,21.9
COM0000591,T0000591,IL0000591,SR031,C00325,P0053,2025-03-07,Standard,0.0123,14.82
COM0000592,T0000592,IL0000592,SR032,C00409,P0080,2025-09-09,New Account,0.0135,21.37
COM0000593,T0000593,IL0000593,SR033,C00338,P0141,2025-10-12,Accelerator,0.0186,4.46
COM0000594,T0000594,IL0000594,SR034,C00460,P0094,2026-02-21,Accelerator,0.06,125.97
COM0000595,T0000595,IL0000595,SR035,C00487,P0135,2026-08-18,New Account,0.0163,40.01
COM0000596,T0000596,IL0000596,SR036,C00479,P0109,2025-08-30,New Account,0.0375,5.23
COM0000597,T0000597,IL0000597,SR037,C00486,P0029,2026-12-18,Standard,0.0377,49.7
COM0000598,T0000598,IL0000598,SR038,C00011,P0009,2025-11-12,Standard,0.0559,22.48
COM0000599,T0000599,IL0000599,SR039,C00440,P0114,2025-08-31,Accelerator,0.0512,3.2
COM0000600,T0000600,IL0000600,SR040,C00441,P0042,2025-08-04,New Account,0.0634,99.71
COM0000601,T0000601,IL0000601,SR001,C00378,P0106,2026-04-28,Accelerator,0.0433,83.58
COM0000602,T0000602,IL0000602,SR002,C00378,P0084,2026-07-15,Accelerator,0.0158,2.15
COM0000603,T0000603,IL0000603,SR003,C00161,P0148,2025-11-09,Accelerator,0.0119,1.53
COM0000604,T0000604,IL0000604,SR004,C00232,P0123,2025-11-24,New Account,0.0195,6.26
COM0000605,T0000605,IL0000605,SR005,C00484,P0147,2026-01-22,Standard,0.0335,4.2
COM0000606,T0000606,IL0000606,SR006,C00437,P0044,2026-12-20,Accelerator,0.0182,24.62
COM0000607,T0000607,IL0000607,SR007,C00223,P0117,2026-06-23,Accelerator,0.0467,8.41
COM0000608,T0000608,IL0000608,SR008,C00439,P0053,2026-03-18,New Account,0.0648,78.33
COM0000609,T0000609,IL0000609,SR009,C00121,P0116,2025-09-26,Standard,0.0107,13.42
COM0000610,T0000610,IL0000610,SR010,C00366,P0099,2025-08-06,Standard,0.0416,7.59
COM0000611,T0000611,IL0000611,SR011,C00496,P0012,2026-11-18,New Account,0.0612,44.54
COM0000612,T0000612,IL0000612,SR012,C00134,P0044,2025-07-03,Accelerator,0.0241,59.67
COM0000613,T0000613,IL0000613,SR013,C00066,P0128,2025-02-15,Standard,0.0221,41.32
COM0000614,T0000614,IL0000614,SR014,C00162,P0126,2025-06-18,Accelerator,0.0308,79.37
COM0000615,T0000615,IL0000615,SR015,C00084,P0120,2025-09-24,New Account,0.0257,16.48
COM0000616,T0000616,IL0000616,SR016,C00064,P0090,2025-06-01,Standard,0.0115,11.77
COM0000617,T0000617,IL0000617,SR017,C00498,P0002,2026-08-21,New Account,0.0332,22.71
COM0000618,T0000618,IL0000618,SR018,C00063,P0101,2026-11-28,New Account,0.0449,23.7
COM0000619,T0000619,IL0000619,SR019,C00337,P0002,2026-09-01,New Account,0.0643,10.88
COM0000620,T0000620,IL0000620,SR020,C00442,P0013,2025-08-05,Standard,0.0374,51.03
COM0000621,T0000621,IL0000621,SR021,C00046,P0006,2026-02-13,Accelerator,0.0276,10.3
COM0000622,T0000622,IL0000622,SR022,C00463,P0034,2025-11-14,Accelerator,0.0273,12.22
COM0000623,T0000623,IL0000623,SR023,C00416,P0095,2026-03-09,Accelerator,0.0171,8.56
COM0000624,T0000624,IL0000624,SR024,C00477,P0127,2025-06-08,Standard,0.0404,16.26
COM0000625,T0000625,IL0000625,SR025,C00431,P0064,2025-11-04,Standard,0.0522,44.53
COM0000626,T0000626,IL0000626,SR026,C00369,P0146,2026-11-08,New Account,0.0401,25.35
COM0000627,T0000627,IL0000627,SR027,C00024,P0022,2026-02-07,Accelerator,0.0325,18.69
COM0000628,T0000628,IL0000628,SR028,C00109,P0048,2025-07-11,New Account,0.0292,38.72
COM0000629,T0000629,IL0000629,SR029,C00208,P0125,2026-12-10,New Account,0.0525,66.98
COM0000630,T0000630,IL0000630,SR030,C00357,P0049,2025-01-17,New Account,0.0598,37.07
COM0000631,T0000631,IL0000631,SR031,C00076,P0122,2026-04-20,Standard,0.0571,1.34
COM0000632,T0000632,IL0000632,SR032,C00104,P0076,2025-09-06,New Account,0.0316,7.95
COM0000633,T0000633,IL0000633,SR033,C00375,P0142,2026-09-03,Accelerator,0.0557,6.5
COM0000634,T0000634,IL0000634,SR034,C00271,P0005,2025-03-04,Accelerator,0.0291,34.12
COM0000635,T0000635,IL0000635,SR035,C00230,P0112,2025-12-22,Standard,0.0644,20.08
COM0000636,T0000636,IL0000636,SR036,C00437,P0120,2026-09-09,Accelerator,0.0423,50.25
COM0000637,T0000637,IL0000637,SR037,C00319,P0054,2025-06-15,Accelerator,0.0342,11.87
COM0000638,T0000638,IL0000638,SR038,C00121,P0054,2025-11-07,New Account,0.0614,17.17
COM0000639,T0000639,IL0000639,SR039,C00173,P0111,2025-03-07,Accelerator,0.0382,8.78
COM0000640,T0000640,IL0000640,SR040,C00459,P0039,2025-10-01,Standard,0.0563,23.42
COM0000641,T0000641,IL0000641,SR001,C00313,P0027,2026-09-18,Standard,0.0473,6.78
COM0000642,T0000642,IL0000642,SR002,C00256,P0026,2026-06-03,New Account,0.0618,47.68
COM0000643,T0000643,IL0000643,SR003,C00175,P0074,2026-05-01,Standard,0.0331,4.6
COM0000644,T0000644,IL0000644,SR004,C00404,P0059,2026-03-08,Standard,0.0198,21.0
COM0000645,T0000645,IL0000645,SR005,C00395,P0003,2025-05-30,Accelerator,0.0439,2.53
COM0000646,T0000646,IL0000646,SR006,C00078,P0148,2026-10-19,New Account,0.0143,39.57
COM0000647,T0000647,IL0000647,SR007,C00005,P0072,2025-12-19,Standard,0.0358,21.63
COM0000648,T0000648,IL0000648,SR008,C00208,P0051,2026-10-27,Standard,0.0184,0.85
COM0000649,T0000649,IL0000649,SR009,C00262,P0142,2025-04-06,Accelerator,0.0472,50.32
COM0000650,T0000650,IL0000650,SR010,C00372,P0109,2025-11-08,Standard,0.0477,21.27
COM0000651,T0000651,IL0000651,SR011,C00153,P0147,2026-04-05,Standard,0.04,38.7
COM0000652,T0000652,IL0000652,SR012,C00120,P0090,2026-09-02,Standard,0.039,41.14
COM0000653,T0000653,IL0000653,SR013,C00299,P0050,2026-06-13,Accelerator,0.0245,9.17
COM0000654,T0000654,IL0000654,SR014,C00040,P0095,2026-04-02,New Account,0.0232,31.9
COM0000655,T0000655,IL0000655,SR015,C00375,P0107,2026-05-17,Standard,0.0262,11.07
COM0000656,T0000656,IL0000656,SR016,C00243,P0009,2026-04-12,New Account,0.0577,67.48
COM0000657,T0000657,IL0000657,SR017,C00061,P0096,2025-06-06,New Account,0.0192,13.91
COM0000658,T0000658,IL0000658,SR018,C00111,P0047,2025-10-18,Standard,0.0219,0.15
COM0000659,T0000659,IL0000659,SR019,C00244,P0034,2026-01-22,Standard,0.014,25.38
COM0000660,T0000660,IL0000660,SR020,C00210,P0100,2026-10-01,Standard,0.0261,22.31
COM0000661,T0000661,IL0000661,SR021,C00293,P0080,2025-01-26,New Account,0.0325,15.64
COM0000662,T0000662,IL0000662,SR022,C00258,P0005,2026-05-03,New Account,0.0384,27.55
COM0000663,T0000663,IL0000663,SR023,C00311,P0083,2026-07-01,Accelerator,0.0489,6.61
COM0000664,T0000664,IL0000664,SR024,C00059,P0026,2025-04-04,Accelerator,0.0147,4.84
COM0000665,T0000665,IL0000665,SR025,C00093,P0007,2025-11-30,Standard,0.0249,17.96
COM0000666,T0000666,IL0000666,SR026,C00123,P0061,2025-07-27,New Account,0.0631,141.29
COM0000667,T0000667,IL0000667,SR027,C00325,P0060,2026-02-22,Accelerator,0.0528,45.34
COM0000668,T0000668,IL0000668,SR028,C00043,P0129,2026-04-02,Accelerator,0.0457,14.01
COM0000669,T0000669,IL0000669,SR029,C00417,P0119,2025-01-02,New Account,0.0603,65.76
COM0000670,T0000670,IL0000670,SR030,C00432,P0055,2025-12-26,Standard,0.0197,18.72
COM0000671,T0000671,IL0000671,SR031,C00144,P0111,2026-07-24,Standard,0.0109,29.22
COM0000672,T0000672,IL0000672,SR032,C00340,P0083,2025-09-09,Standard,0.0169,9.73
COM0000673,T0000673,IL0000673,SR033,C00345,P0045,2025-01-10,New Account,0.0471,126.29
COM0000674,T0000674,IL0000674,SR034,C00457,P0114,2025-02-01,Standard,0.026,50.53
COM0000675,T0000675,IL0000675,SR035,C00237,P0095,2025-05-08,Standard,0.0352,5.93
COM0000676,T0000676,IL0000676,SR036,C00156,P0057,2026-10-03,Accelerator,0.0122,33.28
COM0000677,T0000677,IL0000677,SR037,C00203,P0029,2026-10-16,Accelerator,0.0441,75.67
COM0000678,T0000678,IL0000678,SR038,C00066,P0017,2026-08-26,New Account,0.0239,29.68
COM0000679,T0000679,IL0000679,SR039,C00348,P0137,2026-12-11,Standard,0.0554,53.36
COM0000680,T0000680,IL0000680,SR040,C00222,P0105,2025-11-27,Accelerator,0.0286,13.84
COM0000681,T0000681,IL0000681,SR001,C00273,P0115,2026-03-07,New Account,0.025,0.57
COM0000682,T0000682,IL0000682,SR002,C00470,P0064,2025-03-18,Standard,0.0495,17.97
COM0000683,T0000683,IL0000683,SR003,C00431,P0065,2025-12-09,Accelerator,0.0341,9.68
COM0000684,T0000684,IL0000684,SR004,C00318,P0113,2026-09-07,New Account,0.0456,72.74
COM0000685,T0000685,IL0000685,SR005,C00032,P0114,2025-05-11,New Account,0.0188,20.34
COM0000686,T0000686,IL0000686,SR006,C00386,P0106,2026-09-25,Standard,0.0437,1.72
COM0000687,T0000687,IL0000687,SR007,C00233,P0133,2025-01-27,New Account,0.0413,7.65
COM0000688,T0000688,IL0000688,SR008,C00132,P0091,2026-06-06,Standard,0.0459,87.58
COM0000689,T0000689,IL0000689,SR009,C00387,P0092,2026-10-30,Accelerator,0.0564,137.92
COM0000690,T0000690,IL0000690,SR010,C00075,P0015,2026-11-26,Standard,0.0473,112.95
COM0000691,T0000691,IL0000691,SR011,C00175,P0049,2025-03-12,Accelerator,0.0174,27.61
COM0000692,T0000692,IL0000692,SR012,C00449,P0011,2026-04-11,New Account,0.056,60.86
COM0000693,T0000693,IL0000693,SR013,C00414,P0097,2025-12-06,New Account,0.0305,15.07
COM0000694,T0000694,IL0000694,SR014,C00324,P0150,2025-07-19,New Account,0.0537,14.36
COM0000695,T0000695,IL0000695,SR015,C00092,P0051,2025-09-09,Standard,0.0603,48.06
COM0000696,T0000696,IL0000696,SR016,C00157,P0117,2025-08-04,Accelerator,0.0259,41.48
COM0000697,T0000697,IL0000697,SR017,C00061,P0037,2025-03-08,Accelerator,0.0283,7.46
COM0000698,T0000698,IL0000698,SR018,C00301,P0049,2026-09-23,Standard,0.016,21.44
COM0000699,T0000699,IL0000699,SR019,C00108,P0021,2026-05-16,Standard,0.0113,0.91
COM0000700,T0000700,IL0000700,SR020,C00192,P0135,2026-12-31,Standard,0.0413,55.26
COM0000701,T0000701,IL0000701,SR021,C00442,P0061,2026-04-08,New Account,0.0375,14.65
COM0000702,T0000702,IL0000702,SR022,C00152,P0114,2025-03-28,New Account,0.0307,17.45
COM0000703,T0000703,IL0000703,SR023,C00163,P0070,2026-05-25,Standard,0.0365,1.36
COM0000704,T0000704,IL0000704,SR024,C00041,P0071,2026-10-22,New Account,0.0634,6.35
COM0000705,T0000705,IL0000705,SR025,C00433,P0071,2026-12-01,Accelerator,0.0627,44.43
COM0000706,T0000706,IL0000706,SR026,C00485,P0104,2026-02-18,Standard,0.0449,2.05
COM0000707,T0000707,IL0000707,SR027,C00120,P0133,2026-05-01,Accelerator,0.0572,126.93
COM0000708,T0000708,IL0000708,SR028,C00214,P0054,2026-12-16,New Account,0.0641,140.34
COM0000709,T0000709,IL0000709,SR029,C00428,P0091,2026-11-06,New Account,0.0115,6.32
COM0000710,T0000710,IL0000710,SR030,C00473,P0036,2025-02-02,Standard,0.0629,64.2
COM0000711,T0000711,IL0000711,SR031,C00274,P0099,2025-03-07,Accelerator,0.0128,5.22
COM0000712,T0000712,IL0000712,SR032,C00424,P0126,2025-02-02,Accelerator,0.0544,13.62
COM0000713,T0000713,IL0000713,SR033,C00266,P0003,2026-01-13,New Account,0.0409,66.65
COM0000714,T0000714,IL0000714,SR034,C00067,P0053,2025-07-31,Standard,0.0104,20.01
COM0000715,T0000715,IL0000715,SR035,C00142,P0052,2026-04-15,New Account,0.0348,12.94
COM0000716,T0000716,IL0000716,SR036,C00295,P0011,2026-04-19,New Account,0.0588,59.27
COM0000717,T0000717,IL0000717,SR037,C00213,P0064,2025-06-29,New Account,0.0326,36.29
COM0000718,T0000718,IL0000718,SR038,C00141,P0138,2025-06-11,Accelerator,0.0299,8.33
COM0000719,T0000719,IL0000719,SR039,C00387,P0027,2025-03-20,Accelerator,0.0388,32.68
COM0000720,T0000720,IL0000720,SR040,C00196,P0088,2026-04-18,New Account,0.0465,22.52
COM0000721,T0000721,IL0000721,SR001,C00043,P0141,2025-03-11,Accelerator,0.0509,22.61
COM0000722,T0000722,IL0000722,SR002,C00380,P0101,2026-07-02,New Account,0.0603,19.46
COM0000723,T0000723,IL0000723,SR003,C00111,P0114,2026-06-30,Standard,0.0516,94.06
COM0000724,T0000724,IL0000724,SR004,C00393,P0052,2026-01-22,Accelerator,0.0531,105.23
COM0000725,T0000725,IL0000725,SR005,C00113,P0025,2025-03-06,Standard,0.0522,5.09
COM0000726,T0000726,IL0000726,SR006,C00481,P0110,2026-02-09,New Account,0.0238,8.23
COM0000727,T0000727,IL0000727,SR007,C00337,P0072,2025-03-09,New Account,0.0223,4.45
COM0000728,T0000728,IL0000728,SR008,C00088,P0065,2026-08-06,New Account,0.0221,36.89
COM0000729,T0000729,IL0000729,SR009,C00163,P0124,2026-12-06,Accelerator,0.021,2.98
COM0000730,T0000730,IL0000730,SR010,C00120,P0006,2025-01-14,Accelerator,0.0437,10.1
COM0000731,T0000731,IL0000731,SR011,C00193,P0053,2025-06-05,Accelerator,0.0217,25.23
COM0000732,T0000732,IL0000732,SR012,C00267,P0107,2025-02-10,New Account,0.0603,2.51
COM0000733,T0000733,IL0000733,SR013,C00357,P0057,2026-12-05,New Account,0.0636,77.43
COM0000734,T0000734,IL0000734,SR014,C00481,P0053,2025-05-25,Accelerator,0.0172,2.03
COM0000735,T0000735,IL0000735,SR015,C00370,P0051,2025-06-18,Accelerator,0.031,17.14
COM0000736,T0000736,IL0000736,SR016,C00487,P0093,2025-03-23,Accelerator,0.0476,21.78
COM0000737,T0000737,IL0000737,SR017,C00391,P0098,2025-01-21,Accelerator,0.0617,22.31
COM0000738,T0000738,IL0000738,SR018,C00146,P0097,2026-04-10,Accelerator,0.0467,16.78
COM0000739,T0000739,IL0000739,SR019,C00252,P0104,2026-01-19,Standard,0.0433,91.9
COM0000740,T0000740,IL0000740,SR020,C00198,P0145,2025-05-08,Accelerator,0.0178,13.71
COM0000741,T0000741,IL0000741,SR021,C00357,P0015,2026-01-13,Standard,0.0219,39.38
COM0000742,T0000742,IL0000742,SR022,C00076,P0067,2026-10-23,Standard,0.0283,70.03
COM0000743,T0000743,IL0000743,SR023,C00330,P0099,2025-04-05,New Account,0.0204,5.18
COM0000744,T0000744,IL0000744,SR024,C00454,P0098,2026-11-06,New Account,0.0259,30.27
COM0000745,T0000745,IL0000745,SR025,C00138,P0054,2025-05-27,Standard,0.0111,1.39
COM0000746,T0000746,IL0000746,SR026,C00376,P0111,2025-10-23,Accelerator,0.0344,14.33
COM0000747,T0000747,IL0000747,SR027,C00103,P0016,2025-07-10,Accelerator,0.0106,3.3
COM0000748,T0000748,IL0000748,SR028,C00044,P0097,2025-10-28,Accelerator,0.0139,2.8
COM0000749,T0000749,IL0000749,SR029,C00341,P0150,2025-01-08,New Account,0.0122,1.73
COM0000750,T0000750,IL0000750,SR030,C00310,P0110,2025-12-12,Standard,0.0104,15.32
COM0000751,T0000751,IL0000751,SR031,C00448,P0085,2025-12-31,New Account,0.0563,1.09
COM0000752,T0000752,IL0000752,SR032,C00487,P0064,2025-10-14,Accelerator,0.0521,80.69
COM0000753,T0000753,IL0000753,SR033,C00009,P0093,2025-11-26,New Account,0.0396,50.78
COM0000754,T0000754,IL0000754,SR034,C00338,P0026,2026-05-03,Standard,0.0287,27.98
COM0000755,T0000755,IL0000755,SR035,C00408,P0023,2026-05-25,Accelerator,0.0394,112.28
COM0000756,T0000756,IL0000756,SR036,C00386,P0023,2025-06-24,Accelerator,0.0529,130.34
COM0000757,T0000757,IL0000757,SR037,C00244,P0032,2026-11-13,Standard,0.0395,74.89
COM0000758,T0000758,IL0000758,SR038,C00330,P0088,2025-03-08,Accelerator,0.056,74.89
COM0000759,T0000759,IL0000759,SR039,C00046,P0088,2025-04-25,Standard,0.0599,49.69
COM0000760,T0000760,IL0000760,SR040,C00303,P0138,2025-03-05,Standard,0.0108,23.1
COM0000761,T0000761,IL0000761,SR001,C00055,P0102,2025-08-16,New Account,0.0195,49.86
COM0000762,T0000762,IL0000762,SR002,C00075,P0009,2025-10-18,New Account,0.0444,25.83
COM0000763,T0000763,IL0000763,SR003,C00150,P0097,2026-05-22,Accelerator,0.0229,8.01
COM0000764,T0000764,IL0000764,SR004,C00439,P0125,2025-07-03,Standard,0.0504,77.12
COM0000765,T0000765,IL0000765,SR005,C00388,P0101,2025-12-23,Accelerator,0.0498,12.11
COM0000766,T0000766,IL0000766,SR006,C00444,P0014,2026-08-18,New Account,0.0374,64.07
COM0000767,T0000767,IL0000767,SR007,C00377,P0003,2025-07-20,Standard,0.0366,17.98
COM0000768,T0000768,IL0000768,SR008,C00050,P0092,2025-02-27,Standard,0.0449,44.46
COM0000769,T0000769,IL0000769,SR009,C00018,P0031,2025-09-08,Standard,0.0177,19.04
COM0000770,T0000770,IL0000770,SR010,C00046,P0119,2026-11-06,New Account,0.0252,25.73
COM0000771,T0000771,IL0000771,SR011,C00012,P0147,2025-08-19,New Account,0.0341,28.07
COM0000772,T0000772,IL0000772,SR012,C00065,P0026,2026-08-09,Accelerator,0.0309,8.15
COM0000773,T0000773,IL0000773,SR013,C00251,P0017,2026-06-27,New Account,0.0353,74.94
COM0000774,T0000774,IL0000774,SR014,C00356,P0047,2026-09-06,Standard,0.0529,80.13
COM0000775,T0000775,IL0000775,SR015,C00044,P0032,2025-02-05,New Account,0.0551,34.68
COM0000776,T0000776,IL0000776,SR016,C00464,P0076,2026-06-16,Accelerator,0.0537,25.49
COM0000777,T0000777,IL0000777,SR017,C00051,P0012,2026-12-06,Accelerator,0.0121,0.64
COM0000778,T0000778,IL0000778,SR018,C00374,P0109,2025-05-12,Standard,0.0613,54.91
COM0000779,T0000779,IL0000779,SR019,C00074,P0138,2026-12-13,New Account,0.0583,15.82
COM0000780,T0000780,IL0000780,SR020,C00310,P0042,2026-06-08,Accelerator,0.0213,6.13
COM0000781,T0000781,IL0000781,SR021,C00281,P0105,2026-12-02,Accelerator,0.0643,80.89
COM0000782,T0000782,IL0000782,SR022,C00497,P0057,2026-01-22,Accelerator,0.0569,27.53
COM0000783,T0000783,IL0000783,SR023,C00359,P0147,2025-12-24,Standard,0.0639,65.85
COM0000784,T0000784,IL0000784,SR024,C00496,P0137,2026-11-26,New Account,0.0246,28.77
COM0000785,T0000785,IL0000785,SR025,C00028,P0095,2025-10-01,Standard,0.0237,39.38
COM0000786,T0000786,IL0000786,SR026,C00157,P0023,2025-08-23,Accelerator,0.0186,31.6
COM0000787,T0000787,IL0000787,SR027,C00381,P0074,2025-03-28,New Account,0.0405,93.66
COM0000788,T0000788,IL0000788,SR028,C00347,P0137,2026-12-03,Accelerator,0.0182,3.23
COM0000789,T0000789,IL0000789,SR029,C00487,P0136,2026-11-09,Standard,0.0554,8.2
COM0000790,T0000790,IL0000790,SR030,C00264,P0091,2025-05-17,New Account,0.0317,40.12
COM0000791,T0000791,IL0000791,SR031,C00149,P0077,2025-05-01,New Account,0.0255,13.76
COM0000792,T0000792,IL0000792,SR032,C00423,P0010,2026-06-12,Accelerator,0.0211,6.91
COM0000793,T0000793,IL0000793,SR033,C00182,P0003,2026-02-16,Standard,0.0194,25.14
COM0000794,T0000794,IL0000794,SR034,C00129,P0058,2026-11-04,Accelerator,0.0275,24.39
COM0000795,T0000795,IL0000795,SR035,C00083,P0036,2026-03-26,Standard,0.0141,2.22
COM0000796,T0000796,IL0000796,SR036,C00462,P0009,2025-12-06,New Account,0.0635,63.74
COM0000797,T0000797,IL0000797,SR037,C00167,P0103,2025-05-11,New Account,0.0459,17.43
COM0000798,T0000798,IL0000798,SR038,C00348,P0088,2025-02-23,Accelerator,0.0445,1.43
COM0000799,T0000799,IL0000799,SR039,C00144,P0030,2025-09-13,Accelerator,0.0335,30.61
COM0000800,T0000800,IL0000800,SR040,C00438,P0039,2025-07-13,Standard,0.0624,7.94
COM0000801,T0000801,IL0000801,SR001,C00195,P0105,2025-02-22,Accelerator,0.039,44.52
COM0000802,T0000802,IL0000802,SR002,C00138,P0094,2025-04-23,Standard,0.0245,34.81
COM0000803,T0000803,IL0000803,SR003,C00242,P0072,2025-10-20,Accelerator,0.0637,17.32
COM0000804,T0000804,IL0000804,SR004,C00170,P0093,2025-05-14,New Account,0.0145,26.71
COM0000805,T0000805,IL0000805,SR005,C00062,P0011,2026-09-09,Standard,0.0376,9.67
COM0000806,T0000806,IL0000806,SR006,C00274,P0040,2025-07-26,Accelerator,0.0538,9.31
COM0000807,T0000807,IL0000807,SR007,C00230,P0031,2026-01-10,Standard,0.0382,7.33
COM0000808,T0000808,IL0000808,SR008,C00024,P0145,2025-10-24,Accelerator,0.0594,47.6
COM0000809,T0000809,IL0000809,SR009,C00288,P0100,2026-01-29,Standard,0.0196,7.72
COM0000810,T0000810,IL0000810,SR010,C00363,P0135,2026-05-31,Standard,0.04,59.8
COM0000811,T0000811,IL0000811,SR011,C00076,P0072,2026-10-17,Accelerator,0.0391,50.84
COM0000812,T0000812,IL0000812,SR012,C00310,P0095,2026-10-10,New Account,0.0152,6.9
COM0000813,T0000813,IL0000813,SR013,C00418,P0003,2026-10-03,Accelerator,0.0353,34.17
COM0000814,T0000814,IL0000814,SR014,C00055,P0098,2026-08-21,Standard,0.0594,47.4
COM0000815,T0000815,IL0000815,SR015,C00119,P0112,2026-04-02,New Account,0.0162,13.25
COM0000816,T0000816,IL0000816,SR016,C00332,P0073,2025-07-04,Accelerator,0.0108,4.03
COM0000817,T0000817,IL0000817,SR017,C00497,P0104,2026-10-23,Accelerator,0.0393,21.84
COM0000818,T0000818,IL0000818,SR018,C00479,P0012,2026-10-22,New Account,0.0547,59.8
COM0000819,T0000819,IL0000819,SR019,C00377,P0087,2026-07-10,Accelerator,0.0513,10.38
COM0000820,T0000820,IL0000820,SR020,C00355,P0069,2026-07-11,New Account,0.0154,0.96
COM0000821,T0000821,IL0000821,SR021,C00013,P0059,2025-08-18,New Account,0.0318,13.04
COM0000822,T0000822,IL0000822,SR022,C00252,P0044,2025-04-26,New Account,0.0192,3.52
COM0000823,T0000823,IL0000823,SR023,C00310,P0039,2025-02-14,Standard,0.0106,14.08
COM0000824,T0000824,IL0000824,SR024,C00449,P0027,2025-12-23,Standard,0.0439,74.65
COM0000825,T0000825,IL0000825,SR025,C00399,P0038,2025-06-02,Standard,0.0319,10.72
COM0000826,T0000826,IL0000826,SR026,C00075,P0024,2025-10-13,Accelerator,0.0232,4.0
COM0000827,T0000827,IL0000827,SR027,C00071,P0063,2025-12-08,Standard,0.0347,45.13
COM0000828,T0000828,IL0000828,SR028,C00296,P0057,2026-06-24,Standard,0.0138,7.4
COM0000829,T0000829,IL0000829,SR029,C00185,P0036,2025-12-24,New Account,0.0231,10.5
COM0000830,T0000830,IL0000830,SR030,C00061,P0037,2025-05-22,New Account,0.0392,4.9
COM0000831,T0000831,IL0000831,SR031,C00016,P0038,2025-06-11,Accelerator,0.03,3.28
COM0000832,T0000832,IL0000832,SR032,C00358,P0077,2026-06-25,New Account,0.0192,32.43
COM0000833,T0000833,IL0000833,SR033,C00385,P0045,2026-09-11,New Account,0.0486,2.99
COM0000834,T0000834,IL0000834,SR034,C00157,P0059,2026-05-29,Standard,0.0331,9.5
COM0000835,T0000835,IL0000835,SR035,C00095,P0144,2026-02-06,New Account,0.0177,6.61
COM0000836,T0000836,IL0000836,SR036,C00218,P0050,2026-10-25,Accelerator,0.0307,3.04
COM0000837,T0000837,IL0000837,SR037,C00306,P0003,2025-08-05,Accelerator,0.0135,8.44
COM0000838,T0000838,IL0000838,SR038,C00024,P0013,2026-05-11,Standard,0.0273,14.57
COM0000839,T0000839,IL0000839,SR039,C00499,P0034,2025-12-31,Accelerator,0.0221,17.04
COM0000840,T0000840,IL0000840,SR040,C00445,P0010,2026-08-24,Accelerator,0.0386,7.29
COM0000841,T0000841,IL0000841,SR001,C00073,P0042,2026-11-01,New Account,0.0384,104.23
COM0000842,T0000842,IL0000842,SR002,C00439,P0111,2026-10-01,New Account,0.0314,17.58
COM0000843,T0000843,IL0000843,SR003,C00074,P0080,2025-01-16,Standard,0.0295,7.85
COM0000844,T0000844,IL0000844,SR004,C00092,P0118,2025-03-14,Standard,0.0411,100.81
COM0000845,T0000845,IL0000845,SR005,C00440,P0074,2026-01-08,Standard,0.0581,111.51
COM0000846,T0000846,IL0000846,SR006,C00212,P0130,2026-11-30,New Account,0.0178,20.87
COM0000847,T0000847,IL0000847,SR007,C00005,P0040,2026-07-29,Standard,0.0381,25.64
COM0000848,T0000848,IL0000848,SR008,C00329,P0137,2026-04-25,Standard,0.0476,3.99
COM0000849,T0000849,IL0000849,SR009,C00176,P0125,2025-11-21,Accelerator,0.0185,7.89
COM0000850,T0000850,IL0000850,SR010,C00397,P0098,2026-09-08,New Account,0.0424,64.4
COM0000851,T0000851,IL0000851,SR011,C00326,P0046,2025-09-16,New Account,0.0631,6.54
COM0000852,T0000852,IL0000852,SR012,C00095,P0014,2025-09-23,Accelerator,0.0211,18.77
COM0000853,T0000853,IL0000853,SR013,C00495,P0112,2025-06-14,New Account,0.026,35.31
COM0000854,T0000854,IL0000854,SR014,C00341,P0082,2025-11-28,Standard,0.0113,8.38
COM0000855,T0000855,IL0000855,SR015,C00231,P0033,2025-01-04,Standard,0.0518,25.8
COM0000856,T0000856,IL0000856,SR016,C00108,P0049,2025-12-23,Standard,0.0353,1.56
COM0000857,T0000857,IL0000857,SR017,C00212,P0106,2026-04-12,Accelerator,0.0108,17.87
COM0000858,T0000858,IL0000858,SR018,C00305,P0042,2026-07-21,Accelerator,0.0265,25.28
COM0000859,T0000859,IL0000859,SR019,C00045,P0027,2025-04-12,Standard,0.0129,0.95
COM0000860,T0000860,IL0000860,SR020,C00413,P0009,2026-08-19,Accelerator,0.034,20.62
COM0000861,T0000861,IL0000861,SR021,C00212,P0102,2026-04-21,Standard,0.0362,58.53
COM0000862,T0000862,IL0000862,SR022,C00124,P0002,2026-11-21,Accelerator,0.028,0.45
COM0000863,T0000863,IL0000863,SR023,C00221,P0062,2026-08-09,Accelerator,0.0353,17.69
COM0000864,T0000864,IL0000864,SR024,C00207,P0082,2025-06-27,New Account,0.0235,10.19
COM0000865,T0000865,IL0000865,SR025,C00470,P0067,2026-10-05,Accelerator,0.0283,25.15
COM0000866,T0000866,IL0000866,SR026,C00279,P0021,2026-12-26,New Account,0.0377,6.61
COM0000867,T0000867,IL0000867,SR027,C00153,P0050,2025-08-16,Standard,0.0644,62.59
COM0000868,T0000868,IL0000868,SR028,C00327,P0149,2025-01-24,Accelerator,0.0418,13.33
COM0000869,T0000869,IL0000869,SR029,C00468,P0054,2026-01-06,Accelerator,0.023,7.01
COM0000870,T0000870,IL0000870,SR030,C00325,P0116,2025-11-18,Standard,0.0186,6.11
COM0000871,T0000871,IL0000871,SR031,C00248,P0140,2025-12-22,New Account,0.0404,20.36
COM0000872,T0000872,IL0000872,SR032,C00444,P0094,2025-08-10,New Account,0.0272,3.04
COM0000873,T0000873,IL0000873,SR033,C00179,P0142,2025-04-05,New Account,0.018,34.74
COM0000874,T0000874,IL0000874,SR034,C00493,P0101,2025-10-15,Standard,0.055,21.11
COM0000875,T0000875,IL0000875,SR035,C00319,P0028,2025-11-23,Standard,0.0164,15.54
COM0000876,T0000876,IL0000876,SR036,C00130,P0105,2026-06-08,Standard,0.0596,73.59
COM0000877,T0000877,IL0000877,SR037,C00191,P0096,2026-11-04,Accelerator,0.0302,9.67
COM0000878,T0000878,IL0000878,SR038,C00034,P0099,2026-07-30,Standard,0.0292,20.24
COM0000879,T0000879,IL0000879,SR039,C00216,P0112,2026-10-24,New Account,0.017,7.93
COM0000880,T0000880,IL0000880,SR040,C00168,P0099,2026-09-08,Accelerator,0.012,3.19
COM0000881,T0000881,IL0000881,SR001,C00019,P0137,2026-02-17,Standard,0.0304,2.82
COM0000882,T0000882,IL0000882,SR002,C00205,P0021,2025-12-21,Standard,0.0383,35.57
COM0000883,T0000883,IL0000883,SR003,C00481,P0027,2026-01-18,Standard,0.0111,1.61
COM0000884,T0000884,IL0000884,SR004,C00371,P0095,2025-07-15,New Account,0.0537,2.49
COM0000885,T0000885,IL0000885,SR005,C00353,P0098,2025-12-04,New Account,0.0392,34.45
COM0000886,T0000886,IL0000886,SR006,C00327,P0115,2026-02-28,Standard,0.0607,91.64
COM0000887,T0000887,IL0000887,SR007,C00393,P0076,2025-09-28,New Account,0.0551,58.02
COM0000888,T0000888,IL0000888,SR008,C00109,P0004,2025-03-03,New Account,0.0342,77.54
COM0000889,T0000889,IL0000889,SR009,C00363,P0117,2025-11-16,Accelerator,0.0211,9.73
COM0000890,T0000890,IL0000890,SR010,C00097,P0018,2026-02-14,Standard,0.0233,11.53
COM0000891,T0000891,IL0000891,SR011,C00009,P0118,2025-09-04,Standard,0.0471,6.33
COM0000892,T0000892,IL0000892,SR012,C00204,P0129,2025-06-04,New Account,0.0327,35.21
COM0000893,T0000893,IL0000893,SR013,C00207,P0046,2025-07-13,Accelerator,0.0626,53.13
COM0000894,T0000894,IL0000894,SR014,C00459,P0010,2025-02-24,Accelerator,0.0454,18.91
COM0000895,T0000895,IL0000895,SR015,C00376,P0069,2025-08-14,New Account,0.0273,6.99
COM0000896,T0000896,IL0000896,SR016,C00319,P0123,2026-12-19,Standard,0.0128,3.75
COM0000897,T0000897,IL0000897,SR017,C00172,P0006,2026-03-15,Standard,0.0576,78.13
COM0000898,T0000898,IL0000898,SR018,C00242,P0029,2025-09-11,Standard,0.0354,2.3
COM0000899,T0000899,IL0000899,SR019,C00412,P0086,2025-11-08,New Account,0.0546,104.49
COM0000900,T0000900,IL0000900,SR020,C00171,P0133,2026-12-29,Accelerator,0.0141,6.43
COM0000901,T0000901,IL0000901,SR021,C00183,P0128,2025-05-26,New Account,0.035,27.96
COM0000902,T0000902,IL0000902,SR022,C00495,P0071,2025-04-21,Standard,0.0296,67.53
COM0000903,T0000903,IL0000903,SR023,C00159,P0049,2025-10-10,New Account,0.0312,55.12
COM0000904,T0000904,IL0000904,SR024,C00057,P0003,2025-10-23,New Account,0.0198,8.32
COM0000905,T0000905,IL0000905,SR025,C00008,P0117,2025-10-29,New Account,0.0533,21.32
COM0000906,T0000906,IL0000906,SR026,C00071,P0090,2025-09-15,Standard,0.0276,51.82
COM0000907,T0000907,IL0000907,SR027,C00471,P0021,2026-08-23,Accelerator,0.0169,1.81
COM0000908,T0000908,IL0000908,SR028,C00472,P0078,2025-09-25,Accelerator,0.039,14.43
COM0000909,T0000909,IL0000909,SR029,C00284,P0052,2026-03-03,New Account,0.0557,13.12
COM0000910,T0000910,IL0000910,SR030,C00270,P0114,2025-05-22,Accelerator,0.0254,64.25
COM0000911,T0000911,IL0000911,SR031,C00014,P0108,2026-07-27,New Account,0.0503,25.58
COM0000912,T0000912,IL0000912,SR032,C00028,P0101,2025-10-28,New Account,0.0214,32.93
COM0000913,T0000913,IL0000913,SR033,C00055,P0086,2026-10-28,New Account,0.0164,7.16
COM0000914,T0000914,IL0000914,SR034,C00360,P0053,2025-02-24,Accelerator,0.0461,20.69
COM0000915,T0000915,IL0000915,SR035,C00413,P0125,2025-01-07,New Account,0.0566,11.35
COM0000916,T0000916,IL0000916,SR036,C00228,P0101,2026-06-02,New Account,0.0108,2.65
COM0000917,T0000917,IL0000917,SR037,C00440,P0032,2026-03-26,Standard,0.0381,20.52
COM0000918,T0000918,IL0000918,SR038,C00246,P0075,2026-05-03,Standard,0.0315,17.31
COM0000919,T0000919,IL0000919,SR039,C00076,P0008,2026-03-12,Standard,0.0129,5.91
COM0000920,T0000920,IL0000920,SR040,C00493,P0036,2025-12-30,New Account,0.0479,36.07
COM0000921,T0000921,IL0000921,SR001,C00263,P0017,2026-02-04,Standard,0.0312,10.17
COM0000922,T0000922,IL0000922,SR002,C00473,P0101,2025-11-07,New Account,0.0149,16.57
COM0000923,T0000923,IL0000923,SR003,C00358,P0083,2025-05-13,Standard,0.0416,53.0
COM0000924,T0000924,IL0000924,SR004,C00256,P0122,2025-04-19,Accelerator,0.0106,13.22
COM0000925,T0000925,IL0000925,SR005,C00473,P0017,2026-03-07,New Account,0.0222,5.04
COM0000926,T0000926,IL0000926,SR006,C00056,P0116,2025-11-25,Accelerator,0.0517,38.66
COM0000927,T0000927,IL0000927,SR007,C00223,P0136,2025-06-15,Standard,0.0388,11.74
COM0000928,T0000928,IL0000928,SR008,C00291,P0140,2026-02-22,Accelerator,0.024,10.12
COM0000929,T0000929,IL0000929,SR009,C00257,P0091,2026-05-01,Accelerator,0.0489,125.87
COM0000930,T0000930,IL0000930,SR010,C00153,P0026,2026-06-14,Standard,0.0395,30.95
COM0000931,T0000931,IL0000931,SR011,C00184,P0018,2026-12-22,Accelerator,0.0644,12.97
COM0000932,T0000932,IL0000932,SR012,C00457,P0029,2026-12-16,Accelerator,0.0514,120.42
COM0000933,T0000933,IL0000933,SR013,C00072,P0053,2025-03-02,New Account,0.0296,48.17
COM0000934,T0000934,IL0000934,SR014,C00428,P0010,2026-12-21,Standard,0.0479,18.82
COM0000935,T0000935,IL0000935,SR015,C00054,P0010,2025-02-12,Accelerator,0.0637,49.22
COM0000936,T0000936,IL0000936,SR016,C00397,P0051,2025-01-27,Accelerator,0.0114,16.81
COM0000937,T0000937,IL0000937,SR017,C00282,P0036,2026-03-14,New Account,0.0582,23.64
COM0000938,T0000938,IL0000938,SR018,C00302,P0003,2025-04-05,Accelerator,0.0505,84.15
COM0000939,T0000939,IL0000939,SR019,C00040,P0015,2025-02-28,Standard,0.0374,21.56
COM0000940,T0000940,IL0000940,SR020,C00337,P0032,2026-05-06,Standard,0.0155,1.97
COM0000941,T0000941,IL0000941,SR021,C00483,P0094,2025-11-06,Standard,0.0374,54.26
COM0000942,T0000942,IL0000942,SR022,C00362,P0125,2026-02-25,Standard,0.0431,5.16
COM0000943,T0000943,IL0000943,SR023,C00019,P0061,2025-05-26,Accelerator,0.0195,48.96
COM0000944,T0000944,IL0000944,SR024,C00143,P0099,2025-03-03,Standard,0.0457,5.21
COM0000945,T0000945,IL0000945,SR025,C00017,P0139,2025-11-09,New Account,0.0147,2.13
COM0000946,T0000946,IL0000946,SR026,C00175,P0112,2025-01-29,Accelerator,0.0158,4.07
COM0000947,T0000947,IL0000947,SR027,C00294,P0146,2026-03-11,New Account,0.0134,3.99
COM0000948,T0000948,IL0000948,SR028,C00044,P0064,2025-10-08,Accelerator,0.0116,7.32
COM0000949,T0000949,IL0000949,SR029,C00007,P0032,2026-09-15,Accelerator,0.0467,92.45
COM0000950,T0000950,IL0000950,SR030,C00246,P0143,2026-01-03,Accelerator,0.0411,10.26
COM0000951,T0000951,IL0000951,SR031,C00133,P0127,2025-10-10,Accelerator,0.0227,19.46
COM0000952,T0000952,IL0000952,SR032,C00297,P0082,2026-03-27,Standard,0.0408,94.64
COM0000953,T0000953,IL0000953,SR033,C00277,P0012,2025-12-28,New Account,0.0291,15.25
COM0000954,T0000954,IL0000954,SR034,C00213,P0019,2026-11-29,New Account,0.0485,15.12
COM0000955,T0000955,IL0000955,SR035,C00319,P0008,2025-10-29,Standard,0.0627,12.93
COM0000956,T0000956,IL0000956,SR036,C00402,P0149,2026-06-05,Accelerator,0.0615,31.14
COM0000957,T0000957,IL0000957,SR037,C00290,P0129,2025-08-18,New Account,0.0601,134.8
COM0000958,T0000958,IL0000958,SR038,C00226,P0082,2026-06-17,New Account,0.06,58.05
COM0000959,T0000959,IL0000959,SR039,C00355,P0062,2025-04-29,New Account,0.022,19.81
COM0000960,T0000960,IL0000960,SR040,C00118,P0146,2026-03-05,Accelerator,0.0584,47.43
COM0000961,T0000961,IL0000961,SR001,C00042,P0105,2025-05-01,New Account,0.0314,84.32
COM0000962,T0000962,IL0000962,SR002,C00215,P0068,2025-05-04,Standard,0.0626,130.35
COM0000963,T0000963,IL0000963,SR003,C00471,P0100,2026-06-27,Accelerator,0.0266,9.36
COM0000964,T0000964,IL0000964,SR004,C00316,P0028,2026-09-16,Standard,0.0445,14.6
COM0000965,T0000965,IL0000965,SR005,C00359,P0035,2026-05-04,Standard,0.0546,20.85
COM0000966,T0000966,IL0000966,SR006,C00370,P0072,2026-06-05,New Account,0.0543,23.67
COM0000967,T0000967,IL0000967,SR007,C00197,P0082,2025-11-27,New Account,0.0539,4.08
COM0000968,T0000968,IL0000968,SR008,C00051,P0089,2025-11-18,Accelerator,0.0526,8.41
COM0000969,T0000969,IL0000969,SR009,C00474,P0060,2025-04-19,Accelerator,0.0215,2.64
COM0000970,T0000970,IL0000970,SR010,C00410,P0050,2026-07-05,New Account,0.0525,122.61
COM0000971,T0000971,IL0000971,SR011,C00152,P0029,2026-04-10,Standard,0.0522,116.69
COM0000972,T0000972,IL0000972,SR012,C00382,P0057,2025-03-22,Accelerator,0.0391,14.92
COM0000973,T0000973,IL0000973,SR013,C00222,P0026,2025-02-09,Standard,0.0376,15.76
COM0000974,T0000974,IL0000974,SR014,C00193,P0057,2026-08-24,Accelerator,0.0323,23.68
COM0000975,T0000975,IL0000975,SR015,C00439,P0055,2026-06-13,Accelerator,0.05,15.27
COM0000976,T0000976,IL0000976,SR016,C00121,P0090,2026-08-21,New Account,0.0448,92.29
COM0000977,T0000977,IL0000977,SR017,C00307,P0092,2026-02-06,Accelerator,0.015,13.45
COM0000978,T0000978,IL0000978,SR018,C00340,P0109,2025-09-11,Accelerator,0.0425,21.33
COM0000979,T0000979,IL0000979,SR019,C00308,P0106,2026-05-16,Accelerator,0.0264,1.54
COM0000980,T0000980,IL0000980,SR020,C00211,P0101,2025-11-22,Accelerator,0.0344,32.94
COM0000981,T0000981,IL0000981,SR021,C00114,P0147,2026-02-24,Accelerator,0.0498,35.79
COM0000982,T0000982,IL0000982,SR022,C00411,P0098,2025-01-22,New Account,0.0623,100.53
COM0000983,T0000983,IL0000983,SR023,C00430,P0138,2025-06-10,Accelerator,0.0611,27.16
COM0000984,T0000984,IL0000984,SR024,C00387,P0135,2025-01-21,Accelerator,0.0515,62.34
COM0000985,T0000985,IL0000985,SR025,C00384,P0032,2025-10-06,Standard,0.0153,6.17
COM0000986,T0000986,IL0000986,SR026,C00011,P0004,2026-03-02,New Account,0.0387,4.95
COM0000987,T0000987,IL0000987,SR027,C00155,P0071,2025-01-24,Standard,0.0521,8.71
COM0000988,T0000988,IL0000988,SR028,C00248,P0073,2025-10-13,New Account,0.0215,18.32
COM0000989,T0000989,IL0000989,SR029,C00296,P0007,2025-08-18,Accelerator,0.0547,34.17
COM0000990,T0000990,IL0000990,SR030,C00087,P0054,2026-07-29,Standard,0.0484,9.57
COM0000991,T0000991,IL0000991,SR031,C00130,P0106,2026-05-21,Standard,0.0408,67.32
COM0000992,T0000992,IL0000992,SR032,C00407,P0126,2026-07-30,Accelerator,0.0309,29.4
COM0000993,T0000993,IL0000993,SR033,C00472,P0027,2025-03-25,New Account,0.0118,2.08
COM0000994,T0000994,IL0000994,SR034,C00454,P0109,2025-02-09,New Account,0.0556,33.71
COM0000995,T0000995,IL0000995,SR035,C00369,P0070,2025-10-29,Standard,0.0456,53.25
COM0000996,T0000996,IL0000996,SR036,C00266,P0065,2026-01-16,Standard,0.0532,35.03
COM0000997,T0000997,IL0000997,SR037,C00006,P0082,2026-05-01,New Account,0.0544,11.38
COM0000998,T0000998,IL0000998,SR038,C00049,P0016,2025-12-05,New Account,0.0351,56.47
COM0000999,T0000999,IL0000999,SR039,C00421,P0110,2025-10-19,Standard,0.0224,14.72
COM0001000,T0001000,IL0001000,SR040,C00375,P0056,2025-04-16,Accelerator,0.0518,16.52
COM0001001,T0001001,IL0001001,SR001,C00310,P0071,2026-08-30,New Account,0.032,23.56
COM0001002,T0001002,IL0001002,SR002,C00448,P0001,2026-05-02,Accelerator,0.0542,23.13
COM0001003,T0001003,IL0001003,SR003,C00124,P0144,2025-05-01,Accelerator,0.0305,47.43
COM0001004,T0001004,IL0001004,SR004,C00490,P0043,2025-08-08,Accelerator,0.0594,39.69
COM0001005,T0001005,IL0001005,SR005,C00092,P0007,2025-12-23,Standard,0.049,100.83
COM0001006,T0001006,IL0001006,SR006,C00092,P0003,2026-01-19,Standard,0.017,17.46
COM0001007,T0001007,IL0001007,SR007,C00311,P0070,2025-01-14,New Account,0.0136,13.32
COM0001008,T0001008,IL0001008,SR008,C00442,P0121,2025-02-01,Standard,0.047,60.36
COM0001009,T0001009,IL0001009,SR009,C00362,P0046,2025-06-06,Accelerator,0.0243,4.98
COM0001010,T0001010,IL0001010,SR010,C00336,P0005,2025-07-18,New Account,0.0319,50.22
COM0001011,T0001011,IL0001011,SR011,C00429,P0016,2026-03-03,Accelerator,0.0329,29.88
COM0001012,T0001012,IL0001012,SR012,C00210,P0045,2026-06-02,New Account,0.0172,9.64
COM0001013,T0001013,IL0001013,SR013,C00471,P0024,2025-04-30,New Account,0.0333,3.77
COM0001014,T0001014,IL0001014,SR014,C00450,P0064,2025-03-25,Standard,0.0495,39.19
COM0001015,T0001015,IL0001015,SR015,C00116,P0049,2026-02-28,Accelerator,0.0482,12.56
COM0001016,T0001016,IL0001016,SR016,C00268,P0116,2026-10-20,Standard,0.0295,6.44
COM0001017,T0001017,IL0001017,SR017,C00408,P0074,2026-11-30,New Account,0.0642,82.59
COM0001018,T0001018,IL0001018,SR018,C00134,P0009,2026-04-24,New Account,0.0438,87.0
COM0001019,T0001019,IL0001019,SR019,C00166,P0027,2025-02-04,Standard,0.037,0.52
COM0001020,T0001020,IL0001020,SR020,C00096,P0006,2026-07-14,New Account,0.0543,80.72
COM0001021,T0001021,IL0001021,SR021,C00348,P0103,2026-05-10,New Account,0.0616,13.51
COM0001022,T0001022,IL0001022,SR022,C00206,P0008,2026-08-15,Accelerator,0.0457,28.21
COM0001023,T0001023,IL0001023,SR023,C00067,P0086,2025-05-23,New Account,0.0493,8.52
COM0001024,T0001024,IL0001024,SR024,C00155,P0079,2025-06-26,New Account,0.0509,15.86
COM0001025,T0001025,IL0001025,SR025,C00082,P0089,2026-05-04,New Account,0.0319,48.3
COM0001026,T0001026,IL0001026,SR026,C00199,P0033,2025-04-09,New Account,0.0433,14.63
COM0001027,T0001027,IL0001027,SR027,C00251,P0007,2025-12-22,Standard,0.035,27.21
COM0001028,T0001028,IL0001028,SR028,C00118,P0036,2026-10-24,New Account,0.0211,2.36
COM0001029,T0001029,IL0001029,SR029,C00421,P0124,2026-11-23,New Account,0.0365,51.6
COM0001030,T0001030,IL0001030,SR030,C00376,P0026,2026-12-04,New Account,0.0291,0.58
COM0001031,T0001031,IL0001031,SR031,C00395,P0014,2026-03-09,New Account,0.0442,30.22
COM0001032,T0001032,IL0001032,SR032,C00433,P0137,2025-12-10,Standard,0.0619,29.92
COM0001033,T0001033,IL0001033,SR033,C00303,P0067,2026-12-26,Standard,0.0223,51.43
COM0001034,T0001034,IL0001034,SR034,C00026,P0095,2026-01-11,New Account,0.0321,28.22
COM0001035,T0001035,IL0001035,SR035,C00153,P0010,2025-11-29,New Account,0.0106,2.76
COM0001036,T0001036,IL0001036,SR036,C00253,P0111,2026-10-11,New Account,0.0124,22.49
COM0001037,T0001037,IL0001037,SR037,C00021,P0020,2026-04-15,Accelerator,0.0214,4.09
COM0001038,T0001038,IL0001038,SR038,C00475,P0078,2025-12-12,New Account,0.0444,7.92
COM0001039,T0001039,IL0001039,SR039,C00407,P0050,2025-04-30,New Account,0.0263,36.78
COM0001040,T0001040,IL0001040,SR040,C00390,P0112,2025-08-09,Standard,0.0314,10.04
COM0001041,T0001041,IL0001041,SR001,C00401,P0107,2025-01-20,New Account,0.0619,28.53
COM0001042,T0001042,IL0001042,SR002,C00314,P0074,2025-03-07,New Account,0.048,75.43
COM0001043,T0001043,IL0001043,SR003,C00422,P0114,2025-12-21,Standard,0.04,88.5
COM0001044,T0001044,IL0001044,SR004,C00496,P0021,2026-08-09,Standard,0.0259,80.32
COM0001045,T0001045,IL0001045,SR005,C00016,P0040,2026-04-24,Standard,0.0171,10.19
COM0001046,T0001046,IL0001046,SR006,C00193,P0138,2025-08-29,Accelerator,0.0615,81.71
COM0001047,T0001047,IL0001047,SR007,C00393,P0103,2025-06-12,Accelerator,0.0491,44.97
COM0001048,T0001048,IL0001048,SR008,C00492,P0082,2026-12-05,Standard,0.0344,56.99
COM0001049,T0001049,IL0001049,SR009,C00205,P0074,2025-07-01,New Account,0.0311,71.33
COM0001050,T0001050,IL0001050,SR010,C00211,P0049,2026-03-05,Accelerator,0.0364,8.49
COM0001051,T0001051,IL0001051,SR011,C00086,P0146,2025-09-13,Accelerator,0.0552,28.03
COM0001052,T0001052,IL0001052,SR012,C00235,P0095,2025-06-15,Standard,0.0482,23.46
COM0001053,T0001053,IL0001053,SR013,C00126,P0114,2026-04-16,Standard,0.0476,45.57
COM0001054,T0001054,IL0001054,SR014,C00370,P0018,2026-04-19,New Account,0.0372,5.28
COM0001055,T0001055,IL0001055,SR015,C00062,P0137,2026-07-05,Accelerator,0.06,74.13
COM0001056,T0001056,IL0001056,SR016,C00323,P0113,2026-06-08,Accelerator,0.0567,6.1
COM0001057,T0001057,IL0001057,SR017,C00174,P0037,2026-11-04,Accelerator,0.0227,16.83
COM0001058,T0001058,IL0001058,SR018,C00176,P0076,2025-09-24,Standard,0.063,89.96
COM0001059,T0001059,IL0001059,SR019,C00451,P0095,2025-08-15,Accelerator,0.051,74.3
COM0001060,T0001060,IL0001060,SR020,C00381,P0033,2025-06-08,New Account,0.0193,27.4
COM0001061,T0001061,IL0001061,SR021,C00370,P0131,2026-01-08,Accelerator,0.0277,29.42
COM0001062,T0001062,IL0001062,SR022,C00444,P0125,2026-01-23,New Account,0.0394,56.82
COM0001063,T0001063,IL0001063,SR023,C00143,P0031,2025-06-03,Standard,0.0157,16.74
COM0001064,T0001064,IL0001064,SR024,C00380,P0052,2025-08-22,Standard,0.0242,2.31
COM0001065,T0001065,IL0001065,SR025,C00497,P0015,2025-03-23,New Account,0.0493,89.01
COM0001066,T0001066,IL0001066,SR026,C00091,P0011,2026-04-13,Accelerator,0.048,41.43
COM0001067,T0001067,IL0001067,SR027,C00107,P0059,2025-03-04,Accelerator,0.0523,90.59
COM0001068,T0001068,IL0001068,SR028,C00043,P0122,2026-03-29,Accelerator,0.0161,5.36
COM0001069,T0001069,IL0001069,SR029,C00399,P0050,2026-03-30,Standard,0.0544,141.37
COM0001070,T0001070,IL0001070,SR030,C00488,P0077,2025-10-18,Accelerator,0.0239,21.22
COM0001071,T0001071,IL0001071,SR031,C00004,P0082,2026-05-15,Standard,0.0229,31.03
COM0001072,T0001072,IL0001072,SR032,C00276,P0047,2026-12-05,Standard,0.0124,6.17
COM0001073,T0001073,IL0001073,SR033,C00108,P0147,2026-09-17,New Account,0.0522,18.42
COM0001074,T0001074,IL0001074,SR034,C00335,P0107,2026-05-01,Accelerator,0.0226,26.43
COM0001075,T0001075,IL0001075,SR035,C00231,P0079,2025-11-19,Standard,0.0639,87.07
COM0001076,T0001076,IL0001076,SR036,C00393,P0071,2026-04-13,Standard,0.0105,2.99
COM0001077,T0001077,IL0001077,SR037,C00379,P0052,2026-07-28,Standard,0.0531,74.12
COM0001078,T0001078,IL0001078,SR038,C00400,P0100,2025-02-17,Accelerator,0.0446,20.44
COM0001079,T0001079,IL0001079,SR039,C00057,P0121,2025-10-19,New Account,0.0567,8.67
COM0001080,T0001080,IL0001080,SR040,C00225,P0063,2025-04-01,Accelerator,0.0602,104.97
COM0001081,T0001081,IL0001081,SR001,C00365,P0081,2026-12-18,New Account,0.0381,74.26
COM0001082,T0001082,IL0001082,SR002,C00131,P0006,2025-09-23,New Account,0.0298,13.23
COM0001083,T0001083,IL0001083,SR003,C00009,P0145,2026-01-18,New Account,0.033,6.0
COM0001084,T0001084,IL0001084,SR004,C00290,P0024,2025-03-19,New Account,0.0549,19.54
COM0001085,T0001085,IL0001085,SR005,C00393,P0111,2025-03-16,Standard,0.0597,68.23
COM0001086,T0001086,IL0001086,SR006,C00400,P0111,2026-06-25,New Account,0.0623,87.32
COM0001087,T0001087,IL0001087,SR007,C00300,P0084,2025-08-17,Accelerator,0.0534,91.53
COM0001088,T0001088,IL0001088,SR008,C00396,P0038,2025-07-13,Standard,0.0508,20.87
COM0001089,T0001089,IL0001089,SR009,C00446,P0081,2025-12-02,Standard,0.0554,17.01
COM0001090,T0001090,IL0001090,SR010,C00064,P0097,2026-03-27,Accelerator,0.0645,136.6
COM0001091,T0001091,IL0001091,SR011,C00418,P0032,2026-08-28,Standard,0.0419,21.89
COM0001092,T0001092,IL0001092,SR012,C00384,P0082,2026-01-02,New Account,0.0201,5.8
COM0001093,T0001093,IL0001093,SR013,C00412,P0108,2026-01-25,Standard,0.0347,7.45
COM0001094,T0001094,IL0001094,SR014,C00334,P0100,2025-03-28,New Account,0.0368,3.96
COM0001095,T0001095,IL0001095,SR015,C00266,P0040,2025-05-12,New Account,0.0176,35.95
COM0001096,T0001096,IL0001096,SR016,C00215,P0045,2025-06-11,Standard,0.0149,40.81
COM0001097,T0001097,IL0001097,SR017,C00105,P0079,2026-05-25,New Account,0.0302,56.92
COM0001098,T0001098,IL0001098,SR018,C00468,P0105,2025-05-28,Accelerator,0.0586,70.98
COM0001099,T0001099,IL0001099,SR019,C00058,P0122,2025-03-09,New Account,0.0523,103.66
COM0001100,T0001100,IL0001100,SR020,C00066,P0083,2025-09-21,New Account,0.0392,76.1
COM0001101,T0001101,IL0001101,SR021,C00067,P0037,2026-06-12,New Account,0.0555,19.16
COM0001102,T0001102,IL0001102,SR022,C00169,P0119,2025-11-05,New Account,0.0643,92.32
COM0001103,T0001103,IL0001103,SR023,C00383,P0099,2025-02-05,Accelerator,0.0208,22.76
COM0001104,T0001104,IL0001104,SR024,C00248,P0089,2026-05-08,New Account,0.0567,76.0
COM0001105,T0001105,IL0001105,SR025,C00474,P0087,2026-06-11,Accelerator,0.0218,6.62
COM0001106,T0001106,IL0001106,SR026,C00135,P0017,2026-06-16,Standard,0.0605,91.67
COM0001107,T0001107,IL0001107,SR027,C00065,P0089,2025-10-30,Accelerator,0.0594,65.16
COM0001108,T0001108,IL0001108,SR028,C00100,P0037,2026-06-08,New Account,0.0407,1.13
COM0001109,T0001109,IL0001109,SR029,C00186,P0139,2026-06-30,Standard,0.0116,7.66
COM0001110,T0001110,IL0001110,SR030,C00277,P0109,2025-06-05,New Account,0.0593,9.51
COM0001111,T0001111,IL0001111,SR031,C00070,P0077,2025-11-26,Accelerator,0.0251,3.16
COM0001112,T0001112,IL0001112,SR032,C00072,P0037,2026-02-25,New Account,0.0541,36.92
COM0001113,T0001113,IL0001113,SR033,C00128,P0090,2025-07-18,Standard,0.0623,78.54
COM0001114,T0001114,IL0001114,SR034,C00073,P0071,2026-03-31,Standard,0.0628,3.45
COM0001115,T0001115,IL0001115,SR035,C00278,P0117,2025-05-08,Accelerator,0.0223,7.76
COM0001116,T0001116,IL0001116,SR036,C00058,P0120,2025-09-19,New Account,0.0219,17.08
COM0001117,T0001117,IL0001117,SR037,C00492,P0093,2026-09-10,Standard,0.0526,115.57
COM0001118,T0001118,IL0001118,SR038,C00464,P0065,2025-10-10,New Account,0.0343,27.0
COM0001119,T0001119,IL0001119,SR039,C00114,P0112,2026-05-22,Accelerator,0.044,24.77
COM0001120,T0001120,IL0001120,SR040,C00196,P0011,2026-11-15,Accelerator,0.062,21.66
COM0001121,T0001121,IL0001121,SR001,C00364,P0108,2026-11-20,Standard,0.0182,1.62
COM0001122,T0001122,IL0001122,SR002,C00382,P0111,2026-10-06,Standard,0.0335,25.66
COM0001123,T0001123,IL0001123,SR003,C00184,P0089,2025-09-17,New Account,0.0484,20.74
COM0001124,T0001124,IL0001124,SR004,C00395,P0141,2026-07-26,New Account,0.0216,35.12
COM0001125,T0001125,IL0001125,SR005,C00163,P0079,2025-08-22,Standard,0.0511,18.03
COM0001126,T0001126,IL0001126,SR006,C00173,P0113,2025-12-26,Standard,0.0647,57.73
COM0001127,T0001127,IL0001127,SR007,C00276,P0046,2026-07-28,New Account,0.0454,5.01
COM0001128,T0001128,IL0001128,SR008,C00182,P0102,2026-06-30,Standard,0.0239,7.34
COM0001129,T0001129,IL0001129,SR009,C00227,P0011,2025-08-19,New Account,0.0345,21.23
COM0001130,T0001130,IL0001130,SR010,C00332,P0056,2026-03-27,Accelerator,0.064,1.89
COM0001131,T0001131,IL0001131,SR011,C00212,P0048,2025-07-16,Standard,0.038,51.39
COM0001132,T0001132,IL0001132,SR012,C00221,P0095,2025-09-27,New Account,0.0288,14.06
COM0001133,T0001133,IL0001133,SR013,C00297,P0033,2026-07-06,Standard,0.0359,70.75
COM0001134,T0001134,IL0001134,SR014,C00421,P0058,2026-07-22,Standard,0.0352,32.69
COM0001135,T0001135,IL0001135,SR015,C00230,P0144,2026-07-28,Standard,0.0334,33.1
COM0001136,T0001136,IL0001136,SR016,C00366,P0126,2025-01-29,Standard,0.02,15.32
COM0001137,T0001137,IL0001137,SR017,C00485,P0105,2026-06-05,Accelerator,0.0392,105.65
COM0001138,T0001138,IL0001138,SR018,C00315,P0017,2025-03-14,Standard,0.0163,27.27
COM0001139,T0001139,IL0001139,SR019,C00476,P0127,2026-10-27,Standard,0.0572,14.02
COM0001140,T0001140,IL0001140,SR020,C00434,P0088,2025-05-22,Accelerator,0.0307,6.13
COM0001141,T0001141,IL0001141,SR021,C00332,P0021,2025-12-26,Standard,0.0626,122.0
COM0001142,T0001142,IL0001142,SR022,C00001,P0136,2025-06-22,Accelerator,0.0122,0.23
COM0001143,T0001143,IL0001143,SR023,C00318,P0128,2026-10-14,Accelerator,0.0501,38.61
COM0001144,T0001144,IL0001144,SR024,C00434,P0046,2026-12-25,Standard,0.0404,27.5
COM0001145,T0001145,IL0001145,SR025,C00479,P0075,2025-11-16,Standard,0.0244,33.21
COM0001146,T0001146,IL0001146,SR026,C00481,P0117,2025-12-12,Standard,0.054,88.24
COM0001147,T0001147,IL0001147,SR027,C00097,P0104,2026-05-18,Accelerator,0.0186,4.03
COM0001148,T0001148,IL0001148,SR028,C00047,P0083,2026-06-17,Accelerator,0.0129,23.5
COM0001149,T0001149,IL0001149,SR029,C00150,P0110,2025-07-22,New Account,0.0639,64.09
COM0001150,T0001150,IL0001150,SR030,C00395,P0015,2025-10-22,Accelerator,0.061,3.74
COM0001151,T0001151,IL0001151,SR031,C00274,P0008,2025-02-19,Standard,0.0323,22.87
COM0001152,T0001152,IL0001152,SR032,C00261,P0095,2025-07-02,Accelerator,0.0643,10.78
COM0001153,T0001153,IL0001153,SR033,C00314,P0004,2026-10-18,New Account,0.0529,27.88
COM0001154,T0001154,IL0001154,SR034,C00200,P0059,2025-07-01,New Account,0.0165,4.02
COM0001155,T0001155,IL0001155,SR035,C00159,P0053,2026-10-04,Accelerator,0.0364,60.37
COM0001156,T0001156,IL0001156,SR036,C00006,P0102,2026-09-07,Standard,0.0258,11.67
COM0001157,T0001157,IL0001157,SR037,C00168,P0043,2026-07-04,New Account,0.0464,34.62
COM0001158,T0001158,IL0001158,SR038,C00487,P0023,2025-07-26,New Account,0.0579,39.47
COM0001159,T0001159,IL0001159,SR039,C00391,P0018,2025-03-27,Accelerator,0.0493,74.63
COM0001160,T0001160,IL0001160,SR040,C00394,P0054,2025-07-13,Accelerator,0.0457,6.76
COM0001161,T0001161,IL0001161,SR001,C00029,P0101,2026-10-22,New Account,0.0326,26.28
COM0001162,T0001162,IL0001162,SR002,C00036,P0063,2026-03-28,New Account,0.0228,22.54
COM0001163,T0001163,IL0001163,SR003,C00317,P0044,2025-01-18,Accelerator,0.0465,8.97
COM0001164,T0001164,IL0001164,SR004,C00062,P0058,2026-08-04,Standard,0.0461,85.19
COM0001165,T0001165,IL0001165,SR005,C00231,P0061,2026-02-01,New Account,0.0126,6.11
COM0001166,T0001166,IL0001166,SR006,C00147,P0045,2025-05-28,Standard,0.0579,72.69
COM0001167,T0001167,IL0001167,SR007,C00437,P0059,2026-07-09,New Account,0.0119,7.13
COM0001168,T0001168,IL0001168,SR008,C00238,P0094,2026-02-02,Standard,0.0335,43.74
COM0001169,T0001169,IL0001169,SR009,C00402,P0094,2026-11-07,New Account,0.0507,129.43
COM0001170,T0001170,IL0001170,SR010,C00154,P0106,2026-04-09,Standard,0.0565,16.87
COM0001171,T0001171,IL0001171,SR011,C00106,P0099,2026-12-12,Accelerator,0.0626,18.89
COM0001172,T0001172,IL0001172,SR012,C00163,P0120,2026-02-26,Accelerator,0.0148,8.29
COM0001173,T0001173,IL0001173,SR013,C00403,P0017,2025-04-10,Accelerator,0.0513,0.48
COM0001174,T0001174,IL0001174,SR014,C00491,P0055,2025-06-04,New Account,0.0433,6.24
COM0001175,T0001175,IL0001175,SR015,C00411,P0144,2025-04-14,New Account,0.0634,12.04
COM0001176,T0001176,IL0001176,SR016,C00354,P0064,2025-10-15,New Account,0.0279,21.64
COM0001177,T0001177,IL0001177,SR017,C00353,P0093,2026-08-24,Standard,0.0379,25.38
COM0001178,T0001178,IL0001178,SR018,C00036,P0046,2026-01-14,New Account,0.0448,49.59
COM0001179,T0001179,IL0001179,SR019,C00365,P0022,2025-10-27,New Account,0.0424,8.91
COM0001180,T0001180,IL0001180,SR020,C00463,P0007,2026-06-17,New Account,0.041,69.73
COM0001181,T0001181,IL0001181,SR021,C00235,P0021,2026-11-04,Accelerator,0.037,10.09
COM0001182,T0001182,IL0001182,SR022,C00195,P0100,2026-04-27,New Account,0.0107,11.39
COM0001183,T0001183,IL0001183,SR023,C00369,P0067,2025-12-21,New Account,0.0107,5.78
COM0001184,T0001184,IL0001184,SR024,C00459,P0030,2026-06-06,New Account,0.0548,33.94
COM0001185,T0001185,IL0001185,SR025,C00005,P0004,2025-03-19,Standard,0.0209,1.77
COM0001186,T0001186,IL0001186,SR026,C00029,P0036,2025-05-05,Standard,0.0304,3.36
COM0001187,T0001187,IL0001187,SR027,C00165,P0136,2026-02-01,New Account,0.0128,26.61
COM0001188,T0001188,IL0001188,SR028,C00227,P0048,2025-03-04,New Account,0.035,0.26
COM0001189,T0001189,IL0001189,SR029,C00097,P0048,2025-03-19,Accelerator,0.0227,6.01
COM0001190,T0001190,IL0001190,SR030,C00377,P0062,2025-12-20,New Account,0.0321,1.27
COM0001191,T0001191,IL0001191,SR031,C00318,P0111,2025-03-03,New Account,0.036,6.53
COM0001192,T0001192,IL0001192,SR032,C00492,P0017,2026-11-26,Accelerator,0.0519,55.87
COM0001193,T0001193,IL0001193,SR033,C00382,P0049,2026-07-14,Standard,0.057,5.79
COM0001194,T0001194,IL0001194,SR034,C00445,P0119,2026-04-20,Standard,0.0168,2.77
COM0001195,T0001195,IL0001195,SR035,C00077,P0103,2026-10-10,New Account,0.0431,2.02
COM0001196,T0001196,IL0001196,SR036,C00077,P0070,2026-04-29,New Account,0.0314,2.86
COM0001197,T0001197,IL0001197,SR037,C00222,P0112,2026-05-27,New Account,0.0501,136.19
COM0001198,T0001198,IL0001198,SR038,C00266,P0127,2025-08-29,Standard,0.0528,59.61
COM0001199,T0001199,IL0001199,SR039,C00067,P0136,2026-09-06,New Account,0.0334,45.61
COM0001200,T0001200,IL0001200,SR040,C00127,P0054,2026-03-04,Standard,0.0519,56.86
COM0001201,T0001201,IL0001201,SR001,C00358,P0050,2025-12-06,New Account,0.0339,46.31
COM0001202,T0001202,IL0001202,SR002,C00241,P0005,2026-07-31,Accelerator,0.0237,60.86
COM0001203,T0001203,IL0001203,SR003,C00035,P0116,2025-09-30,New Account,0.0616,52.84
COM0001204,T0001204,IL0001204,SR004,C00183,P0124,2025-12-02,Accelerator,0.0263,16.77
COM0001205,T0001205,IL0001205,SR005,C00491,P0031,2025-07-12,Accelerator,0.0206,5.76
COM0001206,T0001206,IL0001206,SR006,C00153,P0067,2025-01-12,Accelerator,0.0113,3.24
COM0001207,T0001207,IL0001207,SR007,C00321,P0098,2026-04-03,New Account,0.0603,32.31
COM0001208,T0001208,IL0001208,SR008,C00301,P0033,2025-06-16,Accelerator,0.0131,0.26
COM0001209,T0001209,IL0001209,SR009,C00223,P0083,2026-10-06,Standard,0.0235,8.53
COM0001210,T0001210,IL0001210,SR010,C00371,P0034,2025-02-27,Standard,0.0381,14.2
COM0001211,T0001211,IL0001211,SR011,C00174,P0021,2026-01-01,Standard,0.0482,69.92
COM0001212,T0001212,IL0001212,SR012,C00417,P0054,2025-04-02,Standard,0.0229,3.42
COM0001213,T0001213,IL0001213,SR013,C00116,P0123,2026-12-16,New Account,0.0234,1.62
COM0001214,T0001214,IL0001214,SR014,C00203,P0005,2026-11-18,Standard,0.0262,20.86
COM0001215,T0001215,IL0001215,SR015,C00252,P0002,2026-08-20,New Account,0.0223,6.33
COM0001216,T0001216,IL0001216,SR016,C00145,P0069,2026-09-30,Standard,0.0349,40.06
COM0001217,T0001217,IL0001217,SR017,C00334,P0074,2025-05-03,New Account,0.0141,1.13
COM0001218,T0001218,IL0001218,SR018,C00381,P0053,2025-04-20,Standard,0.0374,90.75
COM0001219,T0001219,IL0001219,SR019,C00321,P0059,2026-10-26,New Account,0.0202,7.95
COM0001220,T0001220,IL0001220,SR020,C00369,P0084,2026-02-02,Accelerator,0.0589,80.92
COM0001221,T0001221,IL0001221,SR021,C00040,P0028,2025-09-12,New Account,0.0638,7.23
COM0001222,T0001222,IL0001222,SR022,C00050,P0014,2025-06-13,New Account,0.0101,7.54
COM0001223,T0001223,IL0001223,SR023,C00461,P0031,2025-02-05,Accelerator,0.0186,4.15
COM0001224,T0001224,IL0001224,SR024,C00406,P0008,2026-11-30,Accelerator,0.0496,3.81
COM0001225,T0001225,IL0001225,SR025,C00289,P0123,2026-12-21,Standard,0.0275,6.47
COM0001226,T0001226,IL0001226,SR026,C00296,P0012,2025-01-14,Accelerator,0.0321,36.41
COM0001227,T0001227,IL0001227,SR027,C00230,P0001,2026-12-08,Standard,0.0301,76.81
COM0001228,T0001228,IL0001228,SR028,C00046,P0095,2026-01-08,New Account,0.0577,84.5
COM0001229,T0001229,IL0001229,SR029,C00090,P0149,2026-02-21,Accelerator,0.0186,19.31
COM0001230,T0001230,IL0001230,SR030,C00493,P0111,2026-01-04,Standard,0.0485,62.53
COM0001231,T0001231,IL0001231,SR031,C00176,P0130,2025-02-13,Standard,0.0584,58.69
COM0001232,T0001232,IL0001232,SR032,C00203,P0021,2026-12-11,New Account,0.0624,38.27
COM0001233,T0001233,IL0001233,SR033,C00351,P0086,2025-08-21,New Account,0.0361,8.25
COM0001234,T0001234,IL0001234,SR034,C00384,P0105,2025-12-26,New Account,0.048,38.02
COM0001235,T0001235,IL0001235,SR035,C00410,P0028,2026-06-01,New Account,0.0262,18.71
COM0001236,T0001236,IL0001236,SR036,C00013,P0005,2025-07-15,Accelerator,0.0357,10.66
COM0001237,T0001237,IL0001237,SR037,C00339,P0104,2026-01-02,New Account,0.0613,40.09
COM0001238,T0001238,IL0001238,SR038,C00252,P0009,2026-11-27,Accelerator,0.0463,32.54
COM0001239,T0001239,IL0001239,SR039,C00318,P0090,2026-08-25,Accelerator,0.047,3.23
COM0001240,T0001240,IL0001240,SR040,C00473,P0025,2026-10-09,Standard,0.0477,78.31
COM0001241,T0001241,IL0001241,SR001,C00315,P0106,2025-08-10,New Account,0.0318,1.86
COM0001242,T0001242,IL0001242,SR002,C00357,P0145,2025-10-09,Accelerator,0.0547,111.79
COM0001243,T0001243,IL0001243,SR003,C00021,P0075,2025-06-16,Standard,0.0475,39.55
COM0001244,T0001244,IL0001244,SR004,C00464,P0046,2026-11-01,Standard,0.0274,2.52
COM0001245,T0001245,IL0001245,SR005,C00052,P0043,2025-04-29,New Account,0.0436,23.14
COM0001246,T0001246,IL0001246,SR006,C00460,P0095,2026-06-22,Accelerator,0.0284,7.93
COM0001247,T0001247,IL0001247,SR007,C00184,P0122,2026-11-12,Standard,0.0411,100.19
COM0001248,T0001248,IL0001248,SR008,C00338,P0140,2026-04-02,Standard,0.0524,51.93
COM0001249,T0001249,IL0001249,SR009,C00154,P0035,2025-05-31,Standard,0.0129,0.45
COM0001250,T0001250,IL0001250,SR010,C00164,P0063,2025-05-21,New Account,0.0103,2.98
COM0001251,T0001251,IL0001251,SR011,C00075,P0033,2025-03-14,New Account,0.0628,45.23
COM0001252,T0001252,IL0001252,SR012,C00186,P0058,2026-10-03,Accelerator,0.0474,12.04
COM0001253,T0001253,IL0001253,SR013,C00231,P0058,2026-02-05,New Account,0.0288,46.22
COM0001254,T0001254,IL0001254,SR014,C00255,P0020,2025-10-22,Accelerator,0.018,1.55
COM0001255,T0001255,IL0001255,SR015,C00238,P0088,2025-10-15,Accelerator,0.0167,29.06
COM0001256,T0001256,IL0001256,SR016,C00356,P0144,2026-08-27,Standard,0.0549,32.47
COM0001257,T0001257,IL0001257,SR017,C00138,P0070,2026-10-07,Accelerator,0.0425,31.71
COM0001258,T0001258,IL0001258,SR018,C00266,P0106,2025-12-10,Standard,0.0617,55.76
COM0001259,T0001259,IL0001259,SR019,C00352,P0093,2025-07-14,Accelerator,0.0285,31.14
COM0001260,T0001260,IL0001260,SR020,C00307,P0087,2025-07-30,New Account,0.0138,15.17
COM0001261,T0001261,IL0001261,SR021,C00130,P0032,2025-03-15,Accelerator,0.0379,118.51
COM0001262,T0001262,IL0001262,SR022,C00421,P0071,2026-08-21,New Account,0.0528,74.89
COM0001263,T0001263,IL0001263,SR023,C00062,P0036,2025-11-17,New Account,0.0194,5.12
COM0001264,T0001264,IL0001264,SR024,C00474,P0109,2025-04-09,New Account,0.0173,3.83
COM0001265,T0001265,IL0001265,SR025,C00113,P0147,2025-08-25,New Account,0.0237,29.61
COM0001266,T0001266,IL0001266,SR026,C00105,P0139,2026-01-28,New Account,0.0239,2.72
COM0001267,T0001267,IL0001267,SR027,C00114,P0062,2026-02-21,Accelerator,0.0529,43.81
COM0001268,T0001268,IL0001268,SR028,C00229,P0055,2026-01-31,Standard,0.0337,17.22
COM0001269,T0001269,IL0001269,SR029,C00278,P0070,2025-01-24,Standard,0.0475,59.85
COM0001270,T0001270,IL0001270,SR030,C00191,P0037,2025-07-30,Standard,0.014,6.52
COM0001271,T0001271,IL0001271,SR031,C00308,P0121,2026-01-24,New Account,0.0516,44.33
COM0001272,T0001272,IL0001272,SR032,C00224,P0115,2026-05-18,New Account,0.0583,13.91
COM0001273,T0001273,IL0001273,SR033,C00331,P0133,2026-08-23,New Account,0.0383,88.25
COM0001274,T0001274,IL0001274,SR034,C00316,P0142,2025-04-05,New Account,0.0116,2.16
COM0001275,T0001275,IL0001275,SR035,C00210,P0080,2025-08-23,Standard,0.0436,15.03
COM0001276,T0001276,IL0001276,SR036,C00148,P0141,2025-06-30,New Account,0.0264,57.63
COM0001277,T0001277,IL0001277,SR037,C00274,P0032,2025-07-03,Standard,0.0183,40.78
COM0001278,T0001278,IL0001278,SR038,C00263,P0006,2025-10-06,Accelerator,0.0359,92.71
COM0001279,T0001279,IL0001279,SR039,C00294,P0072,2026-01-12,Standard,0.0209,13.8
COM0001280,T0001280,IL0001280,SR040,C00001,P0074,2025-05-20,Standard,0.0205,46.99
COM0001281,T0001281,IL0001281,SR001,C00182,P0148,2026-06-17,Accelerator,0.0401,31.46
COM0001282,T0001282,IL0001282,SR002,C00432,P0077,2026-01-12,Accelerator,0.0523,52.19
COM0001283,T0001283,IL0001283,SR003,C00231,P0036,2025-05-31,Standard,0.0348,23.48
COM0001284,T0001284,IL0001284,SR004,C00238,P0034,2025-07-29,Accelerator,0.0251,2.35
COM0001285,T0001285,IL0001285,SR005,C00447,P0111,2026-11-01,Accelerator,0.0535,33.87
COM0001286,T0001286,IL0001286,SR006,C00159,P0130,2025-07-18,New Account,0.0563,4.84
COM0001287,T0001287,IL0001287,SR007,C00230,P0104,2025-01-25,New Account,0.0154,15.18
COM0001288,T0001288,IL0001288,SR008,C00391,P0132,2026-03-20,New Account,0.0246,54.77
COM0001289,T0001289,IL0001289,SR009,C00375,P0069,2026-03-27,Accelerator,0.0308,19.62
COM0001290,T0001290,IL0001290,SR010,C00100,P0108,2025-05-17,Standard,0.0213,10.0
COM0001291,T0001291,IL0001291,SR011,C00084,P0010,2025-03-09,New Account,0.0402,88.64
COM0001292,T0001292,IL0001292,SR012,C00316,P0096,2025-12-17,New Account,0.0121,10.11
COM0001293,T0001293,IL0001293,SR013,C00428,P0134,2026-11-30,Standard,0.0455,18.0
COM0001294,T0001294,IL0001294,SR014,C00027,P0077,2026-02-19,Standard,0.0381,19.55
COM0001295,T0001295,IL0001295,SR015,C00358,P0139,2025-04-11,Accelerator,0.0106,9.58
COM0001296,T0001296,IL0001296,SR016,C00034,P0081,2026-11-10,Standard,0.0593,61.1
COM0001297,T0001297,IL0001297,SR017,C00451,P0126,2026-05-14,New Account,0.0564,28.05
COM0001298,T0001298,IL0001298,SR018,C00437,P0022,2026-01-21,New Account,0.0316,2.1
COM0001299,T0001299,IL0001299,SR019,C00332,P0039,2026-12-16,New Account,0.0508,0.99
COM0001300,T0001300,IL0001300,SR020,C00293,P0023,2026-11-14,Standard,0.0408,35.43
COM0001301,T0001301,IL0001301,SR021,C00405,P0044,2025-07-16,Accelerator,0.0597,26.2
COM0001302,T0001302,IL0001302,SR022,C00437,P0067,2026-09-13,Accelerator,0.0384,16.96
COM0001303,T0001303,IL0001303,SR023,C00184,P0131,2026-04-09,New Account,0.0412,42.96
COM0001304,T0001304,IL0001304,SR024,C00124,P0119,2025-08-04,New Account,0.0302,2.75
COM0001305,T0001305,IL0001305,SR025,C00395,P0086,2025-10-17,Standard,0.0632,56.64
COM0001306,T0001306,IL0001306,SR026,C00480,P0054,2025-11-06,New Account,0.0488,4.36
COM0001307,T0001307,IL0001307,SR027,C00238,P0102,2026-05-25,New Account,0.0515,23.77
COM0001308,T0001308,IL0001308,SR028,C00095,P0002,2026-12-18,New Account,0.0223,14.28
COM0001309,T0001309,IL0001309,SR029,C00465,P0052,2025-10-12,Accelerator,0.0489,11.89
COM0001310,T0001310,IL0001310,SR030,C00104,P0055,2026-05-29,Standard,0.0187,22.99
COM0001311,T0001311,IL0001311,SR031,C00101,P0112,2026-09-19,Accelerator,0.0551,127.9
COM0001312,T0001312,IL0001312,SR032,C00322,P0017,2026-08-27,Accelerator,0.0113,23.12
COM0001313,T0001313,IL0001313,SR033,C00457,P0010,2025-11-04,Accelerator,0.0531,54.17
COM0001314,T0001314,IL0001314,SR034,C00025,P0020,2026-03-17,New Account,0.0131,32.18
COM0001315,T0001315,IL0001315,SR035,C00394,P0014,2025-11-10,Accelerator,0.0355,29.6
COM0001316,T0001316,IL0001316,SR036,C00091,P0140,2025-12-03,Accelerator,0.0172,1.24
COM0001317,T0001317,IL0001317,SR037,C00087,P0075,2025-09-22,New Account,0.031,15.46
COM0001318,T0001318,IL0001318,SR038,C00281,P0018,2026-12-10,New Account,0.0349,26.81
COM0001319,T0001319,IL0001319,SR039,C00059,P0116,2025-07-03,Standard,0.0201,7.01
COM0001320,T0001320,IL0001320,SR040,C00404,P0024,2025-12-31,Standard,0.0108,4.62
COM0001321,T0001321,IL0001321,SR001,C00033,P0042,2025-03-30,Standard,0.0186,7.33
COM0001322,T0001322,IL0001322,SR002,C00406,P0111,2026-02-03,Standard,0.0204,45.72
COM0001323,T0001323,IL0001323,SR003,C00428,P0127,2025-08-21,Standard,0.027,29.35
COM0001324,T0001324,IL0001324,SR004,C00479,P0096,2026-11-12,New Account,0.021,38.25
COM0001325,T0001325,IL0001325,SR005,C00304,P0035,2025-04-30,Standard,0.0298,47.86
COM0001326,T0001326,IL0001326,SR006,C00160,P0138,2025-09-09,New Account,0.0443,7.4
COM0001327,T0001327,IL0001327,SR007,C00144,P0088,2025-06-06,Accelerator,0.0436,18.17
COM0001328,T0001328,IL0001328,SR008,C00365,P0024,2025-07-09,Standard,0.0341,60.21
COM0001329,T0001329,IL0001329,SR009,C00296,P0055,2025-07-07,Accelerator,0.0461,5.91
COM0001330,T0001330,IL0001330,SR010,C00479,P0148,2026-07-17,Accelerator,0.032,48.65
COM0001331,T0001331,IL0001331,SR011,C00337,P0086,2025-04-06,Standard,0.061,3.85
COM0001332,T0001332,IL0001332,SR012,C00278,P0028,2026-02-20,New Account,0.052,28.24
COM0001333,T0001333,IL0001333,SR013,C00323,P0005,2025-04-17,New Account,0.0336,30.92
COM0001334,T0001334,IL0001334,SR014,C00268,P0070,2026-11-29,New Account,0.0551,30.68
COM0001335,T0001335,IL0001335,SR015,C00208,P0106,2025-05-20,Standard,0.012,5.71
COM0001336,T0001336,IL0001336,SR016,C00208,P0049,2025-04-28,Standard,0.0132,5.3
COM0001337,T0001337,IL0001337,SR017,C00382,P0012,2025-09-13,Standard,0.0334,13.8
COM0001338,T0001338,IL0001338,SR018,C00212,P0028,2025-01-15,New Account,0.0361,20.86
COM0001339,T0001339,IL0001339,SR019,C00349,P0071,2026-06-16,New Account,0.0207,21.36
COM0001340,T0001340,IL0001340,SR020,C00486,P0071,2026-05-16,New Account,0.0237,2.1
COM0001341,T0001341,IL0001341,SR021,C00212,P0029,2025-07-28,Standard,0.0524,14.1
COM0001342,T0001342,IL0001342,SR022,C00330,P0058,2025-11-07,New Account,0.0339,27.16
COM0001343,T0001343,IL0001343,SR023,C00400,P0061,2025-01-18,New Account,0.054,27.73
COM0001344,T0001344,IL0001344,SR024,C00051,P0070,2026-12-08,Standard,0.0288,38.02
COM0001345,T0001345,IL0001345,SR025,C00477,P0143,2026-11-16,Standard,0.0294,75.44
COM0001346,T0001346,IL0001346,SR026,C00395,P0142,2026-12-08,Standard,0.0591,70.72
COM0001347,T0001347,IL0001347,SR027,C00301,P0052,2025-10-06,New Account,0.0358,68.69
COM0001348,T0001348,IL0001348,SR028,C00389,P0062,2026-04-28,Standard,0.0237,22.25
COM0001349,T0001349,IL0001349,SR029,C00105,P0120,2025-02-14,Standard,0.0317,93.12
COM0001350,T0001350,IL0001350,SR030,C00190,P0025,2025-08-12,Standard,0.0417,4.46
COM0001351,T0001351,IL0001351,SR031,C00473,P0061,2025-12-15,New Account,0.0393,4.07
COM0001352,T0001352,IL0001352,SR032,C00278,P0043,2025-10-11,Accelerator,0.0276,62.75
COM0001353,T0001353,IL0001353,SR033,C00001,P0110,2025-10-12,New Account,0.0565,85.94
COM0001354,T0001354,IL0001354,SR034,C00089,P0041,2025-07-17,Standard,0.0109,2.34
COM0001355,T0001355,IL0001355,SR035,C00017,P0031,2025-05-18,Accelerator,0.0387,47.53
COM0001356,T0001356,IL0001356,SR036,C00194,P0002,2026-05-01,Accelerator,0.0496,9.89
COM0001357,T0001357,IL0001357,SR037,C00056,P0112,2026-03-02,New Account,0.0372,10.81
COM0001358,T0001358,IL0001358,SR038,C00169,P0116,2026-08-23,Accelerator,0.049,103.7
COM0001359,T0001359,IL0001359,SR039,C00110,P0006,2026-09-13,Accelerator,0.0546,41.25
COM0001360,T0001360,IL0001360,SR040,C00118,P0137,2025-02-25,New Account,0.0526,76.09
COM0001361,T0001361,IL0001361,SR001,C00410,P0033,2025-08-26,Standard,0.0389,6.23
COM0001362,T0001362,IL0001362,SR002,C00134,P0086,2025-09-23,Standard,0.0577,37.37
COM0001363,T0001363,IL0001363,SR003,C00266,P0038,2025-04-02,Standard,0.0424,12.71
COM0001364,T0001364,IL0001364,SR004,C00016,P0009,2025-12-12,New Account,0.056,7.11
COM0001365,T0001365,IL0001365,SR005,C00300,P0021,2026-10-15,New Account,0.0313,16.14
COM0001366,T0001366,IL0001366,SR006,C00014,P0039,2026-09-12,Accelerator,0.0358,26.51
COM0001367,T0001367,IL0001367,SR007,C00308,P0148,2025-06-01,New Account,0.0345,30.58
COM0001368,T0001368,IL0001368,SR008,C00161,P0098,2025-02-13,Standard,0.0307,4.23
COM0001369,T0001369,IL0001369,SR009,C00175,P0023,2026-10-14,Accelerator,0.0646,61.93
COM0001370,T0001370,IL0001370,SR010,C00190,P0013,2025-11-26,New Account,0.0511,73.26
COM0001371,T0001371,IL0001371,SR011,C00124,P0106,2025-08-01,New Account,0.0527,79.0
COM0001372,T0001372,IL0001372,SR012,C00095,P0033,2026-06-23,Accelerator,0.0136,1.64
COM0001373,T0001373,IL0001373,SR013,C00379,P0002,2026-06-26,Standard,0.0605,83.22
COM0001374,T0001374,IL0001374,SR014,C00271,P0017,2025-07-12,Accelerator,0.0473,20.37
COM0001375,T0001375,IL0001375,SR015,C00343,P0079,2026-10-23,New Account,0.0193,6.76
COM0001376,T0001376,IL0001376,SR016,C00054,P0080,2025-08-08,Standard,0.0429,10.33
COM0001377,T0001377,IL0001377,SR017,C00388,P0075,2026-01-18,Standard,0.0614,29.2
COM0001378,T0001378,IL0001378,SR018,C00343,P0022,2025-01-24,New Account,0.0204,14.46
COM0001379,T0001379,IL0001379,SR019,C00396,P0058,2025-01-24,Accelerator,0.0425,23.57
COM0001380,T0001380,IL0001380,SR020,C00426,P0016,2026-09-17,Accelerator,0.0514,3.79
COM0001381,T0001381,IL0001381,SR021,C00100,P0135,2025-12-30,Accelerator,0.0623,98.82
COM0001382,T0001382,IL0001382,SR022,C00270,P0120,2026-04-11,Accelerator,0.0396,12.62
COM0001383,T0001383,IL0001383,SR023,C00166,P0058,2026-10-22,Accelerator,0.0306,55.38
COM0001384,T0001384,IL0001384,SR024,C00200,P0025,2025-12-02,Standard,0.0101,22.53
COM0001385,T0001385,IL0001385,SR025,C00416,P0008,2025-01-28,Accelerator,0.0217,4.87
COM0001386,T0001386,IL0001386,SR026,C00242,P0128,2025-12-08,Standard,0.0586,73.84
COM0001387,T0001387,IL0001387,SR027,C00189,P0089,2026-02-06,Standard,0.0159,0.7
COM0001388,T0001388,IL0001388,SR028,C00116,P0060,2025-10-27,Standard,0.0325,45.2
COM0001389,T0001389,IL0001389,SR029,C00311,P0130,2025-08-09,Standard,0.0304,3.87
COM0001390,T0001390,IL0001390,SR030,C00067,P0134,2025-10-29,Accelerator,0.0193,44.51
COM0001391,T0001391,IL0001391,SR031,C00223,P0012,2026-03-15,New Account,0.027,2.63
COM0001392,T0001392,IL0001392,SR032,C00454,P0053,2026-06-17,Accelerator,0.0576,51.41
COM0001393,T0001393,IL0001393,SR033,C00052,P0045,2025-08-06,New Account,0.0137,17.2
COM0001394,T0001394,IL0001394,SR034,C00218,P0144,2026-05-12,Standard,0.0219,23.31
COM0001395,T0001395,IL0001395,SR035,C00230,P0050,2026-06-25,Accelerator,0.0638,27.96
COM0001396,T0001396,IL0001396,SR036,C00192,P0032,2026-10-23,Accelerator,0.0159,6.16
COM0001397,T0001397,IL0001397,SR037,C00034,P0075,2026-12-26,New Account,0.0522,38.57
COM0001398,T0001398,IL0001398,SR038,C00294,P0108,2026-12-25,Accelerator,0.0133,32.09
COM0001399,T0001399,IL0001399,SR039,C00348,P0117,2026-11-24,Standard,0.0135,13.45
COM0001400,T0001400,IL0001400,SR040,C00151,P0006,2025-04-16,Standard,0.0305,29.33
COM0001401,T0001401,IL0001401,SR001,C00151,P0037,2025-08-17,Accelerator,0.0473,57.99
COM0001402,T0001402,IL0001402,SR002,C00061,P0118,2026-10-18,Accelerator,0.0594,7.98
COM0001403,T0001403,IL0001403,SR003,C00344,P0093,2025-11-30,New Account,0.0312,16.25
COM0001404,T0001404,IL0001404,SR004,C00455,P0031,2026-02-22,Standard,0.0244,46.87
COM0001405,T0001405,IL0001405,SR005,C00076,P0112,2026-11-24,Standard,0.0405,17.22
COM0001406,T0001406,IL0001406,SR006,C00415,P0110,2026-05-09,Standard,0.0137,8.72
COM0001407,T0001407,IL0001407,SR007,C00205,P0139,2025-10-01,Accelerator,0.0605,48.77
COM0001408,T0001408,IL0001408,SR008,C00245,P0058,2025-06-18,Accelerator,0.0218,0.88
COM0001409,T0001409,IL0001409,SR009,C00258,P0052,2026-02-01,Standard,0.0516,15.87
COM0001410,T0001410,IL0001410,SR010,C00029,P0072,2026-06-25,Accelerator,0.0131,14.64
COM0001411,T0001411,IL0001411,SR011,C00447,P0150,2025-07-20,New Account,0.0593,89.89
COM0001412,T0001412,IL0001412,SR012,C00145,P0101,2026-09-06,Accelerator,0.0485,12.58
COM0001413,T0001413,IL0001413,SR013,C00010,P0143,2025-12-19,New Account,0.0627,118.48
COM0001414,T0001414,IL0001414,SR014,C00394,P0068,2025-03-10,Accelerator,0.0389,75.46
COM0001415,T0001415,IL0001415,SR015,C00489,P0081,2025-05-16,New Account,0.0467,11.0
COM0001416,T0001416,IL0001416,SR016,C00348,P0027,2025-06-18,New Account,0.0294,1.78
COM0001417,T0001417,IL0001417,SR017,C00280,P0147,2026-05-23,Standard,0.0605,22.61
COM0001418,T0001418,IL0001418,SR018,C00443,P0149,2025-06-22,New Account,0.0641,3.42
COM0001419,T0001419,IL0001419,SR019,C00232,P0053,2025-08-31,Standard,0.0325,7.92
COM0001420,T0001420,IL0001420,SR020,C00039,P0004,2025-07-11,New Account,0.0511,21.75
COM0001421,T0001421,IL0001421,SR021,C00088,P0147,2026-03-06,Standard,0.0556,76.06
COM0001422,T0001422,IL0001422,SR022,C00125,P0030,2026-07-07,Standard,0.0595,32.22
COM0001423,T0001423,IL0001423,SR023,C00403,P0140,2026-05-20,New Account,0.0345,49.69
COM0001424,T0001424,IL0001424,SR024,C00266,P0038,2026-02-19,Standard,0.0256,39.98
COM0001425,T0001425,IL0001425,SR025,C00082,P0023,2026-11-22,Standard,0.0274,4.17
COM0001426,T0001426,IL0001426,SR026,C00268,P0045,2025-03-16,Accelerator,0.0317,18.72
COM0001427,T0001427,IL0001427,SR027,C00138,P0061,2026-11-30,Standard,0.0483,49.96
COM0001428,T0001428,IL0001428,SR028,C00488,P0059,2025-02-04,Accelerator,0.0387,87.27
COM0001429,T0001429,IL0001429,SR029,C00434,P0132,2025-12-12,New Account,0.0621,16.26
COM0001430,T0001430,IL0001430,SR030,C00336,P0113,2026-12-13,Standard,0.0154,28.83
COM0001431,T0001431,IL0001431,SR031,C00014,P0116,2025-07-11,New Account,0.054,87.38
COM0001432,T0001432,IL0001432,SR032,C00278,P0039,2026-01-29,New Account,0.043,127.49
COM0001433,T0001433,IL0001433,SR033,C00384,P0010,2026-05-21,Accelerator,0.0603,77.7
COM0001434,T0001434,IL0001434,SR034,C00340,P0093,2025-01-31,Standard,0.0569,93.32
COM0001435,T0001435,IL0001435,SR035,C00399,P0088,2025-06-30,Accelerator,0.0142,5.87
COM0001436,T0001436,IL0001436,SR036,C00096,P0064,2025-10-29,New Account,0.057,115.46
COM0001437,T0001437,IL0001437,SR037,C00479,P0027,2026-08-10,Standard,0.0318,16.1
COM0001438,T0001438,IL0001438,SR038,C00092,P0088,2026-05-10,Standard,0.0529,50.11
COM0001439,T0001439,IL0001439,SR039,C00190,P0027,2026-12-04,Accelerator,0.0489,22.28
COM0001440,T0001440,IL0001440,SR040,C00167,P0005,2026-07-27,Standard,0.0339,44.67
COM0001441,T0001441,IL0001441,SR001,C00458,P0132,2026-11-23,New Account,0.0291,11.88
COM0001442,T0001442,IL0001442,SR002,C00121,P0069,2026-08-19,New Account,0.0442,19.29
COM0001443,T0001443,IL0001443,SR003,C00111,P0045,2025-04-20,Accelerator,0.0489,47.09
COM0001444,T0001444,IL0001444,SR004,C00009,P0069,2025-02-16,New Account,0.0191,3.69
COM0001445,T0001445,IL0001445,SR005,C00357,P0135,2025-05-05,Standard,0.0301,10.78
COM0001446,T0001446,IL0001446,SR006,C00286,P0090,2026-06-24,Accelerator,0.0246,18.78
COM0001447,T0001447,IL0001447,SR007,C00260,P0107,2026-08-21,Accelerator,0.0244,35.16
COM0001448,T0001448,IL0001448,SR008,C00144,P0139,2026-11-17,Accelerator,0.0104,22.44
COM0001449,T0001449,IL0001449,SR009,C00467,P0031,2026-09-22,New Account,0.0507,122.57
COM0001450,T0001450,IL0001450,SR010,C00118,P0060,2026-10-17,New Account,0.0637,14.55
COM0001451,T0001451,IL0001451,SR011,C00166,P0088,2025-01-06,New Account,0.0477,5.4
COM0001452,T0001452,IL0001452,SR012,C00269,P0099,2026-06-17,Standard,0.045,21.86
COM0001453,T0001453,IL0001453,SR013,C00330,P0106,2025-10-27,Accelerator,0.0186,0.2
COM0001454,T0001454,IL0001454,SR014,C00270,P0056,2025-03-13,Standard,0.0548,135.69
COM0001455,T0001455,IL0001455,SR015,C00004,P0079,2026-10-23,New Account,0.0172,1.03
COM0001456,T0001456,IL0001456,SR016,C00238,P0089,2026-07-21,Accelerator,0.041,26.61
COM0001457,T0001457,IL0001457,SR017,C00238,P0083,2026-05-07,Accelerator,0.0566,70.46
COM0001458,T0001458,IL0001458,SR018,C00262,P0117,2025-04-03,New Account,0.018,16.44
COM0001459,T0001459,IL0001459,SR019,C00033,P0118,2025-06-29,Accelerator,0.0638,33.05
COM0001460,T0001460,IL0001460,SR020,C00167,P0047,2025-01-30,Standard,0.0558,28.85
COM0001461,T0001461,IL0001461,SR021,C00337,P0150,2025-12-01,New Account,0.0145,7.07
COM0001462,T0001462,IL0001462,SR022,C00439,P0139,2026-08-15,Standard,0.011,11.63
COM0001463,T0001463,IL0001463,SR023,C00083,P0101,2025-08-13,New Account,0.0617,81.81
COM0001464,T0001464,IL0001464,SR024,C00093,P0115,2025-04-30,Accelerator,0.0386,6.13
COM0001465,T0001465,IL0001465,SR025,C00467,P0128,2026-06-24,Accelerator,0.0204,12.13
COM0001466,T0001466,IL0001466,SR026,C00015,P0026,2025-06-02,Accelerator,0.0118,9.65
COM0001467,T0001467,IL0001467,SR027,C00251,P0120,2026-07-22,Standard,0.0201,30.45
COM0001468,T0001468,IL0001468,SR028,C00183,P0048,2026-06-11,Standard,0.0451,59.44
COM0001469,T0001469,IL0001469,SR029,C00155,P0061,2025-10-12,New Account,0.063,23.48
COM0001470,T0001470,IL0001470,SR030,C00447,P0147,2025-08-04,Standard,0.0614,7.13
COM0001471,T0001471,IL0001471,SR031,C00156,P0051,2025-04-05,New Account,0.0644,64.03
COM0001472,T0001472,IL0001472,SR032,C00043,P0054,2026-04-27,Accelerator,0.0257,10.25
COM0001473,T0001473,IL0001473,SR033,C00444,P0118,2025-05-01,New Account,0.0265,54.15
COM0001474,T0001474,IL0001474,SR034,C00067,P0047,2025-04-18,New Account,0.0346,16.32
COM0001475,T0001475,IL0001475,SR035,C00102,P0055,2025-09-12,Accelerator,0.0179,17.62
COM0001476,T0001476,IL0001476,SR036,C00398,P0134,2025-11-05,Accelerator,0.0209,14.44
COM0001477,T0001477,IL0001477,SR037,C00473,P0087,2025-05-24,New Account,0.0336,69.32
COM0001478,T0001478,IL0001478,SR038,C00434,P0094,2026-12-19,New Account,0.0559,103.33
COM0001479,T0001479,IL0001479,SR039,C00177,P0033,2026-09-03,Standard,0.0374,81.8
COM0001480,T0001480,IL0001480,SR040,C00168,P0139,2026-07-17,New Account,0.0503,37.84
COM0001481,T0001481,IL0001481,SR001,C00073,P0124,2025-01-27,Accelerator,0.0268,10.79
COM0001482,T0001482,IL0001482,SR002,C00369,P0022,2026-03-30,Accelerator,0.0367,79.94
COM0001483,T0001483,IL0001483,SR003,C00164,P0067,2025-12-17,Standard,0.0595,1.05
COM0001484,T0001484,IL0001484,SR004,C00490,P0128,2026-02-20,Standard,0.037,36.83
COM0001485,T0001485,IL0001485,SR005,C00146,P0109,2026-01-16,Standard,0.0137,5.31
COM0001486,T0001486,IL0001486,SR006,C00394,P0031,2025-03-02,New Account,0.019,1.33
COM0001487,T0001487,IL0001487,SR007,C00251,P0042,2025-04-03,New Account,0.0363,11.04
COM0001488,T0001488,IL0001488,SR008,C00499,P0088,2025-04-21,Standard,0.0457,16.59
COM0001489,T0001489,IL0001489,SR009,C00417,P0074,2025-02-18,Accelerator,0.0511,141.63
COM0001490,T0001490,IL0001490,SR010,C00094,P0090,2026-03-22,New Account,0.0259,51.7
COM0001491,T0001491,IL0001491,SR011,C00102,P0052,2025-12-08,New Account,0.0128,5.58
COM0001492,T0001492,IL0001492,SR012,C00041,P0091,2025-06-02,New Account,0.0235,4.56
COM0001493,T0001493,IL0001493,SR013,C00052,P0080,2026-03-12,Standard,0.0307,3.76
COM0001494,T0001494,IL0001494,SR014,C00384,P0068,2025-01-21,New Account,0.0228,16.42
COM0001495,T0001495,IL0001495,SR015,C00294,P0001,2025-10-04,Accelerator,0.0195,18.32
COM0001496,T0001496,IL0001496,SR016,C00153,P0128,2026-08-27,Standard,0.0337,96.62
COM0001497,T0001497,IL0001497,SR017,C00309,P0143,2026-01-27,Standard,0.016,4.29
COM0001498,T0001498,IL0001498,SR018,C00128,P0060,2025-09-30,Standard,0.0341,29.33
COM0001499,T0001499,IL0001499,SR019,C00313,P0115,2025-04-27,Accelerator,0.0306,8.6
COM0001500,T0001500,IL0001500,SR020,C00027,P0132,2026-04-24,Accelerator,0.044,114.52
COM0001501,T0001501,IL0001501,SR021,C00322,P0067,2026-11-08,New Account,0.0459,126.45
COM0001502,T0001502,IL0001502,SR022,C00230,P0038,2026-08-22,New Account,0.0294,13.01
COM0001503,T0001503,IL0001503,SR023,C00016,P0019,2026-06-05,Accelerator,0.0352,70.39
COM0001504,T0001504,IL0001504,SR024,C00378,P0060,2026-06-10,Accelerator,0.0303,69.55
COM0001505,T0001505,IL0001505,SR025,C00243,P0082,2026-03-05,New Account,0.0523,24.08
COM0001506,T0001506,IL0001506,SR026,C00044,P0041,2026-11-16,Accelerator,0.0604,111.36
COM0001507,T0001507,IL0001507,SR027,C00297,P0123,2026-02-06,New Account,0.0556,8.78
COM0001508,T0001508,IL0001508,SR028,C00219,P0012,2025-12-30,Accelerator,0.0529,108.82
COM0001509,T0001509,IL0001509,SR029,C00182,P0028,2026-01-22,Accelerator,0.0138,33.99
COM0001510,T0001510,IL0001510,SR030,C00360,P0073,2026-03-08,Accelerator,0.0208,18.26
COM0001511,T0001511,IL0001511,SR031,C00228,P0003,2025-03-08,Accelerator,0.0395,45.97
COM0001512,T0001512,IL0001512,SR032,C00278,P0140,2025-10-09,Standard,0.0515,0.73
COM0001513,T0001513,IL0001513,SR033,C00022,P0112,2026-09-21,Accelerator,0.037,23.41
COM0001514,T0001514,IL0001514,SR034,C00046,P0077,2025-03-06,Accelerator,0.0304,35.63
COM0001515,T0001515,IL0001515,SR035,C00418,P0042,2026-10-18,Standard,0.046,16.76
COM0001516,T0001516,IL0001516,SR036,C00165,P0143,2025-09-18,New Account,0.049,10.76
COM0001517,T0001517,IL0001517,SR037,C00075,P0068,2026-05-23,Accelerator,0.0572,13.96
COM0001518,T0001518,IL0001518,SR038,C00241,P0124,2025-03-06,New Account,0.0444,23.11
COM0001519,T0001519,IL0001519,SR039,C00444,P0103,2025-01-03,New Account,0.0275,17.27
COM0001520,T0001520,IL0001520,SR040,C00319,P0048,2025-12-01,Accelerator,0.0423,83.19
COM0001521,T0001521,IL0001521,SR001,C00357,P0141,2026-02-10,Standard,0.0432,67.64
COM0001522,T0001522,IL0001522,SR002,C00412,P0013,2025-11-18,Standard,0.0429,19.19
COM0001523,T0001523,IL0001523,SR003,C00476,P0098,2026-12-15,New Account,0.015,4.8
COM0001524,T0001524,IL0001524,SR004,C00414,P0102,2026-07-23,Accelerator,0.0152,12.85
COM0001525,T0001525,IL0001525,SR005,C00195,P0125,2025-02-27,Standard,0.0295,0.71
COM0001526,T0001526,IL0001526,SR006,C00151,P0097,2025-02-18,Standard,0.0293,34.49
COM0001527,T0001527,IL0001527,SR007,C00083,P0004,2025-09-26,Standard,0.0113,9.28
COM0001528,T0001528,IL0001528,SR008,C00394,P0082,2025-11-12,Standard,0.052,44.91
COM0001529,T0001529,IL0001529,SR009,C00402,P0034,2026-01-26,Accelerator,0.0625,55.94
COM0001530,T0001530,IL0001530,SR010,C00356,P0109,2025-01-10,Standard,0.0462,8.59
COM0001531,T0001531,IL0001531,SR011,C00243,P0080,2026-11-04,New Account,0.0165,9.69
COM0001532,T0001532,IL0001532,SR012,C00467,P0129,2026-01-17,Accelerator,0.0347,83.14
COM0001533,T0001533,IL0001533,SR013,C00265,P0102,2026-08-26,Standard,0.0568,160.09
COM0001534,T0001534,IL0001534,SR014,C00477,P0070,2025-01-14,Standard,0.0326,25.76
COM0001535,T0001535,IL0001535,SR015,C00028,P0053,2025-06-18,New Account,0.0558,21.07
COM0001536,T0001536,IL0001536,SR016,C00025,P0119,2026-06-30,New Account,0.0492,92.61
COM0001537,T0001537,IL0001537,SR017,C00356,P0060,2026-07-25,New Account,0.0588,89.18
COM0001538,T0001538,IL0001538,SR018,C00335,P0095,2025-11-09,New Account,0.0509,49.86
COM0001539,T0001539,IL0001539,SR019,C00147,P0138,2026-04-04,Standard,0.0264,49.73
COM0001540,T0001540,IL0001540,SR020,C00341,P0076,2025-09-06,New Account,0.0596,36.42
COM0001541,T0001541,IL0001541,SR021,C00366,P0004,2025-12-29,New Account,0.0644,19.01
COM0001542,T0001542,IL0001542,SR022,C00017,P0099,2025-07-19,Accelerator,0.0603,28.56
COM0001543,T0001543,IL0001543,SR023,C00007,P0010,2025-11-09,Standard,0.0588,20.35
COM0001544,T0001544,IL0001544,SR024,C00143,P0066,2025-06-26,Accelerator,0.0384,23.72
COM0001545,T0001545,IL0001545,SR025,C00318,P0056,2026-09-10,Standard,0.0261,12.43
COM0001546,T0001546,IL0001546,SR026,C00076,P0138,2025-05-07,Accelerator,0.025,38.65
COM0001547,T0001547,IL0001547,SR027,C00264,P0040,2026-06-25,New Account,0.0639,7.53
COM0001548,T0001548,IL0001548,SR028,C00071,P0065,2026-11-29,Standard,0.0587,7.64
COM0001549,T0001549,IL0001549,SR029,C00068,P0053,2025-10-02,New Account,0.0424,33.55
COM0001550,T0001550,IL0001550,SR030,C00282,P0128,2026-11-07,Standard,0.0334,68.15
COM0001551,T0001551,IL0001551,SR031,C00296,P0143,2026-12-30,Accelerator,0.0128,2.54
COM0001552,T0001552,IL0001552,SR032,C00198,P0119,2026-06-19,Accelerator,0.0621,21.04
COM0001553,T0001553,IL0001553,SR033,C00367,P0099,2026-05-08,Accelerator,0.0463,2.18
COM0001554,T0001554,IL0001554,SR034,C00149,P0082,2026-07-21,Standard,0.0122,3.61
COM0001555,T0001555,IL0001555,SR035,C00100,P0081,2025-05-22,Standard,0.0594,109.52
COM0001556,T0001556,IL0001556,SR036,C00235,P0104,2025-01-18,Standard,0.0296,0.51
COM0001557,T0001557,IL0001557,SR037,C00463,P0012,2025-01-21,Accelerator,0.0159,36.23
COM0001558,T0001558,IL0001558,SR038,C00445,P0023,2025-11-03,New Account,0.0469,61.09
COM0001559,T0001559,IL0001559,SR039,C00396,P0121,2025-10-03,Standard,0.0289,54.18
COM0001560,T0001560,IL0001560,SR040,C00274,P0146,2026-01-22,Accelerator,0.0518,23.89
COM0001561,T0001561,IL0001561,SR001,C00290,P0031,2026-10-13,Standard,0.0263,73.4
COM0001562,T0001562,IL0001562,SR002,C00186,P0117,2025-07-04,Accelerator,0.0202,30.76
COM0001563,T0001563,IL0001563,SR003,C00392,P0092,2026-12-20,Accelerator,0.0332,58.56
COM0001564,T0001564,IL0001564,SR004,C00189,P0036,2026-08-09,Standard,0.0613,62.43
COM0001565,T0001565,IL0001565,SR005,C00250,P0076,2025-05-22,Standard,0.0415,34.64
COM0001566,T0001566,IL0001566,SR006,C00207,P0036,2026-08-30,Accelerator,0.0619,21.59
COM0001567,T0001567,IL0001567,SR007,C00370,P0094,2025-09-28,Accelerator,0.0287,3.47
COM0001568,T0001568,IL0001568,SR008,C00065,P0001,2026-06-02,Accelerator,0.0423,6.03
COM0001569,T0001569,IL0001569,SR009,C00205,P0057,2026-10-10,New Account,0.0391,29.0
COM0001570,T0001570,IL0001570,SR010,C00084,P0144,2026-05-31,Standard,0.0252,40.22
COM0001571,T0001571,IL0001571,SR011,C00094,P0042,2026-06-14,Accelerator,0.0637,48.49
COM0001572,T0001572,IL0001572,SR012,C00004,P0124,2026-01-18,Standard,0.0545,13.69
COM0001573,T0001573,IL0001573,SR013,C00313,P0046,2025-01-02,Accelerator,0.012,7.29
COM0001574,T0001574,IL0001574,SR014,C00028,P0146,2026-03-28,New Account,0.0226,2.59
COM0001575,T0001575,IL0001575,SR015,C00425,P0023,2026-12-19,Accelerator,0.037,94.85
COM0001576,T0001576,IL0001576,SR016,C00212,P0143,2026-04-25,New Account,0.0591,64.25
COM0001577,T0001577,IL0001577,SR017,C00492,P0132,2025-04-01,Accelerator,0.0183,12.56
COM0001578,T0001578,IL0001578,SR018,C00024,P0040,2025-12-07,New Account,0.0167,36.7
COM0001579,T0001579,IL0001579,SR019,C00225,P0066,2026-01-04,New Account,0.0229,11.58
COM0001580,T0001580,IL0001580,SR020,C00230,P0050,2026-03-16,Accelerator,0.0155,12.42
COM0001581,T0001581,IL0001581,SR021,C00163,P0059,2025-07-01,Accelerator,0.0211,16.27
COM0001582,T0001582,IL0001582,SR022,C00202,P0093,2025-02-21,Standard,0.0647,47.91
COM0001583,T0001583,IL0001583,SR023,C00480,P0086,2026-07-08,New Account,0.0144,0.93
COM0001584,T0001584,IL0001584,SR024,C00052,P0119,2025-03-27,Accelerator,0.0207,6.45
COM0001585,T0001585,IL0001585,SR025,C00352,P0046,2025-02-25,Accelerator,0.0108,0.74
COM0001586,T0001586,IL0001586,SR026,C00091,P0001,2026-11-30,New Account,0.0579,9.4
COM0001587,T0001587,IL0001587,SR027,C00389,P0013,2026-03-04,New Account,0.0131,4.07
COM0001588,T0001588,IL0001588,SR028,C00302,P0067,2026-12-04,Accelerator,0.0517,9.16
COM0001589,T0001589,IL0001589,SR029,C00305,P0141,2026-04-20,New Account,0.0351,50.04
COM0001590,T0001590,IL0001590,SR030,C00202,P0074,2025-01-10,New Account,0.0334,37.95
COM0001591,T0001591,IL0001591,SR031,C00450,P0055,2025-02-02,Accelerator,0.0519,7.58
COM0001592,T0001592,IL0001592,SR032,C00335,P0087,2025-08-15,Accelerator,0.0377,35.68
COM0001593,T0001593,IL0001593,SR033,C00199,P0019,2026-01-06,Accelerator,0.0488,7.48
COM0001594,T0001594,IL0001594,SR034,C00031,P0019,2026-07-15,Accelerator,0.0263,40.75
COM0001595,T0001595,IL0001595,SR035,C00065,P0056,2026-11-28,New Account,0.0606,161.93
COM0001596,T0001596,IL0001596,SR036,C00194,P0041,2026-04-15,New Account,0.0632,8.61
COM0001597,T0001597,IL0001597,SR037,C00461,P0101,2025-05-14,New Account,0.0591,15.36
COM0001598,T0001598,IL0001598,SR038,C00113,P0057,2025-06-03,Standard,0.0329,54.1
COM0001599,T0001599,IL0001599,SR039,C00024,P0092,2026-11-25,New Account,0.014,0.48
COM0001600,T0001600,IL0001600,SR040,C00046,P0099,2025-04-30,New Account,0.0417,28.53
COM0001601,T0001601,IL0001601,SR001,C00172,P0145,2026-04-13,Standard,0.0526,74.15
COM0001602,T0001602,IL0001602,SR002,C00203,P0012,2025-06-21,Accelerator,0.0194,11.91
COM0001603,T0001603,IL0001603,SR003,C00040,P0066,2025-07-11,New Account,0.0272,58.71
COM0001604,T0001604,IL0001604,SR004,C00366,P0141,2025-08-20,Standard,0.0267,6.35
COM0001605,T0001605,IL0001605,SR005,C00403,P0032,2026-06-22,Standard,0.0272,75.01
COM0001606,T0001606,IL0001606,SR006,C00275,P0096,2025-08-05,New Account,0.0319,53.09
COM0001607,T0001607,IL0001607,SR007,C00049,P0098,2026-12-09,Standard,0.0496,15.13
COM0001608,T0001608,IL0001608,SR008,C00440,P0056,2026-09-11,New Account,0.0261,74.54
COM0001609,T0001609,IL0001609,SR009,C00493,P0080,2025-12-06,Accelerator,0.0212,11.63
COM0001610,T0001610,IL0001610,SR010,C00275,P0033,2025-10-29,Standard,0.0539,29.58
COM0001611,T0001611,IL0001611,SR011,C00474,P0135,2025-05-15,Accelerator,0.0539,8.86
COM0001612,T0001612,IL0001612,SR012,C00377,P0004,2026-10-05,Standard,0.0333,4.45
COM0001613,T0001613,IL0001613,SR013,C00255,P0092,2026-03-26,New Account,0.0368,6.01
COM0001614,T0001614,IL0001614,SR014,C00209,P0065,2025-02-18,Standard,0.0413,2.83
COM0001615,T0001615,IL0001615,SR015,C00183,P0102,2026-04-16,Standard,0.0501,17.63
COM0001616,T0001616,IL0001616,SR016,C00453,P0019,2026-12-01,Standard,0.0333,22.99
COM0001617,T0001617,IL0001617,SR017,C00135,P0064,2025-01-30,Standard,0.0572,11.29
COM0001618,T0001618,IL0001618,SR018,C00008,P0129,2026-05-14,Accelerator,0.0549,47.43
COM0001619,T0001619,IL0001619,SR019,C00197,P0060,2025-02-11,Standard,0.0471,5.72
COM0001620,T0001620,IL0001620,SR020,C00154,P0010,2025-09-18,Accelerator,0.0149,15.61
COM0001621,T0001621,IL0001621,SR021,C00332,P0097,2025-11-06,New Account,0.0489,28.8
COM0001622,T0001622,IL0001622,SR022,C00111,P0106,2025-09-19,Standard,0.0276,47.78
COM0001623,T0001623,IL0001623,SR023,C00274,P0127,2025-02-10,Accelerator,0.0261,10.65
COM0001624,T0001624,IL0001624,SR024,C00293,P0098,2026-09-08,New Account,0.0227,7.43
COM0001625,T0001625,IL0001625,SR025,C00456,P0094,2025-07-11,Accelerator,0.0154,18.46
COM0001626,T0001626,IL0001626,SR026,C00362,P0094,2025-03-22,Accelerator,0.0218,26.69
COM0001627,T0001627,IL0001627,SR027,C00346,P0069,2026-08-01,Standard,0.0176,26.16
COM0001628,T0001628,IL0001628,SR028,C00172,P0052,2026-10-13,Accelerator,0.0106,6.53
COM0001629,T0001629,IL0001629,SR029,C00493,P0017,2026-01-27,New Account,0.0508,55.8
COM0001630,T0001630,IL0001630,SR030,C00474,P0079,2025-12-07,Standard,0.0364,16.09
COM0001631,T0001631,IL0001631,SR031,C00433,P0115,2025-11-06,Standard,0.0567,30.71
COM0001632,T0001632,IL0001632,SR032,C00137,P0047,2025-05-02,Accelerator,0.041,26.06
COM0001633,T0001633,IL0001633,SR033,C00482,P0107,2025-06-11,Accelerator,0.0433,53.67
COM0001634,T0001634,IL0001634,SR034,C00116,P0027,2026-04-14,Standard,0.0412,4.27
COM0001635,T0001635,IL0001635,SR035,C00041,P0095,2025-05-04,Standard,0.0439,15.65
COM0001636,T0001636,IL0001636,SR036,C00222,P0130,2025-06-30,Accelerator,0.0152,6.48
COM0001637,T0001637,IL0001637,SR037,C00479,P0007,2026-10-26,Standard,0.0325,57.0
COM0001638,T0001638,IL0001638,SR038,C00350,P0083,2026-02-14,New Account,0.0245,6.92
COM0001639,T0001639,IL0001639,SR039,C00418,P0040,2026-01-01,Accelerator,0.0365,12.49
COM0001640,T0001640,IL0001640,SR040,C00248,P0046,2025-06-05,New Account,0.0261,3.4
COM0001641,T0001641,IL0001641,SR001,C00355,P0032,2026-08-11,Accelerator,0.0169,20.35
COM0001642,T0001642,IL0001642,SR002,C00178,P0090,2026-09-30,Standard,0.0121,27.28
COM0001643,T0001643,IL0001643,SR003,C00177,P0033,2025-09-10,Standard,0.0371,55.03
COM0001644,T0001644,IL0001644,SR004,C00117,P0049,2026-03-30,Standard,0.0252,1.61
COM0001645,T0001645,IL0001645,SR005,C00067,P0059,2025-08-19,New Account,0.0132,4.71
COM0001646,T0001646,IL0001646,SR006,C00096,P0100,2026-06-08,Accelerator,0.0609,142.85
COM0001647,T0001647,IL0001647,SR007,C00064,P0040,2026-05-19,Accelerator,0.0447,9.65
COM0001648,T0001648,IL0001648,SR008,C00362,P0023,2025-07-07,Accelerator,0.057,123.41
COM0001649,T0001649,IL0001649,SR009,C00068,P0038,2025-09-26,New Account,0.0218,25.38
COM0001650,T0001650,IL0001650,SR010,C00150,P0065,2026-09-15,Accelerator,0.0536,60.29
COM0001651,T0001651,IL0001651,SR011,C00092,P0091,2025-07-08,Accelerator,0.0202,2.6
COM0001652,T0001652,IL0001652,SR012,C00427,P0123,2025-09-06,Standard,0.065,23.3
COM0001653,T0001653,IL0001653,SR013,C00249,P0081,2025-01-07,New Account,0.0539,149.66
COM0001654,T0001654,IL0001654,SR014,C00090,P0103,2026-01-30,New Account,0.0242,52.08
COM0001655,T0001655,IL0001655,SR015,C00405,P0122,2025-10-11,Standard,0.0391,27.01
COM0001656,T0001656,IL0001656,SR016,C00037,P0020,2025-10-02,Accelerator,0.0227,16.11
COM0001657,T0001657,IL0001657,SR017,C00165,P0116,2026-08-29,Accelerator,0.0646,73.25
COM0001658,T0001658,IL0001658,SR018,C00342,P0004,2025-06-12,Accelerator,0.0257,10.88
COM0001659,T0001659,IL0001659,SR019,C00464,P0104,2026-03-17,Accelerator,0.0485,83.0
COM0001660,T0001660,IL0001660,SR020,C00119,P0021,2026-05-11,Accelerator,0.0409,8.05
COM0001661,T0001661,IL0001661,SR021,C00319,P0122,2026-07-02,Standard,0.0419,35.29
COM0001662,T0001662,IL0001662,SR022,C00104,P0030,2025-11-13,Standard,0.0453,16.14
COM0001663,T0001663,IL0001663,SR023,C00094,P0060,2025-12-09,Accelerator,0.0172,1.54
COM0001664,T0001664,IL0001664,SR024,C00289,P0117,2025-10-17,New Account,0.0116,2.18
COM0001665,T0001665,IL0001665,SR025,C00255,P0103,2026-03-22,Accelerator,0.0389,57.61
COM0001666,T0001666,IL0001666,SR026,C00354,P0009,2026-03-13,Standard,0.057,9.76
COM0001667,T0001667,IL0001667,SR027,C00290,P0110,2025-10-06,Standard,0.0235,23.85
COM0001668,T0001668,IL0001668,SR028,C00165,P0053,2025-08-17,New Account,0.0521,64.34
COM0001669,T0001669,IL0001669,SR029,C00219,P0077,2025-07-31,Accelerator,0.064,24.06
COM0001670,T0001670,IL0001670,SR030,C00179,P0073,2026-02-07,New Account,0.0411,27.09
COM0001671,T0001671,IL0001671,SR031,C00132,P0019,2026-12-28,Standard,0.0587,16.06
COM0001672,T0001672,IL0001672,SR032,C00297,P0116,2025-10-10,New Account,0.0169,13.57
COM0001673,T0001673,IL0001673,SR033,C00075,P0058,2025-06-25,Standard,0.0123,11.89
COM0001674,T0001674,IL0001674,SR034,C00395,P0134,2026-10-20,New Account,0.0388,9.06
COM0001675,T0001675,IL0001675,SR035,C00059,P0123,2025-06-27,Accelerator,0.0144,13.64
COM0001676,T0001676,IL0001676,SR036,C00410,P0150,2026-04-29,Accelerator,0.027,2.0
COM0001677,T0001677,IL0001677,SR037,C00115,P0146,2026-09-18,Accelerator,0.05,1.68
COM0001678,T0001678,IL0001678,SR038,C00443,P0092,2026-02-07,Standard,0.0504,25.78
COM0001679,T0001679,IL0001679,SR039,C00473,P0147,2025-03-22,Standard,0.0531,62.74
COM0001680,T0001680,IL0001680,SR040,C00038,P0058,2025-03-28,New Account,0.0191,23.53
COM0001681,T0001681,IL0001681,SR001,C00018,P0064,2025-05-19,Standard,0.0533,44.94
COM0001682,T0001682,IL0001682,SR002,C00213,P0130,2026-08-17,Standard,0.0327,82.71
COM0001683,T0001683,IL0001683,SR003,C00441,P0072,2026-08-06,New Account,0.0412,2.44
COM0001684,T0001684,IL0001684,SR004,C00097,P0010,2025-09-27,New Account,0.0536,55.28
COM0001685,T0001685,IL0001685,SR005,C00313,P0072,2026-07-27,New Account,0.0572,46.88
COM0001686,T0001686,IL0001686,SR006,C00079,P0060,2026-06-17,New Account,0.0118,0.73
COM0001687,T0001687,IL0001687,SR007,C00130,P0105,2025-07-22,Standard,0.0639,19.06
COM0001688,T0001688,IL0001688,SR008,C00073,P0123,2026-03-14,New Account,0.0513,76.73
COM0001689,T0001689,IL0001689,SR009,C00467,P0060,2025-06-27,Standard,0.0416,98.46
COM0001690,T0001690,IL0001690,SR010,C00066,P0139,2025-02-17,Accelerator,0.0533,16.17
COM0001691,T0001691,IL0001691,SR011,C00491,P0042,2025-06-16,Accelerator,0.0503,8.97
COM0001692,T0001692,IL0001692,SR012,C00237,P0027,2026-07-14,Standard,0.0122,12.33
COM0001693,T0001693,IL0001693,SR013,C00198,P0093,2025-02-21,New Account,0.0616,42.07
COM0001694,T0001694,IL0001694,SR014,C00093,P0040,2025-03-07,Standard,0.0439,8.73
COM0001695,T0001695,IL0001695,SR015,C00372,P0038,2026-06-04,Accelerator,0.0204,16.34
COM0001696,T0001696,IL0001696,SR016,C00062,P0136,2025-02-18,Accelerator,0.0139,3.89
COM0001697,T0001697,IL0001697,SR017,C00233,P0013,2025-03-17,Standard,0.036,38.72
COM0001698,T0001698,IL0001698,SR018,C00356,P0091,2025-09-15,New Account,0.028,36.03
COM0001699,T0001699,IL0001699,SR019,C00128,P0057,2025-09-18,Standard,0.0228,13.81
COM0001700,T0001700,IL0001700,SR020,C00416,P0067,2026-12-03,Standard,0.0541,101.11
COM0001701,T0001701,IL0001701,SR021,C00151,P0078,2025-10-24,New Account,0.0255,1.08
COM0001702,T0001702,IL0001702,SR022,C00006,P0096,2025-06-20,Standard,0.0145,22.73
COM0001703,T0001703,IL0001703,SR023,C00320,P0047,2025-09-21,Standard,0.0341,52.57
COM0001704,T0001704,IL0001704,SR024,C00243,P0082,2026-05-25,New Account,0.051,42.89
COM0001705,T0001705,IL0001705,SR025,C00069,P0008,2026-09-12,Accelerator,0.0495,120.46
COM0001706,T0001706,IL0001706,SR026,C00112,P0011,2026-02-25,Accelerator,0.0508,31.32
COM0001707,T0001707,IL0001707,SR027,C00210,P0045,2026-10-24,New Account,0.0251,27.1
COM0001708,T0001708,IL0001708,SR028,C00343,P0142,2026-10-24,Accelerator,0.0344,4.63
COM0001709,T0001709,IL0001709,SR029,C00361,P0041,2025-08-18,Accelerator,0.0466,5.22
COM0001710,T0001710,IL0001710,SR030,C00365,P0096,2025-04-26,Accelerator,0.0383,27.54
COM0001711,T0001711,IL0001711,SR031,C00272,P0084,2025-04-23,New Account,0.0498,85.32
COM0001712,T0001712,IL0001712,SR032,C00091,P0146,2026-02-02,Standard,0.0459,60.16
COM0001713,T0001713,IL0001713,SR033,C00145,P0103,2026-02-16,Accelerator,0.0456,18.17
COM0001714,T0001714,IL0001714,SR034,C00092,P0020,2025-05-29,Accelerator,0.017,1.37
COM0001715,T0001715,IL0001715,SR035,C00376,P0125,2025-10-16,Standard,0.0414,100.77
COM0001716,T0001716,IL0001716,SR036,C00313,P0072,2026-08-26,Standard,0.0134,6.25
COM0001717,T0001717,IL0001717,SR037,C00210,P0006,2026-03-09,Standard,0.0401,0.19
COM0001718,T0001718,IL0001718,SR038,C00002,P0083,2025-04-09,New Account,0.0398,58.07
COM0001719,T0001719,IL0001719,SR039,C00083,P0107,2026-12-07,Standard,0.0329,21.57
COM0001720,T0001720,IL0001720,SR040,C00388,P0112,2026-04-14,Standard,0.019,5.24
COM0001721,T0001721,IL0001721,SR001,C00110,P0124,2025-07-28,Accelerator,0.0155,3.81
COM0001722,T0001722,IL0001722,SR002,C00204,P0117,2025-07-01,Accelerator,0.0525,34.49
COM0001723,T0001723,IL0001723,SR003,C00103,P0058,2025-06-10,Standard,0.0571,7.29
COM0001724,T0001724,IL0001724,SR004,C00271,P0123,2025-03-06,New Account,0.0163,0.92
COM0001725,T0001725,IL0001725,SR005,C00086,P0002,2026-08-19,New Account,0.0194,8.54
COM0001726,T0001726,IL0001726,SR006,C00060,P0118,2026-02-24,Standard,0.0123,2.94
COM0001727,T0001727,IL0001727,SR007,C00092,P0005,2026-05-25,Accelerator,0.0416,36.25
COM0001728,T0001728,IL0001728,SR008,C00071,P0083,2025-04-07,Accelerator,0.0611,23.43
COM0001729,T0001729,IL0001729,SR009,C00322,P0003,2026-03-22,New Account,0.0271,39.56
COM0001730,T0001730,IL0001730,SR010,C00303,P0078,2026-03-10,Accelerator,0.0268,41.2
COM0001731,T0001731,IL0001731,SR011,C00131,P0144,2026-05-25,New Account,0.0587,62.22
COM0001732,T0001732,IL0001732,SR012,C00237,P0063,2026-02-25,Standard,0.0204,27.61
COM0001733,T0001733,IL0001733,SR013,C00398,P0150,2025-10-27,Accelerator,0.061,3.49
COM0001734,T0001734,IL0001734,SR014,C00495,P0044,2025-12-01,Accelerator,0.0423,1.86
COM0001735,T0001735,IL0001735,SR015,C00092,P0070,2026-07-12,Standard,0.0453,26.44
COM0001736,T0001736,IL0001736,SR016,C00169,P0124,2025-02-12,New Account,0.0641,110.64
COM0001737,T0001737,IL0001737,SR017,C00444,P0061,2026-03-02,Standard,0.0151,11.9
COM0001738,T0001738,IL0001738,SR018,C00390,P0104,2026-02-04,Standard,0.0168,22.67
COM0001739,T0001739,IL0001739,SR019,C00423,P0113,2025-07-16,New Account,0.0113,8.58
COM0001740,T0001740,IL0001740,SR020,C00083,P0107,2026-04-29,Accelerator,0.0188,0.57
COM0001741,T0001741,IL0001741,SR021,C00487,P0065,2025-11-07,New Account,0.065,7.64
COM0001742,T0001742,IL0001742,SR022,C00155,P0010,2025-06-18,New Account,0.0529,35.59
COM0001743,T0001743,IL0001743,SR023,C00394,P0046,2026-03-12,Accelerator,0.0264,4.98
COM0001744,T0001744,IL0001744,SR024,C00256,P0079,2025-09-22,New Account,0.062,46.33
COM0001745,T0001745,IL0001745,SR025,C00274,P0058,2025-08-26,Standard,0.0315,1.01
COM0001746,T0001746,IL0001746,SR026,C00029,P0001,2026-09-03,Accelerator,0.0168,6.92
COM0001747,T0001747,IL0001747,SR027,C00074,P0119,2026-10-18,Accelerator,0.0578,23.63
COM0001748,T0001748,IL0001748,SR028,C00284,P0084,2025-11-25,Accelerator,0.0161,10.21
COM0001749,T0001749,IL0001749,SR029,C00168,P0126,2026-05-30,New Account,0.0356,8.6
COM0001750,T0001750,IL0001750,SR030,C00230,P0117,2025-09-22,Accelerator,0.0432,31.06
COM0001751,T0001751,IL0001751,SR031,C00058,P0119,2025-10-30,Standard,0.0641,72.58
COM0001752,T0001752,IL0001752,SR032,C00171,P0060,2025-02-07,Accelerator,0.048,78.54
COM0001753,T0001753,IL0001753,SR033,C00423,P0134,2025-09-03,Accelerator,0.061,29.6
COM0001754,T0001754,IL0001754,SR034,C00246,P0140,2025-06-28,Standard,0.0231,1.74
COM0001755,T0001755,IL0001755,SR035,C00210,P0084,2025-11-10,Standard,0.0458,59.83
COM0001756,T0001756,IL0001756,SR036,C00352,P0123,2026-03-12,New Account,0.0284,15.41
COM0001757,T0001757,IL0001757,SR037,C00302,P0017,2026-02-12,Standard,0.0394,12.95
COM0001758,T0001758,IL0001758,SR038,C00027,P0148,2025-12-16,Standard,0.0234,3.14
COM0001759,T0001759,IL0001759,SR039,C00427,P0088,2025-08-28,Standard,0.0591,23.38
COM0001760,T0001760,IL0001760,SR040,C00377,P0132,2025-10-11,Standard,0.0216,21.21
COM0001761,T0001761,IL0001761,SR001,C00422,P0126,2026-01-15,Accelerator,0.0111,13.26
COM0001762,T0001762,IL0001762,SR002,C00382,P0150,2026-03-28,New Account,0.0544,95.34
COM0001763,T0001763,IL0001763,SR003,C00312,P0116,2026-10-17,Accelerator,0.0315,6.39
COM0001764,T0001764,IL0001764,SR004,C00407,P0053,2025-09-30,Standard,0.0167,34.26
COM0001765,T0001765,IL0001765,SR005,C00108,P0136,2025-01-31,Standard,0.0343,48.79
COM0001766,T0001766,IL0001766,SR006,C00041,P0071,2026-07-06,Accelerator,0.0518,11.65
COM0001767,T0001767,IL0001767,SR007,C00434,P0043,2026-10-08,New Account,0.0309,39.55
COM0001768,T0001768,IL0001768,SR008,C00046,P0081,2026-01-18,Standard,0.0566,123.78
COM0001769,T0001769,IL0001769,SR009,C00203,P0006,2026-11-21,New Account,0.0463,19.34
COM0001770,T0001770,IL0001770,SR010,C00158,P0035,2026-05-01,New Account,0.0431,14.87
COM0001771,T0001771,IL0001771,SR011,C00368,P0032,2026-05-30,New Account,0.0554,30.07
COM0001772,T0001772,IL0001772,SR012,C00408,P0136,2026-12-15,Accelerator,0.0116,5.7
COM0001773,T0001773,IL0001773,SR013,C00126,P0054,2026-08-05,New Account,0.0272,31.38
COM0001774,T0001774,IL0001774,SR014,C00047,P0094,2026-03-17,Standard,0.0452,80.41
COM0001775,T0001775,IL0001775,SR015,C00178,P0030,2026-01-01,Accelerator,0.0102,7.23
COM0001776,T0001776,IL0001776,SR016,C00094,P0117,2026-05-13,Accelerator,0.0509,25.4
COM0001777,T0001777,IL0001777,SR017,C00043,P0097,2026-06-18,New Account,0.0572,10.23
COM0001778,T0001778,IL0001778,SR018,C00325,P0053,2025-11-28,Accelerator,0.0141,34.57
COM0001779,T0001779,IL0001779,SR019,C00343,P0144,2025-07-13,Standard,0.0261,0.15
COM0001780,T0001780,IL0001780,SR020,C00447,P0027,2026-06-06,Standard,0.0616,61.48
COM0001781,T0001781,IL0001781,SR021,C00211,P0148,2026-08-13,Accelerator,0.0592,72.04
COM0001782,T0001782,IL0001782,SR022,C00292,P0045,2025-01-04,New Account,0.0459,68.74
COM0001783,T0001783,IL0001783,SR023,C00058,P0061,2025-12-26,New Account,0.0435,98.25
COM0001784,T0001784,IL0001784,SR024,C00413,P0142,2026-03-12,Standard,0.0449,23.16
COM0001785,T0001785,IL0001785,SR025,C00485,P0054,2025-11-09,Standard,0.0444,92.12
COM0001786,T0001786,IL0001786,SR026,C00114,P0060,2026-06-09,Accelerator,0.0622,46.34
COM0001787,T0001787,IL0001787,SR027,C00483,P0090,2025-04-26,Accelerator,0.0132,29.29
COM0001788,T0001788,IL0001788,SR028,C00497,P0011,2025-06-20,Accelerator,0.0532,14.16
COM0001789,T0001789,IL0001789,SR029,C00069,P0002,2026-04-18,New Account,0.0595,11.98
COM0001790,T0001790,IL0001790,SR030,C00139,P0096,2025-06-13,Standard,0.0291,59.67
COM0001791,T0001791,IL0001791,SR031,C00279,P0120,2025-10-11,Standard,0.0475,69.02
COM0001792,T0001792,IL0001792,SR032,C00254,P0077,2025-03-22,Accelerator,0.0128,4.37
COM0001793,T0001793,IL0001793,SR033,C00027,P0010,2026-09-29,Standard,0.0273,19.65
COM0001794,T0001794,IL0001794,SR034,C00335,P0044,2026-12-13,Standard,0.0483,33.49
COM0001795,T0001795,IL0001795,SR035,C00293,P0093,2025-03-13,Accelerator,0.0279,60.91
COM0001796,T0001796,IL0001796,SR036,C00070,P0086,2025-09-07,Standard,0.0178,0.15
COM0001797,T0001797,IL0001797,SR037,C00048,P0028,2025-06-14,New Account,0.0491,115.79
COM0001798,T0001798,IL0001798,SR038,C00013,P0065,2025-05-03,New Account,0.042,47.18
COM0001799,T0001799,IL0001799,SR039,C00428,P0002,2026-05-01,Accelerator,0.037,18.39
COM0001800,T0001800,IL0001800,SR040,C00095,P0093,2025-05-15,Accelerator,0.0599,22.88
COM0001801,T0001801,IL0001801,SR001,C00374,P0005,2026-11-12,Standard,0.0638,31.42
COM0001802,T0001802,IL0001802,SR002,C00216,P0091,2025-07-07,New Account,0.0605,9.22
COM0001803,T0001803,IL0001803,SR003,C00069,P0070,2026-11-25,Standard,0.049,60.38
COM0001804,T0001804,IL0001804,SR004,C00298,P0024,2026-07-04,Accelerator,0.0632,86.31
COM0001805,T0001805,IL0001805,SR005,C00285,P0110,2026-05-06,Accelerator,0.0541,21.87
COM0001806,T0001806,IL0001806,SR006,C00262,P0060,2025-01-25,Accelerator,0.0219,63.85
COM0001807,T0001807,IL0001807,SR007,C00154,P0012,2026-03-24,Accelerator,0.0395,50.79
COM0001808,T0001808,IL0001808,SR008,C00066,P0051,2026-10-03,New Account,0.0375,16.22
COM0001809,T0001809,IL0001809,SR009,C00495,P0136,2026-08-11,Standard,0.0359,20.86
COM0001810,T0001810,IL0001810,SR010,C00352,P0038,2026-05-19,Standard,0.0551,104.63
COM0001811,T0001811,IL0001811,SR011,C00407,P0075,2025-09-12,Standard,0.0301,22.73
COM0001812,T0001812,IL0001812,SR012,C00130,P0031,2025-05-05,New Account,0.0376,0.12
COM0001813,T0001813,IL0001813,SR013,C00351,P0127,2025-05-23,Standard,0.0476,88.71
COM0001814,T0001814,IL0001814,SR014,C00005,P0139,2026-02-02,New Account,0.0615,56.49
COM0001815,T0001815,IL0001815,SR015,C00126,P0011,2026-02-02,Accelerator,0.0146,1.95
COM0001816,T0001816,IL0001816,SR016,C00371,P0063,2025-04-10,New Account,0.0352,16.08
COM0001817,T0001817,IL0001817,SR017,C00257,P0037,2025-12-04,Standard,0.0264,9.46
COM0001818,T0001818,IL0001818,SR018,C00143,P0106,2025-09-02,Accelerator,0.0394,3.55
COM0001819,T0001819,IL0001819,SR019,C00222,P0114,2026-02-19,Accelerator,0.0472,2.2
COM0001820,T0001820,IL0001820,SR020,C00353,P0130,2025-04-04,New Account,0.0329,17.13
COM0001821,T0001821,IL0001821,SR021,C00018,P0136,2025-05-25,Standard,0.0508,120.42
COM0001822,T0001822,IL0001822,SR022,C00211,P0080,2025-07-17,Accelerator,0.0433,21.57
COM0001823,T0001823,IL0001823,SR023,C00283,P0085,2025-05-23,Accelerator,0.0149,8.05
COM0001824,T0001824,IL0001824,SR024,C00341,P0102,2025-10-21,New Account,0.0265,0.63
COM0001825,T0001825,IL0001825,SR025,C00268,P0037,2025-09-06,Accelerator,0.05,2.27
COM0001826,T0001826,IL0001826,SR026,C00219,P0018,2026-10-05,New Account,0.0161,1.46
COM0001827,T0001827,IL0001827,SR027,C00115,P0067,2025-11-29,Standard,0.04,59.59
COM0001828,T0001828,IL0001828,SR028,C00154,P0099,2026-10-12,Accelerator,0.0253,10.33
COM0001829,T0001829,IL0001829,SR029,C00252,P0039,2025-11-13,Standard,0.0641,30.42
COM0001830,T0001830,IL0001830,SR030,C00384,P0033,2025-04-14,Standard,0.0577,23.76
COM0001831,T0001831,IL0001831,SR031,C00401,P0103,2026-12-17,Standard,0.0121,2.91
COM0001832,T0001832,IL0001832,SR032,C00439,P0070,2026-06-07,Standard,0.0404,31.7
COM0001833,T0001833,IL0001833,SR033,C00413,P0131,2025-04-22,Accelerator,0.0261,40.05
COM0001834,T0001834,IL0001834,SR034,C00158,P0108,2025-02-24,Accelerator,0.0153,9.75
COM0001835,T0001835,IL0001835,SR035,C00084,P0092,2025-12-31,New Account,0.0646,171.22
COM0001836,T0001836,IL0001836,SR036,C00052,P0127,2025-05-07,Accelerator,0.0351,62.73
COM0001837,T0001837,IL0001837,SR037,C00301,P0074,2026-11-25,Standard,0.0576,129.64
COM0001838,T0001838,IL0001838,SR038,C00133,P0005,2026-02-19,Standard,0.0477,21.89
COM0001839,T0001839,IL0001839,SR039,C00043,P0048,2025-10-13,Standard,0.0235,0.76
COM0001840,T0001840,IL0001840,SR040,C00073,P0026,2026-05-24,Accelerator,0.0596,14.4
COM0001841,T0001841,IL0001841,SR001,C00319,P0013,2026-08-30,Accelerator,0.0267,12.25
COM0001842,T0001842,IL0001842,SR002,C00255,P0026,2026-12-08,Accelerator,0.0413,82.72
COM0001843,T0001843,IL0001843,SR003,C00390,P0091,2025-06-09,New Account,0.0449,10.57
COM0001844,T0001844,IL0001844,SR004,C00472,P0003,2026-01-09,Accelerator,0.0162,1.87
COM0001845,T0001845,IL0001845,SR005,C00271,P0114,2026-07-26,New Account,0.0582,1.3
COM0001846,T0001846,IL0001846,SR006,C00015,P0142,2026-03-13,New Account,0.0346,17.22
COM0001847,T0001847,IL0001847,SR007,C00197,P0065,2026-10-11,Accelerator,0.0347,70.23
COM0001848,T0001848,IL0001848,SR008,C00461,P0002,2025-04-19,Standard,0.0415,36.79
COM0001849,T0001849,IL0001849,SR009,C00087,P0066,2025-01-16,Accelerator,0.0224,19.26
COM0001850,T0001850,IL0001850,SR010,C00405,P0099,2025-02-08,Accelerator,0.0154,17.59
COM0001851,T0001851,IL0001851,SR011,C00034,P0112,2026-01-01,New Account,0.054,10.22
COM0001852,T0001852,IL0001852,SR012,C00029,P0030,2025-11-26,Standard,0.0176,23.85
COM0001853,T0001853,IL0001853,SR013,C00268,P0067,2026-10-27,Standard,0.0613,80.03
COM0001854,T0001854,IL0001854,SR014,C00258,P0017,2025-10-27,New Account,0.0187,0.2
COM0001855,T0001855,IL0001855,SR015,C00024,P0038,2025-08-23,Accelerator,0.0577,106.85
COM0001856,T0001856,IL0001856,SR016,C00366,P0063,2026-02-18,Accelerator,0.0116,6.09
COM0001857,T0001857,IL0001857,SR017,C00216,P0067,2026-05-26,Standard,0.0434,57.46
COM0001858,T0001858,IL0001858,SR018,C00382,P0029,2025-11-25,Standard,0.0215,47.09
COM0001859,T0001859,IL0001859,SR019,C00255,P0130,2026-07-31,Standard,0.0572,44.4
COM0001860,T0001860,IL0001860,SR020,C00376,P0099,2025-08-21,New Account,0.0434,12.49
COM0001861,T0001861,IL0001861,SR021,C00073,P0010,2026-04-25,New Account,0.0477,8.87
COM0001862,T0001862,IL0001862,SR022,C00247,P0137,2026-10-30,Accelerator,0.0491,96.68
COM0001863,T0001863,IL0001863,SR023,C00152,P0019,2026-03-29,New Account,0.0262,59.5
COM0001864,T0001864,IL0001864,SR024,C00351,P0136,2026-02-08,Standard,0.0209,15.91
COM0001865,T0001865,IL0001865,SR025,C00229,P0097,2025-01-11,Accelerator,0.0344,14.78
COM0001866,T0001866,IL0001866,SR026,C00244,P0107,2026-02-15,Standard,0.0243,30.93
COM0001867,T0001867,IL0001867,SR027,C00356,P0008,2026-11-19,Accelerator,0.0466,118.64
COM0001868,T0001868,IL0001868,SR028,C00133,P0002,2025-08-29,New Account,0.0165,1.83
COM0001869,T0001869,IL0001869,SR029,C00306,P0116,2025-12-02,Accelerator,0.0141,15.76
COM0001870,T0001870,IL0001870,SR030,C00452,P0119,2026-09-02,Accelerator,0.0577,42.9
COM0001871,T0001871,IL0001871,SR031,C00076,P0047,2025-09-23,Standard,0.0162,15.68
COM0001872,T0001872,IL0001872,SR032,C00076,P0124,2026-10-21,Accelerator,0.0249,10.95
COM0001873,T0001873,IL0001873,SR033,C00217,P0043,2025-04-20,Accelerator,0.0558,18.87
COM0001874,T0001874,IL0001874,SR034,C00192,P0045,2025-02-03,Standard,0.0249,56.53
COM0001875,T0001875,IL0001875,SR035,C00407,P0141,2026-08-06,Standard,0.0373,19.63
COM0001876,T0001876,IL0001876,SR036,C00445,P0019,2025-01-26,Standard,0.0119,24.83
COM0001877,T0001877,IL0001877,SR037,C00455,P0088,2025-02-10,Accelerator,0.0258,1.78
COM0001878,T0001878,IL0001878,SR038,C00437,P0029,2025-08-18,Accelerator,0.032,16.66
COM0001879,T0001879,IL0001879,SR039,C00380,P0102,2025-02-03,Accelerator,0.0575,9.6
COM0001880,T0001880,IL0001880,SR040,C00378,P0058,2025-08-13,Standard,0.0122,20.57
COM0001881,T0001881,IL0001881,SR001,C00114,P0090,2026-02-01,Accelerator,0.0535,87.02
COM0001882,T0001882,IL0001882,SR002,C00422,P0044,2025-12-06,Standard,0.0233,12.41
COM0001883,T0001883,IL0001883,SR003,C00232,P0001,2025-01-24,Standard,0.0622,84.03
COM0001884,T0001884,IL0001884,SR004,C00023,P0140,2025-06-23,Standard,0.0304,10.39
COM0001885,T0001885,IL0001885,SR005,C00452,P0061,2025-11-03,Accelerator,0.0142,0.89
COM0001886,T0001886,IL0001886,SR006,C00106,P0045,2025-09-11,Accelerator,0.0144,4.21
COM0001887,T0001887,IL0001887,SR007,C00059,P0058,2025-03-02,Standard,0.0305,17.22
COM0001888,T0001888,IL0001888,SR008,C00146,P0054,2026-07-28,Standard,0.0407,34.21
COM0001889,T0001889,IL0001889,SR009,C00004,P0138,2025-05-16,Accelerator,0.0509,54.92
COM0001890,T0001890,IL0001890,SR010,C00047,P0042,2025-10-04,Standard,0.0243,4.08
COM0001891,T0001891,IL0001891,SR011,C00061,P0037,2025-02-27,Standard,0.0367,45.14
COM0001892,T0001892,IL0001892,SR012,C00305,P0069,2025-07-06,Standard,0.0222,17.18
COM0001893,T0001893,IL0001893,SR013,C00118,P0026,2026-12-21,Standard,0.0648,35.83
COM0001894,T0001894,IL0001894,SR014,C00323,P0103,2026-06-05,New Account,0.0643,19.88
COM0001895,T0001895,IL0001895,SR015,C00003,P0147,2025-01-28,New Account,0.0161,9.12
COM0001896,T0001896,IL0001896,SR016,C00033,P0091,2025-04-19,Standard,0.0542,38.97
COM0001897,T0001897,IL0001897,SR017,C00342,P0013,2025-09-01,New Account,0.0292,36.68
COM0001898,T0001898,IL0001898,SR018,C00441,P0034,2025-09-15,New Account,0.0285,8.22
COM0001899,T0001899,IL0001899,SR019,C00303,P0047,2025-04-23,Standard,0.0525,69.44
COM0001900,T0001900,IL0001900,SR020,C00388,P0044,2025-08-29,New Account,0.041,57.7
COM0001901,T0001901,IL0001901,SR021,C00492,P0111,2025-10-24,New Account,0.0435,13.15
COM0001902,T0001902,IL0001902,SR022,C00088,P0083,2026-07-09,New Account,0.057,27.65
COM0001903,T0001903,IL0001903,SR023,C00186,P0079,2025-06-22,Accelerator,0.0516,71.39
COM0001904,T0001904,IL0001904,SR024,C00274,P0047,2025-04-19,Accelerator,0.0416,19.98
COM0001905,T0001905,IL0001905,SR025,C00331,P0004,2025-07-04,Accelerator,0.0111,8.87
COM0001906,T0001906,IL0001906,SR026,C00360,P0107,2026-09-13,Standard,0.0191,15.43
COM0001907,T0001907,IL0001907,SR027,C00493,P0149,2025-02-23,Accelerator,0.0567,32.94
COM0001908,T0001908,IL0001908,SR028,C00295,P0057,2025-03-28,New Account,0.0285,46.92
COM0001909,T0001909,IL0001909,SR029,C00196,P0002,2025-08-16,Standard,0.0273,57.38
COM0001910,T0001910,IL0001910,SR030,C00384,P0108,2026-12-03,New Account,0.0163,40.49
COM0001911,T0001911,IL0001911,SR031,C00167,P0059,2026-08-10,New Account,0.0301,7.27
COM0001912,T0001912,IL0001912,SR032,C00403,P0106,2025-07-22,Standard,0.0204,1.24
COM0001913,T0001913,IL0001913,SR033,C00200,P0090,2025-04-12,New Account,0.0153,4.1
COM0001914,T0001914,IL0001914,SR034,C00458,P0009,2026-03-07,Standard,0.0634,57.8
COM0001915,T0001915,IL0001915,SR035,C00168,P0088,2026-04-30,New Account,0.0435,73.86
COM0001916,T0001916,IL0001916,SR036,C00094,P0011,2026-12-16,Standard,0.0137,13.21
COM0001917,T0001917,IL0001917,SR037,C00400,P0086,2026-03-15,New Account,0.0607,132.88
COM0001918,T0001918,IL0001918,SR038,C00190,P0058,2026-07-03,New Account,0.05,17.23
COM0001919,T0001919,IL0001919,SR039,C00335,P0004,2025-03-06,Standard,0.0561,28.15
COM0001920,T0001920,IL0001920,SR040,C00121,P0083,2025-10-13,New Account,0.0453,4.36
COM0001921,T0001921,IL0001921,SR001,C00434,P0106,2026-05-16,Accelerator,0.0115,4.98
COM0001922,T0001922,IL0001922,SR002,C00278,P0116,2025-03-26,Accelerator,0.0257,17.65
COM0001923,T0001923,IL0001923,SR003,C00189,P0077,2025-03-10,Accelerator,0.0285,33.44
COM0001924,T0001924,IL0001924,SR004,C00296,P0029,2025-06-20,Standard,0.0546,56.03
COM0001925,T0001925,IL0001925,SR005,C00211,P0110,2026-01-08,Accelerator,0.061,107.31
COM0001926,T0001926,IL0001926,SR006,C00248,P0113,2026-02-10,Standard,0.0561,6.57
COM0001927,T0001927,IL0001927,SR007,C00211,P0122,2026-03-07,New Account,0.0503,60.74
COM0001928,T0001928,IL0001928,SR008,C00347,P0012,2025-12-04,Accelerator,0.0339,65.4
COM0001929,T0001929,IL0001929,SR009,C00388,P0124,2026-05-31,Standard,0.0362,4.25
COM0001930,T0001930,IL0001930,SR010,C00072,P0031,2025-05-22,New Account,0.0411,4.08
COM0001931,T0001931,IL0001931,SR011,C00016,P0105,2026-03-30,Accelerator,0.0144,4.1
COM0001932,T0001932,IL0001932,SR012,C00243,P0050,2025-01-16,Accelerator,0.0388,28.19
COM0001933,T0001933,IL0001933,SR013,C00062,P0144,2026-05-18,Accelerator,0.0251,37.9
COM0001934,T0001934,IL0001934,SR014,C00274,P0109,2025-01-07,Accelerator,0.0218,7.25
COM0001935,T0001935,IL0001935,SR015,C00498,P0023,2025-08-29,Accelerator,0.0348,20.84
COM0001936,T0001936,IL0001936,SR016,C00231,P0007,2026-03-05,New Account,0.0552,6.94
COM0001937,T0001937,IL0001937,SR017,C00119,P0144,2025-10-06,Standard,0.0282,31.67
COM0001938,T0001938,IL0001938,SR018,C00372,P0138,2026-04-23,Accelerator,0.043,48.68
COM0001939,T0001939,IL0001939,SR019,C00176,P0136,2025-04-27,Standard,0.0546,2.66
COM0001940,T0001940,IL0001940,SR020,C00262,P0024,2026-11-01,Standard,0.0141,0.13
COM0001941,T0001941,IL0001941,SR021,C00022,P0115,2025-11-02,Accelerator,0.0511,5.36
COM0001942,T0001942,IL0001942,SR022,C00077,P0136,2026-02-16,Accelerator,0.0544,69.33
COM0001943,T0001943,IL0001943,SR023,C00436,P0005,2026-11-08,Standard,0.0202,8.42
COM0001944,T0001944,IL0001944,SR024,C00039,P0108,2025-04-01,Standard,0.0343,0.59
COM0001945,T0001945,IL0001945,SR025,C00208,P0101,2026-04-29,Standard,0.0299,1.87
COM0001946,T0001946,IL0001946,SR026,C00473,P0108,2025-06-29,Standard,0.0643,31.58
COM0001947,T0001947,IL0001947,SR027,C00349,P0125,2026-06-19,Standard,0.0495,5.19
COM0001948,T0001948,IL0001948,SR028,C00111,P0105,2026-01-18,Standard,0.031,2.34
COM0001949,T0001949,IL0001949,SR029,C00292,P0116,2025-09-30,New Account,0.0394,4.24
COM0001950,T0001950,IL0001950,SR030,C00433,P0079,2025-05-17,New Account,0.0516,37.93
COM0001951,T0001951,IL0001951,SR031,C00399,P0072,2026-01-12,New Account,0.0323,36.27
COM0001952,T0001952,IL0001952,SR032,C00232,P0128,2026-08-07,Standard,0.0628,70.04
COM0001953,T0001953,IL0001953,SR033,C00207,P0119,2026-01-26,Accelerator,0.0376,48.4
COM0001954,T0001954,IL0001954,SR034,C00464,P0045,2026-11-14,Accelerator,0.0456,13.93
COM0001955,T0001955,IL0001955,SR035,C00214,P0102,2026-01-29,Standard,0.0568,135.17
COM0001956,T0001956,IL0001956,SR036,C00337,P0040,2026-09-08,New Account,0.0468,43.0
COM0001957,T0001957,IL0001957,SR037,C00231,P0048,2026-05-23,Standard,0.0132,2.5
COM0001958,T0001958,IL0001958,SR038,C00417,P0064,2026-09-15,New Account,0.0416,18.25
COM0001959,T0001959,IL0001959,SR039,C00003,P0018,2025-01-31,Accelerator,0.0424,6.86
COM0001960,T0001960,IL0001960,SR040,C00490,P0079,2025-03-10,Standard,0.0447,7.98
COM0001961,T0001961,IL0001961,SR001,C00165,P0039,2026-05-23,Standard,0.0636,30.42
COM0001962,T0001962,IL0001962,SR002,C00482,P0035,2026-11-15,Accelerator,0.0448,1.39
COM0001963,T0001963,IL0001963,SR003,C00478,P0125,2026-08-07,Accelerator,0.0194,28.64
COM0001964,T0001964,IL0001964,SR004,C00482,P0140,2026-08-06,New Account,0.0348,32.64
COM0001965,T0001965,IL0001965,SR005,C00210,P0105,2026-09-23,Accelerator,0.0555,75.14
COM0001966,T0001966,IL0001966,SR006,C00435,P0002,2025-10-25,New Account,0.0625,69.61
COM0001967,T0001967,IL0001967,SR007,C00339,P0081,2026-05-09,New Account,0.0164,0.66
COM0001968,T0001968,IL0001968,SR008,C00215,P0023,2025-08-20,New Account,0.033,33.45
COM0001969,T0001969,IL0001969,SR009,C00265,P0124,2025-07-23,Accelerator,0.0437,25.67
COM0001970,T0001970,IL0001970,SR010,C00282,P0001,2025-10-21,Standard,0.013,16.05
COM0001971,T0001971,IL0001971,SR011,C00355,P0121,2025-01-06,Accelerator,0.0537,12.35
COM0001972,T0001972,IL0001972,SR012,C00046,P0124,2026-01-01,Standard,0.029,23.39
COM0001973,T0001973,IL0001973,SR013,C00286,P0091,2025-03-17,Standard,0.0441,0.53
COM0001974,T0001974,IL0001974,SR014,C00368,P0101,2025-10-05,Standard,0.0623,56.29
COM0001975,T0001975,IL0001975,SR015,C00126,P0004,2026-08-25,New Account,0.0151,25.91
COM0001976,T0001976,IL0001976,SR016,C00077,P0046,2026-07-14,New Account,0.0352,9.17
COM0001977,T0001977,IL0001977,SR017,C00191,P0140,2026-06-11,Standard,0.0478,73.68
COM0001978,T0001978,IL0001978,SR018,C00165,P0041,2026-02-06,Accelerator,0.0194,5.18
COM0001979,T0001979,IL0001979,SR019,C00370,P0107,2025-12-17,New Account,0.0613,8.17
COM0001980,T0001980,IL0001980,SR020,C00391,P0111,2025-02-24,Accelerator,0.0558,6.9
COM0001981,T0001981,IL0001981,SR021,C00307,P0024,2025-05-01,Accelerator,0.0277,38.27
COM0001982,T0001982,IL0001982,SR022,C00276,P0071,2025-12-10,Standard,0.0643,72.4
COM0001983,T0001983,IL0001983,SR023,C00152,P0117,2025-02-03,Standard,0.0201,1.33
COM0001984,T0001984,IL0001984,SR024,C00152,P0123,2025-10-13,New Account,0.0225,44.38
COM0001985,T0001985,IL0001985,SR025,C00382,P0019,2026-02-04,New Account,0.0456,54.89
COM0001986,T0001986,IL0001986,SR026,C00093,P0064,2026-02-22,Accelerator,0.0284,40.88
COM0001987,T0001987,IL0001987,SR027,C00067,P0096,2025-01-17,New Account,0.0279,78.76
COM0001988,T0001988,IL0001988,SR028,C00022,P0102,2025-08-31,New Account,0.0647,42.84
COM0001989,T0001989,IL0001989,SR029,C00429,P0003,2025-09-30,Accelerator,0.0324,63.48
COM0001990,T0001990,IL0001990,SR030,C00328,P0008,2025-08-31,Accelerator,0.0105,3.96
COM0001991,T0001991,IL0001991,SR031,C00357,P0094,2026-04-24,Accelerator,0.0178,6.64
COM0001992,T0001992,IL0001992,SR032,C00179,P0127,2026-04-20,New Account,0.032,16.76
COM0001993,T0001993,IL0001993,SR033,C00145,P0074,2026-09-12,New Account,0.0385,27.72
COM0001994,T0001994,IL0001994,SR034,C00272,P0055,2025-12-25,Standard,0.0434,52.33
COM0001995,T0001995,IL0001995,SR035,C00316,P0127,2026-05-21,Accelerator,0.0108,13.22
COM0001996,T0001996,IL0001996,SR036,C00217,P0008,2026-07-09,New Account,0.0378,1.05
COM0001997,T0001997,IL0001997,SR037,C00188,P0130,2025-03-06,Standard,0.0518,1.11
COM0001998,T0001998,IL0001998,SR038,C00255,P0025,2026-03-10,New Account,0.0425,11.06
COM0001999,T0001999,IL0001999,SR039,C00168,P0079,2026-08-28,Accelerator,0.0142,12.92
COM0002000,T0002000,IL0002000,SR040,C00481,P0120,2026-12-13,Standard,0.0178,2.06
COM0002001,T0002001,IL0002001,SR001,C00204,P0112,2026-06-29,Standard,0.024,33.0
COM0002002,T0002002,IL0002002,SR002,C00136,P0144,2026-05-22,Accelerator,0.0435,57.54
COM0002003,T0002003,IL0002003,SR003,C00434,P0122,2026-05-05,Standard,0.0361,32.05
COM0002004,T0002004,IL0002004,SR004,C00124,P0056,2026-05-16,Accelerator,0.048,26.19
COM0002005,T0002005,IL0002005,SR005,C00133,P0011,2025-10-24,Accelerator,0.0259,74.24
COM0002006,T0002006,IL0002006,SR006,C00441,P0048,2026-09-25,Standard,0.0372,15.05
COM0002007,T0002007,IL0002007,SR007,C00024,P0035,2025-05-25,New Account,0.0599,5.39
COM0002008,T0002008,IL0002008,SR008,C00265,P0072,2025-06-29,Standard,0.0332,6.82
COM0002009,T0002009,IL0002009,SR009,C00248,P0085,2026-11-20,Standard,0.0576,10.14
COM0002010,T0002010,IL0002010,SR010,C00354,P0018,2026-08-06,New Account,0.0349,105.97
COM0002011,T0002011,IL0002011,SR011,C00095,P0111,2025-06-08,Standard,0.0242,8.98
COM0002012,T0002012,IL0002012,SR012,C00489,P0102,2025-02-04,Accelerator,0.0314,41.32
COM0002013,T0002013,IL0002013,SR013,C00172,P0081,2025-02-05,New Account,0.0328,73.95
COM0002014,T0002014,IL0002014,SR014,C00068,P0127,2025-02-24,Accelerator,0.0105,0.86
COM0002015,T0002015,IL0002015,SR015,C00292,P0001,2026-01-16,New Account,0.0101,0.73
COM0002016,T0002016,IL0002016,SR016,C00453,P0068,2026-02-18,Accelerator,0.0207,2.83
COM0002017,T0002017,IL0002017,SR017,C00358,P0147,2026-08-25,Accelerator,0.0332,83.27
COM0002018,T0002018,IL0002018,SR018,C00018,P0081,2026-03-14,Standard,0.0368,3.36
COM0002019,T0002019,IL0002019,SR019,C00066,P0034,2025-08-10,New Account,0.0214,28.56
COM0002020,T0002020,IL0002020,SR020,C00039,P0027,2026-10-29,Standard,0.0442,42.87
COM0002021,T0002021,IL0002021,SR021,C00471,P0042,2026-12-17,Standard,0.0133,11.25
COM0002022,T0002022,IL0002022,SR022,C00083,P0088,2026-10-15,New Account,0.0232,44.26
COM0002023,T0002023,IL0002023,SR023,C00231,P0135,2025-07-29,Standard,0.028,8.46
COM0002024,T0002024,IL0002024,SR024,C00358,P0066,2025-07-24,Accelerator,0.0541,48.23
COM0002025,T0002025,IL0002025,SR025,C00167,P0132,2026-11-27,Accelerator,0.0443,70.21
COM0002026,T0002026,IL0002026,SR026,C00440,P0114,2026-09-28,Standard,0.0407,21.09
COM0002027,T0002027,IL0002027,SR027,C00004,P0026,2025-05-16,New Account,0.0103,7.53
COM0002028,T0002028,IL0002028,SR028,C00485,P0103,2026-06-20,New Account,0.0168,24.58
COM0002029,T0002029,IL0002029,SR029,C00004,P0014,2025-01-06,Accelerator,0.0399,54.1
COM0002030,T0002030,IL0002030,SR030,C00213,P0098,2025-03-15,Standard,0.0358,18.38
COM0002031,T0002031,IL0002031,SR031,C00478,P0076,2026-04-29,New Account,0.0372,23.87
COM0002032,T0002032,IL0002032,SR032,C00429,P0082,2025-08-27,Standard,0.0581,10.64
COM0002033,T0002033,IL0002033,SR033,C00079,P0055,2025-10-02,Standard,0.0215,5.99
COM0002034,T0002034,IL0002034,SR034,C00398,P0072,2026-09-16,Accelerator,0.0319,11.52
COM0002035,T0002035,IL0002035,SR035,C00450,P0125,2026-08-13,Standard,0.0327,19.65
COM0002036,T0002036,IL0002036,SR036,C00469,P0011,2025-11-22,Accelerator,0.0292,12.86
COM0002037,T0002037,IL0002037,SR037,C00256,P0058,2025-11-26,New Account,0.0123,11.28
COM0002038,T0002038,IL0002038,SR038,C00087,P0065,2025-01-02,Accelerator,0.0219,11.86
COM0002039,T0002039,IL0002039,SR039,C00171,P0134,2025-05-24,New Account,0.0613,3.64
COM0002040,T0002040,IL0002040,SR040,C00273,P0112,2025-10-20,Accelerator,0.0521,64.07
COM0002041,T0002041,IL0002041,SR001,C00268,P0041,2026-12-05,Accelerator,0.0389,0.92
COM0002042,T0002042,IL0002042,SR002,C00413,P0071,2026-06-11,Accelerator,0.049,73.58
COM0002043,T0002043,IL0002043,SR003,C00193,P0072,2026-07-16,New Account,0.052,60.85
COM0002044,T0002044,IL0002044,SR004,C00207,P0047,2026-01-29,Standard,0.0189,15.27
COM0002045,T0002045,IL0002045,SR005,C00240,P0139,2025-04-03,New Account,0.0335,9.91
COM0002046,T0002046,IL0002046,SR006,C00429,P0006,2026-08-31,New Account,0.0441,10.55
COM0002047,T0002047,IL0002047,SR007,C00078,P0044,2025-01-28,New Account,0.0317,57.15
COM0002048,T0002048,IL0002048,SR008,C00322,P0115,2026-07-10,Standard,0.0475,46.92
COM0002049,T0002049,IL0002049,SR009,C00161,P0081,2026-05-24,Accelerator,0.0618,23.05
COM0002050,T0002050,IL0002050,SR010,C00264,P0017,2026-04-19,New Account,0.0236,3.22
COM0002051,T0002051,IL0002051,SR011,C00086,P0104,2026-02-04,Standard,0.0242,15.01
COM0002052,T0002052,IL0002052,SR012,C00205,P0021,2026-05-06,Standard,0.0469,37.29
COM0002053,T0002053,IL0002053,SR013,C00378,P0023,2025-12-08,Accelerator,0.0188,8.37
COM0002054,T0002054,IL0002054,SR014,C00262,P0035,2025-04-11,Standard,0.0585,10.75
COM0002055,T0002055,IL0002055,SR015,C00068,P0057,2026-08-24,New Account,0.0537,27.12
COM0002056,T0002056,IL0002056,SR016,C00339,P0078,2026-03-24,Accelerator,0.0259,61.46
COM0002057,T0002057,IL0002057,SR017,C00401,P0058,2026-06-16,New Account,0.0294,21.77
COM0002058,T0002058,IL0002058,SR018,C00461,P0056,2026-11-05,Standard,0.059,37.39
COM0002059,T0002059,IL0002059,SR019,C00048,P0135,2026-10-22,New Account,0.0505,34.15
COM0002060,T0002060,IL0002060,SR020,C00160,P0017,2025-03-20,Accelerator,0.0114,28.18
COM0002061,T0002061,IL0002061,SR021,C00102,P0103,2025-02-20,New Account,0.0629,25.05
COM0002062,T0002062,IL0002062,SR022,C00225,P0116,2026-10-17,Accelerator,0.0568,75.07
COM0002063,T0002063,IL0002063,SR023,C00263,P0075,2026-03-13,Standard,0.0364,79.87
COM0002064,T0002064,IL0002064,SR024,C00489,P0077,2026-03-14,Accelerator,0.0636,10.97
COM0002065,T0002065,IL0002065,SR025,C00182,P0150,2025-05-02,Accelerator,0.0102,9.22
COM0002066,T0002066,IL0002066,SR026,C00493,P0144,2026-02-07,New Account,0.064,2.78
COM0002067,T0002067,IL0002067,SR027,C00117,P0045,2025-08-21,Standard,0.0383,7.82
COM0002068,T0002068,IL0002068,SR028,C00409,P0100,2026-03-20,New Account,0.044,102.87
COM0002069,T0002069,IL0002069,SR029,C00381,P0147,2025-12-20,Accelerator,0.0295,30.95
COM0002070,T0002070,IL0002070,SR030,C00227,P0001,2025-03-07,Accelerator,0.0587,5.09
COM0002071,T0002071,IL0002071,SR031,C00457,P0026,2025-10-21,Accelerator,0.0632,85.87
COM0002072,T0002072,IL0002072,SR032,C00250,P0116,2026-12-12,Standard,0.0478,5.96
COM0002073,T0002073,IL0002073,SR033,C00498,P0052,2025-09-05,New Account,0.0207,7.44
COM0002074,T0002074,IL0002074,SR034,C00420,P0048,2026-12-26,Standard,0.0276,78.73
COM0002075,T0002075,IL0002075,SR035,C00001,P0036,2025-03-21,New Account,0.0463,89.58
COM0002076,T0002076,IL0002076,SR036,C00358,P0057,2026-11-28,Accelerator,0.0316,9.1
COM0002077,T0002077,IL0002077,SR037,C00317,P0005,2026-01-02,New Account,0.013,28.7
COM0002078,T0002078,IL0002078,SR038,C00316,P0043,2025-01-28,Standard,0.0574,62.32
COM0002079,T0002079,IL0002079,SR039,C00417,P0014,2026-01-21,Standard,0.0449,58.8
COM0002080,T0002080,IL0002080,SR040,C00196,P0086,2026-10-21,Accelerator,0.0165,9.35
COM0002081,T0002081,IL0002081,SR001,C00111,P0141,2025-01-27,New Account,0.0623,2.44
COM0002082,T0002082,IL0002082,SR002,C00400,P0074,2025-10-05,Standard,0.0643,87.62
COM0002083,T0002083,IL0002083,SR003,C00034,P0065,2025-08-28,Accelerator,0.0278,17.06
COM0002084,T0002084,IL0002084,SR004,C00059,P0067,2025-04-06,Standard,0.0523,72.37
COM0002085,T0002085,IL0002085,SR005,C00165,P0074,2026-08-21,New Account,0.0173,23.02
COM0002086,T0002086,IL0002086,SR006,C00052,P0138,2025-03-03,Standard,0.0449,9.09
COM0002087,T0002087,IL0002087,SR007,C00088,P0027,2026-02-27,Accelerator,0.0473,110.22
COM0002088,T0002088,IL0002088,SR008,C00066,P0085,2025-11-05,Accelerator,0.0462,6.41
COM0002089,T0002089,IL0002089,SR009,C00191,P0068,2025-03-15,Standard,0.0452,4.06
COM0002090,T0002090,IL0002090,SR010,C00354,P0086,2026-10-25,Accelerator,0.0171,29.94
COM0002091,T0002091,IL0002091,SR011,C00019,P0027,2026-05-07,Accelerator,0.0148,1.99
COM0002092,T0002092,IL0002092,SR012,C00435,P0133,2025-07-30,New Account,0.0305,4.24
COM0002093,T0002093,IL0002093,SR013,C00091,P0013,2026-11-12,Standard,0.056,23.25
COM0002094,T0002094,IL0002094,SR014,C00132,P0137,2025-08-01,Accelerator,0.0554,18.49
COM0002095,T0002095,IL0002095,SR015,C00082,P0063,2025-08-08,Standard,0.0432,21.78
COM0002096,T0002096,IL0002096,SR016,C00313,P0114,2025-11-02,Accelerator,0.0248,0.29
COM0002097,T0002097,IL0002097,SR017,C00127,P0112,2026-01-01,Standard,0.0412,66.5
COM0002098,T0002098,IL0002098,SR018,C00426,P0060,2026-04-29,New Account,0.0423,81.51
COM0002099,T0002099,IL0002099,SR019,C00434,P0017,2026-07-31,Accelerator,0.0115,24.42
COM0002100,T0002100,IL0002100,SR020,C00214,P0077,2026-03-03,New Account,0.0223,15.98
COM0002101,T0002101,IL0002101,SR021,C00399,P0070,2026-03-29,New Account,0.0486,84.49
COM0002102,T0002102,IL0002102,SR022,C00451,P0148,2026-10-12,New Account,0.0587,86.24
COM0002103,T0002103,IL0002103,SR023,C00153,P0027,2025-06-04,Accelerator,0.0551,19.15
COM0002104,T0002104,IL0002104,SR024,C00166,P0070,2025-08-18,Standard,0.0429,31.15
COM0002105,T0002105,IL0002105,SR025,C00076,P0076,2026-07-06,Accelerator,0.0199,31.65
COM0002106,T0002106,IL0002106,SR026,C00441,P0058,2025-12-29,Standard,0.0476,3.49
COM0002107,T0002107,IL0002107,SR027,C00243,P0034,2025-08-02,Accelerator,0.0108,1.94
COM0002108,T0002108,IL0002108,SR028,C00491,P0142,2026-05-09,Accelerator,0.0267,74.68
COM0002109,T0002109,IL0002109,SR029,C00304,P0077,2025-07-21,Standard,0.0192,9.63
COM0002110,T0002110,IL0002110,SR030,C00152,P0089,2026-12-21,Standard,0.044,50.1
COM0002111,T0002111,IL0002111,SR031,C00006,P0056,2025-11-04,New Account,0.0332,30.52
COM0002112,T0002112,IL0002112,SR032,C00291,P0118,2025-10-27,New Account,0.0123,12.74
COM0002113,T0002113,IL0002113,SR033,C00054,P0100,2025-02-03,Accelerator,0.0613,22.64
COM0002114,T0002114,IL0002114,SR034,C00018,P0021,2026-08-23,Standard,0.0485,15.8
COM0002115,T0002115,IL0002115,SR035,C00141,P0137,2026-12-04,New Account,0.03,4.96
COM0002116,T0002116,IL0002116,SR036,C00308,P0056,2026-05-21,Accelerator,0.0351,14.79
COM0002117,T0002117,IL0002117,SR037,C00337,P0022,2026-11-10,New Account,0.0276,6.2
COM0002118,T0002118,IL0002118,SR038,C00437,P0107,2026-03-04,Accelerator,0.0262,51.73
COM0002119,T0002119,IL0002119,SR039,C00489,P0052,2025-05-05,Accelerator,0.0258,61.16
COM0002120,T0002120,IL0002120,SR040,C00218,P0016,2025-03-18,New Account,0.0354,106.62
COM0002121,T0002121,IL0002121,SR001,C00166,P0124,2025-03-23,Accelerator,0.0404,15.89
COM0002122,T0002122,IL0002122,SR002,C00070,P0078,2025-01-17,Standard,0.0232,0.22
COM0002123,T0002123,IL0002123,SR003,C00436,P0077,2026-04-16,Standard,0.0189,12.27
COM0002124,T0002124,IL0002124,SR004,C00252,P0098,2026-01-13,New Account,0.0448,25.01
COM0002125,T0002125,IL0002125,SR005,C00337,P0098,2025-04-24,New Account,0.0246,80.86
COM0002126,T0002126,IL0002126,SR006,C00472,P0086,2025-03-26,Accelerator,0.036,7.12
COM0002127,T0002127,IL0002127,SR007,C00173,P0043,2025-12-19,Accelerator,0.0566,43.36
COM0002128,T0002128,IL0002128,SR008,C00479,P0120,2025-03-08,Accelerator,0.0277,48.88
COM0002129,T0002129,IL0002129,SR009,C00487,P0057,2026-08-07,New Account,0.0237,1.79
COM0002130,T0002130,IL0002130,SR010,C00107,P0094,2026-02-16,Standard,0.0481,46.77
COM0002131,T0002131,IL0002131,SR011,C00390,P0093,2025-05-17,New Account,0.035,6.38
COM0002132,T0002132,IL0002132,SR012,C00057,P0057,2025-10-09,Accelerator,0.0254,27.09
COM0002133,T0002133,IL0002133,SR013,C00449,P0002,2025-04-16,Standard,0.0535,52.13
COM0002134,T0002134,IL0002134,SR014,C00004,P0121,2025-05-25,Standard,0.0331,7.35
COM0002135,T0002135,IL0002135,SR015,C00093,P0045,2025-06-01,Accelerator,0.0232,6.44
COM0002136,T0002136,IL0002136,SR016,C00153,P0009,2026-09-02,Standard,0.0363,8.07
COM0002137,T0002137,IL0002137,SR017,C00361,P0030,2025-04-15,New Account,0.0178,22.23
COM0002138,T0002138,IL0002138,SR018,C00085,P0136,2025-05-30,Accelerator,0.0566,40.84
COM0002139,T0002139,IL0002139,SR019,C00285,P0011,2026-05-17,New Account,0.0205,30.22
COM0002140,T0002140,IL0002140,SR020,C00466,P0085,2025-10-22,Accelerator,0.0243,5.42
COM0002141,T0002141,IL0002141,SR021,C00148,P0121,2025-09-26,Accelerator,0.0109,20.12
COM0002142,T0002142,IL0002142,SR022,C00475,P0058,2026-07-23,Accelerator,0.0531,30.62
COM0002143,T0002143,IL0002143,SR023,C00286,P0150,2026-04-21,Standard,0.0569,6.68
COM0002144,T0002144,IL0002144,SR024,C00306,P0148,2026-02-17,Accelerator,0.0585,81.91
COM0002145,T0002145,IL0002145,SR025,C00279,P0072,2025-01-22,New Account,0.0221,64.6
COM0002146,T0002146,IL0002146,SR026,C00267,P0140,2025-06-06,New Account,0.0552,2.36
COM0002147,T0002147,IL0002147,SR027,C00458,P0012,2026-03-31,Accelerator,0.0197,16.23
COM0002148,T0002148,IL0002148,SR028,C00030,P0036,2026-07-20,Accelerator,0.0439,35.14
COM0002149,T0002149,IL0002149,SR029,C00152,P0069,2026-02-12,Standard,0.0411,82.54
COM0002150,T0002150,IL0002150,SR030,C00124,P0037,2025-07-08,New Account,0.0116,2.95
COM0002151,T0002151,IL0002151,SR031,C00176,P0064,2025-12-05,New Account,0.0319,7.22
COM0002152,T0002152,IL0002152,SR032,C00289,P0097,2026-05-26,New Account,0.0117,3.37
COM0002153,T0002153,IL0002153,SR033,C00346,P0075,2025-12-13,New Account,0.0174,16.05
COM0002154,T0002154,IL0002154,SR034,C00011,P0036,2025-10-14,Accelerator,0.0372,35.94
COM0002155,T0002155,IL0002155,SR035,C00308,P0036,2025-06-10,Standard,0.0328,1.94
COM0002156,T0002156,IL0002156,SR036,C00461,P0104,2025-06-30,Accelerator,0.0131,7.44
COM0002157,T0002157,IL0002157,SR037,C00063,P0060,2025-08-09,Accelerator,0.0115,5.2
COM0002158,T0002158,IL0002158,SR038,C00300,P0013,2026-11-19,Accelerator,0.0434,41.3
COM0002159,T0002159,IL0002159,SR039,C00331,P0006,2025-03-01,Accelerator,0.0564,51.37
COM0002160,T0002160,IL0002160,SR040,C00264,P0095,2025-03-07,Accelerator,0.0504,5.36
COM0002161,T0002161,IL0002161,SR001,C00373,P0056,2025-12-19,Accelerator,0.0612,11.39
COM0002162,T0002162,IL0002162,SR002,C00149,P0113,2026-01-21,Accelerator,0.0482,31.35
COM0002163,T0002163,IL0002163,SR003,C00472,P0021,2025-04-17,Accelerator,0.0235,30.41
COM0002164,T0002164,IL0002164,SR004,C00035,P0033,2026-03-05,New Account,0.0156,10.97
COM0002165,T0002165,IL0002165,SR005,C00031,P0040,2026-10-02,New Account,0.0355,6.52
COM0002166,T0002166,IL0002166,SR006,C00324,P0110,2026-05-05,Accelerator,0.0472,26.72
COM0002167,T0002167,IL0002167,SR007,C00420,P0133,2026-01-23,Accelerator,0.0256,31.25
COM0002168,T0002168,IL0002168,SR008,C00015,P0063,2025-02-11,New Account,0.0632,94.13
COM0002169,T0002169,IL0002169,SR009,C00107,P0037,2025-03-16,New Account,0.0281,25.81
COM0002170,T0002170,IL0002170,SR010,C00366,P0067,2026-07-03,Accelerator,0.0477,90.11
COM0002171,T0002171,IL0002171,SR011,C00471,P0135,2025-08-04,Accelerator,0.0345,1.28
COM0002172,T0002172,IL0002172,SR012,C00150,P0048,2026-02-07,Accelerator,0.0443,91.3
COM0002173,T0002173,IL0002173,SR013,C00483,P0089,2025-11-20,New Account,0.0179,12.55
COM0002174,T0002174,IL0002174,SR014,C00271,P0113,2025-09-24,New Account,0.0377,38.05
COM0002175,T0002175,IL0002175,SR015,C00209,P0036,2025-11-11,New Account,0.0141,0.73
COM0002176,T0002176,IL0002176,SR016,C00420,P0014,2025-05-27,Accelerator,0.0614,33.03
COM0002177,T0002177,IL0002177,SR017,C00226,P0150,2026-09-21,New Account,0.0599,62.42
COM0002178,T0002178,IL0002178,SR018,C00462,P0002,2026-01-16,Standard,0.0236,16.08
COM0002179,T0002179,IL0002179,SR019,C00004,P0074,2026-12-17,Accelerator,0.0498,100.82
COM0002180,T0002180,IL0002180,SR020,C00013,P0053,2026-04-15,Standard,0.0591,32.87
COM0002181,T0002181,IL0002181,SR021,C00228,P0040,2025-07-17,Standard,0.0134,30.19
COM0002182,T0002182,IL0002182,SR022,C00101,P0105,2026-02-09,New Account,0.0212,13.46
COM0002183,T0002183,IL0002183,SR023,C00014,P0013,2025-06-05,Accelerator,0.0174,15.9
COM0002184,T0002184,IL0002184,SR024,C00217,P0116,2025-08-06,Accelerator,0.0481,8.1
COM0002185,T0002185,IL0002185,SR025,C00044,P0053,2026-10-16,Standard,0.0292,1.77
COM0002186,T0002186,IL0002186,SR026,C00288,P0095,2025-01-25,New Account,0.0323,29.19
COM0002187,T0002187,IL0002187,SR027,C00477,P0056,2026-08-01,Standard,0.0127,3.08
COM0002188,T0002188,IL0002188,SR028,C00403,P0136,2025-12-20,Accelerator,0.0424,114.76
COM0002189,T0002189,IL0002189,SR029,C00327,P0018,2025-09-19,New Account,0.0482,9.39
COM0002190,T0002190,IL0002190,SR030,C00098,P0134,2025-12-05,Standard,0.0157,13.57
COM0002191,T0002191,IL0002191,SR031,C00053,P0104,2025-01-13,New Account,0.0129,9.36
COM0002192,T0002192,IL0002192,SR032,C00020,P0040,2026-09-15,Standard,0.0459,11.35
COM0002193,T0002193,IL0002193,SR033,C00188,P0133,2025-04-20,Accelerator,0.0566,132.67
COM0002194,T0002194,IL0002194,SR034,C00297,P0134,2025-12-31,Accelerator,0.0281,6.84
COM0002195,T0002195,IL0002195,SR035,C00192,P0049,2025-08-01,Accelerator,0.0312,43.53
COM0002196,T0002196,IL0002196,SR036,C00127,P0149,2025-09-03,Accelerator,0.0215,13.68
COM0002197,T0002197,IL0002197,SR037,C00023,P0018,2026-07-27,Accelerator,0.0107,25.32
COM0002198,T0002198,IL0002198,SR038,C00004,P0039,2025-07-27,New Account,0.0298,13.56
COM0002199,T0002199,IL0002199,SR039,C00131,P0082,2025-08-16,New Account,0.0346,58.53
COM0002200,T0002200,IL0002200,SR040,C00003,P0140,2025-09-02,Accelerator,0.038,37.91
COM0002201,T0002201,IL0002201,SR001,C00392,P0058,2026-04-13,New Account,0.031,26.43
COM0002202,T0002202,IL0002202,SR002,C00150,P0036,2026-05-29,New Account,0.0607,30.7
COM0002203,T0002203,IL0002203,SR003,C00075,P0019,2025-03-26,New Account,0.0628,37.28
COM0002204,T0002204,IL0002204,SR004,C00379,P0124,2025-12-24,Standard,0.0183,6.8
COM0002205,T0002205,IL0002205,SR005,C00244,P0028,2026-10-09,Accelerator,0.0404,58.99
COM0002206,T0002206,IL0002206,SR006,C00194,P0135,2026-11-29,Standard,0.024,8.72
COM0002207,T0002207,IL0002207,SR007,C00346,P0098,2025-05-22,New Account,0.0127,11.02
COM0002208,T0002208,IL0002208,SR008,C00320,P0004,2025-09-07,Standard,0.0187,1.09
COM0002209,T0002209,IL0002209,SR009,C00059,P0022,2026-08-24,Standard,0.0538,9.9
COM0002210,T0002210,IL0002210,SR010,C00069,P0103,2025-02-03,New Account,0.0327,61.92
COM0002211,T0002211,IL0002211,SR011,C00113,P0082,2025-07-28,Accelerator,0.0242,37.22
COM0002212,T0002212,IL0002212,SR012,C00047,P0065,2026-08-07,Accelerator,0.0147,17.78
COM0002213,T0002213,IL0002213,SR013,C00012,P0054,2025-06-09,New Account,0.0153,29.13
COM0002214,T0002214,IL0002214,SR014,C00136,P0043,2025-12-08,Standard,0.0476,12.08
COM0002215,T0002215,IL0002215,SR015,C00026,P0023,2026-11-12,Standard,0.0405,67.65
COM0002216,T0002216,IL0002216,SR016,C00206,P0052,2025-04-28,Accelerator,0.044,47.77
COM0002217,T0002217,IL0002217,SR017,C00416,P0004,2025-07-25,New Account,0.0473,1.97
COM0002218,T0002218,IL0002218,SR018,C00373,P0001,2025-04-27,Standard,0.0289,81.05
COM0002219,T0002219,IL0002219,SR019,C00451,P0047,2026-07-11,Accelerator,0.011,2.14
COM0002220,T0002220,IL0002220,SR020,C00202,P0044,2026-03-04,New Account,0.0271,2.35
COM0002221,T0002221,IL0002221,SR021,C00156,P0118,2026-08-09,Standard,0.0181,38.2
COM0002222,T0002222,IL0002222,SR022,C00349,P0141,2025-12-24,Standard,0.0426,4.09
COM0002223,T0002223,IL0002223,SR023,C00286,P0150,2025-04-07,Accelerator,0.0225,7.39
COM0002224,T0002224,IL0002224,SR024,C00208,P0125,2025-04-17,Standard,0.0279,55.27
COM0002225,T0002225,IL0002225,SR025,C00210,P0061,2025-08-10,Standard,0.0311,52.34
COM0002226,T0002226,IL0002226,SR026,C00236,P0103,2025-06-15,New Account,0.0281,5.8
COM0002227,T0002227,IL0002227,SR027,C00330,P0102,2026-04-04,Standard,0.0398,86.06
COM0002228,T0002228,IL0002228,SR028,C00001,P0119,2026-09-16,Accelerator,0.0565,107.1
COM0002229,T0002229,IL0002229,SR029,C00223,P0083,2025-06-05,New Account,0.0339,38.91
COM0002230,T0002230,IL0002230,SR030,C00474,P0019,2025-01-31,Standard,0.0421,24.01
COM0002231,T0002231,IL0002231,SR031,C00303,P0091,2025-05-23,New Account,0.0351,55.21
COM0002232,T0002232,IL0002232,SR032,C00447,P0093,2025-02-27,Standard,0.061,2.17
COM0002233,T0002233,IL0002233,SR033,C00179,P0119,2026-05-19,New Account,0.0338,28.33
COM0002234,T0002234,IL0002234,SR034,C00033,P0130,2025-01-14,Standard,0.0191,2.34
COM0002235,T0002235,IL0002235,SR035,C00083,P0059,2025-07-05,New Account,0.053,72.72
COM0002236,T0002236,IL0002236,SR036,C00328,P0051,2026-05-26,Accelerator,0.0437,25.88
COM0002237,T0002237,IL0002237,SR037,C00187,P0062,2026-04-08,Standard,0.0352,53.84
COM0002238,T0002238,IL0002238,SR038,C00201,P0095,2025-11-09,Accelerator,0.0524,41.38
COM0002239,T0002239,IL0002239,SR039,C00113,P0066,2026-01-17,Accelerator,0.0621,7.32
COM0002240,T0002240,IL0002240,SR040,C00102,P0069,2026-06-11,New Account,0.0114,9.94
COM0002241,T0002241,IL0002241,SR001,C00082,P0107,2026-10-08,Standard,0.0486,27.68
COM0002242,T0002242,IL0002242,SR002,C00187,P0135,2026-04-30,New Account,0.0331,1.55
COM0002243,T0002243,IL0002243,SR003,C00112,P0065,2026-07-29,New Account,0.0546,62.26
COM0002244,T0002244,IL0002244,SR004,C00164,P0016,2025-11-09,New Account,0.0383,4.88
COM0002245,T0002245,IL0002245,SR005,C00470,P0051,2025-06-26,Standard,0.0217,4.14
COM0002246,T0002246,IL0002246,SR006,C00404,P0089,2026-10-13,Accelerator,0.0413,35.19
COM0002247,T0002247,IL0002247,SR007,C00353,P0002,2025-05-16,Standard,0.0599,9.93
COM0002248,T0002248,IL0002248,SR008,C00306,P0068,2026-04-21,Standard,0.0632,58.01
COM0002249,T0002249,IL0002249,SR009,C00073,P0062,2025-04-25,New Account,0.0277,7.74
COM0002250,T0002250,IL0002250,SR010,C00431,P0098,2026-03-21,New Account,0.062,20.65
COM0002251,T0002251,IL0002251,SR011,C00176,P0021,2025-10-27,Accelerator,0.0374,82.36
COM0002252,T0002252,IL0002252,SR012,C00462,P0078,2026-11-13,New Account,0.0173,11.85
COM0002253,T0002253,IL0002253,SR013,C00433,P0028,2026-07-11,New Account,0.0486,29.26
COM0002254,T0002254,IL0002254,SR014,C00192,P0109,2026-05-03,Standard,0.0292,21.77
COM0002255,T0002255,IL0002255,SR015,C00227,P0101,2026-11-02,New Account,0.0102,0.62
COM0002256,T0002256,IL0002256,SR016,C00473,P0087,2025-08-29,New Account,0.016,28.41
COM0002257,T0002257,IL0002257,SR017,C00470,P0033,2025-05-27,New Account,0.0365,22.22
COM0002258,T0002258,IL0002258,SR018,C00471,P0143,2026-06-28,New Account,0.0326,2.67
COM0002259,T0002259,IL0002259,SR019,C00206,P0077,2025-09-06,New Account,0.0635,15.43
COM0002260,T0002260,IL0002260,SR020,C00227,P0097,2026-01-15,New Account,0.0621,41.48
COM0002261,T0002261,IL0002261,SR021,C00267,P0052,2025-03-29,Accelerator,0.0132,8.5
COM0002262,T0002262,IL0002262,SR022,C00300,P0124,2026-11-12,New Account,0.0219,11.08
COM0002263,T0002263,IL0002263,SR023,C00065,P0100,2026-09-12,Standard,0.0621,22.5
COM0002264,T0002264,IL0002264,SR024,C00375,P0129,2025-02-24,Accelerator,0.017,18.62
COM0002265,T0002265,IL0002265,SR025,C00112,P0118,2026-03-30,Standard,0.0266,12.67
COM0002266,T0002266,IL0002266,SR026,C00436,P0021,2025-12-21,New Account,0.024,3.05
COM0002267,T0002267,IL0002267,SR027,C00125,P0144,2026-06-18,Accelerator,0.0207,38.17
COM0002268,T0002268,IL0002268,SR028,C00205,P0116,2026-05-31,Standard,0.0556,4.37
COM0002269,T0002269,IL0002269,SR029,C00236,P0090,2026-12-08,Standard,0.0421,9.34
COM0002270,T0002270,IL0002270,SR030,C00341,P0034,2026-07-17,Accelerator,0.0588,7.14
COM0002271,T0002271,IL0002271,SR031,C00077,P0001,2025-06-13,New Account,0.0286,20.86
COM0002272,T0002272,IL0002272,SR032,C00452,P0100,2025-03-20,New Account,0.0312,15.18
COM0002273,T0002273,IL0002273,SR033,C00333,P0123,2025-03-30,Standard,0.0112,14.57
COM0002274,T0002274,IL0002274,SR034,C00012,P0091,2025-02-13,Standard,0.017,2.29
COM0002275,T0002275,IL0002275,SR035,C00288,P0094,2025-10-03,Accelerator,0.0426,108.67
COM0002276,T0002276,IL0002276,SR036,C00386,P0021,2026-08-22,New Account,0.0149,18.37
COM0002277,T0002277,IL0002277,SR037,C00200,P0030,2025-12-13,New Account,0.0374,19.24
COM0002278,T0002278,IL0002278,SR038,C00257,P0107,2026-05-29,New Account,0.0337,23.22
COM0002279,T0002279,IL0002279,SR039,C00113,P0007,2026-07-11,Standard,0.0445,46.44
COM0002280,T0002280,IL0002280,SR040,C00085,P0036,2025-02-17,New Account,0.0256,26.77
COM0002281,T0002281,IL0002281,SR001,C00001,P0076,2025-08-12,Standard,0.0531,18.61
COM0002282,T0002282,IL0002282,SR002,C00117,P0029,2026-06-08,New Account,0.012,24.51
COM0002283,T0002283,IL0002283,SR003,C00194,P0138,2025-11-17,Accelerator,0.0565,71.38
COM0002284,T0002284,IL0002284,SR004,C00143,P0139,2025-01-29,New Account,0.0189,33.85
COM0002285,T0002285,IL0002285,SR005,C00383,P0038,2025-07-05,New Account,0.0399,18.0
COM0002286,T0002286,IL0002286,SR006,C00026,P0097,2025-09-28,Accelerator,0.0148,7.05
COM0002287,T0002287,IL0002287,SR007,C00275,P0030,2025-03-31,Standard,0.0372,52.46
COM0002288,T0002288,IL0002288,SR008,C00336,P0065,2026-06-18,New Account,0.0637,146.6
COM0002289,T0002289,IL0002289,SR009,C00064,P0029,2026-05-18,Accelerator,0.0365,91.26
COM0002290,T0002290,IL0002290,SR010,C00482,P0003,2025-04-15,Accelerator,0.0397,8.84
COM0002291,T0002291,IL0002291,SR011,C00103,P0025,2026-02-22,Standard,0.0139,34.81
COM0002292,T0002292,IL0002292,SR012,C00157,P0106,2026-09-04,Accelerator,0.0337,80.98
COM0002293,T0002293,IL0002293,SR013,C00298,P0150,2026-10-26,Standard,0.0259,29.75
COM0002294,T0002294,IL0002294,SR014,C00253,P0090,2026-03-13,Standard,0.0352,6.03
COM0002295,T0002295,IL0002295,SR015,C00315,P0135,2026-04-27,Accelerator,0.0251,22.19
COM0002296,T0002296,IL0002296,SR016,C00183,P0076,2026-09-08,Standard,0.0159,36.47
COM0002297,T0002297,IL0002297,SR017,C00281,P0032,2026-08-24,New Account,0.0437,92.24
COM0002298,T0002298,IL0002298,SR018,C00055,P0113,2025-12-17,New Account,0.0274,9.31
COM0002299,T0002299,IL0002299,SR019,C00427,P0127,2025-09-18,Accelerator,0.0146,13.8
COM0002300,T0002300,IL0002300,SR020,C00203,P0060,2026-07-10,New Account,0.0165,9.7
COM0002301,T0002301,IL0002301,SR021,C00398,P0014,2025-08-11,Standard,0.052,4.88
COM0002302,T0002302,IL0002302,SR022,C00334,P0110,2025-02-17,Standard,0.0377,66.84
COM0002303,T0002303,IL0002303,SR023,C00310,P0046,2026-09-18,Accelerator,0.0123,15.71
COM0002304,T0002304,IL0002304,SR024,C00035,P0053,2025-03-07,New Account,0.0451,28.07
COM0002305,T0002305,IL0002305,SR025,C00362,P0047,2025-01-12,Accelerator,0.0273,12.72
COM0002306,T0002306,IL0002306,SR026,C00416,P0016,2025-08-24,Standard,0.0223,7.1
COM0002307,T0002307,IL0002307,SR027,C00149,P0069,2025-11-14,Standard,0.0379,49.12
COM0002308,T0002308,IL0002308,SR028,C00414,P0095,2025-09-08,New Account,0.029,24.1
COM0002309,T0002309,IL0002309,SR029,C00214,P0071,2025-12-11,Accelerator,0.0357,37.91
COM0002310,T0002310,IL0002310,SR030,C00164,P0080,2025-02-09,Accelerator,0.011,14.39
COM0002311,T0002311,IL0002311,SR031,C00342,P0019,2025-03-19,Accelerator,0.042,17.04
COM0002312,T0002312,IL0002312,SR032,C00124,P0123,2025-06-28,New Account,0.059,56.2
COM0002313,T0002313,IL0002313,SR033,C00197,P0024,2026-07-05,Standard,0.0269,5.61
COM0002314,T0002314,IL0002314,SR034,C00402,P0079,2025-08-25,New Account,0.0592,60.67
COM0002315,T0002315,IL0002315,SR035,C00098,P0052,2026-02-24,Accelerator,0.0261,43.95
COM0002316,T0002316,IL0002316,SR036,C00224,P0066,2026-01-26,Standard,0.0434,54.63
COM0002317,T0002317,IL0002317,SR037,C00484,P0035,2026-09-28,Accelerator,0.0331,22.5
COM0002318,T0002318,IL0002318,SR038,C00325,P0134,2026-07-27,Standard,0.0499,60.85
COM0002319,T0002319,IL0002319,SR039,C00448,P0109,2026-09-12,Accelerator,0.0237,10.73
COM0002320,T0002320,IL0002320,SR040,C00268,P0052,2026-07-17,New Account,0.022,3.91
COM0002321,T0002321,IL0002321,SR001,C00379,P0103,2025-10-19,Accelerator,0.0201,54.05
COM0002322,T0002322,IL0002322,SR002,C00359,P0006,2026-04-14,Accelerator,0.0532,2.38
COM0002323,T0002323,IL0002323,SR003,C00408,P0115,2025-09-24,New Account,0.0239,17.72
COM0002324,T0002324,IL0002324,SR004,C00217,P0006,2026-06-02,Accelerator,0.0216,23.66
COM0002325,T0002325,IL0002325,SR005,C00313,P0112,2026-01-12,New Account,0.0276,27.92
COM0002326,T0002326,IL0002326,SR006,C00210,P0148,2026-02-23,Standard,0.0203,20.96
COM0002327,T0002327,IL0002327,SR007,C00242,P0138,2025-03-15,Accelerator,0.0178,14.55
COM0002328,T0002328,IL0002328,SR008,C00440,P0062,2026-11-30,Standard,0.0192,28.87
COM0002329,T0002329,IL0002329,SR009,C00323,P0106,2025-03-15,Accelerator,0.0444,83.26
COM0002330,T0002330,IL0002330,SR010,C00263,P0090,2025-11-27,New Account,0.0127,1.19
COM0002331,T0002331,IL0002331,SR011,C00044,P0054,2025-12-08,Accelerator,0.018,19.32
COM0002332,T0002332,IL0002332,SR012,C00389,P0122,2026-01-21,Accelerator,0.0196,10.36
COM0002333,T0002333,IL0002333,SR013,C00322,P0067,2025-08-05,Standard,0.0546,120.99
COM0002334,T0002334,IL0002334,SR014,C00114,P0095,2025-07-20,New Account,0.0418,14.29
COM0002335,T0002335,IL0002335,SR015,C00144,P0092,2025-11-05,Accelerator,0.0562,132.9
COM0002336,T0002336,IL0002336,SR016,C00022,P0131,2026-12-15,Accelerator,0.0565,156.14
COM0002337,T0002337,IL0002337,SR017,C00351,P0074,2025-10-07,Accelerator,0.0536,70.35
COM0002338,T0002338,IL0002338,SR018,C00493,P0062,2025-01-29,New Account,0.0459,48.89
COM0002339,T0002339,IL0002339,SR019,C00182,P0021,2026-04-24,Standard,0.064,62.99
COM0002340,T0002340,IL0002340,SR020,C00302,P0015,2026-09-29,Standard,0.0639,11.03
COM0002341,T0002341,IL0002341,SR021,C00370,P0068,2025-10-25,Accelerator,0.0574,40.43
COM0002342,T0002342,IL0002342,SR022,C00443,P0034,2025-07-25,Standard,0.0291,63.47
COM0002343,T0002343,IL0002343,SR023,C00438,P0147,2025-01-30,Accelerator,0.0103,0.5
COM0002344,T0002344,IL0002344,SR024,C00353,P0129,2026-09-07,New Account,0.0448,82.7
COM0002345,T0002345,IL0002345,SR025,C00404,P0071,2026-04-04,Standard,0.0512,15.52
COM0002346,T0002346,IL0002346,SR026,C00250,P0001,2026-06-08,Standard,0.0362,68.34
COM0002347,T0002347,IL0002347,SR027,C00009,P0096,2026-09-21,Standard,0.0379,33.19
COM0002348,T0002348,IL0002348,SR028,C00120,P0060,2026-12-20,Standard,0.0138,8.55
COM0002349,T0002349,IL0002349,SR029,C00320,P0137,2025-09-05,New Account,0.0242,23.82
COM0002350,T0002350,IL0002350,SR030,C00249,P0079,2025-11-12,Accelerator,0.0189,6.78
COM0002351,T0002351,IL0002351,SR031,C00443,P0078,2025-11-03,Standard,0.014,0.14
COM0002352,T0002352,IL0002352,SR032,C00401,P0130,2025-08-20,New Account,0.0416,41.38
COM0002353,T0002353,IL0002353,SR033,C00246,P0078,2026-05-24,New Account,0.0493,8.4
COM0002354,T0002354,IL0002354,SR034,C00137,P0108,2025-07-20,New Account,0.0433,103.15
COM0002355,T0002355,IL0002355,SR035,C00251,P0141,2025-05-02,Accelerator,0.0515,34.48
COM0002356,T0002356,IL0002356,SR036,C00470,P0044,2025-03-19,Standard,0.0124,8.66
COM0002357,T0002357,IL0002357,SR037,C00111,P0138,2025-07-02,Accelerator,0.0608,20.71
COM0002358,T0002358,IL0002358,SR038,C00101,P0137,2025-02-26,Standard,0.0326,42.69
COM0002359,T0002359,IL0002359,SR039,C00312,P0095,2026-12-07,Accelerator,0.0259,52.37
COM0002360,T0002360,IL0002360,SR040,C00161,P0040,2026-06-12,Accelerator,0.0477,16.42
COM0002361,T0002361,IL0002361,SR001,C00186,P0051,2025-12-31,Accelerator,0.0569,7.96
COM0002362,T0002362,IL0002362,SR002,C00052,P0013,2026-12-31,Standard,0.0543,48.51
COM0002363,T0002363,IL0002363,SR003,C00384,P0079,2025-09-01,New Account,0.0135,3.77
COM0002364,T0002364,IL0002364,SR004,C00137,P0088,2026-09-05,Standard,0.0581,8.11
COM0002365,T0002365,IL0002365,SR005,C00384,P0098,2026-12-13,New Account,0.0418,1.65
COM0002366,T0002366,IL0002366,SR006,C00069,P0032,2025-09-14,New Account,0.0437,23.84
COM0002367,T0002367,IL0002367,SR007,C00206,P0044,2026-10-16,New Account,0.0136,32.62
COM0002368,T0002368,IL0002368,SR008,C00382,P0001,2025-03-30,Standard,0.0236,27.73
COM0002369,T0002369,IL0002369,SR009,C00283,P0117,2025-05-16,New Account,0.0199,4.89
COM0002370,T0002370,IL0002370,SR010,C00377,P0033,2026-05-21,Standard,0.0535,31.96
COM0002371,T0002371,IL0002371,SR011,C00170,P0132,2025-02-15,New Account,0.0449,31.11
COM0002372,T0002372,IL0002372,SR012,C00135,P0004,2025-07-06,Standard,0.0131,20.63
COM0002373,T0002373,IL0002373,SR013,C00368,P0149,2025-02-12,New Account,0.0377,44.97
COM0002374,T0002374,IL0002374,SR014,C00019,P0025,2025-07-29,Standard,0.0239,28.81
COM0002375,T0002375,IL0002375,SR015,C00373,P0098,2026-03-30,Accelerator,0.0159,24.25
COM0002376,T0002376,IL0002376,SR016,C00332,P0033,2026-03-03,New Account,0.0318,3.92
COM0002377,T0002377,IL0002377,SR017,C00142,P0115,2026-08-27,Accelerator,0.052,111.91
COM0002378,T0002378,IL0002378,SR018,C00301,P0083,2026-06-18,Accelerator,0.0538,37.01
COM0002379,T0002379,IL0002379,SR019,C00375,P0013,2026-07-31,New Account,0.0238,11.19
COM0002380,T0002380,IL0002380,SR020,C00029,P0145,2026-10-17,New Account,0.0406,8.51
COM0002381,T0002381,IL0002381,SR021,C00271,P0106,2026-10-04,Standard,0.0371,56.94
COM0002382,T0002382,IL0002382,SR022,C00270,P0043,2025-06-12,Accelerator,0.0186,0.52
COM0002383,T0002383,IL0002383,SR023,C00219,P0138,2025-12-18,Standard,0.0489,61.91
COM0002384,T0002384,IL0002384,SR024,C00246,P0069,2025-08-13,Accelerator,0.0328,38.46
COM0002385,T0002385,IL0002385,SR025,C00460,P0089,2025-11-27,New Account,0.0493,39.4
COM0002386,T0002386,IL0002386,SR026,C00362,P0075,2025-03-07,Accelerator,0.0201,29.13
COM0002387,T0002387,IL0002387,SR027,C00317,P0127,2026-09-24,Standard,0.0414,21.93
COM0002388,T0002388,IL0002388,SR028,C00455,P0029,2025-11-15,New Account,0.0125,13.16
COM0002389,T0002389,IL0002389,SR029,C00378,P0130,2025-12-26,Accelerator,0.0436,13.84
COM0002390,T0002390,IL0002390,SR030,C00080,P0045,2026-10-17,New Account,0.033,4.84
COM0002391,T0002391,IL0002391,SR031,C00211,P0142,2026-01-26,Accelerator,0.0644,127.65
COM0002392,T0002392,IL0002392,SR032,C00141,P0003,2025-02-04,Standard,0.0336,33.61
COM0002393,T0002393,IL0002393,SR033,C00205,P0103,2026-06-24,Accelerator,0.0166,9.1
COM0002394,T0002394,IL0002394,SR034,C00315,P0112,2025-02-11,Standard,0.0168,22.13
COM0002395,T0002395,IL0002395,SR035,C00203,P0077,2025-07-31,Standard,0.0637,24.82
COM0002396,T0002396,IL0002396,SR036,C00079,P0129,2026-12-01,Standard,0.0567,3.35
COM0002397,T0002397,IL0002397,SR037,C00112,P0143,2026-11-04,Standard,0.0101,0.9
COM0002398,T0002398,IL0002398,SR038,C00112,P0095,2025-09-24,New Account,0.0274,49.85
COM0002399,T0002399,IL0002399,SR039,C00426,P0088,2026-05-08,Accelerator,0.015,32.15
COM0002400,T0002400,IL0002400,SR040,C00353,P0071,2026-11-25,New Account,0.0629,27.62
COM0002401,T0002401,IL0002401,SR001,C00267,P0063,2025-07-02,Standard,0.0287,36.35
COM0002402,T0002402,IL0002402,SR002,C00010,P0093,2026-05-08,New Account,0.0441,57.14
COM0002403,T0002403,IL0002403,SR003,C00242,P0127,2026-07-04,Accelerator,0.0432,67.71
COM0002404,T0002404,IL0002404,SR004,C00250,P0104,2025-02-25,Standard,0.0334,48.24
COM0002405,T0002405,IL0002405,SR005,C00487,P0086,2025-05-07,New Account,0.0157,19.37
COM0002406,T0002406,IL0002406,SR006,C00356,P0138,2025-09-26,Accelerator,0.0303,4.84
COM0002407,T0002407,IL0002407,SR007,C00495,P0125,2026-10-26,Standard,0.051,12.18
COM0002408,T0002408,IL0002408,SR008,C00275,P0094,2025-05-29,New Account,0.0246,26.67
COM0002409,T0002409,IL0002409,SR009,C00427,P0125,2025-11-05,Standard,0.0588,25.56
COM0002410,T0002410,IL0002410,SR010,C00061,P0050,2026-10-18,New Account,0.0198,4.94
COM0002411,T0002411,IL0002411,SR011,C00129,P0103,2025-04-15,New Account,0.0582,96.71
COM0002412,T0002412,IL0002412,SR012,C00126,P0075,2026-12-12,New Account,0.0399,50.15
COM0002413,T0002413,IL0002413,SR013,C00019,P0032,2026-02-17,Standard,0.0608,2.4
COM0002414,T0002414,IL0002414,SR014,C00389,P0027,2025-02-10,Standard,0.0288,5.82
COM0002415,T0002415,IL0002415,SR015,C00484,P0136,2025-07-02,New Account,0.0587,73.69
COM0002416,T0002416,IL0002416,SR016,C00282,P0150,2026-11-12,Accelerator,0.0489,51.97
COM0002417,T0002417,IL0002417,SR017,C00361,P0135,2025-12-31,New Account,0.0302,7.45
COM0002418,T0002418,IL0002418,SR018,C00411,P0089,2025-08-25,Accelerator,0.0562,41.09
COM0002419,T0002419,IL0002419,SR019,C00500,P0059,2025-11-14,Accelerator,0.0486,88.82
COM0002420,T0002420,IL0002420,SR020,C00487,P0069,2025-03-06,Accelerator,0.0524,1.79
COM0002421,T0002421,IL0002421,SR021,C00412,P0094,2025-08-22,Standard,0.0462,56.93
COM0002422,T0002422,IL0002422,SR022,C00213,P0061,2026-11-17,Standard,0.0483,50.57
COM0002423,T0002423,IL0002423,SR023,C00046,P0033,2025-04-17,Accelerator,0.0267,24.11
COM0002424,T0002424,IL0002424,SR024,C00300,P0126,2025-04-21,Standard,0.0265,69.07
COM0002425,T0002425,IL0002425,SR025,C00494,P0068,2026-04-08,New Account,0.0343,63.35
COM0002426,T0002426,IL0002426,SR026,C00050,P0137,2026-06-18,Standard,0.0219,2.65
COM0002427,T0002427,IL0002427,SR027,C00330,P0139,2026-10-26,Standard,0.0412,22.44
COM0002428,T0002428,IL0002428,SR028,C00481,P0021,2026-05-24,Accelerator,0.0137,20.56
COM0002429,T0002429,IL0002429,SR029,C00461,P0025,2025-03-03,Standard,0.0577,28.0
COM0002430,T0002430,IL0002430,SR030,C00240,P0124,2025-10-26,New Account,0.0201,4.72
COM0002431,T0002431,IL0002431,SR031,C00380,P0096,2025-05-28,New Account,0.0535,62.67
COM0002432,T0002432,IL0002432,SR032,C00280,P0135,2025-10-16,New Account,0.0477,61.06
COM0002433,T0002433,IL0002433,SR033,C00083,P0100,2026-11-19,Accelerator,0.0121,18.42
COM0002434,T0002434,IL0002434,SR034,C00386,P0060,2026-12-03,Standard,0.0381,2.1
COM0002435,T0002435,IL0002435,SR035,C00008,P0059,2026-10-23,Accelerator,0.0631,16.87
COM0002436,T0002436,IL0002436,SR036,C00287,P0147,2026-01-18,New Account,0.0461,20.34
COM0002437,T0002437,IL0002437,SR037,C00473,P0064,2025-12-07,New Account,0.0553,51.11
COM0002438,T0002438,IL0002438,SR038,C00058,P0109,2025-06-28,Accelerator,0.0438,4.07
COM0002439,T0002439,IL0002439,SR039,C00102,P0095,2025-08-26,Standard,0.0502,47.39
COM0002440,T0002440,IL0002440,SR040,C00454,P0084,2025-09-03,Standard,0.0504,46.2
COM0002441,T0002441,IL0002441,SR001,C00377,P0021,2025-06-16,Standard,0.012,2.97
COM0002442,T0002442,IL0002442,SR002,C00299,P0124,2026-10-13,Standard,0.0256,5.99
COM0002443,T0002443,IL0002443,SR003,C00359,P0007,2026-05-13,Accelerator,0.0355,2.63
COM0002444,T0002444,IL0002444,SR004,C00196,P0002,2026-12-17,Accelerator,0.0338,17.37
COM0002445,T0002445,IL0002445,SR005,C00198,P0144,2026-04-04,New Account,0.0381,19.35
COM0002446,T0002446,IL0002446,SR006,C00144,P0058,2026-02-02,Accelerator,0.0531,87.69
COM0002447,T0002447,IL0002447,SR007,C00432,P0021,2025-08-27,New Account,0.054,7.63
COM0002448,T0002448,IL0002448,SR008,C00459,P0068,2026-05-27,New Account,0.029,15.18
COM0002449,T0002449,IL0002449,SR009,C00372,P0056,2026-03-26,New Account,0.0146,6.69
COM0002450,T0002450,IL0002450,SR010,C00457,P0093,2026-08-21,Standard,0.0205,28.69
COM0002451,T0002451,IL0002451,SR011,C00452,P0116,2025-11-11,New Account,0.0163,18.84
COM0002452,T0002452,IL0002452,SR012,C00296,P0054,2026-12-01,Standard,0.0563,55.34
COM0002453,T0002453,IL0002453,SR013,C00195,P0136,2026-12-03,Accelerator,0.0491,8.05
COM0002454,T0002454,IL0002454,SR014,C00035,P0056,2026-02-22,Standard,0.0399,27.05
COM0002455,T0002455,IL0002455,SR015,C00306,P0096,2026-03-26,New Account,0.0218,4.12
COM0002456,T0002456,IL0002456,SR016,C00451,P0114,2025-07-08,Standard,0.0554,3.12
COM0002457,T0002457,IL0002457,SR017,C00407,P0009,2026-11-08,Accelerator,0.0531,151.7
COM0002458,T0002458,IL0002458,SR018,C00404,P0037,2025-02-23,Standard,0.0331,12.6
COM0002459,T0002459,IL0002459,SR019,C00290,P0067,2026-01-22,Accelerator,0.065,1.09
COM0002460,T0002460,IL0002460,SR020,C00157,P0024,2026-09-06,Standard,0.0269,29.01
COM0002461,T0002461,IL0002461,SR021,C00173,P0074,2026-07-24,New Account,0.0226,47.33
COM0002462,T0002462,IL0002462,SR022,C00132,P0043,2025-01-11,New Account,0.0218,39.33
COM0002463,T0002463,IL0002463,SR023,C00497,P0034,2025-11-06,New Account,0.0144,20.69
COM0002464,T0002464,IL0002464,SR024,C00015,P0047,2026-02-11,Accelerator,0.0298,26.7
COM0002465,T0002465,IL0002465,SR025,C00319,P0084,2025-04-06,New Account,0.0107,21.14
COM0002466,T0002466,IL0002466,SR026,C00398,P0124,2026-06-22,New Account,0.0147,21.13
COM0002467,T0002467,IL0002467,SR027,C00089,P0148,2026-02-23,New Account,0.0517,123.29
COM0002468,T0002468,IL0002468,SR028,C00260,P0002,2026-07-25,Accelerator,0.0342,0.15
COM0002469,T0002469,IL0002469,SR029,C00076,P0041,2025-01-22,New Account,0.0351,11.77
COM0002470,T0002470,IL0002470,SR030,C00338,P0018,2025-05-21,Standard,0.0501,33.3
COM0002471,T0002471,IL0002471,SR031,C00349,P0147,2026-11-29,Standard,0.0404,17.03
COM0002472,T0002472,IL0002472,SR032,C00377,P0139,2025-10-27,Accelerator,0.0221,1.81
COM0002473,T0002473,IL0002473,SR033,C00363,P0003,2026-07-02,Accelerator,0.0215,4.66
COM0002474,T0002474,IL0002474,SR034,C00380,P0137,2025-10-02,Standard,0.0625,122.49
COM0002475,T0002475,IL0002475,SR035,C00434,P0124,2026-09-16,Accelerator,0.0578,6.83
COM0002476,T0002476,IL0002476,SR036,C00065,P0061,2025-12-28,New Account,0.0156,13.14
COM0002477,T0002477,IL0002477,SR037,C00259,P0042,2025-12-15,Standard,0.0136,2.89
COM0002478,T0002478,IL0002478,SR038,C00411,P0114,2025-08-05,Standard,0.0292,27.08
COM0002479,T0002479,IL0002479,SR039,C00406,P0080,2025-04-24,New Account,0.0311,30.49
COM0002480,T0002480,IL0002480,SR040,C00122,P0018,2026-07-13,Standard,0.0362,37.2
COM0002481,T0002481,IL0002481,SR001,C00363,P0119,2026-03-21,Standard,0.0429,38.34
COM0002482,T0002482,IL0002482,SR002,C00266,P0127,2026-04-19,Standard,0.062,52.91
COM0002483,T0002483,IL0002483,SR003,C00332,P0012,2026-11-24,Standard,0.0332,10.55
COM0002484,T0002484,IL0002484,SR004,C00443,P0108,2026-08-19,New Account,0.0477,6.99
COM0002485,T0002485,IL0002485,SR005,C00148,P0043,2025-05-11,New Account,0.0502,71.31
COM0002486,T0002486,IL0002486,SR006,C00401,P0060,2026-02-27,Standard,0.0523,18.68
COM0002487,T0002487,IL0002487,SR007,C00056,P0030,2025-09-05,Accelerator,0.0284,24.92
COM0002488,T0002488,IL0002488,SR008,C00450,P0003,2025-01-14,New Account,0.0327,27.78
COM0002489,T0002489,IL0002489,SR009,C00411,P0079,2026-04-05,Standard,0.0254,12.83
COM0002490,T0002490,IL0002490,SR010,C00467,P0124,2026-03-02,New Account,0.0615,28.26
COM0002491,T0002491,IL0002491,SR011,C00239,P0061,2025-11-05,New Account,0.0217,2.79
COM0002492,T0002492,IL0002492,SR012,C00154,P0117,2026-03-19,Accelerator,0.0489,16.59
COM0002493,T0002493,IL0002493,SR013,C00134,P0014,2025-11-22,Standard,0.0409,27.63
COM0002494,T0002494,IL0002494,SR014,C00487,P0094,2026-03-30,New Account,0.048,41.04
COM0002495,T0002495,IL0002495,SR015,C00379,P0047,2025-08-06,Standard,0.0355,18.63
COM0002496,T0002496,IL0002496,SR016,C00127,P0006,2025-08-15,Standard,0.0606,24.74
COM0002497,T0002497,IL0002497,SR017,C00433,P0046,2025-04-14,Standard,0.053,63.4
COM0002498,T0002498,IL0002498,SR018,C00124,P0059,2025-02-26,Accelerator,0.0558,5.79
COM0002499,T0002499,IL0002499,SR019,C00046,P0094,2026-12-27,New Account,0.0279,26.71
COM0002500,T0002500,IL0002500,SR020,C00078,P0077,2025-06-05,Accelerator,0.0482,37.86
COM0002501,T0002501,IL0002501,SR021,C00411,P0010,2026-06-07,Standard,0.0616,24.29
COM0002502,T0002502,IL0002502,SR022,C00374,P0080,2025-08-17,Accelerator,0.0566,67.25
COM0002503,T0002503,IL0002503,SR023,C00184,P0128,2025-11-18,Accelerator,0.0447,44.54
COM0002504,T0002504,IL0002504,SR024,C00062,P0106,2026-03-17,New Account,0.0587,16.37
COM0002505,T0002505,IL0002505,SR025,C00235,P0112,2025-01-01,Accelerator,0.0409,7.42
COM0002506,T0002506,IL0002506,SR026,C00305,P0115,2026-03-07,Accelerator,0.0368,5.7
COM0002507,T0002507,IL0002507,SR027,C00020,P0028,2026-08-31,New Account,0.024,9.79
COM0002508,T0002508,IL0002508,SR028,C00269,P0129,2026-06-10,Standard,0.0467,14.86
COM0002509,T0002509,IL0002509,SR029,C00268,P0030,2026-07-23,Standard,0.0362,51.25
COM0002510,T0002510,IL0002510,SR030,C00180,P0010,2025-02-16,Accelerator,0.042,32.65
COM0002511,T0002511,IL0002511,SR031,C00487,P0040,2026-05-06,Accelerator,0.0299,21.58
COM0002512,T0002512,IL0002512,SR032,C00099,P0118,2026-10-10,New Account,0.0149,13.75
COM0002513,T0002513,IL0002513,SR033,C00394,P0103,2025-02-20,Accelerator,0.0109,25.01
COM0002514,T0002514,IL0002514,SR034,C00312,P0141,2025-10-18,Accelerator,0.0376,43.81
COM0002515,T0002515,IL0002515,SR035,C00231,P0096,2026-03-04,New Account,0.0154,18.12
COM0002516,T0002516,IL0002516,SR036,C00421,P0103,2026-01-10,Accelerator,0.0156,7.36
COM0002517,T0002517,IL0002517,SR037,C00369,P0009,2025-01-17,Accelerator,0.0218,21.6
COM0002518,T0002518,IL0002518,SR038,C00407,P0062,2026-05-09,Standard,0.0576,10.31
COM0002519,T0002519,IL0002519,SR039,C00281,P0124,2025-10-17,Accelerator,0.0444,3.71
COM0002520,T0002520,IL0002520,SR040,C00337,P0015,2025-01-25,Accelerator,0.0581,59.83
COM0002521,T0002521,IL0002521,SR001,C00291,P0127,2025-08-02,Accelerator,0.0213,15.42
COM0002522,T0002522,IL0002522,SR002,C00128,P0135,2025-10-16,New Account,0.0609,1.9
COM0002523,T0002523,IL0002523,SR003,C00252,P0072,2025-01-19,Standard,0.0642,150.92
COM0002524,T0002524,IL0002524,SR004,C00255,P0050,2026-09-27,New Account,0.0539,16.61
COM0002525,T0002525,IL0002525,SR005,C00085,P0033,2025-01-05,Standard,0.0585,2.41
COM0002526,T0002526,IL0002526,SR006,C00095,P0093,2025-04-15,New Account,0.0297,32.59
COM0002527,T0002527,IL0002527,SR007,C00452,P0004,2026-06-04,Accelerator,0.0388,7.0
COM0002528,T0002528,IL0002528,SR008,C00284,P0076,2026-06-24,New Account,0.057,102.32
COM0002529,T0002529,IL0002529,SR009,C00166,P0142,2026-09-19,Standard,0.0589,35.51
COM0002530,T0002530,IL0002530,SR010,C00098,P0019,2026-02-07,Standard,0.0155,11.6
COM0002531,T0002531,IL0002531,SR011,C00017,P0040,2026-06-30,Accelerator,0.0591,75.86
COM0002532,T0002532,IL0002532,SR012,C00197,P0022,2025-01-07,New Account,0.0579,41.01
COM0002533,T0002533,IL0002533,SR013,C00412,P0033,2026-08-18,New Account,0.014,27.93
COM0002534,T0002534,IL0002534,SR014,C00149,P0017,2025-08-05,Accelerator,0.0456,17.86
COM0002535,T0002535,IL0002535,SR015,C00325,P0027,2026-07-30,Standard,0.0129,0.94
COM0002536,T0002536,IL0002536,SR016,C00343,P0001,2026-08-25,Standard,0.0319,26.21
COM0002537,T0002537,IL0002537,SR017,C00233,P0026,2026-01-31,Accelerator,0.0568,83.38
COM0002538,T0002538,IL0002538,SR018,C00162,P0122,2025-10-06,Standard,0.0103,4.22
COM0002539,T0002539,IL0002539,SR019,C00440,P0116,2025-08-08,New Account,0.0349,30.44
COM0002540,T0002540,IL0002540,SR020,C00363,P0059,2025-04-20,Standard,0.0607,13.55
COM0002541,T0002541,IL0002541,SR021,C00389,P0116,2026-03-13,New Account,0.0138,16.87
COM0002542,T0002542,IL0002542,SR022,C00042,P0007,2025-02-07,New Account,0.0569,86.06
COM0002543,T0002543,IL0002543,SR023,C00032,P0072,2025-01-22,Accelerator,0.0289,43.2
COM0002544,T0002544,IL0002544,SR024,C00303,P0070,2026-06-16,Standard,0.0201,15.59
COM0002545,T0002545,IL0002545,SR025,C00409,P0120,2026-04-12,New Account,0.0137,2.61
COM0002546,T0002546,IL0002546,SR026,C00415,P0052,2025-07-22,Standard,0.0173,24.28
COM0002547,T0002547,IL0002547,SR027,C00143,P0007,2025-02-07,Standard,0.011,1.8
COM0002548,T0002548,IL0002548,SR028,C00119,P0060,2025-08-21,New Account,0.0507,53.71
COM0002549,T0002549,IL0002549,SR029,C00246,P0007,2025-04-22,Standard,0.0484,23.07
COM0002550,T0002550,IL0002550,SR030,C00197,P0104,2025-07-04,Accelerator,0.0381,32.04
COM0002551,T0002551,IL0002551,SR031,C00111,P0146,2026-04-11,Accelerator,0.0527,88.8
COM0002552,T0002552,IL0002552,SR032,C00422,P0090,2026-07-28,Standard,0.0149,25.73
COM0002553,T0002553,IL0002553,SR033,C00340,P0024,2026-04-10,Standard,0.0455,19.45
COM0002554,T0002554,IL0002554,SR034,C00226,P0009,2026-02-04,Accelerator,0.0619,1.46
COM0002555,T0002555,IL0002555,SR035,C00199,P0035,2025-05-05,Standard,0.0546,3.73
COM0002556,T0002556,IL0002556,SR036,C00107,P0137,2026-02-15,New Account,0.0363,6.45
COM0002557,T0002557,IL0002557,SR037,C00307,P0061,2025-08-25,New Account,0.0156,5.69
COM0002558,T0002558,IL0002558,SR038,C00186,P0083,2025-06-04,Accelerator,0.0476,5.4
COM0002559,T0002559,IL0002559,SR039,C00342,P0015,2025-04-24,Accelerator,0.0381,31.58
COM0002560,T0002560,IL0002560,SR040,C00321,P0132,2026-10-01,New Account,0.0196,14.1
COM0002561,T0002561,IL0002561,SR001,C00438,P0078,2026-06-28,Standard,0.0296,57.08
COM0002562,T0002562,IL0002562,SR002,C00101,P0056,2025-05-11,New Account,0.0234,2.71
COM0002563,T0002563,IL0002563,SR003,C00212,P0093,2026-10-06,Standard,0.0563,16.8
COM0002564,T0002564,IL0002564,SR004,C00110,P0021,2026-02-25,Standard,0.0168,31.76
COM0002565,T0002565,IL0002565,SR005,C00098,P0106,2025-06-09,New Account,0.0119,5.58
COM0002566,T0002566,IL0002566,SR006,C00434,P0119,2026-02-28,Accelerator,0.039,4.59
COM0002567,T0002567,IL0002567,SR007,C00176,P0036,2025-07-03,Standard,0.0495,35.84
COM0002568,T0002568,IL0002568,SR008,C00299,P0067,2026-04-18,New Account,0.0473,52.01
COM0002569,T0002569,IL0002569,SR009,C00351,P0134,2025-11-05,New Account,0.036,38.74
COM0002570,T0002570,IL0002570,SR010,C00039,P0080,2025-04-29,New Account,0.0437,5.77
COM0002571,T0002571,IL0002571,SR011,C00163,P0090,2025-12-08,Standard,0.062,15.46
COM0002572,T0002572,IL0002572,SR012,C00473,P0092,2025-06-25,Standard,0.0388,15.81
COM0002573,T0002573,IL0002573,SR013,C00454,P0102,2025-07-02,Standard,0.0409,1.72
COM0002574,T0002574,IL0002574,SR014,C00318,P0146,2026-11-05,Standard,0.0349,65.2
COM0002575,T0002575,IL0002575,SR015,C00162,P0089,2026-08-16,Standard,0.0225,65.77
COM0002576,T0002576,IL0002576,SR016,C00201,P0117,2025-08-10,Standard,0.0499,44.2
COM0002577,T0002577,IL0002577,SR017,C00187,P0143,2025-06-14,Standard,0.0528,13.13
COM0002578,T0002578,IL0002578,SR018,C00359,P0038,2026-06-05,Standard,0.0356,20.01
COM0002579,T0002579,IL0002579,SR019,C00021,P0121,2025-04-24,Accelerator,0.0555,42.07
COM0002580,T0002580,IL0002580,SR020,C00077,P0048,2025-12-24,Standard,0.0202,10.49
COM0002581,T0002581,IL0002581,SR021,C00036,P0112,2026-11-21,Accelerator,0.024,40.14
COM0002582,T0002582,IL0002582,SR022,C00181,P0085,2025-12-02,Standard,0.0348,0.37
COM0002583,T0002583,IL0002583,SR023,C00066,P0033,2026-12-29,New Account,0.0167,4.5
COM0002584,T0002584,IL0002584,SR024,C00382,P0136,2025-06-07,New Account,0.0534,1.65
COM0002585,T0002585,IL0002585,SR025,C00414,P0053,2025-12-05,Standard,0.0147,8.71
COM0002586,T0002586,IL0002586,SR026,C00203,P0057,2026-12-28,Accelerator,0.0642,119.12
COM0002587,T0002587,IL0002587,SR027,C00440,P0001,2025-07-31,Standard,0.0366,24.69
COM0002588,T0002588,IL0002588,SR028,C00352,P0140,2025-02-01,New Account,0.0562,75.59
COM0002589,T0002589,IL0002589,SR029,C00485,P0106,2026-08-18,New Account,0.0388,7.66
COM0002590,T0002590,IL0002590,SR030,C00316,P0147,2026-02-22,Standard,0.0558,22.73
COM0002591,T0002591,IL0002591,SR031,C00084,P0035,2026-12-15,New Account,0.0153,1.56
COM0002592,T0002592,IL0002592,SR032,C00379,P0015,2025-10-05,New Account,0.049,133.11
COM0002593,T0002593,IL0002593,SR033,C00060,P0085,2025-03-31,New Account,0.0102,6.45
COM0002594,T0002594,IL0002594,SR034,C00114,P0022,2025-02-11,Standard,0.0213,19.89
COM0002595,T0002595,IL0002595,SR035,C00004,P0121,2026-06-04,Accelerator,0.0577,78.9
COM0002596,T0002596,IL0002596,SR036,C00189,P0085,2025-08-14,Standard,0.0381,48.54
COM0002597,T0002597,IL0002597,SR037,C00311,P0023,2026-09-06,Standard,0.0223,17.91
COM0002598,T0002598,IL0002598,SR038,C00227,P0065,2025-05-27,New Account,0.0201,1.72
COM0002599,T0002599,IL0002599,SR039,C00409,P0028,2025-02-09,Accelerator,0.0377,7.97
COM0002600,T0002600,IL0002600,SR040,C00101,P0070,2026-06-11,Standard,0.0445,77.53
COM0002601,T0002601,IL0002601,SR001,C00352,P0127,2025-01-08,Accelerator,0.0441,81.88
COM0002602,T0002602,IL0002602,SR002,C00065,P0120,2026-09-01,Standard,0.0397,46.4
COM0002603,T0002603,IL0002603,SR003,C00452,P0133,2026-07-08,Accelerator,0.0279,11.88
COM0002604,T0002604,IL0002604,SR004,C00396,P0067,2026-07-14,New Account,0.0337,51.54
COM0002605,T0002605,IL0002605,SR005,C00301,P0073,2026-05-24,New Account,0.0516,66.74
COM0002606,T0002606,IL0002606,SR006,C00232,P0104,2025-02-14,Accelerator,0.0299,21.51
COM0002607,T0002607,IL0002607,SR007,C00291,P0028,2025-12-30,Accelerator,0.04,7.23
COM0002608,T0002608,IL0002608,SR008,C00489,P0146,2025-12-04,New Account,0.052,106.16
COM0002609,T0002609,IL0002609,SR009,C00473,P0128,2025-08-17,New Account,0.0141,21.55
COM0002610,T0002610,IL0002610,SR010,C00020,P0126,2026-11-25,Standard,0.0455,14.86
COM0002611,T0002611,IL0002611,SR011,C00327,P0050,2026-12-04,New Account,0.055,6.43
COM0002612,T0002612,IL0002612,SR012,C00257,P0083,2026-12-30,Accelerator,0.0105,0.29
COM0002613,T0002613,IL0002613,SR013,C00373,P0048,2025-02-14,Standard,0.0508,18.13
COM0002614,T0002614,IL0002614,SR014,C00356,P0085,2025-11-18,Standard,0.0111,11.76
COM0002615,T0002615,IL0002615,SR015,C00039,P0075,2026-05-14,New Account,0.0156,24.94
COM0002616,T0002616,IL0002616,SR016,C00019,P0011,2025-06-02,Accelerator,0.0324,11.26
COM0002617,T0002617,IL0002617,SR017,C00410,P0101,2026-04-27,New Account,0.0597,8.67
COM0002618,T0002618,IL0002618,SR018,C00432,P0108,2025-01-15,Standard,0.041,3.59
COM0002619,T0002619,IL0002619,SR019,C00364,P0007,2026-11-03,Accelerator,0.0279,20.01
COM0002620,T0002620,IL0002620,SR020,C00298,P0086,2025-12-15,Standard,0.0423,31.02
COM0002621,T0002621,IL0002621,SR021,C00160,P0056,2026-11-20,New Account,0.0333,12.48
COM0002622,T0002622,IL0002622,SR022,C00267,P0046,2025-01-30,Standard,0.0321,40.05
COM0002623,T0002623,IL0002623,SR023,C00095,P0048,2025-01-18,New Account,0.0436,9.62
COM0002624,T0002624,IL0002624,SR024,C00481,P0119,2026-10-21,New Account,0.0451,17.16
COM0002625,T0002625,IL0002625,SR025,C00235,P0112,2025-02-03,Standard,0.013,28.87
COM0002626,T0002626,IL0002626,SR026,C00419,P0060,2026-12-04,Accelerator,0.0561,17.94
COM0002627,T0002627,IL0002627,SR027,C00013,P0123,2025-08-18,New Account,0.0229,4.39
COM0002628,T0002628,IL0002628,SR028,C00228,P0072,2026-04-20,Standard,0.0561,114.51
COM0002629,T0002629,IL0002629,SR029,C00457,P0141,2025-06-20,Standard,0.0384,6.33
COM0002630,T0002630,IL0002630,SR030,C00216,P0148,2025-06-21,Accelerator,0.0236,6.89
COM0002631,T0002631,IL0002631,SR031,C00210,P0004,2026-05-18,New Account,0.0436,79.0
COM0002632,T0002632,IL0002632,SR032,C00470,P0088,2025-09-21,Accelerator,0.0391,39.17
COM0002633,T0002633,IL0002633,SR033,C00002,P0070,2026-03-29,Accelerator,0.0493,41.66
COM0002634,T0002634,IL0002634,SR034,C00233,P0040,2026-09-14,Accelerator,0.0514,18.44
COM0002635,T0002635,IL0002635,SR035,C00363,P0097,2025-03-14,New Account,0.026,8.84
COM0002636,T0002636,IL0002636,SR036,C00374,P0102,2026-02-01,New Account,0.0414,8.47
COM0002637,T0002637,IL0002637,SR037,C00430,P0095,2026-08-15,Standard,0.0206,8.08
COM0002638,T0002638,IL0002638,SR038,C00185,P0061,2026-12-03,New Account,0.0301,6.35
COM0002639,T0002639,IL0002639,SR039,C00011,P0134,2026-07-24,Accelerator,0.0353,1.4
COM0002640,T0002640,IL0002640,SR040,C00188,P0044,2025-04-16,Standard,0.0418,56.05
COM0002641,T0002641,IL0002641,SR001,C00297,P0096,2026-07-16,Standard,0.0181,19.01
COM0002642,T0002642,IL0002642,SR002,C00475,P0147,2025-02-05,Standard,0.043,9.5
COM0002643,T0002643,IL0002643,SR003,C00077,P0090,2025-02-19,Accelerator,0.0228,35.29
COM0002644,T0002644,IL0002644,SR004,C00089,P0121,2026-11-22,New Account,0.0498,40.91
COM0002645,T0002645,IL0002645,SR005,C00165,P0116,2026-03-09,Accelerator,0.0249,30.76
COM0002646,T0002646,IL0002646,SR006,C00085,P0015,2026-10-27,Standard,0.0193,4.23
COM0002647,T0002647,IL0002647,SR007,C00048,P0049,2026-01-11,New Account,0.0316,69.39
COM0002648,T0002648,IL0002648,SR008,C00395,P0115,2026-08-11,Accelerator,0.0615,29.88
COM0002649,T0002649,IL0002649,SR009,C00414,P0118,2025-04-01,Accelerator,0.0571,12.89
COM0002650,T0002650,IL0002650,SR010,C00264,P0015,2025-02-05,Standard,0.01,10.06
COM0002651,T0002651,IL0002651,SR011,C00296,P0143,2026-09-25,Standard,0.064,18.06
COM0002652,T0002652,IL0002652,SR012,C00047,P0015,2025-04-30,New Account,0.0455,73.04
COM0002653,T0002653,IL0002653,SR013,C00373,P0083,2026-11-16,Accelerator,0.0622,65.31
COM0002654,T0002654,IL0002654,SR014,C00233,P0051,2026-11-06,New Account,0.0539,11.06
COM0002655,T0002655,IL0002655,SR015,C00340,P0035,2026-05-23,Accelerator,0.0562,88.27
COM0002656,T0002656,IL0002656,SR016,C00443,P0027,2026-07-16,Standard,0.0541,39.77
COM0002657,T0002657,IL0002657,SR017,C00157,P0099,2026-04-03,Accelerator,0.0447,17.43
COM0002658,T0002658,IL0002658,SR018,C00042,P0068,2025-07-04,Standard,0.0292,6.29
COM0002659,T0002659,IL0002659,SR019,C00217,P0115,2025-07-05,New Account,0.0556,82.31
COM0002660,T0002660,IL0002660,SR020,C00263,P0067,2025-12-04,Standard,0.0378,61.59
COM0002661,T0002661,IL0002661,SR021,C00110,P0107,2026-12-10,Accelerator,0.0338,60.66
COM0002662,T0002662,IL0002662,SR022,C00193,P0064,2025-09-15,New Account,0.0472,1.3
COM0002663,T0002663,IL0002663,SR023,C00179,P0105,2026-11-17,Standard,0.0219,8.75
COM0002664,T0002664,IL0002664,SR024,C00495,P0120,2025-03-05,Accelerator,0.029,26.11
COM0002665,T0002665,IL0002665,SR025,C00231,P0077,2025-05-14,New Account,0.0142,2.16
COM0002666,T0002666,IL0002666,SR026,C00035,P0138,2026-05-19,Accelerator,0.0391,11.76
COM0002667,T0002667,IL0002667,SR027,C00040,P0054,2026-10-03,New Account,0.062,3.26
COM0002668,T0002668,IL0002668,SR028,C00164,P0077,2025-03-21,New Account,0.0142,15.27
COM0002669,T0002669,IL0002669,SR029,C00085,P0142,2025-01-30,Accelerator,0.0108,4.24
COM0002670,T0002670,IL0002670,SR030,C00428,P0070,2025-11-20,New Account,0.0322,76.39
COM0002671,T0002671,IL0002671,SR031,C00169,P0040,2025-02-06,Accelerator,0.0443,8.2
COM0002672,T0002672,IL0002672,SR032,C00108,P0041,2025-06-21,Standard,0.0318,29.04
COM0002673,T0002673,IL0002673,SR033,C00280,P0100,2026-05-08,New Account,0.0342,73.78
COM0002674,T0002674,IL0002674,SR034,C00370,P0063,2025-01-30,Standard,0.0388,1.17
COM0002675,T0002675,IL0002675,SR035,C00209,P0047,2025-01-08,New Account,0.0442,47.06
COM0002676,T0002676,IL0002676,SR036,C00246,P0063,2026-01-13,Standard,0.0172,8.67
COM0002677,T0002677,IL0002677,SR037,C00029,P0066,2025-02-07,New Account,0.0489,23.05
COM0002678,T0002678,IL0002678,SR038,C00343,P0033,2026-10-14,Accelerator,0.0313,33.51
COM0002679,T0002679,IL0002679,SR039,C00170,P0088,2025-06-06,New Account,0.0614,86.61
COM0002680,T0002680,IL0002680,SR040,C00333,P0010,2026-04-15,New Account,0.037,3.37
COM0002681,T0002681,IL0002681,SR001,C00205,P0118,2025-10-20,Standard,0.0503,58.69
COM0002682,T0002682,IL0002682,SR002,C00475,P0068,2026-11-19,Accelerator,0.0192,39.87
COM0002683,T0002683,IL0002683,SR003,C00170,P0091,2026-09-09,New Account,0.0244,58.35
COM0002684,T0002684,IL0002684,SR004,C00299,P0072,2025-11-17,New Account,0.0303,22.53
COM0002685,T0002685,IL0002685,SR005,C00116,P0063,2025-02-18,New Account,0.0493,12.64
COM0002686,T0002686,IL0002686,SR006,C00127,P0092,2025-08-18,New Account,0.0641,121.21
COM0002687,T0002687,IL0002687,SR007,C00188,P0056,2025-04-30,Accelerator,0.0342,26.71
COM0002688,T0002688,IL0002688,SR008,C00393,P0118,2026-06-08,Accelerator,0.0596,97.83
COM0002689,T0002689,IL0002689,SR009,C00181,P0127,2025-10-30,Accelerator,0.0619,73.72
COM0002690,T0002690,IL0002690,SR010,C00199,P0035,2026-10-07,Standard,0.0573,13.19
COM0002691,T0002691,IL0002691,SR011,C00177,P0042,2026-10-02,New Account,0.0551,29.05
COM0002692,T0002692,IL0002692,SR012,C00331,P0129,2026-06-27,Standard,0.0146,2.73
COM0002693,T0002693,IL0002693,SR013,C00252,P0076,2026-01-19,Accelerator,0.0209,7.05
COM0002694,T0002694,IL0002694,SR014,C00238,P0052,2025-09-26,New Account,0.0367,80.08
COM0002695,T0002695,IL0002695,SR015,C00371,P0024,2025-06-26,New Account,0.0211,29.89
COM0002696,T0002696,IL0002696,SR016,C00428,P0006,2026-10-22,Standard,0.0368,7.2
COM0002697,T0002697,IL0002697,SR017,C00245,P0147,2025-12-29,New Account,0.0283,11.16
COM0002698,T0002698,IL0002698,SR018,C00122,P0040,2026-11-03,New Account,0.0351,27.9
COM0002699,T0002699,IL0002699,SR019,C00135,P0129,2025-08-27,Standard,0.0367,12.37
COM0002700,T0002700,IL0002700,SR020,C00045,P0048,2026-03-02,New Account,0.0631,29.68
COM0002701,T0002701,IL0002701,SR021,C00105,P0129,2026-12-26,Standard,0.0628,7.72
COM0002702,T0002702,IL0002702,SR022,C00280,P0136,2026-07-24,Accelerator,0.0587,77.88
COM0002703,T0002703,IL0002703,SR023,C00019,P0132,2026-08-28,Accelerator,0.0327,9.57
COM0002704,T0002704,IL0002704,SR024,C00120,P0111,2025-06-05,New Account,0.0423,12.92
COM0002705,T0002705,IL0002705,SR025,C00112,P0141,2026-11-02,Standard,0.0219,6.85
COM0002706,T0002706,IL0002706,SR026,C00370,P0053,2025-09-02,Accelerator,0.0124,1.34
COM0002707,T0002707,IL0002707,SR027,C00132,P0133,2025-03-20,Standard,0.0345,28.05
COM0002708,T0002708,IL0002708,SR028,C00078,P0058,2026-04-16,Standard,0.0529,86.19
COM0002709,T0002709,IL0002709,SR029,C00048,P0015,2025-03-20,Accelerator,0.0454,98.51
COM0002710,T0002710,IL0002710,SR030,C00218,P0103,2025-03-03,Standard,0.0415,0.46
COM0002711,T0002711,IL0002711,SR031,C00126,P0036,2026-09-12,Accelerator,0.0628,55.09
COM0002712,T0002712,IL0002712,SR032,C00254,P0017,2026-08-17,New Account,0.0508,9.19
COM0002713,T0002713,IL0002713,SR033,C00399,P0126,2026-07-02,Standard,0.0125,17.96
COM0002714,T0002714,IL0002714,SR034,C00375,P0002,2026-09-07,New Account,0.0647,40.42
COM0002715,T0002715,IL0002715,SR035,C00381,P0071,2025-12-12,Standard,0.0241,44.49
COM0002716,T0002716,IL0002716,SR036,C00471,P0080,2025-08-08,Accelerator,0.0472,34.83
COM0002717,T0002717,IL0002717,SR037,C00431,P0050,2026-07-31,Accelerator,0.0632,49.29
COM0002718,T0002718,IL0002718,SR038,C00265,P0111,2025-10-08,Accelerator,0.0418,9.86
COM0002719,T0002719,IL0002719,SR039,C00295,P0114,2025-06-22,Accelerator,0.0217,4.84
COM0002720,T0002720,IL0002720,SR040,C00190,P0113,2025-03-23,Accelerator,0.0369,18.84
COM0002721,T0002721,IL0002721,SR001,C00158,P0099,2025-04-15,Standard,0.033,34.55
COM0002722,T0002722,IL0002722,SR002,C00364,P0070,2025-12-14,New Account,0.0221,39.14
COM0002723,T0002723,IL0002723,SR003,C00256,P0116,2025-08-26,Accelerator,0.0146,17.85
COM0002724,T0002724,IL0002724,SR004,C00182,P0106,2026-08-04,Accelerator,0.0546,0.69
COM0002725,T0002725,IL0002725,SR005,C00398,P0039,2026-05-24,Standard,0.0158,18.28
COM0002726,T0002726,IL0002726,SR006,C00381,P0054,2026-04-01,Accelerator,0.0236,19.83
COM0002727,T0002727,IL0002727,SR007,C00405,P0150,2025-01-22,Standard,0.0167,2.15
COM0002728,T0002728,IL0002728,SR008,C00097,P0106,2025-03-13,New Account,0.0529,1.87
COM0002729,T0002729,IL0002729,SR009,C00018,P0004,2026-04-20,Standard,0.0625,46.5
COM0002730,T0002730,IL0002730,SR010,C00305,P0091,2025-07-05,Accelerator,0.051,52.82
COM0002731,T0002731,IL0002731,SR011,C00432,P0091,2026-05-03,Standard,0.029,11.61
COM0002732,T0002732,IL0002732,SR012,C00332,P0115,2025-03-10,Standard,0.0516,25.91
COM0002733,T0002733,IL0002733,SR013,C00418,P0105,2025-05-01,Accelerator,0.0282,24.28
COM0002734,T0002734,IL0002734,SR014,C00437,P0012,2026-12-01,Standard,0.0636,16.05
COM0002735,T0002735,IL0002735,SR015,C00230,P0104,2025-12-12,Standard,0.0475,6.28
COM0002736,T0002736,IL0002736,SR016,C00089,P0063,2025-10-23,New Account,0.0331,46.21
COM0002737,T0002737,IL0002737,SR017,C00415,P0121,2026-07-02,Accelerator,0.0121,17.56
COM0002738,T0002738,IL0002738,SR018,C00141,P0117,2026-01-23,Standard,0.0128,5.86
COM0002739,T0002739,IL0002739,SR019,C00492,P0010,2026-04-25,Standard,0.0287,5.55
COM0002740,T0002740,IL0002740,SR020,C00478,P0103,2025-11-04,New Account,0.0337,19.0
COM0002741,T0002741,IL0002741,SR021,C00186,P0078,2026-04-14,New Account,0.0581,82.87
COM0002742,T0002742,IL0002742,SR022,C00497,P0048,2025-12-11,Accelerator,0.031,82.27
COM0002743,T0002743,IL0002743,SR023,C00241,P0144,2025-02-27,Standard,0.0334,14.69
COM0002744,T0002744,IL0002744,SR024,C00425,P0008,2026-07-23,Standard,0.043,30.35
COM0002745,T0002745,IL0002745,SR025,C00076,P0139,2025-01-20,New Account,0.0281,49.95
COM0002746,T0002746,IL0002746,SR026,C00158,P0104,2026-02-24,Standard,0.0177,13.24
COM0002747,T0002747,IL0002747,SR027,C00432,P0006,2026-08-31,Standard,0.0115,2.6
COM0002748,T0002748,IL0002748,SR028,C00392,P0112,2026-12-23,Standard,0.0469,12.07
COM0002749,T0002749,IL0002749,SR029,C00140,P0130,2025-08-29,New Account,0.0383,22.62
COM0002750,T0002750,IL0002750,SR030,C00210,P0089,2026-09-23,New Account,0.0375,78.2
COM0002751,T0002751,IL0002751,SR031,C00347,P0071,2026-01-05,Standard,0.0133,8.21
COM0002752,T0002752,IL0002752,SR032,C00100,P0079,2025-02-11,New Account,0.0544,33.4
COM0002753,T0002753,IL0002753,SR033,C00433,P0100,2025-05-09,New Account,0.0441,17.51
COM0002754,T0002754,IL0002754,SR034,C00386,P0067,2026-04-18,Standard,0.0225,13.61
COM0002755,T0002755,IL0002755,SR035,C00063,P0033,2026-01-12,Accelerator,0.0581,40.88
COM0002756,T0002756,IL0002756,SR036,C00205,P0105,2025-08-03,New Account,0.0434,11.85
COM0002757,T0002757,IL0002757,SR037,C00082,P0134,2026-02-14,Accelerator,0.0645,31.3
COM0002758,T0002758,IL0002758,SR038,C00053,P0010,2025-08-01,New Account,0.0309,26.62
COM0002759,T0002759,IL0002759,SR039,C00336,P0054,2025-05-26,Accelerator,0.0477,2.66
COM0002760,T0002760,IL0002760,SR040,C00276,P0132,2026-10-04,New Account,0.0155,15.05
COM0002761,T0002761,IL0002761,SR001,C00138,P0119,2025-01-13,Accelerator,0.0244,9.21
COM0002762,T0002762,IL0002762,SR002,C00293,P0099,2026-03-08,New Account,0.0617,6.34
COM0002763,T0002763,IL0002763,SR003,C00074,P0025,2026-12-09,New Account,0.0432,78.0
COM0002764,T0002764,IL0002764,SR004,C00323,P0116,2025-05-29,New Account,0.0616,79.42
COM0002765,T0002765,IL0002765,SR005,C00020,P0057,2026-08-09,Standard,0.0488,75.08
COM0002766,T0002766,IL0002766,SR006,C00191,P0006,2026-12-12,Standard,0.0336,4.53
COM0002767,T0002767,IL0002767,SR007,C00349,P0008,2025-03-24,Accelerator,0.0195,2.58
COM0002768,T0002768,IL0002768,SR008,C00331,P0118,2026-02-17,Accelerator,0.0468,39.28
COM0002769,T0002769,IL0002769,SR009,C00299,P0092,2026-07-27,New Account,0.0306,14.72
COM0002770,T0002770,IL0002770,SR010,C00167,P0091,2025-04-16,Standard,0.0288,18.39
COM0002771,T0002771,IL0002771,SR011,C00173,P0074,2026-09-22,Standard,0.0309,20.37
COM0002772,T0002772,IL0002772,SR012,C00039,P0121,2025-07-23,Accelerator,0.0563,84.2
COM0002773,T0002773,IL0002773,SR013,C00482,P0053,2026-04-24,Accelerator,0.0604,32.94
COM0002774,T0002774,IL0002774,SR014,C00088,P0053,2025-07-10,Accelerator,0.0605,83.11
COM0002775,T0002775,IL0002775,SR015,C00018,P0003,2025-05-07,Standard,0.0462,77.72
COM0002776,T0002776,IL0002776,SR016,C00159,P0078,2026-02-28,Standard,0.01,26.99
COM0002777,T0002777,IL0002777,SR017,C00248,P0111,2025-04-04,Standard,0.0376,3.6
COM0002778,T0002778,IL0002778,SR018,C00487,P0144,2026-10-16,Accelerator,0.0457,1.47
COM0002779,T0002779,IL0002779,SR019,C00469,P0127,2025-09-19,New Account,0.0554,38.87
COM0002780,T0002780,IL0002780,SR020,C00484,P0147,2026-05-29,New Account,0.0254,19.69
COM0002781,T0002781,IL0002781,SR021,C00227,P0024,2026-04-06,Standard,0.0444,118.43
COM0002782,T0002782,IL0002782,SR022,C00261,P0082,2026-02-17,Standard,0.0148,9.54
COM0002783,T0002783,IL0002783,SR023,C00425,P0100,2026-08-29,New Account,0.0598,97.38
COM0002784,T0002784,IL0002784,SR024,C00208,P0085,2026-06-26,New Account,0.0235,3.76
COM0002785,T0002785,IL0002785,SR025,C00024,P0054,2026-07-14,Standard,0.0275,21.49
COM0002786,T0002786,IL0002786,SR026,C00226,P0071,2025-09-23,Accelerator,0.0182,30.93
COM0002787,T0002787,IL0002787,SR027,C00023,P0061,2025-12-13,Accelerator,0.0477,72.31
COM0002788,T0002788,IL0002788,SR028,C00463,P0012,2026-07-31,Accelerator,0.0583,17.39
COM0002789,T0002789,IL0002789,SR029,C00206,P0001,2026-11-09,New Account,0.0305,20.57
COM0002790,T0002790,IL0002790,SR030,C00405,P0133,2025-07-17,New Account,0.0142,8.12
COM0002791,T0002791,IL0002791,SR031,C00048,P0096,2026-07-09,New Account,0.0526,6.78
COM0002792,T0002792,IL0002792,SR032,C00321,P0096,2026-02-15,Accelerator,0.0587,42.3
COM0002793,T0002793,IL0002793,SR033,C00225,P0021,2026-06-30,Accelerator,0.025,48.09
COM0002794,T0002794,IL0002794,SR034,C00363,P0042,2025-07-28,New Account,0.0127,1.87
COM0002795,T0002795,IL0002795,SR035,C00039,P0050,2025-05-24,Standard,0.0491,58.31
COM0002796,T0002796,IL0002796,SR036,C00484,P0055,2025-02-23,New Account,0.0214,8.45
COM0002797,T0002797,IL0002797,SR037,C00199,P0103,2025-01-08,Accelerator,0.0427,11.11
COM0002798,T0002798,IL0002798,SR038,C00118,P0016,2026-10-28,New Account,0.0265,51.71
COM0002799,T0002799,IL0002799,SR039,C00033,P0139,2026-10-21,New Account,0.0458,21.8
COM0002800,T0002800,IL0002800,SR040,C00101,P0016,2025-08-15,New Account,0.0581,39.9
COM0002801,T0002801,IL0002801,SR001,C00114,P0030,2025-06-04,Accelerator,0.0399,46.58
COM0002802,T0002802,IL0002802,SR002,C00361,P0100,2026-08-20,Accelerator,0.0608,142.56
COM0002803,T0002803,IL0002803,SR003,C00432,P0056,2025-02-20,New Account,0.0544,1.82
COM0002804,T0002804,IL0002804,SR004,C00383,P0105,2025-09-19,New Account,0.0331,69.26
COM0002805,T0002805,IL0002805,SR005,C00218,P0145,2025-10-07,Accelerator,0.0365,16.99
COM0002806,T0002806,IL0002806,SR006,C00018,P0106,2026-05-29,Accelerator,0.0647,51.4
COM0002807,T0002807,IL0002807,SR007,C00335,P0011,2026-08-09,Accelerator,0.0274,7.54
COM0002808,T0002808,IL0002808,SR008,C00477,P0114,2026-04-11,New Account,0.0173,6.31
COM0002809,T0002809,IL0002809,SR009,C00413,P0089,2026-09-07,Accelerator,0.0514,1.97
COM0002810,T0002810,IL0002810,SR010,C00345,P0097,2025-10-28,New Account,0.051,54.85
COM0002811,T0002811,IL0002811,SR011,C00044,P0031,2026-02-02,New Account,0.0581,23.49
COM0002812,T0002812,IL0002812,SR012,C00449,P0141,2026-02-14,New Account,0.029,36.31
COM0002813,T0002813,IL0002813,SR013,C00023,P0041,2025-10-30,New Account,0.0332,58.27
COM0002814,T0002814,IL0002814,SR014,C00175,P0039,2025-07-27,Accelerator,0.0642,121.83
COM0002815,T0002815,IL0002815,SR015,C00232,P0047,2025-03-06,Standard,0.0165,33.35
COM0002816,T0002816,IL0002816,SR016,C00393,P0023,2025-07-23,Standard,0.0118,4.51
COM0002817,T0002817,IL0002817,SR017,C00125,P0039,2025-06-02,New Account,0.054,2.67
COM0002818,T0002818,IL0002818,SR018,C00406,P0071,2025-04-22,New Account,0.0311,39.74
COM0002819,T0002819,IL0002819,SR019,C00349,P0120,2025-07-21,Standard,0.0542,33.42
COM0002820,T0002820,IL0002820,SR020,C00048,P0056,2025-08-22,Standard,0.0525,136.38
COM0002821,T0002821,IL0002821,SR021,C00197,P0039,2026-08-04,Accelerator,0.0485,43.43
COM0002822,T0002822,IL0002822,SR022,C00186,P0130,2025-12-07,Standard,0.0341,76.51
COM0002823,T0002823,IL0002823,SR023,C00487,P0137,2026-06-20,New Account,0.0213,16.76
COM0002824,T0002824,IL0002824,SR024,C00104,P0084,2025-11-26,Accelerator,0.031,10.22
COM0002825,T0002825,IL0002825,SR025,C00173,P0094,2025-09-15,Accelerator,0.0142,34.27
COM0002826,T0002826,IL0002826,SR026,C00469,P0097,2026-01-24,New Account,0.0374,20.24
COM0002827,T0002827,IL0002827,SR027,C00067,P0015,2026-11-13,Standard,0.0542,22.88
COM0002828,T0002828,IL0002828,SR028,C00398,P0035,2026-01-16,Standard,0.0246,2.73
COM0002829,T0002829,IL0002829,SR029,C00113,P0001,2025-09-27,Accelerator,0.0345,3.19
COM0002830,T0002830,IL0002830,SR030,C00181,P0119,2025-11-10,Accelerator,0.0428,61.03
COM0002831,T0002831,IL0002831,SR031,C00117,P0059,2026-01-07,New Account,0.0566,67.01
COM0002832,T0002832,IL0002832,SR032,C00383,P0053,2025-02-16,Standard,0.0259,10.73
COM0002833,T0002833,IL0002833,SR033,C00321,P0018,2026-02-28,New Account,0.0575,87.5
COM0002834,T0002834,IL0002834,SR034,C00060,P0094,2025-05-14,Standard,0.0394,17.68
COM0002835,T0002835,IL0002835,SR035,C00445,P0012,2026-08-21,Accelerator,0.0616,13.03
COM0002836,T0002836,IL0002836,SR036,C00149,P0116,2025-01-15,Standard,0.0344,21.01
COM0002837,T0002837,IL0002837,SR037,C00236,P0121,2025-11-14,Accelerator,0.0553,5.83
COM0002838,T0002838,IL0002838,SR038,C00345,P0116,2025-01-04,New Account,0.0545,8.94
COM0002839,T0002839,IL0002839,SR039,C00062,P0149,2025-05-11,Standard,0.0249,29.37
COM0002840,T0002840,IL0002840,SR040,C00405,P0056,2026-12-27,Standard,0.0178,5.28
COM0002841,T0002841,IL0002841,SR001,C00340,P0010,2025-06-20,New Account,0.014,21.32
COM0002842,T0002842,IL0002842,SR002,C00469,P0068,2026-11-01,New Account,0.0308,29.34
COM0002843,T0002843,IL0002843,SR003,C00180,P0026,2026-03-20,New Account,0.065,23.4
COM0002844,T0002844,IL0002844,SR004,C00158,P0144,2025-01-20,New Account,0.0182,10.83
COM0002845,T0002845,IL0002845,SR005,C00413,P0096,2026-07-20,Standard,0.022,6.8
COM0002846,T0002846,IL0002846,SR006,C00466,P0101,2025-07-18,Accelerator,0.0492,81.79
COM0002847,T0002847,IL0002847,SR007,C00218,P0019,2026-07-27,New Account,0.018,4.51
COM0002848,T0002848,IL0002848,SR008,C00335,P0140,2026-07-15,New Account,0.0133,6.41
COM0002849,T0002849,IL0002849,SR009,C00059,P0094,2026-02-20,New Account,0.0287,0.93
COM0002850,T0002850,IL0002850,SR010,C00212,P0065,2025-07-23,New Account,0.0204,14.18
COM0002851,T0002851,IL0002851,SR011,C00410,P0099,2025-04-10,Accelerator,0.0156,28.92
COM0002852,T0002852,IL0002852,SR012,C00115,P0136,2026-05-08,Standard,0.0227,21.84
COM0002853,T0002853,IL0002853,SR013,C00202,P0031,2026-11-23,Accelerator,0.0547,43.18
COM0002854,T0002854,IL0002854,SR014,C00290,P0113,2026-08-05,Standard,0.0331,44.12
COM0002855,T0002855,IL0002855,SR015,C00317,P0051,2026-03-31,Standard,0.0464,65.28
COM0002856,T0002856,IL0002856,SR016,C00106,P0047,2026-05-27,Accelerator,0.0151,0.63
COM0002857,T0002857,IL0002857,SR017,C00216,P0017,2026-07-18,Accelerator,0.036,39.68
COM0002858,T0002858,IL0002858,SR018,C00151,P0055,2026-08-29,Accelerator,0.0492,34.14
COM0002859,T0002859,IL0002859,SR019,C00454,P0090,2026-03-11,New Account,0.0576,98.47
COM0002860,T0002860,IL0002860,SR020,C00325,P0068,2026-08-21,Accelerator,0.0591,10.19
COM0002861,T0002861,IL0002861,SR021,C00019,P0034,2026-10-26,Standard,0.0142,1.72
COM0002862,T0002862,IL0002862,SR022,C00313,P0102,2026-06-21,New Account,0.0138,11.98
COM0002863,T0002863,IL0002863,SR023,C00396,P0124,2025-02-03,New Account,0.0595,1.6
COM0002864,T0002864,IL0002864,SR024,C00062,P0064,2026-09-14,Accelerator,0.061,43.04
COM0002865,T0002865,IL0002865,SR025,C00029,P0071,2025-08-03,New Account,0.011,1.31
COM0002866,T0002866,IL0002866,SR026,C00411,P0037,2025-02-16,Standard,0.064,65.45
COM0002867,T0002867,IL0002867,SR027,C00144,P0110,2026-04-24,New Account,0.0139,25.67
COM0002868,T0002868,IL0002868,SR028,C00318,P0122,2026-08-08,Accelerator,0.0547,13.37
COM0002869,T0002869,IL0002869,SR029,C00011,P0046,2025-04-01,Accelerator,0.0632,15.08
COM0002870,T0002870,IL0002870,SR030,C00304,P0119,2025-09-26,New Account,0.0156,33.92
COM0002871,T0002871,IL0002871,SR031,C00456,P0083,2025-08-09,Standard,0.0535,33.05
COM0002872,T0002872,IL0002872,SR032,C00388,P0047,2026-11-16,Accelerator,0.033,1.49
COM0002873,T0002873,IL0002873,SR033,C00044,P0139,2026-05-08,Standard,0.0182,10.25
COM0002874,T0002874,IL0002874,SR034,C00237,P0065,2026-05-19,Standard,0.0112,28.87
COM0002875,T0002875,IL0002875,SR035,C00229,P0003,2026-05-28,Standard,0.0238,54.15
COM0002876,T0002876,IL0002876,SR036,C00061,P0008,2026-01-08,Standard,0.0302,4.83
COM0002877,T0002877,IL0002877,SR037,C00263,P0051,2025-10-03,Standard,0.0311,11.84
COM0002878,T0002878,IL0002878,SR038,C00004,P0075,2026-11-26,Accelerator,0.0453,17.29
COM0002879,T0002879,IL0002879,SR039,C00406,P0100,2025-09-08,New Account,0.0277,29.94
COM0002880,T0002880,IL0002880,SR040,C00137,P0011,2025-09-25,Accelerator,0.0136,25.97
COM0002881,T0002881,IL0002881,SR001,C00237,P0096,2025-02-04,Accelerator,0.0128,0.57
COM0002882,T0002882,IL0002882,SR002,C00427,P0010,2025-07-31,New Account,0.0515,46.78
COM0002883,T0002883,IL0002883,SR003,C00181,P0068,2026-02-14,Standard,0.0529,6.21
COM0002884,T0002884,IL0002884,SR004,C00350,P0119,2025-07-04,Accelerator,0.028,2.23
COM0002885,T0002885,IL0002885,SR005,C00012,P0075,2025-01-05,New Account,0.0269,4.13
COM0002886,T0002886,IL0002886,SR006,C00414,P0015,2025-05-10,New Account,0.0407,105.79
COM0002887,T0002887,IL0002887,SR007,C00148,P0115,2026-06-28,Standard,0.042,45.57
COM0002888,T0002888,IL0002888,SR008,C00139,P0085,2025-06-03,New Account,0.052,38.83
COM0002889,T0002889,IL0002889,SR009,C00446,P0036,2026-06-12,Standard,0.0473,61.34
COM0002890,T0002890,IL0002890,SR010,C00352,P0108,2026-04-24,Accelerator,0.0248,49.42
COM0002891,T0002891,IL0002891,SR011,C00373,P0085,2026-03-10,New Account,0.0319,34.17
COM0002892,T0002892,IL0002892,SR012,C00145,P0150,2026-07-22,Accelerator,0.0249,34.24
COM0002893,T0002893,IL0002893,SR013,C00014,P0114,2025-12-07,Accelerator,0.0115,8.66
COM0002894,T0002894,IL0002894,SR014,C00440,P0016,2025-03-21,Accelerator,0.0426,22.36
COM0002895,T0002895,IL0002895,SR015,C00140,P0096,2026-05-20,Standard,0.0266,10.74
COM0002896,T0002896,IL0002896,SR016,C00248,P0121,2025-09-12,New Account,0.0274,0.53
COM0002897,T0002897,IL0002897,SR017,C00292,P0107,2025-11-14,New Account,0.0355,46.51
COM0002898,T0002898,IL0002898,SR018,C00433,P0126,2026-11-06,Accelerator,0.0445,14.36
COM0002899,T0002899,IL0002899,SR019,C00376,P0006,2026-10-02,New Account,0.0566,17.36
COM0002900,T0002900,IL0002900,SR020,C00483,P0073,2025-03-06,Accelerator,0.0492,22.94
COM0002901,T0002901,IL0002901,SR021,C00173,P0143,2026-01-09,Accelerator,0.0407,25.33
COM0002902,T0002902,IL0002902,SR022,C00286,P0055,2026-03-11,Accelerator,0.0311,48.12
COM0002903,T0002903,IL0002903,SR023,C00183,P0002,2026-09-20,Standard,0.011,5.22
COM0002904,T0002904,IL0002904,SR024,C00349,P0121,2025-12-04,Standard,0.0393,55.6
COM0002905,T0002905,IL0002905,SR025,C00399,P0063,2025-02-17,Accelerator,0.0217,4.72
COM0002906,T0002906,IL0002906,SR026,C00018,P0095,2025-04-01,Accelerator,0.0116,8.86
COM0002907,T0002907,IL0002907,SR027,C00313,P0049,2025-02-03,New Account,0.0214,25.51
COM0002908,T0002908,IL0002908,SR028,C00287,P0115,2026-07-11,Standard,0.0505,42.72
COM0002909,T0002909,IL0002909,SR029,C00267,P0026,2026-04-06,New Account,0.0535,62.36
COM0002910,T0002910,IL0002910,SR030,C00263,P0024,2025-11-03,Accelerator,0.0406,14.98
COM0002911,T0002911,IL0002911,SR031,C00132,P0119,2025-01-31,Standard,0.0274,21.98
COM0002912,T0002912,IL0002912,SR032,C00168,P0133,2026-10-29,Accelerator,0.0372,53.85
COM0002913,T0002913,IL0002913,SR033,C00157,P0066,2025-04-01,New Account,0.0586,70.18
COM0002914,T0002914,IL0002914,SR034,C00335,P0037,2025-11-15,New Account,0.0547,6.32
COM0002915,T0002915,IL0002915,SR035,C00138,P0100,2026-01-20,Standard,0.0169,25.69
COM0002916,T0002916,IL0002916,SR036,C00401,P0038,2026-08-14,New Account,0.0488,11.3
COM0002917,T0002917,IL0002917,SR037,C00397,P0070,2026-07-26,Accelerator,0.014,21.45
COM0002918,T0002918,IL0002918,SR038,C00254,P0129,2025-12-01,Accelerator,0.0633,17.85
COM0002919,T0002919,IL0002919,SR039,C00340,P0103,2026-04-06,Standard,0.0609,80.14
COM0002920,T0002920,IL0002920,SR040,C00327,P0123,2026-02-10,Accelerator,0.017,15.38
COM0002921,T0002921,IL0002921,SR001,C00055,P0066,2026-02-25,New Account,0.0496,24.81
COM0002922,T0002922,IL0002922,SR002,C00227,P0065,2026-03-18,Accelerator,0.0342,18.18
COM0002923,T0002923,IL0002923,SR003,C00484,P0006,2026-11-18,Accelerator,0.0287,27.41
COM0002924,T0002924,IL0002924,SR004,C00097,P0048,2025-09-27,Standard,0.0298,47.13
COM0002925,T0002925,IL0002925,SR005,C00355,P0013,2026-08-29,Accelerator,0.0447,8.79
COM0002926,T0002926,IL0002926,SR006,C00378,P0126,2025-03-21,Standard,0.0276,2.76
COM0002927,T0002927,IL0002927,SR007,C00298,P0105,2025-10-30,Standard,0.02,1.11
COM0002928,T0002928,IL0002928,SR008,C00111,P0082,2025-10-24,New Account,0.0215,2.37
COM0002929,T0002929,IL0002929,SR009,C00021,P0110,2025-08-15,Accelerator,0.0173,0.95
COM0002930,T0002930,IL0002930,SR010,C00422,P0118,2025-07-25,New Account,0.0629,100.88
COM0002931,T0002931,IL0002931,SR011,C00410,P0023,2025-09-12,Accelerator,0.0295,31.16
COM0002932,T0002932,IL0002932,SR012,C00174,P0131,2025-12-31,New Account,0.056,103.69
COM0002933,T0002933,IL0002933,SR013,C00124,P0104,2026-11-22,Accelerator,0.025,1.72
COM0002934,T0002934,IL0002934,SR014,C00473,P0112,2026-12-03,Accelerator,0.0588,15.73
COM0002935,T0002935,IL0002935,SR015,C00047,P0099,2026-06-20,Standard,0.027,23.37
COM0002936,T0002936,IL0002936,SR016,C00009,P0095,2025-08-25,Standard,0.0491,48.21
COM0002937,T0002937,IL0002937,SR017,C00298,P0076,2026-03-29,Standard,0.0566,39.68
COM0002938,T0002938,IL0002938,SR018,C00402,P0086,2026-06-26,New Account,0.0441,18.02
COM0002939,T0002939,IL0002939,SR019,C00279,P0130,2025-11-09,New Account,0.0584,15.76
COM0002940,T0002940,IL0002940,SR020,C00392,P0061,2025-07-27,Accelerator,0.0348,30.78
COM0002941,T0002941,IL0002941,SR021,C00461,P0073,2026-07-08,New Account,0.0247,44.64
COM0002942,T0002942,IL0002942,SR022,C00425,P0070,2025-01-11,Standard,0.0284,1.68
COM0002943,T0002943,IL0002943,SR023,C00442,P0055,2025-08-18,New Account,0.0566,21.43
COM0002944,T0002944,IL0002944,SR024,C00019,P0091,2026-01-19,Standard,0.0302,7.93
COM0002945,T0002945,IL0002945,SR025,C00352,P0089,2025-02-28,Standard,0.0606,23.06
COM0002946,T0002946,IL0002946,SR026,C00148,P0128,2026-01-20,New Account,0.0393,68.48
COM0002947,T0002947,IL0002947,SR027,C00424,P0039,2025-12-30,New Account,0.0589,45.04
COM0002948,T0002948,IL0002948,SR028,C00296,P0067,2025-01-07,New Account,0.0449,38.84
COM0002949,T0002949,IL0002949,SR029,C00298,P0041,2025-04-24,Accelerator,0.0275,3.34
COM0002950,T0002950,IL0002950,SR030,C00224,P0132,2026-07-29,New Account,0.0376,2.2
COM0002951,T0002951,IL0002951,SR031,C00433,P0147,2025-10-13,New Account,0.0306,11.95
COM0002952,T0002952,IL0002952,SR032,C00013,P0089,2026-06-25,Accelerator,0.0239,30.64
COM0002953,T0002953,IL0002953,SR033,C00260,P0034,2026-01-30,Standard,0.0547,19.34
COM0002954,T0002954,IL0002954,SR034,C00231,P0052,2026-05-18,Standard,0.0609,49.07
COM0002955,T0002955,IL0002955,SR035,C00498,P0053,2025-05-04,New Account,0.0103,6.03
COM0002956,T0002956,IL0002956,SR036,C00313,P0045,2026-11-18,New Account,0.0404,1.2
COM0002957,T0002957,IL0002957,SR037,C00097,P0093,2026-04-30,New Account,0.05,19.21
COM0002958,T0002958,IL0002958,SR038,C00311,P0062,2026-04-07,New Account,0.0326,41.61
COM0002959,T0002959,IL0002959,SR039,C00180,P0038,2025-07-01,New Account,0.0612,19.19
COM0002960,T0002960,IL0002960,SR040,C00058,P0148,2026-05-18,New Account,0.0536,77.23
COM0002961,T0002961,IL0002961,SR001,C00245,P0143,2026-07-23,Standard,0.0167,1.48
COM0002962,T0002962,IL0002962,SR002,C00432,P0085,2025-12-04,Accelerator,0.0362,63.1
COM0002963,T0002963,IL0002963,SR003,C00059,P0048,2025-05-07,Accelerator,0.0267,9.98
COM0002964,T0002964,IL0002964,SR004,C00410,P0033,2025-06-19,Standard,0.0297,26.09
COM0002965,T0002965,IL0002965,SR005,C00142,P0113,2026-10-29,Standard,0.0621,6.84
COM0002966,T0002966,IL0002966,SR006,C00105,P0019,2025-11-04,Accelerator,0.0524,23.3
COM0002967,T0002967,IL0002967,SR007,C00181,P0009,2026-05-22,Standard,0.029,20.96
COM0002968,T0002968,IL0002968,SR008,C00438,P0096,2026-12-20,Standard,0.0256,51.61
COM0002969,T0002969,IL0002969,SR009,C00500,P0002,2026-04-17,Standard,0.0499,56.41
COM0002970,T0002970,IL0002970,SR010,C00411,P0028,2025-09-30,Standard,0.0589,1.83
COM0002971,T0002971,IL0002971,SR011,C00077,P0030,2026-08-22,Standard,0.0363,17.88
COM0002972,T0002972,IL0002972,SR012,C00059,P0055,2026-10-19,Accelerator,0.0607,32.5
COM0002973,T0002973,IL0002973,SR013,C00167,P0128,2025-04-02,Accelerator,0.0203,7.84
COM0002974,T0002974,IL0002974,SR014,C00083,P0099,2026-12-05,Standard,0.0388,55.04
COM0002975,T0002975,IL0002975,SR015,C00175,P0065,2025-08-25,New Account,0.0182,3.57
COM0002976,T0002976,IL0002976,SR016,C00118,P0071,2025-10-30,Standard,0.0325,58.54
COM0002977,T0002977,IL0002977,SR017,C00026,P0107,2026-11-09,Accelerator,0.018,23.34
COM0002978,T0002978,IL0002978,SR018,C00173,P0035,2025-07-14,Accelerator,0.0526,48.43
COM0002979,T0002979,IL0002979,SR019,C00205,P0018,2025-12-13,Accelerator,0.041,11.33
COM0002980,T0002980,IL0002980,SR020,C00063,P0050,2025-10-04,Standard,0.0326,17.07
COM0002981,T0002981,IL0002981,SR021,C00169,P0111,2025-03-10,New Account,0.062,32.31
COM0002982,T0002982,IL0002982,SR022,C00091,P0078,2025-12-04,Standard,0.0372,7.62
COM0002983,T0002983,IL0002983,SR023,C00139,P0129,2026-09-15,New Account,0.0577,16.36
COM0002984,T0002984,IL0002984,SR024,C00298,P0049,2026-08-15,Standard,0.0486,11.48
COM0002985,T0002985,IL0002985,SR025,C00231,P0078,2025-04-21,Accelerator,0.0358,3.18
COM0002986,T0002986,IL0002986,SR026,C00201,P0104,2026-06-18,Standard,0.0479,45.8
COM0002987,T0002987,IL0002987,SR027,C00455,P0084,2026-04-14,Standard,0.0362,19.22
COM0002988,T0002988,IL0002988,SR028,C00369,P0030,2025-06-03,Standard,0.0181,2.81
COM0002989,T0002989,IL0002989,SR029,C00393,P0044,2026-07-01,Standard,0.0619,23.91
COM0002990,T0002990,IL0002990,SR030,C00203,P0045,2025-09-15,New Account,0.0526,117.06
COM0002991,T0002991,IL0002991,SR031,C00082,P0062,2025-09-17,Accelerator,0.0301,34.94
COM0002992,T0002992,IL0002992,SR032,C00334,P0138,2025-07-22,New Account,0.0577,92.29
COM0002993,T0002993,IL0002993,SR033,C00039,P0011,2025-05-18,New Account,0.0535,24.22
COM0002994,T0002994,IL0002994,SR034,C00438,P0019,2026-01-15,Standard,0.0292,75.8
COM0002995,T0002995,IL0002995,SR035,C00454,P0017,2025-10-24,New Account,0.0387,70.19
COM0002996,T0002996,IL0002996,SR036,C00298,P0142,2025-08-28,New Account,0.0555,15.51
COM0002997,T0002997,IL0002997,SR037,C00099,P0043,2026-10-26,Standard,0.0569,113.44
COM0002998,T0002998,IL0002998,SR038,C00181,P0117,2025-08-26,Standard,0.0152,3.76
COM0002999,T0002999,IL0002999,SR039,C00346,P0021,2025-07-11,Standard,0.0372,19.19
COM0003000,T0003000,IL0003000,SR040,C00254,P0123,2025-01-04,New Account,0.0152,0.65
COM0003001,T0003001,IL0003001,SR001,C00102,P0089,2026-02-14,Accelerator,0.0437,46.21
COM0003002,T0003002,IL0003002,SR002,C00184,P0019,2026-08-16,New Account,0.0627,52.52
COM0003003,T0003003,IL0003003,SR003,C00419,P0049,2025-07-20,New Account,0.026,30.98
COM0003004,T0003004,IL0003004,SR004,C00474,P0026,2026-12-22,New Account,0.0538,63.86
COM0003005,T0003005,IL0003005,SR005,C00376,P0003,2025-12-31,New Account,0.0447,2.44
COM0003006,T0003006,IL0003006,SR006,C00250,P0129,2026-12-20,Standard,0.0445,10.46
COM0003007,T0003007,IL0003007,SR007,C00042,P0113,2026-06-13,Standard,0.0107,25.86
COM0003008,T0003008,IL0003008,SR008,C00437,P0082,2026-11-30,New Account,0.0198,1.72
COM0003009,T0003009,IL0003009,SR009,C00037,P0023,2025-08-11,New Account,0.0494,14.61
COM0003010,T0003010,IL0003010,SR010,C00375,P0086,2026-03-19,New Account,0.0126,12.71
COM0003011,T0003011,IL0003011,SR011,C00153,P0141,2026-03-04,New Account,0.042,14.78
COM0003012,T0003012,IL0003012,SR012,C00230,P0012,2025-03-31,Accelerator,0.041,36.1
COM0003013,T0003013,IL0003013,SR013,C00389,P0017,2025-07-08,Accelerator,0.0549,110.18
COM0003014,T0003014,IL0003014,SR014,C00160,P0127,2026-10-22,Standard,0.0417,38.43
COM0003015,T0003015,IL0003015,SR015,C00432,P0102,2025-10-29,Standard,0.0121,0.36
COM0003016,T0003016,IL0003016,SR016,C00069,P0013,2025-11-07,New Account,0.0372,21.87
COM0003017,T0003017,IL0003017,SR017,C00337,P0022,2025-05-14,Standard,0.0211,36.91
COM0003018,T0003018,IL0003018,SR018,C00367,P0142,2026-05-24,Standard,0.0413,47.26
COM0003019,T0003019,IL0003019,SR019,C00405,P0055,2025-05-12,Standard,0.027,10.85
COM0003020,T0003020,IL0003020,SR020,C00116,P0010,2026-05-03,Accelerator,0.0561,20.14
COM0003021,T0003021,IL0003021,SR021,C00425,P0058,2026-04-13,Standard,0.0207,7.13
COM0003022,T0003022,IL0003022,SR022,C00021,P0064,2026-11-25,Accelerator,0.0261,43.04
COM0003023,T0003023,IL0003023,SR023,C00167,P0062,2026-10-15,Standard,0.0497,3.49
COM0003024,T0003024,IL0003024,SR024,C00289,P0081,2026-11-22,Standard,0.0166,3.15
COM0003025,T0003025,IL0003025,SR025,C00494,P0020,2026-04-25,Standard,0.0404,21.21
COM0003026,T0003026,IL0003026,SR026,C00387,P0057,2025-12-11,New Account,0.0554,26.41
COM0003027,T0003027,IL0003027,SR027,C00240,P0129,2026-04-12,Standard,0.0186,52.5
COM0003028,T0003028,IL0003028,SR028,C00391,P0009,2025-04-19,Standard,0.0285,57.52
COM0003029,T0003029,IL0003029,SR029,C00064,P0045,2025-03-11,Standard,0.0397,13.87
COM0003030,T0003030,IL0003030,SR030,C00488,P0080,2025-01-24,New Account,0.0131,13.75
COM0003031,T0003031,IL0003031,SR031,C00422,P0128,2025-11-04,New Account,0.0559,48.23
COM0003032,T0003032,IL0003032,SR032,C00119,P0063,2025-01-15,Accelerator,0.0522,50.25
COM0003033,T0003033,IL0003033,SR033,C00431,P0097,2025-11-12,New Account,0.0196,32.65
COM0003034,T0003034,IL0003034,SR034,C00328,P0015,2025-08-07,Accelerator,0.0302,21.78
COM0003035,T0003035,IL0003035,SR035,C00134,P0104,2025-05-27,Standard,0.0444,14.14
COM0003036,T0003036,IL0003036,SR036,C00219,P0074,2026-06-08,Accelerator,0.0203,4.35
COM0003037,T0003037,IL0003037,SR037,C00238,P0095,2025-06-20,New Account,0.043,18.87
COM0003038,T0003038,IL0003038,SR038,C00182,P0098,2025-06-08,Accelerator,0.0458,6.21
COM0003039,T0003039,IL0003039,SR039,C00344,P0040,2026-10-27,Accelerator,0.0232,2.24
COM0003040,T0003040,IL0003040,SR040,C00015,P0098,2025-05-21,New Account,0.0351,14.92
COM0003041,T0003041,IL0003041,SR001,C00346,P0080,2025-03-19,Standard,0.0321,19.67
COM0003042,T0003042,IL0003042,SR002,C00287,P0068,2025-07-24,Accelerator,0.065,94.56
COM0003043,T0003043,IL0003043,SR003,C00160,P0070,2026-09-18,Accelerator,0.0567,105.85
COM0003044,T0003044,IL0003044,SR004,C00275,P0040,2025-11-21,Accelerator,0.0497,25.64
COM0003045,T0003045,IL0003045,SR005,C00160,P0009,2026-11-04,Accelerator,0.0122,2.51
COM0003046,T0003046,IL0003046,SR006,C00378,P0086,2026-11-17,New Account,0.0602,90.2
COM0003047,T0003047,IL0003047,SR007,C00300,P0116,2025-04-01,Accelerator,0.0167,9.94
COM0003048,T0003048,IL0003048,SR008,C00248,P0065,2026-05-16,Accelerator,0.0409,38.26
COM0003049,T0003049,IL0003049,SR009,C00198,P0146,2025-01-09,Accelerator,0.039,105.45
COM0003050,T0003050,IL0003050,SR010,C00255,P0119,2025-08-01,Accelerator,0.0231,22.19
COM0003051,T0003051,IL0003051,SR011,C00052,P0036,2026-08-20,Standard,0.0398,5.15
COM0003052,T0003052,IL0003052,SR012,C00223,P0012,2026-09-10,Standard,0.0284,7.43
COM0003053,T0003053,IL0003053,SR013,C00016,P0113,2026-04-25,New Account,0.0406,14.06
COM0003054,T0003054,IL0003054,SR014,C00202,P0015,2026-12-04,New Account,0.0643,19.32
COM0003055,T0003055,IL0003055,SR015,C00306,P0131,2026-10-12,Standard,0.0624,79.05
COM0003056,T0003056,IL0003056,SR016,C00303,P0068,2026-05-27,New Account,0.0468,79.88
COM0003057,T0003057,IL0003057,SR017,C00376,P0130,2026-04-13,Standard,0.0638,30.39
COM0003058,T0003058,IL0003058,SR018,C00225,P0028,2025-05-28,New Account,0.0589,13.87
COM0003059,T0003059,IL0003059,SR019,C00469,P0034,2026-11-13,New Account,0.0446,15.04
COM0003060,T0003060,IL0003060,SR020,C00173,P0094,2026-02-03,Standard,0.0644,6.48
COM0003061,T0003061,IL0003061,SR021,C00446,P0034,2026-12-26,Standard,0.0154,1.33
COM0003062,T0003062,IL0003062,SR022,C00368,P0035,2026-06-23,Accelerator,0.0454,52.56
COM0003063,T0003063,IL0003063,SR023,C00420,P0117,2025-08-23,Standard,0.0443,24.76
COM0003064,T0003064,IL0003064,SR024,C00062,P0011,2025-12-19,Accelerator,0.0446,14.48
COM0003065,T0003065,IL0003065,SR025,C00268,P0099,2026-12-15,New Account,0.0372,69.68
COM0003066,T0003066,IL0003066,SR026,C00497,P0007,2025-04-25,Standard,0.0481,3.21
COM0003067,T0003067,IL0003067,SR027,C00027,P0122,2026-01-06,New Account,0.0419,39.38
COM0003068,T0003068,IL0003068,SR028,C00456,P0071,2025-07-17,Accelerator,0.0633,62.92
COM0003069,T0003069,IL0003069,SR029,C00328,P0007,2026-09-14,Accelerator,0.0577,21.66
COM0003070,T0003070,IL0003070,SR030,C00044,P0041,2026-05-05,Standard,0.012,20.96
COM0003071,T0003071,IL0003071,SR031,C00396,P0010,2026-02-28,Accelerator,0.0476,15.19
COM0003072,T0003072,IL0003072,SR032,C00059,P0118,2025-12-26,Accelerator,0.0542,117.62
COM0003073,T0003073,IL0003073,SR033,C00443,P0001,2026-03-21,Accelerator,0.0291,42.83
COM0003074,T0003074,IL0003074,SR034,C00025,P0114,2025-01-25,New Account,0.0175,23.0
COM0003075,T0003075,IL0003075,SR035,C00301,P0087,2025-01-06,Accelerator,0.0321,6.18
COM0003076,T0003076,IL0003076,SR036,C00347,P0101,2025-10-26,New Account,0.0247,13.76
COM0003077,T0003077,IL0003077,SR037,C00407,P0058,2025-11-12,New Account,0.0229,26.49
COM0003078,T0003078,IL0003078,SR038,C00134,P0050,2026-01-31,Accelerator,0.0113,10.61
COM0003079,T0003079,IL0003079,SR039,C00132,P0009,2026-04-05,Standard,0.0478,128.95
COM0003080,T0003080,IL0003080,SR040,C00273,P0081,2026-01-04,Accelerator,0.0498,47.07
COM0003081,T0003081,IL0003081,SR001,C00149,P0024,2026-03-16,New Account,0.0269,41.45
COM0003082,T0003082,IL0003082,SR002,C00143,P0148,2025-06-13,Standard,0.0129,3.86
COM0003083,T0003083,IL0003083,SR003,C00480,P0113,2025-09-10,Standard,0.0568,1.94
COM0003084,T0003084,IL0003084,SR004,C00192,P0101,2026-04-03,Accelerator,0.0633,58.56
COM0003085,T0003085,IL0003085,SR005,C00343,P0041,2025-08-14,Accelerator,0.0431,48.35
COM0003086,T0003086,IL0003086,SR006,C00437,P0064,2025-06-08,Standard,0.015,1.47
COM0003087,T0003087,IL0003087,SR007,C00362,P0079,2025-05-26,New Account,0.0104,15.9
COM0003088,T0003088,IL0003088,SR008,C00416,P0138,2026-05-18,New Account,0.0459,74.64
COM0003089,T0003089,IL0003089,SR009,C00421,P0104,2025-09-09,Accelerator,0.0541,9.87
COM0003090,T0003090,IL0003090,SR010,C00444,P0113,2026-03-31,Accelerator,0.0348,79.54
COM0003091,T0003091,IL0003091,SR011,C00447,P0114,2025-09-11,New Account,0.0145,3.37
COM0003092,T0003092,IL0003092,SR012,C00199,P0144,2025-07-21,New Account,0.0265,8.34
COM0003093,T0003093,IL0003093,SR013,C00465,P0092,2025-03-23,Standard,0.0425,89.29
COM0003094,T0003094,IL0003094,SR014,C00077,P0075,2026-06-21,Accelerator,0.0308,30.15
COM0003095,T0003095,IL0003095,SR015,C00258,P0129,2026-09-11,Standard,0.0141,6.15
COM0003096,T0003096,IL0003096,SR016,C00446,P0150,2026-08-14,New Account,0.0135,2.19
COM0003097,T0003097,IL0003097,SR017,C00357,P0002,2026-11-09,Accelerator,0.0506,75.3
COM0003098,T0003098,IL0003098,SR018,C00137,P0029,2026-11-14,Accelerator,0.0468,42.1
COM0003099,T0003099,IL0003099,SR019,C00420,P0080,2026-12-04,Accelerator,0.0594,94.56
COM0003100,T0003100,IL0003100,SR020,C00369,P0111,2026-05-01,Standard,0.0625,117.6
COM0003101,T0003101,IL0003101,SR021,C00436,P0036,2025-12-17,Accelerator,0.0128,10.43
COM0003102,T0003102,IL0003102,SR022,C00254,P0136,2026-06-16,New Account,0.0311,47.96
COM0003103,T0003103,IL0003103,SR023,C00359,P0142,2026-12-05,Standard,0.0134,1.48
COM0003104,T0003104,IL0003104,SR024,C00142,P0009,2026-12-04,New Account,0.0258,43.76
COM0003105,T0003105,IL0003105,SR025,C00132,P0064,2025-03-31,Standard,0.0128,1.88
COM0003106,T0003106,IL0003106,SR026,C00472,P0029,2025-04-22,New Account,0.0239,24.11
COM0003107,T0003107,IL0003107,SR027,C00149,P0092,2026-12-15,New Account,0.0158,21.75
COM0003108,T0003108,IL0003108,SR028,C00109,P0082,2026-06-20,Standard,0.0184,42.8
COM0003109,T0003109,IL0003109,SR029,C00497,P0102,2025-12-24,Accelerator,0.0563,129.09
COM0003110,T0003110,IL0003110,SR030,C00224,P0065,2026-07-05,New Account,0.0448,74.2
COM0003111,T0003111,IL0003111,SR031,C00057,P0111,2026-08-21,Accelerator,0.0322,39.48
COM0003112,T0003112,IL0003112,SR032,C00480,P0138,2026-12-02,Standard,0.0119,4.09
COM0003113,T0003113,IL0003113,SR033,C00454,P0013,2026-09-13,Accelerator,0.0263,0.21
COM0003114,T0003114,IL0003114,SR034,C00161,P0033,2026-09-28,Accelerator,0.0279,15.76
COM0003115,T0003115,IL0003115,SR035,C00293,P0011,2025-03-19,Accelerator,0.0577,82.7
COM0003116,T0003116,IL0003116,SR036,C00049,P0101,2025-02-06,Accelerator,0.0508,53.64
COM0003117,T0003117,IL0003117,SR037,C00375,P0034,2025-07-13,Accelerator,0.0324,8.49
COM0003118,T0003118,IL0003118,SR038,C00388,P0135,2026-09-02,Accelerator,0.032,8.02
COM0003119,T0003119,IL0003119,SR039,C00250,P0072,2025-02-20,Accelerator,0.0154,1.21
COM0003120,T0003120,IL0003120,SR040,C00482,P0145,2026-10-18,Accelerator,0.0293,6.44
COM0003121,T0003121,IL0003121,SR001,C00248,P0025,2026-04-25,Accelerator,0.0346,9.22
COM0003122,T0003122,IL0003122,SR002,C00113,P0126,2026-10-21,New Account,0.0186,14.42
COM0003123,T0003123,IL0003123,SR003,C00286,P0028,2025-11-14,Accelerator,0.029,72.34
COM0003124,T0003124,IL0003124,SR004,C00382,P0033,2026-08-14,New Account,0.011,3.48
COM0003125,T0003125,IL0003125,SR005,C00426,P0057,2025-09-18,Accelerator,0.0504,17.99
COM0003126,T0003126,IL0003126,SR006,C00457,P0074,2025-07-05,New Account,0.053,32.18
COM0003127,T0003127,IL0003127,SR007,C00231,P0029,2025-08-15,New Account,0.0425,5.37
COM0003128,T0003128,IL0003128,SR008,C00486,P0074,2025-03-31,Accelerator,0.0407,16.27
COM0003129,T0003129,IL0003129,SR009,C00370,P0084,2026-11-01,Standard,0.0192,1.0
COM0003130,T0003130,IL0003130,SR010,C00108,P0042,2025-09-15,Accelerator,0.0592,86.62
COM0003131,T0003131,IL0003131,SR011,C00077,P0043,2026-10-07,Accelerator,0.0633,107.0
COM0003132,T0003132,IL0003132,SR012,C00472,P0140,2026-04-02,New Account,0.0168,7.14
COM0003133,T0003133,IL0003133,SR013,C00461,P0016,2025-02-14,New Account,0.0406,31.97
COM0003134,T0003134,IL0003134,SR014,C00146,P0104,2025-12-05,Standard,0.0367,50.26
COM0003135,T0003135,IL0003135,SR015,C00327,P0056,2026-03-08,New Account,0.0291,20.9
COM0003136,T0003136,IL0003136,SR016,C00481,P0017,2025-10-19,New Account,0.0577,70.64
COM0003137,T0003137,IL0003137,SR017,C00419,P0132,2025-03-11,Accelerator,0.055,25.67
COM0003138,T0003138,IL0003138,SR018,C00210,P0084,2026-08-17,New Account,0.0563,0.48
COM0003139,T0003139,IL0003139,SR019,C00094,P0146,2025-06-07,New Account,0.0365,29.33
COM0003140,T0003140,IL0003140,SR020,C00174,P0091,2025-09-29,New Account,0.0236,42.08
COM0003141,T0003141,IL0003141,SR021,C00480,P0110,2025-05-28,Standard,0.0137,1.85
COM0003142,T0003142,IL0003142,SR022,C00074,P0032,2026-07-27,New Account,0.0246,10.28
COM0003143,T0003143,IL0003143,SR023,C00017,P0023,2026-01-14,Standard,0.0317,44.45
COM0003144,T0003144,IL0003144,SR024,C00102,P0014,2025-12-03,Standard,0.0632,94.28
COM0003145,T0003145,IL0003145,SR025,C00487,P0113,2025-02-21,Accelerator,0.0313,9.59
COM0003146,T0003146,IL0003146,SR026,C00420,P0002,2026-12-02,Standard,0.0166,7.37
COM0003147,T0003147,IL0003147,SR027,C00297,P0047,2025-12-10,New Account,0.0386,20.26
COM0003148,T0003148,IL0003148,SR028,C00168,P0115,2025-05-27,New Account,0.0222,16.3
COM0003149,T0003149,IL0003149,SR029,C00243,P0015,2025-06-19,Accelerator,0.0493,27.91
COM0003150,T0003150,IL0003150,SR030,C00054,P0012,2026-02-12,New Account,0.0556,30.43
COM0003151,T0003151,IL0003151,SR031,C00087,P0129,2026-02-10,Accelerator,0.014,21.95
COM0003152,T0003152,IL0003152,SR032,C00310,P0066,2025-09-14,Accelerator,0.0132,11.7
COM0003153,T0003153,IL0003153,SR033,C00166,P0107,2026-12-26,Standard,0.0473,40.2
COM0003154,T0003154,IL0003154,SR034,C00127,P0140,2026-07-12,Standard,0.0135,3.86
COM0003155,T0003155,IL0003155,SR035,C00253,P0127,2025-07-28,Standard,0.0338,30.55
COM0003156,T0003156,IL0003156,SR036,C00040,P0099,2025-01-29,Accelerator,0.0435,12.75
COM0003157,T0003157,IL0003157,SR037,C00476,P0050,2025-03-16,New Account,0.0356,49.04
COM0003158,T0003158,IL0003158,SR038,C00024,P0047,2026-05-12,Accelerator,0.0307,11.78
COM0003159,T0003159,IL0003159,SR039,C00051,P0117,2025-09-08,New Account,0.0635,48.45
COM0003160,T0003160,IL0003160,SR040,C00488,P0119,2025-03-23,Standard,0.0148,22.74
COM0003161,T0003161,IL0003161,SR001,C00402,P0131,2025-08-12,Accelerator,0.0602,16.68
COM0003162,T0003162,IL0003162,SR002,C00030,P0142,2026-10-04,New Account,0.0369,0.6
COM0003163,T0003163,IL0003163,SR003,C00376,P0134,2026-11-04,Standard,0.0578,162.44
COM0003164,T0003164,IL0003164,SR004,C00342,P0004,2026-01-25,New Account,0.0268,46.2
COM0003165,T0003165,IL0003165,SR005,C00096,P0116,2025-12-25,Standard,0.0404,14.57
COM0003166,T0003166,IL0003166,SR006,C00372,P0075,2025-12-21,New Account,0.0418,115.49
COM0003167,T0003167,IL0003167,SR007,C00229,P0130,2026-02-15,Accelerator,0.0559,27.03
COM0003168,T0003168,IL0003168,SR008,C00092,P0082,2025-01-08,New Account,0.0428,19.47
COM0003169,T0003169,IL0003169,SR009,C00315,P0147,2025-02-11,Standard,0.0108,2.63
COM0003170,T0003170,IL0003170,SR010,C00406,P0051,2026-01-05,Standard,0.0404,39.87
COM0003171,T0003171,IL0003171,SR011,C00164,P0042,2026-05-29,Standard,0.0212,15.26
COM0003172,T0003172,IL0003172,SR012,C00376,P0002,2025-02-20,Accelerator,0.0399,49.52
COM0003173,T0003173,IL0003173,SR013,C00168,P0002,2025-11-26,Standard,0.0211,52.1
COM0003174,T0003174,IL0003174,SR014,C00290,P0007,2025-07-11,New Account,0.051,146.68
COM0003175,T0003175,IL0003175,SR015,C00459,P0051,2026-03-14,Accelerator,0.0521,13.3
COM0003176,T0003176,IL0003176,SR016,C00346,P0121,2025-03-09,Accelerator,0.0594,120.29
COM0003177,T0003177,IL0003177,SR017,C00291,P0112,2026-03-27,New Account,0.017,24.4
COM0003178,T0003178,IL0003178,SR018,C00378,P0007,2026-04-04,Standard,0.0354,33.98
COM0003179,T0003179,IL0003179,SR019,C00386,P0071,2025-04-13,New Account,0.0132,15.11
COM0003180,T0003180,IL0003180,SR020,C00205,P0008,2026-08-02,New Account,0.0433,11.97
COM0003181,T0003181,IL0003181,SR021,C00389,P0011,2026-04-23,Standard,0.0505,29.31
COM0003182,T0003182,IL0003182,SR022,C00226,P0118,2025-06-16,Accelerator,0.0381,57.04
COM0003183,T0003183,IL0003183,SR023,C00269,P0145,2025-10-02,Standard,0.0295,62.99
COM0003184,T0003184,IL0003184,SR024,C00111,P0087,2025-07-14,Accelerator,0.0499,1.13
COM0003185,T0003185,IL0003185,SR025,C00366,P0136,2025-07-20,New Account,0.0242,17.56
COM0003186,T0003186,IL0003186,SR026,C00408,P0089,2026-02-07,Standard,0.0266,21.65
COM0003187,T0003187,IL0003187,SR027,C00171,P0058,2025-09-12,Accelerator,0.0507,74.98
COM0003188,T0003188,IL0003188,SR028,C00060,P0068,2025-03-02,New Account,0.0572,12.01
COM0003189,T0003189,IL0003189,SR029,C00088,P0136,2026-02-15,Accelerator,0.0323,18.25
COM0003190,T0003190,IL0003190,SR030,C00379,P0079,2025-05-01,Standard,0.0336,43.31
COM0003191,T0003191,IL0003191,SR031,C00171,P0123,2026-08-05,Standard,0.0367,27.01
COM0003192,T0003192,IL0003192,SR032,C00259,P0029,2025-09-01,Standard,0.0314,3.01
COM0003193,T0003193,IL0003193,SR033,C00339,P0100,2025-09-15,Standard,0.0174,10.12
COM0003194,T0003194,IL0003194,SR034,C00317,P0136,2026-09-29,Accelerator,0.0573,91.63
COM0003195,T0003195,IL0003195,SR035,C00189,P0020,2025-09-25,Standard,0.0369,38.63
COM0003196,T0003196,IL0003196,SR036,C00088,P0067,2026-07-26,Accelerator,0.0257,29.83
COM0003197,T0003197,IL0003197,SR037,C00274,P0099,2026-05-05,Standard,0.0396,18.09
COM0003198,T0003198,IL0003198,SR038,C00200,P0030,2026-08-28,Accelerator,0.0192,32.48
COM0003199,T0003199,IL0003199,SR039,C00410,P0017,2025-05-31,Accelerator,0.0201,33.6
COM0003200,T0003200,IL0003200,SR040,C00180,P0149,2025-03-27,Accelerator,0.0334,3.25
COM0003201,T0003201,IL0003201,SR001,C00390,P0014,2025-09-18,Standard,0.0457,25.53
COM0003202,T0003202,IL0003202,SR002,C00069,P0029,2026-10-17,New Account,0.0316,6.18
COM0003203,T0003203,IL0003203,SR003,C00317,P0102,2026-04-19,Accelerator,0.0308,42.9
COM0003204,T0003204,IL0003204,SR004,C00132,P0101,2025-05-20,Accelerator,0.0402,28.63
COM0003205,T0003205,IL0003205,SR005,C00189,P0044,2026-08-16,Standard,0.0293,37.98
COM0003206,T0003206,IL0003206,SR006,C00360,P0129,2026-05-17,Standard,0.0344,4.07
COM0003207,T0003207,IL0003207,SR007,C00200,P0114,2025-08-02,Accelerator,0.0289,1.59
COM0003208,T0003208,IL0003208,SR008,C00163,P0002,2025-04-16,New Account,0.0401,28.74
COM0003209,T0003209,IL0003209,SR009,C00324,P0105,2026-07-19,Accelerator,0.0543,55.65
COM0003210,T0003210,IL0003210,SR010,C00465,P0125,2025-01-18,New Account,0.0507,20.47
COM0003211,T0003211,IL0003211,SR011,C00147,P0027,2026-11-03,Standard,0.0584,7.96
COM0003212,T0003212,IL0003212,SR012,C00120,P0083,2026-10-11,Standard,0.0139,8.78
COM0003213,T0003213,IL0003213,SR013,C00020,P0115,2025-12-05,New Account,0.0237,37.95
COM0003214,T0003214,IL0003214,SR014,C00373,P0040,2025-12-28,New Account,0.011,1.0
COM0003215,T0003215,IL0003215,SR015,C00027,P0022,2026-10-18,New Account,0.0399,53.23
COM0003216,T0003216,IL0003216,SR016,C00390,P0110,2026-12-04,Standard,0.0607,13.88
COM0003217,T0003217,IL0003217,SR017,C00031,P0058,2025-05-26,New Account,0.0622,37.19
COM0003218,T0003218,IL0003218,SR018,C00145,P0037,2025-05-12,Accelerator,0.0369,85.16
COM0003219,T0003219,IL0003219,SR019,C00483,P0124,2026-11-23,Accelerator,0.015,7.79
COM0003220,T0003220,IL0003220,SR020,C00262,P0091,2025-03-02,New Account,0.0343,2.22
COM0003221,T0003221,IL0003221,SR021,C00230,P0037,2025-07-13,Standard,0.0479,29.03
COM0003222,T0003222,IL0003222,SR022,C00053,P0017,2025-10-21,Accelerator,0.055,22.24
COM0003223,T0003223,IL0003223,SR023,C00259,P0096,2025-03-04,Standard,0.0173,3.87
COM0003224,T0003224,IL0003224,SR024,C00323,P0051,2025-01-17,New Account,0.045,29.22
COM0003225,T0003225,IL0003225,SR025,C00249,P0106,2026-03-02,New Account,0.0124,25.29
COM0003226,T0003226,IL0003226,SR026,C00170,P0015,2025-11-02,Standard,0.0292,35.99
COM0003227,T0003227,IL0003227,SR027,C00056,P0013,2025-04-24,Accelerator,0.0123,16.54
COM0003228,T0003228,IL0003228,SR028,C00354,P0064,2025-07-16,Accelerator,0.0542,6.42
COM0003229,T0003229,IL0003229,SR029,C00238,P0006,2025-01-30,Accelerator,0.0593,36.35
COM0003230,T0003230,IL0003230,SR030,C00064,P0077,2026-10-10,Accelerator,0.0574,80.82
COM0003231,T0003231,IL0003231,SR031,C00339,P0035,2025-09-19,New Account,0.0648,107.37
COM0003232,T0003232,IL0003232,SR032,C00086,P0009,2025-12-20,Accelerator,0.0483,44.61
COM0003233,T0003233,IL0003233,SR033,C00093,P0138,2026-07-14,Standard,0.0284,80.6
COM0003234,T0003234,IL0003234,SR034,C00426,P0092,2025-11-04,Standard,0.0353,52.39
COM0003235,T0003235,IL0003235,SR035,C00337,P0076,2026-02-08,Accelerator,0.0438,31.03
COM0003236,T0003236,IL0003236,SR036,C00447,P0040,2025-11-07,Standard,0.0619,68.0
COM0003237,T0003237,IL0003237,SR037,C00307,P0089,2026-05-15,New Account,0.0524,35.31
COM0003238,T0003238,IL0003238,SR038,C00074,P0088,2026-05-17,Accelerator,0.0429,27.86
COM0003239,T0003239,IL0003239,SR039,C00425,P0127,2025-02-03,New Account,0.0293,31.61
COM0003240,T0003240,IL0003240,SR040,C00301,P0033,2026-05-15,Standard,0.051,99.43
COM0003241,T0003241,IL0003241,SR001,C00472,P0052,2026-12-30,Standard,0.0504,116.62
COM0003242,T0003242,IL0003242,SR002,C00267,P0131,2026-02-05,Standard,0.0261,19.88
COM0003243,T0003243,IL0003243,SR003,C00287,P0150,2026-03-01,New Account,0.0641,9.88
COM0003244,T0003244,IL0003244,SR004,C00161,P0031,2026-01-15,Accelerator,0.032,19.88
COM0003245,T0003245,IL0003245,SR005,C00477,P0020,2026-01-16,Standard,0.056,20.03
COM0003246,T0003246,IL0003246,SR006,C00231,P0080,2026-08-05,New Account,0.0263,34.0
COM0003247,T0003247,IL0003247,SR007,C00044,P0147,2025-07-22,New Account,0.0182,2.75
COM0003248,T0003248,IL0003248,SR008,C00093,P0089,2025-07-07,Standard,0.0448,9.94
COM0003249,T0003249,IL0003249,SR009,C00057,P0125,2025-01-11,Standard,0.0532,57.49
COM0003250,T0003250,IL0003250,SR010,C00009,P0135,2026-10-30,Accelerator,0.01,5.34
COM0003251,T0003251,IL0003251,SR011,C00106,P0091,2026-04-27,Standard,0.0544,54.74
COM0003252,T0003252,IL0003252,SR012,C00451,P0003,2025-11-02,Standard,0.0408,44.31
COM0003253,T0003253,IL0003253,SR013,C00156,P0098,2026-04-01,Accelerator,0.0356,10.76
COM0003254,T0003254,IL0003254,SR014,C00007,P0063,2025-06-04,Accelerator,0.0306,0.9
COM0003255,T0003255,IL0003255,SR015,C00339,P0018,2025-05-23,Accelerator,0.0636,28.89
COM0003256,T0003256,IL0003256,SR016,C00239,P0125,2025-03-22,Accelerator,0.0499,7.93
COM0003257,T0003257,IL0003257,SR017,C00246,P0045,2025-11-08,Standard,0.0153,4.49
COM0003258,T0003258,IL0003258,SR018,C00252,P0013,2026-12-02,Standard,0.0201,32.27
COM0003259,T0003259,IL0003259,SR019,C00338,P0052,2025-04-21,Accelerator,0.0458,47.87
COM0003260,T0003260,IL0003260,SR020,C00176,P0013,2026-10-09,New Account,0.0286,3.67
COM0003261,T0003261,IL0003261,SR021,C00078,P0073,2025-12-04,Standard,0.0246,32.56
COM0003262,T0003262,IL0003262,SR022,C00461,P0044,2026-05-30,Accelerator,0.0254,4.07
COM0003263,T0003263,IL0003263,SR023,C00210,P0091,2025-03-28,New Account,0.0492,97.5
COM0003264,T0003264,IL0003264,SR024,C00430,P0146,2025-04-22,New Account,0.0593,62.5
COM0003265,T0003265,IL0003265,SR025,C00298,P0076,2025-09-27,Standard,0.0624,66.51
COM0003266,T0003266,IL0003266,SR026,C00471,P0139,2025-09-01,Accelerator,0.0636,58.42
COM0003267,T0003267,IL0003267,SR027,C00358,P0095,2025-04-03,Standard,0.0425,58.52
COM0003268,T0003268,IL0003268,SR028,C00492,P0049,2026-01-09,Accelerator,0.0541,5.54
COM0003269,T0003269,IL0003269,SR029,C00344,P0059,2025-12-02,New Account,0.0475,7.08
COM0003270,T0003270,IL0003270,SR030,C00475,P0055,2025-08-17,Standard,0.026,12.77
COM0003271,T0003271,IL0003271,SR031,C00227,P0042,2025-08-14,Standard,0.0327,25.19
COM0003272,T0003272,IL0003272,SR032,C00236,P0026,2025-01-01,New Account,0.027,0.41
COM0003273,T0003273,IL0003273,SR033,C00245,P0009,2026-05-16,Accelerator,0.025,15.67
COM0003274,T0003274,IL0003274,SR034,C00139,P0109,2025-12-16,Accelerator,0.0145,21.4
COM0003275,T0003275,IL0003275,SR035,C00030,P0042,2025-05-08,Standard,0.0217,26.77
COM0003276,T0003276,IL0003276,SR036,C00399,P0131,2026-05-23,Accelerator,0.025,2.96
COM0003277,T0003277,IL0003277,SR037,C00404,P0120,2026-09-15,New Account,0.0636,1.28
COM0003278,T0003278,IL0003278,SR038,C00132,P0101,2025-11-24,Accelerator,0.0118,9.61
COM0003279,T0003279,IL0003279,SR039,C00284,P0071,2025-02-03,New Account,0.0483,8.95
COM0003280,T0003280,IL0003280,SR040,C00180,P0076,2025-01-14,Accelerator,0.0417,78.7
COM0003281,T0003281,IL0003281,SR001,C00022,P0051,2026-11-03,Standard,0.0412,61.4
COM0003282,T0003282,IL0003282,SR002,C00319,P0010,2026-04-05,Standard,0.0543,12.48
COM0003283,T0003283,IL0003283,SR003,C00199,P0043,2026-10-10,Standard,0.0268,74.37
COM0003284,T0003284,IL0003284,SR004,C00289,P0121,2025-08-06,Standard,0.0495,33.19
COM0003285,T0003285,IL0003285,SR005,C00083,P0146,2025-09-02,New Account,0.0161,29.32
COM0003286,T0003286,IL0003286,SR006,C00287,P0021,2025-11-13,New Account,0.0598,19.28
COM0003287,T0003287,IL0003287,SR007,C00208,P0116,2026-04-05,Standard,0.0295,6.94
COM0003288,T0003288,IL0003288,SR008,C00031,P0040,2025-08-22,New Account,0.043,39.1
COM0003289,T0003289,IL0003289,SR009,C00108,P0107,2025-01-14,Standard,0.0237,22.63
COM0003290,T0003290,IL0003290,SR010,C00194,P0083,2025-06-29,Accelerator,0.0611,18.02
COM0003291,T0003291,IL0003291,SR011,C00382,P0080,2026-12-13,Accelerator,0.0507,30.69
COM0003292,T0003292,IL0003292,SR012,C00273,P0038,2026-06-15,Accelerator,0.036,19.58
COM0003293,T0003293,IL0003293,SR013,C00391,P0027,2025-04-17,Standard,0.0305,41.35
COM0003294,T0003294,IL0003294,SR014,C00377,P0108,2025-10-21,Standard,0.0213,3.37
COM0003295,T0003295,IL0003295,SR015,C00259,P0054,2025-07-27,New Account,0.0255,9.73
COM0003296,T0003296,IL0003296,SR016,C00154,P0089,2026-10-03,Accelerator,0.0599,44.64
COM0003297,T0003297,IL0003297,SR017,C00143,P0083,2025-05-22,Standard,0.0612,7.45
COM0003298,T0003298,IL0003298,SR018,C00207,P0050,2025-05-17,New Account,0.0405,8.18
COM0003299,T0003299,IL0003299,SR019,C00046,P0097,2026-04-21,New Account,0.0609,133.06
COM0003300,T0003300,IL0003300,SR020,C00491,P0065,2026-04-19,Standard,0.0551,96.82
COM0003301,T0003301,IL0003301,SR021,C00143,P0121,2026-10-30,New Account,0.0605,115.87
COM0003302,T0003302,IL0003302,SR022,C00080,P0046,2026-09-18,New Account,0.0373,7.96
COM0003303,T0003303,IL0003303,SR023,C00444,P0101,2025-01-01,Standard,0.0523,28.95
COM0003304,T0003304,IL0003304,SR024,C00432,P0139,2025-03-07,Standard,0.0618,18.43
COM0003305,T0003305,IL0003305,SR025,C00178,P0103,2025-08-26,Accelerator,0.0183,0.78
COM0003306,T0003306,IL0003306,SR026,C00158,P0115,2025-01-10,New Account,0.0103,29.59
COM0003307,T0003307,IL0003307,SR027,C00100,P0038,2025-04-05,Standard,0.0109,2.11
COM0003308,T0003308,IL0003308,SR028,C00225,P0099,2025-11-02,New Account,0.0278,64.87
COM0003309,T0003309,IL0003309,SR029,C00307,P0075,2026-06-18,Standard,0.039,93.13
COM0003310,T0003310,IL0003310,SR030,C00022,P0027,2026-02-01,New Account,0.042,26.16
COM0003311,T0003311,IL0003311,SR031,C00312,P0013,2025-11-16,Standard,0.0589,73.02
COM0003312,T0003312,IL0003312,SR032,C00363,P0057,2026-10-30,Accelerator,0.0612,77.05
COM0003313,T0003313,IL0003313,SR033,C00269,P0071,2025-05-28,New Account,0.0612,38.48
COM0003314,T0003314,IL0003314,SR034,C00078,P0042,2026-01-23,New Account,0.0245,6.09
COM0003315,T0003315,IL0003315,SR035,C00383,P0012,2026-03-01,New Account,0.0574,49.18
COM0003316,T0003316,IL0003316,SR036,C00103,P0131,2025-12-10,Standard,0.0533,28.47
COM0003317,T0003317,IL0003317,SR037,C00321,P0126,2026-02-03,Standard,0.0572,54.66
COM0003318,T0003318,IL0003318,SR038,C00448,P0046,2025-02-27,Accelerator,0.0193,14.7
COM0003319,T0003319,IL0003319,SR039,C00410,P0018,2025-03-20,Accelerator,0.0647,128.94
COM0003320,T0003320,IL0003320,SR040,C00431,P0109,2025-02-01,Standard,0.0177,6.57
COM0003321,T0003321,IL0003321,SR001,C00234,P0148,2025-09-18,New Account,0.064,36.66
COM0003322,T0003322,IL0003322,SR002,C00092,P0041,2026-08-16,Standard,0.0332,17.78
COM0003323,T0003323,IL0003323,SR003,C00182,P0036,2026-11-28,New Account,0.0494,103.33
COM0003324,T0003324,IL0003324,SR004,C00436,P0084,2025-02-16,Accelerator,0.0546,101.81
COM0003325,T0003325,IL0003325,SR005,C00028,P0064,2025-09-02,New Account,0.0288,6.0
COM0003326,T0003326,IL0003326,SR006,C00259,P0073,2025-08-24,New Account,0.0114,2.26
COM0003327,T0003327,IL0003327,SR007,C00306,P0150,2025-08-04,Standard,0.0192,5.44
COM0003328,T0003328,IL0003328,SR008,C00328,P0066,2026-02-25,New Account,0.0271,23.73
COM0003329,T0003329,IL0003329,SR009,C00387,P0070,2025-02-28,Accelerator,0.0372,71.89
COM0003330,T0003330,IL0003330,SR010,C00054,P0016,2025-06-24,Accelerator,0.0451,7.24
COM0003331,T0003331,IL0003331,SR011,C00482,P0065,2026-05-12,Accelerator,0.018,0.85
COM0003332,T0003332,IL0003332,SR012,C00169,P0125,2026-02-10,Accelerator,0.0516,46.32
COM0003333,T0003333,IL0003333,SR013,C00393,P0075,2025-03-01,New Account,0.0543,13.79
COM0003334,T0003334,IL0003334,SR014,C00183,P0034,2025-06-07,Standard,0.0164,1.79
COM0003335,T0003335,IL0003335,SR015,C00169,P0124,2026-12-27,New Account,0.0273,10.17
COM0003336,T0003336,IL0003336,SR016,C00219,P0051,2025-04-12,Standard,0.034,48.25
COM0003337,T0003337,IL0003337,SR017,C00454,P0069,2026-01-30,Accelerator,0.0306,23.71
COM0003338,T0003338,IL0003338,SR018,C00380,P0102,2025-05-19,Accelerator,0.0178,32.7
COM0003339,T0003339,IL0003339,SR019,C00443,P0008,2026-12-23,New Account,0.0599,8.26
COM0003340,T0003340,IL0003340,SR020,C00345,P0116,2025-07-26,Standard,0.0212,1.5
COM0003341,T0003341,IL0003341,SR021,C00422,P0100,2026-01-09,Standard,0.0494,82.91
COM0003342,T0003342,IL0003342,SR022,C00011,P0088,2025-09-14,New Account,0.0163,16.41
COM0003343,T0003343,IL0003343,SR023,C00151,P0029,2025-01-21,New Account,0.0513,41.78
COM0003344,T0003344,IL0003344,SR024,C00258,P0130,2026-12-03,Standard,0.0607,118.04
COM0003345,T0003345,IL0003345,SR025,C00119,P0106,2025-07-05,New Account,0.0136,18.38
COM0003346,T0003346,IL0003346,SR026,C00478,P0029,2026-04-06,New Account,0.0475,36.94
COM0003347,T0003347,IL0003347,SR027,C00086,P0126,2025-05-01,Standard,0.0616,94.0
COM0003348,T0003348,IL0003348,SR028,C00327,P0136,2025-01-27,Standard,0.0164,6.84
COM0003349,T0003349,IL0003349,SR029,C00362,P0072,2025-03-05,Standard,0.0464,108.37
COM0003350,T0003350,IL0003350,SR030,C00223,P0066,2025-05-07,Standard,0.0136,28.43
COM0003351,T0003351,IL0003351,SR031,C00190,P0106,2026-04-01,Accelerator,0.0642,14.58
COM0003352,T0003352,IL0003352,SR032,C00249,P0041,2026-09-14,Standard,0.0127,16.56
COM0003353,T0003353,IL0003353,SR033,C00474,P0053,2026-04-10,Standard,0.0629,84.32
COM0003354,T0003354,IL0003354,SR034,C00471,P0123,2026-10-20,New Account,0.0319,31.77
COM0003355,T0003355,IL0003355,SR035,C00429,P0144,2026-04-18,New Account,0.058,137.09
COM0003356,T0003356,IL0003356,SR036,C00366,P0015,2026-10-26,New Account,0.0508,69.31
COM0003357,T0003357,IL0003357,SR037,C00359,P0006,2025-08-18,Standard,0.0445,15.39
COM0003358,T0003358,IL0003358,SR038,C00350,P0102,2026-02-23,Standard,0.0368,37.18
COM0003359,T0003359,IL0003359,SR039,C00377,P0120,2026-12-25,Accelerator,0.0294,32.84
COM0003360,T0003360,IL0003360,SR040,C00081,P0146,2026-04-15,New Account,0.0505,5.87
COM0003361,T0003361,IL0003361,SR001,C00435,P0113,2025-06-21,New Account,0.0374,23.43
COM0003362,T0003362,IL0003362,SR002,C00159,P0108,2026-06-07,Standard,0.0597,28.66
COM0003363,T0003363,IL0003363,SR003,C00023,P0053,2026-11-01,Standard,0.0496,2.8
COM0003364,T0003364,IL0003364,SR004,C00122,P0066,2025-03-08,Standard,0.0437,29.04
COM0003365,T0003365,IL0003365,SR005,C00223,P0104,2026-03-26,Accelerator,0.0105,11.39
COM0003366,T0003366,IL0003366,SR006,C00290,P0072,2026-02-26,New Account,0.0331,16.98
COM0003367,T0003367,IL0003367,SR007,C00284,P0018,2026-01-10,New Account,0.0108,2.98
COM0003368,T0003368,IL0003368,SR008,C00287,P0099,2026-11-01,Standard,0.015,11.07
COM0003369,T0003369,IL0003369,SR009,C00188,P0128,2026-11-13,New Account,0.0285,57.47
COM0003370,T0003370,IL0003370,SR010,C00048,P0033,2025-10-24,Standard,0.0195,32.71
COM0003371,T0003371,IL0003371,SR011,C00288,P0102,2025-11-22,Standard,0.0274,21.61
COM0003372,T0003372,IL0003372,SR012,C00045,P0124,2026-01-10,Accelerator,0.0162,29.3
COM0003373,T0003373,IL0003373,SR013,C00428,P0045,2025-03-10,Accelerator,0.0228,7.58
COM0003374,T0003374,IL0003374,SR014,C00217,P0041,2026-05-20,Standard,0.0342,36.31
COM0003375,T0003375,IL0003375,SR015,C00395,P0086,2026-03-18,Accelerator,0.0273,20.21
COM0003376,T0003376,IL0003376,SR016,C00049,P0001,2026-06-07,New Account,0.0548,47.59
COM0003377,T0003377,IL0003377,SR017,C00308,P0065,2026-07-23,New Account,0.0397,72.25
COM0003378,T0003378,IL0003378,SR018,C00415,P0035,2025-05-03,Accelerator,0.0554,25.33
COM0003379,T0003379,IL0003379,SR019,C00413,P0004,2026-07-09,Standard,0.0182,5.59
COM0003380,T0003380,IL0003380,SR020,C00430,P0029,2026-07-21,Accelerator,0.0503,36.38
COM0003381,T0003381,IL0003381,SR021,C00303,P0010,2026-08-29,New Account,0.0574,25.8
COM0003382,T0003382,IL0003382,SR022,C00039,P0042,2026-10-14,New Account,0.0193,42.07
COM0003383,T0003383,IL0003383,SR023,C00290,P0135,2025-12-22,Accelerator,0.0436,78.89
COM0003384,T0003384,IL0003384,SR024,C00462,P0083,2026-08-22,New Account,0.0139,5.18
COM0003385,T0003385,IL0003385,SR025,C00190,P0107,2026-03-20,Standard,0.0278,52.85
COM0003386,T0003386,IL0003386,SR026,C00109,P0006,2025-04-09,New Account,0.0347,66.65
COM0003387,T0003387,IL0003387,SR027,C00204,P0070,2025-04-13,Accelerator,0.0369,5.01
COM0003388,T0003388,IL0003388,SR028,C00434,P0058,2025-05-11,New Account,0.0614,143.31
COM0003389,T0003389,IL0003389,SR029,C00212,P0026,2025-07-10,Standard,0.0563,66.9
COM0003390,T0003390,IL0003390,SR030,C00353,P0083,2025-01-14,Accelerator,0.0445,29.69
COM0003391,T0003391,IL0003391,SR031,C00346,P0122,2025-05-25,Accelerator,0.052,57.45
COM0003392,T0003392,IL0003392,SR032,C00101,P0046,2026-09-20,New Account,0.0408,73.29
COM0003393,T0003393,IL0003393,SR033,C00241,P0088,2025-06-28,Standard,0.0619,15.97
COM0003394,T0003394,IL0003394,SR034,C00428,P0144,2026-04-27,Standard,0.0555,43.3
COM0003395,T0003395,IL0003395,SR035,C00042,P0007,2026-05-25,New Account,0.0371,16.3
COM0003396,T0003396,IL0003396,SR036,C00115,P0094,2026-04-11,New Account,0.0612,13.53
COM0003397,T0003397,IL0003397,SR037,C00377,P0032,2025-09-02,Accelerator,0.0125,23.6
COM0003398,T0003398,IL0003398,SR038,C00492,P0066,2026-05-14,Accelerator,0.0598,106.41
COM0003399,T0003399,IL0003399,SR039,C00118,P0131,2026-07-19,New Account,0.0324,32.9
COM0003400,T0003400,IL0003400,SR040,C00403,P0089,2026-05-03,Standard,0.0398,35.98
COM0003401,T0003401,IL0003401,SR001,C00136,P0033,2025-05-18,Accelerator,0.0121,16.35
COM0003402,T0003402,IL0003402,SR002,C00338,P0134,2025-04-20,Accelerator,0.0419,19.32
COM0003403,T0003403,IL0003403,SR003,C00272,P0059,2025-07-14,Standard,0.0642,100.24
COM0003404,T0003404,IL0003404,SR004,C00147,P0119,2026-11-15,New Account,0.0488,43.69
COM0003405,T0003405,IL0003405,SR005,C00488,P0063,2026-12-20,New Account,0.0442,25.95
COM0003406,T0003406,IL0003406,SR006,C00437,P0108,2025-03-25,Standard,0.0646,44.07
COM0003407,T0003407,IL0003407,SR007,C00404,P0112,2026-06-14,New Account,0.0572,104.34
COM0003408,T0003408,IL0003408,SR008,C00070,P0017,2026-08-23,New Account,0.051,60.47
COM0003409,T0003409,IL0003409,SR009,C00110,P0127,2026-04-17,Accelerator,0.0287,41.03
COM0003410,T0003410,IL0003410,SR010,C00484,P0127,2026-07-31,Standard,0.0391,18.07
COM0003411,T0003411,IL0003411,SR011,C00064,P0006,2026-10-23,Standard,0.0649,27.71
COM0003412,T0003412,IL0003412,SR012,C00251,P0083,2025-11-26,Standard,0.0342,9.83
COM0003413,T0003413,IL0003413,SR013,C00402,P0004,2026-12-16,Accelerator,0.0194,0.09
COM0003414,T0003414,IL0003414,SR014,C00248,P0076,2025-06-28,Standard,0.0536,53.39
COM0003415,T0003415,IL0003415,SR015,C00059,P0117,2025-12-20,Accelerator,0.024,13.52
COM0003416,T0003416,IL0003416,SR016,C00119,P0111,2025-12-02,New Account,0.0347,50.16
COM0003417,T0003417,IL0003417,SR017,C00273,P0124,2025-12-09,Standard,0.0357,2.73
COM0003418,T0003418,IL0003418,SR018,C00039,P0047,2026-05-04,Standard,0.0132,2.3
COM0003419,T0003419,IL0003419,SR019,C00202,P0106,2026-02-08,New Account,0.0356,84.27
COM0003420,T0003420,IL0003420,SR020,C00149,P0059,2025-06-24,New Account,0.0139,12.87
COM0003421,T0003421,IL0003421,SR021,C00477,P0147,2026-02-01,Accelerator,0.047,33.81
COM0003422,T0003422,IL0003422,SR022,C00497,P0144,2026-05-01,New Account,0.0514,11.53
COM0003423,T0003423,IL0003423,SR023,C00384,P0019,2026-03-02,New Account,0.0338,10.06
COM0003424,T0003424,IL0003424,SR024,C00203,P0046,2026-08-10,New Account,0.0464,36.37
COM0003425,T0003425,IL0003425,SR025,C00202,P0103,2025-12-11,Standard,0.0156,0.21
COM0003426,T0003426,IL0003426,SR026,C00200,P0067,2025-03-21,New Account,0.0532,66.09
COM0003427,T0003427,IL0003427,SR027,C00056,P0024,2026-05-29,Standard,0.0408,60.45
COM0003428,T0003428,IL0003428,SR028,C00127,P0107,2026-10-09,Standard,0.0349,15.56
COM0003429,T0003429,IL0003429,SR029,C00241,P0016,2026-04-17,New Account,0.0338,22.73
COM0003430,T0003430,IL0003430,SR030,C00197,P0025,2026-09-12,Standard,0.0331,38.65
COM0003431,T0003431,IL0003431,SR031,C00423,P0027,2026-12-14,Standard,0.0198,6.06
COM0003432,T0003432,IL0003432,SR032,C00433,P0138,2026-07-13,New Account,0.0366,6.4
COM0003433,T0003433,IL0003433,SR033,C00331,P0096,2026-10-03,Accelerator,0.0274,42.16
COM0003434,T0003434,IL0003434,SR034,C00113,P0095,2025-06-08,New Account,0.0294,16.22
COM0003435,T0003435,IL0003435,SR035,C00078,P0038,2026-11-14,New Account,0.0212,13.41
COM0003436,T0003436,IL0003436,SR036,C00192,P0050,2025-04-17,Standard,0.0479,35.57
COM0003437,T0003437,IL0003437,SR037,C00185,P0083,2026-11-24,Standard,0.0441,74.83
COM0003438,T0003438,IL0003438,SR038,C00372,P0013,2025-12-28,Standard,0.0544,17.73
COM0003439,T0003439,IL0003439,SR039,C00174,P0139,2026-11-25,Accelerator,0.0493,1.68
COM0003440,T0003440,IL0003440,SR040,C00252,P0067,2026-09-01,Accelerator,0.0252,31.87
COM0003441,T0003441,IL0003441,SR001,C00403,P0076,2026-01-29,Standard,0.0297,16.1
COM0003442,T0003442,IL0003442,SR002,C00488,P0123,2025-07-23,Standard,0.0586,9.27
COM0003443,T0003443,IL0003443,SR003,C00001,P0047,2025-12-20,New Account,0.0453,41.3
COM0003444,T0003444,IL0003444,SR004,C00308,P0075,2025-04-29,Standard,0.047,76.84
COM0003445,T0003445,IL0003445,SR005,C00219,P0042,2026-08-01,New Account,0.0183,2.49
COM0003446,T0003446,IL0003446,SR006,C00298,P0030,2025-11-21,New Account,0.0337,14.72
COM0003447,T0003447,IL0003447,SR007,C00271,P0135,2026-10-24,New Account,0.0117,16.19
COM0003448,T0003448,IL0003448,SR008,C00126,P0029,2025-04-30,Accelerator,0.0495,44.17
COM0003449,T0003449,IL0003449,SR009,C00164,P0047,2026-08-02,New Account,0.0298,23.23
COM0003450,T0003450,IL0003450,SR010,C00234,P0114,2026-06-12,New Account,0.0364,72.69
COM0003451,T0003451,IL0003451,SR011,C00171,P0096,2026-04-26,Standard,0.0183,45.38
COM0003452,T0003452,IL0003452,SR012,C00302,P0004,2025-11-28,Standard,0.0242,15.78
COM0003453,T0003453,IL0003453,SR013,C00293,P0058,2025-03-10,Accelerator,0.0266,42.91
COM0003454,T0003454,IL0003454,SR014,C00120,P0064,2026-09-17,Standard,0.034,29.97
COM0003455,T0003455,IL0003455,SR015,C00344,P0139,2026-08-23,Accelerator,0.0433,54.81
COM0003456,T0003456,IL0003456,SR016,C00287,P0126,2026-05-17,New Account,0.0286,37.81
COM0003457,T0003457,IL0003457,SR017,C00127,P0013,2026-03-12,New Account,0.0364,44.99
COM0003458,T0003458,IL0003458,SR018,C00256,P0146,2026-08-06,Standard,0.0578,121.78
COM0003459,T0003459,IL0003459,SR019,C00339,P0012,2026-01-08,New Account,0.0645,32.53
COM0003460,T0003460,IL0003460,SR020,C00009,P0114,2025-03-25,Accelerator,0.0338,31.37
COM0003461,T0003461,IL0003461,SR021,C00009,P0086,2025-09-01,New Account,0.0192,22.16
COM0003462,T0003462,IL0003462,SR022,C00085,P0072,2026-03-29,Standard,0.0374,15.51
COM0003463,T0003463,IL0003463,SR023,C00156,P0002,2026-05-28,Standard,0.0555,68.95
COM0003464,T0003464,IL0003464,SR024,C00245,P0037,2026-10-04,Accelerator,0.0424,31.73
COM0003465,T0003465,IL0003465,SR025,C00437,P0012,2025-07-14,Standard,0.0253,29.95
COM0003466,T0003466,IL0003466,SR026,C00424,P0047,2025-01-29,Standard,0.0355,96.95
COM0003467,T0003467,IL0003467,SR027,C00088,P0080,2026-08-11,New Account,0.0642,40.19
COM0003468,T0003468,IL0003468,SR028,C00191,P0136,2026-06-26,Standard,0.0312,2.99
COM0003469,T0003469,IL0003469,SR029,C00217,P0114,2025-05-07,Accelerator,0.0384,24.52
COM0003470,T0003470,IL0003470,SR030,C00289,P0092,2025-12-25,New Account,0.0467,46.22
COM0003471,T0003471,IL0003471,SR031,C00455,P0114,2026-11-17,New Account,0.054,17.03
COM0003472,T0003472,IL0003472,SR032,C00281,P0017,2026-05-30,Accelerator,0.0501,133.01
COM0003473,T0003473,IL0003473,SR033,C00323,P0039,2026-04-29,Standard,0.0339,8.1
COM0003474,T0003474,IL0003474,SR034,C00297,P0063,2025-11-07,New Account,0.0146,13.68
COM0003475,T0003475,IL0003475,SR035,C00196,P0112,2026-10-07,Standard,0.0387,34.55
COM0003476,T0003476,IL0003476,SR036,C00172,P0142,2025-11-16,Standard,0.0472,9.18
COM0003477,T0003477,IL0003477,SR037,C00020,P0099,2026-11-30,New Account,0.0456,50.67
COM0003478,T0003478,IL0003478,SR038,C00472,P0058,2025-02-11,Accelerator,0.0355,23.99
COM0003479,T0003479,IL0003479,SR039,C00249,P0010,2025-04-10,New Account,0.0522,19.13
COM0003480,T0003480,IL0003480,SR040,C00447,P0105,2026-10-14,New Account,0.0255,26.2
COM0003481,T0003481,IL0003481,SR001,C00010,P0070,2026-07-16,Accelerator,0.0275,64.1
COM0003482,T0003482,IL0003482,SR002,C00379,P0113,2025-04-23,Accelerator,0.0277,48.67
COM0003483,T0003483,IL0003483,SR003,C00497,P0105,2026-02-12,Accelerator,0.0455,21.08
COM0003484,T0003484,IL0003484,SR004,C00050,P0094,2026-07-17,Standard,0.0219,5.26
COM0003485,T0003485,IL0003485,SR005,C00113,P0108,2025-12-24,Standard,0.0369,12.89
COM0003486,T0003486,IL0003486,SR006,C00182,P0128,2026-08-22,Accelerator,0.0275,24.57
COM0003487,T0003487,IL0003487,SR007,C00463,P0060,2026-04-23,Accelerator,0.0519,20.59
COM0003488,T0003488,IL0003488,SR008,C00136,P0065,2025-03-26,New Account,0.0362,16.4
COM0003489,T0003489,IL0003489,SR009,C00350,P0129,2025-12-20,Standard,0.049,86.32
COM0003490,T0003490,IL0003490,SR010,C00428,P0057,2025-04-28,Standard,0.0252,7.84
COM0003491,T0003491,IL0003491,SR011,C00228,P0064,2025-07-16,Standard,0.0179,35.94
COM0003492,T0003492,IL0003492,SR012,C00145,P0031,2026-05-13,New Account,0.036,25.42
COM0003493,T0003493,IL0003493,SR013,C00080,P0084,2025-10-17,New Account,0.0354,27.82
COM0003494,T0003494,IL0003494,SR014,C00481,P0032,2025-09-19,Accelerator,0.0246,6.36
COM0003495,T0003495,IL0003495,SR015,C00444,P0124,2025-05-25,New Account,0.0275,0.68
COM0003496,T0003496,IL0003496,SR016,C00357,P0004,2025-06-26,Accelerator,0.0439,20.61
COM0003497,T0003497,IL0003497,SR017,C00272,P0027,2026-05-16,New Account,0.0267,10.65
COM0003498,T0003498,IL0003498,SR018,C00225,P0075,2026-03-16,Accelerator,0.0475,77.6
COM0003499,T0003499,IL0003499,SR019,C00328,P0118,2026-04-03,Accelerator,0.0475,39.88
COM0003500,T0003500,IL0003500,SR020,C00081,P0104,2026-05-22,Accelerator,0.0528,44.22
COM0003501,T0003501,IL0003501,SR021,C00331,P0129,2026-03-26,Accelerator,0.0174,1.77
COM0003502,T0003502,IL0003502,SR022,C00008,P0088,2026-09-04,New Account,0.0594,10.35
COM0003503,T0003503,IL0003503,SR023,C00482,P0025,2026-11-12,Standard,0.0252,0.47
COM0003504,T0003504,IL0003504,SR024,C00447,P0057,2025-05-03,New Account,0.0558,132.06
COM0003505,T0003505,IL0003505,SR025,C00458,P0062,2026-11-16,New Account,0.0248,39.13
COM0003506,T0003506,IL0003506,SR026,C00345,P0097,2025-01-23,New Account,0.0312,1.47
COM0003507,T0003507,IL0003507,SR027,C00468,P0045,2026-02-25,New Account,0.0376,58.0
COM0003508,T0003508,IL0003508,SR028,C00357,P0038,2026-07-18,New Account,0.0183,9.09
COM0003509,T0003509,IL0003509,SR029,C00166,P0123,2025-03-21,Accelerator,0.0263,70.03
COM0003510,T0003510,IL0003510,SR030,C00329,P0091,2026-05-05,Accelerator,0.0153,19.28
COM0003511,T0003511,IL0003511,SR031,C00477,P0042,2026-07-25,New Account,0.0237,3.77
COM0003512,T0003512,IL0003512,SR032,C00387,P0051,2025-10-15,New Account,0.0466,1.5
COM0003513,T0003513,IL0003513,SR033,C00201,P0046,2026-11-12,Standard,0.0383,4.48
COM0003514,T0003514,IL0003514,SR034,C00230,P0134,2026-10-31,Accelerator,0.0504,98.68
COM0003515,T0003515,IL0003515,SR035,C00402,P0054,2026-09-03,Standard,0.0221,9.71
COM0003516,T0003516,IL0003516,SR036,C00128,P0141,2026-11-24,New Account,0.0301,66.33
COM0003517,T0003517,IL0003517,SR037,C00233,P0140,2025-10-02,Standard,0.0203,3.52
COM0003518,T0003518,IL0003518,SR038,C00307,P0134,2026-02-25,Accelerator,0.0509,113.16
COM0003519,T0003519,IL0003519,SR039,C00277,P0127,2025-09-07,New Account,0.0398,0.67
COM0003520,T0003520,IL0003520,SR040,C00405,P0038,2026-03-31,New Account,0.0635,21.09
COM0003521,T0003521,IL0003521,SR001,C00345,P0108,2026-01-19,Accelerator,0.0419,31.3
COM0003522,T0003522,IL0003522,SR002,C00168,P0048,2025-08-02,Accelerator,0.0298,16.29
COM0003523,T0003523,IL0003523,SR003,C00067,P0099,2025-10-10,Standard,0.0573,20.39
COM0003524,T0003524,IL0003524,SR004,C00044,P0115,2026-05-02,Standard,0.0161,8.98
COM0003525,T0003525,IL0003525,SR005,C00284,P0019,2025-01-30,Accelerator,0.0207,0.12
COM0003526,T0003526,IL0003526,SR006,C00411,P0107,2025-06-11,New Account,0.053,68.54
COM0003527,T0003527,IL0003527,SR007,C00077,P0048,2025-01-29,Accelerator,0.0235,26.13
COM0003528,T0003528,IL0003528,SR008,C00188,P0115,2025-07-17,New Account,0.0647,50.63
COM0003529,T0003529,IL0003529,SR009,C00443,P0127,2026-05-23,Standard,0.0256,10.2
COM0003530,T0003530,IL0003530,SR010,C00305,P0030,2026-06-21,New Account,0.0314,87.51
COM0003531,T0003531,IL0003531,SR011,C00060,P0041,2025-09-27,Standard,0.0269,26.5
COM0003532,T0003532,IL0003532,SR012,C00039,P0121,2026-03-31,Standard,0.0517,15.46
COM0003533,T0003533,IL0003533,SR013,C00278,P0091,2025-02-24,Standard,0.0564,0.74
COM0003534,T0003534,IL0003534,SR014,C00237,P0008,2025-04-02,New Account,0.0458,6.64
COM0003535,T0003535,IL0003535,SR015,C00488,P0134,2026-11-12,Standard,0.0361,18.06
COM0003536,T0003536,IL0003536,SR016,C00016,P0017,2025-01-13,Standard,0.0443,10.3
COM0003537,T0003537,IL0003537,SR017,C00364,P0113,2025-02-28,Standard,0.036,27.06
COM0003538,T0003538,IL0003538,SR018,C00363,P0018,2026-11-08,New Account,0.0557,69.05
COM0003539,T0003539,IL0003539,SR019,C00075,P0033,2026-06-25,Standard,0.0564,12.92
COM0003540,T0003540,IL0003540,SR020,C00205,P0015,2025-09-25,Accelerator,0.0303,68.49
COM0003541,T0003541,IL0003541,SR021,C00217,P0101,2026-12-07,New Account,0.0609,6.05
COM0003542,T0003542,IL0003542,SR022,C00386,P0070,2026-03-20,Accelerator,0.0385,4.89
COM0003543,T0003543,IL0003543,SR023,C00054,P0058,2026-10-31,New Account,0.0599,98.17
COM0003544,T0003544,IL0003544,SR024,C00024,P0124,2026-12-02,New Account,0.0349,47.0
COM0003545,T0003545,IL0003545,SR025,C00008,P0071,2025-08-21,Accelerator,0.0127,14.2
COM0003546,T0003546,IL0003546,SR026,C00191,P0121,2025-08-17,New Account,0.0357,67.39
COM0003547,T0003547,IL0003547,SR027,C00040,P0124,2025-09-05,Standard,0.065,5.84
COM0003548,T0003548,IL0003548,SR028,C00204,P0143,2026-09-29,Accelerator,0.0469,37.85
COM0003549,T0003549,IL0003549,SR029,C00017,P0090,2025-12-29,New Account,0.0321,21.39
COM0003550,T0003550,IL0003550,SR030,C00380,P0045,2025-07-30,Standard,0.0122,2.48
COM0003551,T0003551,IL0003551,SR031,C00425,P0098,2026-10-14,Accelerator,0.041,56.76
COM0003552,T0003552,IL0003552,SR032,C00258,P0052,2026-02-08,Standard,0.0439,5.93
COM0003553,T0003553,IL0003553,SR033,C00108,P0062,2025-06-14,Accelerator,0.0452,18.16
COM0003554,T0003554,IL0003554,SR034,C00483,P0110,2025-12-19,Standard,0.0115,5.89
COM0003555,T0003555,IL0003555,SR035,C00363,P0127,2026-10-31,Standard,0.0111,2.21
COM0003556,T0003556,IL0003556,SR036,C00370,P0039,2025-11-13,Accelerator,0.0499,16.44
COM0003557,T0003557,IL0003557,SR037,C00363,P0074,2026-09-25,New Account,0.0535,10.76
COM0003558,T0003558,IL0003558,SR038,C00414,P0001,2026-10-19,Accelerator,0.0122,9.35
COM0003559,T0003559,IL0003559,SR039,C00152,P0047,2026-02-09,Standard,0.0421,25.04
COM0003560,T0003560,IL0003560,SR040,C00066,P0150,2025-03-15,Standard,0.0471,6.7
COM0003561,T0003561,IL0003561,SR001,C00169,P0049,2026-05-02,Accelerator,0.0283,1.76
COM0003562,T0003562,IL0003562,SR002,C00088,P0055,2025-04-17,New Account,0.027,4.27
COM0003563,T0003563,IL0003563,SR003,C00441,P0122,2026-12-22,New Account,0.0142,15.13
COM0003564,T0003564,IL0003564,SR004,C00491,P0133,2026-03-27,Accelerator,0.0437,78.19
COM0003565,T0003565,IL0003565,SR005,C00333,P0014,2026-01-20,Accelerator,0.0325,1.25
COM0003566,T0003566,IL0003566,SR006,C00155,P0070,2026-07-11,New Account,0.0373,65.49
COM0003567,T0003567,IL0003567,SR007,C00279,P0032,2025-08-25,Standard,0.0484,47.75
COM0003568,T0003568,IL0003568,SR008,C00016,P0113,2025-11-12,Standard,0.0621,0.51
COM0003569,T0003569,IL0003569,SR009,C00283,P0026,2025-09-28,New Account,0.0336,8.2
COM0003570,T0003570,IL0003570,SR010,C00374,P0137,2025-05-20,Accelerator,0.0432,54.53
COM0003571,T0003571,IL0003571,SR011,C00191,P0110,2025-03-13,Standard,0.0446,8.71
COM0003572,T0003572,IL0003572,SR012,C00349,P0127,2026-03-03,Accelerator,0.0603,34.38
COM0003573,T0003573,IL0003573,SR013,C00494,P0086,2025-04-17,Standard,0.0485,5.39
COM0003574,T0003574,IL0003574,SR014,C00319,P0020,2026-05-20,Standard,0.048,2.7
COM0003575,T0003575,IL0003575,SR015,C00451,P0014,2025-05-21,Accelerator,0.0362,58.6
COM0003576,T0003576,IL0003576,SR016,C00499,P0077,2026-04-05,Accelerator,0.0613,50.0
COM0003577,T0003577,IL0003577,SR017,C00484,P0085,2026-03-11,New Account,0.0121,27.84
COM0003578,T0003578,IL0003578,SR018,C00067,P0007,2025-05-03,Accelerator,0.0255,20.59
COM0003579,T0003579,IL0003579,SR019,C00161,P0083,2025-08-28,Standard,0.0438,18.95
COM0003580,T0003580,IL0003580,SR020,C00143,P0083,2025-09-27,Accelerator,0.0229,38.38
COM0003581,T0003581,IL0003581,SR021,C00151,P0048,2025-09-27,Accelerator,0.0409,20.54
COM0003582,T0003582,IL0003582,SR022,C00167,P0108,2026-11-13,Accelerator,0.043,4.68
COM0003583,T0003583,IL0003583,SR023,C00348,P0063,2026-09-04,Accelerator,0.0482,0.97
COM0003584,T0003584,IL0003584,SR024,C00199,P0123,2025-02-23,Accelerator,0.027,10.83
COM0003585,T0003585,IL0003585,SR025,C00007,P0011,2025-02-20,Accelerator,0.0121,0.23
COM0003586,T0003586,IL0003586,SR026,C00375,P0138,2025-10-30,Standard,0.0127,5.43
COM0003587,T0003587,IL0003587,SR027,C00069,P0081,2026-03-12,Standard,0.0516,13.45
COM0003588,T0003588,IL0003588,SR028,C00058,P0044,2026-06-04,Accelerator,0.0289,23.1
COM0003589,T0003589,IL0003589,SR029,C00124,P0028,2025-11-12,Standard,0.0526,3.3
COM0003590,T0003590,IL0003590,SR030,C00487,P0124,2026-05-08,Standard,0.0485,43.16
COM0003591,T0003591,IL0003591,SR031,C00127,P0032,2026-12-19,New Account,0.0595,66.12
COM0003592,T0003592,IL0003592,SR032,C00195,P0108,2025-10-12,Accelerator,0.0294,43.66
COM0003593,T0003593,IL0003593,SR033,C00117,P0048,2026-07-10,Standard,0.015,4.78
COM0003594,T0003594,IL0003594,SR034,C00143,P0127,2026-11-29,Standard,0.0159,10.52
COM0003595,T0003595,IL0003595,SR035,C00498,P0136,2025-11-03,Standard,0.0313,4.61
COM0003596,T0003596,IL0003596,SR036,C00121,P0149,2026-02-19,New Account,0.0333,30.09
COM0003597,T0003597,IL0003597,SR037,C00342,P0123,2026-02-11,Standard,0.0207,25.15
COM0003598,T0003598,IL0003598,SR038,C00289,P0026,2025-04-25,Standard,0.0468,21.52
COM0003599,T0003599,IL0003599,SR039,C00487,P0103,2026-12-12,Accelerator,0.0449,13.05
COM0003600,T0003600,IL0003600,SR040,C00313,P0054,2026-10-27,New Account,0.0113,12.54
COM0003601,T0003601,IL0003601,SR001,C00164,P0148,2026-04-04,Standard,0.0263,2.74
COM0003602,T0003602,IL0003602,SR002,C00249,P0012,2026-03-02,Accelerator,0.0597,70.44
COM0003603,T0003603,IL0003603,SR003,C00484,P0015,2026-04-25,Standard,0.0406,80.53
COM0003604,T0003604,IL0003604,SR004,C00426,P0138,2026-10-18,New Account,0.0306,65.41
COM0003605,T0003605,IL0003605,SR005,C00138,P0092,2026-07-17,New Account,0.0464,61.03
COM0003606,T0003606,IL0003606,SR006,C00354,P0070,2025-12-13,New Account,0.0537,1.57
COM0003607,T0003607,IL0003607,SR007,C00083,P0121,2026-04-06,Standard,0.0544,21.63
COM0003608,T0003608,IL0003608,SR008,C00031,P0143,2026-05-25,Accelerator,0.0297,35.75
COM0003609,T0003609,IL0003609,SR009,C00416,P0139,2026-03-10,Accelerator,0.0277,22.67
COM0003610,T0003610,IL0003610,SR010,C00101,P0093,2025-10-20,Standard,0.051,16.38
COM0003611,T0003611,IL0003611,SR011,C00349,P0135,2026-04-24,New Account,0.0167,4.23
COM0003612,T0003612,IL0003612,SR012,C00220,P0149,2026-11-28,Accelerator,0.0358,4.26
COM0003613,T0003613,IL0003613,SR013,C00179,P0110,2025-03-17,Standard,0.0436,64.71
COM0003614,T0003614,IL0003614,SR014,C00111,P0079,2025-07-21,Standard,0.0625,1.49
COM0003615,T0003615,IL0003615,SR015,C00389,P0072,2025-06-29,Accelerator,0.0216,5.4
COM0003616,T0003616,IL0003616,SR016,C00331,P0045,2025-05-01,New Account,0.0537,40.82
COM0003617,T0003617,IL0003617,SR017,C00135,P0112,2025-04-07,New Account,0.059,18.18
COM0003618,T0003618,IL0003618,SR018,C00189,P0099,2025-03-02,Standard,0.0447,70.8
COM0003619,T0003619,IL0003619,SR019,C00183,P0074,2026-05-09,Standard,0.0127,19.69
COM0003620,T0003620,IL0003620,SR020,C00377,P0063,2025-02-24,New Account,0.059,52.82
COM0003621,T0003621,IL0003621,SR021,C00082,P0092,2026-02-15,Accelerator,0.059,42.99
COM0003622,T0003622,IL0003622,SR022,C00397,P0131,2026-11-23,Standard,0.0169,7.9
COM0003623,T0003623,IL0003623,SR023,C00270,P0146,2026-11-13,New Account,0.0408,14.35
COM0003624,T0003624,IL0003624,SR024,C00197,P0022,2026-07-06,New Account,0.0513,6.58
COM0003625,T0003625,IL0003625,SR025,C00161,P0047,2026-01-26,New Account,0.0484,20.88
COM0003626,T0003626,IL0003626,SR026,C00459,P0003,2026-12-23,Accelerator,0.0376,13.66
COM0003627,T0003627,IL0003627,SR027,C00217,P0094,2025-07-04,Standard,0.0383,102.71
COM0003628,T0003628,IL0003628,SR028,C00463,P0017,2025-08-03,New Account,0.029,4.82
COM0003629,T0003629,IL0003629,SR029,C00245,P0015,2025-08-13,New Account,0.0515,19.8
COM0003630,T0003630,IL0003630,SR030,C00411,P0128,2025-01-29,Standard,0.0366,0.53
COM0003631,T0003631,IL0003631,SR031,C00427,P0124,2025-08-30,Standard,0.0494,18.83
COM0003632,T0003632,IL0003632,SR032,C00316,P0041,2026-07-19,New Account,0.0365,4.32
COM0003633,T0003633,IL0003633,SR033,C00028,P0044,2026-02-17,Standard,0.0485,23.77
COM0003634,T0003634,IL0003634,SR034,C00365,P0008,2026-07-25,New Account,0.0341,22.65
COM0003635,T0003635,IL0003635,SR035,C00496,P0105,2026-09-18,New Account,0.0439,18.89
COM0003636,T0003636,IL0003636,SR036,C00249,P0112,2026-05-22,New Account,0.0544,13.65
COM0003637,T0003637,IL0003637,SR037,C00087,P0046,2025-10-07,Accelerator,0.0542,99.78
COM0003638,T0003638,IL0003638,SR038,C00400,P0126,2025-04-23,Standard,0.017,20.42
COM0003639,T0003639,IL0003639,SR039,C00196,P0015,2025-04-10,Standard,0.0384,9.87
COM0003640,T0003640,IL0003640,SR040,C00206,P0126,2025-06-24,New Account,0.016,29.85
COM0003641,T0003641,IL0003641,SR001,C00383,P0036,2025-10-13,Standard,0.0447,48.43
COM0003642,T0003642,IL0003642,SR002,C00034,P0085,2025-02-14,Accelerator,0.054,31.2
COM0003643,T0003643,IL0003643,SR003,C00023,P0076,2026-03-31,New Account,0.0603,10.1
COM0003644,T0003644,IL0003644,SR004,C00338,P0138,2026-01-27,Accelerator,0.0267,43.85
COM0003645,T0003645,IL0003645,SR005,C00478,P0058,2026-11-19,Standard,0.0498,52.71
COM0003646,T0003646,IL0003646,SR006,C00015,P0127,2025-02-08,Standard,0.0294,0.38
COM0003647,T0003647,IL0003647,SR007,C00461,P0115,2025-01-06,Accelerator,0.0281,25.01
COM0003648,T0003648,IL0003648,SR008,C00247,P0012,2026-05-10,Standard,0.025,30.8
COM0003649,T0003649,IL0003649,SR009,C00443,P0031,2026-08-24,Accelerator,0.0416,3.4
COM0003650,T0003650,IL0003650,SR010,C00249,P0137,2026-09-30,Accelerator,0.0385,18.68
COM0003651,T0003651,IL0003651,SR011,C00088,P0012,2025-04-15,Standard,0.0231,26.92
COM0003652,T0003652,IL0003652,SR012,C00015,P0024,2026-07-07,New Account,0.0374,13.42
COM0003653,T0003653,IL0003653,SR013,C00020,P0039,2026-07-07,New Account,0.054,130.14
COM0003654,T0003654,IL0003654,SR014,C00368,P0062,2026-02-12,Standard,0.058,6.04
COM0003655,T0003655,IL0003655,SR015,C00461,P0097,2026-03-25,New Account,0.0572,102.0
COM0003656,T0003656,IL0003656,SR016,C00198,P0014,2025-07-17,Standard,0.036,19.93
COM0003657,T0003657,IL0003657,SR017,C00448,P0071,2025-12-01,Standard,0.0585,12.23
COM0003658,T0003658,IL0003658,SR018,C00420,P0053,2026-04-20,New Account,0.0374,93.2
COM0003659,T0003659,IL0003659,SR019,C00328,P0002,2025-02-22,New Account,0.0213,16.97
COM0003660,T0003660,IL0003660,SR020,C00119,P0007,2026-08-01,Accelerator,0.0473,33.9
COM0003661,T0003661,IL0003661,SR021,C00437,P0128,2026-12-15,Standard,0.0542,35.29
COM0003662,T0003662,IL0003662,SR022,C00027,P0081,2026-09-18,Accelerator,0.0211,3.34
COM0003663,T0003663,IL0003663,SR023,C00189,P0030,2025-09-27,New Account,0.0273,0.87
COM0003664,T0003664,IL0003664,SR024,C00475,P0084,2026-07-13,Accelerator,0.0221,13.88
COM0003665,T0003665,IL0003665,SR025,C00082,P0131,2026-01-27,New Account,0.0517,55.34
COM0003666,T0003666,IL0003666,SR026,C00185,P0019,2026-07-04,New Account,0.0299,57.23
COM0003667,T0003667,IL0003667,SR027,C00345,P0089,2026-05-01,Standard,0.0137,4.58
COM0003668,T0003668,IL0003668,SR028,C00184,P0024,2025-01-26,Accelerator,0.0238,2.39
COM0003669,T0003669,IL0003669,SR029,C00035,P0085,2026-01-18,Accelerator,0.0298,56.69
COM0003670,T0003670,IL0003670,SR030,C00288,P0147,2026-01-27,Standard,0.0329,23.42
COM0003671,T0003671,IL0003671,SR031,C00309,P0013,2025-07-28,Standard,0.0578,7.17
COM0003672,T0003672,IL0003672,SR032,C00245,P0053,2025-07-28,New Account,0.0171,17.83
COM0003673,T0003673,IL0003673,SR033,C00148,P0049,2026-08-16,Accelerator,0.0289,12.51
COM0003674,T0003674,IL0003674,SR034,C00497,P0072,2026-12-11,Standard,0.0156,21.8
COM0003675,T0003675,IL0003675,SR035,C00120,P0028,2026-12-20,New Account,0.0409,61.11
COM0003676,T0003676,IL0003676,SR036,C00005,P0072,2025-07-23,Accelerator,0.0384,13.02
COM0003677,T0003677,IL0003677,SR037,C00167,P0007,2025-05-29,Accelerator,0.0454,21.84
COM0003678,T0003678,IL0003678,SR038,C00220,P0132,2026-01-24,New Account,0.0134,3.53
COM0003679,T0003679,IL0003679,SR039,C00215,P0110,2026-09-13,Standard,0.033,40.03
COM0003680,T0003680,IL0003680,SR040,C00104,P0049,2025-05-31,Standard,0.0459,70.96
COM0003681,T0003681,IL0003681,SR001,C00239,P0093,2026-12-05,Standard,0.0349,72.98
COM0003682,T0003682,IL0003682,SR002,C00430,P0049,2026-02-28,Accelerator,0.0273,35.63
COM0003683,T0003683,IL0003683,SR003,C00006,P0004,2026-02-01,Standard,0.0352,68.37
COM0003684,T0003684,IL0003684,SR004,C00190,P0044,2025-06-17,Accelerator,0.022,13.37
COM0003685,T0003685,IL0003685,SR005,C00147,P0026,2026-10-09,Standard,0.0512,129.97
COM0003686,T0003686,IL0003686,SR006,C00317,P0140,2025-01-05,Accelerator,0.0213,9.35
COM0003687,T0003687,IL0003687,SR007,C00127,P0050,2026-07-01,Accelerator,0.0351,74.67
COM0003688,T0003688,IL0003688,SR008,C00052,P0056,2025-07-07,Accelerator,0.0377,72.63
COM0003689,T0003689,IL0003689,SR009,C00244,P0078,2026-08-15,New Account,0.0265,2.27
COM0003690,T0003690,IL0003690,SR010,C00362,P0062,2025-12-09,Accelerator,0.0604,6.23
COM0003691,T0003691,IL0003691,SR011,C00250,P0139,2025-11-24,Standard,0.0431,36.57
COM0003692,T0003692,IL0003692,SR012,C00174,P0100,2026-11-16,New Account,0.021,15.65
COM0003693,T0003693,IL0003693,SR013,C00231,P0058,2025-06-12,Standard,0.0149,19.56
COM0003694,T0003694,IL0003694,SR014,C00267,P0071,2026-03-28,Standard,0.0285,35.07
COM0003695,T0003695,IL0003695,SR015,C00358,P0125,2026-09-22,Standard,0.0283,42.47
COM0003696,T0003696,IL0003696,SR016,C00404,P0109,2026-07-30,Accelerator,0.0436,24.24
COM0003697,T0003697,IL0003697,SR017,C00139,P0012,2026-09-23,Accelerator,0.0369,0.84
COM0003698,T0003698,IL0003698,SR018,C00209,P0138,2026-07-25,New Account,0.02,23.08
COM0003699,T0003699,IL0003699,SR019,C00184,P0065,2025-06-08,New Account,0.0491,103.99
COM0003700,T0003700,IL0003700,SR020,C00138,P0142,2026-05-25,Accelerator,0.0164,48.05
COM0003701,T0003701,IL0003701,SR021,C00247,P0060,2025-05-30,Standard,0.0533,1.8
COM0003702,T0003702,IL0003702,SR022,C00424,P0010,2026-10-14,New Account,0.0437,13.35
COM0003703,T0003703,IL0003703,SR023,C00183,P0083,2026-02-06,Accelerator,0.0327,56.89
COM0003704,T0003704,IL0003704,SR024,C00067,P0126,2026-02-14,Accelerator,0.0279,21.41
COM0003705,T0003705,IL0003705,SR025,C00260,P0118,2026-08-08,Accelerator,0.0119,2.01
COM0003706,T0003706,IL0003706,SR026,C00454,P0028,2026-08-07,Accelerator,0.0473,13.14
COM0003707,T0003707,IL0003707,SR027,C00343,P0065,2025-08-07,New Account,0.0538,17.45
COM0003708,T0003708,IL0003708,SR028,C00126,P0080,2025-09-21,Accelerator,0.0358,48.43
COM0003709,T0003709,IL0003709,SR029,C00146,P0128,2025-07-17,Standard,0.0516,10.0
COM0003710,T0003710,IL0003710,SR030,C00276,P0128,2026-07-17,Accelerator,0.0125,15.17
COM0003711,T0003711,IL0003711,SR031,C00345,P0089,2025-03-13,New Account,0.0477,38.08
COM0003712,T0003712,IL0003712,SR032,C00205,P0071,2025-04-12,Standard,0.019,2.47
COM0003713,T0003713,IL0003713,SR033,C00397,P0074,2026-10-21,Standard,0.058,55.61
COM0003714,T0003714,IL0003714,SR034,C00355,P0073,2026-05-26,New Account,0.0514,80.75
COM0003715,T0003715,IL0003715,SR035,C00247,P0039,2026-09-28,Accelerator,0.031,25.89
COM0003716,T0003716,IL0003716,SR036,C00012,P0009,2025-03-18,New Account,0.0326,47.94
COM0003717,T0003717,IL0003717,SR037,C00133,P0034,2026-10-14,Accelerator,0.0148,5.59
COM0003718,T0003718,IL0003718,SR038,C00146,P0133,2025-07-04,Standard,0.017,0.44
COM0003719,T0003719,IL0003719,SR039,C00118,P0068,2025-09-25,Accelerator,0.0178,14.85
COM0003720,T0003720,IL0003720,SR040,C00355,P0007,2026-04-24,Standard,0.0462,2.78
COM0003721,T0003721,IL0003721,SR001,C00478,P0116,2025-11-27,New Account,0.0192,24.77
COM0003722,T0003722,IL0003722,SR002,C00038,P0026,2025-06-17,New Account,0.0582,24.69
COM0003723,T0003723,IL0003723,SR003,C00259,P0150,2026-07-21,New Account,0.0282,46.83
COM0003724,T0003724,IL0003724,SR004,C00370,P0006,2026-10-23,New Account,0.0306,9.84
COM0003725,T0003725,IL0003725,SR005,C00067,P0110,2025-07-27,Accelerator,0.0272,13.05
COM0003726,T0003726,IL0003726,SR006,C00406,P0062,2026-09-29,New Account,0.0428,61.07
COM0003727,T0003727,IL0003727,SR007,C00200,P0145,2025-07-19,Accelerator,0.027,27.19
COM0003728,T0003728,IL0003728,SR008,C00232,P0146,2026-01-07,New Account,0.0638,39.45
COM0003729,T0003729,IL0003729,SR009,C00371,P0148,2026-09-10,Accelerator,0.0208,10.07
COM0003730,T0003730,IL0003730,SR010,C00170,P0058,2026-10-21,Accelerator,0.042,5.84
COM0003731,T0003731,IL0003731,SR011,C00169,P0099,2026-05-22,New Account,0.0236,39.39
COM0003732,T0003732,IL0003732,SR012,C00088,P0128,2025-02-14,New Account,0.0348,27.73
COM0003733,T0003733,IL0003733,SR013,C00029,P0002,2026-04-21,Accelerator,0.0322,13.25
COM0003734,T0003734,IL0003734,SR014,C00315,P0001,2025-04-08,New Account,0.0133,13.44
COM0003735,T0003735,IL0003735,SR015,C00086,P0128,2026-12-02,Standard,0.0499,83.86
COM0003736,T0003736,IL0003736,SR016,C00084,P0067,2025-12-23,Accelerator,0.0287,43.87
COM0003737,T0003737,IL0003737,SR017,C00154,P0065,2026-10-29,Accelerator,0.0325,38.1
COM0003738,T0003738,IL0003738,SR018,C00197,P0046,2026-10-30,Standard,0.0189,12.79
COM0003739,T0003739,IL0003739,SR019,C00039,P0091,2026-11-12,Standard,0.0467,40.0
COM0003740,T0003740,IL0003740,SR020,C00179,P0023,2025-06-09,Accelerator,0.0396,7.58
COM0003741,T0003741,IL0003741,SR021,C00143,P0096,2025-10-08,New Account,0.0376,88.76
COM0003742,T0003742,IL0003742,SR022,C00369,P0086,2025-04-05,New Account,0.0535,21.49
COM0003743,T0003743,IL0003743,SR023,C00356,P0078,2026-01-23,Accelerator,0.0399,34.89
COM0003744,T0003744,IL0003744,SR024,C00302,P0123,2025-05-23,New Account,0.0154,3.85
COM0003745,T0003745,IL0003745,SR025,C00124,P0063,2025-06-05,New Account,0.0227,34.4
COM0003746,T0003746,IL0003746,SR026,C00429,P0097,2025-04-11,Standard,0.0643,62.3
COM0003747,T0003747,IL0003747,SR027,C00085,P0140,2025-10-31,Standard,0.0378,0.92
COM0003748,T0003748,IL0003748,SR028,C00412,P0097,2026-08-13,Standard,0.0386,66.09
COM0003749,T0003749,IL0003749,SR029,C00434,P0118,2026-03-20,Standard,0.04,45.29
COM0003750,T0003750,IL0003750,SR030,C00221,P0052,2026-09-16,New Account,0.0494,151.16
COM0003751,T0003751,IL0003751,SR031,C00216,P0018,2026-09-23,New Account,0.0256,13.11
COM0003752,T0003752,IL0003752,SR032,C00232,P0145,2026-04-26,New Account,0.0493,129.48
COM0003753,T0003753,IL0003753,SR033,C00352,P0111,2026-07-05,New Account,0.0536,120.62
COM0003754,T0003754,IL0003754,SR034,C00034,P0084,2026-03-27,Accelerator,0.0633,144.92
COM0003755,T0003755,IL0003755,SR035,C00197,P0116,2025-08-10,Standard,0.0319,2.04
COM0003756,T0003756,IL0003756,SR036,C00094,P0076,2026-07-02,Accelerator,0.0197,29.53
COM0003757,T0003757,IL0003757,SR037,C00029,P0146,2025-11-30,Standard,0.0233,14.52
COM0003758,T0003758,IL0003758,SR038,C00044,P0058,2026-07-06,New Account,0.0128,1.97
COM0003759,T0003759,IL0003759,SR039,C00305,P0013,2026-03-27,New Account,0.0145,26.34
COM0003760,T0003760,IL0003760,SR040,C00390,P0058,2026-09-12,Standard,0.0408,54.43
COM0003761,T0003761,IL0003761,SR001,C00083,P0112,2026-12-04,Accelerator,0.0347,0.86
COM0003762,T0003762,IL0003762,SR002,C00457,P0075,2025-03-16,Accelerator,0.0136,2.82
COM0003763,T0003763,IL0003763,SR003,C00143,P0042,2026-09-16,New Account,0.0203,42.37
COM0003764,T0003764,IL0003764,SR004,C00144,P0003,2025-06-07,Accelerator,0.0159,21.01
COM0003765,T0003765,IL0003765,SR005,C00031,P0051,2025-08-25,New Account,0.0374,9.03
COM0003766,T0003766,IL0003766,SR006,C00352,P0080,2025-06-05,New Account,0.0251,27.23
COM0003767,T0003767,IL0003767,SR007,C00478,P0055,2026-06-03,New Account,0.0279,7.74
COM0003768,T0003768,IL0003768,SR008,C00428,P0035,2026-09-30,Standard,0.0503,114.07
COM0003769,T0003769,IL0003769,SR009,C00260,P0045,2026-03-09,Accelerator,0.0426,66.76
COM0003770,T0003770,IL0003770,SR010,C00061,P0031,2025-01-05,New Account,0.0625,57.23
COM0003771,T0003771,IL0003771,SR011,C00391,P0093,2026-07-13,New Account,0.0365,10.45
COM0003772,T0003772,IL0003772,SR012,C00164,P0043,2026-04-19,New Account,0.0318,18.86
COM0003773,T0003773,IL0003773,SR013,C00409,P0124,2025-12-24,New Account,0.0492,43.84
COM0003774,T0003774,IL0003774,SR014,C00133,P0084,2026-12-28,Standard,0.0155,4.57
COM0003775,T0003775,IL0003775,SR015,C00082,P0133,2026-07-09,New Account,0.029,12.51
COM0003776,T0003776,IL0003776,SR016,C00449,P0041,2026-03-15,Standard,0.0472,121.31
COM0003777,T0003777,IL0003777,SR017,C00215,P0037,2025-05-20,Accelerator,0.0603,26.71
COM0003778,T0003778,IL0003778,SR018,C00383,P0007,2026-04-06,Standard,0.0129,15.39
COM0003779,T0003779,IL0003779,SR019,C00279,P0131,2026-12-16,Standard,0.0393,34.76
COM0003780,T0003780,IL0003780,SR020,C00498,P0086,2026-12-08,New Account,0.0444,27.07
COM0003781,T0003781,IL0003781,SR021,C00338,P0100,2025-08-17,New Account,0.0646,116.46
COM0003782,T0003782,IL0003782,SR022,C00059,P0041,2025-12-07,Accelerator,0.0325,14.65
COM0003783,T0003783,IL0003783,SR023,C00347,P0069,2025-09-20,New Account,0.0469,105.4
COM0003784,T0003784,IL0003784,SR024,C00469,P0111,2025-02-15,New Account,0.0588,42.33
COM0003785,T0003785,IL0003785,SR025,C00316,P0037,2025-06-05,Standard,0.0265,10.76
COM0003786,T0003786,IL0003786,SR026,C00254,P0028,2026-12-19,Standard,0.0444,28.88
COM0003787,T0003787,IL0003787,SR027,C00162,P0009,2025-06-30,Accelerator,0.0228,32.89
COM0003788,T0003788,IL0003788,SR028,C00347,P0141,2025-01-02,New Account,0.0483,130.23
COM0003789,T0003789,IL0003789,SR029,C00469,P0053,2025-06-28,Accelerator,0.0574,2.59
COM0003790,T0003790,IL0003790,SR030,C00401,P0070,2025-09-25,Standard,0.0136,7.32
COM0003791,T0003791,IL0003791,SR031,C00109,P0144,2026-03-03,Accelerator,0.037,11.9
COM0003792,T0003792,IL0003792,SR032,C00024,P0121,2025-09-04,New Account,0.0363,33.81
COM0003793,T0003793,IL0003793,SR033,C00034,P0135,2025-02-03,Standard,0.047,34.39
COM0003794,T0003794,IL0003794,SR034,C00317,P0113,2026-01-01,Standard,0.0309,4.81
COM0003795,T0003795,IL0003795,SR035,C00158,P0046,2025-01-18,New Account,0.053,22.42
COM0003796,T0003796,IL0003796,SR036,C00213,P0056,2025-01-25,New Account,0.0543,13.74
COM0003797,T0003797,IL0003797,SR037,C00295,P0089,2025-01-10,Accelerator,0.0364,20.07
COM0003798,T0003798,IL0003798,SR038,C00116,P0102,2025-03-07,New Account,0.0131,2.82
COM0003799,T0003799,IL0003799,SR039,C00455,P0144,2026-10-31,Accelerator,0.0163,1.8
COM0003800,T0003800,IL0003800,SR040,C00019,P0120,2026-02-17,New Account,0.0264,19.49
COM0003801,T0003801,IL0003801,SR001,C00223,P0053,2025-01-08,New Account,0.0547,20.55
COM0003802,T0003802,IL0003802,SR002,C00019,P0080,2025-03-11,Accelerator,0.0614,39.19
COM0003803,T0003803,IL0003803,SR003,C00052,P0053,2025-12-13,New Account,0.0572,3.72
COM0003804,T0003804,IL0003804,SR004,C00151,P0001,2025-06-03,Standard,0.0504,12.35
COM0003805,T0003805,IL0003805,SR005,C00114,P0099,2025-02-21,Accelerator,0.0418,115.67
COM0003806,T0003806,IL0003806,SR006,C00006,P0008,2026-12-21,Standard,0.0314,8.45
COM0003807,T0003807,IL0003807,SR007,C00063,P0069,2026-10-26,Standard,0.0276,3.7
COM0003808,T0003808,IL0003808,SR008,C00262,P0075,2026-01-05,New Account,0.0472,52.12
COM0003809,T0003809,IL0003809,SR009,C00049,P0097,2025-01-03,Standard,0.0252,9.15
COM0003810,T0003810,IL0003810,SR010,C00017,P0117,2025-12-24,Standard,0.0102,6.25
COM0003811,T0003811,IL0003811,SR011,C00144,P0103,2025-01-22,Accelerator,0.06,82.55
COM0003812,T0003812,IL0003812,SR012,C00346,P0111,2026-09-11,Standard,0.0248,31.27
COM0003813,T0003813,IL0003813,SR013,C00455,P0001,2025-05-26,Accelerator,0.0377,122.12
COM0003814,T0003814,IL0003814,SR014,C00386,P0076,2026-01-21,Accelerator,0.0299,14.02
COM0003815,T0003815,IL0003815,SR015,C00481,P0076,2026-03-25,Standard,0.029,4.52
COM0003816,T0003816,IL0003816,SR016,C00317,P0005,2026-10-06,Accelerator,0.0439,29.51
COM0003817,T0003817,IL0003817,SR017,C00131,P0053,2026-08-31,Standard,0.0638,3.23
COM0003818,T0003818,IL0003818,SR018,C00136,P0111,2025-04-30,Accelerator,0.0529,12.41
COM0003819,T0003819,IL0003819,SR019,C00089,P0093,2025-06-21,Accelerator,0.0258,16.77
COM0003820,T0003820,IL0003820,SR020,C00280,P0008,2025-07-11,New Account,0.0602,40.18
COM0003821,T0003821,IL0003821,SR021,C00019,P0090,2026-09-21,Standard,0.0248,20.85
COM0003822,T0003822,IL0003822,SR022,C00323,P0027,2026-09-26,Accelerator,0.0622,38.13
COM0003823,T0003823,IL0003823,SR023,C00146,P0099,2026-01-27,New Account,0.0582,106.61
COM0003824,T0003824,IL0003824,SR024,C00285,P0067,2025-02-18,New Account,0.0476,12.28
COM0003825,T0003825,IL0003825,SR025,C00298,P0145,2026-08-11,Accelerator,0.0565,56.94
COM0003826,T0003826,IL0003826,SR026,C00322,P0086,2025-12-19,Accelerator,0.0279,10.67
COM0003827,T0003827,IL0003827,SR027,C00445,P0139,2026-11-20,Accelerator,0.0525,87.65
COM0003828,T0003828,IL0003828,SR028,C00096,P0136,2025-12-24,Standard,0.0588,13.28
COM0003829,T0003829,IL0003829,SR029,C00416,P0014,2025-08-19,Accelerator,0.048,138.83
COM0003830,T0003830,IL0003830,SR030,C00353,P0017,2026-12-14,Accelerator,0.0311,15.93
COM0003831,T0003831,IL0003831,SR031,C00151,P0079,2026-05-12,Standard,0.0576,7.43
COM0003832,T0003832,IL0003832,SR032,C00242,P0054,2026-03-21,Standard,0.0304,14.68
COM0003833,T0003833,IL0003833,SR033,C00307,P0119,2025-11-19,New Account,0.0621,35.24
COM0003834,T0003834,IL0003834,SR034,C00251,P0011,2025-08-22,Accelerator,0.0594,15.27
COM0003835,T0003835,IL0003835,SR035,C00033,P0060,2025-09-29,Standard,0.0128,1.09
COM0003836,T0003836,IL0003836,SR036,C00416,P0141,2026-01-29,Accelerator,0.0203,4.6
COM0003837,T0003837,IL0003837,SR037,C00096,P0061,2025-10-02,New Account,0.0531,32.91
COM0003838,T0003838,IL0003838,SR038,C00099,P0074,2025-09-27,Accelerator,0.0453,17.65
COM0003839,T0003839,IL0003839,SR039,C00380,P0074,2025-04-22,Accelerator,0.0448,91.77
COM0003840,T0003840,IL0003840,SR040,C00160,P0031,2025-12-19,Standard,0.0506,84.13
COM0003841,T0003841,IL0003841,SR001,C00399,P0102,2025-04-11,New Account,0.0109,12.32
COM0003842,T0003842,IL0003842,SR002,C00455,P0069,2026-06-20,Standard,0.0107,8.23
COM0003843,T0003843,IL0003843,SR003,C00462,P0111,2026-01-18,Standard,0.0395,64.77
COM0003844,T0003844,IL0003844,SR004,C00067,P0073,2026-11-19,Accelerator,0.0281,52.37
COM0003845,T0003845,IL0003845,SR005,C00475,P0140,2025-02-04,Standard,0.0116,11.06
COM0003846,T0003846,IL0003846,SR006,C00467,P0035,2026-04-08,Accelerator,0.0417,24.85
COM0003847,T0003847,IL0003847,SR007,C00142,P0146,2025-08-24,Accelerator,0.0205,4.28
COM0003848,T0003848,IL0003848,SR008,C00415,P0025,2026-07-23,Standard,0.0457,55.33
COM0003849,T0003849,IL0003849,SR009,C00286,P0020,2025-04-16,Standard,0.0216,36.41
COM0003850,T0003850,IL0003850,SR010,C00204,P0125,2025-07-24,Accelerator,0.0593,15.67
COM0003851,T0003851,IL0003851,SR011,C00080,P0131,2025-01-14,Accelerator,0.0402,44.65
COM0003852,T0003852,IL0003852,SR012,C00356,P0008,2025-12-13,New Account,0.0336,7.63
COM0003853,T0003853,IL0003853,SR013,C00277,P0085,2026-10-26,Accelerator,0.0137,14.94
COM0003854,T0003854,IL0003854,SR014,C00489,P0133,2026-10-24,Accelerator,0.0124,8.98
COM0003855,T0003855,IL0003855,SR015,C00485,P0045,2025-09-06,Accelerator,0.0625,34.73
COM0003856,T0003856,IL0003856,SR016,C00426,P0041,2026-11-20,New Account,0.0572,15.12
COM0003857,T0003857,IL0003857,SR017,C00142,P0020,2025-03-28,Accelerator,0.0126,38.15
COM0003858,T0003858,IL0003858,SR018,C00104,P0108,2026-07-30,Standard,0.0245,23.46
COM0003859,T0003859,IL0003859,SR019,C00360,P0018,2026-03-12,Accelerator,0.0592,58.68
COM0003860,T0003860,IL0003860,SR020,C00449,P0085,2026-09-18,Accelerator,0.0139,8.24
COM0003861,T0003861,IL0003861,SR021,C00281,P0065,2026-08-31,Accelerator,0.0601,59.68
COM0003862,T0003862,IL0003862,SR022,C00140,P0091,2026-06-04,New Account,0.0334,32.41
COM0003863,T0003863,IL0003863,SR023,C00259,P0060,2025-12-14,Accelerator,0.0285,6.35
COM0003864,T0003864,IL0003864,SR024,C00463,P0043,2026-08-03,Accelerator,0.0382,8.31
COM0003865,T0003865,IL0003865,SR025,C00080,P0031,2025-03-05,Standard,0.0451,29.19
COM0003866,T0003866,IL0003866,SR026,C00493,P0060,2025-01-04,Standard,0.0381,23.74
COM0003867,T0003867,IL0003867,SR027,C00156,P0055,2025-02-01,Accelerator,0.0104,2.23
COM0003868,T0003868,IL0003868,SR028,C00440,P0031,2025-11-23,New Account,0.062,77.58
COM0003869,T0003869,IL0003869,SR029,C00106,P0053,2026-05-30,Accelerator,0.0212,5.18
COM0003870,T0003870,IL0003870,SR030,C00034,P0104,2025-02-13,Standard,0.0298,30.73
COM0003871,T0003871,IL0003871,SR031,C00465,P0127,2026-12-03,Accelerator,0.0146,11.39
COM0003872,T0003872,IL0003872,SR032,C00060,P0014,2025-10-18,Accelerator,0.0141,2.26
COM0003873,T0003873,IL0003873,SR033,C00338,P0088,2025-03-10,New Account,0.0386,8.44
COM0003874,T0003874,IL0003874,SR034,C00303,P0024,2026-12-21,Accelerator,0.0431,7.02
COM0003875,T0003875,IL0003875,SR035,C00171,P0093,2026-04-15,Standard,0.0172,29.38
COM0003876,T0003876,IL0003876,SR036,C00280,P0041,2026-06-22,Accelerator,0.0164,24.74
COM0003877,T0003877,IL0003877,SR037,C00239,P0082,2026-06-11,New Account,0.0125,3.96
COM0003878,T0003878,IL0003878,SR038,C00171,P0027,2025-09-24,Accelerator,0.0408,15.17
COM0003879,T0003879,IL0003879,SR039,C00107,P0006,2026-09-14,Accelerator,0.0217,11.76
COM0003880,T0003880,IL0003880,SR040,C00170,P0113,2025-11-28,Accelerator,0.0525,9.51
COM0003881,T0003881,IL0003881,SR001,C00030,P0098,2025-09-13,New Account,0.0366,30.44
COM0003882,T0003882,IL0003882,SR002,C00146,P0026,2025-02-23,New Account,0.0202,22.89
COM0003883,T0003883,IL0003883,SR003,C00381,P0033,2025-07-26,Standard,0.0166,22.72
COM0003884,T0003884,IL0003884,SR004,C00061,P0034,2026-08-20,New Account,0.0646,39.71
COM0003885,T0003885,IL0003885,SR005,C00287,P0136,2025-07-28,New Account,0.0341,57.85
COM0003886,T0003886,IL0003886,SR006,C00267,P0110,2026-07-14,Standard,0.0222,30.78
COM0003887,T0003887,IL0003887,SR007,C00063,P0139,2025-11-01,Standard,0.0147,15.21
COM0003888,T0003888,IL0003888,SR008,C00143,P0048,2026-04-23,New Account,0.0337,5.21
COM0003889,T0003889,IL0003889,SR009,C00130,P0118,2025-12-09,Standard,0.0608,87.67
COM0003890,T0003890,IL0003890,SR010,C00196,P0002,2025-09-16,Accelerator,0.0388,52.23
COM0003891,T0003891,IL0003891,SR011,C00059,P0005,2026-12-07,New Account,0.053,60.98
COM0003892,T0003892,IL0003892,SR012,C00320,P0056,2026-11-20,Standard,0.0557,52.75
COM0003893,T0003893,IL0003893,SR013,C00396,P0101,2025-11-08,Standard,0.0396,15.93
COM0003894,T0003894,IL0003894,SR014,C00211,P0018,2026-06-25,Accelerator,0.0528,51.61
COM0003895,T0003895,IL0003895,SR015,C00067,P0078,2026-02-24,Accelerator,0.0521,72.5
COM0003896,T0003896,IL0003896,SR016,C00399,P0081,2025-02-01,New Account,0.0316,21.93
COM0003897,T0003897,IL0003897,SR017,C00056,P0120,2025-05-16,Standard,0.0313,3.28
COM0003898,T0003898,IL0003898,SR018,C00470,P0130,2025-09-18,Standard,0.03,6.54
COM0003899,T0003899,IL0003899,SR019,C00148,P0091,2025-01-27,Standard,0.0306,40.67
COM0003900,T0003900,IL0003900,SR020,C00069,P0077,2025-11-20,Standard,0.0274,38.77
COM0003901,T0003901,IL0003901,SR021,C00217,P0133,2026-04-19,Accelerator,0.043,15.8
COM0003902,T0003902,IL0003902,SR022,C00116,P0062,2025-09-05,Standard,0.0458,103.45
COM0003903,T0003903,IL0003903,SR023,C00494,P0097,2026-02-08,Standard,0.0335,63.58
COM0003904,T0003904,IL0003904,SR024,C00375,P0107,2025-02-24,Standard,0.0444,1.36
COM0003905,T0003905,IL0003905,SR025,C00093,P0105,2026-11-16,Standard,0.0329,6.71
COM0003906,T0003906,IL0003906,SR026,C00419,P0016,2025-05-11,Standard,0.0615,56.85
COM0003907,T0003907,IL0003907,SR027,C00484,P0132,2026-09-09,Standard,0.0627,42.81
COM0003908,T0003908,IL0003908,SR028,C00449,P0068,2025-12-14,Standard,0.0213,24.45
COM0003909,T0003909,IL0003909,SR029,C00002,P0128,2026-10-25,New Account,0.0556,23.49
COM0003910,T0003910,IL0003910,SR030,C00126,P0066,2025-03-16,New Account,0.0573,95.82
COM0003911,T0003911,IL0003911,SR031,C00343,P0067,2025-05-22,Standard,0.03,39.29
COM0003912,T0003912,IL0003912,SR032,C00322,P0111,2026-11-09,Standard,0.031,10.47
COM0003913,T0003913,IL0003913,SR033,C00119,P0031,2025-01-02,Accelerator,0.0401,36.93
COM0003914,T0003914,IL0003914,SR034,C00009,P0083,2026-07-15,Accelerator,0.0183,0.23
COM0003915,T0003915,IL0003915,SR035,C00490,P0121,2025-02-18,Standard,0.0575,43.62
COM0003916,T0003916,IL0003916,SR036,C00375,P0054,2026-10-12,Accelerator,0.0526,42.44
COM0003917,T0003917,IL0003917,SR037,C00420,P0038,2026-01-27,New Account,0.0576,59.59
COM0003918,T0003918,IL0003918,SR038,C00305,P0063,2025-08-23,Standard,0.0501,127.12
COM0003919,T0003919,IL0003919,SR039,C00281,P0113,2026-04-01,New Account,0.0617,49.92
COM0003920,T0003920,IL0003920,SR040,C00125,P0115,2026-06-06,Accelerator,0.0407,3.23
COM0003921,T0003921,IL0003921,SR001,C00268,P0075,2026-11-28,New Account,0.0258,2.62
COM0003922,T0003922,IL0003922,SR002,C00002,P0054,2026-04-24,Accelerator,0.0369,14.06
COM0003923,T0003923,IL0003923,SR003,C00283,P0009,2026-08-17,Standard,0.0318,3.36
COM0003924,T0003924,IL0003924,SR004,C00454,P0119,2025-02-18,Accelerator,0.0253,16.64
COM0003925,T0003925,IL0003925,SR005,C00022,P0039,2025-06-21,Accelerator,0.0296,34.6
COM0003926,T0003926,IL0003926,SR006,C00335,P0001,2026-07-09,Standard,0.0313,2.71
COM0003927,T0003927,IL0003927,SR007,C00317,P0065,2026-02-09,Standard,0.0434,14.04
COM0003928,T0003928,IL0003928,SR008,C00356,P0147,2026-05-16,New Account,0.0208,9.29
COM0003929,T0003929,IL0003929,SR009,C00462,P0050,2026-12-03,New Account,0.0278,0.19
COM0003930,T0003930,IL0003930,SR010,C00031,P0127,2025-02-17,Standard,0.0197,6.44
COM0003931,T0003931,IL0003931,SR011,C00076,P0143,2025-10-31,Standard,0.0252,6.11
COM0003932,T0003932,IL0003932,SR012,C00060,P0010,2026-05-01,Accelerator,0.0532,12.7
COM0003933,T0003933,IL0003933,SR013,C00085,P0019,2026-09-26,Standard,0.0641,25.52
COM0003934,T0003934,IL0003934,SR014,C00369,P0012,2026-06-30,Standard,0.0437,11.39
COM0003935,T0003935,IL0003935,SR015,C00323,P0095,2026-07-07,Standard,0.0364,36.74
COM0003936,T0003936,IL0003936,SR016,C00302,P0072,2026-10-11,Accelerator,0.0629,26.45
COM0003937,T0003937,IL0003937,SR017,C00271,P0073,2026-05-10,New Account,0.0563,47.31
COM0003938,T0003938,IL0003938,SR018,C00013,P0068,2025-08-06,Accelerator,0.0157,10.27
COM0003939,T0003939,IL0003939,SR019,C00135,P0115,2025-12-12,Standard,0.0529,48.57
COM0003940,T0003940,IL0003940,SR020,C00175,P0021,2025-05-23,New Account,0.0557,127.15
COM0003941,T0003941,IL0003941,SR021,C00244,P0045,2025-04-02,New Account,0.0504,41.91
COM0003942,T0003942,IL0003942,SR022,C00327,P0004,2026-10-15,Standard,0.0283,57.51
COM0003943,T0003943,IL0003943,SR023,C00031,P0102,2025-08-26,Standard,0.0221,55.46
COM0003944,T0003944,IL0003944,SR024,C00461,P0025,2026-06-28,New Account,0.0153,30.0
COM0003945,T0003945,IL0003945,SR025,C00232,P0030,2026-11-01,New Account,0.0106,0.51
COM0003946,T0003946,IL0003946,SR026,C00052,P0075,2025-11-11,New Account,0.0441,22.03
COM0003947,T0003947,IL0003947,SR027,C00176,P0045,2025-07-10,Standard,0.0393,48.0
COM0003948,T0003948,IL0003948,SR028,C00349,P0147,2025-08-15,New Account,0.0103,2.17
COM0003949,T0003949,IL0003949,SR029,C00052,P0068,2025-01-31,Standard,0.0101,13.42
COM0003950,T0003950,IL0003950,SR030,C00318,P0098,2025-04-10,New Account,0.0622,13.06
COM0003951,T0003951,IL0003951,SR031,C00186,P0089,2025-04-04,Standard,0.0163,17.45
COM0003952,T0003952,IL0003952,SR032,C00498,P0005,2026-12-01,Accelerator,0.0559,32.51
COM0003953,T0003953,IL0003953,SR033,C00014,P0148,2025-07-17,Accelerator,0.0435,6.04
COM0003954,T0003954,IL0003954,SR034,C00165,P0112,2025-09-13,New Account,0.0343,8.4
COM0003955,T0003955,IL0003955,SR035,C00075,P0076,2026-05-14,New Account,0.0533,20.51
COM0003956,T0003956,IL0003956,SR036,C00147,P0128,2026-02-21,Standard,0.0535,25.65
COM0003957,T0003957,IL0003957,SR037,C00089,P0150,2026-10-16,Standard,0.0122,3.45
COM0003958,T0003958,IL0003958,SR038,C00072,P0113,2026-01-22,Accelerator,0.0618,18.29
COM0003959,T0003959,IL0003959,SR039,C00202,P0104,2026-04-22,Accelerator,0.0196,1.89
COM0003960,T0003960,IL0003960,SR040,C00175,P0047,2026-03-12,Standard,0.0356,26.29
COM0003961,T0003961,IL0003961,SR001,C00190,P0019,2026-05-04,Accelerator,0.0517,8.82
COM0003962,T0003962,IL0003962,SR002,C00428,P0084,2026-10-04,Standard,0.0138,0.8
COM0003963,T0003963,IL0003963,SR003,C00274,P0118,2025-11-16,New Account,0.0611,17.45
COM0003964,T0003964,IL0003964,SR004,C00180,P0074,2025-07-21,Standard,0.0102,6.41
COM0003965,T0003965,IL0003965,SR005,C00275,P0031,2026-07-09,New Account,0.0613,4.37
COM0003966,T0003966,IL0003966,SR006,C00055,P0068,2026-02-22,New Account,0.0562,21.6
COM0003967,T0003967,IL0003967,SR007,C00329,P0021,2026-08-05,Standard,0.0481,78.94
COM0003968,T0003968,IL0003968,SR008,C00346,P0026,2025-01-09,Accelerator,0.0236,30.82
COM0003969,T0003969,IL0003969,SR009,C00100,P0002,2025-12-13,Accelerator,0.0601,22.7
COM0003970,T0003970,IL0003970,SR010,C00015,P0138,2025-07-16,New Account,0.0474,8.98
COM0003971,T0003971,IL0003971,SR011,C00384,P0076,2026-07-24,Standard,0.0223,14.46
COM0003972,T0003972,IL0003972,SR012,C00269,P0004,2025-05-13,Accelerator,0.0242,17.77
COM0003973,T0003973,IL0003973,SR013,C00279,P0007,2026-08-17,Standard,0.04,90.65
COM0003974,T0003974,IL0003974,SR014,C00280,P0102,2025-06-07,New Account,0.0628,100.69
COM0003975,T0003975,IL0003975,SR015,C00037,P0016,2026-04-11,Standard,0.0351,11.16
COM0003976,T0003976,IL0003976,SR016,C00201,P0043,2026-10-26,New Account,0.0329,21.46
COM0003977,T0003977,IL0003977,SR017,C00459,P0033,2026-11-27,Accelerator,0.0264,13.2
COM0003978,T0003978,IL0003978,SR018,C00111,P0086,2026-02-23,Standard,0.0115,5.52
COM0003979,T0003979,IL0003979,SR019,C00331,P0069,2026-05-15,New Account,0.0272,19.65
COM0003980,T0003980,IL0003980,SR020,C00259,P0090,2026-06-22,New Account,0.0427,31.5
COM0003981,T0003981,IL0003981,SR021,C00042,P0007,2026-03-22,New Account,0.0547,95.88
COM0003982,T0003982,IL0003982,SR022,C00308,P0015,2026-08-23,Accelerator,0.0197,4.01
COM0003983,T0003983,IL0003983,SR023,C00315,P0025,2026-06-05,New Account,0.0513,80.59
COM0003984,T0003984,IL0003984,SR024,C00263,P0072,2025-06-15,Standard,0.0619,60.83
COM0003985,T0003985,IL0003985,SR025,C00283,P0133,2025-07-08,New Account,0.0381,50.88
COM0003986,T0003986,IL0003986,SR026,C00339,P0006,2026-10-16,Standard,0.0498,104.63
COM0003987,T0003987,IL0003987,SR027,C00229,P0083,2025-11-26,Accelerator,0.0342,8.59
COM0003988,T0003988,IL0003988,SR028,C00281,P0069,2026-12-06,Standard,0.0162,0.11
COM0003989,T0003989,IL0003989,SR029,C00096,P0076,2026-12-22,Accelerator,0.0181,21.83
COM0003990,T0003990,IL0003990,SR030,C00230,P0036,2026-10-29,Accelerator,0.037,44.26
COM0003991,T0003991,IL0003991,SR031,C00273,P0123,2025-10-22,New Account,0.0336,27.58
COM0003992,T0003992,IL0003992,SR032,C00275,P0008,2026-11-17,Standard,0.0145,6.62
COM0003993,T0003993,IL0003993,SR033,C00395,P0021,2026-10-05,New Account,0.0119,0.96
COM0003994,T0003994,IL0003994,SR034,C00245,P0089,2026-08-01,Accelerator,0.0648,22.97
COM0003995,T0003995,IL0003995,SR035,C00194,P0089,2026-05-07,Standard,0.0332,49.78
COM0003996,T0003996,IL0003996,SR036,C00372,P0110,2025-01-26,Accelerator,0.0349,49.76
COM0003997,T0003997,IL0003997,SR037,C00024,P0014,2025-08-18,Accelerator,0.0273,10.45
COM0003998,T0003998,IL0003998,SR038,C00070,P0150,2025-12-24,New Account,0.0133,12.76
COM0003999,T0003999,IL0003999,SR039,C00109,P0051,2026-01-30,Standard,0.0444,4.66
COM0004000,T0004000,IL0004000,SR040,C00274,P0113,2025-07-22,Standard,0.0527,37.67
COM0004001,T0004001,IL0004001,SR001,C00078,P0074,2026-10-26,Standard,0.0129,26.55
COM0004002,T0004002,IL0004002,SR002,C00357,P0118,2026-03-29,New Account,0.0207,8.83
COM0004003,T0004003,IL0004003,SR003,C00051,P0067,2026-03-26,Accelerator,0.0356,50.92
COM0004004,T0004004,IL0004004,SR004,C00486,P0133,2026-12-15,Accelerator,0.0458,39.69
COM0004005,T0004005,IL0004005,SR005,C00197,P0079,2026-04-16,Standard,0.0284,55.56
COM0004006,T0004006,IL0004006,SR006,C00229,P0145,2026-12-12,Standard,0.0372,5.62
COM0004007,T0004007,IL0004007,SR007,C00032,P0036,2025-11-03,New Account,0.0251,37.07
COM0004008,T0004008,IL0004008,SR008,C00328,P0044,2025-04-07,Accelerator,0.0595,25.79
COM0004009,T0004009,IL0004009,SR009,C00179,P0149,2025-09-05,New Account,0.0335,4.79
COM0004010,T0004010,IL0004010,SR010,C00355,P0133,2026-01-14,Accelerator,0.0374,12.62
COM0004011,T0004011,IL0004011,SR011,C00139,P0054,2026-04-22,New Account,0.0137,7.32
COM0004012,T0004012,IL0004012,SR012,C00052,P0119,2025-07-30,Accelerator,0.0102,0.39
COM0004013,T0004013,IL0004013,SR013,C00141,P0054,2025-10-31,Accelerator,0.0229,25.49
COM0004014,T0004014,IL0004014,SR014,C00204,P0072,2026-01-11,New Account,0.0367,50.53
COM0004015,T0004015,IL0004015,SR015,C00370,P0023,2026-01-04,New Account,0.0185,21.76
COM0004016,T0004016,IL0004016,SR016,C00135,P0080,2025-02-14,Standard,0.0316,14.91
COM0004017,T0004017,IL0004017,SR017,C00079,P0044,2026-04-27,Accelerator,0.0457,8.36
COM0004018,T0004018,IL0004018,SR018,C00493,P0030,2025-03-20,New Account,0.0391,0.31
COM0004019,T0004019,IL0004019,SR019,C00027,P0130,2025-10-02,New Account,0.0526,8.66
COM0004020,T0004020,IL0004020,SR020,C00206,P0062,2026-01-02,Accelerator,0.0575,75.7
COM0004021,T0004021,IL0004021,SR021,C00272,P0100,2025-11-01,Standard,0.0274,8.39
COM0004022,T0004022,IL0004022,SR022,C00002,P0118,2026-06-22,Accelerator,0.0453,14.37
COM0004023,T0004023,IL0004023,SR023,C00053,P0117,2025-01-27,Standard,0.0624,2.46
COM0004024,T0004024,IL0004024,SR024,C00331,P0102,2025-02-09,Accelerator,0.0642,167.45
COM0004025,T0004025,IL0004025,SR025,C00094,P0011,2025-10-24,Accelerator,0.017,1.83
COM0004026,T0004026,IL0004026,SR026,C00430,P0026,2026-04-26,Standard,0.0641,107.25
COM0004027,T0004027,IL0004027,SR027,C00427,P0013,2025-05-31,Standard,0.0146,20.31
COM0004028,T0004028,IL0004028,SR028,C00139,P0001,2025-05-04,Standard,0.0645,95.67
COM0004029,T0004029,IL0004029,SR029,C00354,P0034,2025-08-25,Accelerator,0.0585,0.55
COM0004030,T0004030,IL0004030,SR030,C00121,P0086,2026-11-10,New Account,0.0381,59.69
COM0004031,T0004031,IL0004031,SR031,C00482,P0125,2026-10-14,Accelerator,0.0554,33.85
COM0004032,T0004032,IL0004032,SR032,C00386,P0117,2026-07-05,Accelerator,0.0571,179.69
COM0004033,T0004033,IL0004033,SR033,C00028,P0101,2026-09-04,Standard,0.0395,21.78
COM0004034,T0004034,IL0004034,SR034,C00216,P0018,2025-06-17,Accelerator,0.0203,10.22
COM0004035,T0004035,IL0004035,SR035,C00101,P0140,2026-04-11,Accelerator,0.027,11.17
COM0004036,T0004036,IL0004036,SR036,C00438,P0058,2026-06-27,Standard,0.0206,43.63
COM0004037,T0004037,IL0004037,SR037,C00198,P0038,2025-01-29,Standard,0.0324,4.24
COM0004038,T0004038,IL0004038,SR038,C00154,P0020,2025-10-12,Standard,0.0184,12.77
COM0004039,T0004039,IL0004039,SR039,C00341,P0146,2026-06-19,New Account,0.052,112.37
COM0004040,T0004040,IL0004040,SR040,C00355,P0049,2026-09-21,Accelerator,0.0116,9.9
COM0004041,T0004041,IL0004041,SR001,C00107,P0134,2025-08-28,Accelerator,0.0464,87.99
COM0004042,T0004042,IL0004042,SR002,C00391,P0009,2025-09-06,Accelerator,0.0324,18.88
COM0004043,T0004043,IL0004043,SR003,C00067,P0058,2026-05-04,New Account,0.0102,0.79
COM0004044,T0004044,IL0004044,SR004,C00423,P0077,2026-05-31,Standard,0.0317,25.94
COM0004045,T0004045,IL0004045,SR005,C00489,P0098,2026-01-11,Standard,0.0279,3.82
COM0004046,T0004046,IL0004046,SR006,C00001,P0045,2026-11-08,New Account,0.0518,25.96
COM0004047,T0004047,IL0004047,SR007,C00032,P0095,2026-11-15,Standard,0.019,10.16
COM0004048,T0004048,IL0004048,SR008,C00403,P0146,2025-01-27,Standard,0.0356,8.0
COM0004049,T0004049,IL0004049,SR009,C00432,P0084,2025-10-23,New Account,0.0377,2.73
COM0004050,T0004050,IL0004050,SR010,C00153,P0016,2025-08-14,Accelerator,0.0161,5.76
COM0004051,T0004051,IL0004051,SR011,C00432,P0106,2026-11-24,New Account,0.0465,43.18
COM0004052,T0004052,IL0004052,SR012,C00084,P0094,2025-07-10,Standard,0.0478,34.03
COM0004053,T0004053,IL0004053,SR013,C00145,P0042,2025-10-25,New Account,0.0348,49.09
COM0004054,T0004054,IL0004054,SR014,C00375,P0018,2025-02-10,New Account,0.0276,2.93
COM0004055,T0004055,IL0004055,SR015,C00054,P0029,2025-05-12,Accelerator,0.0171,16.19
COM0004056,T0004056,IL0004056,SR016,C00225,P0044,2025-03-05,Standard,0.0534,15.71
COM0004057,T0004057,IL0004057,SR017,C00149,P0015,2026-03-01,Accelerator,0.0486,4.62
COM0004058,T0004058,IL0004058,SR018,C00190,P0003,2025-12-23,Accelerator,0.0104,2.12
COM0004059,T0004059,IL0004059,SR019,C00332,P0030,2026-01-02,Accelerator,0.0145,2.96
COM0004060,T0004060,IL0004060,SR020,C00477,P0118,2025-05-15,Standard,0.0613,13.39
COM0004061,T0004061,IL0004061,SR021,C00465,P0112,2025-03-23,Accelerator,0.0415,91.54
COM0004062,T0004062,IL0004062,SR022,C00494,P0084,2026-03-08,Accelerator,0.0117,15.22
COM0004063,T0004063,IL0004063,SR023,C00256,P0020,2025-07-24,Standard,0.0466,2.77
COM0004064,T0004064,IL0004064,SR024,C00154,P0006,2025-07-01,Accelerator,0.0178,23.03
COM0004065,T0004065,IL0004065,SR025,C00209,P0010,2025-08-29,New Account,0.0459,4.47
COM0004066,T0004066,IL0004066,SR026,C00484,P0069,2025-04-11,New Account,0.0197,2.7
COM0004067,T0004067,IL0004067,SR027,C00406,P0035,2025-04-24,New Account,0.0235,36.59
COM0004068,T0004068,IL0004068,SR028,C00410,P0092,2025-06-03,Accelerator,0.0567,21.2
COM0004069,T0004069,IL0004069,SR029,C00222,P0101,2026-12-28,Accelerator,0.0427,38.21
COM0004070,T0004070,IL0004070,SR030,C00450,P0120,2026-12-17,New Account,0.0566,19.81
COM0004071,T0004071,IL0004071,SR031,C00035,P0003,2026-06-04,Standard,0.0248,0.57
COM0004072,T0004072,IL0004072,SR032,C00441,P0057,2026-12-13,Standard,0.0502,27.95
COM0004073,T0004073,IL0004073,SR033,C00199,P0042,2026-12-29,Standard,0.0546,11.55
COM0004074,T0004074,IL0004074,SR034,C00432,P0103,2026-10-22,New Account,0.0288,82.28
COM0004075,T0004075,IL0004075,SR035,C00001,P0062,2025-10-05,New Account,0.0561,7.33
COM0004076,T0004076,IL0004076,SR036,C00011,P0136,2026-02-26,Accelerator,0.0507,59.4
COM0004077,T0004077,IL0004077,SR037,C00330,P0127,2026-02-19,New Account,0.0491,2.91
COM0004078,T0004078,IL0004078,SR038,C00312,P0014,2026-11-27,Accelerator,0.0169,2.18
COM0004079,T0004079,IL0004079,SR039,C00500,P0095,2025-12-26,Standard,0.053,31.68
COM0004080,T0004080,IL0004080,SR040,C00201,P0013,2025-03-09,New Account,0.0616,4.2
COM0004081,T0004081,IL0004081,SR001,C00391,P0130,2025-05-01,Standard,0.06,65.2
COM0004082,T0004082,IL0004082,SR002,C00231,P0114,2025-04-06,Standard,0.0524,128.6
COM0004083,T0004083,IL0004083,SR003,C00342,P0011,2026-12-11,Accelerator,0.0531,45.2
COM0004084,T0004084,IL0004084,SR004,C00441,P0034,2026-11-12,New Account,0.0212,4.25
COM0004085,T0004085,IL0004085,SR005,C00254,P0075,2026-03-11,Standard,0.0388,43.82
COM0004086,T0004086,IL0004086,SR006,C00455,P0081,2025-03-18,Standard,0.0324,31.04
COM0004087,T0004087,IL0004087,SR007,C00030,P0118,2025-06-24,New Account,0.0249,5.17
COM0004088,T0004088,IL0004088,SR008,C00411,P0002,2025-05-27,Accelerator,0.0337,24.55
COM0004089,T0004089,IL0004089,SR009,C00178,P0126,2026-04-21,New Account,0.0643,155.64
COM0004090,T0004090,IL0004090,SR010,C00137,P0013,2025-11-16,Accelerator,0.0104,10.13
COM0004091,T0004091,IL0004091,SR011,C00065,P0044,2025-05-25,New Account,0.0442,20.96
COM0004092,T0004092,IL0004092,SR012,C00010,P0047,2026-01-26,Standard,0.0144,20.91
COM0004093,T0004093,IL0004093,SR013,C00277,P0130,2026-01-28,New Account,0.0222,25.93
COM0004094,T0004094,IL0004094,SR014,C00449,P0017,2025-07-14,New Account,0.0433,2.56
COM0004095,T0004095,IL0004095,SR015,C00343,P0113,2025-08-18,Standard,0.0415,64.8
COM0004096,T0004096,IL0004096,SR016,C00309,P0079,2026-04-25,New Account,0.0492,82.38
COM0004097,T0004097,IL0004097,SR017,C00478,P0043,2025-10-20,Accelerator,0.0584,165.67
COM0004098,T0004098,IL0004098,SR018,C00058,P0110,2025-06-13,New Account,0.0414,64.52
COM0004099,T0004099,IL0004099,SR019,C00259,P0115,2025-11-21,New Account,0.0572,38.79
COM0004100,T0004100,IL0004100,SR020,C00129,P0011,2025-12-04,Standard,0.0409,45.29
COM0004101,T0004101,IL0004101,SR021,C00194,P0100,2025-09-17,Standard,0.0487,3.88
COM0004102,T0004102,IL0004102,SR022,C00116,P0047,2025-12-05,Accelerator,0.0145,15.77
COM0004103,T0004103,IL0004103,SR023,C00317,P0011,2025-04-17,New Account,0.0269,54.84
COM0004104,T0004104,IL0004104,SR024,C00467,P0062,2025-08-20,Accelerator,0.0552,12.24
COM0004105,T0004105,IL0004105,SR025,C00107,P0052,2026-06-05,Accelerator,0.0161,26.84
COM0004106,T0004106,IL0004106,SR026,C00114,P0135,2025-11-12,Accelerator,0.0235,5.4
COM0004107,T0004107,IL0004107,SR027,C00229,P0086,2026-04-03,Standard,0.0247,0.07
COM0004108,T0004108,IL0004108,SR028,C00366,P0016,2026-01-28,New Account,0.0314,60.13
COM0004109,T0004109,IL0004109,SR029,C00392,P0024,2025-12-31,Accelerator,0.0584,15.27
COM0004110,T0004110,IL0004110,SR030,C00081,P0068,2026-12-09,Accelerator,0.0524,42.86
COM0004111,T0004111,IL0004111,SR031,C00031,P0100,2025-07-27,Standard,0.0455,58.91
COM0004112,T0004112,IL0004112,SR032,C00032,P0040,2025-03-03,Accelerator,0.0461,69.89
COM0004113,T0004113,IL0004113,SR033,C00229,P0134,2025-05-10,New Account,0.0287,45.37
COM0004114,T0004114,IL0004114,SR034,C00145,P0089,2025-05-05,Accelerator,0.0174,9.31
COM0004115,T0004115,IL0004115,SR035,C00396,P0111,2026-10-23,New Account,0.0114,6.52
COM0004116,T0004116,IL0004116,SR036,C00423,P0067,2026-11-22,New Account,0.0406,40.82
COM0004117,T0004117,IL0004117,SR037,C00184,P0085,2026-09-28,New Account,0.034,50.48
COM0004118,T0004118,IL0004118,SR038,C00454,P0067,2025-09-21,Standard,0.032,26.87
COM0004119,T0004119,IL0004119,SR039,C00484,P0144,2025-03-11,Accelerator,0.0325,52.0
COM0004120,T0004120,IL0004120,SR040,C00444,P0133,2025-05-31,Accelerator,0.0339,10.98
COM0004121,T0004121,IL0004121,SR001,C00068,P0150,2025-01-26,New Account,0.0338,82.82
COM0004122,T0004122,IL0004122,SR002,C00460,P0067,2026-09-23,Standard,0.0461,1.07
COM0004123,T0004123,IL0004123,SR003,C00319,P0012,2026-10-14,Accelerator,0.0575,56.46
COM0004124,T0004124,IL0004124,SR004,C00054,P0029,2026-04-22,Accelerator,0.0311,44.49
COM0004125,T0004125,IL0004125,SR005,C00081,P0017,2026-02-18,New Account,0.0193,9.54
COM0004126,T0004126,IL0004126,SR006,C00328,P0056,2026-12-17,Accelerator,0.0394,89.65
COM0004127,T0004127,IL0004127,SR007,C00339,P0102,2026-11-22,New Account,0.0465,76.86
COM0004128,T0004128,IL0004128,SR008,C00071,P0047,2026-05-30,Standard,0.0442,67.44
COM0004129,T0004129,IL0004129,SR009,C00226,P0011,2026-03-10,Standard,0.043,10.76
COM0004130,T0004130,IL0004130,SR010,C00275,P0095,2026-04-13,Accelerator,0.018,18.23
COM0004131,T0004131,IL0004131,SR011,C00115,P0114,2025-03-13,Standard,0.0218,12.03
COM0004132,T0004132,IL0004132,SR012,C00266,P0048,2025-11-19,New Account,0.0163,3.6
COM0004133,T0004133,IL0004133,SR013,C00223,P0117,2025-01-27,Accelerator,0.0487,109.42
COM0004134,T0004134,IL0004134,SR014,C00161,P0063,2025-11-01,Accelerator,0.042,10.7
COM0004135,T0004135,IL0004135,SR015,C00356,P0045,2025-09-06,Accelerator,0.0272,0.89
COM0004136,T0004136,IL0004136,SR016,C00302,P0092,2026-08-17,Standard,0.0326,41.1
COM0004137,T0004137,IL0004137,SR017,C00283,P0051,2026-01-14,Accelerator,0.0276,0.88
COM0004138,T0004138,IL0004138,SR018,C00448,P0121,2026-02-10,Accelerator,0.0489,70.98
COM0004139,T0004139,IL0004139,SR019,C00343,P0080,2025-11-04,Standard,0.0439,74.58
COM0004140,T0004140,IL0004140,SR020,C00390,P0050,2026-04-05,Standard,0.0346,18.06
COM0004141,T0004141,IL0004141,SR021,C00313,P0036,2026-09-23,New Account,0.0612,20.25
COM0004142,T0004142,IL0004142,SR022,C00309,P0124,2026-03-18,Standard,0.0566,6.48
COM0004143,T0004143,IL0004143,SR023,C00262,P0039,2025-08-09,New Account,0.0119,7.6
COM0004144,T0004144,IL0004144,SR024,C00487,P0095,2026-11-14,Accelerator,0.0214,39.81
COM0004145,T0004145,IL0004145,SR025,C00263,P0009,2026-02-02,Accelerator,0.0365,2.81
COM0004146,T0004146,IL0004146,SR026,C00267,P0005,2026-03-07,New Account,0.063,11.44
COM0004147,T0004147,IL0004147,SR027,C00096,P0027,2025-07-20,New Account,0.0467,29.33
COM0004148,T0004148,IL0004148,SR028,C00389,P0122,2025-03-25,New Account,0.0515,18.43
COM0004149,T0004149,IL0004149,SR029,C00150,P0017,2026-01-24,Standard,0.0619,49.8
COM0004150,T0004150,IL0004150,SR030,C00105,P0102,2026-10-12,Accelerator,0.0287,83.84
COM0004151,T0004151,IL0004151,SR031,C00111,P0107,2026-11-09,Standard,0.0434,29.57
COM0004152,T0004152,IL0004152,SR032,C00065,P0016,2025-08-01,New Account,0.0154,3.54
COM0004153,T0004153,IL0004153,SR033,C00092,P0089,2025-08-14,Accelerator,0.0319,27.88
COM0004154,T0004154,IL0004154,SR034,C00009,P0077,2026-07-07,Standard,0.0339,9.4
COM0004155,T0004155,IL0004155,SR035,C00292,P0054,2026-02-19,Standard,0.0445,6.41
COM0004156,T0004156,IL0004156,SR036,C00042,P0145,2025-04-13,Accelerator,0.0627,33.93
COM0004157,T0004157,IL0004157,SR037,C00255,P0113,2026-02-14,Accelerator,0.0548,21.32
COM0004158,T0004158,IL0004158,SR038,C00134,P0049,2025-02-13,New Account,0.0327,9.71
COM0004159,T0004159,IL0004159,SR039,C00425,P0084,2026-07-07,New Account,0.0328,71.22
COM0004160,T0004160,IL0004160,SR040,C00385,P0022,2025-07-31,New Account,0.0628,7.77
COM0004161,T0004161,IL0004161,SR001,C00234,P0065,2025-03-05,Standard,0.0577,142.7
COM0004162,T0004162,IL0004162,SR002,C00008,P0082,2025-10-08,New Account,0.0473,11.68
COM0004163,T0004163,IL0004163,SR003,C00264,P0092,2025-10-10,New Account,0.0374,16.38
COM0004164,T0004164,IL0004164,SR004,C00146,P0084,2026-08-20,Standard,0.0507,34.7
COM0004165,T0004165,IL0004165,SR005,C00480,P0040,2025-04-14,Accelerator,0.0259,38.19
COM0004166,T0004166,IL0004166,SR006,C00056,P0128,2025-09-19,Accelerator,0.0627,5.97
COM0004167,T0004167,IL0004167,SR007,C00384,P0088,2026-02-20,New Account,0.0345,67.17
COM0004168,T0004168,IL0004168,SR008,C00433,P0016,2026-12-21,New Account,0.0434,2.27
COM0004169,T0004169,IL0004169,SR009,C00189,P0100,2025-12-12,Standard,0.0212,6.49
COM0004170,T0004170,IL0004170,SR010,C00158,P0073,2025-09-04,Accelerator,0.0316,6.84
COM0004171,T0004171,IL0004171,SR011,C00346,P0147,2026-06-09,New Account,0.0491,68.71
COM0004172,T0004172,IL0004172,SR012,C00224,P0140,2025-03-12,Standard,0.0521,22.98
COM0004173,T0004173,IL0004173,SR013,C00489,P0013,2025-05-06,Standard,0.0368,14.29
COM0004174,T0004174,IL0004174,SR014,C00192,P0087,2025-03-28,Accelerator,0.0445,12.72
COM0004175,T0004175,IL0004175,SR015,C00072,P0036,2025-11-22,Accelerator,0.0348,22.66
COM0004176,T0004176,IL0004176,SR016,C00031,P0042,2026-07-02,New Account,0.0111,6.14
COM0004177,T0004177,IL0004177,SR017,C00075,P0009,2025-09-27,New Account,0.0242,36.62
COM0004178,T0004178,IL0004178,SR018,C00071,P0096,2026-01-24,New Account,0.0322,2.97
COM0004179,T0004179,IL0004179,SR019,C00218,P0078,2025-10-16,Accelerator,0.0387,5.83
COM0004180,T0004180,IL0004180,SR020,C00340,P0036,2025-12-10,Accelerator,0.0573,153.82
COM0004181,T0004181,IL0004181,SR021,C00243,P0150,2026-10-29,New Account,0.0107,19.32
COM0004182,T0004182,IL0004182,SR022,C00438,P0115,2025-01-16,New Account,0.0293,30.67
COM0004183,T0004183,IL0004183,SR023,C00485,P0011,2025-01-27,Standard,0.0252,14.89
COM0004184,T0004184,IL0004184,SR024,C00024,P0025,2025-05-12,Standard,0.0393,26.18
COM0004185,T0004185,IL0004185,SR025,C00190,P0146,2026-12-18,New Account,0.0306,26.05
COM0004186,T0004186,IL0004186,SR026,C00221,P0104,2025-03-18,Accelerator,0.0429,38.2
COM0004187,T0004187,IL0004187,SR027,C00414,P0149,2026-06-24,Standard,0.0163,5.18
COM0004188,T0004188,IL0004188,SR028,C00061,P0083,2026-05-22,Standard,0.0204,27.07
COM0004189,T0004189,IL0004189,SR029,C00276,P0074,2026-06-06,Standard,0.0638,173.96
COM0004190,T0004190,IL0004190,SR030,C00012,P0092,2026-11-18,Standard,0.0278,1.26
COM0004191,T0004191,IL0004191,SR031,C00423,P0067,2026-05-15,Accelerator,0.0513,16.24
COM0004192,T0004192,IL0004192,SR032,C00159,P0138,2025-10-21,New Account,0.0564,24.92
COM0004193,T0004193,IL0004193,SR033,C00152,P0115,2025-08-14,Accelerator,0.0648,64.83
COM0004194,T0004194,IL0004194,SR034,C00329,P0027,2025-09-06,Standard,0.0564,26.86
COM0004195,T0004195,IL0004195,SR035,C00181,P0088,2026-10-11,New Account,0.0488,81.73
COM0004196,T0004196,IL0004196,SR036,C00324,P0096,2025-11-13,Standard,0.0592,6.67
COM0004197,T0004197,IL0004197,SR037,C00301,P0045,2025-12-26,Accelerator,0.0193,11.53
COM0004198,T0004198,IL0004198,SR038,C00469,P0042,2026-10-24,Accelerator,0.0433,13.73
COM0004199,T0004199,IL0004199,SR039,C00389,P0070,2025-06-09,Accelerator,0.0631,54.08
COM0004200,T0004200,IL0004200,SR040,C00150,P0147,2026-03-05,Standard,0.0342,4.5
COM0004201,T0004201,IL0004201,SR001,C00237,P0108,2026-06-10,Accelerator,0.0296,34.68
COM0004202,T0004202,IL0004202,SR002,C00176,P0100,2026-08-10,Accelerator,0.0376,33.86
COM0004203,T0004203,IL0004203,SR003,C00059,P0086,2026-10-06,Standard,0.0553,47.35
COM0004204,T0004204,IL0004204,SR004,C00410,P0009,2025-01-28,Standard,0.0569,6.73
COM0004205,T0004205,IL0004205,SR005,C00050,P0093,2025-07-10,Accelerator,0.0618,55.83
COM0004206,T0004206,IL0004206,SR006,C00182,P0060,2026-03-17,New Account,0.0382,41.28
COM0004207,T0004207,IL0004207,SR007,C00405,P0012,2025-03-22,Standard,0.0555,32.25
COM0004208,T0004208,IL0004208,SR008,C00099,P0103,2026-08-04,New Account,0.0517,17.86
COM0004209,T0004209,IL0004209,SR009,C00444,P0136,2026-11-15,Accelerator,0.0382,40.11
COM0004210,T0004210,IL0004210,SR010,C00352,P0149,2025-06-26,New Account,0.0516,33.82
COM0004211,T0004211,IL0004211,SR011,C00411,P0008,2026-06-21,New Account,0.0176,15.63
COM0004212,T0004212,IL0004212,SR012,C00475,P0044,2025-04-23,New Account,0.05,12.72
COM0004213,T0004213,IL0004213,SR013,C00241,P0015,2026-08-08,New Account,0.0181,11.18
COM0004214,T0004214,IL0004214,SR014,C00343,P0098,2026-04-30,Accelerator,0.0364,2.16
COM0004215,T0004215,IL0004215,SR015,C00384,P0012,2026-08-25,Standard,0.0596,32.81
COM0004216,T0004216,IL0004216,SR016,C00165,P0106,2025-07-30,Standard,0.0424,51.41
COM0004217,T0004217,IL0004217,SR017,C00005,P0076,2026-02-11,Accelerator,0.0567,98.71
COM0004218,T0004218,IL0004218,SR018,C00345,P0104,2025-07-10,Standard,0.0244,8.08
COM0004219,T0004219,IL0004219,SR019,C00092,P0149,2026-04-11,New Account,0.0191,25.88
COM0004220,T0004220,IL0004220,SR020,C00132,P0019,2026-07-14,Standard,0.0204,17.54
COM0004221,T0004221,IL0004221,SR021,C00343,P0067,2025-06-13,Accelerator,0.025,64.25
COM0004222,T0004222,IL0004222,SR022,C00340,P0073,2025-08-29,Standard,0.0339,23.23
COM0004223,T0004223,IL0004223,SR023,C00296,P0047,2026-10-12,New Account,0.0352,43.68
COM0004224,T0004224,IL0004224,SR024,C00027,P0007,2025-09-02,Accelerator,0.0603,51.7
COM0004225,T0004225,IL0004225,SR025,C00448,P0002,2026-04-27,Accelerator,0.0196,10.09
COM0004226,T0004226,IL0004226,SR026,C00148,P0116,2026-04-29,Standard,0.0427,103.16
COM0004227,T0004227,IL0004227,SR027,C00448,P0147,2025-10-13,Accelerator,0.0296,8.67
COM0004228,T0004228,IL0004228,SR028,C00375,P0147,2026-02-09,Accelerator,0.058,14.13
COM0004229,T0004229,IL0004229,SR029,C00314,P0129,2025-12-20,Accelerator,0.0546,114.36
COM0004230,T0004230,IL0004230,SR030,C00135,P0005,2025-03-05,New Account,0.0644,19.89
COM0004231,T0004231,IL0004231,SR031,C00185,P0067,2026-05-11,Accelerator,0.0414,43.69
COM0004232,T0004232,IL0004232,SR032,C00179,P0061,2025-11-19,New Account,0.0413,8.37
COM0004233,T0004233,IL0004233,SR033,C00130,P0093,2026-03-30,Standard,0.0248,8.59
COM0004234,T0004234,IL0004234,SR034,C00397,P0076,2025-06-27,New Account,0.0554,91.21
COM0004235,T0004235,IL0004235,SR035,C00166,P0039,2026-04-21,New Account,0.0144,14.42
COM0004236,T0004236,IL0004236,SR036,C00338,P0001,2025-05-18,Accelerator,0.02,4.24
COM0004237,T0004237,IL0004237,SR037,C00397,P0106,2025-02-25,New Account,0.0452,62.68
COM0004238,T0004238,IL0004238,SR038,C00333,P0093,2026-03-07,New Account,0.0204,8.11
COM0004239,T0004239,IL0004239,SR039,C00102,P0097,2025-05-22,Accelerator,0.043,42.79
COM0004240,T0004240,IL0004240,SR040,C00101,P0065,2025-10-03,Accelerator,0.0126,12.87
COM0004241,T0004241,IL0004241,SR001,C00076,P0047,2025-10-07,Standard,0.0626,30.33
COM0004242,T0004242,IL0004242,SR002,C00499,P0132,2025-07-16,Accelerator,0.0196,5.78
COM0004243,T0004243,IL0004243,SR003,C00277,P0061,2026-01-10,Standard,0.062,8.26
COM0004244,T0004244,IL0004244,SR004,C00045,P0056,2025-11-27,Standard,0.0563,87.85
COM0004245,T0004245,IL0004245,SR005,C00494,P0017,2026-11-21,New Account,0.0131,15.92
COM0004246,T0004246,IL0004246,SR006,C00125,P0130,2025-08-05,New Account,0.0541,32.82
COM0004247,T0004247,IL0004247,SR007,C00069,P0146,2026-07-07,Accelerator,0.0609,32.79
COM0004248,T0004248,IL0004248,SR008,C00214,P0147,2026-07-25,Standard,0.027,56.49
COM0004249,T0004249,IL0004249,SR009,C00472,P0078,2025-04-20,Standard,0.0131,13.72
COM0004250,T0004250,IL0004250,SR010,C00355,P0075,2026-04-23,New Account,0.0359,8.04
COM0004251,T0004251,IL0004251,SR011,C00407,P0061,2026-11-16,Standard,0.0639,23.32
COM0004252,T0004252,IL0004252,SR012,C00412,P0020,2025-09-03,Standard,0.0636,18.54
COM0004253,T0004253,IL0004253,SR013,C00072,P0110,2026-04-07,New Account,0.0193,13.51
COM0004254,T0004254,IL0004254,SR014,C00194,P0114,2026-10-23,Standard,0.0272,23.2
COM0004255,T0004255,IL0004255,SR015,C00312,P0037,2025-04-30,Standard,0.0263,14.84
COM0004256,T0004256,IL0004256,SR016,C00152,P0060,2025-04-25,Standard,0.0633,9.99
COM0004257,T0004257,IL0004257,SR017,C00324,P0015,2026-08-27,Standard,0.064,15.42
COM0004258,T0004258,IL0004258,SR018,C00112,P0131,2025-02-27,Standard,0.0114,4.27
COM0004259,T0004259,IL0004259,SR019,C00263,P0056,2026-05-13,Standard,0.0248,26.17
COM0004260,T0004260,IL0004260,SR020,C00210,P0064,2026-04-23,New Account,0.0582,61.57
COM0004261,T0004261,IL0004261,SR021,C00117,P0125,2025-10-04,Standard,0.0618,32.98
COM0004262,T0004262,IL0004262,SR022,C00495,P0088,2025-08-06,New Account,0.0549,40.05
COM0004263,T0004263,IL0004263,SR023,C00258,P0033,2025-12-11,Standard,0.0621,52.27
COM0004264,T0004264,IL0004264,SR024,C00356,P0071,2025-11-30,New Account,0.019,27.3
COM0004265,T0004265,IL0004265,SR025,C00135,P0041,2025-05-02,Accelerator,0.0567,32.66
COM0004266,T0004266,IL0004266,SR026,C00282,P0093,2025-05-27,New Account,0.0398,5.77
COM0004267,T0004267,IL0004267,SR027,C00103,P0095,2025-01-21,Standard,0.0168,19.4
COM0004268,T0004268,IL0004268,SR028,C00293,P0126,2026-03-29,New Account,0.017,5.43
COM0004269,T0004269,IL0004269,SR029,C00436,P0073,2026-09-29,New Account,0.0158,8.84
COM0004270,T0004270,IL0004270,SR030,C00365,P0017,2025-05-02,Standard,0.0635,10.37
COM0004271,T0004271,IL0004271,SR031,C00015,P0002,2026-09-26,Accelerator,0.0284,5.84
COM0004272,T0004272,IL0004272,SR032,C00293,P0015,2026-09-24,Standard,0.0518,38.21
COM0004273,T0004273,IL0004273,SR033,C00246,P0075,2025-12-20,New Account,0.0469,92.94
COM0004274,T0004274,IL0004274,SR034,C00286,P0140,2026-10-12,New Account,0.0624,54.22
COM0004275,T0004275,IL0004275,SR035,C00046,P0054,2025-10-29,New Account,0.0292,9.15
COM0004276,T0004276,IL0004276,SR036,C00104,P0094,2025-02-12,Accelerator,0.0226,26.43
COM0004277,T0004277,IL0004277,SR037,C00105,P0073,2025-07-19,Accelerator,0.0308,7.27
COM0004278,T0004278,IL0004278,SR038,C00321,P0137,2025-04-13,Accelerator,0.0235,9.63
COM0004279,T0004279,IL0004279,SR039,C00237,P0134,2026-01-21,New Account,0.0338,10.25
COM0004280,T0004280,IL0004280,SR040,C00286,P0062,2026-07-09,New Account,0.0167,36.22
COM0004281,T0004281,IL0004281,SR001,C00123,P0092,2025-11-21,Standard,0.0117,6.55
COM0004282,T0004282,IL0004282,SR002,C00095,P0134,2026-12-12,New Account,0.0595,49.76
COM0004283,T0004283,IL0004283,SR003,C00496,P0037,2025-09-26,Standard,0.0343,5.37
COM0004284,T0004284,IL0004284,SR004,C00098,P0094,2026-11-02,Standard,0.0587,25.93
COM0004285,T0004285,IL0004285,SR005,C00013,P0099,2025-04-02,New Account,0.0125,4.18
COM0004286,T0004286,IL0004286,SR006,C00277,P0014,2025-10-30,Standard,0.0184,18.02
COM0004287,T0004287,IL0004287,SR007,C00379,P0047,2025-12-06,Standard,0.0325,0.84
COM0004288,T0004288,IL0004288,SR008,C00159,P0078,2026-11-26,Accelerator,0.0417,107.26
COM0004289,T0004289,IL0004289,SR009,C00282,P0120,2026-12-09,Accelerator,0.0538,40.29
COM0004290,T0004290,IL0004290,SR010,C00384,P0136,2025-09-15,New Account,0.0134,5.46
COM0004291,T0004291,IL0004291,SR011,C00068,P0131,2026-05-14,Standard,0.0198,6.0
COM0004292,T0004292,IL0004292,SR012,C00453,P0030,2026-01-01,Standard,0.0642,41.78
COM0004293,T0004293,IL0004293,SR013,C00107,P0006,2025-08-05,Accelerator,0.0427,14.58
COM0004294,T0004294,IL0004294,SR014,C00147,P0107,2026-05-16,Accelerator,0.0512,24.88
COM0004295,T0004295,IL0004295,SR015,C00493,P0102,2026-01-12,Standard,0.0308,13.82
COM0004296,T0004296,IL0004296,SR016,C00156,P0077,2026-08-04,New Account,0.0522,42.59
COM0004297,T0004297,IL0004297,SR017,C00422,P0045,2026-12-29,Accelerator,0.0294,61.29
COM0004298,T0004298,IL0004298,SR018,C00461,P0083,2026-01-02,New Account,0.0594,118.58
COM0004299,T0004299,IL0004299,SR019,C00212,P0072,2026-08-19,Standard,0.0346,2.12
COM0004300,T0004300,IL0004300,SR020,C00002,P0080,2026-04-13,Standard,0.0577,40.35
COM0004301,T0004301,IL0004301,SR021,C00353,P0102,2025-11-03,Accelerator,0.0209,0.9
COM0004302,T0004302,IL0004302,SR022,C00053,P0107,2025-10-30,Accelerator,0.0169,15.72
COM0004303,T0004303,IL0004303,SR023,C00095,P0058,2025-04-23,Accelerator,0.0258,0.53
COM0004304,T0004304,IL0004304,SR024,C00460,P0127,2025-05-18,Accelerator,0.0477,22.9
COM0004305,T0004305,IL0004305,SR025,C00162,P0025,2025-04-04,New Account,0.0256,14.97
COM0004306,T0004306,IL0004306,SR026,C00170,P0129,2025-08-21,Accelerator,0.0415,75.25
COM0004307,T0004307,IL0004307,SR027,C00473,P0087,2025-12-23,New Account,0.0479,21.63
COM0004308,T0004308,IL0004308,SR028,C00046,P0128,2026-07-16,New Account,0.0612,94.51
COM0004309,T0004309,IL0004309,SR029,C00290,P0139,2025-01-27,Accelerator,0.0136,7.48
COM0004310,T0004310,IL0004310,SR030,C00435,P0027,2026-10-13,Accelerator,0.0284,59.72
COM0004311,T0004311,IL0004311,SR031,C00135,P0075,2025-08-01,Standard,0.0238,8.57
COM0004312,T0004312,IL0004312,SR032,C00096,P0140,2026-06-11,Accelerator,0.0239,13.98
COM0004313,T0004313,IL0004313,SR033,C00172,P0031,2025-05-03,New Account,0.0276,4.73
COM0004314,T0004314,IL0004314,SR034,C00195,P0008,2026-08-17,New Account,0.0245,12.09
COM0004315,T0004315,IL0004315,SR035,C00404,P0143,2025-09-26,Standard,0.0487,89.8
COM0004316,T0004316,IL0004316,SR036,C00378,P0016,2026-04-20,New Account,0.0446,29.85
COM0004317,T0004317,IL0004317,SR037,C00307,P0008,2025-09-15,New Account,0.0364,4.24
COM0004318,T0004318,IL0004318,SR038,C00337,P0036,2025-03-20,New Account,0.0184,10.33
COM0004319,T0004319,IL0004319,SR039,C00308,P0067,2025-09-25,Standard,0.0446,52.99
COM0004320,T0004320,IL0004320,SR040,C00304,P0022,2025-10-03,Accelerator,0.0385,78.52
COM0004321,T0004321,IL0004321,SR001,C00353,P0023,2026-11-10,New Account,0.0259,9.16
COM0004322,T0004322,IL0004322,SR002,C00142,P0021,2025-06-20,Standard,0.0285,1.77
COM0004323,T0004323,IL0004323,SR003,C00382,P0131,2025-09-09,New Account,0.0111,2.2
COM0004324,T0004324,IL0004324,SR004,C00093,P0014,2025-05-26,New Account,0.0234,18.71
COM0004325,T0004325,IL0004325,SR005,C00051,P0107,2026-07-30,New Account,0.0355,34.28
COM0004326,T0004326,IL0004326,SR006,C00009,P0004,2026-08-29,Standard,0.0534,52.58
COM0004327,T0004327,IL0004327,SR007,C00437,P0025,2025-08-17,Standard,0.013,19.61
COM0004328,T0004328,IL0004328,SR008,C00243,P0147,2026-11-15,Accelerator,0.0647,87.32
COM0004329,T0004329,IL0004329,SR009,C00084,P0042,2026-05-28,Accelerator,0.0473,14.57
COM0004330,T0004330,IL0004330,SR010,C00207,P0045,2025-10-22,New Account,0.0175,3.85
COM0004331,T0004331,IL0004331,SR011,C00138,P0003,2025-05-16,Accelerator,0.0336,30.94
COM0004332,T0004332,IL0004332,SR012,C00388,P0063,2025-04-30,Standard,0.0222,4.08
COM0004333,T0004333,IL0004333,SR013,C00168,P0007,2026-08-17,New Account,0.0385,25.34
COM0004334,T0004334,IL0004334,SR014,C00343,P0150,2025-10-06,Accelerator,0.0255,12.11
COM0004335,T0004335,IL0004335,SR015,C00065,P0028,2025-11-10,New Account,0.0129,11.19
COM0004336,T0004336,IL0004336,SR016,C00133,P0079,2025-11-05,Standard,0.0179,17.7
COM0004337,T0004337,IL0004337,SR017,C00274,P0101,2026-06-08,Standard,0.0521,40.87
COM0004338,T0004338,IL0004338,SR018,C00151,P0040,2026-07-26,New Account,0.0235,29.85
COM0004339,T0004339,IL0004339,SR019,C00316,P0055,2025-08-13,Standard,0.0228,28.68
COM0004340,T0004340,IL0004340,SR020,C00084,P0066,2025-06-05,Accelerator,0.0239,20.68
COM0004341,T0004341,IL0004341,SR021,C00096,P0074,2025-04-11,New Account,0.0282,4.5
COM0004342,T0004342,IL0004342,SR022,C00177,P0056,2026-05-10,Standard,0.0586,17.34
COM0004343,T0004343,IL0004343,SR023,C00285,P0126,2026-10-05,New Account,0.0577,19.32
COM0004344,T0004344,IL0004344,SR024,C00188,P0092,2026-04-17,Accelerator,0.0178,17.09
COM0004345,T0004345,IL0004345,SR025,C00451,P0026,2026-01-14,Accelerator,0.0488,78.72
COM0004346,T0004346,IL0004346,SR026,C00467,P0026,2025-05-06,Accelerator,0.044,15.36
COM0004347,T0004347,IL0004347,SR027,C00131,P0049,2026-02-26,New Account,0.0512,34.09
COM0004348,T0004348,IL0004348,SR028,C00066,P0004,2026-04-01,Accelerator,0.0444,10.71
COM0004349,T0004349,IL0004349,SR029,C00498,P0009,2026-10-04,Standard,0.0158,4.92
COM0004350,T0004350,IL0004350,SR030,C00337,P0133,2025-01-04,Accelerator,0.0406,13.28
COM0004351,T0004351,IL0004351,SR031,C00467,P0043,2025-03-27,Accelerator,0.0246,42.37
COM0004352,T0004352,IL0004352,SR032,C00292,P0129,2025-04-25,Accelerator,0.0209,39.12
COM0004353,T0004353,IL0004353,SR033,C00322,P0020,2026-08-20,Standard,0.0194,12.68
COM0004354,T0004354,IL0004354,SR034,C00219,P0104,2025-04-20,Accelerator,0.014,4.21
COM0004355,T0004355,IL0004355,SR035,C00200,P0016,2026-03-25,New Account,0.0317,6.1
COM0004356,T0004356,IL0004356,SR036,C00441,P0106,2026-01-31,Accelerator,0.0343,32.83
COM0004357,T0004357,IL0004357,SR037,C00498,P0024,2026-04-07,Standard,0.0297,37.68
COM0004358,T0004358,IL0004358,SR038,C00413,P0020,2026-08-30,Standard,0.0184,3.91
COM0004359,T0004359,IL0004359,SR039,C00267,P0009,2026-11-11,Standard,0.0211,1.21
COM0004360,T0004360,IL0004360,SR040,C00371,P0045,2026-07-25,New Account,0.0306,25.64
COM0004361,T0004361,IL0004361,SR001,C00345,P0072,2026-12-22,Accelerator,0.0397,23.31
COM0004362,T0004362,IL0004362,SR002,C00198,P0087,2025-07-31,Standard,0.0644,122.89
COM0004363,T0004363,IL0004363,SR003,C00224,P0109,2025-09-19,Accelerator,0.0636,104.63
COM0004364,T0004364,IL0004364,SR004,C00007,P0072,2026-08-26,Standard,0.0453,76.44
COM0004365,T0004365,IL0004365,SR005,C00497,P0038,2025-09-24,New Account,0.0583,58.2
COM0004366,T0004366,IL0004366,SR006,C00021,P0049,2026-02-12,Accelerator,0.044,76.91
COM0004367,T0004367,IL0004367,SR007,C00455,P0145,2025-08-29,Accelerator,0.0246,12.36
COM0004368,T0004368,IL0004368,SR008,C00003,P0024,2025-09-19,Standard,0.0305,3.26
COM0004369,T0004369,IL0004369,SR009,C00014,P0136,2026-07-16,New Account,0.0516,25.81
COM0004370,T0004370,IL0004370,SR010,C00165,P0068,2025-09-25,New Account,0.0162,16.04
COM0004371,T0004371,IL0004371,SR011,C00473,P0042,2025-10-27,Standard,0.0608,15.13
COM0004372,T0004372,IL0004372,SR012,C00254,P0136,2026-08-23,Standard,0.0561,15.76
COM0004373,T0004373,IL0004373,SR013,C00391,P0082,2025-07-05,New Account,0.0202,5.39
COM0004374,T0004374,IL0004374,SR014,C00134,P0096,2026-09-02,Standard,0.0597,29.48
COM0004375,T0004375,IL0004375,SR015,C00331,P0145,2025-03-14,Accelerator,0.0445,20.57
COM0004376,T0004376,IL0004376,SR016,C00493,P0095,2026-09-30,Standard,0.0387,19.96
COM0004377,T0004377,IL0004377,SR017,C00022,P0145,2025-07-05,Standard,0.0271,7.68
COM0004378,T0004378,IL0004378,SR018,C00491,P0124,2026-09-29,Standard,0.0112,29.62
COM0004379,T0004379,IL0004379,SR019,C00291,P0057,2026-02-01,Accelerator,0.0148,39.82
COM0004380,T0004380,IL0004380,SR020,C00487,P0125,2025-09-12,Standard,0.0488,19.62
COM0004381,T0004381,IL0004381,SR021,C00111,P0028,2026-05-03,Accelerator,0.0526,132.26
COM0004382,T0004382,IL0004382,SR022,C00327,P0114,2026-02-14,Standard,0.0535,9.63
COM0004383,T0004383,IL0004383,SR023,C00196,P0019,2026-02-12,Standard,0.0305,0.94
COM0004384,T0004384,IL0004384,SR024,C00052,P0002,2025-01-22,Accelerator,0.0525,7.86
COM0004385,T0004385,IL0004385,SR025,C00050,P0010,2025-11-23,Standard,0.0586,18.64
COM0004386,T0004386,IL0004386,SR026,C00003,P0098,2025-04-25,Standard,0.0335,50.87
COM0004387,T0004387,IL0004387,SR027,C00406,P0109,2025-03-25,Standard,0.0104,5.86
COM0004388,T0004388,IL0004388,SR028,C00480,P0085,2026-08-28,Standard,0.0588,21.88
COM0004389,T0004389,IL0004389,SR029,C00130,P0078,2025-12-01,New Account,0.0446,37.18
COM0004390,T0004390,IL0004390,SR030,C00340,P0037,2026-06-15,New Account,0.017,16.61
COM0004391,T0004391,IL0004391,SR031,C00151,P0037,2025-06-24,Accelerator,0.0637,23.71
COM0004392,T0004392,IL0004392,SR032,C00255,P0032,2026-03-30,New Account,0.0199,1.22
COM0004393,T0004393,IL0004393,SR033,C00213,P0116,2026-06-21,New Account,0.01,8.29
COM0004394,T0004394,IL0004394,SR034,C00032,P0012,2026-09-22,Accelerator,0.0487,31.69
COM0004395,T0004395,IL0004395,SR035,C00194,P0009,2026-08-05,Accelerator,0.0554,132.79
COM0004396,T0004396,IL0004396,SR036,C00063,P0107,2026-05-20,Standard,0.017,25.1
COM0004397,T0004397,IL0004397,SR037,C00240,P0119,2025-12-19,Accelerator,0.0302,27.68
COM0004398,T0004398,IL0004398,SR038,C00326,P0045,2025-08-05,Standard,0.0626,130.45
COM0004399,T0004399,IL0004399,SR039,C00388,P0137,2025-09-21,Accelerator,0.0526,20.51
COM0004400,T0004400,IL0004400,SR040,C00332,P0016,2025-10-09,Standard,0.0144,2.11
COM0004401,T0004401,IL0004401,SR001,C00151,P0092,2026-07-31,Standard,0.0459,141.72
COM0004402,T0004402,IL0004402,SR002,C00112,P0090,2025-09-08,New Account,0.0637,82.28
COM0004403,T0004403,IL0004403,SR003,C00395,P0124,2026-01-09,New Account,0.0413,42.2
COM0004404,T0004404,IL0004404,SR004,C00058,P0052,2025-01-01,New Account,0.0231,40.01
COM0004405,T0004405,IL0004405,SR005,C00449,P0023,2025-11-15,New Account,0.0416,7.28
COM0004406,T0004406,IL0004406,SR006,C00083,P0141,2025-10-07,Standard,0.0611,15.25
COM0004407,T0004407,IL0004407,SR007,C00230,P0094,2026-09-07,Accelerator,0.0441,74.11
COM0004408,T0004408,IL0004408,SR008,C00336,P0143,2025-02-09,Accelerator,0.0385,1.27
COM0004409,T0004409,IL0004409,SR009,C00347,P0097,2025-01-15,Standard,0.0361,47.91
COM0004410,T0004410,IL0004410,SR010,C00443,P0051,2026-01-27,Accelerator,0.0304,53.44
COM0004411,T0004411,IL0004411,SR011,C00174,P0059,2026-04-15,Accelerator,0.0346,80.39
COM0004412,T0004412,IL0004412,SR012,C00370,P0075,2026-03-19,New Account,0.0622,7.03
COM0004413,T0004413,IL0004413,SR013,C00376,P0052,2026-06-03,New Account,0.021,3.52
COM0004414,T0004414,IL0004414,SR014,C00183,P0137,2025-02-22,New Account,0.0547,42.78
COM0004415,T0004415,IL0004415,SR015,C00411,P0042,2026-05-11,Accelerator,0.017,25.23
COM0004416,T0004416,IL0004416,SR016,C00177,P0076,2025-12-15,Standard,0.0438,14.65
COM0004417,T0004417,IL0004417,SR017,C00229,P0135,2026-04-30,Accelerator,0.0155,9.84
COM0004418,T0004418,IL0004418,SR018,C00478,P0033,2026-01-29,Standard,0.0423,36.67
COM0004419,T0004419,IL0004419,SR019,C00322,P0033,2026-11-19,New Account,0.0578,105.67
COM0004420,T0004420,IL0004420,SR020,C00343,P0056,2026-05-15,Standard,0.0412,34.23
COM0004421,T0004421,IL0004421,SR021,C00378,P0030,2025-04-08,New Account,0.047,44.43
COM0004422,T0004422,IL0004422,SR022,C00324,P0046,2026-07-31,Accelerator,0.0532,14.61
COM0004423,T0004423,IL0004423,SR023,C00119,P0083,2025-03-12,Accelerator,0.0625,28.78
COM0004424,T0004424,IL0004424,SR024,C00276,P0045,2025-10-13,Standard,0.0214,10.34
COM0004425,T0004425,IL0004425,SR025,C00221,P0022,2025-05-08,Accelerator,0.0425,0.73
COM0004426,T0004426,IL0004426,SR026,C00079,P0121,2025-10-28,New Account,0.0583,16.67
COM0004427,T0004427,IL0004427,SR027,C00019,P0099,2025-12-29,New Account,0.0407,16.58
COM0004428,T0004428,IL0004428,SR028,C00441,P0071,2026-08-02,Standard,0.0103,2.16
COM0004429,T0004429,IL0004429,SR029,C00363,P0139,2026-10-15,New Account,0.0316,55.05
COM0004430,T0004430,IL0004430,SR030,C00367,P0063,2025-01-11,Accelerator,0.0433,13.05
COM0004431,T0004431,IL0004431,SR031,C00420,P0091,2026-03-14,New Account,0.0613,7.5
COM0004432,T0004432,IL0004432,SR032,C00332,P0075,2025-03-22,Standard,0.0388,39.65
COM0004433,T0004433,IL0004433,SR033,C00418,P0116,2025-12-12,Standard,0.0562,135.81
COM0004434,T0004434,IL0004434,SR034,C00257,P0054,2025-04-13,New Account,0.0221,14.04
COM0004435,T0004435,IL0004435,SR035,C00021,P0086,2025-07-21,Standard,0.0631,59.52
COM0004436,T0004436,IL0004436,SR036,C00012,P0117,2025-12-11,Standard,0.0596,59.35
COM0004437,T0004437,IL0004437,SR037,C00042,P0013,2026-03-13,Standard,0.0643,112.22
COM0004438,T0004438,IL0004438,SR038,C00444,P0028,2025-10-05,Standard,0.012,1.02
COM0004439,T0004439,IL0004439,SR039,C00163,P0150,2025-08-04,Standard,0.0481,0.92
COM0004440,T0004440,IL0004440,SR040,C00111,P0136,2026-10-10,Accelerator,0.0434,17.73
COM0004441,T0004441,IL0004441,SR001,C00414,P0057,2026-08-13,Accelerator,0.0544,31.16
COM0004442,T0004442,IL0004442,SR002,C00239,P0093,2025-03-17,Standard,0.065,121.48
COM0004443,T0004443,IL0004443,SR003,C00065,P0106,2025-05-09,Standard,0.0353,38.62
COM0004444,T0004444,IL0004444,SR004,C00447,P0112,2026-02-18,Accelerator,0.0513,12.81
COM0004445,T0004445,IL0004445,SR005,C00126,P0030,2026-08-07,Standard,0.0287,9.15
COM0004446,T0004446,IL0004446,SR006,C00316,P0064,2025-12-17,New Account,0.0194,30.74
COM0004447,T0004447,IL0004447,SR007,C00057,P0099,2025-12-12,Standard,0.0523,16.14
COM0004448,T0004448,IL0004448,SR008,C00148,P0032,2025-07-19,Standard,0.0402,6.36
COM0004449,T0004449,IL0004449,SR009,C00226,P0084,2026-06-02,Standard,0.0354,39.85
COM0004450,T0004450,IL0004450,SR010,C00112,P0143,2026-05-16,Accelerator,0.0523,23.26
COM0004451,T0004451,IL0004451,SR011,C00461,P0090,2025-02-10,Standard,0.0598,56.84
COM0004452,T0004452,IL0004452,SR012,C00166,P0108,2026-03-02,New Account,0.0391,108.75
COM0004453,T0004453,IL0004453,SR013,C00158,P0023,2025-08-22,Accelerator,0.0161,22.58
COM0004454,T0004454,IL0004454,SR014,C00014,P0109,2025-03-31,Accelerator,0.0108,22.9
COM0004455,T0004455,IL0004455,SR015,C00216,P0041,2026-01-11,New Account,0.0246,44.17
COM0004456,T0004456,IL0004456,SR016,C00250,P0117,2026-11-28,Standard,0.0582,86.63
COM0004457,T0004457,IL0004457,SR017,C00384,P0029,2025-05-05,Standard,0.0529,57.68
COM0004458,T0004458,IL0004458,SR018,C00378,P0131,2025-12-10,New Account,0.0446,92.58
COM0004459,T0004459,IL0004459,SR019,C00109,P0021,2025-02-24,Standard,0.0155,16.93
COM0004460,T0004460,IL0004460,SR020,C00405,P0131,2026-06-05,New Account,0.0609,85.54
COM0004461,T0004461,IL0004461,SR021,C00239,P0149,2025-12-31,Accelerator,0.033,2.38
COM0004462,T0004462,IL0004462,SR022,C00028,P0097,2026-09-19,New Account,0.0193,14.97
COM0004463,T0004463,IL0004463,SR023,C00486,P0035,2025-07-29,New Account,0.0383,104.76
COM0004464,T0004464,IL0004464,SR024,C00010,P0006,2025-05-30,New Account,0.0189,18.03
COM0004465,T0004465,IL0004465,SR025,C00049,P0025,2025-09-25,New Account,0.052,4.92
COM0004466,T0004466,IL0004466,SR026,C00145,P0096,2026-07-31,New Account,0.0569,15.12
COM0004467,T0004467,IL0004467,SR027,C00403,P0146,2025-10-04,New Account,0.0162,4.59
COM0004468,T0004468,IL0004468,SR028,C00230,P0106,2026-08-05,Standard,0.0232,9.33
COM0004469,T0004469,IL0004469,SR029,C00370,P0059,2025-10-15,Standard,0.0643,86.53
COM0004470,T0004470,IL0004470,SR030,C00296,P0093,2026-10-19,New Account,0.0193,1.62
COM0004471,T0004471,IL0004471,SR031,C00445,P0045,2025-01-31,Accelerator,0.0423,24.0
COM0004472,T0004472,IL0004472,SR032,C00112,P0020,2025-09-12,Standard,0.0544,76.1
COM0004473,T0004473,IL0004473,SR033,C00447,P0101,2026-05-09,Accelerator,0.0609,19.44
COM0004474,T0004474,IL0004474,SR034,C00493,P0046,2025-05-25,Accelerator,0.0412,7.49
COM0004475,T0004475,IL0004475,SR035,C00463,P0123,2025-03-30,Accelerator,0.0534,5.3
COM0004476,T0004476,IL0004476,SR036,C00301,P0100,2025-10-09,Accelerator,0.0225,35.02
COM0004477,T0004477,IL0004477,SR037,C00027,P0109,2026-05-11,Standard,0.0577,157.92
COM0004478,T0004478,IL0004478,SR038,C00357,P0115,2026-01-16,Accelerator,0.0408,15.41
COM0004479,T0004479,IL0004479,SR039,C00447,P0023,2026-11-03,Accelerator,0.0308,46.47
COM0004480,T0004480,IL0004480,SR040,C00225,P0148,2026-10-25,Accelerator,0.0544,38.4
COM0004481,T0004481,IL0004481,SR001,C00113,P0140,2025-01-11,Accelerator,0.0137,24.81
COM0004482,T0004482,IL0004482,SR002,C00378,P0023,2025-11-11,Standard,0.0366,45.55
COM0004483,T0004483,IL0004483,SR003,C00358,P0046,2025-07-18,New Account,0.0522,45.55
COM0004484,T0004484,IL0004484,SR004,C00241,P0094,2025-07-31,Accelerator,0.0248,36.78
COM0004485,T0004485,IL0004485,SR005,C00297,P0037,2025-01-05,New Account,0.0262,21.05
COM0004486,T0004486,IL0004486,SR006,C00133,P0020,2025-01-20,Accelerator,0.0598,25.53
COM0004487,T0004487,IL0004487,SR007,C00190,P0114,2025-11-19,New Account,0.0611,11.0
COM0004488,T0004488,IL0004488,SR008,C00220,P0001,2026-03-25,New Account,0.063,37.85
COM0004489,T0004489,IL0004489,SR009,C00396,P0136,2026-06-23,Standard,0.022,5.65
COM0004490,T0004490,IL0004490,SR010,C00448,P0058,2026-11-05,New Account,0.0231,7.94
COM0004491,T0004491,IL0004491,SR011,C00268,P0149,2026-02-13,New Account,0.0288,9.76
COM0004492,T0004492,IL0004492,SR012,C00179,P0047,2026-01-23,Standard,0.0535,27.38
COM0004493,T0004493,IL0004493,SR013,C00120,P0093,2026-05-18,Standard,0.025,9.92
COM0004494,T0004494,IL0004494,SR014,C00476,P0054,2025-07-21,Standard,0.0647,38.17
COM0004495,T0004495,IL0004495,SR015,C00210,P0112,2025-06-07,New Account,0.0454,20.74
COM0004496,T0004496,IL0004496,SR016,C00493,P0114,2026-02-28,Accelerator,0.0564,19.16
COM0004497,T0004497,IL0004497,SR017,C00487,P0147,2026-05-29,Standard,0.0176,6.08
COM0004498,T0004498,IL0004498,SR018,C00061,P0015,2026-02-02,Accelerator,0.048,12.28
COM0004499,T0004499,IL0004499,SR019,C00057,P0138,2026-09-13,Standard,0.0143,4.59
COM0004500,T0004500,IL0004500,SR020,C00207,P0053,2026-04-24,New Account,0.0216,24.09
COM0004501,T0004501,IL0004501,SR021,C00476,P0077,2026-07-21,Standard,0.0371,64.55
COM0004502,T0004502,IL0004502,SR022,C00220,P0112,2026-06-08,Accelerator,0.0168,10.97
COM0004503,T0004503,IL0004503,SR023,C00316,P0008,2025-10-01,Standard,0.0498,102.02
COM0004504,T0004504,IL0004504,SR024,C00121,P0098,2025-11-26,New Account,0.0556,71.36
COM0004505,T0004505,IL0004505,SR025,C00083,P0037,2025-06-03,New Account,0.0151,22.06
COM0004506,T0004506,IL0004506,SR026,C00076,P0128,2025-01-11,Standard,0.0534,20.56
COM0004507,T0004507,IL0004507,SR027,C00241,P0112,2026-09-19,New Account,0.0581,66.41
COM0004508,T0004508,IL0004508,SR028,C00347,P0003,2026-09-01,Accelerator,0.0473,56.8
COM0004509,T0004509,IL0004509,SR029,C00207,P0021,2025-01-26,Standard,0.0124,13.37
COM0004510,T0004510,IL0004510,SR030,C00132,P0082,2025-09-22,Accelerator,0.0589,57.51
COM0004511,T0004511,IL0004511,SR031,C00098,P0147,2025-03-27,Standard,0.0108,14.1
COM0004512,T0004512,IL0004512,SR032,C00223,P0150,2025-11-21,Standard,0.0122,1.58
COM0004513,T0004513,IL0004513,SR033,C00421,P0054,2026-03-18,Standard,0.0311,13.6
COM0004514,T0004514,IL0004514,SR034,C00033,P0117,2025-04-26,Accelerator,0.0321,3.43
COM0004515,T0004515,IL0004515,SR035,C00456,P0133,2026-03-28,New Account,0.0542,149.48
COM0004516,T0004516,IL0004516,SR036,C00029,P0093,2025-10-21,Standard,0.0115,2.9
COM0004517,T0004517,IL0004517,SR037,C00335,P0105,2025-06-03,New Account,0.0644,65.89
COM0004518,T0004518,IL0004518,SR038,C00281,P0070,2025-03-11,New Account,0.0366,2.43
COM0004519,T0004519,IL0004519,SR039,C00464,P0128,2025-07-11,New Account,0.0106,6.69
COM0004520,T0004520,IL0004520,SR040,C00427,P0096,2025-02-18,New Account,0.0441,1.54
COM0004521,T0004521,IL0004521,SR001,C00399,P0057,2026-11-20,Accelerator,0.0434,5.84
COM0004522,T0004522,IL0004522,SR002,C00317,P0006,2025-12-24,Standard,0.0162,21.32
COM0004523,T0004523,IL0004523,SR003,C00359,P0064,2026-08-10,Standard,0.0586,31.26
COM0004524,T0004524,IL0004524,SR004,C00167,P0040,2025-07-15,Accelerator,0.0645,142.79
COM0004525,T0004525,IL0004525,SR005,C00255,P0019,2025-10-06,Accelerator,0.0364,11.64
COM0004526,T0004526,IL0004526,SR006,C00214,P0035,2026-10-26,Standard,0.0441,53.51
COM0004527,T0004527,IL0004527,SR007,C00464,P0138,2026-09-19,Accelerator,0.0104,6.01
COM0004528,T0004528,IL0004528,SR008,C00112,P0051,2026-01-31,Standard,0.0287,37.69
COM0004529,T0004529,IL0004529,SR009,C00390,P0137,2026-02-28,Standard,0.0403,73.41
COM0004530,T0004530,IL0004530,SR010,C00386,P0056,2026-12-18,New Account,0.0404,9.38
COM0004531,T0004531,IL0004531,SR011,C00353,P0086,2026-07-11,New Account,0.0233,11.13
COM0004532,T0004532,IL0004532,SR012,C00410,P0073,2025-04-20,Accelerator,0.0475,122.93
COM0004533,T0004533,IL0004533,SR013,C00219,P0105,2025-10-05,Accelerator,0.0107,5.97
COM0004534,T0004534,IL0004534,SR014,C00201,P0110,2026-02-10,Accelerator,0.022,26.46
COM0004535,T0004535,IL0004535,SR015,C00477,P0128,2026-05-25,Accelerator,0.0408,37.69
COM0004536,T0004536,IL0004536,SR016,C00120,P0144,2025-05-16,New Account,0.0118,6.36
COM0004537,T0004537,IL0004537,SR017,C00050,P0080,2026-02-06,Standard,0.0246,13.53
COM0004538,T0004538,IL0004538,SR018,C00045,P0093,2025-07-25,New Account,0.0602,8.65
COM0004539,T0004539,IL0004539,SR019,C00260,P0075,2026-05-12,Standard,0.034,11.79
COM0004540,T0004540,IL0004540,SR020,C00456,P0029,2026-09-28,Standard,0.014,3.84
COM0004541,T0004541,IL0004541,SR021,C00485,P0134,2026-11-14,Accelerator,0.0567,10.59
COM0004542,T0004542,IL0004542,SR022,C00229,P0071,2025-11-11,Accelerator,0.02,12.34
COM0004543,T0004543,IL0004543,SR023,C00302,P0147,2026-05-12,Standard,0.0431,15.64
COM0004544,T0004544,IL0004544,SR024,C00134,P0086,2025-11-20,Standard,0.0307,8.43
COM0004545,T0004545,IL0004545,SR025,C00281,P0065,2025-11-15,New Account,0.0291,10.79
COM0004546,T0004546,IL0004546,SR026,C00466,P0031,2026-09-14,Standard,0.0511,29.53
COM0004547,T0004547,IL0004547,SR027,C00314,P0025,2026-01-26,Accelerator,0.0482,111.66
COM0004548,T0004548,IL0004548,SR028,C00218,P0133,2026-05-02,Accelerator,0.0453,2.23
COM0004549,T0004549,IL0004549,SR029,C00294,P0096,2025-04-24,Accelerator,0.0143,5.8
COM0004550,T0004550,IL0004550,SR030,C00184,P0084,2026-10-30,New Account,0.0479,28.98
COM0004551,T0004551,IL0004551,SR031,C00433,P0133,2025-03-21,Accelerator,0.0388,34.35
COM0004552,T0004552,IL0004552,SR032,C00366,P0044,2026-04-25,Standard,0.053,6.73
COM0004553,T0004553,IL0004553,SR033,C00002,P0061,2025-12-15,Accelerator,0.0406,1.13
COM0004554,T0004554,IL0004554,SR034,C00246,P0060,2026-06-10,Accelerator,0.0515,1.48
COM0004555,T0004555,IL0004555,SR035,C00106,P0128,2025-06-20,New Account,0.0581,91.82
COM0004556,T0004556,IL0004556,SR036,C00025,P0067,2026-08-23,New Account,0.0477,25.64
COM0004557,T0004557,IL0004557,SR037,C00027,P0089,2025-07-30,Accelerator,0.0622,99.25
COM0004558,T0004558,IL0004558,SR038,C00223,P0076,2026-08-25,New Account,0.0377,10.9
COM0004559,T0004559,IL0004559,SR039,C00452,P0003,2025-09-19,Standard,0.0257,3.85
COM0004560,T0004560,IL0004560,SR040,C00360,P0052,2025-04-02,Accelerator,0.0351,29.59
COM0004561,T0004561,IL0004561,SR001,C00220,P0011,2025-06-27,New Account,0.0606,24.36
COM0004562,T0004562,IL0004562,SR002,C00312,P0049,2026-04-19,New Account,0.0245,39.52
COM0004563,T0004563,IL0004563,SR003,C00445,P0125,2025-10-13,Accelerator,0.0272,16.32
COM0004564,T0004564,IL0004564,SR004,C00345,P0086,2026-06-10,New Account,0.0279,17.95
COM0004565,T0004565,IL0004565,SR005,C00086,P0033,2025-03-22,Accelerator,0.0139,4.93
COM0004566,T0004566,IL0004566,SR006,C00092,P0019,2025-09-26,Accelerator,0.0284,35.38
COM0004567,T0004567,IL0004567,SR007,C00289,P0130,2025-10-23,Standard,0.0241,18.26
COM0004568,T0004568,IL0004568,SR008,C00019,P0050,2025-08-09,New Account,0.0632,82.04
COM0004569,T0004569,IL0004569,SR009,C00216,P0006,2026-01-24,New Account,0.0522,106.42
COM0004570,T0004570,IL0004570,SR010,C00244,P0083,2026-01-02,New Account,0.0538,2.66
COM0004571,T0004571,IL0004571,SR011,C00367,P0036,2025-04-16,New Account,0.0136,25.32
COM0004572,T0004572,IL0004572,SR012,C00182,P0067,2026-07-23,New Account,0.0424,57.2
COM0004573,T0004573,IL0004573,SR013,C00152,P0068,2025-04-27,Standard,0.0452,48.07
COM0004574,T0004574,IL0004574,SR014,C00253,P0141,2026-03-28,New Account,0.0318,4.73
COM0004575,T0004575,IL0004575,SR015,C00153,P0048,2026-07-04,Accelerator,0.0405,28.43
COM0004576,T0004576,IL0004576,SR016,C00422,P0145,2026-02-01,New Account,0.0163,0.76
COM0004577,T0004577,IL0004577,SR017,C00182,P0076,2025-04-13,New Account,0.0406,13.32
COM0004578,T0004578,IL0004578,SR018,C00451,P0047,2025-01-07,Standard,0.0615,55.32
COM0004579,T0004579,IL0004579,SR019,C00311,P0021,2026-06-06,Standard,0.05,7.47
COM0004580,T0004580,IL0004580,SR020,C00342,P0135,2025-08-11,Accelerator,0.0387,123.28
COM0004581,T0004581,IL0004581,SR021,C00200,P0031,2025-10-07,Standard,0.0209,27.5
COM0004582,T0004582,IL0004582,SR022,C00435,P0084,2026-05-22,Standard,0.0263,49.33
COM0004583,T0004583,IL0004583,SR023,C00259,P0103,2025-05-14,New Account,0.0638,77.76
COM0004584,T0004584,IL0004584,SR024,C00198,P0042,2025-04-02,Standard,0.0221,5.28
COM0004585,T0004585,IL0004585,SR025,C00106,P0104,2026-04-18,New Account,0.0424,53.62
COM0004586,T0004586,IL0004586,SR026,C00339,P0037,2025-02-26,New Account,0.0166,18.73
COM0004587,T0004587,IL0004587,SR027,C00312,P0049,2026-04-08,Accelerator,0.0477,49.65
COM0004588,T0004588,IL0004588,SR028,C00087,P0089,2025-04-14,Accelerator,0.0449,11.91
COM0004589,T0004589,IL0004589,SR029,C00140,P0013,2026-11-30,Accelerator,0.0382,8.73
COM0004590,T0004590,IL0004590,SR030,C00341,P0021,2025-01-15,Accelerator,0.0448,34.51
COM0004591,T0004591,IL0004591,SR031,C00456,P0047,2025-03-15,Accelerator,0.0473,38.16
COM0004592,T0004592,IL0004592,SR032,C00109,P0102,2025-12-15,Accelerator,0.0626,18.97
COM0004593,T0004593,IL0004593,SR033,C00476,P0147,2025-08-31,New Account,0.0624,119.35
COM0004594,T0004594,IL0004594,SR034,C00292,P0026,2025-01-20,Accelerator,0.0542,26.0
COM0004595,T0004595,IL0004595,SR035,C00021,P0125,2026-07-04,New Account,0.036,2.21
COM0004596,T0004596,IL0004596,SR036,C00426,P0082,2025-04-14,New Account,0.0375,2.28
COM0004597,T0004597,IL0004597,SR037,C00123,P0128,2025-07-28,Standard,0.0263,4.45
COM0004598,T0004598,IL0004598,SR038,C00093,P0095,2026-04-17,Standard,0.0198,7.52
COM0004599,T0004599,IL0004599,SR039,C00173,P0098,2025-07-10,New Account,0.0156,11.3
COM0004600,T0004600,IL0004600,SR040,C00047,P0107,2026-01-01,New Account,0.0444,32.25
COM0004601,T0004601,IL0004601,SR001,C00189,P0078,2025-03-30,Standard,0.0297,2.27
COM0004602,T0004602,IL0004602,SR002,C00127,P0020,2025-05-01,New Account,0.0113,16.11
COM0004603,T0004603,IL0004603,SR003,C00101,P0085,2026-12-24,New Account,0.036,22.63
COM0004604,T0004604,IL0004604,SR004,C00262,P0083,2025-11-13,New Account,0.053,98.31
COM0004605,T0004605,IL0004605,SR005,C00123,P0057,2026-07-17,New Account,0.0215,3.63
COM0004606,T0004606,IL0004606,SR006,C00101,P0020,2025-05-28,New Account,0.045,6.95
COM0004607,T0004607,IL0004607,SR007,C00055,P0103,2025-01-15,Standard,0.0571,25.37
COM0004608,T0004608,IL0004608,SR008,C00065,P0098,2025-12-21,Standard,0.021,11.22
COM0004609,T0004609,IL0004609,SR009,C00485,P0067,2026-02-20,Standard,0.0497,19.2
COM0004610,T0004610,IL0004610,SR010,C00200,P0123,2025-11-10,Standard,0.0396,50.99
COM0004611,T0004611,IL0004611,SR011,C00315,P0144,2026-05-15,New Account,0.0143,8.63
COM0004612,T0004612,IL0004612,SR012,C00198,P0019,2026-08-04,Accelerator,0.0301,29.59
COM0004613,T0004613,IL0004613,SR013,C00379,P0011,2026-03-02,New Account,0.0436,39.89
COM0004614,T0004614,IL0004614,SR014,C00497,P0129,2025-06-11,New Account,0.0422,47.46
COM0004615,T0004615,IL0004615,SR015,C00480,P0095,2026-11-20,Accelerator,0.0302,18.31
COM0004616,T0004616,IL0004616,SR016,C00172,P0012,2026-06-01,Standard,0.0132,3.21
COM0004617,T0004617,IL0004617,SR017,C00041,P0048,2025-03-14,Accelerator,0.0298,12.09
COM0004618,T0004618,IL0004618,SR018,C00327,P0147,2026-01-07,New Account,0.0304,11.82
COM0004619,T0004619,IL0004619,SR019,C00125,P0096,2025-07-29,Standard,0.0254,5.66
COM0004620,T0004620,IL0004620,SR020,C00299,P0128,2026-09-27,Accelerator,0.0356,27.36
COM0004621,T0004621,IL0004621,SR021,C00421,P0041,2026-07-01,Accelerator,0.0495,7.72
COM0004622,T0004622,IL0004622,SR022,C00169,P0027,2026-02-22,Accelerator,0.0444,42.47
COM0004623,T0004623,IL0004623,SR023,C00196,P0136,2025-01-24,New Account,0.0255,29.03
COM0004624,T0004624,IL0004624,SR024,C00225,P0037,2026-12-21,Accelerator,0.0411,34.41
COM0004625,T0004625,IL0004625,SR025,C00300,P0031,2025-08-12,Accelerator,0.0289,8.69
COM0004626,T0004626,IL0004626,SR026,C00011,P0087,2025-07-19,Standard,0.0591,115.81
COM0004627,T0004627,IL0004627,SR027,C00050,P0043,2026-03-28,New Account,0.0314,83.92
COM0004628,T0004628,IL0004628,SR028,C00408,P0105,2025-04-25,Standard,0.0537,62.15
COM0004629,T0004629,IL0004629,SR029,C00443,P0030,2025-12-05,Accelerator,0.0464,11.79
COM0004630,T0004630,IL0004630,SR030,C00040,P0010,2025-10-29,Standard,0.0518,62.21
COM0004631,T0004631,IL0004631,SR031,C00477,P0137,2026-01-04,Standard,0.0334,35.98
COM0004632,T0004632,IL0004632,SR032,C00366,P0112,2025-10-12,New Account,0.0106,9.56
COM0004633,T0004633,IL0004633,SR033,C00455,P0046,2025-03-02,Standard,0.0401,21.19
COM0004634,T0004634,IL0004634,SR034,C00189,P0135,2026-07-19,New Account,0.0157,9.55
COM0004635,T0004635,IL0004635,SR035,C00325,P0102,2025-12-12,Standard,0.0518,25.86
COM0004636,T0004636,IL0004636,SR036,C00220,P0059,2025-12-11,New Account,0.0468,55.3
COM0004637,T0004637,IL0004637,SR037,C00285,P0143,2026-10-11,Accelerator,0.0203,27.89
COM0004638,T0004638,IL0004638,SR038,C00118,P0079,2026-06-29,Standard,0.0224,42.82
COM0004639,T0004639,IL0004639,SR039,C00322,P0143,2025-01-02,Standard,0.0324,34.96
COM0004640,T0004640,IL0004640,SR040,C00323,P0024,2025-11-15,Standard,0.0507,5.29
COM0004641,T0004641,IL0004641,SR001,C00289,P0106,2025-12-02,Accelerator,0.0258,25.58
COM0004642,T0004642,IL0004642,SR002,C00116,P0064,2026-09-16,Accelerator,0.0444,6.3
COM0004643,T0004643,IL0004643,SR003,C00398,P0100,2026-03-30,Accelerator,0.0234,4.93
COM0004644,T0004644,IL0004644,SR004,C00160,P0138,2026-02-28,Standard,0.0616,11.36
COM0004645,T0004645,IL0004645,SR005,C00274,P0100,2025-04-19,Accelerator,0.0542,73.04
COM0004646,T0004646,IL0004646,SR006,C00256,P0119,2025-11-13,New Account,0.0419,16.11
COM0004647,T0004647,IL0004647,SR007,C00039,P0105,2026-08-20,Standard,0.0292,25.42
COM0004648,T0004648,IL0004648,SR008,C00015,P0017,2026-10-02,New Account,0.0156,3.63
COM0004649,T0004649,IL0004649,SR009,C00280,P0093,2026-12-16,New Account,0.014,11.74
COM0004650,T0004650,IL0004650,SR010,C00247,P0011,2025-11-09,Standard,0.0417,14.72
COM0004651,T0004651,IL0004651,SR011,C00143,P0026,2026-12-11,Accelerator,0.0639,49.78
COM0004652,T0004652,IL0004652,SR012,C00072,P0010,2025-05-02,Accelerator,0.0449,0.88
COM0004653,T0004653,IL0004653,SR013,C00217,P0126,2026-08-07,Standard,0.0221,17.65
COM0004654,T0004654,IL0004654,SR014,C00015,P0061,2025-12-24,Standard,0.034,55.71
COM0004655,T0004655,IL0004655,SR015,C00221,P0133,2026-06-01,Standard,0.0345,2.37
COM0004656,T0004656,IL0004656,SR016,C00112,P0034,2026-01-18,New Account,0.0528,0.28
COM0004657,T0004657,IL0004657,SR017,C00025,P0064,2025-01-08,Standard,0.0407,35.87
COM0004658,T0004658,IL0004658,SR018,C00022,P0087,2025-11-08,Accelerator,0.0245,34.34
COM0004659,T0004659,IL0004659,SR019,C00313,P0084,2025-02-17,New Account,0.0463,2.82
COM0004660,T0004660,IL0004660,SR020,C00399,P0148,2025-03-11,Accelerator,0.0129,28.33
COM0004661,T0004661,IL0004661,SR021,C00466,P0107,2026-08-24,New Account,0.0441,71.9
COM0004662,T0004662,IL0004662,SR022,C00095,P0106,2025-11-22,New Account,0.0378,55.32
COM0004663,T0004663,IL0004663,SR023,C00237,P0139,2026-09-21,Accelerator,0.0515,18.77
COM0004664,T0004664,IL0004664,SR024,C00019,P0093,2026-04-29,Accelerator,0.0252,60.76
COM0004665,T0004665,IL0004665,SR025,C00042,P0140,2026-07-02,Accelerator,0.065,120.95
COM0004666,T0004666,IL0004666,SR026,C00058,P0148,2026-08-11,Standard,0.0554,78.18
COM0004667,T0004667,IL0004667,SR027,C00429,P0138,2025-10-11,Standard,0.022,14.62
COM0004668,T0004668,IL0004668,SR028,C00200,P0046,2025-10-27,Accelerator,0.0243,35.32
COM0004669,T0004669,IL0004669,SR029,C00084,P0124,2026-11-11,New Account,0.0257,3.63
COM0004670,T0004670,IL0004670,SR030,C00412,P0064,2025-10-18,Accelerator,0.0435,14.51
COM0004671,T0004671,IL0004671,SR031,C00053,P0125,2026-03-05,New Account,0.0283,3.41
COM0004672,T0004672,IL0004672,SR032,C00329,P0129,2026-09-18,New Account,0.0151,16.43
COM0004673,T0004673,IL0004673,SR033,C00207,P0042,2025-12-26,Accelerator,0.0402,77.82
COM0004674,T0004674,IL0004674,SR034,C00233,P0088,2025-12-21,New Account,0.0568,0.78
COM0004675,T0004675,IL0004675,SR035,C00349,P0061,2026-01-27,Accelerator,0.053,78.84
COM0004676,T0004676,IL0004676,SR036,C00059,P0116,2025-06-17,Standard,0.0313,51.67
COM0004677,T0004677,IL0004677,SR037,C00329,P0123,2025-08-21,Accelerator,0.0388,6.65
COM0004678,T0004678,IL0004678,SR038,C00099,P0037,2026-09-15,Standard,0.0291,67.3
COM0004679,T0004679,IL0004679,SR039,C00167,P0053,2026-07-13,Standard,0.0543,14.27
COM0004680,T0004680,IL0004680,SR040,C00373,P0010,2026-07-18,New Account,0.0639,58.11
COM0004681,T0004681,IL0004681,SR001,C00191,P0101,2026-07-17,Accelerator,0.0452,13.38
COM0004682,T0004682,IL0004682,SR002,C00434,P0144,2025-05-11,Standard,0.0332,7.88
COM0004683,T0004683,IL0004683,SR003,C00247,P0136,2026-04-24,Standard,0.0578,23.24
COM0004684,T0004684,IL0004684,SR004,C00399,P0051,2026-02-22,Accelerator,0.0295,50.9
COM0004685,T0004685,IL0004685,SR005,C00255,P0125,2025-07-03,Standard,0.0341,72.34
COM0004686,T0004686,IL0004686,SR006,C00374,P0045,2025-10-17,Accelerator,0.017,22.9
COM0004687,T0004687,IL0004687,SR007,C00208,P0054,2025-03-13,New Account,0.0143,11.8
COM0004688,T0004688,IL0004688,SR008,C00457,P0019,2025-10-28,New Account,0.0322,15.97
COM0004689,T0004689,IL0004689,SR009,C00261,P0110,2026-11-08,New Account,0.0292,16.66
COM0004690,T0004690,IL0004690,SR010,C00291,P0061,2025-12-25,New Account,0.0286,32.69
COM0004691,T0004691,IL0004691,SR011,C00040,P0035,2025-11-12,Accelerator,0.0398,82.82
COM0004692,T0004692,IL0004692,SR012,C00495,P0051,2026-04-09,Accelerator,0.0438,11.95
COM0004693,T0004693,IL0004693,SR013,C00110,P0021,2025-03-26,Accelerator,0.0307,1.12
COM0004694,T0004694,IL0004694,SR014,C00499,P0081,2026-03-30,New Account,0.0476,44.57
COM0004695,T0004695,IL0004695,SR015,C00097,P0033,2025-03-11,New Account,0.0483,115.89
COM0004696,T0004696,IL0004696,SR016,C00301,P0132,2026-01-02,Accelerator,0.0345,30.22
COM0004697,T0004697,IL0004697,SR017,C00262,P0070,2025-11-20,Standard,0.0227,10.86
COM0004698,T0004698,IL0004698,SR018,C00269,P0071,2026-09-17,Standard,0.0178,32.03
COM0004699,T0004699,IL0004699,SR019,C00269,P0051,2026-04-24,Accelerator,0.0155,6.74
COM0004700,T0004700,IL0004700,SR020,C00284,P0128,2026-08-28,Accelerator,0.0151,6.73
COM0004701,T0004701,IL0004701,SR021,C00352,P0011,2025-05-24,Standard,0.0252,11.55
COM0004702,T0004702,IL0004702,SR022,C00020,P0047,2025-05-22,Standard,0.0549,64.33
COM0004703,T0004703,IL0004703,SR023,C00149,P0028,2025-11-29,Standard,0.0122,5.06
COM0004704,T0004704,IL0004704,SR024,C00315,P0014,2025-03-21,Standard,0.0436,10.69
COM0004705,T0004705,IL0004705,SR025,C00123,P0042,2025-10-21,Accelerator,0.0588,141.75
COM0004706,T0004706,IL0004706,SR026,C00072,P0056,2025-08-02,Standard,0.0416,113.62
COM0004707,T0004707,IL0004707,SR027,C00383,P0092,2025-02-26,Accelerator,0.0588,65.59
COM0004708,T0004708,IL0004708,SR028,C00077,P0036,2026-07-13,Accelerator,0.0149,2.69
COM0004709,T0004709,IL0004709,SR029,C00315,P0134,2026-05-29,Standard,0.0315,21.9
COM0004710,T0004710,IL0004710,SR030,C00340,P0106,2025-01-22,New Account,0.0577,9.22
COM0004711,T0004711,IL0004711,SR031,C00130,P0088,2025-11-04,Accelerator,0.0156,15.17
COM0004712,T0004712,IL0004712,SR032,C00410,P0135,2026-03-02,New Account,0.0648,13.76
COM0004713,T0004713,IL0004713,SR033,C00293,P0072,2025-08-25,New Account,0.0617,58.29
COM0004714,T0004714,IL0004714,SR034,C00348,P0089,2026-07-23,Standard,0.0373,18.79
COM0004715,T0004715,IL0004715,SR035,C00311,P0040,2025-03-14,Accelerator,0.044,17.07
COM0004716,T0004716,IL0004716,SR036,C00016,P0126,2026-07-15,New Account,0.0156,33.36
COM0004717,T0004717,IL0004717,SR037,C00320,P0081,2026-10-27,Accelerator,0.02,0.58
COM0004718,T0004718,IL0004718,SR038,C00365,P0062,2026-11-09,Accelerator,0.0362,16.5
COM0004719,T0004719,IL0004719,SR039,C00242,P0002,2026-06-05,Accelerator,0.0546,0.24
COM0004720,T0004720,IL0004720,SR040,C00301,P0061,2026-07-09,New Account,0.0501,40.0
COM0004721,T0004721,IL0004721,SR001,C00428,P0004,2025-04-30,New Account,0.0116,9.18
COM0004722,T0004722,IL0004722,SR002,C00464,P0125,2025-05-05,Accelerator,0.0282,9.15
COM0004723,T0004723,IL0004723,SR003,C00368,P0110,2026-04-19,Standard,0.032,16.35
COM0004724,T0004724,IL0004724,SR004,C00461,P0088,2025-11-09,Accelerator,0.0626,110.3
COM0004725,T0004725,IL0004725,SR005,C00179,P0040,2026-11-20,Standard,0.0107,3.57
COM0004726,T0004726,IL0004726,SR006,C00196,P0138,2025-11-03,Accelerator,0.013,12.59
COM0004727,T0004727,IL0004727,SR007,C00085,P0130,2025-10-12,Standard,0.0401,0.21
COM0004728,T0004728,IL0004728,SR008,C00098,P0115,2025-09-27,Standard,0.0139,11.51
COM0004729,T0004729,IL0004729,SR009,C00434,P0139,2025-11-29,Standard,0.0449,26.56
COM0004730,T0004730,IL0004730,SR010,C00169,P0012,2025-10-03,Standard,0.0281,17.5
COM0004731,T0004731,IL0004731,SR011,C00358,P0013,2025-02-13,Accelerator,0.054,6.23
COM0004732,T0004732,IL0004732,SR012,C00312,P0062,2026-05-27,New Account,0.0508,39.64
COM0004733,T0004733,IL0004733,SR013,C00329,P0100,2026-08-26,New Account,0.0625,28.49
COM0004734,T0004734,IL0004734,SR014,C00256,P0087,2026-01-15,Accelerator,0.0531,14.21
COM0004735,T0004735,IL0004735,SR015,C00252,P0014,2025-07-17,Standard,0.0152,7.47
COM0004736,T0004736,IL0004736,SR016,C00260,P0094,2025-09-08,New Account,0.0587,21.57
COM0004737,T0004737,IL0004737,SR017,C00034,P0121,2025-02-17,New Account,0.0177,6.6
COM0004738,T0004738,IL0004738,SR018,C00405,P0145,2025-10-29,New Account,0.0182,2.06
COM0004739,T0004739,IL0004739,SR019,C00240,P0081,2026-05-08,Standard,0.0187,0.25
COM0004740,T0004740,IL0004740,SR020,C00207,P0026,2026-01-29,New Account,0.0339,24.23
COM0004741,T0004741,IL0004741,SR021,C00185,P0144,2025-08-13,New Account,0.0524,4.56
COM0004742,T0004742,IL0004742,SR022,C00257,P0105,2025-05-18,New Account,0.0299,8.87
COM0004743,T0004743,IL0004743,SR023,C00338,P0071,2025-11-21,Accelerator,0.0367,74.7
COM0004744,T0004744,IL0004744,SR024,C00341,P0040,2026-08-11,Accelerator,0.0476,51.01
COM0004745,T0004745,IL0004745,SR025,C00398,P0118,2026-07-20,Standard,0.0515,70.92
COM0004746,T0004746,IL0004746,SR026,C00179,P0060,2026-06-15,Accelerator,0.05,146.43
COM0004747,T0004747,IL0004747,SR027,C00480,P0116,2025-06-17,Standard,0.0201,44.67
COM0004748,T0004748,IL0004748,SR028,C00041,P0143,2026-05-29,Standard,0.0226,33.14
COM0004749,T0004749,IL0004749,SR029,C00028,P0126,2025-06-28,New Account,0.0175,5.1
COM0004750,T0004750,IL0004750,SR030,C00328,P0136,2025-10-06,Accelerator,0.0462,4.69
COM0004751,T0004751,IL0004751,SR031,C00087,P0031,2026-10-16,Standard,0.0263,52.21
COM0004752,T0004752,IL0004752,SR032,C00293,P0042,2026-10-20,Standard,0.0189,25.02
COM0004753,T0004753,IL0004753,SR033,C00148,P0064,2025-09-30,New Account,0.0619,139.94
COM0004754,T0004754,IL0004754,SR034,C00456,P0026,2026-08-11,Standard,0.0228,51.52
COM0004755,T0004755,IL0004755,SR035,C00477,P0027,2025-02-15,New Account,0.0588,80.78
COM0004756,T0004756,IL0004756,SR036,C00115,P0134,2025-08-18,Standard,0.0427,35.75
COM0004757,T0004757,IL0004757,SR037,C00194,P0104,2025-05-19,Accelerator,0.0584,30.68
COM0004758,T0004758,IL0004758,SR038,C00346,P0007,2026-04-09,New Account,0.0542,88.44
COM0004759,T0004759,IL0004759,SR039,C00231,P0114,2026-09-04,Standard,0.0561,73.2
COM0004760,T0004760,IL0004760,SR040,C00018,P0106,2025-11-22,Standard,0.0452,8.18
COM0004761,T0004761,IL0004761,SR001,C00354,P0024,2025-10-17,Accelerator,0.0636,79.32
COM0004762,T0004762,IL0004762,SR002,C00134,P0104,2026-01-12,Accelerator,0.0171,6.27
COM0004763,T0004763,IL0004763,SR003,C00264,P0113,2025-12-07,Accelerator,0.0478,35.33
COM0004764,T0004764,IL0004764,SR004,C00337,P0089,2026-08-26,New Account,0.0557,64.58
COM0004765,T0004765,IL0004765,SR005,C00375,P0150,2026-09-05,Standard,0.062,2.38
COM0004766,T0004766,IL0004766,SR006,C00041,P0145,2026-10-02,New Account,0.0274,40.49
COM0004767,T0004767,IL0004767,SR007,C00361,P0113,2025-04-25,Accelerator,0.0301,29.92
COM0004768,T0004768,IL0004768,SR008,C00497,P0065,2025-02-18,Standard,0.0307,64.55
COM0004769,T0004769,IL0004769,SR009,C00195,P0042,2026-09-14,Standard,0.0483,14.22
COM0004770,T0004770,IL0004770,SR010,C00033,P0020,2025-03-05,Standard,0.018,8.5
COM0004771,T0004771,IL0004771,SR011,C00244,P0021,2025-02-16,New Account,0.057,155.51
COM0004772,T0004772,IL0004772,SR012,C00161,P0009,2025-02-03,Accelerator,0.0302,20.82
COM0004773,T0004773,IL0004773,SR013,C00132,P0023,2026-12-25,Accelerator,0.0454,91.55
COM0004774,T0004774,IL0004774,SR014,C00187,P0020,2025-12-15,New Account,0.0627,81.13
COM0004775,T0004775,IL0004775,SR015,C00211,P0079,2026-06-09,Standard,0.014,11.95
COM0004776,T0004776,IL0004776,SR016,C00001,P0017,2026-10-30,Standard,0.0642,15.32
COM0004777,T0004777,IL0004777,SR017,C00400,P0123,2026-10-03,Standard,0.0449,81.77
COM0004778,T0004778,IL0004778,SR018,C00281,P0111,2025-10-10,Standard,0.0441,12.05
COM0004779,T0004779,IL0004779,SR019,C00427,P0134,2025-03-19,New Account,0.0493,11.73
COM0004780,T0004780,IL0004780,SR020,C00400,P0053,2025-04-11,Accelerator,0.0144,5.45
COM0004781,T0004781,IL0004781,SR021,C00386,P0061,2025-10-14,New Account,0.0403,44.07
COM0004782,T0004782,IL0004782,SR022,C00477,P0025,2025-02-19,Accelerator,0.0425,13.85
COM0004783,T0004783,IL0004783,SR023,C00113,P0035,2026-08-20,Accelerator,0.0526,48.18
COM0004784,T0004784,IL0004784,SR024,C00381,P0028,2026-08-11,New Account,0.0643,132.14
COM0004785,T0004785,IL0004785,SR025,C00263,P0055,2025-04-26,New Account,0.0627,19.85
COM0004786,T0004786,IL0004786,SR026,C00005,P0126,2026-03-24,Accelerator,0.05,3.67
COM0004787,T0004787,IL0004787,SR027,C00063,P0064,2026-08-02,New Account,0.0472,23.45
COM0004788,T0004788,IL0004788,SR028,C00368,P0080,2025-05-21,Standard,0.0603,6.56
COM0004789,T0004789,IL0004789,SR029,C00255,P0024,2026-11-13,Standard,0.0581,38.63
COM0004790,T0004790,IL0004790,SR030,C00417,P0025,2025-06-14,Accelerator,0.0358,16.33
COM0004791,T0004791,IL0004791,SR031,C00328,P0113,2026-11-07,Accelerator,0.0643,48.72
COM0004792,T0004792,IL0004792,SR032,C00372,P0055,2026-07-24,Standard,0.0354,81.46
COM0004793,T0004793,IL0004793,SR033,C00144,P0123,2026-07-09,Accelerator,0.0218,0.46
COM0004794,T0004794,IL0004794,SR034,C00235,P0077,2025-12-19,Accelerator,0.0404,63.69
COM0004795,T0004795,IL0004795,SR035,C00340,P0138,2025-10-03,Standard,0.0296,35.41
COM0004796,T0004796,IL0004796,SR036,C00231,P0124,2026-09-11,Accelerator,0.0583,42.81
COM0004797,T0004797,IL0004797,SR037,C00178,P0001,2025-07-02,New Account,0.0516,117.44
COM0004798,T0004798,IL0004798,SR038,C00281,P0122,2025-10-20,New Account,0.0335,28.83
COM0004799,T0004799,IL0004799,SR039,C00122,P0002,2026-11-26,Standard,0.017,21.5
COM0004800,T0004800,IL0004800,SR040,C00258,P0002,2026-10-19,New Account,0.025,37.26
COM0004801,T0004801,IL0004801,SR001,C00361,P0071,2026-10-25,Standard,0.0192,13.51
COM0004802,T0004802,IL0004802,SR002,C00067,P0149,2026-08-18,New Account,0.0383,12.85
COM0004803,T0004803,IL0004803,SR003,C00433,P0093,2025-05-20,Accelerator,0.0143,42.9
COM0004804,T0004804,IL0004804,SR004,C00129,P0055,2026-11-15,Standard,0.0473,92.54
COM0004805,T0004805,IL0004805,SR005,C00017,P0004,2026-10-20,Accelerator,0.0174,38.94
COM0004806,T0004806,IL0004806,SR006,C00007,P0130,2026-01-26,Accelerator,0.0237,56.8
COM0004807,T0004807,IL0004807,SR007,C00400,P0048,2025-03-28,Accelerator,0.0143,18.13
COM0004808,T0004808,IL0004808,SR008,C00296,P0072,2025-10-24,New Account,0.0562,25.69
COM0004809,T0004809,IL0004809,SR009,C00128,P0121,2026-05-16,Accelerator,0.0362,40.46
COM0004810,T0004810,IL0004810,SR010,C00267,P0053,2025-10-13,New Account,0.0482,40.48
COM0004811,T0004811,IL0004811,SR011,C00172,P0080,2025-03-18,New Account,0.032,65.4
COM0004812,T0004812,IL0004812,SR012,C00404,P0149,2025-03-25,Accelerator,0.0133,21.72
COM0004813,T0004813,IL0004813,SR013,C00382,P0013,2026-12-23,Accelerator,0.0264,12.89
COM0004814,T0004814,IL0004814,SR014,C00137,P0003,2025-07-26,Accelerator,0.0425,8.73
COM0004815,T0004815,IL0004815,SR015,C00338,P0070,2025-04-23,Standard,0.0304,47.42
COM0004816,T0004816,IL0004816,SR016,C00268,P0129,2026-12-15,Accelerator,0.0618,71.45
COM0004817,T0004817,IL0004817,SR017,C00061,P0122,2025-12-10,Standard,0.0272,15.54
COM0004818,T0004818,IL0004818,SR018,C00012,P0001,2025-09-28,Accelerator,0.0528,91.41
COM0004819,T0004819,IL0004819,SR019,C00121,P0041,2025-10-05,Accelerator,0.0465,63.9
COM0004820,T0004820,IL0004820,SR020,C00062,P0149,2026-05-29,Standard,0.0406,74.99
COM0004821,T0004821,IL0004821,SR021,C00297,P0143,2026-02-15,New Account,0.0437,15.61
COM0004822,T0004822,IL0004822,SR022,C00026,P0135,2025-10-07,Standard,0.0468,1.88
COM0004823,T0004823,IL0004823,SR023,C00479,P0049,2025-07-12,Accelerator,0.0414,42.47
COM0004824,T0004824,IL0004824,SR024,C00363,P0013,2025-09-01,Standard,0.0406,5.29
COM0004825,T0004825,IL0004825,SR025,C00193,P0115,2025-03-03,Standard,0.0445,9.42
COM0004826,T0004826,IL0004826,SR026,C00277,P0098,2025-01-27,New Account,0.024,21.77
COM0004827,T0004827,IL0004827,SR027,C00187,P0112,2026-06-22,Accelerator,0.0548,30.17
COM0004828,T0004828,IL0004828,SR028,C00265,P0141,2026-02-25,Standard,0.0167,0.8
COM0004829,T0004829,IL0004829,SR029,C00123,P0046,2026-11-19,Standard,0.0242,7.49
COM0004830,T0004830,IL0004830,SR030,C00066,P0064,2026-03-10,New Account,0.0491,33.58
COM0004831,T0004831,IL0004831,SR031,C00238,P0108,2026-03-27,Accelerator,0.0236,39.83
COM0004832,T0004832,IL0004832,SR032,C00401,P0005,2026-03-22,New Account,0.0368,42.97
COM0004833,T0004833,IL0004833,SR033,C00174,P0066,2025-07-08,Accelerator,0.0487,52.18
COM0004834,T0004834,IL0004834,SR034,C00294,P0005,2025-09-18,Accelerator,0.0481,6.1
COM0004835,T0004835,IL0004835,SR035,C00088,P0096,2026-03-09,Accelerator,0.0626,18.09
COM0004836,T0004836,IL0004836,SR036,C00500,P0013,2026-08-20,Accelerator,0.0178,17.3
COM0004837,T0004837,IL0004837,SR037,C00054,P0083,2025-09-04,New Account,0.0552,10.02
COM0004838,T0004838,IL0004838,SR038,C00408,P0122,2025-03-01,Standard,0.0395,34.29
COM0004839,T0004839,IL0004839,SR039,C00072,P0038,2026-08-06,Accelerator,0.0288,15.16
COM0004840,T0004840,IL0004840,SR040,C00001,P0022,2026-03-06,New Account,0.0305,17.8
COM0004841,T0004841,IL0004841,SR001,C00098,P0086,2025-04-11,Standard,0.0169,10.67
COM0004842,T0004842,IL0004842,SR002,C00104,P0034,2025-08-07,Accelerator,0.0417,2.76
COM0004843,T0004843,IL0004843,SR003,C00009,P0117,2025-11-13,Standard,0.0118,30.56
COM0004844,T0004844,IL0004844,SR004,C00260,P0057,2026-12-15,Accelerator,0.0283,13.67
COM0004845,T0004845,IL0004845,SR005,C00278,P0061,2025-09-22,Accelerator,0.0174,12.49
COM0004846,T0004846,IL0004846,SR006,C00240,P0017,2026-06-18,Standard,0.0354,17.93
COM0004847,T0004847,IL0004847,SR007,C00366,P0132,2026-07-20,Accelerator,0.0343,5.9
COM0004848,T0004848,IL0004848,SR008,C00251,P0068,2025-12-11,New Account,0.0411,29.67
COM0004849,T0004849,IL0004849,SR009,C00008,P0020,2025-10-25,Standard,0.0491,109.99
COM0004850,T0004850,IL0004850,SR010,C00378,P0100,2026-03-24,Standard,0.0284,12.65
COM0004851,T0004851,IL0004851,SR011,C00500,P0094,2025-11-09,New Account,0.0644,16.52
COM0004852,T0004852,IL0004852,SR012,C00107,P0002,2025-06-26,New Account,0.0564,9.08
COM0004853,T0004853,IL0004853,SR013,C00112,P0050,2025-08-22,New Account,0.044,17.38
COM0004854,T0004854,IL0004854,SR014,C00083,P0114,2026-09-21,Standard,0.0285,24.32
COM0004855,T0004855,IL0004855,SR015,C00404,P0030,2026-12-17,New Account,0.0224,53.51
COM0004856,T0004856,IL0004856,SR016,C00490,P0068,2025-02-01,Accelerator,0.0455,1.13
COM0004857,T0004857,IL0004857,SR017,C00416,P0103,2026-07-02,Accelerator,0.0413,1.76
COM0004858,T0004858,IL0004858,SR018,C00399,P0136,2026-12-24,Accelerator,0.0473,133.28
COM0004859,T0004859,IL0004859,SR019,C00444,P0006,2026-07-12,Accelerator,0.0459,63.73
COM0004860,T0004860,IL0004860,SR020,C00493,P0043,2025-12-27,Accelerator,0.0491,24.44
COM0004861,T0004861,IL0004861,SR021,C00233,P0067,2025-09-23,Accelerator,0.0115,4.29
COM0004862,T0004862,IL0004862,SR022,C00081,P0038,2026-07-26,New Account,0.0575,46.08
COM0004863,T0004863,IL0004863,SR023,C00275,P0078,2025-11-06,New Account,0.0177,26.91
COM0004864,T0004864,IL0004864,SR024,C00091,P0031,2025-09-26,Standard,0.0516,25.94
COM0004865,T0004865,IL0004865,SR025,C00044,P0070,2026-08-17,Standard,0.0542,30.48
COM0004866,T0004866,IL0004866,SR026,C00166,P0068,2025-12-27,Standard,0.0121,8.48
COM0004867,T0004867,IL0004867,SR027,C00407,P0120,2026-02-28,Standard,0.0196,2.73
COM0004868,T0004868,IL0004868,SR028,C00205,P0144,2025-09-19,Standard,0.0511,4.89
COM0004869,T0004869,IL0004869,SR029,C00401,P0150,2026-11-07,Accelerator,0.0339,92.68
COM0004870,T0004870,IL0004870,SR030,C00007,P0114,2025-11-25,Accelerator,0.0121,11.49
COM0004871,T0004871,IL0004871,SR031,C00045,P0068,2026-12-03,New Account,0.0386,13.82
COM0004872,T0004872,IL0004872,SR032,C00386,P0101,2026-12-25,New Account,0.0573,131.37
COM0004873,T0004873,IL0004873,SR033,C00210,P0090,2026-01-07,Accelerator,0.0418,39.48
COM0004874,T0004874,IL0004874,SR034,C00134,P0083,2026-07-12,Standard,0.0375,23.52
COM0004875,T0004875,IL0004875,SR035,C00332,P0129,2026-06-18,New Account,0.0515,25.18
COM0004876,T0004876,IL0004876,SR036,C00317,P0060,2026-06-17,Standard,0.0461,99.09
COM0004877,T0004877,IL0004877,SR037,C00415,P0128,2025-03-12,Standard,0.0295,60.65
COM0004878,T0004878,IL0004878,SR038,C00281,P0041,2026-12-15,Accelerator,0.0107,4.04
COM0004879,T0004879,IL0004879,SR039,C00247,P0125,2026-11-11,Standard,0.0223,29.74
COM0004880,T0004880,IL0004880,SR040,C00073,P0024,2025-04-29,New Account,0.0412,32.18
COM0004881,T0004881,IL0004881,SR001,C00200,P0110,2025-09-22,Standard,0.0501,29.8
COM0004882,T0004882,IL0004882,SR002,C00264,P0045,2025-10-02,New Account,0.0141,1.24
COM0004883,T0004883,IL0004883,SR003,C00192,P0082,2025-12-22,Standard,0.0456,6.23
COM0004884,T0004884,IL0004884,SR004,C00451,P0091,2025-11-29,New Account,0.0471,0.26
COM0004885,T0004885,IL0004885,SR005,C00028,P0119,2026-02-06,New Account,0.0155,12.76
COM0004886,T0004886,IL0004886,SR006,C00325,P0144,2026-06-29,Standard,0.0602,70.28
COM0004887,T0004887,IL0004887,SR007,C00272,P0089,2025-07-04,New Account,0.028,39.6
COM0004888,T0004888,IL0004888,SR008,C00222,P0060,2025-04-08,New Account,0.0474,2.93
COM0004889,T0004889,IL0004889,SR009,C00438,P0090,2026-10-15,Accelerator,0.0172,11.62
COM0004890,T0004890,IL0004890,SR010,C00243,P0144,2026-03-30,New Account,0.0458,2.45
COM0004891,T0004891,IL0004891,SR011,C00088,P0076,2025-09-29,Standard,0.0151,19.92
COM0004892,T0004892,IL0004892,SR012,C00441,P0133,2026-06-09,New Account,0.0305,66.86
COM0004893,T0004893,IL0004893,SR013,C00069,P0030,2025-06-14,Accelerator,0.0591,96.04
COM0004894,T0004894,IL0004894,SR014,C00434,P0104,2026-05-05,Standard,0.0451,4.08
COM0004895,T0004895,IL0004895,SR015,C00463,P0081,2025-04-15,Accelerator,0.0211,16.76
COM0004896,T0004896,IL0004896,SR016,C00143,P0027,2026-04-13,Accelerator,0.0365,19.33
COM0004897,T0004897,IL0004897,SR017,C00106,P0114,2026-03-06,New Account,0.0611,42.11
COM0004898,T0004898,IL0004898,SR018,C00416,P0096,2026-08-25,Standard,0.0326,7.23
COM0004899,T0004899,IL0004899,SR019,C00140,P0053,2025-09-11,New Account,0.0271,7.67
COM0004900,T0004900,IL0004900,SR020,C00061,P0069,2026-12-12,Accelerator,0.0144,1.95
COM0004901,T0004901,IL0004901,SR021,C00133,P0144,2026-04-24,Accelerator,0.0313,38.57
COM0004902,T0004902,IL0004902,SR022,C00029,P0048,2026-05-28,Standard,0.0245,7.1
COM0004903,T0004903,IL0004903,SR023,C00384,P0128,2025-01-26,Accelerator,0.0604,29.66
COM0004904,T0004904,IL0004904,SR024,C00092,P0080,2025-10-09,New Account,0.0126,4.27
COM0004905,T0004905,IL0004905,SR025,C00311,P0034,2026-03-23,Accelerator,0.0342,76.3
COM0004906,T0004906,IL0004906,SR026,C00332,P0113,2026-06-20,Accelerator,0.0227,52.18
COM0004907,T0004907,IL0004907,SR027,C00226,P0093,2026-08-20,Standard,0.0241,16.09
COM0004908,T0004908,IL0004908,SR028,C00257,P0012,2026-09-02,New Account,0.0258,28.04
COM0004909,T0004909,IL0004909,SR029,C00497,P0071,2026-07-20,New Account,0.0509,12.69
COM0004910,T0004910,IL0004910,SR030,C00042,P0089,2025-12-01,Accelerator,0.0607,113.48
COM0004911,T0004911,IL0004911,SR031,C00128,P0133,2025-05-13,New Account,0.0196,1.75
COM0004912,T0004912,IL0004912,SR032,C00072,P0069,2026-07-20,New Account,0.0437,52.79
COM0004913,T0004913,IL0004913,SR033,C00205,P0006,2025-04-16,Accelerator,0.0299,41.15
COM0004914,T0004914,IL0004914,SR034,C00116,P0079,2025-05-28,Accelerator,0.0256,5.76
COM0004915,T0004915,IL0004915,SR035,C00042,P0066,2026-11-15,Standard,0.0388,32.88
COM0004916,T0004916,IL0004916,SR036,C00218,P0102,2025-11-05,New Account,0.0152,23.08
COM0004917,T0004917,IL0004917,SR037,C00123,P0059,2025-04-24,Accelerator,0.0448,55.57
COM0004918,T0004918,IL0004918,SR038,C00068,P0040,2026-04-03,Standard,0.0258,3.14
COM0004919,T0004919,IL0004919,SR039,C00396,P0066,2025-09-27,Accelerator,0.0131,8.5
COM0004920,T0004920,IL0004920,SR040,C00332,P0014,2026-01-09,Standard,0.0465,45.27
COM0004921,T0004921,IL0004921,SR001,C00205,P0002,2025-02-23,New Account,0.0631,5.21
COM0004922,T0004922,IL0004922,SR002,C00183,P0149,2026-06-04,Accelerator,0.027,54.15
COM0004923,T0004923,IL0004923,SR003,C00114,P0129,2025-12-07,Standard,0.0533,116.79
COM0004924,T0004924,IL0004924,SR004,C00401,P0015,2025-10-26,Standard,0.0182,27.01
COM0004925,T0004925,IL0004925,SR005,C00062,P0040,2026-06-22,New Account,0.0131,21.84
COM0004926,T0004926,IL0004926,SR006,C00337,P0035,2025-09-26,Accelerator,0.0115,8.89
COM0004927,T0004927,IL0004927,SR007,C00426,P0006,2026-12-11,Standard,0.0362,11.0
COM0004928,T0004928,IL0004928,SR008,C00023,P0108,2025-04-25,New Account,0.0234,34.71
COM0004929,T0004929,IL0004929,SR009,C00486,P0032,2026-05-18,New Account,0.0316,52.43
COM0004930,T0004930,IL0004930,SR010,C00385,P0148,2025-10-21,Standard,0.0378,31.06
COM0004931,T0004931,IL0004931,SR011,C00413,P0031,2026-05-07,New Account,0.0554,78.13
COM0004932,T0004932,IL0004932,SR012,C00098,P0095,2025-01-11,Accelerator,0.0344,6.08
COM0004933,T0004933,IL0004933,SR013,C00015,P0070,2026-12-13,Accelerator,0.0498,88.35
COM0004934,T0004934,IL0004934,SR014,C00237,P0059,2026-08-03,Standard,0.033,22.33
COM0004935,T0004935,IL0004935,SR015,C00340,P0148,2026-12-19,New Account,0.0181,9.95
COM0004936,T0004936,IL0004936,SR016,C00213,P0051,2026-07-30,Accelerator,0.0594,39.49
COM0004937,T0004937,IL0004937,SR017,C00333,P0098,2026-04-24,Standard,0.0232,49.87
COM0004938,T0004938,IL0004938,SR018,C00022,P0028,2025-03-25,New Account,0.0297,30.22
COM0004939,T0004939,IL0004939,SR019,C00383,P0012,2026-06-01,Accelerator,0.0165,8.57
COM0004940,T0004940,IL0004940,SR020,C00249,P0096,2025-07-04,New Account,0.063,27.78
COM0004941,T0004941,IL0004941,SR021,C00036,P0031,2025-09-05,Standard,0.0297,11.59
COM0004942,T0004942,IL0004942,SR022,C00407,P0150,2026-01-10,Accelerator,0.0637,23.25
COM0004943,T0004943,IL0004943,SR023,C00488,P0101,2025-11-05,Standard,0.0141,11.2
COM0004944,T0004944,IL0004944,SR024,C00401,P0130,2026-03-24,Accelerator,0.0201,4.95
COM0004945,T0004945,IL0004945,SR025,C00385,P0050,2026-05-07,Standard,0.0568,2.62
COM0004946,T0004946,IL0004946,SR026,C00012,P0009,2025-01-14,Accelerator,0.0461,64.6
COM0004947,T0004947,IL0004947,SR027,C00328,P0065,2026-05-04,Standard,0.027,40.91
COM0004948,T0004948,IL0004948,SR028,C00119,P0039,2025-07-23,Accelerator,0.0398,105.46
COM0004949,T0004949,IL0004949,SR029,C00468,P0124,2025-10-17,New Account,0.0482,64.69
COM0004950,T0004950,IL0004950,SR030,C00236,P0020,2026-12-04,Standard,0.0214,3.03
COM0004951,T0004951,IL0004951,SR031,C00349,P0097,2025-01-06,Accelerator,0.025,15.35
COM0004952,T0004952,IL0004952,SR032,C00369,P0053,2025-11-21,New Account,0.0404,61.17
COM0004953,T0004953,IL0004953,SR033,C00483,P0042,2025-03-26,Accelerator,0.0232,9.4
COM0004954,T0004954,IL0004954,SR034,C00088,P0044,2026-02-03,New Account,0.0573,21.61
COM0004955,T0004955,IL0004955,SR035,C00345,P0047,2026-05-14,Standard,0.0605,55.41
COM0004956,T0004956,IL0004956,SR036,C00023,P0068,2025-03-01,Accelerator,0.0479,5.04
COM0004957,T0004957,IL0004957,SR037,C00204,P0108,2026-09-25,Standard,0.0286,41.29
COM0004958,T0004958,IL0004958,SR038,C00449,P0122,2025-08-10,Standard,0.0161,1.96
COM0004959,T0004959,IL0004959,SR039,C00053,P0098,2026-10-31,Standard,0.0374,70.84
COM0004960,T0004960,IL0004960,SR040,C00319,P0110,2025-10-06,New Account,0.0442,49.5
COM0004961,T0004961,IL0004961,SR001,C00178,P0149,2026-12-01,Standard,0.0365,5.75
COM0004962,T0004962,IL0004962,SR002,C00317,P0122,2026-09-15,New Account,0.0334,21.68
COM0004963,T0004963,IL0004963,SR003,C00316,P0064,2025-12-11,Standard,0.0237,19.55
COM0004964,T0004964,IL0004964,SR004,C00476,P0081,2026-01-10,Standard,0.0542,52.97
COM0004965,T0004965,IL0004965,SR005,C00122,P0097,2025-06-02,New Account,0.0113,16.01
COM0004966,T0004966,IL0004966,SR006,C00093,P0104,2026-03-13,Accelerator,0.0182,2.12
COM0004967,T0004967,IL0004967,SR007,C00493,P0029,2026-09-25,New Account,0.0154,11.34
COM0004968,T0004968,IL0004968,SR008,C00368,P0047,2026-11-27,Standard,0.0185,8.04
COM0004969,T0004969,IL0004969,SR009,C00037,P0070,2025-11-04,Accelerator,0.0222,17.28
COM0004970,T0004970,IL0004970,SR010,C00500,P0092,2025-08-28,Accelerator,0.0439,13.14
COM0004971,T0004971,IL0004971,SR011,C00377,P0012,2026-07-08,Standard,0.0294,24.78
COM0004972,T0004972,IL0004972,SR012,C00054,P0125,2026-12-16,New Account,0.0438,6.89
COM0004973,T0004973,IL0004973,SR013,C00204,P0052,2025-12-01,Accelerator,0.0482,31.28
COM0004974,T0004974,IL0004974,SR014,C00310,P0125,2026-09-16,New Account,0.0482,48.02
COM0004975,T0004975,IL0004975,SR015,C00219,P0108,2025-03-25,Standard,0.0103,1.8
COM0004976,T0004976,IL0004976,SR016,C00156,P0122,2026-10-22,New Account,0.0158,2.12
COM0004977,T0004977,IL0004977,SR017,C00237,P0006,2026-11-30,Standard,0.0551,7.37
COM0004978,T0004978,IL0004978,SR018,C00442,P0107,2026-01-18,Standard,0.0367,43.26
COM0004979,T0004979,IL0004979,SR019,C00187,P0039,2026-03-13,Standard,0.0485,13.95
COM0004980,T0004980,IL0004980,SR020,C00290,P0138,2026-10-01,New Account,0.0538,18.14
COM0004981,T0004981,IL0004981,SR021,C00122,P0027,2026-02-12,Standard,0.0623,83.49
COM0004982,T0004982,IL0004982,SR022,C00123,P0125,2025-06-14,Accelerator,0.0155,20.5
COM0004983,T0004983,IL0004983,SR023,C00128,P0040,2026-08-19,Accelerator,0.0402,33.06
COM0004984,T0004984,IL0004984,SR024,C00220,P0112,2026-02-08,Accelerator,0.0517,17.05
COM0004985,T0004985,IL0004985,SR025,C00478,P0022,2026-07-04,Accelerator,0.0489,0.92
COM0004986,T0004986,IL0004986,SR026,C00423,P0104,2026-06-08,Standard,0.0536,64.67
COM0004987,T0004987,IL0004987,SR027,C00399,P0106,2026-05-13,Standard,0.0207,0.17
COM0004988,T0004988,IL0004988,SR028,C00417,P0147,2025-05-17,Accelerator,0.0556,106.54
COM0004989,T0004989,IL0004989,SR029,C00238,P0102,2026-08-30,Accelerator,0.0503,13.56
COM0004990,T0004990,IL0004990,SR030,C00392,P0122,2025-02-19,New Account,0.0591,17.31
COM0004991,T0004991,IL0004991,SR031,C00136,P0148,2026-01-20,New Account,0.0154,31.71
COM0004992,T0004992,IL0004992,SR032,C00060,P0082,2025-08-16,Accelerator,0.0289,27.29
COM0004993,T0004993,IL0004993,SR033,C00114,P0116,2026-10-15,Standard,0.0414,8.44
COM0004994,T0004994,IL0004994,SR034,C00471,P0049,2025-07-11,New Account,0.0499,83.25
COM0004995,T0004995,IL0004995,SR035,C00357,P0106,2025-10-24,New Account,0.0191,15.66
COM0004996,T0004996,IL0004996,SR036,C00415,P0021,2026-08-04,Standard,0.0574,20.27
COM0004997,T0004997,IL0004997,SR037,C00187,P0070,2026-02-01,New Account,0.0131,3.97
COM0004998,T0004998,IL0004998,SR038,C00134,P0081,2025-04-13,New Account,0.0533,1.53
COM0004999,T0004999,IL0004999,SR039,C00429,P0110,2025-09-10,Accelerator,0.0302,48.5
COM0005000,T0005000,IL0005000,SR040,C00312,P0121,2026-05-12,New Account,0.0318,3.37
