Journal_ID,Posting_Date,GL_Account,Account_Type,Cost_Center,Profit_Center,Amount,Currency,Fiscal_Period,Fiscal_Year
JRN0000001,2026-02-08,4000,Revenue,CC0016,PC006,21937.24,USD,2,2026
JRN0000002,2025-11-21,6100,Operating Expense,CC0007,PC007,-13123.87,USD,11,2025
JRN0000003,2025-04-14,4000,Revenue,CC0001,PC001,23782.87,USD,4,2025
JRN0000004,2026-07-13,5000,COGS,CC0007,PC007,-4773.78,USD,7,2026
JRN0000005,2025-05-08,4000,Revenue,CC0014,PC004,29264.91,USD,5,2025
JRN0000006,2026-06-08,5000,COGS,CC0019,PC009,-28709.69,USD,6,2026
JRN0000007,2025-10-29,5000,COGS,CC0007,PC007,-43081.97,USD,10,2025
JRN0000008,2025-05-01,6100,Operating Expense,CC0008,PC008,-10832.43,USD,5,2025
JRN0000009,2025-04-14,4000,Revenue,CC0014,PC004,26627.14,USD,4,2025
JRN0000010,2025-06-12,5000,COGS,CC0007,PC007,-37200.42,USD,6,2025
JRN0000011,2026-11-16,5000,COGS,CC0004,PC004,-2804.43,USD,11,2026
JRN0000012,2026-06-25,6200,Operating Expense,CC0010,PC010,-38367.1,USD,6,2026
JRN0000013,2025-10-25,6100,Operating Expense,CC0012,PC002,-41385.03,USD,10,2025
JRN0000014,2026-01-19,6200,Operating Expense,CC0005,PC005,-48875.21,USD,1,2026
JRN0000015,2025-01-18,4000,Revenue,CC0009,PC009,34673.18,USD,1,2025
JRN0000016,2026-05-19,4000,Revenue,CC0004,PC004,14983.93,USD,5,2026
JRN0000017,2026-01-03,6200,Operating Expense,CC0007,PC007,-7687.98,USD,1,2026
JRN0000018,2025-12-21,4000,Revenue,CC0006,PC006,18292.27,USD,12,2025
JRN0000019,2025-01-20,5000,COGS,CC0009,PC009,-17263.88,USD,1,2025
JRN0000020,2025-02-14,4000,Revenue,CC0007,PC007,14368.25,USD,2,2025
JRN0000021,2025-04-15,6200,Operating Expense,CC0012,PC002,-13315.53,USD,4,2025
JRN0000022,2026-07-06,6200,Operating Expense,CC0020,PC010,-20930.96,USD,7,2026
JRN0000023,2026-03-18,6100,Operating Expense,CC0009,PC009,-22845.18,USD,3,2026
JRN0000024,2026-09-24,4000,Revenue,CC0020,PC010,20382.85,USD,9,2026
JRN0000025,2026-01-18,4000,Revenue,CC0005,PC005,14731.35,USD,1,2026
JRN0000026,2025-08-11,4000,Revenue,CC0020,PC010,31326.68,USD,8,2025
JRN0000027,2025-10-17,5000,COGS,CC0017,PC007,-13039.8,USD,10,2025
JRN0000028,2025-03-16,4000,Revenue,CC0003,PC003,24761.42,USD,3,2025
JRN0000029,2025-05-17,5000,COGS,CC0002,PC002,-20951.23,USD,5,2025
JRN0000030,2025-11-22,6200,Operating Expense,CC0019,PC009,-44184.4,USD,11,2025
JRN0000031,2026-12-14,6200,Operating Expense,CC0008,PC008,-13501.38,USD,12,2026
JRN0000032,2026-09-28,6100,Operating Expense,CC0009,PC009,-45003.36,USD,9,2026
JRN0000033,2025-05-18,6100,Operating Expense,CC0019,PC009,-10440.99,USD,5,2025
JRN0000034,2026-07-03,4000,Revenue,CC0010,PC010,27555.99,USD,7,2026
JRN0000035,2025-12-07,4000,Revenue,CC0009,PC009,33236.85,USD,12,2025
JRN0000036,2026-01-19,4000,Revenue,CC0006,PC006,1702.2,USD,1,2026
JRN0000037,2025-06-12,5000,COGS,CC0003,PC003,-23515.21,USD,6,2025
JRN0000038,2025-11-13,4000,Revenue,CC0016,PC006,15319.21,USD,11,2025
JRN0000039,2025-01-02,5000,COGS,CC0010,PC010,-8428.73,USD,1,2025
JRN0000040,2026-11-28,4000,Revenue,CC0004,PC004,44070.44,USD,11,2026
JRN0000041,2025-05-02,4000,Revenue,CC0004,PC004,29322.43,USD,5,2025
JRN0000042,2026-01-06,5000,COGS,CC0004,PC004,-1845.27,USD,1,2026
JRN0000043,2026-08-26,4000,Revenue,CC0001,PC001,36880.01,USD,8,2026
JRN0000044,2025-12-21,6200,Operating Expense,CC0014,PC004,-35609.3,USD,12,2025
JRN0000045,2025-09-26,6200,Operating Expense,CC0011,PC001,-36709.17,USD,9,2025
JRN0000046,2025-11-10,6100,Operating Expense,CC0007,PC007,-43126.61,USD,11,2025
JRN0000047,2026-09-07,6200,Operating Expense,CC0017,PC007,-6285.64,USD,9,2026
JRN0000048,2026-03-27,6200,Operating Expense,CC0016,PC006,-23488.01,USD,3,2026
JRN0000049,2025-03-08,4000,Revenue,CC0016,PC006,31422.61,USD,3,2025
JRN0000050,2026-06-12,6100,Operating Expense,CC0015,PC005,-10116.82,USD,6,2026
JRN0000051,2026-07-14,5000,COGS,CC0014,PC004,-37889.29,USD,7,2026
JRN0000052,2026-02-03,6100,Operating Expense,CC0003,PC003,-46616.8,USD,2,2026
JRN0000053,2025-07-07,4000,Revenue,CC0005,PC005,23785.8,USD,7,2025
JRN0000054,2026-08-28,5000,COGS,CC0014,PC004,-36071.87,USD,8,2026
JRN0000055,2026-04-20,6100,Operating Expense,CC0016,PC006,-16133.56,USD,4,2026
JRN0000056,2025-05-31,4000,Revenue,CC0010,PC010,29738.31,USD,5,2025
JRN0000057,2025-07-01,5000,COGS,CC0016,PC006,-33305.75,USD,7,2025
JRN0000058,2026-05-29,6200,Operating Expense,CC0011,PC001,-27236.64,USD,5,2026
JRN0000059,2026-04-24,6200,Operating Expense,CC0013,PC003,-36116.54,USD,4,2026
JRN0000060,2025-09-06,6100,Operating Expense,CC0004,PC004,-1807.29,USD,9,2025
JRN0000061,2025-05-30,6100,Operating Expense,CC0006,PC006,-5071.33,USD,5,2025
JRN0000062,2025-01-19,5000,COGS,CC0019,PC009,-4412.78,USD,1,2025
JRN0000063,2026-03-21,4000,Revenue,CC0008,PC008,3145.87,USD,3,2026
JRN0000064,2026-06-04,5000,COGS,CC0015,PC005,-35948.52,USD,6,2026
JRN0000065,2026-01-16,4000,Revenue,CC0018,PC008,7858.53,USD,1,2026
JRN0000066,2026-11-08,4000,Revenue,CC0010,PC010,28681.59,USD,11,2026
JRN0000067,2025-01-13,6200,Operating Expense,CC0010,PC010,-7948.78,USD,1,2025
JRN0000068,2026-05-18,6200,Operating Expense,CC0010,PC010,-35939.75,USD,5,2026
JRN0000069,2026-08-11,4000,Revenue,CC0012,PC002,28007.91,USD,8,2026
JRN0000070,2025-07-03,6100,Operating Expense,CC0018,PC008,-2979.08,USD,7,2025
JRN0000071,2025-02-16,6200,Operating Expense,CC0013,PC003,-14306.88,USD,2,2025
JRN0000072,2026-05-27,5000,COGS,CC0013,PC003,-20077.3,USD,5,2026
JRN0000073,2025-07-28,6200,Operating Expense,CC0002,PC002,-37896.75,USD,7,2025
JRN0000074,2025-10-12,4000,Revenue,CC0019,PC009,40706.53,USD,10,2025
JRN0000075,2025-09-22,6100,Operating Expense,CC0015,PC005,-18384.17,USD,9,2025
JRN0000076,2025-07-28,6100,Operating Expense,CC0019,PC009,-18439.07,USD,7,2025
JRN0000077,2025-04-06,6100,Operating Expense,CC0019,PC009,-11677.61,USD,4,2025
JRN0000078,2025-10-11,4000,Revenue,CC0015,PC005,43937.61,USD,10,2025
JRN0000079,2026-10-20,6200,Operating Expense,CC0012,PC002,-7761.23,USD,10,2026
JRN0000080,2025-06-29,5000,COGS,CC0004,PC004,-20617.26,USD,6,2025
JRN0000081,2026-06-19,6200,Operating Expense,CC0015,PC005,-15568.51,USD,6,2026
JRN0000082,2026-03-25,6200,Operating Expense,CC0017,PC007,-9743.35,USD,3,2026
JRN0000083,2026-09-17,6100,Operating Expense,CC0005,PC005,-39092.72,USD,9,2026
JRN0000084,2025-10-11,6200,Operating Expense,CC0005,PC005,-46785.96,USD,10,2025
JRN0000085,2025-09-05,5000,COGS,CC0020,PC010,-23188.12,USD,9,2025
JRN0000086,2026-03-15,5000,COGS,CC0019,PC009,-3591.29,USD,3,2026
JRN0000087,2025-04-24,5000,COGS,CC0001,PC001,-11469.35,USD,4,2025
JRN0000088,2026-01-11,6100,Operating Expense,CC0007,PC007,-9425.0,USD,1,2026
JRN0000089,2025-12-25,6100,Operating Expense,CC0020,PC010,-31332.66,USD,12,2025
JRN0000090,2026-12-27,6100,Operating Expense,CC0013,PC003,-20987.04,USD,12,2026
JRN0000091,2026-03-08,5000,COGS,CC0009,PC009,-11338.91,USD,3,2026
JRN0000092,2026-05-27,4000,Revenue,CC0019,PC009,10111.29,USD,5,2026
JRN0000093,2025-03-06,6200,Operating Expense,CC0004,PC004,-30450.15,USD,3,2025
JRN0000094,2025-12-14,4000,Revenue,CC0008,PC008,46423.68,USD,12,2025
JRN0000095,2025-12-22,4000,Revenue,CC0014,PC004,25328.06,USD,12,2025
JRN0000096,2025-02-08,6200,Operating Expense,CC0015,PC005,-47130.37,USD,2,2025
JRN0000097,2025-02-18,6100,Operating Expense,CC0003,PC003,-15924.71,USD,2,2025
JRN0000098,2025-03-02,6200,Operating Expense,CC0009,PC009,-13804.83,USD,3,2025
JRN0000099,2026-07-03,6200,Operating Expense,CC0010,PC010,-23136.13,USD,7,2026
JRN0000100,2026-07-26,5000,COGS,CC0003,PC003,-30988.08,USD,7,2026
JRN0000101,2025-09-13,6100,Operating Expense,CC0013,PC003,-41981.27,USD,9,2025
JRN0000102,2025-06-03,6200,Operating Expense,CC0013,PC003,-34804.89,USD,6,2025
JRN0000103,2025-06-09,6200,Operating Expense,CC0006,PC006,-25026.75,USD,6,2025
JRN0000104,2026-09-21,4000,Revenue,CC0019,PC009,46500.91,USD,9,2026
JRN0000105,2026-10-16,6200,Operating Expense,CC0004,PC004,-41532.62,USD,10,2026
JRN0000106,2025-03-30,5000,COGS,CC0014,PC004,-48225.92,USD,3,2025
JRN0000107,2025-04-05,6200,Operating Expense,CC0003,PC003,-32021.34,USD,4,2025
JRN0000108,2025-01-25,6100,Operating Expense,CC0004,PC004,-43872.47,USD,1,2025
JRN0000109,2026-08-11,5000,COGS,CC0007,PC007,-20560.16,USD,8,2026
JRN0000110,2026-02-21,5000,COGS,CC0017,PC007,-7846.64,USD,2,2026
JRN0000111,2026-07-10,6200,Operating Expense,CC0016,PC006,-653.36,USD,7,2026
JRN0000112,2025-05-05,4000,Revenue,CC0001,PC001,27732.2,USD,5,2025
JRN0000113,2026-10-28,5000,COGS,CC0013,PC003,-40364.36,USD,10,2026
JRN0000114,2025-02-04,4000,Revenue,CC0014,PC004,18438.43,USD,2,2025
JRN0000115,2026-10-09,5000,COGS,CC0010,PC010,-27921.54,USD,10,2026
JRN0000116,2025-02-18,4000,Revenue,CC0012,PC002,10572.06,USD,2,2025
JRN0000117,2025-04-04,6100,Operating Expense,CC0006,PC006,-42896.65,USD,4,2025
JRN0000118,2025-06-23,6100,Operating Expense,CC0014,PC004,-5320.1,USD,6,2025
JRN0000119,2025-08-24,5000,COGS,CC0004,PC004,-4983.8,USD,8,2025
JRN0000120,2025-11-28,6200,Operating Expense,CC0012,PC002,-40314.04,USD,11,2025
JRN0000121,2025-05-13,6200,Operating Expense,CC0007,PC007,-30150.67,USD,5,2025
JRN0000122,2026-12-13,6200,Operating Expense,CC0002,PC002,-2933.27,USD,12,2026
JRN0000123,2025-04-08,6100,Operating Expense,CC0015,PC005,-39547.02,USD,4,2025
JRN0000124,2025-05-19,5000,COGS,CC0017,PC007,-10631.52,USD,5,2025
JRN0000125,2025-02-12,5000,COGS,CC0016,PC006,-45932.67,USD,2,2025
JRN0000126,2025-01-28,6100,Operating Expense,CC0019,PC009,-3240.4,USD,1,2025
JRN0000127,2025-01-03,6200,Operating Expense,CC0018,PC008,-40848.57,USD,1,2025
JRN0000128,2026-11-28,4000,Revenue,CC0004,PC004,6119.86,USD,11,2026
JRN0000129,2026-09-15,6100,Operating Expense,CC0012,PC002,-16190.62,USD,9,2026
JRN0000130,2026-08-18,6100,Operating Expense,CC0004,PC004,-28408.17,USD,8,2026
JRN0000131,2025-08-08,6200,Operating Expense,CC0002,PC002,-8207.84,USD,8,2025
JRN0000132,2025-01-09,5000,COGS,CC0009,PC009,-40544.11,USD,1,2025
JRN0000133,2026-11-07,6100,Operating Expense,CC0012,PC002,-48403.05,USD,11,2026
JRN0000134,2026-02-04,6100,Operating Expense,CC0001,PC001,-45949.06,USD,2,2026
JRN0000135,2025-09-04,5000,COGS,CC0019,PC009,-45700.26,USD,9,2025
JRN0000136,2025-12-09,6100,Operating Expense,CC0015,PC005,-8241.84,USD,12,2025
JRN0000137,2026-01-17,4000,Revenue,CC0012,PC002,40587.25,USD,1,2026
JRN0000138,2026-03-27,6200,Operating Expense,CC0006,PC006,-5809.85,USD,3,2026
JRN0000139,2026-09-19,6200,Operating Expense,CC0013,PC003,-3544.67,USD,9,2026
JRN0000140,2025-10-06,6100,Operating Expense,CC0017,PC007,-3866.61,USD,10,2025
JRN0000141,2025-04-06,5000,COGS,CC0009,PC009,-1807.49,USD,4,2025
JRN0000142,2025-08-10,6200,Operating Expense,CC0007,PC007,-38567.15,USD,8,2025
JRN0000143,2026-05-31,5000,COGS,CC0018,PC008,-48996.63,USD,5,2026
JRN0000144,2025-07-21,6200,Operating Expense,CC0020,PC010,-33386.69,USD,7,2025
JRN0000145,2025-09-19,6100,Operating Expense,CC0001,PC001,-34827.04,USD,9,2025
JRN0000146,2026-01-15,6100,Operating Expense,CC0003,PC003,-49460.22,USD,1,2026
JRN0000147,2025-08-09,6200,Operating Expense,CC0013,PC003,-36415.25,USD,8,2025
JRN0000148,2026-04-16,6200,Operating Expense,CC0006,PC006,-2250.13,USD,4,2026
JRN0000149,2025-09-13,4000,Revenue,CC0011,PC001,43144.85,USD,9,2025
JRN0000150,2026-06-29,6200,Operating Expense,CC0006,PC006,-21412.38,USD,6,2026
JRN0000151,2025-10-11,6200,Operating Expense,CC0017,PC007,-44232.49,USD,10,2025
JRN0000152,2026-01-22,4000,Revenue,CC0010,PC010,36565.52,USD,1,2026
JRN0000153,2026-03-25,6100,Operating Expense,CC0006,PC006,-604.26,USD,3,2026
JRN0000154,2026-10-09,5000,COGS,CC0001,PC001,-41156.64,USD,10,2026
JRN0000155,2025-02-28,5000,COGS,CC0014,PC004,-19530.89,USD,2,2025
JRN0000156,2025-06-25,5000,COGS,CC0004,PC004,-2307.05,USD,6,2025
JRN0000157,2026-05-15,6200,Operating Expense,CC0003,PC003,-18172.32,USD,5,2026
JRN0000158,2025-06-30,4000,Revenue,CC0004,PC004,39987.22,USD,6,2025
JRN0000159,2026-12-03,6200,Operating Expense,CC0015,PC005,-8259.16,USD,12,2026
JRN0000160,2025-03-28,5000,COGS,CC0005,PC005,-42595.6,USD,3,2025
JRN0000161,2026-03-21,6100,Operating Expense,CC0016,PC006,-7765.0,USD,3,2026
JRN0000162,2025-06-29,6100,Operating Expense,CC0003,PC003,-7573.06,USD,6,2025
JRN0000163,2025-09-09,4000,Revenue,CC0015,PC005,34233.46,USD,9,2025
JRN0000164,2025-08-09,4000,Revenue,CC0004,PC004,9049.59,USD,8,2025
JRN0000165,2026-02-09,4000,Revenue,CC0009,PC009,23572.2,USD,2,2026
JRN0000166,2026-09-19,6200,Operating Expense,CC0013,PC003,-23926.41,USD,9,2026
JRN0000167,2025-01-16,5000,COGS,CC0014,PC004,-34764.28,USD,1,2025
JRN0000168,2026-08-23,6200,Operating Expense,CC0014,PC004,-20416.44,USD,8,2026
JRN0000169,2025-10-25,6200,Operating Expense,CC0011,PC001,-6686.17,USD,10,2025
JRN0000170,2026-07-01,6100,Operating Expense,CC0017,PC007,-34537.98,USD,7,2026
JRN0000171,2025-11-11,4000,Revenue,CC0004,PC004,47665.54,USD,11,2025
JRN0000172,2026-09-14,5000,COGS,CC0006,PC006,-23198.75,USD,9,2026
JRN0000173,2026-01-25,6100,Operating Expense,CC0012,PC002,-22269.08,USD,1,2026
JRN0000174,2026-09-28,6100,Operating Expense,CC0003,PC003,-27022.43,USD,9,2026
JRN0000175,2026-11-15,4000,Revenue,CC0015,PC005,4319.54,USD,11,2026
JRN0000176,2025-07-21,6100,Operating Expense,CC0007,PC007,-32014.27,USD,7,2025
JRN0000177,2026-04-26,6200,Operating Expense,CC0013,PC003,-13964.22,USD,4,2026
JRN0000178,2025-07-17,6100,Operating Expense,CC0006,PC006,-30917.98,USD,7,2025
JRN0000179,2026-01-06,6200,Operating Expense,CC0007,PC007,-22249.94,USD,1,2026
JRN0000180,2026-05-12,4000,Revenue,CC0016,PC006,48202.5,USD,5,2026
JRN0000181,2025-05-12,6200,Operating Expense,CC0010,PC010,-30116.31,USD,5,2025
JRN0000182,2025-08-15,4000,Revenue,CC0016,PC006,24053.14,USD,8,2025
JRN0000183,2026-05-02,6100,Operating Expense,CC0011,PC001,-6524.88,USD,5,2026
JRN0000184,2026-11-27,6200,Operating Expense,CC0020,PC010,-30242.88,USD,11,2026
JRN0000185,2025-11-04,6100,Operating Expense,CC0009,PC009,-46173.03,USD,11,2025
JRN0000186,2026-02-01,4000,Revenue,CC0007,PC007,49116.83,USD,2,2026
JRN0000187,2025-11-19,4000,Revenue,CC0001,PC001,9900.2,USD,11,2025
JRN0000188,2025-01-30,4000,Revenue,CC0003,PC003,47736.38,USD,1,2025
JRN0000189,2025-04-25,6200,Operating Expense,CC0012,PC002,-43193.21,USD,4,2025
JRN0000190,2025-03-18,6100,Operating Expense,CC0010,PC010,-17362.73,USD,3,2025
JRN0000191,2025-05-12,5000,COGS,CC0004,PC004,-38662.22,USD,5,2025
JRN0000192,2025-07-06,6200,Operating Expense,CC0006,PC006,-13862.11,USD,7,2025
JRN0000193,2026-09-05,5000,COGS,CC0018,PC008,-6105.5,USD,9,2026
JRN0000194,2025-03-11,6200,Operating Expense,CC0011,PC001,-1323.97,USD,3,2025
JRN0000195,2025-01-06,6200,Operating Expense,CC0011,PC001,-41011.24,USD,1,2025
JRN0000196,2026-01-06,4000,Revenue,CC0003,PC003,23182.27,USD,1,2026
JRN0000197,2025-08-19,6100,Operating Expense,CC0006,PC006,-45744.0,USD,8,2025
JRN0000198,2026-07-12,6200,Operating Expense,CC0006,PC006,-16529.48,USD,7,2026
JRN0000199,2025-05-24,5000,COGS,CC0017,PC007,-36915.41,USD,5,2025
JRN0000200,2026-12-11,5000,COGS,CC0010,PC010,-38354.95,USD,12,2026
JRN0000201,2026-05-25,4000,Revenue,CC0002,PC002,849.75,USD,5,2026
JRN0000202,2025-10-05,5000,COGS,CC0004,PC004,-6432.75,USD,10,2025
JRN0000203,2026-01-28,6100,Operating Expense,CC0002,PC002,-11232.49,USD,1,2026
JRN0000204,2025-02-03,5000,COGS,CC0020,PC010,-29902.62,USD,2,2025
JRN0000205,2026-09-07,6100,Operating Expense,CC0011,PC001,-31027.49,USD,9,2026
JRN0000206,2026-10-17,5000,COGS,CC0002,PC002,-38232.29,USD,10,2026
JRN0000207,2025-10-23,6100,Operating Expense,CC0010,PC010,-24630.59,USD,10,2025
JRN0000208,2026-12-26,6100,Operating Expense,CC0002,PC002,-15817.43,USD,12,2026
JRN0000209,2026-10-09,5000,COGS,CC0020,PC010,-37469.83,USD,10,2026
JRN0000210,2026-03-19,6200,Operating Expense,CC0003,PC003,-17341.46,USD,3,2026
JRN0000211,2025-10-20,6100,Operating Expense,CC0002,PC002,-45506.89,USD,10,2025
JRN0000212,2026-01-24,6200,Operating Expense,CC0003,PC003,-14085.07,USD,1,2026
JRN0000213,2025-08-05,6100,Operating Expense,CC0015,PC005,-37118.54,USD,8,2025
JRN0000214,2026-11-19,6100,Operating Expense,CC0005,PC005,-30273.68,USD,11,2026
JRN0000215,2026-07-09,5000,COGS,CC0008,PC008,-43611.28,USD,7,2026
JRN0000216,2025-01-15,4000,Revenue,CC0012,PC002,34956.56,USD,1,2025
JRN0000217,2025-11-06,6200,Operating Expense,CC0001,PC001,-10878.11,USD,11,2025
JRN0000218,2025-03-22,6100,Operating Expense,CC0015,PC005,-17076.91,USD,3,2025
JRN0000219,2026-06-05,6200,Operating Expense,CC0016,PC006,-11594.44,USD,6,2026
JRN0000220,2026-03-13,6200,Operating Expense,CC0002,PC002,-24077.41,USD,3,2026
JRN0000221,2025-01-21,6100,Operating Expense,CC0012,PC002,-38946.38,USD,1,2025
JRN0000222,2026-12-31,5000,COGS,CC0014,PC004,-19957.76,USD,12,2026
JRN0000223,2025-06-20,5000,COGS,CC0005,PC005,-35765.79,USD,6,2025
JRN0000224,2025-07-12,5000,COGS,CC0011,PC001,-43550.58,USD,7,2025
JRN0000225,2025-01-09,4000,Revenue,CC0012,PC002,23584.17,USD,1,2025
JRN0000226,2026-12-23,6200,Operating Expense,CC0016,PC006,-10889.18,USD,12,2026
JRN0000227,2025-01-27,6100,Operating Expense,CC0006,PC006,-9335.83,USD,1,2025
JRN0000228,2026-06-26,6100,Operating Expense,CC0006,PC006,-49152.13,USD,6,2026
JRN0000229,2025-08-31,6200,Operating Expense,CC0015,PC005,-16060.53,USD,8,2025
JRN0000230,2026-06-09,6100,Operating Expense,CC0013,PC003,-20637.11,USD,6,2026
JRN0000231,2025-05-20,6100,Operating Expense,CC0013,PC003,-4405.67,USD,5,2025
JRN0000232,2025-03-06,4000,Revenue,CC0006,PC006,7497.69,USD,3,2025
JRN0000233,2025-11-18,4000,Revenue,CC0001,PC001,21259.94,USD,11,2025
JRN0000234,2026-11-28,6100,Operating Expense,CC0006,PC006,-44030.17,USD,11,2026
JRN0000235,2026-04-18,4000,Revenue,CC0005,PC005,29851.0,USD,4,2026
JRN0000236,2025-07-20,5000,COGS,CC0020,PC010,-27490.07,USD,7,2025
JRN0000237,2025-01-25,6100,Operating Expense,CC0019,PC009,-19730.23,USD,1,2025
JRN0000238,2025-06-06,6200,Operating Expense,CC0002,PC002,-29130.82,USD,6,2025
JRN0000239,2025-05-30,5000,COGS,CC0001,PC001,-6324.99,USD,5,2025
JRN0000240,2026-09-04,6100,Operating Expense,CC0019,PC009,-5044.46,USD,9,2026
JRN0000241,2026-05-02,6100,Operating Expense,CC0015,PC005,-47779.91,USD,5,2026
JRN0000242,2026-01-18,6200,Operating Expense,CC0013,PC003,-35918.38,USD,1,2026
JRN0000243,2025-05-09,5000,COGS,CC0001,PC001,-4401.35,USD,5,2025
JRN0000244,2026-07-08,5000,COGS,CC0006,PC006,-33796.65,USD,7,2026
JRN0000245,2026-07-01,5000,COGS,CC0020,PC010,-5591.51,USD,7,2026
JRN0000246,2025-09-09,6100,Operating Expense,CC0006,PC006,-38782.17,USD,9,2025
JRN0000247,2025-05-20,4000,Revenue,CC0012,PC002,43199.17,USD,5,2025
JRN0000248,2025-03-12,6200,Operating Expense,CC0003,PC003,-30802.01,USD,3,2025
JRN0000249,2025-01-24,6200,Operating Expense,CC0011,PC001,-38342.65,USD,1,2025
JRN0000250,2025-01-20,6100,Operating Expense,CC0018,PC008,-30324.71,USD,1,2025
JRN0000251,2026-05-11,5000,COGS,CC0020,PC010,-18512.14,USD,5,2026
JRN0000252,2026-06-18,5000,COGS,CC0018,PC008,-35309.66,USD,6,2026
JRN0000253,2026-10-23,4000,Revenue,CC0010,PC010,21880.11,USD,10,2026
JRN0000254,2026-08-28,4000,Revenue,CC0005,PC005,11533.26,USD,8,2026
JRN0000255,2025-10-03,4000,Revenue,CC0020,PC010,45794.86,USD,10,2025
JRN0000256,2025-12-27,6200,Operating Expense,CC0008,PC008,-9282.51,USD,12,2025
JRN0000257,2026-04-05,6100,Operating Expense,CC0011,PC001,-45637.97,USD,4,2026
JRN0000258,2026-02-05,6200,Operating Expense,CC0007,PC007,-18404.75,USD,2,2026
JRN0000259,2026-11-04,4000,Revenue,CC0017,PC007,17892.41,USD,11,2026
JRN0000260,2025-02-06,6100,Operating Expense,CC0006,PC006,-36960.18,USD,2,2025
JRN0000261,2026-08-19,6200,Operating Expense,CC0004,PC004,-48810.58,USD,8,2026
JRN0000262,2025-11-21,6200,Operating Expense,CC0016,PC006,-21071.99,USD,11,2025
JRN0000263,2025-04-24,4000,Revenue,CC0001,PC001,32771.94,USD,4,2025
JRN0000264,2026-01-10,5000,COGS,CC0017,PC007,-45698.96,USD,1,2026
JRN0000265,2026-08-09,6100,Operating Expense,CC0003,PC003,-19396.24,USD,8,2026
JRN0000266,2026-09-08,6100,Operating Expense,CC0011,PC001,-528.6,USD,9,2026
JRN0000267,2025-03-09,6200,Operating Expense,CC0005,PC005,-42136.87,USD,3,2025
JRN0000268,2026-10-03,5000,COGS,CC0009,PC009,-41135.77,USD,10,2026
JRN0000269,2025-01-24,4000,Revenue,CC0016,PC006,47476.01,USD,1,2025
JRN0000270,2026-01-31,6100,Operating Expense,CC0012,PC002,-7558.67,USD,1,2026
JRN0000271,2026-10-02,6200,Operating Expense,CC0011,PC001,-10852.32,USD,10,2026
JRN0000272,2026-05-21,6200,Operating Expense,CC0003,PC003,-6005.3,USD,5,2026
JRN0000273,2026-05-20,6100,Operating Expense,CC0013,PC003,-45732.66,USD,5,2026
JRN0000274,2026-06-16,5000,COGS,CC0009,PC009,-5201.02,USD,6,2026
JRN0000275,2026-06-01,4000,Revenue,CC0015,PC005,41274.53,USD,6,2026
JRN0000276,2025-05-21,6200,Operating Expense,CC0012,PC002,-3188.48,USD,5,2025
JRN0000277,2025-11-16,6100,Operating Expense,CC0013,PC003,-30543.48,USD,11,2025
JRN0000278,2025-08-18,4000,Revenue,CC0002,PC002,2336.22,USD,8,2025
JRN0000279,2025-10-20,6100,Operating Expense,CC0020,PC010,-18971.56,USD,10,2025
JRN0000280,2026-01-08,6200,Operating Expense,CC0020,PC010,-48877.79,USD,1,2026
JRN0000281,2025-11-08,6200,Operating Expense,CC0003,PC003,-46180.09,USD,11,2025
JRN0000282,2026-07-08,4000,Revenue,CC0015,PC005,33046.56,USD,7,2026
JRN0000283,2026-08-14,4000,Revenue,CC0014,PC004,7926.37,USD,8,2026
JRN0000284,2025-01-10,6100,Operating Expense,CC0008,PC008,-8562.18,USD,1,2025
JRN0000285,2026-07-31,6100,Operating Expense,CC0016,PC006,-31791.81,USD,7,2026
JRN0000286,2025-06-07,5000,COGS,CC0007,PC007,-815.65,USD,6,2025
JRN0000287,2026-04-07,6100,Operating Expense,CC0016,PC006,-38083.31,USD,4,2026
JRN0000288,2025-03-15,5000,COGS,CC0005,PC005,-18879.26,USD,3,2025
JRN0000289,2025-06-10,6200,Operating Expense,CC0002,PC002,-43456.4,USD,6,2025
JRN0000290,2025-01-23,4000,Revenue,CC0018,PC008,22816.68,USD,1,2025
JRN0000291,2026-02-24,5000,COGS,CC0018,PC008,-26011.07,USD,2,2026
JRN0000292,2026-06-22,6100,Operating Expense,CC0015,PC005,-43722.03,USD,6,2026
JRN0000293,2026-07-08,4000,Revenue,CC0020,PC010,19918.53,USD,7,2026
JRN0000294,2025-05-17,6100,Operating Expense,CC0019,PC009,-37693.0,USD,5,2025
JRN0000295,2026-09-15,6200,Operating Expense,CC0004,PC004,-20675.12,USD,9,2026
JRN0000296,2025-06-06,5000,COGS,CC0010,PC010,-12156.71,USD,6,2025
JRN0000297,2025-06-27,5000,COGS,CC0003,PC003,-9613.67,USD,6,2025
JRN0000298,2026-02-20,5000,COGS,CC0011,PC001,-42362.99,USD,2,2026
JRN0000299,2026-04-28,6100,Operating Expense,CC0020,PC010,-33314.26,USD,4,2026
JRN0000300,2026-09-04,6200,Operating Expense,CC0012,PC002,-29775.36,USD,9,2026
JRN0000301,2025-08-03,4000,Revenue,CC0013,PC003,36567.18,USD,8,2025
JRN0000302,2026-04-02,5000,COGS,CC0003,PC003,-10438.46,USD,4,2026
JRN0000303,2025-04-06,4000,Revenue,CC0019,PC009,40859.3,USD,4,2025
JRN0000304,2026-06-12,5000,COGS,CC0019,PC009,-11441.65,USD,6,2026
JRN0000305,2025-11-07,5000,COGS,CC0006,PC006,-11327.45,USD,11,2025
JRN0000306,2026-06-19,5000,COGS,CC0018,PC008,-3673.64,USD,6,2026
JRN0000307,2026-06-02,5000,COGS,CC0017,PC007,-33443.34,USD,6,2026
JRN0000308,2026-06-23,5000,COGS,CC0019,PC009,-34344.87,USD,6,2026
JRN0000309,2025-10-03,6100,Operating Expense,CC0001,PC001,-43788.21,USD,10,2025
JRN0000310,2026-06-13,5000,COGS,CC0002,PC002,-42658.01,USD,6,2026
JRN0000311,2026-05-14,6100,Operating Expense,CC0010,PC010,-12996.39,USD,5,2026
JRN0000312,2026-07-06,6200,Operating Expense,CC0014,PC004,-27778.91,USD,7,2026
JRN0000313,2025-06-25,5000,COGS,CC0020,PC010,-19649.83,USD,6,2025
JRN0000314,2025-05-04,5000,COGS,CC0016,PC006,-41425.52,USD,5,2025
JRN0000315,2026-06-03,4000,Revenue,CC0009,PC009,39416.83,USD,6,2026
JRN0000316,2026-06-19,6100,Operating Expense,CC0010,PC010,-13891.21,USD,6,2026
JRN0000317,2025-09-28,5000,COGS,CC0007,PC007,-49845.39,USD,9,2025
JRN0000318,2026-06-30,5000,COGS,CC0007,PC007,-20853.18,USD,6,2026
JRN0000319,2025-03-04,4000,Revenue,CC0016,PC006,9965.58,USD,3,2025
JRN0000320,2025-01-22,6100,Operating Expense,CC0019,PC009,-47499.16,USD,1,2025
JRN0000321,2026-01-24,4000,Revenue,CC0006,PC006,16602.51,USD,1,2026
JRN0000322,2026-04-26,5000,COGS,CC0012,PC002,-16647.92,USD,4,2026
JRN0000323,2026-05-29,6100,Operating Expense,CC0014,PC004,-13094.47,USD,5,2026
JRN0000324,2026-11-05,5000,COGS,CC0015,PC005,-3995.17,USD,11,2026
JRN0000325,2026-03-08,5000,COGS,CC0009,PC009,-38598.26,USD,3,2026
JRN0000326,2026-12-01,4000,Revenue,CC0016,PC006,21620.78,USD,12,2026
JRN0000327,2025-09-07,5000,COGS,CC0014,PC004,-1796.08,USD,9,2025
JRN0000328,2026-04-10,6100,Operating Expense,CC0007,PC007,-44711.18,USD,4,2026
JRN0000329,2025-05-27,4000,Revenue,CC0012,PC002,34435.75,USD,5,2025
JRN0000330,2025-10-12,6200,Operating Expense,CC0004,PC004,-29649.49,USD,10,2025
JRN0000331,2026-07-23,4000,Revenue,CC0002,PC002,17437.66,USD,7,2026
JRN0000332,2025-08-10,5000,COGS,CC0020,PC010,-34062.45,USD,8,2025
JRN0000333,2025-06-23,5000,COGS,CC0020,PC010,-37271.7,USD,6,2025
JRN0000334,2025-03-25,6200,Operating Expense,CC0015,PC005,-8647.36,USD,3,2025
JRN0000335,2025-06-06,5000,COGS,CC0009,PC009,-12085.34,USD,6,2025
JRN0000336,2026-01-13,5000,COGS,CC0008,PC008,-22524.52,USD,1,2026
JRN0000337,2026-01-30,4000,Revenue,CC0003,PC003,2788.63,USD,1,2026
JRN0000338,2025-07-15,4000,Revenue,CC0007,PC007,37083.64,USD,7,2025
JRN0000339,2025-12-18,6200,Operating Expense,CC0012,PC002,-11894.08,USD,12,2025
JRN0000340,2025-07-05,5000,COGS,CC0002,PC002,-26541.16,USD,7,2025
JRN0000341,2026-11-07,4000,Revenue,CC0011,PC001,29448.77,USD,11,2026
JRN0000342,2026-08-15,4000,Revenue,CC0005,PC005,3784.36,USD,8,2026
JRN0000343,2026-08-21,6200,Operating Expense,CC0011,PC001,-34421.52,USD,8,2026
JRN0000344,2026-07-03,4000,Revenue,CC0015,PC005,21798.2,USD,7,2026
JRN0000345,2025-06-29,4000,Revenue,CC0011,PC001,25492.06,USD,6,2025
JRN0000346,2025-08-04,6100,Operating Expense,CC0015,PC005,-8145.65,USD,8,2025
JRN0000347,2025-02-21,5000,COGS,CC0005,PC005,-24109.76,USD,2,2025
JRN0000348,2025-09-12,5000,COGS,CC0002,PC002,-28768.89,USD,9,2025
JRN0000349,2026-05-03,4000,Revenue,CC0003,PC003,35741.57,USD,5,2026
JRN0000350,2026-03-29,6200,Operating Expense,CC0014,PC004,-17692.61,USD,3,2026
JRN0000351,2026-05-27,6200,Operating Expense,CC0012,PC002,-312.54,USD,5,2026
JRN0000352,2026-11-14,5000,COGS,CC0017,PC007,-45422.25,USD,11,2026
JRN0000353,2026-01-08,6200,Operating Expense,CC0004,PC004,-9759.43,USD,1,2026
JRN0000354,2026-04-01,5000,COGS,CC0008,PC008,-33663.36,USD,4,2026
JRN0000355,2025-06-29,6200,Operating Expense,CC0003,PC003,-44756.54,USD,6,2025
JRN0000356,2026-02-02,4000,Revenue,CC0005,PC005,24275.46,USD,2,2026
JRN0000357,2026-01-20,5000,COGS,CC0006,PC006,-42643.39,USD,1,2026
JRN0000358,2025-03-02,6200,Operating Expense,CC0004,PC004,-25214.01,USD,3,2025
JRN0000359,2025-11-15,6100,Operating Expense,CC0011,PC001,-33395.52,USD,11,2025
JRN0000360,2025-09-30,6100,Operating Expense,CC0009,PC009,-33038.7,USD,9,2025
JRN0000361,2026-03-28,6200,Operating Expense,CC0007,PC007,-44562.78,USD,3,2026
JRN0000362,2026-07-23,5000,COGS,CC0013,PC003,-5551.23,USD,7,2026
JRN0000363,2026-05-23,4000,Revenue,CC0019,PC009,7277.86,USD,5,2026
JRN0000364,2026-02-07,6100,Operating Expense,CC0004,PC004,-40166.51,USD,2,2026
JRN0000365,2025-12-23,5000,COGS,CC0014,PC004,-15307.36,USD,12,2025
JRN0000366,2025-09-26,4000,Revenue,CC0009,PC009,29242.75,USD,9,2025
JRN0000367,2025-01-12,4000,Revenue,CC0007,PC007,38822.15,USD,1,2025
JRN0000368,2026-12-22,6200,Operating Expense,CC0006,PC006,-47212.34,USD,12,2026
JRN0000369,2026-08-18,5000,COGS,CC0017,PC007,-2059.81,USD,8,2026
JRN0000370,2026-04-03,4000,Revenue,CC0002,PC002,14616.28,USD,4,2026
JRN0000371,2025-11-10,6200,Operating Expense,CC0010,PC010,-45935.72,USD,11,2025
JRN0000372,2026-04-14,6200,Operating Expense,CC0004,PC004,-1329.08,USD,4,2026
JRN0000373,2025-11-24,6200,Operating Expense,CC0009,PC009,-18662.72,USD,11,2025
JRN0000374,2025-09-21,6100,Operating Expense,CC0006,PC006,-42950.3,USD,9,2025
JRN0000375,2025-05-27,6200,Operating Expense,CC0002,PC002,-1664.28,USD,5,2025
JRN0000376,2025-01-08,6100,Operating Expense,CC0007,PC007,-26452.62,USD,1,2025
JRN0000377,2025-03-31,5000,COGS,CC0006,PC006,-10401.25,USD,3,2025
JRN0000378,2025-01-05,6100,Operating Expense,CC0016,PC006,-44717.85,USD,1,2025
JRN0000379,2026-07-28,5000,COGS,CC0009,PC009,-49552.18,USD,7,2026
JRN0000380,2025-04-27,6200,Operating Expense,CC0019,PC009,-12971.43,USD,4,2025
JRN0000381,2025-10-10,6200,Operating Expense,CC0015,PC005,-13482.3,USD,10,2025
JRN0000382,2025-06-26,6200,Operating Expense,CC0019,PC009,-34989.75,USD,6,2025
JRN0000383,2026-10-19,5000,COGS,CC0004,PC004,-9165.9,USD,10,2026
JRN0000384,2026-06-23,6100,Operating Expense,CC0002,PC002,-6165.56,USD,6,2026
JRN0000385,2026-05-04,4000,Revenue,CC0012,PC002,36368.23,USD,5,2026
JRN0000386,2025-08-15,6100,Operating Expense,CC0017,PC007,-8654.13,USD,8,2025
JRN0000387,2025-03-12,4000,Revenue,CC0003,PC003,39271.96,USD,3,2025
JRN0000388,2026-07-17,5000,COGS,CC0012,PC002,-43141.02,USD,7,2026
JRN0000389,2026-04-30,5000,COGS,CC0018,PC008,-13144.32,USD,4,2026
JRN0000390,2026-02-21,6100,Operating Expense,CC0001,PC001,-40532.49,USD,2,2026
JRN0000391,2026-05-15,6200,Operating Expense,CC0014,PC004,-27597.36,USD,5,2026
JRN0000392,2026-12-02,4000,Revenue,CC0010,PC010,28562.24,USD,12,2026
JRN0000393,2025-01-16,4000,Revenue,CC0018,PC008,33968.99,USD,1,2025
JRN0000394,2026-03-20,6200,Operating Expense,CC0006,PC006,-1007.1,USD,3,2026
JRN0000395,2026-06-02,5000,COGS,CC0004,PC004,-13293.39,USD,6,2026
JRN0000396,2025-03-02,5000,COGS,CC0010,PC010,-8307.16,USD,3,2025
JRN0000397,2025-03-13,6100,Operating Expense,CC0012,PC002,-18369.23,USD,3,2025
JRN0000398,2025-05-18,4000,Revenue,CC0001,PC001,30122.79,USD,5,2025
JRN0000399,2025-10-16,5000,COGS,CC0012,PC002,-12868.54,USD,10,2025
JRN0000400,2025-01-15,6200,Operating Expense,CC0004,PC004,-3260.86,USD,1,2025
JRN0000401,2025-09-27,4000,Revenue,CC0004,PC004,6768.05,USD,9,2025
JRN0000402,2026-06-03,4000,Revenue,CC0015,PC005,37373.61,USD,6,2026
JRN0000403,2026-05-04,5000,COGS,CC0019,PC009,-25783.17,USD,5,2026
JRN0000404,2026-09-15,4000,Revenue,CC0002,PC002,38870.86,USD,9,2026
JRN0000405,2025-01-03,5000,COGS,CC0006,PC006,-43809.3,USD,1,2025
JRN0000406,2026-05-04,5000,COGS,CC0006,PC006,-2761.02,USD,5,2026
JRN0000407,2025-09-03,6100,Operating Expense,CC0014,PC004,-38760.43,USD,9,2025
JRN0000408,2026-03-13,5000,COGS,CC0008,PC008,-28492.36,USD,3,2026
JRN0000409,2025-07-14,6100,Operating Expense,CC0002,PC002,-27177.86,USD,7,2025
JRN0000410,2026-11-06,4000,Revenue,CC0004,PC004,8100.32,USD,11,2026
JRN0000411,2026-05-08,6200,Operating Expense,CC0019,PC009,-12839.19,USD,5,2026
JRN0000412,2025-05-13,4000,Revenue,CC0015,PC005,32661.11,USD,5,2025
JRN0000413,2025-12-06,6100,Operating Expense,CC0004,PC004,-11659.12,USD,12,2025
JRN0000414,2026-11-24,6100,Operating Expense,CC0003,PC003,-14520.37,USD,11,2026
JRN0000415,2026-08-04,6100,Operating Expense,CC0003,PC003,-46573.15,USD,8,2026
JRN0000416,2026-07-17,4000,Revenue,CC0014,PC004,10057.88,USD,7,2026
JRN0000417,2025-04-16,4000,Revenue,CC0002,PC002,2490.08,USD,4,2025
JRN0000418,2025-08-18,4000,Revenue,CC0017,PC007,49290.72,USD,8,2025
JRN0000419,2026-07-09,4000,Revenue,CC0014,PC004,44301.81,USD,7,2026
JRN0000420,2025-07-28,6200,Operating Expense,CC0014,PC004,-1635.39,USD,7,2025
JRN0000421,2026-12-03,6200,Operating Expense,CC0007,PC007,-39144.64,USD,12,2026
JRN0000422,2026-03-17,5000,COGS,CC0003,PC003,-7295.25,USD,3,2026
JRN0000423,2026-08-14,5000,COGS,CC0011,PC001,-21807.96,USD,8,2026
JRN0000424,2025-06-09,5000,COGS,CC0013,PC003,-28624.91,USD,6,2025
JRN0000425,2026-11-19,6200,Operating Expense,CC0020,PC010,-13506.65,USD,11,2026
JRN0000426,2026-10-14,4000,Revenue,CC0001,PC001,6662.46,USD,10,2026
JRN0000427,2026-06-05,6100,Operating Expense,CC0002,PC002,-48684.23,USD,6,2026
JRN0000428,2026-01-16,6100,Operating Expense,CC0006,PC006,-15930.04,USD,1,2026
JRN0000429,2026-06-25,6100,Operating Expense,CC0014,PC004,-23118.57,USD,6,2026
JRN0000430,2025-04-07,6200,Operating Expense,CC0020,PC010,-8317.88,USD,4,2025
JRN0000431,2026-12-24,4000,Revenue,CC0017,PC007,9102.32,USD,12,2026
JRN0000432,2025-06-18,6100,Operating Expense,CC0015,PC005,-3982.53,USD,6,2025
JRN0000433,2026-06-22,6200,Operating Expense,CC0019,PC009,-18550.58,USD,6,2026
JRN0000434,2025-06-06,6100,Operating Expense,CC0005,PC005,-21941.6,USD,6,2025
JRN0000435,2025-11-10,5000,COGS,CC0008,PC008,-4246.62,USD,11,2025
JRN0000436,2026-01-30,6200,Operating Expense,CC0005,PC005,-24932.49,USD,1,2026
JRN0000437,2026-11-09,6200,Operating Expense,CC0017,PC007,-5359.19,USD,11,2026
JRN0000438,2026-11-10,4000,Revenue,CC0003,PC003,15829.13,USD,11,2026
JRN0000439,2025-09-03,4000,Revenue,CC0015,PC005,36318.95,USD,9,2025
JRN0000440,2026-10-19,6100,Operating Expense,CC0017,PC007,-27529.42,USD,10,2026
JRN0000441,2025-08-17,4000,Revenue,CC0009,PC009,15908.26,USD,8,2025
JRN0000442,2025-03-24,6200,Operating Expense,CC0017,PC007,-9835.64,USD,3,2025
JRN0000443,2026-01-18,6100,Operating Expense,CC0005,PC005,-10229.76,USD,1,2026
JRN0000444,2026-08-07,6200,Operating Expense,CC0012,PC002,-18583.74,USD,8,2026
JRN0000445,2026-05-04,6100,Operating Expense,CC0001,PC001,-19505.57,USD,5,2026
JRN0000446,2026-09-19,5000,COGS,CC0013,PC003,-6753.45,USD,9,2026
JRN0000447,2025-11-15,5000,COGS,CC0018,PC008,-1552.16,USD,11,2025
JRN0000448,2025-06-30,4000,Revenue,CC0005,PC005,11632.75,USD,6,2025
JRN0000449,2025-12-12,6200,Operating Expense,CC0002,PC002,-33497.26,USD,12,2025
JRN0000450,2026-09-19,5000,COGS,CC0015,PC005,-24064.53,USD,9,2026
JRN0000451,2025-08-26,6200,Operating Expense,CC0005,PC005,-31690.55,USD,8,2025
JRN0000452,2025-12-02,5000,COGS,CC0020,PC010,-13288.15,USD,12,2025
JRN0000453,2026-12-14,5000,COGS,CC0007,PC007,-7381.07,USD,12,2026
JRN0000454,2025-09-23,6200,Operating Expense,CC0001,PC001,-46128.69,USD,9,2025
JRN0000455,2026-09-18,6100,Operating Expense,CC0008,PC008,-14091.28,USD,9,2026
JRN0000456,2025-06-02,5000,COGS,CC0015,PC005,-19555.62,USD,6,2025
JRN0000457,2026-06-04,6200,Operating Expense,CC0004,PC004,-23829.54,USD,6,2026
JRN0000458,2026-05-21,5000,COGS,CC0013,PC003,-24681.96,USD,5,2026
JRN0000459,2026-08-07,6100,Operating Expense,CC0012,PC002,-30203.47,USD,8,2026
JRN0000460,2025-01-04,4000,Revenue,CC0013,PC003,25118.04,USD,1,2025
JRN0000461,2026-11-03,6100,Operating Expense,CC0012,PC002,-21887.04,USD,11,2026
JRN0000462,2025-05-07,6200,Operating Expense,CC0006,PC006,-3770.3,USD,5,2025
JRN0000463,2026-05-24,6100,Operating Expense,CC0014,PC004,-32658.49,USD,5,2026
JRN0000464,2026-07-07,4000,Revenue,CC0004,PC004,15849.34,USD,7,2026
JRN0000465,2026-06-28,5000,COGS,CC0011,PC001,-46226.72,USD,6,2026
JRN0000466,2025-05-04,6100,Operating Expense,CC0020,PC010,-20397.37,USD,5,2025
JRN0000467,2026-11-02,6100,Operating Expense,CC0004,PC004,-44794.22,USD,11,2026
JRN0000468,2026-05-06,6100,Operating Expense,CC0004,PC004,-25034.35,USD,5,2026
JRN0000469,2025-04-02,4000,Revenue,CC0017,PC007,27619.86,USD,4,2025
JRN0000470,2026-03-16,4000,Revenue,CC0008,PC008,23075.35,USD,3,2026
JRN0000471,2026-10-20,5000,COGS,CC0014,PC004,-33395.45,USD,10,2026
JRN0000472,2026-04-16,5000,COGS,CC0004,PC004,-7570.63,USD,4,2026
JRN0000473,2025-04-14,6100,Operating Expense,CC0016,PC006,-18030.84,USD,4,2025
JRN0000474,2026-08-06,4000,Revenue,CC0007,PC007,27144.35,USD,8,2026
JRN0000475,2025-08-26,5000,COGS,CC0015,PC005,-40353.65,USD,8,2025
JRN0000476,2025-10-03,6100,Operating Expense,CC0003,PC003,-44802.26,USD,10,2025
JRN0000477,2025-01-19,6200,Operating Expense,CC0014,PC004,-33455.11,USD,1,2025
JRN0000478,2026-03-18,6100,Operating Expense,CC0015,PC005,-46173.97,USD,3,2026
JRN0000479,2025-01-26,5000,COGS,CC0020,PC010,-35224.7,USD,1,2025
JRN0000480,2026-08-04,4000,Revenue,CC0016,PC006,25986.2,USD,8,2026
JRN0000481,2025-11-07,6200,Operating Expense,CC0010,PC010,-2099.83,USD,11,2025
JRN0000482,2025-11-13,6100,Operating Expense,CC0001,PC001,-45680.33,USD,11,2025
JRN0000483,2026-07-27,5000,COGS,CC0009,PC009,-6347.9,USD,7,2026
JRN0000484,2026-11-15,6100,Operating Expense,CC0011,PC001,-34360.42,USD,11,2026
JRN0000485,2026-05-03,6100,Operating Expense,CC0019,PC009,-28311.06,USD,5,2026
JRN0000486,2025-07-15,6100,Operating Expense,CC0019,PC009,-10090.07,USD,7,2025
JRN0000487,2026-07-31,6200,Operating Expense,CC0010,PC010,-37966.1,USD,7,2026
JRN0000488,2026-10-16,6100,Operating Expense,CC0006,PC006,-16559.53,USD,10,2026
JRN0000489,2025-07-03,5000,COGS,CC0020,PC010,-3910.96,USD,7,2025
JRN0000490,2026-02-13,5000,COGS,CC0010,PC010,-32180.41,USD,2,2026
JRN0000491,2026-07-04,6200,Operating Expense,CC0005,PC005,-40707.18,USD,7,2026
JRN0000492,2025-03-18,6200,Operating Expense,CC0004,PC004,-6711.48,USD,3,2025
JRN0000493,2026-07-09,5000,COGS,CC0020,PC010,-32647.39,USD,7,2026
JRN0000494,2025-04-16,5000,COGS,CC0019,PC009,-17578.9,USD,4,2025
JRN0000495,2025-09-06,5000,COGS,CC0017,PC007,-45614.78,USD,9,2025
JRN0000496,2025-05-30,5000,COGS,CC0007,PC007,-33806.54,USD,5,2025
JRN0000497,2025-03-22,6200,Operating Expense,CC0019,PC009,-31888.37,USD,3,2025
JRN0000498,2025-02-26,6200,Operating Expense,CC0004,PC004,-47520.57,USD,2,2025
JRN0000499,2026-01-28,6100,Operating Expense,CC0010,PC010,-37690.9,USD,1,2026
JRN0000500,2026-09-21,5000,COGS,CC0007,PC007,-766.82,USD,9,2026
JRN0000501,2025-05-05,4000,Revenue,CC0014,PC004,49393.62,USD,5,2025
JRN0000502,2026-11-10,6200,Operating Expense,CC0009,PC009,-16276.99,USD,11,2026
JRN0000503,2025-07-03,6100,Operating Expense,CC0018,PC008,-22958.22,USD,7,2025
JRN0000504,2026-05-06,6100,Operating Expense,CC0016,PC006,-16482.13,USD,5,2026
JRN0000505,2025-04-18,4000,Revenue,CC0015,PC005,33901.19,USD,4,2025
JRN0000506,2026-01-18,6100,Operating Expense,CC0006,PC006,-32479.25,USD,1,2026
JRN0000507,2026-07-10,6100,Operating Expense,CC0002,PC002,-37934.65,USD,7,2026
JRN0000508,2025-06-17,5000,COGS,CC0008,PC008,-14718.0,USD,6,2025
JRN0000509,2026-04-22,5000,COGS,CC0019,PC009,-24668.07,USD,4,2026
JRN0000510,2026-10-22,6100,Operating Expense,CC0012,PC002,-16433.09,USD,10,2026
JRN0000511,2026-11-21,4000,Revenue,CC0015,PC005,24300.39,USD,11,2026
JRN0000512,2026-08-24,4000,Revenue,CC0002,PC002,35668.92,USD,8,2026
JRN0000513,2025-03-19,6200,Operating Expense,CC0014,PC004,-2294.72,USD,3,2025
JRN0000514,2025-10-11,6200,Operating Expense,CC0018,PC008,-1747.75,USD,10,2025
JRN0000515,2025-12-22,6200,Operating Expense,CC0010,PC010,-24403.95,USD,12,2025
JRN0000516,2025-01-21,6100,Operating Expense,CC0018,PC008,-44689.82,USD,1,2025
JRN0000517,2026-12-02,4000,Revenue,CC0007,PC007,45516.59,USD,12,2026
JRN0000518,2025-07-25,6100,Operating Expense,CC0007,PC007,-44294.54,USD,7,2025
JRN0000519,2026-04-22,6100,Operating Expense,CC0002,PC002,-14972.37,USD,4,2026
JRN0000520,2025-03-16,5000,COGS,CC0003,PC003,-7918.67,USD,3,2025
JRN0000521,2025-01-21,5000,COGS,CC0004,PC004,-38007.36,USD,1,2025
JRN0000522,2025-10-28,4000,Revenue,CC0014,PC004,19059.44,USD,10,2025
JRN0000523,2026-09-20,4000,Revenue,CC0010,PC010,32530.5,USD,9,2026
JRN0000524,2026-09-15,4000,Revenue,CC0003,PC003,36127.33,USD,9,2026
JRN0000525,2025-04-05,4000,Revenue,CC0012,PC002,28491.41,USD,4,2025
JRN0000526,2025-10-30,6100,Operating Expense,CC0005,PC005,-41357.75,USD,10,2025
JRN0000527,2025-07-13,6200,Operating Expense,CC0003,PC003,-35370.4,USD,7,2025
JRN0000528,2026-04-25,5000,COGS,CC0014,PC004,-43390.32,USD,4,2026
JRN0000529,2026-11-01,6200,Operating Expense,CC0017,PC007,-23641.89,USD,11,2026
JRN0000530,2025-01-01,6200,Operating Expense,CC0006,PC006,-45117.07,USD,1,2025
JRN0000531,2025-09-12,5000,COGS,CC0018,PC008,-14711.13,USD,9,2025
JRN0000532,2025-08-12,6100,Operating Expense,CC0018,PC008,-20584.87,USD,8,2025
JRN0000533,2025-04-13,6200,Operating Expense,CC0004,PC004,-36287.16,USD,4,2025
JRN0000534,2026-04-06,5000,COGS,CC0004,PC004,-11829.54,USD,4,2026
JRN0000535,2026-04-24,4000,Revenue,CC0017,PC007,28338.4,USD,4,2026
JRN0000536,2025-09-03,6200,Operating Expense,CC0017,PC007,-27642.95,USD,9,2025
JRN0000537,2025-06-25,6200,Operating Expense,CC0007,PC007,-25648.54,USD,6,2025
JRN0000538,2025-08-07,6200,Operating Expense,CC0014,PC004,-23405.13,USD,8,2025
JRN0000539,2026-02-12,4000,Revenue,CC0002,PC002,36906.13,USD,2,2026
JRN0000540,2026-12-16,4000,Revenue,CC0013,PC003,24286.48,USD,12,2026
JRN0000541,2025-05-16,6200,Operating Expense,CC0019,PC009,-678.99,USD,5,2025
JRN0000542,2026-04-02,6200,Operating Expense,CC0010,PC010,-44575.86,USD,4,2026
JRN0000543,2025-05-13,6200,Operating Expense,CC0008,PC008,-48238.26,USD,5,2025
JRN0000544,2025-07-04,5000,COGS,CC0012,PC002,-38672.92,USD,7,2025
JRN0000545,2025-12-20,4000,Revenue,CC0019,PC009,31116.87,USD,12,2025
JRN0000546,2025-11-10,4000,Revenue,CC0015,PC005,16671.59,USD,11,2025
JRN0000547,2026-08-04,6200,Operating Expense,CC0002,PC002,-3203.73,USD,8,2026
JRN0000548,2026-09-02,4000,Revenue,CC0015,PC005,44084.15,USD,9,2026
JRN0000549,2025-04-03,6100,Operating Expense,CC0020,PC010,-37545.56,USD,4,2025
JRN0000550,2025-08-11,6100,Operating Expense,CC0018,PC008,-18050.75,USD,8,2025
JRN0000551,2025-11-17,6100,Operating Expense,CC0009,PC009,-20510.52,USD,11,2025
JRN0000552,2025-12-11,5000,COGS,CC0016,PC006,-4859.52,USD,12,2025
JRN0000553,2025-07-05,4000,Revenue,CC0017,PC007,29591.56,USD,7,2025
JRN0000554,2025-08-08,4000,Revenue,CC0010,PC010,8965.8,USD,8,2025
JRN0000555,2026-09-23,6200,Operating Expense,CC0018,PC008,-24237.0,USD,9,2026
JRN0000556,2026-09-25,4000,Revenue,CC0004,PC004,38666.59,USD,9,2026
JRN0000557,2025-04-19,6200,Operating Expense,CC0019,PC009,-2717.31,USD,4,2025
JRN0000558,2025-04-29,5000,COGS,CC0019,PC009,-19550.44,USD,4,2025
JRN0000559,2026-03-25,6100,Operating Expense,CC0019,PC009,-12225.02,USD,3,2026
JRN0000560,2025-08-11,5000,COGS,CC0011,PC001,-42479.62,USD,8,2025
JRN0000561,2026-05-11,4000,Revenue,CC0006,PC006,36474.95,USD,5,2026
JRN0000562,2025-12-19,5000,COGS,CC0014,PC004,-23513.64,USD,12,2025
JRN0000563,2025-08-31,6200,Operating Expense,CC0007,PC007,-24207.63,USD,8,2025
JRN0000564,2026-01-09,4000,Revenue,CC0019,PC009,29651.84,USD,1,2026
JRN0000565,2025-05-06,6200,Operating Expense,CC0020,PC010,-34795.71,USD,5,2025
JRN0000566,2025-05-06,4000,Revenue,CC0017,PC007,31791.81,USD,5,2025
JRN0000567,2026-09-10,6200,Operating Expense,CC0011,PC001,-25019.76,USD,9,2026
JRN0000568,2025-03-24,6100,Operating Expense,CC0017,PC007,-19946.46,USD,3,2025
JRN0000569,2026-09-24,6200,Operating Expense,CC0018,PC008,-38150.91,USD,9,2026
JRN0000570,2026-01-03,4000,Revenue,CC0015,PC005,23048.48,USD,1,2026
JRN0000571,2026-05-09,5000,COGS,CC0001,PC001,-26113.6,USD,5,2026
JRN0000572,2026-05-25,6100,Operating Expense,CC0019,PC009,-30162.69,USD,5,2026
JRN0000573,2026-10-12,5000,COGS,CC0005,PC005,-36564.87,USD,10,2026
JRN0000574,2026-02-27,6100,Operating Expense,CC0009,PC009,-44650.65,USD,2,2026
JRN0000575,2026-06-02,6200,Operating Expense,CC0018,PC008,-11070.73,USD,6,2026
JRN0000576,2025-04-03,5000,COGS,CC0008,PC008,-41869.79,USD,4,2025
JRN0000577,2026-04-02,4000,Revenue,CC0018,PC008,35891.53,USD,4,2026
JRN0000578,2025-07-06,4000,Revenue,CC0016,PC006,38461.5,USD,7,2025
JRN0000579,2026-07-01,4000,Revenue,CC0017,PC007,33580.72,USD,7,2026
JRN0000580,2026-04-20,6100,Operating Expense,CC0010,PC010,-38997.65,USD,4,2026
JRN0000581,2026-11-01,5000,COGS,CC0004,PC004,-39108.8,USD,11,2026
JRN0000582,2026-05-08,5000,COGS,CC0010,PC010,-27945.7,USD,5,2026
JRN0000583,2026-06-20,4000,Revenue,CC0014,PC004,28157.21,USD,6,2026
JRN0000584,2026-02-23,4000,Revenue,CC0005,PC005,26090.03,USD,2,2026
JRN0000585,2026-04-17,4000,Revenue,CC0001,PC001,43032.47,USD,4,2026
JRN0000586,2026-03-30,6100,Operating Expense,CC0015,PC005,-26046.21,USD,3,2026
JRN0000587,2026-10-29,4000,Revenue,CC0004,PC004,4062.46,USD,10,2026
JRN0000588,2025-04-20,6200,Operating Expense,CC0011,PC001,-42854.82,USD,4,2025
JRN0000589,2026-11-05,5000,COGS,CC0013,PC003,-14850.7,USD,11,2026
JRN0000590,2026-01-24,4000,Revenue,CC0005,PC005,12393.37,USD,1,2026
JRN0000591,2025-03-28,4000,Revenue,CC0019,PC009,2888.03,USD,3,2025
JRN0000592,2025-04-02,6100,Operating Expense,CC0009,PC009,-8679.09,USD,4,2025
JRN0000593,2026-06-08,5000,COGS,CC0008,PC008,-28592.52,USD,6,2026
JRN0000594,2026-02-25,6100,Operating Expense,CC0006,PC006,-22275.99,USD,2,2026
JRN0000595,2026-02-16,5000,COGS,CC0004,PC004,-4116.43,USD,2,2026
JRN0000596,2025-09-25,6100,Operating Expense,CC0001,PC001,-44904.72,USD,9,2025
JRN0000597,2026-06-12,6200,Operating Expense,CC0010,PC010,-46653.3,USD,6,2026
JRN0000598,2026-09-02,6200,Operating Expense,CC0013,PC003,-5109.55,USD,9,2026
JRN0000599,2026-10-27,6100,Operating Expense,CC0001,PC001,-29595.07,USD,10,2026
JRN0000600,2025-06-27,5000,COGS,CC0003,PC003,-44926.23,USD,6,2025
JRN0000601,2026-04-26,6200,Operating Expense,CC0014,PC004,-6999.4,USD,4,2026
JRN0000602,2025-11-30,6200,Operating Expense,CC0002,PC002,-39398.39,USD,11,2025
JRN0000603,2025-12-21,6100,Operating Expense,CC0014,PC004,-41354.96,USD,12,2025
JRN0000604,2025-01-05,6100,Operating Expense,CC0005,PC005,-13656.89,USD,1,2025
JRN0000605,2025-08-11,6200,Operating Expense,CC0018,PC008,-40333.04,USD,8,2025
JRN0000606,2026-02-14,4000,Revenue,CC0010,PC010,21394.73,USD,2,2026
JRN0000607,2026-05-25,6200,Operating Expense,CC0010,PC010,-12778.53,USD,5,2026
JRN0000608,2026-09-24,4000,Revenue,CC0012,PC002,38905.36,USD,9,2026
JRN0000609,2025-09-28,4000,Revenue,CC0010,PC010,35160.57,USD,9,2025
JRN0000610,2025-07-13,6200,Operating Expense,CC0008,PC008,-29350.62,USD,7,2025
JRN0000611,2025-03-18,6100,Operating Expense,CC0005,PC005,-42007.89,USD,3,2025
JRN0000612,2026-02-23,4000,Revenue,CC0005,PC005,42949.45,USD,2,2026
JRN0000613,2025-11-02,6100,Operating Expense,CC0013,PC003,-33632.99,USD,11,2025
JRN0000614,2025-05-23,5000,COGS,CC0014,PC004,-795.85,USD,5,2025
JRN0000615,2026-01-20,6100,Operating Expense,CC0009,PC009,-11678.06,USD,1,2026
JRN0000616,2026-11-16,6100,Operating Expense,CC0017,PC007,-12772.95,USD,11,2026
JRN0000617,2025-03-21,6200,Operating Expense,CC0015,PC005,-48866.15,USD,3,2025
JRN0000618,2025-09-26,4000,Revenue,CC0002,PC002,18522.27,USD,9,2025
JRN0000619,2025-12-02,6100,Operating Expense,CC0008,PC008,-13427.07,USD,12,2025
JRN0000620,2026-07-24,4000,Revenue,CC0009,PC009,6518.96,USD,7,2026
JRN0000621,2025-04-07,6100,Operating Expense,CC0013,PC003,-23091.8,USD,4,2025
JRN0000622,2026-07-01,5000,COGS,CC0019,PC009,-23938.41,USD,7,2026
JRN0000623,2025-01-08,5000,COGS,CC0019,PC009,-29505.76,USD,1,2025
JRN0000624,2025-05-03,4000,Revenue,CC0007,PC007,9580.21,USD,5,2025
JRN0000625,2026-07-10,4000,Revenue,CC0012,PC002,1251.53,USD,7,2026
JRN0000626,2026-08-06,4000,Revenue,CC0008,PC008,43177.79,USD,8,2026
JRN0000627,2026-07-03,4000,Revenue,CC0019,PC009,35826.56,USD,7,2026
JRN0000628,2026-10-18,6100,Operating Expense,CC0006,PC006,-44446.96,USD,10,2026
JRN0000629,2026-06-01,6200,Operating Expense,CC0006,PC006,-38142.75,USD,6,2026
JRN0000630,2026-10-17,6100,Operating Expense,CC0010,PC010,-12976.08,USD,10,2026
JRN0000631,2025-10-30,6200,Operating Expense,CC0020,PC010,-38968.7,USD,10,2025
JRN0000632,2026-11-03,4000,Revenue,CC0014,PC004,44649.14,USD,11,2026
JRN0000633,2025-07-06,6100,Operating Expense,CC0010,PC010,-26642.93,USD,7,2025
JRN0000634,2026-09-20,5000,COGS,CC0016,PC006,-15318.88,USD,9,2026
JRN0000635,2026-08-14,6200,Operating Expense,CC0002,PC002,-17641.1,USD,8,2026
JRN0000636,2025-09-19,4000,Revenue,CC0005,PC005,32332.87,USD,9,2025
JRN0000637,2026-09-14,6100,Operating Expense,CC0015,PC005,-9066.01,USD,9,2026
JRN0000638,2025-12-07,4000,Revenue,CC0010,PC010,29533.38,USD,12,2025
JRN0000639,2025-09-03,4000,Revenue,CC0002,PC002,47496.49,USD,9,2025
JRN0000640,2025-12-25,5000,COGS,CC0020,PC010,-39597.18,USD,12,2025
JRN0000641,2026-07-07,6100,Operating Expense,CC0005,PC005,-49993.53,USD,7,2026
JRN0000642,2025-11-04,6200,Operating Expense,CC0005,PC005,-5265.04,USD,11,2025
JRN0000643,2026-05-22,6200,Operating Expense,CC0006,PC006,-12409.69,USD,5,2026
JRN0000644,2026-01-24,6200,Operating Expense,CC0013,PC003,-1473.49,USD,1,2026
JRN0000645,2026-08-22,4000,Revenue,CC0018,PC008,14441.46,USD,8,2026
JRN0000646,2026-07-08,5000,COGS,CC0002,PC002,-40623.57,USD,7,2026
JRN0000647,2025-09-15,6200,Operating Expense,CC0020,PC010,-9227.65,USD,9,2025
JRN0000648,2026-04-20,6200,Operating Expense,CC0002,PC002,-28862.7,USD,4,2026
JRN0000649,2026-02-13,5000,COGS,CC0007,PC007,-9527.81,USD,2,2026
JRN0000650,2026-08-08,6200,Operating Expense,CC0017,PC007,-26253.08,USD,8,2026
JRN0000651,2026-01-28,6200,Operating Expense,CC0006,PC006,-2440.69,USD,1,2026
JRN0000652,2026-04-23,6100,Operating Expense,CC0013,PC003,-32311.94,USD,4,2026
JRN0000653,2025-03-07,5000,COGS,CC0017,PC007,-47610.34,USD,3,2025
JRN0000654,2026-07-17,6100,Operating Expense,CC0006,PC006,-31063.27,USD,7,2026
JRN0000655,2026-03-04,6100,Operating Expense,CC0016,PC006,-29937.24,USD,3,2026
JRN0000656,2025-11-21,4000,Revenue,CC0012,PC002,3072.61,USD,11,2025
JRN0000657,2025-08-08,6100,Operating Expense,CC0012,PC002,-32216.45,USD,8,2025
JRN0000658,2025-01-09,6100,Operating Expense,CC0016,PC006,-48971.89,USD,1,2025
JRN0000659,2025-03-05,5000,COGS,CC0016,PC006,-36076.8,USD,3,2025
JRN0000660,2025-12-09,5000,COGS,CC0001,PC001,-34331.27,USD,12,2025
JRN0000661,2025-09-30,4000,Revenue,CC0019,PC009,29167.51,USD,9,2025
JRN0000662,2025-12-08,5000,COGS,CC0010,PC010,-31334.98,USD,12,2025
JRN0000663,2026-10-21,5000,COGS,CC0001,PC001,-32241.52,USD,10,2026
JRN0000664,2026-02-21,4000,Revenue,CC0002,PC002,26050.12,USD,2,2026
JRN0000665,2025-08-07,6200,Operating Expense,CC0013,PC003,-46805.23,USD,8,2025
JRN0000666,2026-12-30,4000,Revenue,CC0006,PC006,11727.98,USD,12,2026
JRN0000667,2025-08-24,4000,Revenue,CC0004,PC004,22953.15,USD,8,2025
JRN0000668,2026-09-02,6100,Operating Expense,CC0014,PC004,-8324.97,USD,9,2026
JRN0000669,2026-02-12,4000,Revenue,CC0012,PC002,44651.97,USD,2,2026
JRN0000670,2026-01-26,6200,Operating Expense,CC0012,PC002,-11704.6,USD,1,2026
JRN0000671,2026-02-24,4000,Revenue,CC0005,PC005,28412.6,USD,2,2026
JRN0000672,2025-03-13,6100,Operating Expense,CC0002,PC002,-25352.14,USD,3,2025
JRN0000673,2026-01-05,6100,Operating Expense,CC0016,PC006,-25317.41,USD,1,2026
JRN0000674,2025-04-22,6100,Operating Expense,CC0003,PC003,-40728.24,USD,4,2025
JRN0000675,2025-12-08,6200,Operating Expense,CC0016,PC006,-45134.57,USD,12,2025
JRN0000676,2026-06-12,6200,Operating Expense,CC0008,PC008,-29523.35,USD,6,2026
JRN0000677,2025-07-07,5000,COGS,CC0007,PC007,-17504.63,USD,7,2025
JRN0000678,2026-08-19,4000,Revenue,CC0020,PC010,36679.39,USD,8,2026
JRN0000679,2026-04-11,4000,Revenue,CC0002,PC002,2096.09,USD,4,2026
JRN0000680,2026-10-06,6200,Operating Expense,CC0005,PC005,-12817.5,USD,10,2026
JRN0000681,2025-07-09,5000,COGS,CC0013,PC003,-37855.24,USD,7,2025
JRN0000682,2025-05-21,5000,COGS,CC0004,PC004,-4329.61,USD,5,2025
JRN0000683,2026-09-25,6100,Operating Expense,CC0013,PC003,-10481.2,USD,9,2026
JRN0000684,2026-01-25,5000,COGS,CC0020,PC010,-22029.91,USD,1,2026
JRN0000685,2026-02-24,6100,Operating Expense,CC0009,PC009,-44495.34,USD,2,2026
JRN0000686,2026-06-13,5000,COGS,CC0016,PC006,-23085.68,USD,6,2026
JRN0000687,2026-04-02,5000,COGS,CC0017,PC007,-16283.27,USD,4,2026
JRN0000688,2026-11-28,6200,Operating Expense,CC0018,PC008,-49760.35,USD,11,2026
JRN0000689,2026-12-17,5000,COGS,CC0012,PC002,-10682.25,USD,12,2026
JRN0000690,2025-07-15,4000,Revenue,CC0013,PC003,46190.44,USD,7,2025
JRN0000691,2025-05-14,6200,Operating Expense,CC0014,PC004,-22887.21,USD,5,2025
JRN0000692,2026-09-06,5000,COGS,CC0017,PC007,-27519.08,USD,9,2026
JRN0000693,2026-07-09,4000,Revenue,CC0018,PC008,7879.72,USD,7,2026
JRN0000694,2025-11-19,6200,Operating Expense,CC0018,PC008,-7172.89,USD,11,2025
JRN0000695,2025-03-25,6200,Operating Expense,CC0004,PC004,-18795.26,USD,3,2025
JRN0000696,2026-09-04,6100,Operating Expense,CC0014,PC004,-3009.44,USD,9,2026
JRN0000697,2026-02-21,6200,Operating Expense,CC0005,PC005,-28332.59,USD,2,2026
JRN0000698,2026-08-06,4000,Revenue,CC0019,PC009,22628.55,USD,8,2026
JRN0000699,2026-01-30,6100,Operating Expense,CC0003,PC003,-49403.06,USD,1,2026
JRN0000700,2026-09-09,6100,Operating Expense,CC0013,PC003,-26999.6,USD,9,2026
JRN0000701,2025-03-31,5000,COGS,CC0004,PC004,-16374.44,USD,3,2025
JRN0000702,2025-08-30,6200,Operating Expense,CC0015,PC005,-6685.08,USD,8,2025
JRN0000703,2025-11-01,5000,COGS,CC0016,PC006,-17635.9,USD,11,2025
JRN0000704,2026-03-21,6100,Operating Expense,CC0015,PC005,-30904.78,USD,3,2026
JRN0000705,2026-11-20,6200,Operating Expense,CC0019,PC009,-7811.23,USD,11,2026
JRN0000706,2025-08-20,6100,Operating Expense,CC0017,PC007,-30237.01,USD,8,2025
JRN0000707,2025-09-28,4000,Revenue,CC0005,PC005,19148.22,USD,9,2025
JRN0000708,2026-01-31,4000,Revenue,CC0004,PC004,35080.23,USD,1,2026
JRN0000709,2026-03-02,4000,Revenue,CC0013,PC003,25939.44,USD,3,2026
JRN0000710,2026-09-17,5000,COGS,CC0008,PC008,-45472.75,USD,9,2026
JRN0000711,2026-04-20,6200,Operating Expense,CC0012,PC002,-15090.57,USD,4,2026
JRN0000712,2025-06-20,5000,COGS,CC0019,PC009,-30435.01,USD,6,2025
JRN0000713,2026-01-30,6200,Operating Expense,CC0002,PC002,-31216.54,USD,1,2026
JRN0000714,2026-07-14,6100,Operating Expense,CC0008,PC008,-25033.63,USD,7,2026
JRN0000715,2026-09-09,6100,Operating Expense,CC0012,PC002,-1976.04,USD,9,2026
JRN0000716,2026-07-31,6200,Operating Expense,CC0008,PC008,-38725.39,USD,7,2026
JRN0000717,2025-12-12,4000,Revenue,CC0012,PC002,43318.54,USD,12,2025
JRN0000718,2025-04-08,4000,Revenue,CC0013,PC003,21807.35,USD,4,2025
JRN0000719,2026-08-10,6100,Operating Expense,CC0018,PC008,-41205.73,USD,8,2026
JRN0000720,2026-08-16,6100,Operating Expense,CC0009,PC009,-6028.55,USD,8,2026
JRN0000721,2025-07-01,6100,Operating Expense,CC0001,PC001,-42461.35,USD,7,2025
JRN0000722,2026-04-18,5000,COGS,CC0007,PC007,-44429.62,USD,4,2026
JRN0000723,2025-04-11,5000,COGS,CC0014,PC004,-32290.26,USD,4,2025
JRN0000724,2025-05-23,5000,COGS,CC0017,PC007,-24296.6,USD,5,2025
JRN0000725,2025-08-06,5000,COGS,CC0011,PC001,-35467.65,USD,8,2025
JRN0000726,2026-12-25,5000,COGS,CC0014,PC004,-19831.76,USD,12,2026
JRN0000727,2025-07-11,4000,Revenue,CC0003,PC003,39494.35,USD,7,2025
JRN0000728,2026-08-17,4000,Revenue,CC0014,PC004,36694.6,USD,8,2026
JRN0000729,2026-02-12,6100,Operating Expense,CC0015,PC005,-23315.39,USD,2,2026
JRN0000730,2025-05-17,5000,COGS,CC0015,PC005,-15452.21,USD,5,2025
JRN0000731,2026-06-18,6100,Operating Expense,CC0010,PC010,-19984.19,USD,6,2026
JRN0000732,2025-01-23,6100,Operating Expense,CC0007,PC007,-25168.76,USD,1,2025
JRN0000733,2026-11-20,4000,Revenue,CC0002,PC002,10017.74,USD,11,2026
JRN0000734,2025-10-03,5000,COGS,CC0003,PC003,-33517.61,USD,10,2025
JRN0000735,2025-09-28,6100,Operating Expense,CC0008,PC008,-33586.77,USD,9,2025
JRN0000736,2026-12-15,6200,Operating Expense,CC0008,PC008,-39726.21,USD,12,2026
JRN0000737,2025-01-14,5000,COGS,CC0012,PC002,-35977.88,USD,1,2025
JRN0000738,2026-09-30,4000,Revenue,CC0004,PC004,11918.29,USD,9,2026
JRN0000739,2025-09-14,4000,Revenue,CC0009,PC009,45988.64,USD,9,2025
JRN0000740,2025-08-24,5000,COGS,CC0008,PC008,-39759.0,USD,8,2025
JRN0000741,2025-09-26,6100,Operating Expense,CC0006,PC006,-23678.61,USD,9,2025
JRN0000742,2025-08-06,5000,COGS,CC0018,PC008,-45783.8,USD,8,2025
JRN0000743,2025-09-11,6200,Operating Expense,CC0019,PC009,-428.37,USD,9,2025
JRN0000744,2025-07-22,5000,COGS,CC0013,PC003,-29380.51,USD,7,2025
JRN0000745,2026-07-13,6100,Operating Expense,CC0018,PC008,-47018.2,USD,7,2026
JRN0000746,2026-10-25,6200,Operating Expense,CC0010,PC010,-41662.41,USD,10,2026
JRN0000747,2025-04-01,4000,Revenue,CC0006,PC006,4943.33,USD,4,2025
JRN0000748,2025-01-02,4000,Revenue,CC0006,PC006,48506.87,USD,1,2025
JRN0000749,2025-06-06,6200,Operating Expense,CC0009,PC009,-29051.54,USD,6,2025
JRN0000750,2025-01-21,4000,Revenue,CC0012,PC002,41781.58,USD,1,2025
JRN0000751,2026-12-08,6200,Operating Expense,CC0020,PC010,-25819.16,USD,12,2026
JRN0000752,2026-07-08,6200,Operating Expense,CC0014,PC004,-11857.57,USD,7,2026
JRN0000753,2026-03-16,4000,Revenue,CC0011,PC001,21090.8,USD,3,2026
JRN0000754,2025-05-05,6100,Operating Expense,CC0018,PC008,-46626.79,USD,5,2025
JRN0000755,2026-10-11,6200,Operating Expense,CC0007,PC007,-32785.06,USD,10,2026
JRN0000756,2026-04-20,6100,Operating Expense,CC0009,PC009,-516.85,USD,4,2026
JRN0000757,2026-12-27,6100,Operating Expense,CC0004,PC004,-2673.27,USD,12,2026
JRN0000758,2025-12-13,6100,Operating Expense,CC0005,PC005,-11270.95,USD,12,2025
JRN0000759,2025-08-27,6100,Operating Expense,CC0013,PC003,-42459.41,USD,8,2025
JRN0000760,2026-09-19,5000,COGS,CC0002,PC002,-21699.49,USD,9,2026
JRN0000761,2026-08-29,4000,Revenue,CC0013,PC003,41978.84,USD,8,2026
JRN0000762,2026-07-15,4000,Revenue,CC0013,PC003,39810.63,USD,7,2026
JRN0000763,2026-01-29,5000,COGS,CC0016,PC006,-1596.36,USD,1,2026
JRN0000764,2025-07-01,6200,Operating Expense,CC0008,PC008,-6093.56,USD,7,2025
JRN0000765,2025-08-06,5000,COGS,CC0009,PC009,-7717.34,USD,8,2025
JRN0000766,2025-12-21,4000,Revenue,CC0015,PC005,34283.51,USD,12,2025
JRN0000767,2026-07-17,6200,Operating Expense,CC0002,PC002,-1070.39,USD,7,2026
JRN0000768,2025-06-18,6200,Operating Expense,CC0010,PC010,-20282.58,USD,6,2025
JRN0000769,2025-09-18,6200,Operating Expense,CC0007,PC007,-5262.78,USD,9,2025
JRN0000770,2026-05-27,5000,COGS,CC0003,PC003,-27277.54,USD,5,2026
JRN0000771,2025-12-25,6100,Operating Expense,CC0007,PC007,-32623.16,USD,12,2025
JRN0000772,2025-04-08,6100,Operating Expense,CC0007,PC007,-15998.38,USD,4,2025
JRN0000773,2025-07-15,4000,Revenue,CC0020,PC010,15163.86,USD,7,2025
JRN0000774,2026-01-29,4000,Revenue,CC0017,PC007,38895.18,USD,1,2026
JRN0000775,2026-11-03,6200,Operating Expense,CC0016,PC006,-23245.09,USD,11,2026
JRN0000776,2025-03-04,6100,Operating Expense,CC0017,PC007,-2687.11,USD,3,2025
JRN0000777,2026-07-23,5000,COGS,CC0009,PC009,-22739.13,USD,7,2026
JRN0000778,2026-11-27,5000,COGS,CC0003,PC003,-29771.84,USD,11,2026
JRN0000779,2025-08-31,4000,Revenue,CC0013,PC003,13466.16,USD,8,2025
JRN0000780,2026-08-03,4000,Revenue,CC0015,PC005,15635.35,USD,8,2026
JRN0000781,2025-09-26,5000,COGS,CC0019,PC009,-16833.38,USD,9,2025
JRN0000782,2026-05-24,6100,Operating Expense,CC0016,PC006,-41905.42,USD,5,2026
JRN0000783,2026-06-17,5000,COGS,CC0007,PC007,-41493.45,USD,6,2026
JRN0000784,2025-10-21,6100,Operating Expense,CC0010,PC010,-47877.62,USD,10,2025
JRN0000785,2025-08-28,6100,Operating Expense,CC0020,PC010,-40249.57,USD,8,2025
JRN0000786,2025-09-26,6200,Operating Expense,CC0011,PC001,-8384.86,USD,9,2025
JRN0000787,2026-11-24,6200,Operating Expense,CC0014,PC004,-48232.34,USD,11,2026
JRN0000788,2025-11-21,6100,Operating Expense,CC0016,PC006,-813.27,USD,11,2025
JRN0000789,2025-06-19,4000,Revenue,CC0015,PC005,30466.0,USD,6,2025
JRN0000790,2025-01-05,5000,COGS,CC0010,PC010,-2639.27,USD,1,2025
JRN0000791,2025-11-27,6100,Operating Expense,CC0001,PC001,-30210.73,USD,11,2025
JRN0000792,2025-04-23,6100,Operating Expense,CC0005,PC005,-5517.65,USD,4,2025
JRN0000793,2026-04-27,6100,Operating Expense,CC0014,PC004,-48322.27,USD,4,2026
JRN0000794,2025-05-19,4000,Revenue,CC0007,PC007,48703.61,USD,5,2025
JRN0000795,2026-10-05,4000,Revenue,CC0004,PC004,39099.53,USD,10,2026
JRN0000796,2026-10-21,6100,Operating Expense,CC0013,PC003,-7933.78,USD,10,2026
JRN0000797,2025-06-06,4000,Revenue,CC0007,PC007,5017.03,USD,6,2025
JRN0000798,2025-09-10,4000,Revenue,CC0006,PC006,14410.63,USD,9,2025
JRN0000799,2025-11-10,6100,Operating Expense,CC0006,PC006,-36034.33,USD,11,2025
JRN0000800,2026-08-10,4000,Revenue,CC0009,PC009,22780.15,USD,8,2026
JRN0000801,2026-08-19,5000,COGS,CC0016,PC006,-31667.81,USD,8,2026
JRN0000802,2026-10-29,5000,COGS,CC0008,PC008,-30847.27,USD,10,2026
JRN0000803,2026-01-15,5000,COGS,CC0005,PC005,-18595.0,USD,1,2026
JRN0000804,2025-04-18,6200,Operating Expense,CC0018,PC008,-47279.68,USD,4,2025
JRN0000805,2025-06-21,4000,Revenue,CC0019,PC009,39672.03,USD,6,2025
JRN0000806,2026-01-05,6100,Operating Expense,CC0014,PC004,-5939.84,USD,1,2026
JRN0000807,2026-04-15,6100,Operating Expense,CC0002,PC002,-6741.85,USD,4,2026
JRN0000808,2025-03-27,4000,Revenue,CC0020,PC010,32202.6,USD,3,2025
JRN0000809,2026-02-18,4000,Revenue,CC0005,PC005,40757.31,USD,2,2026
JRN0000810,2025-03-30,5000,COGS,CC0016,PC006,-7216.99,USD,3,2025
JRN0000811,2026-12-24,5000,COGS,CC0006,PC006,-10287.98,USD,12,2026
JRN0000812,2026-03-13,6100,Operating Expense,CC0003,PC003,-6210.65,USD,3,2026
JRN0000813,2026-02-16,5000,COGS,CC0004,PC004,-7580.67,USD,2,2026
JRN0000814,2026-01-11,6100,Operating Expense,CC0004,PC004,-33720.34,USD,1,2026
JRN0000815,2026-05-04,6200,Operating Expense,CC0005,PC005,-31377.71,USD,5,2026
JRN0000816,2026-02-06,4000,Revenue,CC0004,PC004,10758.55,USD,2,2026
JRN0000817,2025-02-28,6200,Operating Expense,CC0001,PC001,-28975.96,USD,2,2025
JRN0000818,2025-11-01,6200,Operating Expense,CC0010,PC010,-7019.18,USD,11,2025
JRN0000819,2025-12-01,5000,COGS,CC0014,PC004,-6902.49,USD,12,2025
JRN0000820,2025-08-12,6100,Operating Expense,CC0002,PC002,-49027.8,USD,8,2025
JRN0000821,2026-11-13,6100,Operating Expense,CC0007,PC007,-13563.55,USD,11,2026
JRN0000822,2026-03-28,6100,Operating Expense,CC0019,PC009,-40842.0,USD,3,2026
JRN0000823,2025-11-07,4000,Revenue,CC0010,PC010,23146.61,USD,11,2025
JRN0000824,2026-06-03,4000,Revenue,CC0018,PC008,2633.02,USD,6,2026
JRN0000825,2025-03-13,5000,COGS,CC0016,PC006,-3724.18,USD,3,2025
JRN0000826,2025-04-15,6100,Operating Expense,CC0015,PC005,-41866.65,USD,4,2025
JRN0000827,2026-07-11,5000,COGS,CC0003,PC003,-36019.79,USD,7,2026
JRN0000828,2026-03-01,4000,Revenue,CC0018,PC008,47727.53,USD,3,2026
JRN0000829,2025-06-08,4000,Revenue,CC0009,PC009,44728.66,USD,6,2025
JRN0000830,2025-02-24,4000,Revenue,CC0019,PC009,20928.8,USD,2,2025
JRN0000831,2025-11-28,6100,Operating Expense,CC0020,PC010,-24840.72,USD,11,2025
JRN0000832,2026-09-03,6100,Operating Expense,CC0008,PC008,-47282.66,USD,9,2026
JRN0000833,2026-01-25,4000,Revenue,CC0002,PC002,21838.49,USD,1,2026
JRN0000834,2025-04-25,6200,Operating Expense,CC0017,PC007,-13859.28,USD,4,2025
JRN0000835,2025-11-17,6200,Operating Expense,CC0004,PC004,-22863.91,USD,11,2025
JRN0000836,2025-07-27,6100,Operating Expense,CC0006,PC006,-49098.35,USD,7,2025
JRN0000837,2025-07-23,5000,COGS,CC0003,PC003,-30169.01,USD,7,2025
JRN0000838,2026-02-18,6200,Operating Expense,CC0002,PC002,-30809.46,USD,2,2026
JRN0000839,2026-05-02,6100,Operating Expense,CC0010,PC010,-31164.75,USD,5,2026
JRN0000840,2026-04-28,6200,Operating Expense,CC0015,PC005,-17520.53,USD,4,2026
JRN0000841,2025-03-01,6100,Operating Expense,CC0007,PC007,-29071.02,USD,3,2025
JRN0000842,2025-03-19,4000,Revenue,CC0005,PC005,43970.39,USD,3,2025
JRN0000843,2026-05-06,4000,Revenue,CC0016,PC006,21587.53,USD,5,2026
JRN0000844,2025-06-21,6200,Operating Expense,CC0016,PC006,-36219.37,USD,6,2025
JRN0000845,2025-05-21,6100,Operating Expense,CC0008,PC008,-27223.79,USD,5,2025
JRN0000846,2025-05-14,4000,Revenue,CC0016,PC006,1982.2,USD,5,2025
JRN0000847,2026-02-08,5000,COGS,CC0017,PC007,-2685.22,USD,2,2026
JRN0000848,2026-02-09,4000,Revenue,CC0005,PC005,5168.97,USD,2,2026
JRN0000849,2025-12-25,6100,Operating Expense,CC0012,PC002,-45546.77,USD,12,2025
JRN0000850,2026-01-07,6100,Operating Expense,CC0003,PC003,-46630.12,USD,1,2026
JRN0000851,2026-06-07,6100,Operating Expense,CC0007,PC007,-10586.25,USD,6,2026
JRN0000852,2025-07-16,6100,Operating Expense,CC0020,PC010,-25650.47,USD,7,2025
JRN0000853,2026-05-19,6200,Operating Expense,CC0010,PC010,-36313.07,USD,5,2026
JRN0000854,2026-12-02,5000,COGS,CC0013,PC003,-41874.43,USD,12,2026
JRN0000855,2026-12-23,4000,Revenue,CC0009,PC009,22292.37,USD,12,2026
JRN0000856,2026-09-09,4000,Revenue,CC0004,PC004,16891.25,USD,9,2026
JRN0000857,2026-03-29,5000,COGS,CC0018,PC008,-47426.65,USD,3,2026
JRN0000858,2025-01-15,6200,Operating Expense,CC0001,PC001,-25202.31,USD,1,2025
JRN0000859,2026-02-09,6100,Operating Expense,CC0006,PC006,-6394.24,USD,2,2026
JRN0000860,2025-05-04,6200,Operating Expense,CC0009,PC009,-35541.46,USD,5,2025
JRN0000861,2026-03-23,5000,COGS,CC0007,PC007,-46924.91,USD,3,2026
JRN0000862,2025-06-04,4000,Revenue,CC0003,PC003,12096.43,USD,6,2025
JRN0000863,2025-04-15,6100,Operating Expense,CC0016,PC006,-18812.62,USD,4,2025
JRN0000864,2026-09-20,5000,COGS,CC0003,PC003,-7325.74,USD,9,2026
JRN0000865,2026-08-17,6100,Operating Expense,CC0015,PC005,-29373.12,USD,8,2026
JRN0000866,2026-02-20,6200,Operating Expense,CC0003,PC003,-42612.73,USD,2,2026
JRN0000867,2025-06-23,4000,Revenue,CC0003,PC003,35436.88,USD,6,2025
JRN0000868,2026-08-25,4000,Revenue,CC0014,PC004,2416.38,USD,8,2026
JRN0000869,2025-12-09,4000,Revenue,CC0018,PC008,34122.31,USD,12,2025
JRN0000870,2026-03-30,6200,Operating Expense,CC0020,PC010,-32560.25,USD,3,2026
JRN0000871,2026-09-19,6200,Operating Expense,CC0009,PC009,-24059.23,USD,9,2026
JRN0000872,2026-08-12,6200,Operating Expense,CC0003,PC003,-3956.71,USD,8,2026
JRN0000873,2026-12-31,4000,Revenue,CC0002,PC002,15389.82,USD,12,2026
JRN0000874,2026-06-03,4000,Revenue,CC0013,PC003,16964.64,USD,6,2026
JRN0000875,2025-08-24,6200,Operating Expense,CC0010,PC010,-22841.85,USD,8,2025
JRN0000876,2025-12-06,5000,COGS,CC0004,PC004,-25981.59,USD,12,2025
JRN0000877,2026-10-20,5000,COGS,CC0007,PC007,-21439.41,USD,10,2026
JRN0000878,2026-03-19,5000,COGS,CC0006,PC006,-9343.81,USD,3,2026
JRN0000879,2025-11-02,4000,Revenue,CC0014,PC004,1867.47,USD,11,2025
JRN0000880,2025-09-25,4000,Revenue,CC0003,PC003,24064.76,USD,9,2025
JRN0000881,2025-12-23,6200,Operating Expense,CC0006,PC006,-35630.47,USD,12,2025
JRN0000882,2025-06-09,4000,Revenue,CC0007,PC007,4797.15,USD,6,2025
JRN0000883,2025-03-11,4000,Revenue,CC0001,PC001,29793.83,USD,3,2025
JRN0000884,2025-12-03,6200,Operating Expense,CC0009,PC009,-24608.66,USD,12,2025
JRN0000885,2026-08-21,5000,COGS,CC0012,PC002,-30808.58,USD,8,2026
JRN0000886,2026-02-19,6200,Operating Expense,CC0013,PC003,-5562.29,USD,2,2026
JRN0000887,2026-02-06,5000,COGS,CC0020,PC010,-30413.67,USD,2,2026
JRN0000888,2026-06-10,6100,Operating Expense,CC0014,PC004,-16721.73,USD,6,2026
JRN0000889,2026-08-05,6100,Operating Expense,CC0010,PC010,-49234.62,USD,8,2026
JRN0000890,2026-12-18,6100,Operating Expense,CC0005,PC005,-5800.59,USD,12,2026
JRN0000891,2025-08-13,4000,Revenue,CC0015,PC005,43934.87,USD,8,2025
JRN0000892,2026-05-21,6100,Operating Expense,CC0003,PC003,-11443.52,USD,5,2026
JRN0000893,2025-09-08,5000,COGS,CC0013,PC003,-822.91,USD,9,2025
JRN0000894,2026-12-25,4000,Revenue,CC0017,PC007,943.96,USD,12,2026
JRN0000895,2026-01-05,4000,Revenue,CC0013,PC003,4877.97,USD,1,2026
JRN0000896,2026-09-26,4000,Revenue,CC0002,PC002,16346.84,USD,9,2026
JRN0000897,2026-07-27,6100,Operating Expense,CC0011,PC001,-31286.89,USD,7,2026
JRN0000898,2025-08-13,6100,Operating Expense,CC0014,PC004,-40154.65,USD,8,2025
JRN0000899,2026-06-23,6200,Operating Expense,CC0007,PC007,-32068.39,USD,6,2026
JRN0000900,2025-10-19,6200,Operating Expense,CC0004,PC004,-22643.05,USD,10,2025
JRN0000901,2025-02-01,5000,COGS,CC0001,PC001,-25924.22,USD,2,2025
JRN0000902,2025-08-08,4000,Revenue,CC0014,PC004,1368.83,USD,8,2025
JRN0000903,2026-02-24,6200,Operating Expense,CC0007,PC007,-12872.47,USD,2,2026
JRN0000904,2026-03-18,5000,COGS,CC0009,PC009,-4066.14,USD,3,2026
JRN0000905,2026-05-16,6200,Operating Expense,CC0005,PC005,-21317.57,USD,5,2026
JRN0000906,2026-12-22,5000,COGS,CC0011,PC001,-2193.72,USD,12,2026
JRN0000907,2026-04-30,4000,Revenue,CC0016,PC006,3082.78,USD,4,2026
JRN0000908,2026-10-23,5000,COGS,CC0020,PC010,-13507.17,USD,10,2026
JRN0000909,2025-10-09,6200,Operating Expense,CC0016,PC006,-16059.93,USD,10,2025
JRN0000910,2025-06-12,4000,Revenue,CC0008,PC008,27067.2,USD,6,2025
JRN0000911,2025-07-01,6100,Operating Expense,CC0002,PC002,-21862.64,USD,7,2025
JRN0000912,2025-08-13,5000,COGS,CC0008,PC008,-12073.35,USD,8,2025
JRN0000913,2026-01-14,6200,Operating Expense,CC0013,PC003,-21903.79,USD,1,2026
JRN0000914,2025-10-08,4000,Revenue,CC0002,PC002,45886.66,USD,10,2025
JRN0000915,2026-07-07,6200,Operating Expense,CC0011,PC001,-5400.78,USD,7,2026
JRN0000916,2026-11-03,4000,Revenue,CC0011,PC001,37747.96,USD,11,2026
JRN0000917,2026-12-19,5000,COGS,CC0019,PC009,-10108.3,USD,12,2026
JRN0000918,2026-06-11,6200,Operating Expense,CC0003,PC003,-27174.92,USD,6,2026
JRN0000919,2025-10-06,5000,COGS,CC0015,PC005,-12992.19,USD,10,2025
JRN0000920,2025-03-03,6100,Operating Expense,CC0019,PC009,-19970.55,USD,3,2025
JRN0000921,2025-03-06,6200,Operating Expense,CC0010,PC010,-38453.82,USD,3,2025
JRN0000922,2025-02-26,6100,Operating Expense,CC0011,PC001,-43479.09,USD,2,2025
JRN0000923,2026-10-27,6100,Operating Expense,CC0003,PC003,-11331.49,USD,10,2026
JRN0000924,2025-09-24,5000,COGS,CC0016,PC006,-9039.13,USD,9,2025
JRN0000925,2025-10-08,6100,Operating Expense,CC0011,PC001,-11543.07,USD,10,2025
JRN0000926,2025-01-06,6200,Operating Expense,CC0001,PC001,-30985.18,USD,1,2025
JRN0000927,2026-01-24,6200,Operating Expense,CC0014,PC004,-24429.57,USD,1,2026
JRN0000928,2025-11-04,4000,Revenue,CC0001,PC001,49980.87,USD,11,2025
JRN0000929,2025-03-30,6200,Operating Expense,CC0015,PC005,-20433.59,USD,3,2025
JRN0000930,2025-06-04,6200,Operating Expense,CC0020,PC010,-17373.41,USD,6,2025
JRN0000931,2026-09-09,6100,Operating Expense,CC0017,PC007,-4770.76,USD,9,2026
JRN0000932,2025-11-27,5000,COGS,CC0006,PC006,-34187.94,USD,11,2025
JRN0000933,2025-07-16,6200,Operating Expense,CC0006,PC006,-21559.59,USD,7,2025
JRN0000934,2025-04-13,5000,COGS,CC0019,PC009,-7430.71,USD,4,2025
JRN0000935,2026-10-24,6200,Operating Expense,CC0017,PC007,-45230.51,USD,10,2026
JRN0000936,2026-06-27,5000,COGS,CC0020,PC010,-39883.32,USD,6,2026
JRN0000937,2025-07-18,4000,Revenue,CC0009,PC009,32029.42,USD,7,2025
JRN0000938,2026-05-12,5000,COGS,CC0007,PC007,-4899.92,USD,5,2026
JRN0000939,2025-06-26,6200,Operating Expense,CC0003,PC003,-12178.51,USD,6,2025
JRN0000940,2025-09-23,6200,Operating Expense,CC0013,PC003,-42417.44,USD,9,2025
JRN0000941,2025-08-27,6100,Operating Expense,CC0005,PC005,-10096.73,USD,8,2025
JRN0000942,2026-09-11,5000,COGS,CC0008,PC008,-32320.09,USD,9,2026
JRN0000943,2025-05-13,5000,COGS,CC0018,PC008,-14581.72,USD,5,2025
JRN0000944,2026-12-27,5000,COGS,CC0011,PC001,-27363.76,USD,12,2026
JRN0000945,2025-02-27,5000,COGS,CC0013,PC003,-7220.9,USD,2,2025
JRN0000946,2026-08-20,4000,Revenue,CC0020,PC010,43759.88,USD,8,2026
JRN0000947,2026-09-03,4000,Revenue,CC0017,PC007,7575.65,USD,9,2026
JRN0000948,2025-06-05,5000,COGS,CC0009,PC009,-48494.21,USD,6,2025
JRN0000949,2025-11-23,5000,COGS,CC0020,PC010,-25201.27,USD,11,2025
JRN0000950,2026-01-30,6100,Operating Expense,CC0013,PC003,-36819.09,USD,1,2026
JRN0000951,2026-12-20,4000,Revenue,CC0017,PC007,10394.43,USD,12,2026
JRN0000952,2025-08-21,5000,COGS,CC0009,PC009,-38707.37,USD,8,2025
JRN0000953,2025-12-11,6200,Operating Expense,CC0013,PC003,-3962.1,USD,12,2025
JRN0000954,2025-08-06,4000,Revenue,CC0016,PC006,31987.1,USD,8,2025
JRN0000955,2026-05-13,5000,COGS,CC0006,PC006,-12496.71,USD,5,2026
JRN0000956,2026-06-29,6100,Operating Expense,CC0015,PC005,-37132.55,USD,6,2026
JRN0000957,2026-07-09,5000,COGS,CC0003,PC003,-19944.54,USD,7,2026
JRN0000958,2026-10-27,6100,Operating Expense,CC0010,PC010,-37927.82,USD,10,2026
JRN0000959,2026-12-04,5000,COGS,CC0004,PC004,-5005.17,USD,12,2026
JRN0000960,2025-08-06,6200,Operating Expense,CC0002,PC002,-16667.06,USD,8,2025
JRN0000961,2026-08-26,6200,Operating Expense,CC0020,PC010,-20792.21,USD,8,2026
JRN0000962,2026-09-05,4000,Revenue,CC0015,PC005,2242.36,USD,9,2026
JRN0000963,2025-02-01,5000,COGS,CC0006,PC006,-43290.5,USD,2,2025
JRN0000964,2026-02-14,4000,Revenue,CC0010,PC010,2081.86,USD,2,2026
JRN0000965,2026-07-14,6200,Operating Expense,CC0019,PC009,-24002.89,USD,7,2026
JRN0000966,2026-12-05,6100,Operating Expense,CC0008,PC008,-20466.34,USD,12,2026
JRN0000967,2025-09-22,6100,Operating Expense,CC0009,PC009,-32229.63,USD,9,2025
JRN0000968,2026-12-10,6100,Operating Expense,CC0015,PC005,-25219.48,USD,12,2026
JRN0000969,2026-03-03,4000,Revenue,CC0017,PC007,11955.68,USD,3,2026
JRN0000970,2026-09-25,4000,Revenue,CC0015,PC005,21928.91,USD,9,2026
JRN0000971,2026-11-27,6100,Operating Expense,CC0009,PC009,-32726.2,USD,11,2026
JRN0000972,2026-02-19,6200,Operating Expense,CC0009,PC009,-44500.87,USD,2,2026
JRN0000973,2026-03-19,6100,Operating Expense,CC0019,PC009,-46684.28,USD,3,2026
JRN0000974,2026-05-05,6100,Operating Expense,CC0009,PC009,-37775.01,USD,5,2026
JRN0000975,2026-01-19,6200,Operating Expense,CC0004,PC004,-20857.75,USD,1,2026
JRN0000976,2026-12-29,4000,Revenue,CC0002,PC002,29607.64,USD,12,2026
JRN0000977,2025-11-20,5000,COGS,CC0016,PC006,-23156.89,USD,11,2025
JRN0000978,2026-07-01,5000,COGS,CC0008,PC008,-17890.41,USD,7,2026
JRN0000979,2026-12-16,6100,Operating Expense,CC0002,PC002,-39380.8,USD,12,2026
JRN0000980,2026-01-20,6100,Operating Expense,CC0018,PC008,-27031.47,USD,1,2026
JRN0000981,2026-05-09,5000,COGS,CC0001,PC001,-39032.1,USD,5,2026
JRN0000982,2026-02-23,5000,COGS,CC0018,PC008,-36437.43,USD,2,2026
JRN0000983,2026-08-27,4000,Revenue,CC0013,PC003,1181.72,USD,8,2026
JRN0000984,2026-04-11,6200,Operating Expense,CC0011,PC001,-47768.97,USD,4,2026
JRN0000985,2025-08-24,6100,Operating Expense,CC0018,PC008,-37198.51,USD,8,2025
JRN0000986,2025-04-29,6100,Operating Expense,CC0003,PC003,-44220.75,USD,4,2025
JRN0000987,2025-08-29,6200,Operating Expense,CC0008,PC008,-22010.56,USD,8,2025
JRN0000988,2026-08-03,4000,Revenue,CC0014,PC004,21570.35,USD,8,2026
JRN0000989,2025-05-18,5000,COGS,CC0015,PC005,-14051.95,USD,5,2025
JRN0000990,2026-05-09,6200,Operating Expense,CC0020,PC010,-8307.51,USD,5,2026
JRN0000991,2026-09-05,6200,Operating Expense,CC0008,PC008,-27980.4,USD,9,2026
JRN0000992,2026-10-27,4000,Revenue,CC0003,PC003,41449.26,USD,10,2026
JRN0000993,2025-01-19,5000,COGS,CC0011,PC001,-12299.19,USD,1,2025
JRN0000994,2026-06-11,6100,Operating Expense,CC0003,PC003,-14647.58,USD,6,2026
JRN0000995,2026-04-07,6100,Operating Expense,CC0013,PC003,-12157.45,USD,4,2026
JRN0000996,2025-02-04,6100,Operating Expense,CC0009,PC009,-14041.11,USD,2,2025
JRN0000997,2025-05-05,5000,COGS,CC0004,PC004,-33705.98,USD,5,2025
JRN0000998,2025-02-16,6200,Operating Expense,CC0011,PC001,-38148.49,USD,2,2025
JRN0000999,2026-08-28,4000,Revenue,CC0013,PC003,13616.42,USD,8,2026
JRN0001000,2025-01-25,6100,Operating Expense,CC0014,PC004,-40373.32,USD,1,2025
JRN0001001,2025-07-06,6100,Operating Expense,CC0019,PC009,-18998.8,USD,7,2025
JRN0001002,2026-07-04,4000,Revenue,CC0016,PC006,49665.04,USD,7,2026
JRN0001003,2025-09-01,5000,COGS,CC0004,PC004,-23773.98,USD,9,2025
JRN0001004,2025-02-21,4000,Revenue,CC0018,PC008,13259.95,USD,2,2025
JRN0001005,2025-12-05,6100,Operating Expense,CC0012,PC002,-3159.29,USD,12,2025
JRN0001006,2025-10-03,6100,Operating Expense,CC0011,PC001,-17106.83,USD,10,2025
JRN0001007,2026-08-25,6100,Operating Expense,CC0019,PC009,-7619.04,USD,8,2026
JRN0001008,2026-08-16,6200,Operating Expense,CC0011,PC001,-14646.35,USD,8,2026
JRN0001009,2026-12-19,5000,COGS,CC0019,PC009,-14093.53,USD,12,2026
JRN0001010,2026-07-23,5000,COGS,CC0020,PC010,-34290.45,USD,7,2026
JRN0001011,2026-12-14,5000,COGS,CC0005,PC005,-38365.7,USD,12,2026
JRN0001012,2025-08-12,6200,Operating Expense,CC0019,PC009,-13359.6,USD,8,2025
JRN0001013,2026-02-25,6100,Operating Expense,CC0013,PC003,-27623.16,USD,2,2026
JRN0001014,2025-11-20,4000,Revenue,CC0015,PC005,10065.72,USD,11,2025
JRN0001015,2026-01-11,6100,Operating Expense,CC0006,PC006,-5849.8,USD,1,2026
JRN0001016,2025-02-13,6100,Operating Expense,CC0009,PC009,-23611.49,USD,2,2025
JRN0001017,2026-08-21,6100,Operating Expense,CC0020,PC010,-35547.91,USD,8,2026
JRN0001018,2026-09-01,6200,Operating Expense,CC0011,PC001,-44200.55,USD,9,2026
JRN0001019,2025-07-14,4000,Revenue,CC0004,PC004,8812.04,USD,7,2025
JRN0001020,2025-02-05,4000,Revenue,CC0017,PC007,46527.36,USD,2,2025
JRN0001021,2025-04-25,4000,Revenue,CC0012,PC002,15944.13,USD,4,2025
JRN0001022,2026-01-08,5000,COGS,CC0017,PC007,-19858.79,USD,1,2026
JRN0001023,2026-07-10,6100,Operating Expense,CC0007,PC007,-20945.18,USD,7,2026
JRN0001024,2026-01-13,6200,Operating Expense,CC0016,PC006,-13969.71,USD,1,2026
JRN0001025,2026-08-16,5000,COGS,CC0004,PC004,-13310.54,USD,8,2026
JRN0001026,2026-09-19,6100,Operating Expense,CC0012,PC002,-3378.28,USD,9,2026
JRN0001027,2026-06-01,4000,Revenue,CC0003,PC003,45533.63,USD,6,2026
JRN0001028,2026-12-23,5000,COGS,CC0005,PC005,-7205.54,USD,12,2026
JRN0001029,2025-03-05,6100,Operating Expense,CC0019,PC009,-24899.38,USD,3,2025
JRN0001030,2025-06-22,5000,COGS,CC0002,PC002,-48166.34,USD,6,2025
JRN0001031,2026-09-11,6200,Operating Expense,CC0003,PC003,-38531.87,USD,9,2026
JRN0001032,2026-10-22,4000,Revenue,CC0014,PC004,31182.65,USD,10,2026
JRN0001033,2026-04-09,6200,Operating Expense,CC0007,PC007,-12569.6,USD,4,2026
JRN0001034,2026-05-30,6200,Operating Expense,CC0006,PC006,-15466.02,USD,5,2026
JRN0001035,2026-10-10,6200,Operating Expense,CC0017,PC007,-8896.62,USD,10,2026
JRN0001036,2026-10-25,6200,Operating Expense,CC0019,PC009,-37726.94,USD,10,2026
JRN0001037,2026-06-01,6100,Operating Expense,CC0006,PC006,-1248.43,USD,6,2026
JRN0001038,2025-12-18,6100,Operating Expense,CC0012,PC002,-46248.69,USD,12,2025
JRN0001039,2025-05-13,6200,Operating Expense,CC0008,PC008,-8042.19,USD,5,2025
JRN0001040,2026-04-28,4000,Revenue,CC0020,PC010,9384.39,USD,4,2026
JRN0001041,2026-02-13,6100,Operating Expense,CC0018,PC008,-29086.22,USD,2,2026
JRN0001042,2026-11-07,5000,COGS,CC0008,PC008,-46281.81,USD,11,2026
JRN0001043,2025-03-15,6100,Operating Expense,CC0013,PC003,-18089.81,USD,3,2025
JRN0001044,2026-07-05,6200,Operating Expense,CC0007,PC007,-13237.05,USD,7,2026
JRN0001045,2025-11-24,6100,Operating Expense,CC0004,PC004,-25206.61,USD,11,2025
JRN0001046,2025-07-09,6100,Operating Expense,CC0019,PC009,-13921.12,USD,7,2025
JRN0001047,2025-07-10,6200,Operating Expense,CC0002,PC002,-14249.14,USD,7,2025
JRN0001048,2026-04-16,4000,Revenue,CC0005,PC005,41764.06,USD,4,2026
JRN0001049,2025-09-28,4000,Revenue,CC0014,PC004,14337.19,USD,9,2025
JRN0001050,2025-09-12,6200,Operating Expense,CC0012,PC002,-44965.91,USD,9,2025
JRN0001051,2026-03-24,6200,Operating Expense,CC0008,PC008,-2679.85,USD,3,2026
JRN0001052,2026-12-07,6100,Operating Expense,CC0002,PC002,-278.56,USD,12,2026
JRN0001053,2025-12-26,4000,Revenue,CC0005,PC005,12050.92,USD,12,2025
JRN0001054,2026-04-22,6200,Operating Expense,CC0012,PC002,-44947.09,USD,4,2026
JRN0001055,2026-06-10,6200,Operating Expense,CC0018,PC008,-5522.92,USD,6,2026
JRN0001056,2025-04-15,6100,Operating Expense,CC0020,PC010,-5724.25,USD,4,2025
JRN0001057,2025-02-01,4000,Revenue,CC0004,PC004,37653.34,USD,2,2025
JRN0001058,2025-01-15,6200,Operating Expense,CC0011,PC001,-4378.25,USD,1,2025
JRN0001059,2025-12-06,4000,Revenue,CC0003,PC003,25028.56,USD,12,2025
JRN0001060,2025-04-17,6200,Operating Expense,CC0019,PC009,-3327.73,USD,4,2025
JRN0001061,2025-04-22,6100,Operating Expense,CC0014,PC004,-46617.61,USD,4,2025
JRN0001062,2025-10-26,5000,COGS,CC0020,PC010,-7509.3,USD,10,2025
JRN0001063,2026-04-28,6200,Operating Expense,CC0005,PC005,-18457.05,USD,4,2026
JRN0001064,2025-04-15,4000,Revenue,CC0009,PC009,29015.58,USD,4,2025
JRN0001065,2025-12-16,6100,Operating Expense,CC0008,PC008,-7917.93,USD,12,2025
JRN0001066,2025-10-14,4000,Revenue,CC0015,PC005,42100.86,USD,10,2025
JRN0001067,2026-05-10,4000,Revenue,CC0009,PC009,47458.64,USD,5,2026
JRN0001068,2025-06-30,4000,Revenue,CC0020,PC010,7037.5,USD,6,2025
JRN0001069,2025-03-11,6100,Operating Expense,CC0017,PC007,-25100.21,USD,3,2025
JRN0001070,2026-01-30,5000,COGS,CC0003,PC003,-42390.43,USD,1,2026
JRN0001071,2025-08-16,4000,Revenue,CC0002,PC002,4949.76,USD,8,2025
JRN0001072,2025-07-18,6200,Operating Expense,CC0007,PC007,-318.38,USD,7,2025
JRN0001073,2025-04-18,6100,Operating Expense,CC0011,PC001,-18444.1,USD,4,2025
JRN0001074,2025-12-14,5000,COGS,CC0020,PC010,-34555.69,USD,12,2025
JRN0001075,2025-09-27,5000,COGS,CC0013,PC003,-43203.21,USD,9,2025
JRN0001076,2026-11-27,6200,Operating Expense,CC0007,PC007,-30930.89,USD,11,2026
JRN0001077,2025-11-20,6200,Operating Expense,CC0004,PC004,-47183.64,USD,11,2025
JRN0001078,2026-09-12,6200,Operating Expense,CC0019,PC009,-46352.79,USD,9,2026
JRN0001079,2025-02-05,6100,Operating Expense,CC0012,PC002,-1921.73,USD,2,2025
JRN0001080,2026-03-06,6200,Operating Expense,CC0014,PC004,-30459.81,USD,3,2026
JRN0001081,2026-05-05,5000,COGS,CC0004,PC004,-22039.57,USD,5,2026
JRN0001082,2026-11-18,6100,Operating Expense,CC0013,PC003,-47104.79,USD,11,2026
JRN0001083,2026-11-12,4000,Revenue,CC0017,PC007,11001.36,USD,11,2026
JRN0001084,2026-10-09,6200,Operating Expense,CC0014,PC004,-32276.31,USD,10,2026
JRN0001085,2025-03-04,4000,Revenue,CC0007,PC007,45344.97,USD,3,2025
JRN0001086,2025-04-21,6100,Operating Expense,CC0020,PC010,-44250.33,USD,4,2025
JRN0001087,2026-11-04,4000,Revenue,CC0013,PC003,20669.63,USD,11,2026
JRN0001088,2025-04-09,6100,Operating Expense,CC0001,PC001,-14469.73,USD,4,2025
JRN0001089,2025-06-10,6200,Operating Expense,CC0017,PC007,-47157.12,USD,6,2025
JRN0001090,2025-07-06,4000,Revenue,CC0006,PC006,1070.98,USD,7,2025
JRN0001091,2026-04-25,6200,Operating Expense,CC0020,PC010,-39436.8,USD,4,2026
JRN0001092,2026-06-29,4000,Revenue,CC0010,PC010,38210.43,USD,6,2026
JRN0001093,2026-02-16,6100,Operating Expense,CC0018,PC008,-21598.93,USD,2,2026
JRN0001094,2025-07-05,4000,Revenue,CC0012,PC002,23062.74,USD,7,2025
JRN0001095,2025-07-04,4000,Revenue,CC0010,PC010,48353.94,USD,7,2025
JRN0001096,2026-12-22,6100,Operating Expense,CC0004,PC004,-8833.78,USD,12,2026
JRN0001097,2026-02-25,6100,Operating Expense,CC0019,PC009,-23223.41,USD,2,2026
JRN0001098,2026-12-20,5000,COGS,CC0019,PC009,-27097.74,USD,12,2026
JRN0001099,2025-10-04,4000,Revenue,CC0008,PC008,11690.13,USD,10,2025
JRN0001100,2025-08-14,4000,Revenue,CC0004,PC004,14513.04,USD,8,2025
JRN0001101,2025-10-11,6100,Operating Expense,CC0012,PC002,-21718.56,USD,10,2025
JRN0001102,2025-06-13,6100,Operating Expense,CC0004,PC004,-31055.71,USD,6,2025
JRN0001103,2025-02-19,4000,Revenue,CC0009,PC009,38068.14,USD,2,2025
JRN0001104,2026-11-10,4000,Revenue,CC0020,PC010,48322.49,USD,11,2026
JRN0001105,2026-06-09,5000,COGS,CC0007,PC007,-43645.33,USD,6,2026
JRN0001106,2025-05-19,5000,COGS,CC0016,PC006,-20814.94,USD,5,2025
JRN0001107,2026-07-16,6100,Operating Expense,CC0004,PC004,-22863.06,USD,7,2026
JRN0001108,2026-05-15,6100,Operating Expense,CC0016,PC006,-4918.07,USD,5,2026
JRN0001109,2025-03-31,6200,Operating Expense,CC0010,PC010,-45878.96,USD,3,2025
JRN0001110,2026-11-25,6100,Operating Expense,CC0020,PC010,-11086.17,USD,11,2026
JRN0001111,2026-11-05,5000,COGS,CC0007,PC007,-5298.81,USD,11,2026
JRN0001112,2025-11-05,4000,Revenue,CC0002,PC002,28857.88,USD,11,2025
JRN0001113,2025-10-15,6100,Operating Expense,CC0006,PC006,-859.56,USD,10,2025
JRN0001114,2025-09-18,6100,Operating Expense,CC0013,PC003,-9351.12,USD,9,2025
JRN0001115,2025-05-06,6200,Operating Expense,CC0010,PC010,-27790.66,USD,5,2025
JRN0001116,2025-06-23,4000,Revenue,CC0002,PC002,3903.72,USD,6,2025
JRN0001117,2025-12-09,4000,Revenue,CC0016,PC006,43119.65,USD,12,2025
JRN0001118,2025-01-16,5000,COGS,CC0005,PC005,-13038.19,USD,1,2025
JRN0001119,2025-02-23,6200,Operating Expense,CC0013,PC003,-41589.44,USD,2,2025
JRN0001120,2026-03-14,5000,COGS,CC0006,PC006,-40810.5,USD,3,2026
JRN0001121,2025-09-15,5000,COGS,CC0015,PC005,-36971.02,USD,9,2025
JRN0001122,2025-05-04,5000,COGS,CC0013,PC003,-27045.37,USD,5,2025
JRN0001123,2026-08-23,5000,COGS,CC0008,PC008,-10462.72,USD,8,2026
JRN0001124,2025-09-06,5000,COGS,CC0004,PC004,-2724.48,USD,9,2025
JRN0001125,2025-05-14,4000,Revenue,CC0018,PC008,44702.78,USD,5,2025
JRN0001126,2026-07-15,4000,Revenue,CC0012,PC002,1659.71,USD,7,2026
JRN0001127,2026-01-20,5000,COGS,CC0015,PC005,-27228.92,USD,1,2026
JRN0001128,2026-01-26,4000,Revenue,CC0008,PC008,32351.03,USD,1,2026
JRN0001129,2025-04-15,6200,Operating Expense,CC0020,PC010,-5903.74,USD,4,2025
JRN0001130,2026-06-25,6100,Operating Expense,CC0004,PC004,-23538.1,USD,6,2026
JRN0001131,2025-11-07,6200,Operating Expense,CC0005,PC005,-39840.76,USD,11,2025
JRN0001132,2026-12-12,6100,Operating Expense,CC0016,PC006,-33441.42,USD,12,2026
JRN0001133,2026-12-09,4000,Revenue,CC0018,PC008,44261.98,USD,12,2026
JRN0001134,2025-02-09,4000,Revenue,CC0020,PC010,16601.35,USD,2,2025
JRN0001135,2026-06-14,6100,Operating Expense,CC0010,PC010,-39340.6,USD,6,2026
JRN0001136,2026-10-23,4000,Revenue,CC0002,PC002,48806.87,USD,10,2026
JRN0001137,2025-02-21,5000,COGS,CC0003,PC003,-22088.99,USD,2,2025
JRN0001138,2025-09-08,4000,Revenue,CC0015,PC005,19496.3,USD,9,2025
JRN0001139,2026-08-21,6200,Operating Expense,CC0001,PC001,-16565.18,USD,8,2026
JRN0001140,2025-08-07,6100,Operating Expense,CC0013,PC003,-44078.8,USD,8,2025
JRN0001141,2025-01-20,5000,COGS,CC0001,PC001,-14344.25,USD,1,2025
JRN0001142,2025-09-30,6100,Operating Expense,CC0020,PC010,-15562.43,USD,9,2025
JRN0001143,2026-08-30,6100,Operating Expense,CC0018,PC008,-31992.26,USD,8,2026
JRN0001144,2025-03-24,6200,Operating Expense,CC0008,PC008,-25921.55,USD,3,2025
JRN0001145,2026-07-21,6100,Operating Expense,CC0015,PC005,-10662.98,USD,7,2026
JRN0001146,2025-12-19,6200,Operating Expense,CC0019,PC009,-39973.95,USD,12,2025
JRN0001147,2025-08-23,6200,Operating Expense,CC0006,PC006,-3984.16,USD,8,2025
JRN0001148,2026-01-17,6200,Operating Expense,CC0016,PC006,-19787.07,USD,1,2026
JRN0001149,2026-01-06,5000,COGS,CC0019,PC009,-33361.83,USD,1,2026
JRN0001150,2025-04-18,6100,Operating Expense,CC0003,PC003,-36667.87,USD,4,2025
JRN0001151,2025-08-08,4000,Revenue,CC0003,PC003,37709.8,USD,8,2025
JRN0001152,2025-11-08,6200,Operating Expense,CC0016,PC006,-44051.32,USD,11,2025
JRN0001153,2026-09-12,6100,Operating Expense,CC0010,PC010,-30773.1,USD,9,2026
JRN0001154,2026-03-05,5000,COGS,CC0011,PC001,-25775.83,USD,3,2026
JRN0001155,2025-03-07,6100,Operating Expense,CC0012,PC002,-11817.63,USD,3,2025
JRN0001156,2026-06-12,6200,Operating Expense,CC0005,PC005,-36561.0,USD,6,2026
JRN0001157,2026-09-18,5000,COGS,CC0003,PC003,-35150.35,USD,9,2026
JRN0001158,2025-01-11,5000,COGS,CC0004,PC004,-40303.97,USD,1,2025
JRN0001159,2025-11-18,6200,Operating Expense,CC0019,PC009,-7016.27,USD,11,2025
JRN0001160,2025-07-16,6100,Operating Expense,CC0020,PC010,-16729.58,USD,7,2025
JRN0001161,2026-12-24,6200,Operating Expense,CC0007,PC007,-33789.56,USD,12,2026
JRN0001162,2025-08-13,6200,Operating Expense,CC0011,PC001,-31390.5,USD,8,2025
JRN0001163,2026-12-24,6100,Operating Expense,CC0020,PC010,-47278.36,USD,12,2026
JRN0001164,2025-10-16,5000,COGS,CC0002,PC002,-446.65,USD,10,2025
JRN0001165,2026-10-17,5000,COGS,CC0005,PC005,-39208.11,USD,10,2026
JRN0001166,2025-11-02,6100,Operating Expense,CC0012,PC002,-3538.39,USD,11,2025
JRN0001167,2025-03-09,4000,Revenue,CC0017,PC007,14620.26,USD,3,2025
JRN0001168,2025-05-17,5000,COGS,CC0019,PC009,-6247.91,USD,5,2025
JRN0001169,2026-10-05,4000,Revenue,CC0001,PC001,28414.13,USD,10,2026
JRN0001170,2025-02-27,5000,COGS,CC0002,PC002,-23422.12,USD,2,2025
JRN0001171,2026-12-24,4000,Revenue,CC0008,PC008,27607.87,USD,12,2026
JRN0001172,2025-03-23,6100,Operating Expense,CC0003,PC003,-46673.68,USD,3,2025
JRN0001173,2026-01-04,5000,COGS,CC0006,PC006,-40579.96,USD,1,2026
JRN0001174,2025-08-04,6200,Operating Expense,CC0018,PC008,-14204.87,USD,8,2025
JRN0001175,2026-01-10,6200,Operating Expense,CC0019,PC009,-6547.14,USD,1,2026
JRN0001176,2025-11-27,6100,Operating Expense,CC0016,PC006,-26583.62,USD,11,2025
JRN0001177,2025-06-18,4000,Revenue,CC0005,PC005,13973.45,USD,6,2025
JRN0001178,2025-09-02,6200,Operating Expense,CC0010,PC010,-13419.4,USD,9,2025
JRN0001179,2025-01-19,5000,COGS,CC0008,PC008,-14868.51,USD,1,2025
JRN0001180,2025-02-10,5000,COGS,CC0020,PC010,-1029.05,USD,2,2025
JRN0001181,2026-12-17,6200,Operating Expense,CC0005,PC005,-45477.67,USD,12,2026
JRN0001182,2026-04-02,4000,Revenue,CC0009,PC009,25172.04,USD,4,2026
JRN0001183,2025-06-29,5000,COGS,CC0001,PC001,-14767.0,USD,6,2025
JRN0001184,2025-10-26,5000,COGS,CC0018,PC008,-24456.4,USD,10,2025
JRN0001185,2026-04-15,6200,Operating Expense,CC0001,PC001,-14045.08,USD,4,2026
JRN0001186,2026-11-14,4000,Revenue,CC0005,PC005,27413.82,USD,11,2026
JRN0001187,2025-10-24,6100,Operating Expense,CC0009,PC009,-1847.75,USD,10,2025
JRN0001188,2026-04-12,4000,Revenue,CC0007,PC007,3047.58,USD,4,2026
JRN0001189,2026-05-25,6100,Operating Expense,CC0008,PC008,-31496.56,USD,5,2026
JRN0001190,2025-03-26,5000,COGS,CC0015,PC005,-27092.75,USD,3,2025
JRN0001191,2026-04-28,5000,COGS,CC0003,PC003,-38016.25,USD,4,2026
JRN0001192,2025-09-27,6100,Operating Expense,CC0007,PC007,-41367.11,USD,9,2025
JRN0001193,2025-03-23,4000,Revenue,CC0017,PC007,40872.33,USD,3,2025
JRN0001194,2025-12-07,6200,Operating Expense,CC0014,PC004,-31040.44,USD,12,2025
JRN0001195,2026-05-12,4000,Revenue,CC0006,PC006,26695.26,USD,5,2026
JRN0001196,2026-01-24,6100,Operating Expense,CC0001,PC001,-47019.93,USD,1,2026
JRN0001197,2025-11-20,6100,Operating Expense,CC0019,PC009,-5409.76,USD,11,2025
JRN0001198,2026-02-25,6200,Operating Expense,CC0008,PC008,-40569.23,USD,2,2026
JRN0001199,2025-08-24,6200,Operating Expense,CC0006,PC006,-13725.42,USD,8,2025
JRN0001200,2025-02-04,6200,Operating Expense,CC0009,PC009,-28644.68,USD,2,2025
JRN0001201,2025-11-28,6200,Operating Expense,CC0010,PC010,-17198.06,USD,11,2025
JRN0001202,2025-03-16,6100,Operating Expense,CC0015,PC005,-32430.93,USD,3,2025
JRN0001203,2026-04-23,4000,Revenue,CC0015,PC005,39821.19,USD,4,2026
JRN0001204,2026-01-20,5000,COGS,CC0002,PC002,-17379.07,USD,1,2026
JRN0001205,2025-09-21,4000,Revenue,CC0015,PC005,9169.87,USD,9,2025
JRN0001206,2025-09-09,4000,Revenue,CC0018,PC008,25558.75,USD,9,2025
JRN0001207,2025-05-25,5000,COGS,CC0006,PC006,-33978.46,USD,5,2025
JRN0001208,2025-12-14,4000,Revenue,CC0019,PC009,39626.36,USD,12,2025
JRN0001209,2026-12-08,5000,COGS,CC0018,PC008,-38682.43,USD,12,2026
JRN0001210,2025-03-26,6100,Operating Expense,CC0007,PC007,-17225.42,USD,3,2025
JRN0001211,2026-01-08,4000,Revenue,CC0015,PC005,38110.47,USD,1,2026
JRN0001212,2025-10-26,6200,Operating Expense,CC0011,PC001,-10458.81,USD,10,2025
JRN0001213,2025-09-21,6100,Operating Expense,CC0005,PC005,-10739.81,USD,9,2025
JRN0001214,2026-11-13,4000,Revenue,CC0017,PC007,24960.45,USD,11,2026
JRN0001215,2025-03-22,6200,Operating Expense,CC0008,PC008,-17476.11,USD,3,2025
JRN0001216,2025-02-13,4000,Revenue,CC0009,PC009,43764.76,USD,2,2025
JRN0001217,2026-06-15,4000,Revenue,CC0005,PC005,30985.5,USD,6,2026
JRN0001218,2026-08-23,5000,COGS,CC0016,PC006,-34064.88,USD,8,2026
JRN0001219,2025-05-31,4000,Revenue,CC0009,PC009,17648.61,USD,5,2025
JRN0001220,2026-04-08,6100,Operating Expense,CC0016,PC006,-43394.31,USD,4,2026
JRN0001221,2025-07-26,6200,Operating Expense,CC0013,PC003,-12224.17,USD,7,2025
JRN0001222,2025-08-16,6100,Operating Expense,CC0005,PC005,-17247.08,USD,8,2025
JRN0001223,2025-07-14,6200,Operating Expense,CC0007,PC007,-6921.27,USD,7,2025
JRN0001224,2025-11-21,6200,Operating Expense,CC0003,PC003,-44813.82,USD,11,2025
JRN0001225,2025-07-09,6100,Operating Expense,CC0002,PC002,-4404.1,USD,7,2025
JRN0001226,2026-08-08,4000,Revenue,CC0001,PC001,37317.74,USD,8,2026
JRN0001227,2025-04-08,4000,Revenue,CC0014,PC004,41266.94,USD,4,2025
JRN0001228,2026-05-16,5000,COGS,CC0007,PC007,-29102.96,USD,5,2026
JRN0001229,2025-01-02,4000,Revenue,CC0005,PC005,21985.15,USD,1,2025
JRN0001230,2025-09-20,4000,Revenue,CC0004,PC004,15035.85,USD,9,2025
JRN0001231,2025-02-25,6100,Operating Expense,CC0008,PC008,-12905.51,USD,2,2025
JRN0001232,2026-01-21,5000,COGS,CC0015,PC005,-10402.27,USD,1,2026
JRN0001233,2025-07-29,5000,COGS,CC0005,PC005,-19553.43,USD,7,2025
JRN0001234,2026-09-12,4000,Revenue,CC0001,PC001,22288.75,USD,9,2026
JRN0001235,2025-02-28,4000,Revenue,CC0004,PC004,29568.62,USD,2,2025
JRN0001236,2025-03-04,5000,COGS,CC0012,PC002,-18880.35,USD,3,2025
JRN0001237,2025-06-18,6200,Operating Expense,CC0018,PC008,-32421.64,USD,6,2025
JRN0001238,2026-10-07,4000,Revenue,CC0014,PC004,18875.6,USD,10,2026
JRN0001239,2026-03-30,6100,Operating Expense,CC0008,PC008,-44689.72,USD,3,2026
JRN0001240,2025-08-25,4000,Revenue,CC0002,PC002,6238.23,USD,8,2025
JRN0001241,2026-11-09,5000,COGS,CC0004,PC004,-16049.94,USD,11,2026
JRN0001242,2026-09-11,5000,COGS,CC0019,PC009,-39411.15,USD,9,2026
JRN0001243,2026-10-11,4000,Revenue,CC0015,PC005,18749.39,USD,10,2026
JRN0001244,2026-05-15,6200,Operating Expense,CC0012,PC002,-30479.91,USD,5,2026
JRN0001245,2025-12-05,6100,Operating Expense,CC0007,PC007,-33031.05,USD,12,2025
JRN0001246,2025-08-19,6200,Operating Expense,CC0001,PC001,-9504.67,USD,8,2025
JRN0001247,2026-07-03,6200,Operating Expense,CC0002,PC002,-45039.61,USD,7,2026
JRN0001248,2025-08-23,4000,Revenue,CC0006,PC006,9563.91,USD,8,2025
JRN0001249,2025-03-31,6100,Operating Expense,CC0015,PC005,-49012.98,USD,3,2025
JRN0001250,2025-02-03,4000,Revenue,CC0004,PC004,25546.98,USD,2,2025
JRN0001251,2025-10-10,6100,Operating Expense,CC0005,PC005,-1538.43,USD,10,2025
JRN0001252,2026-09-13,4000,Revenue,CC0011,PC001,9380.04,USD,9,2026
JRN0001253,2026-05-03,5000,COGS,CC0017,PC007,-26661.63,USD,5,2026
JRN0001254,2025-12-15,4000,Revenue,CC0010,PC010,13761.07,USD,12,2025
JRN0001255,2025-04-18,6100,Operating Expense,CC0008,PC008,-49300.99,USD,4,2025
JRN0001256,2026-01-30,6200,Operating Expense,CC0003,PC003,-38133.14,USD,1,2026
JRN0001257,2025-11-12,6100,Operating Expense,CC0006,PC006,-14495.51,USD,11,2025
JRN0001258,2026-07-27,5000,COGS,CC0008,PC008,-25868.91,USD,7,2026
JRN0001259,2025-10-16,6100,Operating Expense,CC0011,PC001,-27476.23,USD,10,2025
JRN0001260,2025-07-09,6200,Operating Expense,CC0013,PC003,-3956.46,USD,7,2025
JRN0001261,2026-07-28,5000,COGS,CC0018,PC008,-39922.01,USD,7,2026
JRN0001262,2026-12-04,6200,Operating Expense,CC0020,PC010,-5941.69,USD,12,2026
JRN0001263,2026-06-18,6100,Operating Expense,CC0003,PC003,-1447.42,USD,6,2026
JRN0001264,2026-04-22,6200,Operating Expense,CC0004,PC004,-3190.81,USD,4,2026
JRN0001265,2025-02-24,6100,Operating Expense,CC0008,PC008,-47690.35,USD,2,2025
JRN0001266,2025-12-26,6100,Operating Expense,CC0009,PC009,-1028.71,USD,12,2025
JRN0001267,2026-01-19,4000,Revenue,CC0010,PC010,7215.43,USD,1,2026
JRN0001268,2025-04-18,6100,Operating Expense,CC0018,PC008,-14290.29,USD,4,2025
JRN0001269,2025-05-31,5000,COGS,CC0009,PC009,-2725.29,USD,5,2025
JRN0001270,2025-10-19,4000,Revenue,CC0008,PC008,41637.74,USD,10,2025
JRN0001271,2025-01-01,4000,Revenue,CC0010,PC010,3480.92,USD,1,2025
JRN0001272,2025-11-14,6200,Operating Expense,CC0007,PC007,-19808.95,USD,11,2025
JRN0001273,2025-09-21,6100,Operating Expense,CC0005,PC005,-43278.89,USD,9,2025
JRN0001274,2026-07-20,6200,Operating Expense,CC0013,PC003,-25709.14,USD,7,2026
JRN0001275,2026-11-04,4000,Revenue,CC0004,PC004,16117.64,USD,11,2026
JRN0001276,2025-10-16,6200,Operating Expense,CC0001,PC001,-25182.97,USD,10,2025
JRN0001277,2026-10-05,5000,COGS,CC0010,PC010,-29329.99,USD,10,2026
JRN0001278,2025-07-12,5000,COGS,CC0017,PC007,-25249.62,USD,7,2025
JRN0001279,2026-06-22,6200,Operating Expense,CC0008,PC008,-43918.12,USD,6,2026
JRN0001280,2025-08-11,6200,Operating Expense,CC0001,PC001,-15920.6,USD,8,2025
JRN0001281,2026-05-08,5000,COGS,CC0015,PC005,-24580.97,USD,5,2026
JRN0001282,2026-08-17,4000,Revenue,CC0019,PC009,41880.92,USD,8,2026
JRN0001283,2026-11-08,4000,Revenue,CC0017,PC007,951.21,USD,11,2026
JRN0001284,2025-04-29,6200,Operating Expense,CC0004,PC004,-42562.39,USD,4,2025
JRN0001285,2026-12-04,6200,Operating Expense,CC0005,PC005,-32198.63,USD,12,2026
JRN0001286,2026-06-05,5000,COGS,CC0016,PC006,-32075.4,USD,6,2026
JRN0001287,2025-04-07,4000,Revenue,CC0002,PC002,42090.49,USD,4,2025
JRN0001288,2026-08-16,6100,Operating Expense,CC0003,PC003,-1151.01,USD,8,2026
JRN0001289,2026-02-28,6100,Operating Expense,CC0007,PC007,-5721.24,USD,2,2026
JRN0001290,2026-09-12,5000,COGS,CC0009,PC009,-24864.23,USD,9,2026
JRN0001291,2026-09-01,5000,COGS,CC0009,PC009,-31568.78,USD,9,2026
JRN0001292,2025-09-24,6200,Operating Expense,CC0010,PC010,-40047.55,USD,9,2025
JRN0001293,2026-12-04,5000,COGS,CC0009,PC009,-36435.74,USD,12,2026
JRN0001294,2025-10-06,6100,Operating Expense,CC0020,PC010,-43488.22,USD,10,2025
JRN0001295,2026-11-11,6200,Operating Expense,CC0020,PC010,-45635.45,USD,11,2026
JRN0001296,2025-10-20,4000,Revenue,CC0002,PC002,42533.92,USD,10,2025
JRN0001297,2025-02-21,6100,Operating Expense,CC0020,PC010,-41746.01,USD,2,2025
JRN0001298,2025-11-01,6200,Operating Expense,CC0012,PC002,-11795.32,USD,11,2025
JRN0001299,2025-03-29,6200,Operating Expense,CC0009,PC009,-20645.86,USD,3,2025
JRN0001300,2026-01-17,6100,Operating Expense,CC0010,PC010,-32219.47,USD,1,2026
JRN0001301,2026-03-06,6200,Operating Expense,CC0008,PC008,-5733.91,USD,3,2026
JRN0001302,2026-05-07,4000,Revenue,CC0016,PC006,6385.21,USD,5,2026
JRN0001303,2025-03-02,4000,Revenue,CC0015,PC005,25641.88,USD,3,2025
JRN0001304,2025-08-20,6100,Operating Expense,CC0006,PC006,-34374.41,USD,8,2025
JRN0001305,2026-01-27,6100,Operating Expense,CC0014,PC004,-28184.62,USD,1,2026
JRN0001306,2025-07-03,5000,COGS,CC0003,PC003,-32386.55,USD,7,2025
JRN0001307,2025-03-26,6200,Operating Expense,CC0016,PC006,-9561.01,USD,3,2025
JRN0001308,2026-09-16,6200,Operating Expense,CC0013,PC003,-20143.92,USD,9,2026
JRN0001309,2025-10-15,4000,Revenue,CC0017,PC007,33305.04,USD,10,2025
JRN0001310,2025-04-26,6100,Operating Expense,CC0008,PC008,-18913.58,USD,4,2025
JRN0001311,2026-09-21,5000,COGS,CC0003,PC003,-11147.76,USD,9,2026
JRN0001312,2025-11-10,6200,Operating Expense,CC0018,PC008,-11284.01,USD,11,2025
JRN0001313,2025-02-27,4000,Revenue,CC0015,PC005,13770.49,USD,2,2025
JRN0001314,2026-12-22,6200,Operating Expense,CC0009,PC009,-13750.64,USD,12,2026
JRN0001315,2026-08-16,4000,Revenue,CC0004,PC004,26563.43,USD,8,2026
JRN0001316,2026-01-06,6200,Operating Expense,CC0003,PC003,-42970.76,USD,1,2026
JRN0001317,2026-08-31,5000,COGS,CC0008,PC008,-5104.68,USD,8,2026
JRN0001318,2025-07-08,4000,Revenue,CC0019,PC009,10546.06,USD,7,2025
JRN0001319,2026-09-24,4000,Revenue,CC0002,PC002,46823.42,USD,9,2026
JRN0001320,2026-12-11,4000,Revenue,CC0020,PC010,19477.47,USD,12,2026
JRN0001321,2025-09-20,6200,Operating Expense,CC0015,PC005,-25172.54,USD,9,2025
JRN0001322,2025-07-27,4000,Revenue,CC0002,PC002,23894.79,USD,7,2025
JRN0001323,2026-02-23,4000,Revenue,CC0012,PC002,4802.47,USD,2,2026
JRN0001324,2026-11-07,4000,Revenue,CC0017,PC007,33430.53,USD,11,2026
JRN0001325,2025-03-02,6200,Operating Expense,CC0010,PC010,-7493.1,USD,3,2025
JRN0001326,2025-11-06,4000,Revenue,CC0016,PC006,22259.73,USD,11,2025
JRN0001327,2025-11-26,6100,Operating Expense,CC0012,PC002,-20773.15,USD,11,2025
JRN0001328,2025-12-13,6100,Operating Expense,CC0003,PC003,-49297.08,USD,12,2025
JRN0001329,2026-09-28,6200,Operating Expense,CC0013,PC003,-44519.22,USD,9,2026
JRN0001330,2025-12-28,6200,Operating Expense,CC0006,PC006,-21167.03,USD,12,2025
JRN0001331,2025-07-18,4000,Revenue,CC0013,PC003,12779.07,USD,7,2025
JRN0001332,2026-03-19,6200,Operating Expense,CC0019,PC009,-36198.21,USD,3,2026
JRN0001333,2026-10-11,4000,Revenue,CC0018,PC008,11581.54,USD,10,2026
JRN0001334,2025-01-30,6100,Operating Expense,CC0005,PC005,-10926.46,USD,1,2025
JRN0001335,2026-01-28,6100,Operating Expense,CC0002,PC002,-28365.27,USD,1,2026
JRN0001336,2025-12-17,6200,Operating Expense,CC0017,PC007,-28776.54,USD,12,2025
JRN0001337,2025-11-02,4000,Revenue,CC0003,PC003,1712.52,USD,11,2025
JRN0001338,2025-02-01,5000,COGS,CC0007,PC007,-36316.31,USD,2,2025
JRN0001339,2026-07-20,6200,Operating Expense,CC0009,PC009,-21168.0,USD,7,2026
JRN0001340,2025-04-06,4000,Revenue,CC0013,PC003,11714.9,USD,4,2025
JRN0001341,2026-06-14,5000,COGS,CC0019,PC009,-10389.96,USD,6,2026
JRN0001342,2025-05-06,6200,Operating Expense,CC0014,PC004,-22235.91,USD,5,2025
JRN0001343,2025-03-02,4000,Revenue,CC0019,PC009,44042.13,USD,3,2025
JRN0001344,2025-03-22,6200,Operating Expense,CC0003,PC003,-22301.78,USD,3,2025
JRN0001345,2026-06-07,4000,Revenue,CC0011,PC001,43218.97,USD,6,2026
JRN0001346,2026-07-03,5000,COGS,CC0004,PC004,-13764.03,USD,7,2026
JRN0001347,2025-02-04,5000,COGS,CC0019,PC009,-26731.5,USD,2,2025
JRN0001348,2026-08-18,6100,Operating Expense,CC0014,PC004,-39822.02,USD,8,2026
JRN0001349,2025-04-03,4000,Revenue,CC0007,PC007,45658.21,USD,4,2025
JRN0001350,2026-02-13,5000,COGS,CC0016,PC006,-5563.05,USD,2,2026
JRN0001351,2025-02-04,5000,COGS,CC0004,PC004,-5677.89,USD,2,2025
JRN0001352,2025-01-20,5000,COGS,CC0001,PC001,-44101.58,USD,1,2025
JRN0001353,2026-09-03,5000,COGS,CC0016,PC006,-15905.8,USD,9,2026
JRN0001354,2025-02-02,4000,Revenue,CC0015,PC005,33519.31,USD,2,2025
JRN0001355,2026-03-21,5000,COGS,CC0015,PC005,-4273.69,USD,3,2026
JRN0001356,2026-05-01,6200,Operating Expense,CC0019,PC009,-3838.39,USD,5,2026
JRN0001357,2026-02-07,4000,Revenue,CC0017,PC007,48884.53,USD,2,2026
JRN0001358,2025-01-21,4000,Revenue,CC0013,PC003,25080.64,USD,1,2025
JRN0001359,2025-06-16,4000,Revenue,CC0010,PC010,47420.07,USD,6,2025
JRN0001360,2025-05-13,4000,Revenue,CC0013,PC003,12885.06,USD,5,2025
JRN0001361,2025-04-06,4000,Revenue,CC0011,PC001,16073.71,USD,4,2025
JRN0001362,2025-05-12,6100,Operating Expense,CC0013,PC003,-13500.98,USD,5,2025
JRN0001363,2026-08-16,4000,Revenue,CC0010,PC010,27536.59,USD,8,2026
JRN0001364,2026-07-25,4000,Revenue,CC0016,PC006,3792.73,USD,7,2026
JRN0001365,2026-06-07,6100,Operating Expense,CC0017,PC007,-49599.51,USD,6,2026
JRN0001366,2025-04-18,6100,Operating Expense,CC0001,PC001,-2884.23,USD,4,2025
JRN0001367,2026-08-29,4000,Revenue,CC0001,PC001,7058.52,USD,8,2026
JRN0001368,2025-01-13,5000,COGS,CC0011,PC001,-23416.82,USD,1,2025
JRN0001369,2025-12-07,4000,Revenue,CC0010,PC010,18664.17,USD,12,2025
JRN0001370,2026-11-16,4000,Revenue,CC0002,PC002,5570.13,USD,11,2026
JRN0001371,2026-11-14,6100,Operating Expense,CC0012,PC002,-17307.98,USD,11,2026
JRN0001372,2025-09-14,4000,Revenue,CC0003,PC003,31871.98,USD,9,2025
JRN0001373,2026-05-18,6100,Operating Expense,CC0009,PC009,-23893.94,USD,5,2026
JRN0001374,2025-10-12,6200,Operating Expense,CC0013,PC003,-11245.55,USD,10,2025
JRN0001375,2025-06-01,5000,COGS,CC0016,PC006,-24795.81,USD,6,2025
JRN0001376,2025-11-23,4000,Revenue,CC0010,PC010,32672.85,USD,11,2025
JRN0001377,2026-04-09,6200,Operating Expense,CC0015,PC005,-12208.84,USD,4,2026
JRN0001378,2025-10-20,5000,COGS,CC0002,PC002,-3440.02,USD,10,2025
JRN0001379,2025-07-19,4000,Revenue,CC0011,PC001,4478.92,USD,7,2025
JRN0001380,2025-05-19,5000,COGS,CC0004,PC004,-44976.85,USD,5,2025
JRN0001381,2026-04-28,5000,COGS,CC0004,PC004,-26814.91,USD,4,2026
JRN0001382,2026-02-12,6100,Operating Expense,CC0007,PC007,-42840.8,USD,2,2026
JRN0001383,2026-10-06,6100,Operating Expense,CC0005,PC005,-48730.05,USD,10,2026
JRN0001384,2025-03-23,6100,Operating Expense,CC0011,PC001,-11392.21,USD,3,2025
JRN0001385,2026-03-12,5000,COGS,CC0002,PC002,-9891.23,USD,3,2026
JRN0001386,2026-05-24,5000,COGS,CC0016,PC006,-43080.4,USD,5,2026
JRN0001387,2025-01-10,5000,COGS,CC0018,PC008,-33712.11,USD,1,2025
JRN0001388,2026-07-03,4000,Revenue,CC0005,PC005,43920.44,USD,7,2026
JRN0001389,2026-06-01,6100,Operating Expense,CC0008,PC008,-49757.27,USD,6,2026
JRN0001390,2026-07-29,5000,COGS,CC0007,PC007,-44880.28,USD,7,2026
JRN0001391,2025-11-10,5000,COGS,CC0014,PC004,-17887.42,USD,11,2025
JRN0001392,2025-04-03,6200,Operating Expense,CC0003,PC003,-31456.12,USD,4,2025
JRN0001393,2025-01-12,6200,Operating Expense,CC0020,PC010,-47875.37,USD,1,2025
JRN0001394,2026-04-18,6200,Operating Expense,CC0016,PC006,-32012.71,USD,4,2026
JRN0001395,2025-11-12,6200,Operating Expense,CC0010,PC010,-8685.88,USD,11,2025
JRN0001396,2026-01-29,4000,Revenue,CC0001,PC001,32426.58,USD,1,2026
JRN0001397,2025-03-24,4000,Revenue,CC0002,PC002,43131.44,USD,3,2025
JRN0001398,2026-08-28,6100,Operating Expense,CC0020,PC010,-27270.38,USD,8,2026
JRN0001399,2025-01-06,4000,Revenue,CC0012,PC002,35442.72,USD,1,2025
JRN0001400,2026-11-14,5000,COGS,CC0011,PC001,-7772.35,USD,11,2026
JRN0001401,2026-05-06,6200,Operating Expense,CC0005,PC005,-32468.16,USD,5,2026
JRN0001402,2025-08-02,6100,Operating Expense,CC0002,PC002,-27523.22,USD,8,2025
JRN0001403,2026-06-28,4000,Revenue,CC0015,PC005,42406.66,USD,6,2026
JRN0001404,2025-09-26,6200,Operating Expense,CC0001,PC001,-8951.15,USD,9,2025
JRN0001405,2026-01-14,6200,Operating Expense,CC0009,PC009,-3795.9,USD,1,2026
JRN0001406,2026-05-21,6200,Operating Expense,CC0013,PC003,-8701.42,USD,5,2026
JRN0001407,2026-04-01,5000,COGS,CC0001,PC001,-2837.51,USD,4,2026
JRN0001408,2025-02-25,4000,Revenue,CC0020,PC010,17530.22,USD,2,2025
JRN0001409,2026-03-20,6200,Operating Expense,CC0009,PC009,-35608.44,USD,3,2026
JRN0001410,2025-02-07,6200,Operating Expense,CC0018,PC008,-37856.76,USD,2,2025
JRN0001411,2026-07-11,6100,Operating Expense,CC0015,PC005,-9043.65,USD,7,2026
JRN0001412,2025-11-20,5000,COGS,CC0012,PC002,-40744.19,USD,11,2025
JRN0001413,2025-03-31,4000,Revenue,CC0013,PC003,20295.03,USD,3,2025
JRN0001414,2025-10-18,6200,Operating Expense,CC0018,PC008,-46052.7,USD,10,2025
JRN0001415,2025-02-13,6100,Operating Expense,CC0017,PC007,-607.2,USD,2,2025
JRN0001416,2025-07-05,6100,Operating Expense,CC0016,PC006,-39112.6,USD,7,2025
JRN0001417,2026-06-20,6200,Operating Expense,CC0011,PC001,-15224.64,USD,6,2026
JRN0001418,2026-09-04,6200,Operating Expense,CC0004,PC004,-31554.47,USD,9,2026
JRN0001419,2025-07-23,6200,Operating Expense,CC0011,PC001,-16067.73,USD,7,2025
JRN0001420,2026-09-10,6100,Operating Expense,CC0007,PC007,-7043.42,USD,9,2026
JRN0001421,2026-01-24,4000,Revenue,CC0013,PC003,2224.42,USD,1,2026
JRN0001422,2026-09-14,6100,Operating Expense,CC0020,PC010,-48304.81,USD,9,2026
JRN0001423,2026-11-30,5000,COGS,CC0008,PC008,-514.34,USD,11,2026
JRN0001424,2026-08-27,4000,Revenue,CC0008,PC008,33081.15,USD,8,2026
JRN0001425,2025-07-23,6200,Operating Expense,CC0019,PC009,-44132.2,USD,7,2025
JRN0001426,2025-12-27,5000,COGS,CC0016,PC006,-42817.48,USD,12,2025
JRN0001427,2025-03-09,4000,Revenue,CC0016,PC006,45190.05,USD,3,2025
JRN0001428,2026-08-27,5000,COGS,CC0015,PC005,-14677.29,USD,8,2026
JRN0001429,2026-12-19,5000,COGS,CC0006,PC006,-19769.36,USD,12,2026
JRN0001430,2026-01-04,6100,Operating Expense,CC0014,PC004,-8296.54,USD,1,2026
JRN0001431,2025-09-05,6200,Operating Expense,CC0005,PC005,-3525.75,USD,9,2025
JRN0001432,2026-06-11,6200,Operating Expense,CC0015,PC005,-42527.98,USD,6,2026
JRN0001433,2025-09-14,4000,Revenue,CC0003,PC003,29752.24,USD,9,2025
JRN0001434,2025-10-18,6200,Operating Expense,CC0009,PC009,-39351.02,USD,10,2025
JRN0001435,2025-10-23,6100,Operating Expense,CC0014,PC004,-16768.22,USD,10,2025
JRN0001436,2026-10-18,6200,Operating Expense,CC0007,PC007,-1509.13,USD,10,2026
JRN0001437,2026-01-13,5000,COGS,CC0016,PC006,-6988.77,USD,1,2026
JRN0001438,2025-12-26,4000,Revenue,CC0018,PC008,28823.44,USD,12,2025
JRN0001439,2025-01-21,6200,Operating Expense,CC0006,PC006,-16820.98,USD,1,2025
JRN0001440,2025-01-28,5000,COGS,CC0015,PC005,-24976.14,USD,1,2025
JRN0001441,2026-02-13,4000,Revenue,CC0016,PC006,13200.17,USD,2,2026
JRN0001442,2026-06-19,4000,Revenue,CC0020,PC010,8322.38,USD,6,2026
JRN0001443,2026-05-10,4000,Revenue,CC0003,PC003,42443.24,USD,5,2026
JRN0001444,2026-06-08,5000,COGS,CC0017,PC007,-33291.11,USD,6,2026
JRN0001445,2025-02-26,6200,Operating Expense,CC0020,PC010,-34504.93,USD,2,2025
JRN0001446,2026-03-30,5000,COGS,CC0014,PC004,-24863.82,USD,3,2026
JRN0001447,2025-06-20,4000,Revenue,CC0014,PC004,29342.06,USD,6,2025
JRN0001448,2026-11-28,4000,Revenue,CC0015,PC005,19622.22,USD,11,2026
JRN0001449,2025-02-15,5000,COGS,CC0003,PC003,-2517.45,USD,2,2025
JRN0001450,2025-11-24,4000,Revenue,CC0009,PC009,18353.01,USD,11,2025
JRN0001451,2026-12-28,6100,Operating Expense,CC0003,PC003,-42356.48,USD,12,2026
JRN0001452,2025-06-25,5000,COGS,CC0020,PC010,-34569.92,USD,6,2025
JRN0001453,2026-11-24,5000,COGS,CC0019,PC009,-4138.91,USD,11,2026
JRN0001454,2026-01-11,6100,Operating Expense,CC0003,PC003,-25494.65,USD,1,2026
JRN0001455,2025-12-30,5000,COGS,CC0004,PC004,-5619.41,USD,12,2025
JRN0001456,2025-10-07,6200,Operating Expense,CC0015,PC005,-44073.87,USD,10,2025
JRN0001457,2026-08-07,4000,Revenue,CC0012,PC002,25802.35,USD,8,2026
JRN0001458,2026-02-28,6100,Operating Expense,CC0012,PC002,-4008.56,USD,2,2026
JRN0001459,2025-01-24,6100,Operating Expense,CC0012,PC002,-39755.65,USD,1,2025
JRN0001460,2026-07-05,6100,Operating Expense,CC0012,PC002,-23150.08,USD,7,2026
JRN0001461,2025-11-09,5000,COGS,CC0003,PC003,-6757.07,USD,11,2025
JRN0001462,2025-04-13,5000,COGS,CC0005,PC005,-32957.14,USD,4,2025
JRN0001463,2026-11-26,4000,Revenue,CC0019,PC009,39992.24,USD,11,2026
JRN0001464,2026-03-07,4000,Revenue,CC0011,PC001,20490.82,USD,3,2026
JRN0001465,2026-01-04,6200,Operating Expense,CC0014,PC004,-24213.57,USD,1,2026
JRN0001466,2025-06-20,4000,Revenue,CC0005,PC005,42712.44,USD,6,2025
JRN0001467,2026-10-27,4000,Revenue,CC0016,PC006,3156.57,USD,10,2026
JRN0001468,2025-12-22,6100,Operating Expense,CC0017,PC007,-31960.59,USD,12,2025
JRN0001469,2025-09-12,5000,COGS,CC0005,PC005,-11583.21,USD,9,2025
JRN0001470,2025-05-08,6200,Operating Expense,CC0011,PC001,-3004.3,USD,5,2025
JRN0001471,2026-08-15,4000,Revenue,CC0004,PC004,12505.79,USD,8,2026
JRN0001472,2025-05-20,6200,Operating Expense,CC0008,PC008,-4774.64,USD,5,2025
JRN0001473,2026-01-30,6200,Operating Expense,CC0015,PC005,-19189.94,USD,1,2026
JRN0001474,2026-03-15,5000,COGS,CC0003,PC003,-15197.59,USD,3,2026
JRN0001475,2025-02-02,6200,Operating Expense,CC0007,PC007,-26229.15,USD,2,2025
JRN0001476,2026-08-16,6100,Operating Expense,CC0004,PC004,-18040.69,USD,8,2026
JRN0001477,2026-06-09,4000,Revenue,CC0009,PC009,27150.36,USD,6,2026
JRN0001478,2025-08-24,6200,Operating Expense,CC0016,PC006,-3546.14,USD,8,2025
JRN0001479,2025-04-15,5000,COGS,CC0014,PC004,-36184.9,USD,4,2025
JRN0001480,2026-08-12,5000,COGS,CC0007,PC007,-10074.8,USD,8,2026
JRN0001481,2025-09-24,5000,COGS,CC0002,PC002,-19498.47,USD,9,2025
JRN0001482,2026-04-20,6200,Operating Expense,CC0015,PC005,-10763.52,USD,4,2026
JRN0001483,2026-07-05,6100,Operating Expense,CC0020,PC010,-23748.57,USD,7,2026
JRN0001484,2026-03-24,5000,COGS,CC0005,PC005,-20584.02,USD,3,2026
JRN0001485,2026-03-10,4000,Revenue,CC0012,PC002,13816.59,USD,3,2026
JRN0001486,2026-09-23,5000,COGS,CC0018,PC008,-11268.98,USD,9,2026
JRN0001487,2026-10-08,4000,Revenue,CC0003,PC003,4624.56,USD,10,2026
JRN0001488,2026-12-31,5000,COGS,CC0014,PC004,-28431.37,USD,12,2026
JRN0001489,2025-06-20,6100,Operating Expense,CC0019,PC009,-43381.1,USD,6,2025
JRN0001490,2025-02-20,6200,Operating Expense,CC0011,PC001,-21044.27,USD,2,2025
JRN0001491,2026-04-04,4000,Revenue,CC0020,PC010,30734.42,USD,4,2026
JRN0001492,2025-02-03,5000,COGS,CC0004,PC004,-40795.87,USD,2,2025
JRN0001493,2026-08-10,5000,COGS,CC0017,PC007,-27060.39,USD,8,2026
JRN0001494,2026-05-26,6100,Operating Expense,CC0001,PC001,-48700.41,USD,5,2026
JRN0001495,2026-04-24,4000,Revenue,CC0020,PC010,1428.76,USD,4,2026
JRN0001496,2026-10-26,6100,Operating Expense,CC0005,PC005,-42958.29,USD,10,2026
JRN0001497,2025-03-14,4000,Revenue,CC0011,PC001,24024.28,USD,3,2025
JRN0001498,2025-09-05,4000,Revenue,CC0020,PC010,20970.71,USD,9,2025
JRN0001499,2026-12-19,6100,Operating Expense,CC0015,PC005,-32921.81,USD,12,2026
JRN0001500,2026-04-18,6200,Operating Expense,CC0006,PC006,-23248.66,USD,4,2026
JRN0001501,2025-02-06,4000,Revenue,CC0020,PC010,35333.09,USD,2,2025
JRN0001502,2025-10-26,4000,Revenue,CC0006,PC006,19447.54,USD,10,2025
JRN0001503,2026-12-28,6100,Operating Expense,CC0013,PC003,-10506.99,USD,12,2026
JRN0001504,2025-08-18,5000,COGS,CC0013,PC003,-43116.94,USD,8,2025
JRN0001505,2026-08-08,6200,Operating Expense,CC0003,PC003,-18186.38,USD,8,2026
JRN0001506,2025-11-05,6200,Operating Expense,CC0006,PC006,-37385.17,USD,11,2025
JRN0001507,2025-10-14,6200,Operating Expense,CC0015,PC005,-26608.83,USD,10,2025
JRN0001508,2026-01-09,4000,Revenue,CC0017,PC007,36037.1,USD,1,2026
JRN0001509,2025-07-02,6200,Operating Expense,CC0014,PC004,-3596.84,USD,7,2025
JRN0001510,2026-06-09,4000,Revenue,CC0009,PC009,15826.76,USD,6,2026
JRN0001511,2025-09-13,4000,Revenue,CC0004,PC004,8949.28,USD,9,2025
JRN0001512,2026-10-29,4000,Revenue,CC0011,PC001,24352.63,USD,10,2026
JRN0001513,2026-09-21,6100,Operating Expense,CC0002,PC002,-9148.42,USD,9,2026
JRN0001514,2025-12-09,4000,Revenue,CC0003,PC003,17057.95,USD,12,2025
JRN0001515,2025-09-17,6100,Operating Expense,CC0016,PC006,-48528.88,USD,9,2025
JRN0001516,2025-01-17,4000,Revenue,CC0011,PC001,31105.67,USD,1,2025
JRN0001517,2025-04-11,4000,Revenue,CC0013,PC003,48894.85,USD,4,2025
JRN0001518,2025-02-09,5000,COGS,CC0018,PC008,-15857.85,USD,2,2025
JRN0001519,2025-01-24,6100,Operating Expense,CC0009,PC009,-23077.78,USD,1,2025
JRN0001520,2026-11-15,4000,Revenue,CC0016,PC006,39212.89,USD,11,2026
JRN0001521,2025-11-16,6200,Operating Expense,CC0011,PC001,-1832.09,USD,11,2025
JRN0001522,2025-11-21,6100,Operating Expense,CC0004,PC004,-29204.5,USD,11,2025
JRN0001523,2026-08-16,5000,COGS,CC0017,PC007,-24891.6,USD,8,2026
JRN0001524,2025-12-31,6200,Operating Expense,CC0002,PC002,-13304.19,USD,12,2025
JRN0001525,2025-08-23,5000,COGS,CC0008,PC008,-18358.3,USD,8,2025
JRN0001526,2025-11-22,6100,Operating Expense,CC0014,PC004,-28827.88,USD,11,2025
JRN0001527,2026-07-06,6100,Operating Expense,CC0017,PC007,-24409.63,USD,7,2026
JRN0001528,2026-01-12,6100,Operating Expense,CC0011,PC001,-5081.45,USD,1,2026
JRN0001529,2026-01-23,4000,Revenue,CC0006,PC006,41352.44,USD,1,2026
JRN0001530,2025-10-27,5000,COGS,CC0020,PC010,-43971.61,USD,10,2025
JRN0001531,2025-06-07,5000,COGS,CC0011,PC001,-12622.65,USD,6,2025
JRN0001532,2026-02-19,4000,Revenue,CC0011,PC001,34824.67,USD,2,2026
JRN0001533,2025-12-27,5000,COGS,CC0004,PC004,-24518.45,USD,12,2025
JRN0001534,2026-04-08,5000,COGS,CC0016,PC006,-26005.16,USD,4,2026
JRN0001535,2025-05-29,6200,Operating Expense,CC0001,PC001,-42389.83,USD,5,2025
JRN0001536,2026-04-23,6200,Operating Expense,CC0001,PC001,-42632.65,USD,4,2026
JRN0001537,2026-07-14,4000,Revenue,CC0012,PC002,11748.22,USD,7,2026
JRN0001538,2025-12-03,6200,Operating Expense,CC0017,PC007,-8544.63,USD,12,2025
JRN0001539,2025-03-03,4000,Revenue,CC0001,PC001,556.86,USD,3,2025
JRN0001540,2025-07-28,6100,Operating Expense,CC0006,PC006,-4625.27,USD,7,2025
JRN0001541,2025-05-31,5000,COGS,CC0007,PC007,-17457.68,USD,5,2025
JRN0001542,2025-12-28,6200,Operating Expense,CC0012,PC002,-18290.08,USD,12,2025
JRN0001543,2025-10-25,5000,COGS,CC0004,PC004,-35852.74,USD,10,2025
JRN0001544,2025-09-05,5000,COGS,CC0008,PC008,-11555.86,USD,9,2025
JRN0001545,2025-01-14,6100,Operating Expense,CC0020,PC010,-19101.5,USD,1,2025
JRN0001546,2026-12-21,5000,COGS,CC0019,PC009,-36461.22,USD,12,2026
JRN0001547,2025-11-18,6100,Operating Expense,CC0015,PC005,-48937.93,USD,11,2025
JRN0001548,2026-03-18,6100,Operating Expense,CC0016,PC006,-4291.25,USD,3,2026
JRN0001549,2026-07-15,6200,Operating Expense,CC0011,PC001,-43006.93,USD,7,2026
JRN0001550,2025-12-29,4000,Revenue,CC0014,PC004,5277.1,USD,12,2025
JRN0001551,2026-10-11,6200,Operating Expense,CC0003,PC003,-4040.74,USD,10,2026
JRN0001552,2025-03-22,5000,COGS,CC0018,PC008,-38856.81,USD,3,2025
JRN0001553,2026-05-26,4000,Revenue,CC0017,PC007,19202.44,USD,5,2026
JRN0001554,2026-01-04,6100,Operating Expense,CC0009,PC009,-18186.32,USD,1,2026
JRN0001555,2026-06-29,4000,Revenue,CC0009,PC009,44993.75,USD,6,2026
JRN0001556,2026-12-14,6100,Operating Expense,CC0005,PC005,-14322.63,USD,12,2026
JRN0001557,2025-06-15,5000,COGS,CC0005,PC005,-43571.26,USD,6,2025
JRN0001558,2026-12-19,6200,Operating Expense,CC0001,PC001,-22716.1,USD,12,2026
JRN0001559,2025-10-26,6200,Operating Expense,CC0012,PC002,-33345.82,USD,10,2025
JRN0001560,2026-08-20,6200,Operating Expense,CC0005,PC005,-29879.64,USD,8,2026
JRN0001561,2025-10-29,6200,Operating Expense,CC0007,PC007,-8880.3,USD,10,2025
JRN0001562,2025-01-30,6100,Operating Expense,CC0011,PC001,-7592.19,USD,1,2025
JRN0001563,2025-12-20,4000,Revenue,CC0009,PC009,48312.06,USD,12,2025
JRN0001564,2026-09-06,6200,Operating Expense,CC0002,PC002,-36370.19,USD,9,2026
JRN0001565,2025-11-29,5000,COGS,CC0007,PC007,-971.41,USD,11,2025
JRN0001566,2026-02-03,5000,COGS,CC0002,PC002,-45158.03,USD,2,2026
JRN0001567,2026-07-26,6200,Operating Expense,CC0008,PC008,-42861.89,USD,7,2026
JRN0001568,2025-02-12,6200,Operating Expense,CC0002,PC002,-41281.98,USD,2,2025
JRN0001569,2025-03-27,5000,COGS,CC0002,PC002,-47918.13,USD,3,2025
JRN0001570,2026-07-26,6100,Operating Expense,CC0020,PC010,-40868.32,USD,7,2026
JRN0001571,2025-10-15,6100,Operating Expense,CC0002,PC002,-7180.88,USD,10,2025
JRN0001572,2025-12-21,6200,Operating Expense,CC0001,PC001,-5125.84,USD,12,2025
JRN0001573,2026-10-08,6100,Operating Expense,CC0015,PC005,-46696.86,USD,10,2026
JRN0001574,2026-07-12,6100,Operating Expense,CC0003,PC003,-38737.22,USD,7,2026
JRN0001575,2025-12-30,6100,Operating Expense,CC0020,PC010,-25101.39,USD,12,2025
JRN0001576,2026-06-24,6100,Operating Expense,CC0013,PC003,-24484.54,USD,6,2026
JRN0001577,2026-05-24,6100,Operating Expense,CC0008,PC008,-1672.15,USD,5,2026
JRN0001578,2026-06-14,6200,Operating Expense,CC0020,PC010,-40401.48,USD,6,2026
JRN0001579,2025-02-28,6100,Operating Expense,CC0003,PC003,-7094.61,USD,2,2025
JRN0001580,2025-07-29,5000,COGS,CC0017,PC007,-8757.64,USD,7,2025
JRN0001581,2025-10-16,6200,Operating Expense,CC0015,PC005,-43976.97,USD,10,2025
JRN0001582,2026-12-23,5000,COGS,CC0015,PC005,-2821.08,USD,12,2026
JRN0001583,2025-08-17,6100,Operating Expense,CC0008,PC008,-25192.35,USD,8,2025
JRN0001584,2026-06-17,4000,Revenue,CC0006,PC006,5069.82,USD,6,2026
JRN0001585,2025-06-14,6200,Operating Expense,CC0018,PC008,-21973.56,USD,6,2025
JRN0001586,2025-06-28,5000,COGS,CC0015,PC005,-41778.92,USD,6,2025
JRN0001587,2025-01-24,4000,Revenue,CC0014,PC004,32981.5,USD,1,2025
JRN0001588,2025-09-12,4000,Revenue,CC0019,PC009,28114.69,USD,9,2025
JRN0001589,2026-11-23,6200,Operating Expense,CC0009,PC009,-47293.38,USD,11,2026
JRN0001590,2026-08-14,6100,Operating Expense,CC0001,PC001,-18756.87,USD,8,2026
JRN0001591,2025-11-30,5000,COGS,CC0005,PC005,-40623.58,USD,11,2025
JRN0001592,2026-11-15,6100,Operating Expense,CC0004,PC004,-24877.42,USD,11,2026
JRN0001593,2025-10-22,5000,COGS,CC0018,PC008,-26849.54,USD,10,2025
JRN0001594,2026-07-20,5000,COGS,CC0018,PC008,-1304.13,USD,7,2026
JRN0001595,2026-01-18,6100,Operating Expense,CC0003,PC003,-12195.74,USD,1,2026
JRN0001596,2026-04-20,4000,Revenue,CC0010,PC010,15909.95,USD,4,2026
JRN0001597,2025-08-15,6100,Operating Expense,CC0010,PC010,-16764.4,USD,8,2025
JRN0001598,2026-12-08,5000,COGS,CC0006,PC006,-23656.74,USD,12,2026
JRN0001599,2025-08-15,5000,COGS,CC0013,PC003,-3441.98,USD,8,2025
JRN0001600,2025-12-09,4000,Revenue,CC0017,PC007,39360.63,USD,12,2025
JRN0001601,2026-10-22,5000,COGS,CC0008,PC008,-32476.88,USD,10,2026
JRN0001602,2026-08-06,5000,COGS,CC0007,PC007,-13181.3,USD,8,2026
JRN0001603,2026-12-02,6200,Operating Expense,CC0007,PC007,-25953.4,USD,12,2026
JRN0001604,2025-11-22,5000,COGS,CC0009,PC009,-24242.65,USD,11,2025
JRN0001605,2025-08-10,6100,Operating Expense,CC0017,PC007,-39129.59,USD,8,2025
JRN0001606,2025-07-26,6100,Operating Expense,CC0017,PC007,-40591.63,USD,7,2025
JRN0001607,2026-08-24,6200,Operating Expense,CC0020,PC010,-5016.43,USD,8,2026
JRN0001608,2025-01-01,5000,COGS,CC0010,PC010,-25962.89,USD,1,2025
JRN0001609,2025-03-02,6200,Operating Expense,CC0008,PC008,-48279.3,USD,3,2025
JRN0001610,2025-04-16,4000,Revenue,CC0005,PC005,8303.51,USD,4,2025
JRN0001611,2026-06-27,6100,Operating Expense,CC0020,PC010,-40011.75,USD,6,2026
JRN0001612,2026-01-26,6200,Operating Expense,CC0001,PC001,-18717.83,USD,1,2026
JRN0001613,2026-12-20,4000,Revenue,CC0011,PC001,16667.85,USD,12,2026
JRN0001614,2026-03-15,6100,Operating Expense,CC0015,PC005,-12369.19,USD,3,2026
JRN0001615,2025-10-30,5000,COGS,CC0009,PC009,-47960.14,USD,10,2025
JRN0001616,2026-04-28,6100,Operating Expense,CC0013,PC003,-27675.84,USD,4,2026
JRN0001617,2025-06-09,5000,COGS,CC0002,PC002,-7854.6,USD,6,2025
JRN0001618,2026-01-20,5000,COGS,CC0020,PC010,-17007.23,USD,1,2026
JRN0001619,2025-04-05,6100,Operating Expense,CC0013,PC003,-23692.63,USD,4,2025
JRN0001620,2026-02-02,5000,COGS,CC0017,PC007,-12962.78,USD,2,2026
JRN0001621,2025-07-09,6200,Operating Expense,CC0018,PC008,-45985.06,USD,7,2025
JRN0001622,2026-05-11,6100,Operating Expense,CC0016,PC006,-10738.3,USD,5,2026
JRN0001623,2026-08-10,5000,COGS,CC0007,PC007,-968.37,USD,8,2026
JRN0001624,2025-08-07,6100,Operating Expense,CC0001,PC001,-43823.05,USD,8,2025
JRN0001625,2025-10-05,6200,Operating Expense,CC0013,PC003,-39532.4,USD,10,2025
JRN0001626,2025-04-27,4000,Revenue,CC0020,PC010,31628.12,USD,4,2025
JRN0001627,2025-10-13,6200,Operating Expense,CC0005,PC005,-12782.26,USD,10,2025
JRN0001628,2025-02-08,4000,Revenue,CC0009,PC009,35721.01,USD,2,2025
JRN0001629,2026-01-12,6200,Operating Expense,CC0001,PC001,-5276.52,USD,1,2026
JRN0001630,2026-06-21,6100,Operating Expense,CC0004,PC004,-19070.85,USD,6,2026
JRN0001631,2026-03-28,4000,Revenue,CC0017,PC007,39295.46,USD,3,2026
JRN0001632,2026-10-06,4000,Revenue,CC0015,PC005,23237.25,USD,10,2026
JRN0001633,2026-08-10,6200,Operating Expense,CC0017,PC007,-39641.99,USD,8,2026
JRN0001634,2026-01-18,5000,COGS,CC0017,PC007,-7957.01,USD,1,2026
JRN0001635,2026-09-19,6200,Operating Expense,CC0005,PC005,-32683.5,USD,9,2026
JRN0001636,2025-09-27,4000,Revenue,CC0008,PC008,34239.93,USD,9,2025
JRN0001637,2025-01-13,6100,Operating Expense,CC0004,PC004,-20111.3,USD,1,2025
JRN0001638,2026-07-04,6100,Operating Expense,CC0007,PC007,-36659.45,USD,7,2026
JRN0001639,2025-12-26,4000,Revenue,CC0013,PC003,30284.84,USD,12,2025
JRN0001640,2025-03-09,4000,Revenue,CC0008,PC008,19446.3,USD,3,2025
JRN0001641,2025-10-09,6200,Operating Expense,CC0002,PC002,-28331.86,USD,10,2025
JRN0001642,2026-05-11,5000,COGS,CC0012,PC002,-12131.92,USD,5,2026
JRN0001643,2026-04-17,6200,Operating Expense,CC0010,PC010,-14618.29,USD,4,2026
JRN0001644,2026-08-19,4000,Revenue,CC0013,PC003,46416.09,USD,8,2026
JRN0001645,2025-09-27,6200,Operating Expense,CC0020,PC010,-27653.75,USD,9,2025
JRN0001646,2026-08-11,4000,Revenue,CC0019,PC009,5173.09,USD,8,2026
JRN0001647,2026-08-19,6200,Operating Expense,CC0013,PC003,-20300.56,USD,8,2026
JRN0001648,2026-11-18,4000,Revenue,CC0014,PC004,29767.94,USD,11,2026
JRN0001649,2025-08-09,4000,Revenue,CC0007,PC007,22148.69,USD,8,2025
JRN0001650,2025-05-06,5000,COGS,CC0013,PC003,-10803.13,USD,5,2025
JRN0001651,2026-06-05,6200,Operating Expense,CC0015,PC005,-13311.68,USD,6,2026
JRN0001652,2025-03-29,6200,Operating Expense,CC0014,PC004,-7220.36,USD,3,2025
JRN0001653,2026-10-16,6100,Operating Expense,CC0006,PC006,-49641.93,USD,10,2026
JRN0001654,2026-08-22,6100,Operating Expense,CC0015,PC005,-47498.55,USD,8,2026
JRN0001655,2025-07-07,5000,COGS,CC0010,PC010,-26269.08,USD,7,2025
JRN0001656,2025-07-26,6200,Operating Expense,CC0006,PC006,-49589.2,USD,7,2025
JRN0001657,2026-02-19,6200,Operating Expense,CC0011,PC001,-33611.91,USD,2,2026
JRN0001658,2025-10-19,5000,COGS,CC0011,PC001,-488.35,USD,10,2025
JRN0001659,2025-11-20,5000,COGS,CC0001,PC001,-19279.23,USD,11,2025
JRN0001660,2025-09-20,6100,Operating Expense,CC0012,PC002,-44050.76,USD,9,2025
JRN0001661,2026-11-20,6200,Operating Expense,CC0006,PC006,-22635.3,USD,11,2026
JRN0001662,2026-05-30,5000,COGS,CC0010,PC010,-2399.12,USD,5,2026
JRN0001663,2025-12-12,6200,Operating Expense,CC0016,PC006,-15891.35,USD,12,2025
JRN0001664,2026-10-05,6100,Operating Expense,CC0007,PC007,-4472.39,USD,10,2026
JRN0001665,2025-07-17,5000,COGS,CC0003,PC003,-35503.64,USD,7,2025
JRN0001666,2025-03-23,6100,Operating Expense,CC0020,PC010,-43352.86,USD,3,2025
JRN0001667,2025-08-06,6200,Operating Expense,CC0002,PC002,-8843.27,USD,8,2025
JRN0001668,2025-03-10,6100,Operating Expense,CC0019,PC009,-19770.37,USD,3,2025
JRN0001669,2025-12-05,6200,Operating Expense,CC0003,PC003,-17199.54,USD,12,2025
JRN0001670,2025-12-20,5000,COGS,CC0013,PC003,-14196.57,USD,12,2025
JRN0001671,2025-09-08,5000,COGS,CC0020,PC010,-26398.26,USD,9,2025
JRN0001672,2026-06-23,5000,COGS,CC0020,PC010,-27381.72,USD,6,2026
JRN0001673,2026-02-02,5000,COGS,CC0008,PC008,-11565.44,USD,2,2026
JRN0001674,2025-11-19,5000,COGS,CC0013,PC003,-44354.29,USD,11,2025
JRN0001675,2026-06-16,6100,Operating Expense,CC0001,PC001,-24352.81,USD,6,2026
JRN0001676,2025-10-27,4000,Revenue,CC0012,PC002,4663.93,USD,10,2025
JRN0001677,2025-07-03,6200,Operating Expense,CC0016,PC006,-11106.88,USD,7,2025
JRN0001678,2026-12-14,5000,COGS,CC0001,PC001,-41666.04,USD,12,2026
JRN0001679,2025-04-04,4000,Revenue,CC0008,PC008,12316.68,USD,4,2025
JRN0001680,2026-08-11,6100,Operating Expense,CC0010,PC010,-31129.74,USD,8,2026
JRN0001681,2026-11-28,5000,COGS,CC0013,PC003,-39231.47,USD,11,2026
JRN0001682,2025-05-25,6100,Operating Expense,CC0008,PC008,-15417.76,USD,5,2025
JRN0001683,2026-08-06,6100,Operating Expense,CC0020,PC010,-29099.32,USD,8,2026
JRN0001684,2026-04-02,6200,Operating Expense,CC0016,PC006,-5787.91,USD,4,2026
JRN0001685,2025-04-05,6100,Operating Expense,CC0014,PC004,-2904.26,USD,4,2025
JRN0001686,2026-11-07,6100,Operating Expense,CC0004,PC004,-35519.67,USD,11,2026
JRN0001687,2026-08-17,6200,Operating Expense,CC0004,PC004,-7331.13,USD,8,2026
JRN0001688,2026-01-31,6200,Operating Expense,CC0012,PC002,-32085.19,USD,1,2026
JRN0001689,2026-01-24,4000,Revenue,CC0001,PC001,49784.61,USD,1,2026
JRN0001690,2026-06-05,5000,COGS,CC0002,PC002,-35405.53,USD,6,2026
JRN0001691,2026-06-12,4000,Revenue,CC0015,PC005,22250.11,USD,6,2026
JRN0001692,2026-12-08,4000,Revenue,CC0019,PC009,19355.77,USD,12,2026
JRN0001693,2026-12-10,6100,Operating Expense,CC0009,PC009,-45027.83,USD,12,2026
JRN0001694,2026-05-14,6100,Operating Expense,CC0010,PC010,-21208.94,USD,5,2026
JRN0001695,2026-07-20,5000,COGS,CC0001,PC001,-26663.3,USD,7,2026
JRN0001696,2026-06-20,4000,Revenue,CC0001,PC001,1672.78,USD,6,2026
JRN0001697,2026-09-04,5000,COGS,CC0014,PC004,-32986.15,USD,9,2026
JRN0001698,2026-09-21,5000,COGS,CC0014,PC004,-30182.57,USD,9,2026
JRN0001699,2025-09-05,5000,COGS,CC0001,PC001,-939.31,USD,9,2025
JRN0001700,2025-07-07,6100,Operating Expense,CC0001,PC001,-14898.14,USD,7,2025
JRN0001701,2026-12-02,5000,COGS,CC0003,PC003,-37283.01,USD,12,2026
JRN0001702,2025-11-01,6200,Operating Expense,CC0002,PC002,-32517.91,USD,11,2025
JRN0001703,2025-06-30,6100,Operating Expense,CC0007,PC007,-46678.36,USD,6,2025
JRN0001704,2025-08-24,6200,Operating Expense,CC0020,PC010,-12142.97,USD,8,2025
JRN0001705,2026-04-28,6200,Operating Expense,CC0010,PC010,-39215.93,USD,4,2026
JRN0001706,2025-05-26,6200,Operating Expense,CC0019,PC009,-1235.78,USD,5,2025
JRN0001707,2025-02-21,6100,Operating Expense,CC0013,PC003,-37143.4,USD,2,2025
JRN0001708,2026-01-30,4000,Revenue,CC0012,PC002,8508.47,USD,1,2026
JRN0001709,2026-05-23,4000,Revenue,CC0009,PC009,23053.12,USD,5,2026
JRN0001710,2026-03-27,4000,Revenue,CC0019,PC009,10348.7,USD,3,2026
JRN0001711,2025-11-02,6100,Operating Expense,CC0020,PC010,-17078.47,USD,11,2025
JRN0001712,2025-06-13,5000,COGS,CC0002,PC002,-24056.59,USD,6,2025
JRN0001713,2026-08-22,6200,Operating Expense,CC0007,PC007,-7965.46,USD,8,2026
JRN0001714,2025-05-11,4000,Revenue,CC0018,PC008,32999.52,USD,5,2025
JRN0001715,2025-04-11,6100,Operating Expense,CC0001,PC001,-7970.89,USD,4,2025
JRN0001716,2026-04-25,5000,COGS,CC0020,PC010,-21696.21,USD,4,2026
JRN0001717,2026-07-24,4000,Revenue,CC0008,PC008,36433.17,USD,7,2026
JRN0001718,2025-05-21,5000,COGS,CC0005,PC005,-41610.98,USD,5,2025
JRN0001719,2026-10-25,6200,Operating Expense,CC0009,PC009,-24241.33,USD,10,2026
JRN0001720,2026-05-28,4000,Revenue,CC0007,PC007,6358.71,USD,5,2026
JRN0001721,2026-06-17,6100,Operating Expense,CC0013,PC003,-37320.47,USD,6,2026
JRN0001722,2026-01-19,6100,Operating Expense,CC0014,PC004,-5942.85,USD,1,2026
JRN0001723,2026-09-30,5000,COGS,CC0013,PC003,-48352.29,USD,9,2026
JRN0001724,2026-01-28,6100,Operating Expense,CC0015,PC005,-4638.14,USD,1,2026
JRN0001725,2025-04-02,4000,Revenue,CC0019,PC009,28595.56,USD,4,2025
JRN0001726,2026-07-07,6200,Operating Expense,CC0002,PC002,-26252.79,USD,7,2026
JRN0001727,2026-03-28,4000,Revenue,CC0008,PC008,19977.03,USD,3,2026
JRN0001728,2026-05-05,5000,COGS,CC0019,PC009,-36616.32,USD,5,2026
JRN0001729,2025-05-02,4000,Revenue,CC0012,PC002,15643.49,USD,5,2025
JRN0001730,2025-01-09,6200,Operating Expense,CC0013,PC003,-25730.34,USD,1,2025
JRN0001731,2026-11-08,4000,Revenue,CC0014,PC004,42878.89,USD,11,2026
JRN0001732,2026-08-25,6100,Operating Expense,CC0011,PC001,-28405.21,USD,8,2026
JRN0001733,2026-05-28,5000,COGS,CC0015,PC005,-5091.63,USD,5,2026
JRN0001734,2025-06-01,6200,Operating Expense,CC0004,PC004,-15677.7,USD,6,2025
JRN0001735,2025-12-31,6200,Operating Expense,CC0005,PC005,-6286.03,USD,12,2025
JRN0001736,2025-08-24,4000,Revenue,CC0018,PC008,16903.14,USD,8,2025
JRN0001737,2025-10-02,6100,Operating Expense,CC0002,PC002,-17430.71,USD,10,2025
JRN0001738,2026-02-16,6200,Operating Expense,CC0014,PC004,-46523.44,USD,2,2026
JRN0001739,2026-09-17,6100,Operating Expense,CC0008,PC008,-32595.94,USD,9,2026
JRN0001740,2026-05-09,6200,Operating Expense,CC0020,PC010,-938.37,USD,5,2026
JRN0001741,2025-05-15,6200,Operating Expense,CC0003,PC003,-7292.23,USD,5,2025
JRN0001742,2025-02-22,6200,Operating Expense,CC0003,PC003,-48125.13,USD,2,2025
JRN0001743,2025-12-20,4000,Revenue,CC0020,PC010,38011.53,USD,12,2025
JRN0001744,2026-05-21,4000,Revenue,CC0018,PC008,49200.55,USD,5,2026
JRN0001745,2025-12-29,4000,Revenue,CC0005,PC005,4665.47,USD,12,2025
JRN0001746,2026-04-13,4000,Revenue,CC0002,PC002,43202.37,USD,4,2026
JRN0001747,2026-02-01,6200,Operating Expense,CC0012,PC002,-22319.42,USD,2,2026
JRN0001748,2026-06-05,6100,Operating Expense,CC0013,PC003,-37707.98,USD,6,2026
JRN0001749,2025-09-01,4000,Revenue,CC0012,PC002,5432.02,USD,9,2025
JRN0001750,2025-12-30,6200,Operating Expense,CC0019,PC009,-38478.29,USD,12,2025
JRN0001751,2025-06-10,4000,Revenue,CC0015,PC005,2494.97,USD,6,2025
JRN0001752,2026-08-27,6200,Operating Expense,CC0004,PC004,-7543.96,USD,8,2026
JRN0001753,2026-01-17,4000,Revenue,CC0014,PC004,47970.82,USD,1,2026
JRN0001754,2026-07-03,6200,Operating Expense,CC0020,PC010,-43243.7,USD,7,2026
JRN0001755,2025-06-08,6100,Operating Expense,CC0004,PC004,-30795.4,USD,6,2025
JRN0001756,2025-02-10,6100,Operating Expense,CC0009,PC009,-13369.35,USD,2,2025
JRN0001757,2025-12-27,4000,Revenue,CC0004,PC004,19556.66,USD,12,2025
JRN0001758,2025-10-29,6200,Operating Expense,CC0020,PC010,-14944.73,USD,10,2025
JRN0001759,2025-03-28,6200,Operating Expense,CC0019,PC009,-24768.87,USD,3,2025
JRN0001760,2026-11-16,6200,Operating Expense,CC0004,PC004,-12407.38,USD,11,2026
JRN0001761,2025-05-20,6200,Operating Expense,CC0014,PC004,-15373.33,USD,5,2025
JRN0001762,2025-06-02,5000,COGS,CC0008,PC008,-37268.17,USD,6,2025
JRN0001763,2025-03-13,6100,Operating Expense,CC0001,PC001,-17752.79,USD,3,2025
JRN0001764,2026-03-11,6100,Operating Expense,CC0007,PC007,-17027.78,USD,3,2026
JRN0001765,2025-05-13,6100,Operating Expense,CC0003,PC003,-15266.75,USD,5,2025
JRN0001766,2026-12-14,6100,Operating Expense,CC0013,PC003,-47354.69,USD,12,2026
JRN0001767,2026-10-31,6100,Operating Expense,CC0009,PC009,-27697.71,USD,10,2026
JRN0001768,2025-05-04,5000,COGS,CC0020,PC010,-14822.35,USD,5,2025
JRN0001769,2025-12-28,5000,COGS,CC0018,PC008,-1926.38,USD,12,2025
JRN0001770,2025-01-11,5000,COGS,CC0005,PC005,-19693.65,USD,1,2025
JRN0001771,2025-09-20,6200,Operating Expense,CC0010,PC010,-19515.71,USD,9,2025
JRN0001772,2025-04-15,4000,Revenue,CC0003,PC003,15358.94,USD,4,2025
JRN0001773,2025-09-20,6200,Operating Expense,CC0014,PC004,-39642.14,USD,9,2025
JRN0001774,2025-06-22,4000,Revenue,CC0001,PC001,24318.61,USD,6,2025
JRN0001775,2025-12-15,4000,Revenue,CC0011,PC001,13200.97,USD,12,2025
JRN0001776,2026-06-14,6200,Operating Expense,CC0019,PC009,-11087.08,USD,6,2026
JRN0001777,2026-09-14,4000,Revenue,CC0006,PC006,35200.1,USD,9,2026
JRN0001778,2025-11-25,5000,COGS,CC0013,PC003,-3152.8,USD,11,2025
JRN0001779,2025-02-08,6100,Operating Expense,CC0020,PC010,-42026.79,USD,2,2025
JRN0001780,2025-03-05,6200,Operating Expense,CC0020,PC010,-46591.73,USD,3,2025
JRN0001781,2026-03-16,6200,Operating Expense,CC0014,PC004,-1395.38,USD,3,2026
JRN0001782,2026-02-01,6100,Operating Expense,CC0005,PC005,-41338.88,USD,2,2026
JRN0001783,2025-02-22,6100,Operating Expense,CC0016,PC006,-21278.84,USD,2,2025
JRN0001784,2026-02-04,6200,Operating Expense,CC0001,PC001,-14232.17,USD,2,2026
JRN0001785,2025-02-11,5000,COGS,CC0001,PC001,-40794.44,USD,2,2025
JRN0001786,2026-12-03,6200,Operating Expense,CC0004,PC004,-38395.46,USD,12,2026
JRN0001787,2025-08-05,6200,Operating Expense,CC0006,PC006,-14335.58,USD,8,2025
JRN0001788,2026-01-08,6200,Operating Expense,CC0012,PC002,-7956.55,USD,1,2026
JRN0001789,2025-09-22,5000,COGS,CC0012,PC002,-8251.54,USD,9,2025
JRN0001790,2025-01-25,6200,Operating Expense,CC0012,PC002,-11326.21,USD,1,2025
JRN0001791,2025-09-17,4000,Revenue,CC0010,PC010,46300.72,USD,9,2025
JRN0001792,2026-10-29,5000,COGS,CC0015,PC005,-26052.82,USD,10,2026
JRN0001793,2025-11-11,6100,Operating Expense,CC0019,PC009,-11040.61,USD,11,2025
JRN0001794,2026-10-20,5000,COGS,CC0012,PC002,-31449.74,USD,10,2026
JRN0001795,2026-10-22,4000,Revenue,CC0014,PC004,1867.65,USD,10,2026
JRN0001796,2026-01-21,4000,Revenue,CC0008,PC008,48017.67,USD,1,2026
JRN0001797,2026-11-21,5000,COGS,CC0013,PC003,-25730.58,USD,11,2026
JRN0001798,2026-04-01,6100,Operating Expense,CC0018,PC008,-2005.07,USD,4,2026
JRN0001799,2026-03-17,6100,Operating Expense,CC0017,PC007,-33975.42,USD,3,2026
JRN0001800,2026-02-27,5000,COGS,CC0002,PC002,-49141.59,USD,2,2026
JRN0001801,2025-11-27,5000,COGS,CC0017,PC007,-10660.49,USD,11,2025
JRN0001802,2026-09-18,6200,Operating Expense,CC0005,PC005,-18784.81,USD,9,2026
JRN0001803,2025-05-19,4000,Revenue,CC0001,PC001,319.04,USD,5,2025
JRN0001804,2026-05-15,6100,Operating Expense,CC0020,PC010,-12373.42,USD,5,2026
JRN0001805,2026-08-15,6200,Operating Expense,CC0010,PC010,-23236.71,USD,8,2026
JRN0001806,2025-03-26,6100,Operating Expense,CC0007,PC007,-47577.68,USD,3,2025
JRN0001807,2026-07-13,5000,COGS,CC0014,PC004,-7818.19,USD,7,2026
JRN0001808,2026-06-30,5000,COGS,CC0002,PC002,-3878.17,USD,6,2026
JRN0001809,2025-07-17,4000,Revenue,CC0003,PC003,16331.79,USD,7,2025
JRN0001810,2025-04-30,6100,Operating Expense,CC0012,PC002,-24987.48,USD,4,2025
JRN0001811,2026-06-24,4000,Revenue,CC0005,PC005,2216.79,USD,6,2026
JRN0001812,2026-02-24,5000,COGS,CC0002,PC002,-29048.71,USD,2,2026
JRN0001813,2026-09-21,5000,COGS,CC0020,PC010,-2656.21,USD,9,2026
JRN0001814,2026-10-28,6200,Operating Expense,CC0006,PC006,-24100.22,USD,10,2026
JRN0001815,2025-03-04,5000,COGS,CC0014,PC004,-10743.07,USD,3,2025
JRN0001816,2026-12-03,4000,Revenue,CC0008,PC008,17382.24,USD,12,2026
JRN0001817,2026-09-27,6100,Operating Expense,CC0011,PC001,-17502.53,USD,9,2026
JRN0001818,2025-03-28,5000,COGS,CC0003,PC003,-13790.45,USD,3,2025
JRN0001819,2026-01-22,4000,Revenue,CC0007,PC007,35518.8,USD,1,2026
JRN0001820,2025-01-10,6200,Operating Expense,CC0013,PC003,-23675.42,USD,1,2025
JRN0001821,2025-07-31,4000,Revenue,CC0004,PC004,11597.06,USD,7,2025
JRN0001822,2025-07-25,6200,Operating Expense,CC0009,PC009,-21798.88,USD,7,2025
JRN0001823,2025-12-07,6200,Operating Expense,CC0005,PC005,-37091.96,USD,12,2025
JRN0001824,2026-04-09,5000,COGS,CC0008,PC008,-32760.21,USD,4,2026
JRN0001825,2026-09-20,5000,COGS,CC0011,PC001,-41025.98,USD,9,2026
JRN0001826,2026-03-14,6200,Operating Expense,CC0013,PC003,-17851.35,USD,3,2026
JRN0001827,2025-07-28,4000,Revenue,CC0001,PC001,47690.62,USD,7,2025
JRN0001828,2025-01-12,5000,COGS,CC0003,PC003,-1809.6,USD,1,2025
JRN0001829,2026-05-19,6200,Operating Expense,CC0001,PC001,-22247.92,USD,5,2026
JRN0001830,2025-02-12,4000,Revenue,CC0002,PC002,42234.76,USD,2,2025
JRN0001831,2025-05-25,6200,Operating Expense,CC0007,PC007,-8884.17,USD,5,2025
JRN0001832,2025-05-10,4000,Revenue,CC0009,PC009,49950.16,USD,5,2025
JRN0001833,2026-09-26,6100,Operating Expense,CC0001,PC001,-31994.65,USD,9,2026
JRN0001834,2025-10-16,6200,Operating Expense,CC0005,PC005,-40410.68,USD,10,2025
JRN0001835,2026-11-11,5000,COGS,CC0003,PC003,-24300.89,USD,11,2026
JRN0001836,2025-08-29,6200,Operating Expense,CC0009,PC009,-18861.25,USD,8,2025
JRN0001837,2025-07-01,6200,Operating Expense,CC0009,PC009,-29581.81,USD,7,2025
JRN0001838,2026-08-20,6100,Operating Expense,CC0020,PC010,-17023.63,USD,8,2026
JRN0001839,2025-08-08,6200,Operating Expense,CC0018,PC008,-12615.22,USD,8,2025
JRN0001840,2026-03-11,6100,Operating Expense,CC0015,PC005,-49730.53,USD,3,2026
JRN0001841,2025-01-21,5000,COGS,CC0014,PC004,-15010.5,USD,1,2025
JRN0001842,2025-02-11,4000,Revenue,CC0009,PC009,1347.34,USD,2,2025
JRN0001843,2025-07-05,5000,COGS,CC0009,PC009,-341.19,USD,7,2025
JRN0001844,2025-12-12,6100,Operating Expense,CC0004,PC004,-38519.58,USD,12,2025
JRN0001845,2025-12-07,6100,Operating Expense,CC0014,PC004,-12746.49,USD,12,2025
JRN0001846,2026-08-09,5000,COGS,CC0011,PC001,-43551.11,USD,8,2026
JRN0001847,2026-01-03,5000,COGS,CC0013,PC003,-31214.77,USD,1,2026
JRN0001848,2025-10-30,5000,COGS,CC0014,PC004,-7242.66,USD,10,2025
JRN0001849,2025-10-09,4000,Revenue,CC0008,PC008,33676.2,USD,10,2025
JRN0001850,2025-09-22,5000,COGS,CC0016,PC006,-28394.54,USD,9,2025
JRN0001851,2025-05-01,6200,Operating Expense,CC0004,PC004,-34085.23,USD,5,2025
JRN0001852,2025-11-01,5000,COGS,CC0004,PC004,-10395.54,USD,11,2025
JRN0001853,2025-09-06,4000,Revenue,CC0020,PC010,41160.35,USD,9,2025
JRN0001854,2025-10-19,5000,COGS,CC0007,PC007,-29307.91,USD,10,2025
JRN0001855,2025-08-09,6100,Operating Expense,CC0017,PC007,-10030.66,USD,8,2025
JRN0001856,2025-06-04,6200,Operating Expense,CC0010,PC010,-9769.98,USD,6,2025
JRN0001857,2026-01-04,6200,Operating Expense,CC0003,PC003,-41892.9,USD,1,2026
JRN0001858,2025-10-05,4000,Revenue,CC0019,PC009,49953.73,USD,10,2025
JRN0001859,2025-01-12,6100,Operating Expense,CC0019,PC009,-31967.12,USD,1,2025
JRN0001860,2026-09-03,4000,Revenue,CC0014,PC004,11219.51,USD,9,2026
JRN0001861,2025-03-10,5000,COGS,CC0015,PC005,-36714.27,USD,3,2025
JRN0001862,2026-04-28,6200,Operating Expense,CC0001,PC001,-25295.02,USD,4,2026
JRN0001863,2025-11-10,4000,Revenue,CC0018,PC008,6993.37,USD,11,2025
JRN0001864,2026-02-20,4000,Revenue,CC0007,PC007,32766.99,USD,2,2026
JRN0001865,2025-08-04,6200,Operating Expense,CC0004,PC004,-30753.12,USD,8,2025
JRN0001866,2026-08-10,5000,COGS,CC0016,PC006,-28158.39,USD,8,2026
JRN0001867,2026-02-07,4000,Revenue,CC0001,PC001,41889.81,USD,2,2026
JRN0001868,2025-04-07,6100,Operating Expense,CC0002,PC002,-39062.81,USD,4,2025
JRN0001869,2025-12-10,6200,Operating Expense,CC0005,PC005,-15430.13,USD,12,2025
JRN0001870,2026-04-29,6200,Operating Expense,CC0018,PC008,-24026.54,USD,4,2026
JRN0001871,2026-06-11,6100,Operating Expense,CC0017,PC007,-13492.86,USD,6,2026
JRN0001872,2025-03-18,5000,COGS,CC0005,PC005,-3665.13,USD,3,2025
JRN0001873,2025-02-22,6100,Operating Expense,CC0015,PC005,-44654.61,USD,2,2025
JRN0001874,2026-08-21,6100,Operating Expense,CC0017,PC007,-11232.56,USD,8,2026
JRN0001875,2025-11-06,6100,Operating Expense,CC0014,PC004,-48210.81,USD,11,2025
JRN0001876,2026-04-04,6200,Operating Expense,CC0016,PC006,-37404.86,USD,4,2026
JRN0001877,2025-03-01,6100,Operating Expense,CC0008,PC008,-43849.68,USD,3,2025
JRN0001878,2025-03-02,6100,Operating Expense,CC0007,PC007,-40691.91,USD,3,2025
JRN0001879,2025-02-24,4000,Revenue,CC0004,PC004,37453.04,USD,2,2025
JRN0001880,2025-01-13,5000,COGS,CC0003,PC003,-16093.32,USD,1,2025
JRN0001881,2025-12-31,4000,Revenue,CC0006,PC006,11953.06,USD,12,2025
JRN0001882,2025-07-19,5000,COGS,CC0014,PC004,-5270.56,USD,7,2025
JRN0001883,2026-03-05,5000,COGS,CC0016,PC006,-12261.8,USD,3,2026
JRN0001884,2026-10-04,6200,Operating Expense,CC0002,PC002,-37484.68,USD,10,2026
JRN0001885,2026-11-16,6100,Operating Expense,CC0004,PC004,-19882.47,USD,11,2026
JRN0001886,2026-05-31,4000,Revenue,CC0007,PC007,28866.01,USD,5,2026
JRN0001887,2026-01-03,6100,Operating Expense,CC0005,PC005,-14457.05,USD,1,2026
JRN0001888,2025-08-09,4000,Revenue,CC0018,PC008,19390.38,USD,8,2025
JRN0001889,2026-04-18,5000,COGS,CC0003,PC003,-32973.62,USD,4,2026
JRN0001890,2025-06-20,5000,COGS,CC0020,PC010,-11903.59,USD,6,2025
JRN0001891,2026-01-15,4000,Revenue,CC0014,PC004,24032.13,USD,1,2026
JRN0001892,2026-08-01,5000,COGS,CC0015,PC005,-14889.22,USD,8,2026
JRN0001893,2025-03-30,6200,Operating Expense,CC0004,PC004,-2740.89,USD,3,2025
JRN0001894,2026-06-19,6100,Operating Expense,CC0008,PC008,-27120.39,USD,6,2026
JRN0001895,2025-03-08,6200,Operating Expense,CC0017,PC007,-13090.08,USD,3,2025
JRN0001896,2026-08-15,4000,Revenue,CC0016,PC006,13432.66,USD,8,2026
JRN0001897,2025-07-08,6100,Operating Expense,CC0011,PC001,-42328.33,USD,7,2025
JRN0001898,2026-11-14,5000,COGS,CC0002,PC002,-44707.06,USD,11,2026
JRN0001899,2025-08-22,6100,Operating Expense,CC0019,PC009,-35646.4,USD,8,2025
JRN0001900,2025-12-27,4000,Revenue,CC0008,PC008,26852.27,USD,12,2025
JRN0001901,2026-10-31,4000,Revenue,CC0017,PC007,37118.44,USD,10,2026
JRN0001902,2026-04-15,6200,Operating Expense,CC0004,PC004,-13446.09,USD,4,2026
JRN0001903,2026-10-12,6200,Operating Expense,CC0004,PC004,-30187.76,USD,10,2026
JRN0001904,2025-09-23,4000,Revenue,CC0010,PC010,17091.63,USD,9,2025
JRN0001905,2026-10-17,4000,Revenue,CC0019,PC009,14811.3,USD,10,2026
JRN0001906,2026-06-10,6200,Operating Expense,CC0020,PC010,-46911.68,USD,6,2026
JRN0001907,2026-10-28,6100,Operating Expense,CC0012,PC002,-44777.92,USD,10,2026
JRN0001908,2025-06-14,5000,COGS,CC0012,PC002,-34138.9,USD,6,2025
JRN0001909,2026-03-25,6100,Operating Expense,CC0006,PC006,-6707.15,USD,3,2026
JRN0001910,2025-06-22,6100,Operating Expense,CC0007,PC007,-7439.17,USD,6,2025
JRN0001911,2025-09-07,5000,COGS,CC0006,PC006,-2682.99,USD,9,2025
JRN0001912,2025-02-22,6200,Operating Expense,CC0019,PC009,-26522.55,USD,2,2025
JRN0001913,2025-02-27,6100,Operating Expense,CC0001,PC001,-2438.36,USD,2,2025
JRN0001914,2025-01-22,5000,COGS,CC0020,PC010,-33631.77,USD,1,2025
JRN0001915,2026-07-18,6200,Operating Expense,CC0004,PC004,-46058.84,USD,7,2026
JRN0001916,2025-01-12,5000,COGS,CC0005,PC005,-33933.27,USD,1,2025
JRN0001917,2025-03-19,6100,Operating Expense,CC0010,PC010,-41235.17,USD,3,2025
JRN0001918,2026-06-13,4000,Revenue,CC0005,PC005,4714.29,USD,6,2026
JRN0001919,2026-04-05,5000,COGS,CC0018,PC008,-20621.99,USD,4,2026
JRN0001920,2025-06-22,6200,Operating Expense,CC0020,PC010,-19769.79,USD,6,2025
JRN0001921,2025-06-10,6200,Operating Expense,CC0015,PC005,-13727.59,USD,6,2025
JRN0001922,2025-02-18,5000,COGS,CC0010,PC010,-20287.49,USD,2,2025
JRN0001923,2026-01-29,5000,COGS,CC0011,PC001,-11417.52,USD,1,2026
JRN0001924,2025-10-11,6100,Operating Expense,CC0004,PC004,-5693.8,USD,10,2025
JRN0001925,2026-07-31,6100,Operating Expense,CC0017,PC007,-21286.48,USD,7,2026
JRN0001926,2025-09-03,4000,Revenue,CC0020,PC010,34879.35,USD,9,2025
JRN0001927,2025-06-30,5000,COGS,CC0012,PC002,-12133.71,USD,6,2025
JRN0001928,2026-10-20,6100,Operating Expense,CC0010,PC010,-12138.53,USD,10,2026
JRN0001929,2026-11-16,6200,Operating Expense,CC0020,PC010,-11505.83,USD,11,2026
JRN0001930,2025-09-14,4000,Revenue,CC0007,PC007,43875.49,USD,9,2025
JRN0001931,2025-03-31,6200,Operating Expense,CC0009,PC009,-37822.42,USD,3,2025
JRN0001932,2025-10-18,6100,Operating Expense,CC0014,PC004,-47359.35,USD,10,2025
JRN0001933,2026-07-01,6200,Operating Expense,CC0015,PC005,-13540.4,USD,7,2026
JRN0001934,2026-04-12,6200,Operating Expense,CC0020,PC010,-22203.53,USD,4,2026
JRN0001935,2025-10-04,6200,Operating Expense,CC0015,PC005,-6402.83,USD,10,2025
JRN0001936,2025-06-26,5000,COGS,CC0010,PC010,-23820.88,USD,6,2025
JRN0001937,2025-10-12,6100,Operating Expense,CC0006,PC006,-44969.63,USD,10,2025
JRN0001938,2025-03-22,5000,COGS,CC0004,PC004,-19131.99,USD,3,2025
JRN0001939,2025-01-19,4000,Revenue,CC0007,PC007,43258.83,USD,1,2025
JRN0001940,2026-02-13,6100,Operating Expense,CC0008,PC008,-41244.38,USD,2,2026
JRN0001941,2026-03-04,6200,Operating Expense,CC0010,PC010,-34655.24,USD,3,2026
JRN0001942,2026-05-09,5000,COGS,CC0011,PC001,-30480.61,USD,5,2026
JRN0001943,2026-11-22,6100,Operating Expense,CC0012,PC002,-47940.71,USD,11,2026
JRN0001944,2026-10-23,5000,COGS,CC0019,PC009,-24668.02,USD,10,2026
JRN0001945,2025-12-15,4000,Revenue,CC0002,PC002,13426.36,USD,12,2025
JRN0001946,2026-04-05,4000,Revenue,CC0004,PC004,21529.54,USD,4,2026
JRN0001947,2025-09-02,5000,COGS,CC0004,PC004,-46691.91,USD,9,2025
JRN0001948,2026-12-01,4000,Revenue,CC0020,PC010,19623.02,USD,12,2026
JRN0001949,2026-05-11,4000,Revenue,CC0002,PC002,31578.16,USD,5,2026
JRN0001950,2025-10-01,5000,COGS,CC0005,PC005,-34051.63,USD,10,2025
JRN0001951,2026-09-07,6100,Operating Expense,CC0011,PC001,-22309.6,USD,9,2026
JRN0001952,2026-11-02,6100,Operating Expense,CC0018,PC008,-1369.62,USD,11,2026
JRN0001953,2025-07-25,4000,Revenue,CC0013,PC003,33919.65,USD,7,2025
JRN0001954,2026-01-27,5000,COGS,CC0018,PC008,-26449.42,USD,1,2026
JRN0001955,2025-06-21,5000,COGS,CC0008,PC008,-10990.34,USD,6,2025
JRN0001956,2026-08-18,4000,Revenue,CC0003,PC003,20145.64,USD,8,2026
JRN0001957,2026-03-22,6200,Operating Expense,CC0009,PC009,-36164.56,USD,3,2026
JRN0001958,2026-02-08,5000,COGS,CC0016,PC006,-30187.05,USD,2,2026
JRN0001959,2025-09-14,4000,Revenue,CC0005,PC005,19567.98,USD,9,2025
JRN0001960,2025-06-21,4000,Revenue,CC0010,PC010,45472.43,USD,6,2025
JRN0001961,2025-02-06,5000,COGS,CC0005,PC005,-26446.15,USD,2,2025
JRN0001962,2025-08-09,5000,COGS,CC0008,PC008,-26783.23,USD,8,2025
JRN0001963,2025-07-24,5000,COGS,CC0001,PC001,-13399.58,USD,7,2025
JRN0001964,2025-06-12,6100,Operating Expense,CC0010,PC010,-15532.58,USD,6,2025
JRN0001965,2026-02-05,5000,COGS,CC0014,PC004,-38123.0,USD,2,2026
JRN0001966,2026-08-23,6200,Operating Expense,CC0019,PC009,-25974.49,USD,8,2026
JRN0001967,2025-04-24,6200,Operating Expense,CC0007,PC007,-47834.88,USD,4,2025
JRN0001968,2025-06-27,6100,Operating Expense,CC0006,PC006,-17654.23,USD,6,2025
JRN0001969,2026-02-21,4000,Revenue,CC0017,PC007,13673.94,USD,2,2026
JRN0001970,2025-12-01,6200,Operating Expense,CC0017,PC007,-22921.88,USD,12,2025
JRN0001971,2025-01-22,6100,Operating Expense,CC0009,PC009,-11777.03,USD,1,2025
JRN0001972,2025-04-30,4000,Revenue,CC0011,PC001,40726.9,USD,4,2025
JRN0001973,2026-10-11,5000,COGS,CC0020,PC010,-40205.52,USD,10,2026
JRN0001974,2026-09-06,6100,Operating Expense,CC0011,PC001,-20448.17,USD,9,2026
JRN0001975,2026-08-22,5000,COGS,CC0016,PC006,-7975.59,USD,8,2026
JRN0001976,2026-12-18,4000,Revenue,CC0016,PC006,29363.59,USD,12,2026
JRN0001977,2026-07-18,6200,Operating Expense,CC0001,PC001,-43332.01,USD,7,2026
JRN0001978,2025-02-21,6100,Operating Expense,CC0001,PC001,-35863.58,USD,2,2025
JRN0001979,2026-05-03,6100,Operating Expense,CC0001,PC001,-38683.79,USD,5,2026
JRN0001980,2025-07-09,6200,Operating Expense,CC0014,PC004,-46647.9,USD,7,2025
JRN0001981,2026-10-31,4000,Revenue,CC0014,PC004,5894.64,USD,10,2026
JRN0001982,2026-03-20,5000,COGS,CC0018,PC008,-7186.37,USD,3,2026
JRN0001983,2025-02-01,6200,Operating Expense,CC0006,PC006,-14794.46,USD,2,2025
JRN0001984,2025-05-23,6100,Operating Expense,CC0019,PC009,-24394.66,USD,5,2025
JRN0001985,2026-08-18,5000,COGS,CC0018,PC008,-37327.44,USD,8,2026
JRN0001986,2026-03-03,6200,Operating Expense,CC0016,PC006,-24635.71,USD,3,2026
JRN0001987,2026-04-04,6100,Operating Expense,CC0002,PC002,-44785.96,USD,4,2026
JRN0001988,2026-06-26,4000,Revenue,CC0014,PC004,24855.37,USD,6,2026
JRN0001989,2026-01-29,5000,COGS,CC0001,PC001,-26898.95,USD,1,2026
JRN0001990,2025-05-18,6100,Operating Expense,CC0011,PC001,-15813.93,USD,5,2025
JRN0001991,2025-11-07,4000,Revenue,CC0006,PC006,47899.1,USD,11,2025
JRN0001992,2026-10-20,4000,Revenue,CC0004,PC004,23373.91,USD,10,2026
JRN0001993,2025-11-17,4000,Revenue,CC0002,PC002,35932.53,USD,11,2025
JRN0001994,2025-05-06,6100,Operating Expense,CC0014,PC004,-19298.7,USD,5,2025
JRN0001995,2025-01-14,4000,Revenue,CC0006,PC006,26896.67,USD,1,2025
JRN0001996,2025-04-08,6100,Operating Expense,CC0004,PC004,-31908.77,USD,4,2025
JRN0001997,2026-01-30,6200,Operating Expense,CC0004,PC004,-6666.57,USD,1,2026
JRN0001998,2026-12-13,5000,COGS,CC0013,PC003,-20898.51,USD,12,2026
JRN0001999,2026-01-20,4000,Revenue,CC0020,PC010,21392.74,USD,1,2026
JRN0002000,2025-02-23,5000,COGS,CC0011,PC001,-49959.85,USD,2,2025
JRN0002001,2025-08-07,4000,Revenue,CC0005,PC005,13245.89,USD,8,2025
JRN0002002,2025-07-21,6100,Operating Expense,CC0005,PC005,-15054.81,USD,7,2025
JRN0002003,2026-10-19,4000,Revenue,CC0002,PC002,13626.94,USD,10,2026
JRN0002004,2025-02-08,4000,Revenue,CC0013,PC003,34428.4,USD,2,2025
JRN0002005,2026-04-23,6100,Operating Expense,CC0009,PC009,-11092.89,USD,4,2026
JRN0002006,2025-11-21,6200,Operating Expense,CC0001,PC001,-31099.39,USD,11,2025
JRN0002007,2025-03-08,4000,Revenue,CC0009,PC009,39895.52,USD,3,2025
JRN0002008,2025-08-21,5000,COGS,CC0008,PC008,-46788.02,USD,8,2025
JRN0002009,2025-10-02,6100,Operating Expense,CC0008,PC008,-5711.8,USD,10,2025
JRN0002010,2025-07-26,6200,Operating Expense,CC0019,PC009,-38873.22,USD,7,2025
JRN0002011,2025-11-10,5000,COGS,CC0018,PC008,-44676.33,USD,11,2025
JRN0002012,2026-07-04,6100,Operating Expense,CC0004,PC004,-21095.36,USD,7,2026
JRN0002013,2026-01-01,5000,COGS,CC0009,PC009,-45535.14,USD,1,2026
JRN0002014,2026-03-12,5000,COGS,CC0006,PC006,-32685.55,USD,3,2026
JRN0002015,2025-01-01,5000,COGS,CC0016,PC006,-37107.15,USD,1,2025
JRN0002016,2026-01-26,5000,COGS,CC0010,PC010,-44507.54,USD,1,2026
JRN0002017,2026-12-16,5000,COGS,CC0018,PC008,-44851.71,USD,12,2026
JRN0002018,2026-01-22,6200,Operating Expense,CC0010,PC010,-27381.09,USD,1,2026
JRN0002019,2025-03-18,5000,COGS,CC0007,PC007,-31539.47,USD,3,2025
JRN0002020,2026-11-11,5000,COGS,CC0003,PC003,-46871.87,USD,11,2026
JRN0002021,2025-08-28,4000,Revenue,CC0019,PC009,13843.89,USD,8,2025
JRN0002022,2026-05-24,6200,Operating Expense,CC0005,PC005,-45290.9,USD,5,2026
JRN0002023,2026-11-21,6100,Operating Expense,CC0007,PC007,-29572.07,USD,11,2026
JRN0002024,2025-12-15,5000,COGS,CC0001,PC001,-15379.37,USD,12,2025
JRN0002025,2025-07-28,5000,COGS,CC0003,PC003,-35656.61,USD,7,2025
JRN0002026,2026-04-13,5000,COGS,CC0019,PC009,-21719.55,USD,4,2026
JRN0002027,2026-08-26,5000,COGS,CC0015,PC005,-14502.05,USD,8,2026
JRN0002028,2026-07-17,4000,Revenue,CC0014,PC004,14203.47,USD,7,2026
JRN0002029,2026-09-17,5000,COGS,CC0011,PC001,-5487.63,USD,9,2026
JRN0002030,2025-06-07,5000,COGS,CC0001,PC001,-30727.79,USD,6,2025
JRN0002031,2025-08-22,6200,Operating Expense,CC0018,PC008,-1482.72,USD,8,2025
JRN0002032,2025-05-05,4000,Revenue,CC0011,PC001,12680.73,USD,5,2025
JRN0002033,2025-07-04,5000,COGS,CC0017,PC007,-31434.31,USD,7,2025
JRN0002034,2026-09-05,5000,COGS,CC0009,PC009,-35824.46,USD,9,2026
JRN0002035,2025-11-13,5000,COGS,CC0009,PC009,-14532.99,USD,11,2025
JRN0002036,2025-03-31,6100,Operating Expense,CC0019,PC009,-45953.47,USD,3,2025
JRN0002037,2026-03-18,5000,COGS,CC0008,PC008,-23938.39,USD,3,2026
JRN0002038,2026-02-25,5000,COGS,CC0011,PC001,-42196.21,USD,2,2026
JRN0002039,2026-10-28,4000,Revenue,CC0014,PC004,9222.31,USD,10,2026
JRN0002040,2026-02-26,5000,COGS,CC0008,PC008,-31496.4,USD,2,2026
JRN0002041,2026-05-19,6200,Operating Expense,CC0003,PC003,-14934.86,USD,5,2026
JRN0002042,2025-11-05,6100,Operating Expense,CC0007,PC007,-23590.77,USD,11,2025
JRN0002043,2025-06-04,6200,Operating Expense,CC0015,PC005,-48051.44,USD,6,2025
JRN0002044,2026-12-11,6100,Operating Expense,CC0019,PC009,-31426.32,USD,12,2026
JRN0002045,2026-07-21,6200,Operating Expense,CC0005,PC005,-11386.78,USD,7,2026
JRN0002046,2025-07-20,6200,Operating Expense,CC0013,PC003,-29132.2,USD,7,2025
JRN0002047,2025-01-14,4000,Revenue,CC0008,PC008,11101.65,USD,1,2025
JRN0002048,2026-03-23,6100,Operating Expense,CC0015,PC005,-27940.4,USD,3,2026
JRN0002049,2025-06-05,5000,COGS,CC0005,PC005,-17988.68,USD,6,2025
JRN0002050,2025-05-25,5000,COGS,CC0010,PC010,-19965.53,USD,5,2025
JRN0002051,2025-10-31,6200,Operating Expense,CC0010,PC010,-49467.81,USD,10,2025
JRN0002052,2026-10-23,4000,Revenue,CC0001,PC001,4221.05,USD,10,2026
JRN0002053,2025-09-12,6100,Operating Expense,CC0005,PC005,-41971.44,USD,9,2025
JRN0002054,2025-06-28,4000,Revenue,CC0001,PC001,10944.04,USD,6,2025
JRN0002055,2025-05-20,6100,Operating Expense,CC0004,PC004,-26427.05,USD,5,2025
JRN0002056,2026-09-20,4000,Revenue,CC0012,PC002,8940.45,USD,9,2026
JRN0002057,2026-10-04,5000,COGS,CC0015,PC005,-33215.05,USD,10,2026
JRN0002058,2026-03-04,6200,Operating Expense,CC0015,PC005,-40269.75,USD,3,2026
JRN0002059,2026-10-17,6200,Operating Expense,CC0018,PC008,-47343.67,USD,10,2026
JRN0002060,2025-07-01,4000,Revenue,CC0010,PC010,19450.29,USD,7,2025
JRN0002061,2025-05-22,5000,COGS,CC0002,PC002,-25951.99,USD,5,2025
JRN0002062,2025-01-20,6100,Operating Expense,CC0003,PC003,-11906.74,USD,1,2025
JRN0002063,2025-04-04,6200,Operating Expense,CC0007,PC007,-16916.63,USD,4,2025
JRN0002064,2026-09-28,5000,COGS,CC0008,PC008,-33303.59,USD,9,2026
JRN0002065,2025-06-27,4000,Revenue,CC0003,PC003,20851.08,USD,6,2025
JRN0002066,2025-03-10,5000,COGS,CC0019,PC009,-32728.06,USD,3,2025
JRN0002067,2026-11-08,6100,Operating Expense,CC0017,PC007,-10041.86,USD,11,2026
JRN0002068,2026-06-04,6100,Operating Expense,CC0001,PC001,-49835.58,USD,6,2026
JRN0002069,2026-09-26,6100,Operating Expense,CC0016,PC006,-24807.54,USD,9,2026
JRN0002070,2026-03-28,4000,Revenue,CC0013,PC003,49417.51,USD,3,2026
JRN0002071,2025-01-15,6200,Operating Expense,CC0001,PC001,-27681.41,USD,1,2025
JRN0002072,2026-12-16,5000,COGS,CC0013,PC003,-22556.75,USD,12,2026
JRN0002073,2025-12-04,5000,COGS,CC0016,PC006,-252.63,USD,12,2025
JRN0002074,2025-02-21,6200,Operating Expense,CC0019,PC009,-40022.87,USD,2,2025
JRN0002075,2025-09-05,6200,Operating Expense,CC0003,PC003,-24614.26,USD,9,2025
JRN0002076,2026-10-14,6200,Operating Expense,CC0019,PC009,-16690.06,USD,10,2026
JRN0002077,2025-03-01,6100,Operating Expense,CC0010,PC010,-9845.23,USD,3,2025
JRN0002078,2025-10-01,4000,Revenue,CC0020,PC010,30920.22,USD,10,2025
JRN0002079,2026-08-31,6100,Operating Expense,CC0015,PC005,-30274.84,USD,8,2026
JRN0002080,2026-08-28,5000,COGS,CC0012,PC002,-20289.99,USD,8,2026
JRN0002081,2025-10-15,5000,COGS,CC0005,PC005,-14583.16,USD,10,2025
JRN0002082,2025-04-16,4000,Revenue,CC0007,PC007,9104.55,USD,4,2025
JRN0002083,2025-01-24,5000,COGS,CC0007,PC007,-16205.69,USD,1,2025
JRN0002084,2026-10-17,6200,Operating Expense,CC0014,PC004,-35430.15,USD,10,2026
JRN0002085,2026-05-27,6100,Operating Expense,CC0004,PC004,-13055.36,USD,5,2026
JRN0002086,2026-11-22,6200,Operating Expense,CC0018,PC008,-2526.72,USD,11,2026
JRN0002087,2025-02-12,5000,COGS,CC0007,PC007,-5971.92,USD,2,2025
JRN0002088,2025-08-26,6100,Operating Expense,CC0014,PC004,-29564.78,USD,8,2025
JRN0002089,2026-05-29,6200,Operating Expense,CC0004,PC004,-4567.16,USD,5,2026
JRN0002090,2026-07-11,5000,COGS,CC0010,PC010,-10684.14,USD,7,2026
JRN0002091,2026-08-27,5000,COGS,CC0016,PC006,-45917.94,USD,8,2026
JRN0002092,2026-07-09,5000,COGS,CC0016,PC006,-2418.02,USD,7,2026
JRN0002093,2026-02-15,6100,Operating Expense,CC0014,PC004,-40746.14,USD,2,2026
JRN0002094,2025-08-14,6100,Operating Expense,CC0007,PC007,-19590.75,USD,8,2025
JRN0002095,2025-05-30,5000,COGS,CC0016,PC006,-14737.35,USD,5,2025
JRN0002096,2025-07-31,5000,COGS,CC0018,PC008,-47578.59,USD,7,2025
JRN0002097,2026-08-08,4000,Revenue,CC0002,PC002,6358.35,USD,8,2026
JRN0002098,2025-01-16,4000,Revenue,CC0013,PC003,44239.3,USD,1,2025
JRN0002099,2025-08-01,4000,Revenue,CC0012,PC002,45479.13,USD,8,2025
JRN0002100,2026-02-16,6100,Operating Expense,CC0019,PC009,-13364.81,USD,2,2026
JRN0002101,2026-04-09,6100,Operating Expense,CC0004,PC004,-11868.5,USD,4,2026
JRN0002102,2025-12-11,6200,Operating Expense,CC0002,PC002,-24781.81,USD,12,2025
JRN0002103,2026-07-19,6100,Operating Expense,CC0020,PC010,-46881.38,USD,7,2026
JRN0002104,2026-10-31,4000,Revenue,CC0002,PC002,34491.41,USD,10,2026
JRN0002105,2026-04-17,5000,COGS,CC0001,PC001,-17998.37,USD,4,2026
JRN0002106,2025-01-25,4000,Revenue,CC0020,PC010,23729.69,USD,1,2025
JRN0002107,2025-04-29,5000,COGS,CC0002,PC002,-11570.53,USD,4,2025
JRN0002108,2026-01-25,6100,Operating Expense,CC0013,PC003,-42581.86,USD,1,2026
JRN0002109,2025-06-08,6200,Operating Expense,CC0019,PC009,-17191.82,USD,6,2025
JRN0002110,2025-06-26,4000,Revenue,CC0017,PC007,48054.96,USD,6,2025
JRN0002111,2025-09-06,6200,Operating Expense,CC0014,PC004,-21047.57,USD,9,2025
JRN0002112,2025-03-20,6200,Operating Expense,CC0016,PC006,-43191.05,USD,3,2025
JRN0002113,2025-09-26,6200,Operating Expense,CC0019,PC009,-17493.49,USD,9,2025
JRN0002114,2026-08-29,4000,Revenue,CC0019,PC009,15026.75,USD,8,2026
JRN0002115,2026-03-11,6200,Operating Expense,CC0007,PC007,-27908.88,USD,3,2026
JRN0002116,2025-02-28,6200,Operating Expense,CC0005,PC005,-4412.08,USD,2,2025
JRN0002117,2026-02-17,6200,Operating Expense,CC0011,PC001,-26303.9,USD,2,2026
JRN0002118,2025-07-24,6200,Operating Expense,CC0014,PC004,-22114.34,USD,7,2025
JRN0002119,2026-04-11,5000,COGS,CC0002,PC002,-15702.91,USD,4,2026
JRN0002120,2026-10-27,5000,COGS,CC0007,PC007,-15233.03,USD,10,2026
JRN0002121,2026-10-27,6100,Operating Expense,CC0009,PC009,-10245.72,USD,10,2026
JRN0002122,2026-02-27,4000,Revenue,CC0016,PC006,23752.39,USD,2,2026
JRN0002123,2025-11-24,6200,Operating Expense,CC0011,PC001,-45299.11,USD,11,2025
JRN0002124,2026-10-01,5000,COGS,CC0006,PC006,-10645.67,USD,10,2026
JRN0002125,2026-10-27,5000,COGS,CC0012,PC002,-47273.72,USD,10,2026
JRN0002126,2026-09-21,6200,Operating Expense,CC0016,PC006,-38038.67,USD,9,2026
JRN0002127,2026-06-22,6200,Operating Expense,CC0011,PC001,-581.18,USD,6,2026
JRN0002128,2025-11-15,4000,Revenue,CC0010,PC010,37257.45,USD,11,2025
JRN0002129,2025-06-18,4000,Revenue,CC0008,PC008,39319.33,USD,6,2025
JRN0002130,2025-08-14,6200,Operating Expense,CC0005,PC005,-35580.29,USD,8,2025
JRN0002131,2026-10-18,6100,Operating Expense,CC0011,PC001,-42236.26,USD,10,2026
JRN0002132,2026-02-06,6200,Operating Expense,CC0015,PC005,-19461.07,USD,2,2026
JRN0002133,2026-04-03,5000,COGS,CC0004,PC004,-31436.79,USD,4,2026
JRN0002134,2026-09-22,5000,COGS,CC0003,PC003,-3801.54,USD,9,2026
JRN0002135,2025-07-28,6200,Operating Expense,CC0017,PC007,-39597.31,USD,7,2025
JRN0002136,2026-03-21,6100,Operating Expense,CC0003,PC003,-44784.49,USD,3,2026
JRN0002137,2026-03-02,5000,COGS,CC0016,PC006,-34120.86,USD,3,2026
JRN0002138,2026-04-04,6100,Operating Expense,CC0008,PC008,-22517.31,USD,4,2026
JRN0002139,2026-10-03,4000,Revenue,CC0013,PC003,5650.65,USD,10,2026
JRN0002140,2026-10-04,4000,Revenue,CC0006,PC006,34002.37,USD,10,2026
JRN0002141,2026-11-14,6100,Operating Expense,CC0001,PC001,-30898.68,USD,11,2026
JRN0002142,2026-06-04,4000,Revenue,CC0016,PC006,15963.54,USD,6,2026
JRN0002143,2026-06-05,5000,COGS,CC0008,PC008,-18734.13,USD,6,2026
JRN0002144,2025-08-19,6100,Operating Expense,CC0011,PC001,-38759.71,USD,8,2025
JRN0002145,2026-10-11,6200,Operating Expense,CC0003,PC003,-29631.64,USD,10,2026
JRN0002146,2025-02-24,6100,Operating Expense,CC0002,PC002,-12745.83,USD,2,2025
JRN0002147,2025-06-29,6100,Operating Expense,CC0001,PC001,-7203.61,USD,6,2025
JRN0002148,2025-11-10,6100,Operating Expense,CC0001,PC001,-23227.27,USD,11,2025
JRN0002149,2026-04-13,6100,Operating Expense,CC0009,PC009,-31723.64,USD,4,2026
JRN0002150,2026-01-31,5000,COGS,CC0003,PC003,-19952.8,USD,1,2026
JRN0002151,2025-06-04,6200,Operating Expense,CC0015,PC005,-42041.57,USD,6,2025
JRN0002152,2026-03-28,6100,Operating Expense,CC0003,PC003,-17666.6,USD,3,2026
JRN0002153,2026-09-09,5000,COGS,CC0009,PC009,-31011.29,USD,9,2026
JRN0002154,2025-10-21,6100,Operating Expense,CC0010,PC010,-40100.05,USD,10,2025
JRN0002155,2026-05-04,5000,COGS,CC0015,PC005,-13061.95,USD,5,2026
JRN0002156,2025-12-16,6100,Operating Expense,CC0007,PC007,-13005.0,USD,12,2025
JRN0002157,2025-10-02,5000,COGS,CC0010,PC010,-11727.18,USD,10,2025
JRN0002158,2025-01-26,5000,COGS,CC0019,PC009,-39719.99,USD,1,2025
JRN0002159,2026-08-04,6100,Operating Expense,CC0016,PC006,-8017.83,USD,8,2026
JRN0002160,2025-09-08,6200,Operating Expense,CC0016,PC006,-45012.27,USD,9,2025
JRN0002161,2025-06-06,6100,Operating Expense,CC0018,PC008,-6899.88,USD,6,2025
JRN0002162,2026-09-30,6200,Operating Expense,CC0017,PC007,-3927.84,USD,9,2026
JRN0002163,2025-02-03,5000,COGS,CC0010,PC010,-45377.88,USD,2,2025
JRN0002164,2025-12-24,6200,Operating Expense,CC0007,PC007,-33713.33,USD,12,2025
JRN0002165,2025-05-26,6100,Operating Expense,CC0018,PC008,-9270.85,USD,5,2025
JRN0002166,2026-01-15,6200,Operating Expense,CC0012,PC002,-5647.78,USD,1,2026
JRN0002167,2026-09-19,6200,Operating Expense,CC0009,PC009,-44145.01,USD,9,2026
JRN0002168,2025-06-12,5000,COGS,CC0002,PC002,-16781.24,USD,6,2025
JRN0002169,2025-09-05,6100,Operating Expense,CC0018,PC008,-21646.87,USD,9,2025
JRN0002170,2026-02-02,6100,Operating Expense,CC0019,PC009,-28138.68,USD,2,2026
JRN0002171,2026-01-17,4000,Revenue,CC0018,PC008,36603.25,USD,1,2026
JRN0002172,2026-08-01,5000,COGS,CC0007,PC007,-2543.68,USD,8,2026
JRN0002173,2026-04-17,5000,COGS,CC0006,PC006,-27690.09,USD,4,2026
JRN0002174,2025-05-20,6200,Operating Expense,CC0001,PC001,-42961.55,USD,5,2025
JRN0002175,2025-07-12,4000,Revenue,CC0016,PC006,16233.53,USD,7,2025
JRN0002176,2026-12-20,5000,COGS,CC0014,PC004,-30092.92,USD,12,2026
JRN0002177,2026-07-11,4000,Revenue,CC0020,PC010,21316.17,USD,7,2026
JRN0002178,2026-11-25,4000,Revenue,CC0019,PC009,17971.09,USD,11,2026
JRN0002179,2025-05-08,5000,COGS,CC0004,PC004,-47816.49,USD,5,2025
JRN0002180,2026-08-20,6200,Operating Expense,CC0016,PC006,-13533.18,USD,8,2026
JRN0002181,2025-04-03,4000,Revenue,CC0001,PC001,12697.04,USD,4,2025
JRN0002182,2026-06-07,4000,Revenue,CC0004,PC004,7404.37,USD,6,2026
JRN0002183,2026-12-13,4000,Revenue,CC0002,PC002,38152.29,USD,12,2026
JRN0002184,2026-07-03,5000,COGS,CC0001,PC001,-23838.84,USD,7,2026
JRN0002185,2026-08-06,6200,Operating Expense,CC0012,PC002,-1690.44,USD,8,2026
JRN0002186,2025-07-23,6100,Operating Expense,CC0013,PC003,-32283.22,USD,7,2025
JRN0002187,2025-03-17,6200,Operating Expense,CC0016,PC006,-23433.52,USD,3,2025
JRN0002188,2025-04-15,5000,COGS,CC0002,PC002,-45125.71,USD,4,2025
JRN0002189,2025-08-03,6200,Operating Expense,CC0014,PC004,-49054.04,USD,8,2025
JRN0002190,2025-05-11,6100,Operating Expense,CC0016,PC006,-27431.91,USD,5,2025
JRN0002191,2025-12-02,4000,Revenue,CC0014,PC004,33605.12,USD,12,2025
JRN0002192,2026-03-10,5000,COGS,CC0008,PC008,-21109.06,USD,3,2026
JRN0002193,2025-01-02,6200,Operating Expense,CC0009,PC009,-8704.74,USD,1,2025
JRN0002194,2025-09-16,4000,Revenue,CC0005,PC005,31491.64,USD,9,2025
JRN0002195,2025-09-23,4000,Revenue,CC0006,PC006,20752.02,USD,9,2025
JRN0002196,2025-11-25,4000,Revenue,CC0020,PC010,37838.95,USD,11,2025
JRN0002197,2025-12-20,5000,COGS,CC0008,PC008,-11316.56,USD,12,2025
JRN0002198,2025-11-15,6100,Operating Expense,CC0018,PC008,-24171.06,USD,11,2025
JRN0002199,2025-09-08,6100,Operating Expense,CC0004,PC004,-4711.05,USD,9,2025
JRN0002200,2025-09-30,4000,Revenue,CC0016,PC006,4586.38,USD,9,2025
JRN0002201,2025-10-10,5000,COGS,CC0018,PC008,-33955.46,USD,10,2025
JRN0002202,2026-04-28,5000,COGS,CC0015,PC005,-27161.67,USD,4,2026
JRN0002203,2026-06-25,6200,Operating Expense,CC0010,PC010,-22574.53,USD,6,2026
JRN0002204,2025-07-29,5000,COGS,CC0011,PC001,-1636.22,USD,7,2025
JRN0002205,2025-01-11,6200,Operating Expense,CC0002,PC002,-5759.27,USD,1,2025
JRN0002206,2026-07-14,4000,Revenue,CC0015,PC005,48895.97,USD,7,2026
JRN0002207,2026-05-07,4000,Revenue,CC0010,PC010,46109.82,USD,5,2026
JRN0002208,2026-10-03,6100,Operating Expense,CC0018,PC008,-46078.83,USD,10,2026
JRN0002209,2026-03-30,5000,COGS,CC0016,PC006,-15585.42,USD,3,2026
JRN0002210,2025-05-20,6100,Operating Expense,CC0002,PC002,-2609.16,USD,5,2025
JRN0002211,2025-06-12,6200,Operating Expense,CC0014,PC004,-36869.47,USD,6,2025
JRN0002212,2026-04-23,4000,Revenue,CC0007,PC007,19378.81,USD,4,2026
JRN0002213,2025-10-20,4000,Revenue,CC0012,PC002,16864.29,USD,10,2025
JRN0002214,2025-11-12,6100,Operating Expense,CC0009,PC009,-18004.6,USD,11,2025
JRN0002215,2026-04-09,5000,COGS,CC0007,PC007,-4730.88,USD,4,2026
JRN0002216,2026-10-08,5000,COGS,CC0007,PC007,-7237.46,USD,10,2026
JRN0002217,2026-09-17,6100,Operating Expense,CC0017,PC007,-4237.69,USD,9,2026
JRN0002218,2026-09-24,6200,Operating Expense,CC0006,PC006,-37508.21,USD,9,2026
JRN0002219,2026-10-10,5000,COGS,CC0012,PC002,-16690.05,USD,10,2026
JRN0002220,2025-10-12,6100,Operating Expense,CC0016,PC006,-35182.07,USD,10,2025
JRN0002221,2026-11-09,5000,COGS,CC0001,PC001,-4781.2,USD,11,2026
JRN0002222,2026-04-30,6200,Operating Expense,CC0016,PC006,-6557.07,USD,4,2026
JRN0002223,2026-11-08,6200,Operating Expense,CC0006,PC006,-32109.9,USD,11,2026
JRN0002224,2026-01-06,4000,Revenue,CC0003,PC003,33239.86,USD,1,2026
JRN0002225,2025-07-09,6200,Operating Expense,CC0004,PC004,-24392.3,USD,7,2025
JRN0002226,2026-05-05,4000,Revenue,CC0001,PC001,29480.75,USD,5,2026
JRN0002227,2026-04-10,4000,Revenue,CC0012,PC002,14535.36,USD,4,2026
JRN0002228,2026-06-01,4000,Revenue,CC0006,PC006,33179.81,USD,6,2026
JRN0002229,2025-03-22,6200,Operating Expense,CC0003,PC003,-33941.7,USD,3,2025
JRN0002230,2026-02-11,4000,Revenue,CC0019,PC009,31108.66,USD,2,2026
JRN0002231,2025-01-05,6100,Operating Expense,CC0005,PC005,-1200.0,USD,1,2025
JRN0002232,2025-06-19,6200,Operating Expense,CC0002,PC002,-33832.69,USD,6,2025
JRN0002233,2026-09-15,4000,Revenue,CC0007,PC007,16803.83,USD,9,2026
JRN0002234,2025-02-20,6200,Operating Expense,CC0012,PC002,-37554.71,USD,2,2025
JRN0002235,2026-08-21,6200,Operating Expense,CC0015,PC005,-25022.53,USD,8,2026
JRN0002236,2025-11-24,6100,Operating Expense,CC0017,PC007,-17207.09,USD,11,2025
JRN0002237,2025-04-21,6200,Operating Expense,CC0001,PC001,-2550.48,USD,4,2025
JRN0002238,2026-10-25,6100,Operating Expense,CC0015,PC005,-45206.36,USD,10,2026
JRN0002239,2025-10-27,6100,Operating Expense,CC0007,PC007,-43255.27,USD,10,2025
JRN0002240,2026-06-16,5000,COGS,CC0013,PC003,-49206.17,USD,6,2026
JRN0002241,2026-02-20,6100,Operating Expense,CC0015,PC005,-13252.94,USD,2,2026
JRN0002242,2026-06-07,5000,COGS,CC0004,PC004,-1878.54,USD,6,2026
JRN0002243,2026-09-05,5000,COGS,CC0015,PC005,-19094.53,USD,9,2026
JRN0002244,2025-07-08,6200,Operating Expense,CC0004,PC004,-34061.28,USD,7,2025
JRN0002245,2025-09-22,6100,Operating Expense,CC0020,PC010,-37146.22,USD,9,2025
JRN0002246,2026-03-18,5000,COGS,CC0010,PC010,-34697.89,USD,3,2026
JRN0002247,2025-12-30,6200,Operating Expense,CC0012,PC002,-41087.85,USD,12,2025
JRN0002248,2025-12-20,6200,Operating Expense,CC0007,PC007,-16207.6,USD,12,2025
JRN0002249,2025-06-09,6100,Operating Expense,CC0018,PC008,-10954.68,USD,6,2025
JRN0002250,2025-06-28,4000,Revenue,CC0012,PC002,44723.82,USD,6,2025
JRN0002251,2026-10-20,6200,Operating Expense,CC0013,PC003,-12366.67,USD,10,2026
JRN0002252,2025-08-19,5000,COGS,CC0015,PC005,-26250.77,USD,8,2025
JRN0002253,2025-05-27,4000,Revenue,CC0013,PC003,5678.22,USD,5,2025
JRN0002254,2026-01-15,6200,Operating Expense,CC0011,PC001,-48049.83,USD,1,2026
JRN0002255,2025-12-18,5000,COGS,CC0003,PC003,-15250.64,USD,12,2025
JRN0002256,2025-10-13,6200,Operating Expense,CC0009,PC009,-1079.21,USD,10,2025
JRN0002257,2025-07-24,6200,Operating Expense,CC0008,PC008,-48430.48,USD,7,2025
JRN0002258,2025-11-28,5000,COGS,CC0001,PC001,-8212.27,USD,11,2025
JRN0002259,2025-06-02,5000,COGS,CC0011,PC001,-15315.46,USD,6,2025
JRN0002260,2025-09-01,6100,Operating Expense,CC0003,PC003,-1504.25,USD,9,2025
JRN0002261,2026-02-25,5000,COGS,CC0011,PC001,-20581.08,USD,2,2026
JRN0002262,2025-05-31,5000,COGS,CC0007,PC007,-39004.61,USD,5,2025
JRN0002263,2025-01-13,6200,Operating Expense,CC0015,PC005,-23466.43,USD,1,2025
JRN0002264,2025-02-19,4000,Revenue,CC0006,PC006,1181.35,USD,2,2025
JRN0002265,2025-04-13,6200,Operating Expense,CC0018,PC008,-39445.99,USD,4,2025
JRN0002266,2025-03-23,4000,Revenue,CC0004,PC004,36797.26,USD,3,2025
JRN0002267,2026-07-23,5000,COGS,CC0010,PC010,-23570.7,USD,7,2026
JRN0002268,2026-08-14,6100,Operating Expense,CC0005,PC005,-8149.44,USD,8,2026
JRN0002269,2025-06-30,4000,Revenue,CC0005,PC005,43388.59,USD,6,2025
JRN0002270,2025-07-10,4000,Revenue,CC0020,PC010,14045.31,USD,7,2025
JRN0002271,2026-01-13,5000,COGS,CC0011,PC001,-20969.53,USD,1,2026
JRN0002272,2026-09-05,6100,Operating Expense,CC0006,PC006,-46753.71,USD,9,2026
JRN0002273,2025-08-15,4000,Revenue,CC0001,PC001,11848.65,USD,8,2025
JRN0002274,2025-05-24,5000,COGS,CC0018,PC008,-43791.04,USD,5,2025
JRN0002275,2025-05-14,6100,Operating Expense,CC0020,PC010,-1182.64,USD,5,2025
JRN0002276,2025-12-06,4000,Revenue,CC0017,PC007,48963.53,USD,12,2025
JRN0002277,2025-09-02,4000,Revenue,CC0009,PC009,19527.04,USD,9,2025
JRN0002278,2026-08-15,4000,Revenue,CC0009,PC009,12354.34,USD,8,2026
JRN0002279,2025-10-12,4000,Revenue,CC0010,PC010,15271.68,USD,10,2025
JRN0002280,2025-07-21,6100,Operating Expense,CC0013,PC003,-5907.71,USD,7,2025
JRN0002281,2026-02-17,6200,Operating Expense,CC0017,PC007,-46836.13,USD,2,2026
JRN0002282,2026-03-20,5000,COGS,CC0016,PC006,-14755.27,USD,3,2026
JRN0002283,2025-07-01,4000,Revenue,CC0012,PC002,33781.02,USD,7,2025
JRN0002284,2026-03-29,6100,Operating Expense,CC0011,PC001,-4919.66,USD,3,2026
JRN0002285,2025-11-16,6200,Operating Expense,CC0006,PC006,-20126.86,USD,11,2025
JRN0002286,2025-03-11,5000,COGS,CC0016,PC006,-30584.46,USD,3,2025
JRN0002287,2026-01-14,4000,Revenue,CC0004,PC004,35825.83,USD,1,2026
JRN0002288,2026-01-28,5000,COGS,CC0016,PC006,-39647.13,USD,1,2026
JRN0002289,2026-01-20,5000,COGS,CC0009,PC009,-21812.82,USD,1,2026
JRN0002290,2026-04-29,5000,COGS,CC0015,PC005,-23134.13,USD,4,2026
JRN0002291,2025-05-20,5000,COGS,CC0006,PC006,-20748.01,USD,5,2025
JRN0002292,2026-09-23,6200,Operating Expense,CC0009,PC009,-44800.01,USD,9,2026
JRN0002293,2025-01-07,6100,Operating Expense,CC0007,PC007,-35920.79,USD,1,2025
JRN0002294,2026-03-29,5000,COGS,CC0013,PC003,-32491.97,USD,3,2026
JRN0002295,2025-02-19,4000,Revenue,CC0019,PC009,4373.47,USD,2,2025
JRN0002296,2025-07-21,5000,COGS,CC0004,PC004,-23041.2,USD,7,2025
JRN0002297,2026-08-20,5000,COGS,CC0007,PC007,-36531.06,USD,8,2026
JRN0002298,2025-08-13,4000,Revenue,CC0017,PC007,9419.25,USD,8,2025
JRN0002299,2025-01-08,6200,Operating Expense,CC0004,PC004,-25910.81,USD,1,2025
JRN0002300,2025-10-18,6100,Operating Expense,CC0001,PC001,-35889.84,USD,10,2025
JRN0002301,2026-01-19,6200,Operating Expense,CC0012,PC002,-33381.63,USD,1,2026
JRN0002302,2025-09-11,5000,COGS,CC0007,PC007,-26741.61,USD,9,2025
JRN0002303,2026-03-19,4000,Revenue,CC0009,PC009,32587.71,USD,3,2026
JRN0002304,2025-07-19,4000,Revenue,CC0019,PC009,38944.76,USD,7,2025
JRN0002305,2025-04-05,6100,Operating Expense,CC0007,PC007,-26118.68,USD,4,2025
JRN0002306,2025-12-15,6200,Operating Expense,CC0005,PC005,-3505.53,USD,12,2025
JRN0002307,2025-06-02,5000,COGS,CC0009,PC009,-27769.77,USD,6,2025
JRN0002308,2025-03-16,6100,Operating Expense,CC0004,PC004,-49522.54,USD,3,2025
JRN0002309,2025-10-13,6200,Operating Expense,CC0006,PC006,-2083.08,USD,10,2025
JRN0002310,2025-11-29,4000,Revenue,CC0003,PC003,35127.52,USD,11,2025
JRN0002311,2025-07-11,6100,Operating Expense,CC0015,PC005,-44272.15,USD,7,2025
JRN0002312,2026-04-04,6100,Operating Expense,CC0010,PC010,-3806.58,USD,4,2026
JRN0002313,2026-05-09,6200,Operating Expense,CC0020,PC010,-42912.9,USD,5,2026
JRN0002314,2026-04-30,4000,Revenue,CC0020,PC010,11758.69,USD,4,2026
JRN0002315,2026-11-03,6200,Operating Expense,CC0013,PC003,-21184.71,USD,11,2026
JRN0002316,2026-07-24,4000,Revenue,CC0019,PC009,8860.88,USD,7,2026
JRN0002317,2026-04-28,6100,Operating Expense,CC0014,PC004,-42570.29,USD,4,2026
JRN0002318,2026-07-12,5000,COGS,CC0020,PC010,-33947.83,USD,7,2026
JRN0002319,2026-09-29,6200,Operating Expense,CC0006,PC006,-40218.92,USD,9,2026
JRN0002320,2026-03-18,4000,Revenue,CC0003,PC003,26345.23,USD,3,2026
JRN0002321,2026-02-01,6200,Operating Expense,CC0015,PC005,-42170.45,USD,2,2026
JRN0002322,2026-11-20,6100,Operating Expense,CC0011,PC001,-25365.92,USD,11,2026
JRN0002323,2025-06-01,4000,Revenue,CC0014,PC004,25882.26,USD,6,2025
JRN0002324,2026-12-20,5000,COGS,CC0011,PC001,-19294.2,USD,12,2026
JRN0002325,2025-05-27,6100,Operating Expense,CC0020,PC010,-11113.61,USD,5,2025
JRN0002326,2025-11-18,6100,Operating Expense,CC0008,PC008,-4502.87,USD,11,2025
JRN0002327,2025-02-05,5000,COGS,CC0019,PC009,-33609.07,USD,2,2025
JRN0002328,2026-05-19,6200,Operating Expense,CC0016,PC006,-16168.75,USD,5,2026
JRN0002329,2026-08-15,5000,COGS,CC0015,PC005,-33425.45,USD,8,2026
JRN0002330,2026-06-05,5000,COGS,CC0013,PC003,-39670.89,USD,6,2026
JRN0002331,2026-11-11,5000,COGS,CC0001,PC001,-11284.47,USD,11,2026
JRN0002332,2025-06-26,6200,Operating Expense,CC0008,PC008,-5390.41,USD,6,2025
JRN0002333,2026-08-05,4000,Revenue,CC0002,PC002,31395.21,USD,8,2026
JRN0002334,2026-10-27,6100,Operating Expense,CC0016,PC006,-33574.61,USD,10,2026
JRN0002335,2026-05-16,5000,COGS,CC0007,PC007,-35008.25,USD,5,2026
JRN0002336,2026-12-04,5000,COGS,CC0019,PC009,-620.47,USD,12,2026
JRN0002337,2025-06-29,6200,Operating Expense,CC0017,PC007,-21061.53,USD,6,2025
JRN0002338,2025-03-06,5000,COGS,CC0009,PC009,-24968.86,USD,3,2025
JRN0002339,2026-10-12,4000,Revenue,CC0017,PC007,34746.58,USD,10,2026
JRN0002340,2026-12-24,6100,Operating Expense,CC0015,PC005,-29499.2,USD,12,2026
JRN0002341,2026-08-04,6100,Operating Expense,CC0002,PC002,-31714.19,USD,8,2026
JRN0002342,2025-07-10,6200,Operating Expense,CC0002,PC002,-30652.4,USD,7,2025
JRN0002343,2025-07-21,5000,COGS,CC0006,PC006,-28821.15,USD,7,2025
JRN0002344,2025-04-22,5000,COGS,CC0013,PC003,-16328.01,USD,4,2025
JRN0002345,2025-09-12,4000,Revenue,CC0002,PC002,20514.57,USD,9,2025
JRN0002346,2026-07-10,6200,Operating Expense,CC0001,PC001,-6302.77,USD,7,2026
JRN0002347,2026-09-06,4000,Revenue,CC0017,PC007,23941.01,USD,9,2026
JRN0002348,2026-04-18,6200,Operating Expense,CC0018,PC008,-5400.02,USD,4,2026
JRN0002349,2025-11-18,6200,Operating Expense,CC0018,PC008,-32872.45,USD,11,2025
JRN0002350,2026-01-19,6100,Operating Expense,CC0003,PC003,-18231.88,USD,1,2026
JRN0002351,2025-11-17,6100,Operating Expense,CC0002,PC002,-15830.72,USD,11,2025
JRN0002352,2025-04-03,6200,Operating Expense,CC0001,PC001,-21727.57,USD,4,2025
JRN0002353,2026-06-06,6100,Operating Expense,CC0016,PC006,-31738.94,USD,6,2026
JRN0002354,2026-11-20,6200,Operating Expense,CC0013,PC003,-29396.93,USD,11,2026
JRN0002355,2026-01-29,6200,Operating Expense,CC0008,PC008,-8591.88,USD,1,2026
JRN0002356,2026-04-16,6200,Operating Expense,CC0017,PC007,-13629.52,USD,4,2026
JRN0002357,2025-09-11,4000,Revenue,CC0010,PC010,42752.78,USD,9,2025
JRN0002358,2025-03-23,6100,Operating Expense,CC0016,PC006,-568.42,USD,3,2025
JRN0002359,2026-05-11,6200,Operating Expense,CC0014,PC004,-13414.99,USD,5,2026
JRN0002360,2026-04-17,4000,Revenue,CC0016,PC006,38663.55,USD,4,2026
JRN0002361,2025-04-04,6100,Operating Expense,CC0014,PC004,-3744.42,USD,4,2025
JRN0002362,2026-01-08,6100,Operating Expense,CC0007,PC007,-41349.14,USD,1,2026
JRN0002363,2026-01-19,6200,Operating Expense,CC0016,PC006,-33546.57,USD,1,2026
JRN0002364,2025-12-03,5000,COGS,CC0012,PC002,-42181.87,USD,12,2025
JRN0002365,2026-05-04,6100,Operating Expense,CC0017,PC007,-9551.14,USD,5,2026
JRN0002366,2026-05-26,6200,Operating Expense,CC0017,PC007,-14013.43,USD,5,2026
JRN0002367,2025-07-13,5000,COGS,CC0016,PC006,-41085.18,USD,7,2025
JRN0002368,2025-07-27,6100,Operating Expense,CC0009,PC009,-11781.6,USD,7,2025
JRN0002369,2025-03-28,5000,COGS,CC0016,PC006,-24228.9,USD,3,2025
JRN0002370,2025-04-04,6100,Operating Expense,CC0020,PC010,-6324.99,USD,4,2025
JRN0002371,2025-07-07,6100,Operating Expense,CC0004,PC004,-20237.01,USD,7,2025
JRN0002372,2026-12-11,5000,COGS,CC0012,PC002,-5001.9,USD,12,2026
JRN0002373,2025-03-05,6100,Operating Expense,CC0016,PC006,-46955.09,USD,3,2025
JRN0002374,2026-08-01,5000,COGS,CC0010,PC010,-4333.14,USD,8,2026
JRN0002375,2025-03-05,4000,Revenue,CC0018,PC008,5636.7,USD,3,2025
JRN0002376,2026-06-10,4000,Revenue,CC0007,PC007,18235.01,USD,6,2026
JRN0002377,2025-01-25,6200,Operating Expense,CC0003,PC003,-21180.9,USD,1,2025
JRN0002378,2025-10-22,4000,Revenue,CC0010,PC010,6148.74,USD,10,2025
JRN0002379,2025-03-06,6200,Operating Expense,CC0020,PC010,-44776.36,USD,3,2025
JRN0002380,2025-02-04,5000,COGS,CC0005,PC005,-29579.28,USD,2,2025
JRN0002381,2026-10-09,6100,Operating Expense,CC0016,PC006,-29079.02,USD,10,2026
JRN0002382,2025-02-12,5000,COGS,CC0014,PC004,-14485.13,USD,2,2025
JRN0002383,2025-02-28,5000,COGS,CC0012,PC002,-31607.89,USD,2,2025
JRN0002384,2025-12-31,5000,COGS,CC0020,PC010,-2428.8,USD,12,2025
JRN0002385,2025-03-08,5000,COGS,CC0017,PC007,-21068.01,USD,3,2025
JRN0002386,2025-08-28,5000,COGS,CC0009,PC009,-49346.86,USD,8,2025
JRN0002387,2025-03-03,6100,Operating Expense,CC0016,PC006,-5293.05,USD,3,2025
JRN0002388,2025-03-24,6100,Operating Expense,CC0020,PC010,-36489.84,USD,3,2025
JRN0002389,2025-06-21,5000,COGS,CC0019,PC009,-41999.55,USD,6,2025
JRN0002390,2025-09-02,6200,Operating Expense,CC0019,PC009,-40503.44,USD,9,2025
JRN0002391,2026-08-26,4000,Revenue,CC0006,PC006,23032.55,USD,8,2026
JRN0002392,2026-07-30,4000,Revenue,CC0012,PC002,2114.57,USD,7,2026
JRN0002393,2026-03-13,6100,Operating Expense,CC0001,PC001,-4081.08,USD,3,2026
JRN0002394,2026-01-13,4000,Revenue,CC0018,PC008,36620.9,USD,1,2026
JRN0002395,2026-12-09,5000,COGS,CC0008,PC008,-8253.31,USD,12,2026
JRN0002396,2025-07-24,6200,Operating Expense,CC0006,PC006,-26545.35,USD,7,2025
JRN0002397,2025-09-09,4000,Revenue,CC0014,PC004,5820.9,USD,9,2025
JRN0002398,2025-03-18,4000,Revenue,CC0006,PC006,46733.05,USD,3,2025
JRN0002399,2026-12-23,5000,COGS,CC0016,PC006,-13617.79,USD,12,2026
JRN0002400,2026-10-08,6100,Operating Expense,CC0018,PC008,-37169.29,USD,10,2026
JRN0002401,2025-10-06,4000,Revenue,CC0011,PC001,30333.34,USD,10,2025
JRN0002402,2026-05-17,4000,Revenue,CC0001,PC001,17270.1,USD,5,2026
JRN0002403,2025-03-10,4000,Revenue,CC0009,PC009,49979.57,USD,3,2025
JRN0002404,2025-09-17,6200,Operating Expense,CC0002,PC002,-32131.3,USD,9,2025
JRN0002405,2026-10-23,4000,Revenue,CC0010,PC010,583.07,USD,10,2026
JRN0002406,2025-01-11,5000,COGS,CC0011,PC001,-972.76,USD,1,2025
JRN0002407,2026-01-24,4000,Revenue,CC0017,PC007,22740.84,USD,1,2026
JRN0002408,2026-03-28,6200,Operating Expense,CC0005,PC005,-45089.19,USD,3,2026
JRN0002409,2025-05-19,4000,Revenue,CC0013,PC003,3135.08,USD,5,2025
JRN0002410,2025-03-05,5000,COGS,CC0002,PC002,-19338.07,USD,3,2025
JRN0002411,2026-11-05,4000,Revenue,CC0018,PC008,9434.09,USD,11,2026
JRN0002412,2026-10-18,6200,Operating Expense,CC0009,PC009,-14120.84,USD,10,2026
JRN0002413,2025-03-14,6200,Operating Expense,CC0019,PC009,-21371.09,USD,3,2025
JRN0002414,2026-01-10,6200,Operating Expense,CC0015,PC005,-5024.4,USD,1,2026
JRN0002415,2025-08-05,6100,Operating Expense,CC0018,PC008,-44551.77,USD,8,2025
JRN0002416,2025-08-29,6200,Operating Expense,CC0013,PC003,-40116.77,USD,8,2025
JRN0002417,2026-07-11,6200,Operating Expense,CC0013,PC003,-45277.17,USD,7,2026
JRN0002418,2025-05-03,4000,Revenue,CC0020,PC010,8917.8,USD,5,2025
JRN0002419,2026-11-01,6100,Operating Expense,CC0009,PC009,-22974.33,USD,11,2026
JRN0002420,2025-06-15,4000,Revenue,CC0012,PC002,14245.9,USD,6,2025
JRN0002421,2026-04-10,4000,Revenue,CC0010,PC010,11909.26,USD,4,2026
JRN0002422,2025-05-10,6200,Operating Expense,CC0010,PC010,-14267.94,USD,5,2025
JRN0002423,2026-06-18,6200,Operating Expense,CC0009,PC009,-47062.55,USD,6,2026
JRN0002424,2026-11-24,6200,Operating Expense,CC0014,PC004,-14117.54,USD,11,2026
JRN0002425,2026-07-19,5000,COGS,CC0014,PC004,-19965.65,USD,7,2026
JRN0002426,2025-11-07,4000,Revenue,CC0014,PC004,40985.21,USD,11,2025
JRN0002427,2025-03-07,5000,COGS,CC0010,PC010,-13156.88,USD,3,2025
JRN0002428,2026-01-22,6100,Operating Expense,CC0015,PC005,-47382.61,USD,1,2026
JRN0002429,2026-07-02,5000,COGS,CC0012,PC002,-26345.36,USD,7,2026
JRN0002430,2025-01-15,5000,COGS,CC0020,PC010,-18781.26,USD,1,2025
JRN0002431,2025-03-03,6100,Operating Expense,CC0009,PC009,-46926.04,USD,3,2025
JRN0002432,2026-07-21,6100,Operating Expense,CC0016,PC006,-9437.55,USD,7,2026
JRN0002433,2026-02-13,4000,Revenue,CC0015,PC005,13455.09,USD,2,2026
JRN0002434,2026-06-18,5000,COGS,CC0015,PC005,-20318.29,USD,6,2026
JRN0002435,2026-05-06,6100,Operating Expense,CC0013,PC003,-32025.13,USD,5,2026
JRN0002436,2026-12-04,5000,COGS,CC0012,PC002,-19572.25,USD,12,2026
JRN0002437,2026-06-01,5000,COGS,CC0004,PC004,-33759.91,USD,6,2026
JRN0002438,2025-12-19,4000,Revenue,CC0005,PC005,36870.2,USD,12,2025
JRN0002439,2025-05-30,6200,Operating Expense,CC0011,PC001,-36530.55,USD,5,2025
JRN0002440,2025-09-15,5000,COGS,CC0003,PC003,-37558.6,USD,9,2025
JRN0002441,2026-09-08,6200,Operating Expense,CC0008,PC008,-8599.06,USD,9,2026
JRN0002442,2026-01-18,5000,COGS,CC0011,PC001,-33027.4,USD,1,2026
JRN0002443,2026-02-18,4000,Revenue,CC0002,PC002,44838.52,USD,2,2026
JRN0002444,2026-05-03,5000,COGS,CC0020,PC010,-16486.26,USD,5,2026
JRN0002445,2026-04-21,5000,COGS,CC0005,PC005,-40615.07,USD,4,2026
JRN0002446,2025-02-17,6100,Operating Expense,CC0001,PC001,-17690.26,USD,2,2025
JRN0002447,2025-02-28,4000,Revenue,CC0012,PC002,11109.58,USD,2,2025
JRN0002448,2026-07-10,5000,COGS,CC0004,PC004,-884.9,USD,7,2026
JRN0002449,2025-07-16,4000,Revenue,CC0003,PC003,16666.62,USD,7,2025
JRN0002450,2026-01-31,6100,Operating Expense,CC0009,PC009,-14055.61,USD,1,2026
JRN0002451,2026-03-16,6100,Operating Expense,CC0006,PC006,-23347.62,USD,3,2026
JRN0002452,2026-11-29,6100,Operating Expense,CC0014,PC004,-24121.02,USD,11,2026
JRN0002453,2026-08-05,6200,Operating Expense,CC0011,PC001,-13865.67,USD,8,2026
JRN0002454,2026-12-30,4000,Revenue,CC0011,PC001,3949.27,USD,12,2026
JRN0002455,2025-12-10,5000,COGS,CC0018,PC008,-36400.33,USD,12,2025
JRN0002456,2025-07-28,6200,Operating Expense,CC0016,PC006,-45041.21,USD,7,2025
JRN0002457,2026-04-15,6200,Operating Expense,CC0007,PC007,-16252.37,USD,4,2026
JRN0002458,2025-07-28,6100,Operating Expense,CC0015,PC005,-8258.92,USD,7,2025
JRN0002459,2025-10-26,4000,Revenue,CC0020,PC010,30549.08,USD,10,2025
JRN0002460,2026-10-30,4000,Revenue,CC0016,PC006,30577.18,USD,10,2026
JRN0002461,2026-07-08,5000,COGS,CC0001,PC001,-19021.18,USD,7,2026
JRN0002462,2026-01-12,6100,Operating Expense,CC0016,PC006,-10077.19,USD,1,2026
JRN0002463,2026-01-10,5000,COGS,CC0010,PC010,-30451.95,USD,1,2026
JRN0002464,2026-04-03,6200,Operating Expense,CC0006,PC006,-31166.59,USD,4,2026
JRN0002465,2026-01-04,5000,COGS,CC0019,PC009,-12256.74,USD,1,2026
JRN0002466,2025-06-22,6200,Operating Expense,CC0015,PC005,-4778.05,USD,6,2025
JRN0002467,2025-10-04,6200,Operating Expense,CC0019,PC009,-29453.49,USD,10,2025
JRN0002468,2026-07-19,4000,Revenue,CC0016,PC006,40191.05,USD,7,2026
JRN0002469,2026-01-20,5000,COGS,CC0010,PC010,-22641.9,USD,1,2026
JRN0002470,2026-04-12,5000,COGS,CC0002,PC002,-42351.04,USD,4,2026
JRN0002471,2025-01-26,6200,Operating Expense,CC0012,PC002,-40231.42,USD,1,2025
JRN0002472,2025-05-18,4000,Revenue,CC0017,PC007,41382.15,USD,5,2025
JRN0002473,2025-02-27,5000,COGS,CC0019,PC009,-12787.34,USD,2,2025
JRN0002474,2026-04-10,6200,Operating Expense,CC0005,PC005,-23288.25,USD,4,2026
JRN0002475,2026-10-28,4000,Revenue,CC0018,PC008,5687.44,USD,10,2026
JRN0002476,2026-12-11,6200,Operating Expense,CC0007,PC007,-3793.1,USD,12,2026
JRN0002477,2025-08-13,5000,COGS,CC0006,PC006,-29026.34,USD,8,2025
JRN0002478,2025-01-07,4000,Revenue,CC0017,PC007,13814.05,USD,1,2025
JRN0002479,2026-09-29,4000,Revenue,CC0004,PC004,16628.22,USD,9,2026
JRN0002480,2025-12-21,5000,COGS,CC0002,PC002,-40398.55,USD,12,2025
JRN0002481,2026-02-07,6100,Operating Expense,CC0014,PC004,-9280.2,USD,2,2026
JRN0002482,2025-10-08,5000,COGS,CC0016,PC006,-3959.18,USD,10,2025
JRN0002483,2026-10-18,5000,COGS,CC0012,PC002,-42941.41,USD,10,2026
JRN0002484,2026-08-27,6100,Operating Expense,CC0019,PC009,-22817.46,USD,8,2026
JRN0002485,2026-02-13,4000,Revenue,CC0003,PC003,4173.96,USD,2,2026
JRN0002486,2025-06-22,4000,Revenue,CC0002,PC002,5519.6,USD,6,2025
JRN0002487,2025-08-13,6100,Operating Expense,CC0004,PC004,-14546.69,USD,8,2025
JRN0002488,2025-05-28,5000,COGS,CC0017,PC007,-36598.02,USD,5,2025
JRN0002489,2025-08-11,4000,Revenue,CC0014,PC004,47670.82,USD,8,2025
JRN0002490,2026-08-11,6200,Operating Expense,CC0004,PC004,-12746.72,USD,8,2026
JRN0002491,2026-09-21,5000,COGS,CC0012,PC002,-40153.99,USD,9,2026
JRN0002492,2025-11-09,5000,COGS,CC0020,PC010,-24757.56,USD,11,2025
JRN0002493,2026-01-26,5000,COGS,CC0011,PC001,-35214.85,USD,1,2026
JRN0002494,2025-10-26,4000,Revenue,CC0011,PC001,22014.65,USD,10,2025
JRN0002495,2025-10-15,6200,Operating Expense,CC0005,PC005,-12659.94,USD,10,2025
JRN0002496,2025-11-11,6100,Operating Expense,CC0012,PC002,-20796.6,USD,11,2025
JRN0002497,2025-11-03,6200,Operating Expense,CC0003,PC003,-25678.93,USD,11,2025
JRN0002498,2026-06-06,6200,Operating Expense,CC0020,PC010,-16639.95,USD,6,2026
JRN0002499,2025-12-19,5000,COGS,CC0017,PC007,-10293.42,USD,12,2025
JRN0002500,2025-11-02,4000,Revenue,CC0009,PC009,9282.42,USD,11,2025
JRN0002501,2026-04-10,4000,Revenue,CC0016,PC006,5201.24,USD,4,2026
JRN0002502,2025-08-05,6200,Operating Expense,CC0019,PC009,-35785.62,USD,8,2025
JRN0002503,2026-11-20,6200,Operating Expense,CC0018,PC008,-43508.77,USD,11,2026
JRN0002504,2025-06-27,6100,Operating Expense,CC0002,PC002,-28606.68,USD,6,2025
JRN0002505,2025-02-18,6200,Operating Expense,CC0016,PC006,-16990.27,USD,2,2025
JRN0002506,2026-06-29,6100,Operating Expense,CC0001,PC001,-46782.11,USD,6,2026
JRN0002507,2026-12-10,6100,Operating Expense,CC0018,PC008,-34277.84,USD,12,2026
JRN0002508,2025-11-14,4000,Revenue,CC0020,PC010,28163.37,USD,11,2025
JRN0002509,2026-12-26,6100,Operating Expense,CC0009,PC009,-6594.67,USD,12,2026
JRN0002510,2025-03-15,5000,COGS,CC0008,PC008,-35304.64,USD,3,2025
JRN0002511,2025-07-18,5000,COGS,CC0010,PC010,-31933.35,USD,7,2025
JRN0002512,2025-09-21,5000,COGS,CC0012,PC002,-4940.26,USD,9,2025
JRN0002513,2025-10-14,6100,Operating Expense,CC0014,PC004,-20910.43,USD,10,2025
JRN0002514,2026-12-05,6200,Operating Expense,CC0004,PC004,-41651.71,USD,12,2026
JRN0002515,2026-02-02,5000,COGS,CC0006,PC006,-11220.71,USD,2,2026
JRN0002516,2026-12-01,5000,COGS,CC0003,PC003,-20277.57,USD,12,2026
JRN0002517,2026-06-15,6100,Operating Expense,CC0015,PC005,-7607.53,USD,6,2026
JRN0002518,2026-10-20,4000,Revenue,CC0007,PC007,8048.66,USD,10,2026
JRN0002519,2025-01-04,4000,Revenue,CC0010,PC010,4805.84,USD,1,2025
JRN0002520,2026-05-21,4000,Revenue,CC0004,PC004,42354.32,USD,5,2026
JRN0002521,2026-05-07,5000,COGS,CC0017,PC007,-31320.11,USD,5,2026
JRN0002522,2026-11-29,6200,Operating Expense,CC0015,PC005,-3945.06,USD,11,2026
JRN0002523,2025-08-28,6200,Operating Expense,CC0020,PC010,-43180.96,USD,8,2025
JRN0002524,2026-09-29,6200,Operating Expense,CC0011,PC001,-15600.37,USD,9,2026
JRN0002525,2025-09-06,4000,Revenue,CC0006,PC006,7154.81,USD,9,2025
JRN0002526,2026-08-03,5000,COGS,CC0020,PC010,-39681.1,USD,8,2026
JRN0002527,2025-12-19,6200,Operating Expense,CC0015,PC005,-33556.98,USD,12,2025
JRN0002528,2026-12-23,6200,Operating Expense,CC0020,PC010,-10239.02,USD,12,2026
JRN0002529,2025-08-05,6200,Operating Expense,CC0013,PC003,-29514.97,USD,8,2025
JRN0002530,2025-02-23,4000,Revenue,CC0009,PC009,46121.0,USD,2,2025
JRN0002531,2026-06-02,6100,Operating Expense,CC0015,PC005,-38151.62,USD,6,2026
JRN0002532,2026-12-28,6100,Operating Expense,CC0002,PC002,-44869.97,USD,12,2026
JRN0002533,2026-10-30,6100,Operating Expense,CC0015,PC005,-48342.28,USD,10,2026
JRN0002534,2026-03-04,5000,COGS,CC0012,PC002,-4748.73,USD,3,2026
JRN0002535,2025-12-22,4000,Revenue,CC0007,PC007,30151.03,USD,12,2025
JRN0002536,2025-05-18,5000,COGS,CC0008,PC008,-19151.19,USD,5,2025
JRN0002537,2025-06-25,4000,Revenue,CC0009,PC009,41074.57,USD,6,2025
JRN0002538,2026-10-28,5000,COGS,CC0015,PC005,-14340.12,USD,10,2026
JRN0002539,2025-09-25,6200,Operating Expense,CC0013,PC003,-20363.39,USD,9,2025
JRN0002540,2026-04-27,6200,Operating Expense,CC0009,PC009,-11557.92,USD,4,2026
JRN0002541,2025-05-01,6200,Operating Expense,CC0004,PC004,-39433.48,USD,5,2025
JRN0002542,2025-06-25,6100,Operating Expense,CC0003,PC003,-4498.48,USD,6,2025
JRN0002543,2025-04-25,4000,Revenue,CC0017,PC007,29884.77,USD,4,2025
JRN0002544,2026-06-06,6200,Operating Expense,CC0018,PC008,-37461.92,USD,6,2026
JRN0002545,2026-09-12,4000,Revenue,CC0018,PC008,27282.05,USD,9,2026
JRN0002546,2025-11-03,5000,COGS,CC0005,PC005,-4788.59,USD,11,2025
JRN0002547,2026-10-27,6200,Operating Expense,CC0017,PC007,-43567.43,USD,10,2026
JRN0002548,2026-01-26,6200,Operating Expense,CC0004,PC004,-23037.86,USD,1,2026
JRN0002549,2026-12-21,4000,Revenue,CC0011,PC001,34978.05,USD,12,2026
JRN0002550,2025-06-09,4000,Revenue,CC0020,PC010,3521.22,USD,6,2025
JRN0002551,2026-08-13,5000,COGS,CC0003,PC003,-32990.72,USD,8,2026
JRN0002552,2026-09-20,6100,Operating Expense,CC0007,PC007,-32493.43,USD,9,2026
JRN0002553,2025-07-25,6200,Operating Expense,CC0006,PC006,-46991.79,USD,7,2025
JRN0002554,2025-04-19,6100,Operating Expense,CC0016,PC006,-7357.94,USD,4,2025
JRN0002555,2025-11-10,6200,Operating Expense,CC0011,PC001,-2827.27,USD,11,2025
JRN0002556,2026-01-22,6200,Operating Expense,CC0020,PC010,-19359.64,USD,1,2026
JRN0002557,2026-06-26,6200,Operating Expense,CC0018,PC008,-27027.26,USD,6,2026
JRN0002558,2026-10-11,4000,Revenue,CC0004,PC004,41598.86,USD,10,2026
JRN0002559,2026-04-03,5000,COGS,CC0001,PC001,-23474.3,USD,4,2026
JRN0002560,2026-09-21,6200,Operating Expense,CC0019,PC009,-13668.77,USD,9,2026
JRN0002561,2025-06-10,6100,Operating Expense,CC0003,PC003,-16696.9,USD,6,2025
JRN0002562,2026-02-20,5000,COGS,CC0020,PC010,-38490.81,USD,2,2026
JRN0002563,2025-06-17,6200,Operating Expense,CC0014,PC004,-43369.87,USD,6,2025
JRN0002564,2026-02-11,5000,COGS,CC0012,PC002,-38592.67,USD,2,2026
JRN0002565,2026-10-02,5000,COGS,CC0005,PC005,-28621.21,USD,10,2026
JRN0002566,2025-12-18,4000,Revenue,CC0001,PC001,6886.18,USD,12,2025
JRN0002567,2025-10-27,5000,COGS,CC0004,PC004,-36473.99,USD,10,2025
JRN0002568,2025-10-11,5000,COGS,CC0006,PC006,-30979.27,USD,10,2025
JRN0002569,2026-06-16,4000,Revenue,CC0020,PC010,48091.86,USD,6,2026
JRN0002570,2026-08-01,6100,Operating Expense,CC0003,PC003,-14809.04,USD,8,2026
JRN0002571,2026-11-20,6100,Operating Expense,CC0006,PC006,-23257.81,USD,11,2026
JRN0002572,2026-03-10,5000,COGS,CC0001,PC001,-1030.43,USD,3,2026
JRN0002573,2025-12-29,4000,Revenue,CC0006,PC006,36154.99,USD,12,2025
JRN0002574,2025-10-01,6100,Operating Expense,CC0010,PC010,-48670.15,USD,10,2025
JRN0002575,2025-09-05,6200,Operating Expense,CC0013,PC003,-26097.39,USD,9,2025
JRN0002576,2025-06-30,6100,Operating Expense,CC0019,PC009,-37025.15,USD,6,2025
JRN0002577,2025-06-11,6200,Operating Expense,CC0011,PC001,-25092.72,USD,6,2025
JRN0002578,2026-08-09,6100,Operating Expense,CC0018,PC008,-17150.69,USD,8,2026
JRN0002579,2025-08-14,5000,COGS,CC0017,PC007,-15424.62,USD,8,2025
JRN0002580,2025-12-13,5000,COGS,CC0006,PC006,-9006.34,USD,12,2025
JRN0002581,2025-03-11,6200,Operating Expense,CC0009,PC009,-26697.48,USD,3,2025
JRN0002582,2025-01-12,6100,Operating Expense,CC0003,PC003,-36362.24,USD,1,2025
JRN0002583,2026-08-14,4000,Revenue,CC0010,PC010,13625.56,USD,8,2026
JRN0002584,2025-10-24,6200,Operating Expense,CC0019,PC009,-30093.94,USD,10,2025
JRN0002585,2025-06-24,6200,Operating Expense,CC0018,PC008,-47103.05,USD,6,2025
JRN0002586,2025-12-26,6200,Operating Expense,CC0010,PC010,-25127.15,USD,12,2025
JRN0002587,2025-10-01,5000,COGS,CC0016,PC006,-38365.95,USD,10,2025
JRN0002588,2026-07-14,4000,Revenue,CC0019,PC009,5744.93,USD,7,2026
JRN0002589,2026-07-15,4000,Revenue,CC0009,PC009,10200.67,USD,7,2026
JRN0002590,2026-09-26,5000,COGS,CC0005,PC005,-34783.63,USD,9,2026
JRN0002591,2025-02-17,4000,Revenue,CC0019,PC009,44219.63,USD,2,2025
JRN0002592,2025-05-24,4000,Revenue,CC0016,PC006,10424.57,USD,5,2025
JRN0002593,2026-05-23,4000,Revenue,CC0017,PC007,33526.53,USD,5,2026
JRN0002594,2025-05-05,5000,COGS,CC0007,PC007,-30516.88,USD,5,2025
JRN0002595,2025-05-03,6200,Operating Expense,CC0017,PC007,-41519.93,USD,5,2025
JRN0002596,2025-09-22,5000,COGS,CC0008,PC008,-43946.84,USD,9,2025
JRN0002597,2026-12-23,4000,Revenue,CC0012,PC002,27944.05,USD,12,2026
JRN0002598,2025-10-31,6100,Operating Expense,CC0002,PC002,-25972.92,USD,10,2025
JRN0002599,2025-05-07,6200,Operating Expense,CC0009,PC009,-34076.04,USD,5,2025
JRN0002600,2025-02-04,5000,COGS,CC0006,PC006,-17034.53,USD,2,2025
JRN0002601,2026-11-10,5000,COGS,CC0003,PC003,-6764.19,USD,11,2026
JRN0002602,2026-11-23,4000,Revenue,CC0013,PC003,26115.66,USD,11,2026
JRN0002603,2026-07-06,6100,Operating Expense,CC0009,PC009,-303.3,USD,7,2026
JRN0002604,2026-01-24,4000,Revenue,CC0011,PC001,19926.84,USD,1,2026
JRN0002605,2025-09-25,5000,COGS,CC0013,PC003,-11813.18,USD,9,2025
JRN0002606,2026-09-07,5000,COGS,CC0017,PC007,-38914.63,USD,9,2026
JRN0002607,2025-11-20,6200,Operating Expense,CC0007,PC007,-19849.53,USD,11,2025
JRN0002608,2025-10-21,6100,Operating Expense,CC0014,PC004,-10059.85,USD,10,2025
JRN0002609,2025-03-18,4000,Revenue,CC0010,PC010,28932.81,USD,3,2025
JRN0002610,2026-09-07,6200,Operating Expense,CC0018,PC008,-19518.56,USD,9,2026
JRN0002611,2026-01-20,6200,Operating Expense,CC0016,PC006,-34041.46,USD,1,2026
JRN0002612,2025-04-28,5000,COGS,CC0009,PC009,-20637.1,USD,4,2025
JRN0002613,2025-05-23,6200,Operating Expense,CC0016,PC006,-35096.53,USD,5,2025
JRN0002614,2026-08-06,5000,COGS,CC0006,PC006,-32123.11,USD,8,2026
JRN0002615,2026-05-16,5000,COGS,CC0008,PC008,-38895.79,USD,5,2026
JRN0002616,2025-02-10,6200,Operating Expense,CC0009,PC009,-16572.59,USD,2,2025
JRN0002617,2026-09-22,6200,Operating Expense,CC0012,PC002,-40496.03,USD,9,2026
JRN0002618,2025-05-16,6200,Operating Expense,CC0016,PC006,-20406.28,USD,5,2025
JRN0002619,2025-03-29,5000,COGS,CC0019,PC009,-46637.59,USD,3,2025
JRN0002620,2026-08-29,6100,Operating Expense,CC0005,PC005,-13325.46,USD,8,2026
JRN0002621,2025-02-02,5000,COGS,CC0018,PC008,-23367.61,USD,2,2025
JRN0002622,2026-06-18,6100,Operating Expense,CC0016,PC006,-13547.06,USD,6,2026
JRN0002623,2025-01-21,5000,COGS,CC0012,PC002,-8371.88,USD,1,2025
JRN0002624,2025-02-04,6200,Operating Expense,CC0007,PC007,-12382.6,USD,2,2025
JRN0002625,2025-11-05,4000,Revenue,CC0002,PC002,41640.48,USD,11,2025
JRN0002626,2025-11-07,5000,COGS,CC0010,PC010,-43726.48,USD,11,2025
JRN0002627,2025-02-05,6100,Operating Expense,CC0002,PC002,-11655.13,USD,2,2025
JRN0002628,2026-05-09,5000,COGS,CC0012,PC002,-28373.55,USD,5,2026
JRN0002629,2025-08-17,6200,Operating Expense,CC0011,PC001,-32293.02,USD,8,2025
JRN0002630,2026-08-28,5000,COGS,CC0007,PC007,-8100.69,USD,8,2026
JRN0002631,2025-07-10,6100,Operating Expense,CC0014,PC004,-26853.39,USD,7,2025
JRN0002632,2025-09-30,6100,Operating Expense,CC0008,PC008,-42806.62,USD,9,2025
JRN0002633,2025-04-01,5000,COGS,CC0009,PC009,-15950.68,USD,4,2025
JRN0002634,2026-03-22,6200,Operating Expense,CC0019,PC009,-13924.61,USD,3,2026
JRN0002635,2025-10-18,6200,Operating Expense,CC0003,PC003,-23312.53,USD,10,2025
JRN0002636,2025-04-10,4000,Revenue,CC0004,PC004,38390.34,USD,4,2025
JRN0002637,2026-01-31,6200,Operating Expense,CC0012,PC002,-41855.05,USD,1,2026
JRN0002638,2026-11-09,5000,COGS,CC0011,PC001,-15541.02,USD,11,2026
JRN0002639,2026-11-02,4000,Revenue,CC0009,PC009,36572.38,USD,11,2026
JRN0002640,2025-09-04,6200,Operating Expense,CC0010,PC010,-45531.02,USD,9,2025
JRN0002641,2025-08-09,6100,Operating Expense,CC0020,PC010,-19105.84,USD,8,2025
JRN0002642,2026-07-10,6100,Operating Expense,CC0014,PC004,-2370.35,USD,7,2026
JRN0002643,2025-03-24,6100,Operating Expense,CC0016,PC006,-4360.82,USD,3,2025
JRN0002644,2026-08-02,4000,Revenue,CC0016,PC006,25118.09,USD,8,2026
JRN0002645,2026-06-01,6200,Operating Expense,CC0009,PC009,-7396.98,USD,6,2026
JRN0002646,2026-11-29,6200,Operating Expense,CC0007,PC007,-42966.53,USD,11,2026
JRN0002647,2025-03-02,6200,Operating Expense,CC0010,PC010,-3534.24,USD,3,2025
JRN0002648,2026-09-11,5000,COGS,CC0006,PC006,-42398.86,USD,9,2026
JRN0002649,2026-03-25,6200,Operating Expense,CC0016,PC006,-41840.65,USD,3,2026
JRN0002650,2026-09-17,6100,Operating Expense,CC0014,PC004,-49467.68,USD,9,2026
JRN0002651,2025-09-16,6200,Operating Expense,CC0009,PC009,-33319.92,USD,9,2025
JRN0002652,2026-08-29,6200,Operating Expense,CC0007,PC007,-1446.74,USD,8,2026
JRN0002653,2025-08-27,6100,Operating Expense,CC0013,PC003,-19384.29,USD,8,2025
JRN0002654,2025-02-17,6200,Operating Expense,CC0014,PC004,-32636.93,USD,2,2025
JRN0002655,2025-09-25,4000,Revenue,CC0002,PC002,39875.82,USD,9,2025
JRN0002656,2026-03-15,6100,Operating Expense,CC0007,PC007,-46300.06,USD,3,2026
JRN0002657,2025-01-26,6100,Operating Expense,CC0020,PC010,-30984.77,USD,1,2025
JRN0002658,2026-05-02,4000,Revenue,CC0001,PC001,18456.79,USD,5,2026
JRN0002659,2025-12-01,4000,Revenue,CC0006,PC006,39957.6,USD,12,2025
JRN0002660,2026-03-26,4000,Revenue,CC0020,PC010,44783.14,USD,3,2026
JRN0002661,2026-03-29,6200,Operating Expense,CC0020,PC010,-34760.17,USD,3,2026
JRN0002662,2026-08-28,5000,COGS,CC0016,PC006,-29730.59,USD,8,2026
JRN0002663,2025-03-21,5000,COGS,CC0013,PC003,-46795.97,USD,3,2025
JRN0002664,2026-05-24,4000,Revenue,CC0008,PC008,2812.91,USD,5,2026
JRN0002665,2025-05-03,4000,Revenue,CC0019,PC009,46077.49,USD,5,2025
JRN0002666,2026-01-22,5000,COGS,CC0011,PC001,-13534.74,USD,1,2026
JRN0002667,2025-12-21,4000,Revenue,CC0015,PC005,8377.07,USD,12,2025
JRN0002668,2026-07-04,6200,Operating Expense,CC0019,PC009,-1919.51,USD,7,2026
JRN0002669,2026-06-08,6100,Operating Expense,CC0001,PC001,-26577.9,USD,6,2026
JRN0002670,2026-03-29,5000,COGS,CC0005,PC005,-13555.28,USD,3,2026
JRN0002671,2026-11-20,6200,Operating Expense,CC0011,PC001,-15778.19,USD,11,2026
JRN0002672,2025-07-01,4000,Revenue,CC0005,PC005,20429.91,USD,7,2025
JRN0002673,2025-08-28,6200,Operating Expense,CC0007,PC007,-10293.76,USD,8,2025
JRN0002674,2025-12-09,6200,Operating Expense,CC0020,PC010,-25199.17,USD,12,2025
JRN0002675,2025-04-15,5000,COGS,CC0009,PC009,-26075.52,USD,4,2025
JRN0002676,2025-02-06,5000,COGS,CC0016,PC006,-2428.12,USD,2,2025
JRN0002677,2026-12-03,5000,COGS,CC0011,PC001,-49661.73,USD,12,2026
JRN0002678,2025-08-25,4000,Revenue,CC0007,PC007,37425.64,USD,8,2025
JRN0002679,2025-01-14,6100,Operating Expense,CC0003,PC003,-29689.14,USD,1,2025
JRN0002680,2025-08-29,5000,COGS,CC0001,PC001,-32358.51,USD,8,2025
JRN0002681,2026-07-13,4000,Revenue,CC0009,PC009,2895.05,USD,7,2026
JRN0002682,2025-07-11,6100,Operating Expense,CC0013,PC003,-37294.74,USD,7,2025
JRN0002683,2025-06-10,4000,Revenue,CC0003,PC003,49176.7,USD,6,2025
JRN0002684,2025-08-07,5000,COGS,CC0016,PC006,-8935.9,USD,8,2025
JRN0002685,2026-04-12,6100,Operating Expense,CC0003,PC003,-1644.87,USD,4,2026
JRN0002686,2025-12-18,6200,Operating Expense,CC0014,PC004,-44488.95,USD,12,2025
JRN0002687,2025-04-19,6200,Operating Expense,CC0014,PC004,-45941.95,USD,4,2025
JRN0002688,2025-05-20,5000,COGS,CC0007,PC007,-46181.88,USD,5,2025
JRN0002689,2026-12-14,6100,Operating Expense,CC0004,PC004,-41486.28,USD,12,2026
JRN0002690,2025-11-12,4000,Revenue,CC0017,PC007,47874.25,USD,11,2025
JRN0002691,2026-12-12,4000,Revenue,CC0007,PC007,7212.58,USD,12,2026
JRN0002692,2025-09-09,5000,COGS,CC0008,PC008,-30422.8,USD,9,2025
JRN0002693,2026-11-07,5000,COGS,CC0019,PC009,-34326.96,USD,11,2026
JRN0002694,2026-12-01,4000,Revenue,CC0018,PC008,31131.1,USD,12,2026
JRN0002695,2025-12-18,6100,Operating Expense,CC0004,PC004,-5411.83,USD,12,2025
JRN0002696,2025-06-01,6100,Operating Expense,CC0020,PC010,-2860.99,USD,6,2025
JRN0002697,2026-09-11,4000,Revenue,CC0019,PC009,24611.58,USD,9,2026
JRN0002698,2026-02-25,6200,Operating Expense,CC0012,PC002,-28438.09,USD,2,2026
JRN0002699,2026-04-03,5000,COGS,CC0004,PC004,-17620.13,USD,4,2026
JRN0002700,2026-04-21,5000,COGS,CC0006,PC006,-18593.26,USD,4,2026
JRN0002701,2025-04-17,4000,Revenue,CC0007,PC007,2757.0,USD,4,2025
JRN0002702,2025-11-30,4000,Revenue,CC0011,PC001,10719.32,USD,11,2025
JRN0002703,2026-09-18,4000,Revenue,CC0010,PC010,49269.93,USD,9,2026
JRN0002704,2025-01-02,6100,Operating Expense,CC0017,PC007,-20757.5,USD,1,2025
JRN0002705,2026-03-12,5000,COGS,CC0007,PC007,-33035.56,USD,3,2026
JRN0002706,2026-05-05,4000,Revenue,CC0004,PC004,32083.11,USD,5,2026
JRN0002707,2025-03-19,6100,Operating Expense,CC0007,PC007,-43735.09,USD,3,2025
JRN0002708,2026-03-10,6200,Operating Expense,CC0004,PC004,-15507.57,USD,3,2026
JRN0002709,2025-09-19,4000,Revenue,CC0013,PC003,33918.4,USD,9,2025
JRN0002710,2025-07-31,6200,Operating Expense,CC0007,PC007,-48772.27,USD,7,2025
JRN0002711,2026-11-19,6200,Operating Expense,CC0020,PC010,-9340.48,USD,11,2026
JRN0002712,2026-12-09,6100,Operating Expense,CC0016,PC006,-10958.74,USD,12,2026
JRN0002713,2025-03-29,5000,COGS,CC0003,PC003,-32594.78,USD,3,2025
JRN0002714,2026-08-05,4000,Revenue,CC0004,PC004,35132.55,USD,8,2026
JRN0002715,2025-10-09,6100,Operating Expense,CC0005,PC005,-254.44,USD,10,2025
JRN0002716,2025-08-31,6200,Operating Expense,CC0009,PC009,-11510.23,USD,8,2025
JRN0002717,2026-05-21,5000,COGS,CC0004,PC004,-23388.36,USD,5,2026
JRN0002718,2026-10-09,4000,Revenue,CC0015,PC005,14464.4,USD,10,2026
JRN0002719,2025-05-26,4000,Revenue,CC0016,PC006,1621.49,USD,5,2025
JRN0002720,2025-10-04,5000,COGS,CC0003,PC003,-28040.39,USD,10,2025
JRN0002721,2026-07-23,4000,Revenue,CC0001,PC001,35393.62,USD,7,2026
JRN0002722,2026-02-27,4000,Revenue,CC0013,PC003,46017.62,USD,2,2026
JRN0002723,2026-05-20,4000,Revenue,CC0012,PC002,26392.94,USD,5,2026
JRN0002724,2025-04-22,5000,COGS,CC0009,PC009,-32350.47,USD,4,2025
JRN0002725,2025-04-11,4000,Revenue,CC0013,PC003,17940.14,USD,4,2025
JRN0002726,2025-05-27,4000,Revenue,CC0001,PC001,7660.14,USD,5,2025
JRN0002727,2025-02-10,4000,Revenue,CC0009,PC009,29234.02,USD,2,2025
JRN0002728,2025-11-27,4000,Revenue,CC0004,PC004,29805.49,USD,11,2025
JRN0002729,2026-04-27,6200,Operating Expense,CC0014,PC004,-39659.41,USD,4,2026
JRN0002730,2026-02-24,5000,COGS,CC0002,PC002,-24766.32,USD,2,2026
JRN0002731,2026-08-28,6100,Operating Expense,CC0018,PC008,-40440.79,USD,8,2026
JRN0002732,2025-12-09,5000,COGS,CC0006,PC006,-38655.38,USD,12,2025
JRN0002733,2026-09-06,6200,Operating Expense,CC0013,PC003,-8069.26,USD,9,2026
JRN0002734,2025-01-20,6200,Operating Expense,CC0003,PC003,-33083.09,USD,1,2025
JRN0002735,2025-10-12,5000,COGS,CC0012,PC002,-21958.89,USD,10,2025
JRN0002736,2026-04-30,5000,COGS,CC0010,PC010,-13914.07,USD,4,2026
JRN0002737,2025-01-29,6100,Operating Expense,CC0011,PC001,-44586.76,USD,1,2025
JRN0002738,2025-08-29,5000,COGS,CC0002,PC002,-29485.84,USD,8,2025
JRN0002739,2025-09-29,5000,COGS,CC0007,PC007,-41241.47,USD,9,2025
JRN0002740,2025-08-09,6100,Operating Expense,CC0008,PC008,-18250.99,USD,8,2025
JRN0002741,2026-08-02,6200,Operating Expense,CC0003,PC003,-21683.39,USD,8,2026
JRN0002742,2025-08-28,6100,Operating Expense,CC0016,PC006,-34604.36,USD,8,2025
JRN0002743,2025-08-31,6100,Operating Expense,CC0002,PC002,-38013.56,USD,8,2025
JRN0002744,2025-11-26,6100,Operating Expense,CC0003,PC003,-10054.0,USD,11,2025
JRN0002745,2025-11-08,6100,Operating Expense,CC0011,PC001,-44510.74,USD,11,2025
JRN0002746,2026-03-26,4000,Revenue,CC0015,PC005,43253.06,USD,3,2026
JRN0002747,2025-10-29,6200,Operating Expense,CC0009,PC009,-28561.3,USD,10,2025
JRN0002748,2026-08-02,5000,COGS,CC0011,PC001,-9299.57,USD,8,2026
JRN0002749,2026-01-06,5000,COGS,CC0012,PC002,-6554.82,USD,1,2026
JRN0002750,2026-07-11,6200,Operating Expense,CC0002,PC002,-19370.74,USD,7,2026
JRN0002751,2025-05-07,5000,COGS,CC0001,PC001,-16607.69,USD,5,2025
JRN0002752,2026-03-24,4000,Revenue,CC0003,PC003,16421.55,USD,3,2026
JRN0002753,2026-10-15,6100,Operating Expense,CC0012,PC002,-18678.63,USD,10,2026
JRN0002754,2026-02-12,6100,Operating Expense,CC0009,PC009,-43305.29,USD,2,2026
JRN0002755,2026-07-05,6200,Operating Expense,CC0018,PC008,-22814.24,USD,7,2026
JRN0002756,2026-04-20,6200,Operating Expense,CC0019,PC009,-29680.88,USD,4,2026
JRN0002757,2026-08-08,5000,COGS,CC0012,PC002,-13592.96,USD,8,2026
JRN0002758,2025-02-15,6200,Operating Expense,CC0006,PC006,-41294.31,USD,2,2025
JRN0002759,2025-09-26,4000,Revenue,CC0005,PC005,15330.55,USD,9,2025
JRN0002760,2025-10-23,5000,COGS,CC0007,PC007,-16147.43,USD,10,2025
JRN0002761,2025-06-26,5000,COGS,CC0002,PC002,-45293.28,USD,6,2025
JRN0002762,2026-08-15,6200,Operating Expense,CC0001,PC001,-13218.97,USD,8,2026
JRN0002763,2026-03-05,5000,COGS,CC0017,PC007,-20108.31,USD,3,2026
JRN0002764,2026-03-25,6200,Operating Expense,CC0007,PC007,-28788.29,USD,3,2026
JRN0002765,2025-10-24,5000,COGS,CC0012,PC002,-1120.06,USD,10,2025
JRN0002766,2026-09-24,4000,Revenue,CC0001,PC001,41332.09,USD,9,2026
JRN0002767,2025-11-08,4000,Revenue,CC0001,PC001,8846.74,USD,11,2025
JRN0002768,2025-06-08,4000,Revenue,CC0004,PC004,13725.45,USD,6,2025
JRN0002769,2026-11-02,6100,Operating Expense,CC0018,PC008,-44330.75,USD,11,2026
JRN0002770,2025-09-10,4000,Revenue,CC0017,PC007,19864.11,USD,9,2025
JRN0002771,2026-08-10,5000,COGS,CC0015,PC005,-8641.31,USD,8,2026
JRN0002772,2026-05-26,6100,Operating Expense,CC0001,PC001,-7868.48,USD,5,2026
JRN0002773,2025-12-15,5000,COGS,CC0014,PC004,-36471.21,USD,12,2025
JRN0002774,2025-02-15,6200,Operating Expense,CC0017,PC007,-35385.15,USD,2,2025
JRN0002775,2025-01-23,6100,Operating Expense,CC0006,PC006,-39823.5,USD,1,2025
JRN0002776,2026-03-21,5000,COGS,CC0008,PC008,-7226.71,USD,3,2026
JRN0002777,2026-09-17,6100,Operating Expense,CC0009,PC009,-2113.33,USD,9,2026
JRN0002778,2026-07-17,5000,COGS,CC0019,PC009,-17457.45,USD,7,2026
JRN0002779,2025-01-25,6200,Operating Expense,CC0001,PC001,-27385.83,USD,1,2025
JRN0002780,2026-06-14,6200,Operating Expense,CC0013,PC003,-40991.84,USD,6,2026
JRN0002781,2025-02-07,5000,COGS,CC0006,PC006,-8583.27,USD,2,2025
JRN0002782,2025-10-15,5000,COGS,CC0004,PC004,-33714.81,USD,10,2025
JRN0002783,2025-12-18,4000,Revenue,CC0011,PC001,30764.88,USD,12,2025
JRN0002784,2025-05-11,4000,Revenue,CC0005,PC005,34344.88,USD,5,2025
JRN0002785,2026-05-27,5000,COGS,CC0014,PC004,-20415.08,USD,5,2026
JRN0002786,2026-11-13,5000,COGS,CC0007,PC007,-39249.64,USD,11,2026
JRN0002787,2025-07-12,5000,COGS,CC0002,PC002,-15808.95,USD,7,2025
JRN0002788,2025-07-03,6200,Operating Expense,CC0016,PC006,-3932.76,USD,7,2025
JRN0002789,2026-08-27,6100,Operating Expense,CC0002,PC002,-41888.4,USD,8,2026
JRN0002790,2026-10-28,6200,Operating Expense,CC0014,PC004,-46255.73,USD,10,2026
JRN0002791,2026-09-23,5000,COGS,CC0007,PC007,-41710.6,USD,9,2026
JRN0002792,2025-06-20,6100,Operating Expense,CC0002,PC002,-20853.18,USD,6,2025
JRN0002793,2025-05-10,5000,COGS,CC0013,PC003,-36004.95,USD,5,2025
JRN0002794,2026-02-11,5000,COGS,CC0015,PC005,-47357.5,USD,2,2026
JRN0002795,2025-11-27,6100,Operating Expense,CC0013,PC003,-26325.58,USD,11,2025
JRN0002796,2025-10-23,5000,COGS,CC0016,PC006,-46556.67,USD,10,2025
JRN0002797,2025-04-29,6200,Operating Expense,CC0009,PC009,-18451.72,USD,4,2025
JRN0002798,2026-01-27,5000,COGS,CC0017,PC007,-36721.66,USD,1,2026
JRN0002799,2026-05-17,5000,COGS,CC0009,PC009,-9231.29,USD,5,2026
JRN0002800,2025-09-23,4000,Revenue,CC0006,PC006,15440.34,USD,9,2025
JRN0002801,2025-07-16,4000,Revenue,CC0009,PC009,4085.61,USD,7,2025
JRN0002802,2026-07-22,6200,Operating Expense,CC0007,PC007,-42449.89,USD,7,2026
JRN0002803,2026-02-14,6100,Operating Expense,CC0008,PC008,-23097.38,USD,2,2026
JRN0002804,2025-09-04,4000,Revenue,CC0010,PC010,16710.04,USD,9,2025
JRN0002805,2026-10-05,6100,Operating Expense,CC0010,PC010,-17424.69,USD,10,2026
JRN0002806,2025-07-15,5000,COGS,CC0006,PC006,-11566.67,USD,7,2025
JRN0002807,2026-11-01,4000,Revenue,CC0009,PC009,29663.13,USD,11,2026
JRN0002808,2025-08-02,6200,Operating Expense,CC0020,PC010,-427.82,USD,8,2025
JRN0002809,2025-12-20,4000,Revenue,CC0001,PC001,4390.74,USD,12,2025
JRN0002810,2026-02-06,4000,Revenue,CC0002,PC002,5134.23,USD,2,2026
JRN0002811,2026-09-17,6100,Operating Expense,CC0018,PC008,-49716.69,USD,9,2026
JRN0002812,2026-08-09,6200,Operating Expense,CC0013,PC003,-26184.25,USD,8,2026
JRN0002813,2026-03-20,6200,Operating Expense,CC0004,PC004,-14259.97,USD,3,2026
JRN0002814,2025-02-17,4000,Revenue,CC0005,PC005,23061.63,USD,2,2025
JRN0002815,2025-05-20,5000,COGS,CC0005,PC005,-47687.19,USD,5,2025
JRN0002816,2026-01-11,6200,Operating Expense,CC0003,PC003,-25997.04,USD,1,2026
JRN0002817,2025-11-07,5000,COGS,CC0016,PC006,-10298.53,USD,11,2025
JRN0002818,2026-07-11,4000,Revenue,CC0005,PC005,6815.0,USD,7,2026
JRN0002819,2025-04-17,6100,Operating Expense,CC0007,PC007,-14990.2,USD,4,2025
JRN0002820,2026-08-04,6100,Operating Expense,CC0013,PC003,-7388.12,USD,8,2026
JRN0002821,2026-06-02,5000,COGS,CC0012,PC002,-6492.6,USD,6,2026
JRN0002822,2025-11-13,6200,Operating Expense,CC0013,PC003,-42807.2,USD,11,2025
JRN0002823,2025-01-03,6200,Operating Expense,CC0003,PC003,-4326.97,USD,1,2025
JRN0002824,2025-04-29,6200,Operating Expense,CC0006,PC006,-31881.21,USD,4,2025
JRN0002825,2026-10-29,4000,Revenue,CC0017,PC007,40920.19,USD,10,2026
JRN0002826,2025-03-05,6100,Operating Expense,CC0005,PC005,-3926.28,USD,3,2025
JRN0002827,2025-03-11,6100,Operating Expense,CC0018,PC008,-22898.99,USD,3,2025
JRN0002828,2025-05-26,4000,Revenue,CC0014,PC004,25582.49,USD,5,2025
JRN0002829,2025-08-01,6100,Operating Expense,CC0001,PC001,-48175.53,USD,8,2025
JRN0002830,2026-02-25,5000,COGS,CC0002,PC002,-18562.66,USD,2,2026
JRN0002831,2025-08-20,5000,COGS,CC0011,PC001,-48531.91,USD,8,2025
JRN0002832,2026-07-14,6200,Operating Expense,CC0011,PC001,-33084.84,USD,7,2026
JRN0002833,2025-04-25,4000,Revenue,CC0005,PC005,44335.01,USD,4,2025
JRN0002834,2025-05-08,6100,Operating Expense,CC0003,PC003,-8258.12,USD,5,2025
JRN0002835,2026-04-27,6200,Operating Expense,CC0010,PC010,-49941.8,USD,4,2026
JRN0002836,2026-02-10,4000,Revenue,CC0016,PC006,32963.51,USD,2,2026
JRN0002837,2025-10-20,5000,COGS,CC0006,PC006,-34658.87,USD,10,2025
JRN0002838,2026-07-07,5000,COGS,CC0005,PC005,-48074.21,USD,7,2026
JRN0002839,2026-09-29,4000,Revenue,CC0020,PC010,43395.6,USD,9,2026
JRN0002840,2026-05-16,6100,Operating Expense,CC0011,PC001,-14124.85,USD,5,2026
JRN0002841,2025-10-20,4000,Revenue,CC0002,PC002,18148.9,USD,10,2025
JRN0002842,2025-03-03,6200,Operating Expense,CC0013,PC003,-9035.81,USD,3,2025
JRN0002843,2026-01-14,6100,Operating Expense,CC0016,PC006,-45981.01,USD,1,2026
JRN0002844,2025-09-28,6100,Operating Expense,CC0001,PC001,-39743.67,USD,9,2025
JRN0002845,2026-10-23,4000,Revenue,CC0003,PC003,40158.21,USD,10,2026
JRN0002846,2025-06-28,6100,Operating Expense,CC0011,PC001,-45850.24,USD,6,2025
JRN0002847,2026-04-15,6100,Operating Expense,CC0005,PC005,-27990.87,USD,4,2026
JRN0002848,2025-06-21,6100,Operating Expense,CC0019,PC009,-32638.59,USD,6,2025
JRN0002849,2025-12-09,5000,COGS,CC0010,PC010,-35262.25,USD,12,2025
JRN0002850,2026-08-12,6200,Operating Expense,CC0020,PC010,-9098.92,USD,8,2026
JRN0002851,2025-05-23,6200,Operating Expense,CC0019,PC009,-22319.39,USD,5,2025
JRN0002852,2026-09-17,6100,Operating Expense,CC0019,PC009,-42225.48,USD,9,2026
JRN0002853,2025-02-05,5000,COGS,CC0005,PC005,-18562.74,USD,2,2025
JRN0002854,2025-09-26,6100,Operating Expense,CC0019,PC009,-17986.86,USD,9,2025
JRN0002855,2025-09-11,5000,COGS,CC0006,PC006,-44960.06,USD,9,2025
JRN0002856,2025-01-01,6200,Operating Expense,CC0012,PC002,-17139.85,USD,1,2025
JRN0002857,2025-11-09,5000,COGS,CC0005,PC005,-14929.21,USD,11,2025
JRN0002858,2025-10-28,5000,COGS,CC0019,PC009,-38306.79,USD,10,2025
JRN0002859,2026-03-07,5000,COGS,CC0020,PC010,-16447.61,USD,3,2026
JRN0002860,2026-10-09,5000,COGS,CC0016,PC006,-16817.03,USD,10,2026
JRN0002861,2025-09-16,4000,Revenue,CC0006,PC006,10551.93,USD,9,2025
JRN0002862,2026-01-11,6200,Operating Expense,CC0003,PC003,-18962.52,USD,1,2026
JRN0002863,2025-09-15,6200,Operating Expense,CC0015,PC005,-31023.45,USD,9,2025
JRN0002864,2026-03-06,6200,Operating Expense,CC0019,PC009,-10061.44,USD,3,2026
JRN0002865,2025-08-18,5000,COGS,CC0016,PC006,-25673.16,USD,8,2025
JRN0002866,2026-12-20,6200,Operating Expense,CC0017,PC007,-7918.13,USD,12,2026
JRN0002867,2025-11-10,5000,COGS,CC0017,PC007,-33148.51,USD,11,2025
JRN0002868,2025-07-14,6100,Operating Expense,CC0006,PC006,-6594.9,USD,7,2025
JRN0002869,2025-11-14,5000,COGS,CC0010,PC010,-8261.02,USD,11,2025
JRN0002870,2026-09-10,4000,Revenue,CC0019,PC009,45968.43,USD,9,2026
JRN0002871,2025-05-09,6100,Operating Expense,CC0015,PC005,-43371.83,USD,5,2025
JRN0002872,2025-03-11,6100,Operating Expense,CC0001,PC001,-44470.96,USD,3,2025
JRN0002873,2025-06-03,5000,COGS,CC0016,PC006,-43331.24,USD,6,2025
JRN0002874,2025-11-02,5000,COGS,CC0006,PC006,-31600.77,USD,11,2025
JRN0002875,2025-11-24,4000,Revenue,CC0010,PC010,26916.19,USD,11,2025
JRN0002876,2026-01-12,4000,Revenue,CC0004,PC004,38336.13,USD,1,2026
JRN0002877,2026-11-03,6200,Operating Expense,CC0010,PC010,-32902.16,USD,11,2026
JRN0002878,2025-09-09,6100,Operating Expense,CC0004,PC004,-19480.62,USD,9,2025
JRN0002879,2026-07-11,6100,Operating Expense,CC0003,PC003,-24278.17,USD,7,2026
JRN0002880,2025-10-18,6200,Operating Expense,CC0005,PC005,-8889.94,USD,10,2025
JRN0002881,2026-07-27,6100,Operating Expense,CC0020,PC010,-23202.01,USD,7,2026
JRN0002882,2025-10-14,5000,COGS,CC0020,PC010,-39782.65,USD,10,2025
JRN0002883,2025-04-04,6200,Operating Expense,CC0001,PC001,-12289.65,USD,4,2025
JRN0002884,2026-08-24,4000,Revenue,CC0012,PC002,35459.71,USD,8,2026
JRN0002885,2025-02-07,6200,Operating Expense,CC0002,PC002,-18053.53,USD,2,2025
JRN0002886,2025-04-02,6200,Operating Expense,CC0018,PC008,-23236.46,USD,4,2025
JRN0002887,2025-06-14,6200,Operating Expense,CC0012,PC002,-24051.76,USD,6,2025
JRN0002888,2026-09-25,6100,Operating Expense,CC0017,PC007,-17877.54,USD,9,2026
JRN0002889,2025-03-04,6200,Operating Expense,CC0001,PC001,-37982.53,USD,3,2025
JRN0002890,2026-04-04,4000,Revenue,CC0010,PC010,19512.91,USD,4,2026
JRN0002891,2026-03-29,4000,Revenue,CC0009,PC009,9776.6,USD,3,2026
JRN0002892,2025-10-20,5000,COGS,CC0003,PC003,-35945.11,USD,10,2025
JRN0002893,2026-08-11,5000,COGS,CC0015,PC005,-33683.24,USD,8,2026
JRN0002894,2026-03-01,4000,Revenue,CC0012,PC002,28936.18,USD,3,2026
JRN0002895,2026-05-15,6100,Operating Expense,CC0016,PC006,-42919.51,USD,5,2026
JRN0002896,2026-12-13,6100,Operating Expense,CC0020,PC010,-29416.19,USD,12,2026
JRN0002897,2025-07-28,5000,COGS,CC0018,PC008,-34523.33,USD,7,2025
JRN0002898,2026-09-20,4000,Revenue,CC0001,PC001,13544.96,USD,9,2026
JRN0002899,2025-04-08,6200,Operating Expense,CC0008,PC008,-16973.2,USD,4,2025
JRN0002900,2026-04-29,4000,Revenue,CC0011,PC001,8475.74,USD,4,2026
JRN0002901,2026-03-25,5000,COGS,CC0014,PC004,-14265.22,USD,3,2026
JRN0002902,2025-07-14,6100,Operating Expense,CC0009,PC009,-22558.72,USD,7,2025
JRN0002903,2026-03-26,6100,Operating Expense,CC0014,PC004,-41663.37,USD,3,2026
JRN0002904,2026-03-22,6100,Operating Expense,CC0004,PC004,-49214.17,USD,3,2026
JRN0002905,2026-10-27,6200,Operating Expense,CC0014,PC004,-2964.59,USD,10,2026
JRN0002906,2026-04-18,6100,Operating Expense,CC0016,PC006,-343.85,USD,4,2026
JRN0002907,2026-05-24,6100,Operating Expense,CC0016,PC006,-6665.23,USD,5,2026
JRN0002908,2025-12-05,6200,Operating Expense,CC0004,PC004,-22363.9,USD,12,2025
JRN0002909,2026-07-18,6100,Operating Expense,CC0020,PC010,-7710.25,USD,7,2026
JRN0002910,2025-01-15,5000,COGS,CC0014,PC004,-10408.64,USD,1,2025
JRN0002911,2026-04-27,6100,Operating Expense,CC0002,PC002,-36462.83,USD,4,2026
JRN0002912,2026-09-11,5000,COGS,CC0005,PC005,-19126.87,USD,9,2026
JRN0002913,2026-12-08,6200,Operating Expense,CC0001,PC001,-5640.65,USD,12,2026
JRN0002914,2025-09-22,5000,COGS,CC0005,PC005,-6038.33,USD,9,2025
JRN0002915,2026-02-19,6200,Operating Expense,CC0009,PC009,-17765.3,USD,2,2026
JRN0002916,2026-07-14,5000,COGS,CC0004,PC004,-36038.65,USD,7,2026
JRN0002917,2025-06-28,6200,Operating Expense,CC0006,PC006,-3754.34,USD,6,2025
JRN0002918,2026-03-09,6200,Operating Expense,CC0015,PC005,-1581.12,USD,3,2026
JRN0002919,2026-10-03,6100,Operating Expense,CC0019,PC009,-6540.47,USD,10,2026
JRN0002920,2025-12-18,6100,Operating Expense,CC0005,PC005,-5488.78,USD,12,2025
JRN0002921,2026-08-26,6100,Operating Expense,CC0001,PC001,-38754.78,USD,8,2026
JRN0002922,2025-09-22,5000,COGS,CC0018,PC008,-37501.52,USD,9,2025
JRN0002923,2026-12-19,6200,Operating Expense,CC0008,PC008,-48031.8,USD,12,2026
JRN0002924,2026-11-27,5000,COGS,CC0006,PC006,-3815.6,USD,11,2026
JRN0002925,2025-07-20,4000,Revenue,CC0011,PC001,31121.33,USD,7,2025
JRN0002926,2025-04-14,4000,Revenue,CC0006,PC006,21128.16,USD,4,2025
JRN0002927,2025-07-11,6200,Operating Expense,CC0010,PC010,-17110.25,USD,7,2025
JRN0002928,2026-11-26,6200,Operating Expense,CC0003,PC003,-6133.69,USD,11,2026
JRN0002929,2026-05-06,6200,Operating Expense,CC0019,PC009,-30080.09,USD,5,2026
JRN0002930,2026-01-10,5000,COGS,CC0002,PC002,-2502.99,USD,1,2026
JRN0002931,2025-01-26,4000,Revenue,CC0008,PC008,13501.07,USD,1,2025
JRN0002932,2026-08-06,6100,Operating Expense,CC0004,PC004,-21988.76,USD,8,2026
JRN0002933,2026-06-25,4000,Revenue,CC0011,PC001,20113.69,USD,6,2026
JRN0002934,2026-03-01,6200,Operating Expense,CC0005,PC005,-13760.1,USD,3,2026
JRN0002935,2026-05-19,6200,Operating Expense,CC0019,PC009,-2701.86,USD,5,2026
JRN0002936,2025-05-02,6200,Operating Expense,CC0010,PC010,-21788.21,USD,5,2025
JRN0002937,2025-05-14,4000,Revenue,CC0015,PC005,4081.11,USD,5,2025
JRN0002938,2026-05-07,6200,Operating Expense,CC0001,PC001,-34807.36,USD,5,2026
JRN0002939,2026-03-29,5000,COGS,CC0004,PC004,-14052.63,USD,3,2026
JRN0002940,2025-02-11,5000,COGS,CC0003,PC003,-41568.19,USD,2,2025
JRN0002941,2025-12-21,6200,Operating Expense,CC0017,PC007,-10487.02,USD,12,2025
JRN0002942,2025-04-13,5000,COGS,CC0015,PC005,-13042.69,USD,4,2025
JRN0002943,2025-06-30,6100,Operating Expense,CC0018,PC008,-26095.71,USD,6,2025
JRN0002944,2026-10-22,4000,Revenue,CC0002,PC002,29956.42,USD,10,2026
JRN0002945,2025-03-21,6200,Operating Expense,CC0010,PC010,-35119.74,USD,3,2025
JRN0002946,2026-04-08,6200,Operating Expense,CC0013,PC003,-43581.17,USD,4,2026
JRN0002947,2025-02-13,6100,Operating Expense,CC0006,PC006,-31546.88,USD,2,2025
JRN0002948,2025-07-19,4000,Revenue,CC0019,PC009,6825.18,USD,7,2025
JRN0002949,2026-01-31,4000,Revenue,CC0016,PC006,15867.14,USD,1,2026
JRN0002950,2025-04-13,4000,Revenue,CC0013,PC003,43462.25,USD,4,2025
JRN0002951,2026-01-24,6100,Operating Expense,CC0016,PC006,-12994.69,USD,1,2026
JRN0002952,2025-01-14,6100,Operating Expense,CC0007,PC007,-15056.88,USD,1,2025
JRN0002953,2026-07-26,6100,Operating Expense,CC0007,PC007,-25016.77,USD,7,2026
JRN0002954,2025-03-12,4000,Revenue,CC0001,PC001,34411.02,USD,3,2025
JRN0002955,2025-09-22,4000,Revenue,CC0011,PC001,31983.37,USD,9,2025
JRN0002956,2026-10-15,4000,Revenue,CC0018,PC008,39139.14,USD,10,2026
JRN0002957,2026-04-05,4000,Revenue,CC0011,PC001,49200.7,USD,4,2026
JRN0002958,2025-07-18,6100,Operating Expense,CC0007,PC007,-7669.6,USD,7,2025
JRN0002959,2025-11-03,6200,Operating Expense,CC0001,PC001,-18762.33,USD,11,2025
JRN0002960,2026-01-27,6100,Operating Expense,CC0018,PC008,-38251.69,USD,1,2026
JRN0002961,2026-09-12,6100,Operating Expense,CC0001,PC001,-3356.54,USD,9,2026
JRN0002962,2025-07-10,5000,COGS,CC0006,PC006,-14808.41,USD,7,2025
JRN0002963,2026-07-01,6200,Operating Expense,CC0006,PC006,-35748.69,USD,7,2026
JRN0002964,2025-06-30,6200,Operating Expense,CC0011,PC001,-23829.06,USD,6,2025
JRN0002965,2025-07-30,6100,Operating Expense,CC0012,PC002,-47171.44,USD,7,2025
JRN0002966,2025-03-01,6200,Operating Expense,CC0020,PC010,-1914.28,USD,3,2025
JRN0002967,2026-05-14,6100,Operating Expense,CC0008,PC008,-47289.69,USD,5,2026
JRN0002968,2026-03-31,4000,Revenue,CC0018,PC008,4789.5,USD,3,2026
JRN0002969,2026-06-24,6200,Operating Expense,CC0003,PC003,-5648.27,USD,6,2026
JRN0002970,2026-03-28,4000,Revenue,CC0001,PC001,29126.45,USD,3,2026
JRN0002971,2026-12-02,4000,Revenue,CC0019,PC009,47175.55,USD,12,2026
JRN0002972,2026-07-28,6100,Operating Expense,CC0002,PC002,-45162.1,USD,7,2026
JRN0002973,2026-02-03,6100,Operating Expense,CC0008,PC008,-49950.73,USD,2,2026
JRN0002974,2025-01-11,6200,Operating Expense,CC0011,PC001,-35608.06,USD,1,2025
JRN0002975,2026-09-28,4000,Revenue,CC0006,PC006,25351.86,USD,9,2026
JRN0002976,2025-03-22,6200,Operating Expense,CC0010,PC010,-10897.48,USD,3,2025
JRN0002977,2026-04-18,6100,Operating Expense,CC0005,PC005,-11721.26,USD,4,2026
JRN0002978,2025-04-28,4000,Revenue,CC0017,PC007,45543.97,USD,4,2025
JRN0002979,2025-11-16,4000,Revenue,CC0002,PC002,13476.64,USD,11,2025
JRN0002980,2026-05-06,5000,COGS,CC0020,PC010,-5093.39,USD,5,2026
JRN0002981,2025-04-07,6100,Operating Expense,CC0003,PC003,-27640.74,USD,4,2025
JRN0002982,2025-06-18,6100,Operating Expense,CC0010,PC010,-19575.02,USD,6,2025
JRN0002983,2025-02-17,4000,Revenue,CC0019,PC009,10195.69,USD,2,2025
JRN0002984,2026-10-02,5000,COGS,CC0007,PC007,-10797.26,USD,10,2026
JRN0002985,2026-11-14,5000,COGS,CC0011,PC001,-15291.02,USD,11,2026
JRN0002986,2025-02-17,6200,Operating Expense,CC0006,PC006,-12831.82,USD,2,2025
JRN0002987,2025-07-18,5000,COGS,CC0004,PC004,-26143.27,USD,7,2025
JRN0002988,2025-06-14,6200,Operating Expense,CC0009,PC009,-12738.65,USD,6,2025
JRN0002989,2025-01-04,6100,Operating Expense,CC0002,PC002,-6473.88,USD,1,2025
JRN0002990,2026-09-11,5000,COGS,CC0013,PC003,-1558.31,USD,9,2026
JRN0002991,2026-08-18,5000,COGS,CC0013,PC003,-43405.75,USD,8,2026
JRN0002992,2025-11-26,5000,COGS,CC0016,PC006,-13159.69,USD,11,2025
JRN0002993,2025-08-03,6100,Operating Expense,CC0004,PC004,-37073.04,USD,8,2025
JRN0002994,2026-06-07,6100,Operating Expense,CC0010,PC010,-47016.85,USD,6,2026
JRN0002995,2026-01-10,6100,Operating Expense,CC0009,PC009,-41996.06,USD,1,2026
JRN0002996,2026-11-21,5000,COGS,CC0001,PC001,-18674.21,USD,11,2026
JRN0002997,2025-03-12,6200,Operating Expense,CC0015,PC005,-36787.95,USD,3,2025
JRN0002998,2025-04-08,6100,Operating Expense,CC0001,PC001,-18994.63,USD,4,2025
JRN0002999,2025-11-04,6100,Operating Expense,CC0003,PC003,-18204.3,USD,11,2025
JRN0003000,2026-02-24,4000,Revenue,CC0019,PC009,49514.06,USD,2,2026
JRN0003001,2025-03-23,6100,Operating Expense,CC0019,PC009,-33639.42,USD,3,2025
JRN0003002,2026-08-29,5000,COGS,CC0010,PC010,-47192.63,USD,8,2026
JRN0003003,2026-02-13,6200,Operating Expense,CC0018,PC008,-34251.77,USD,2,2026
JRN0003004,2025-02-11,4000,Revenue,CC0011,PC001,19131.8,USD,2,2025
JRN0003005,2025-10-08,6100,Operating Expense,CC0012,PC002,-6984.13,USD,10,2025
JRN0003006,2025-03-08,5000,COGS,CC0008,PC008,-3528.78,USD,3,2025
JRN0003007,2025-03-21,6200,Operating Expense,CC0008,PC008,-13016.22,USD,3,2025
JRN0003008,2026-04-26,4000,Revenue,CC0006,PC006,8949.2,USD,4,2026
JRN0003009,2026-01-22,4000,Revenue,CC0004,PC004,15500.13,USD,1,2026
JRN0003010,2026-01-19,5000,COGS,CC0010,PC010,-42720.54,USD,1,2026
JRN0003011,2026-06-07,4000,Revenue,CC0017,PC007,27742.0,USD,6,2026
JRN0003012,2026-01-25,6200,Operating Expense,CC0009,PC009,-36095.08,USD,1,2026
JRN0003013,2026-08-03,6100,Operating Expense,CC0010,PC010,-30290.54,USD,8,2026
JRN0003014,2025-05-07,4000,Revenue,CC0009,PC009,24058.53,USD,5,2025
JRN0003015,2026-02-22,4000,Revenue,CC0018,PC008,26247.59,USD,2,2026
JRN0003016,2026-06-28,4000,Revenue,CC0014,PC004,40963.98,USD,6,2026
JRN0003017,2026-01-20,6200,Operating Expense,CC0013,PC003,-21342.04,USD,1,2026
JRN0003018,2025-06-19,4000,Revenue,CC0008,PC008,19936.01,USD,6,2025
JRN0003019,2026-08-28,6100,Operating Expense,CC0011,PC001,-49533.2,USD,8,2026
JRN0003020,2026-09-04,4000,Revenue,CC0013,PC003,18989.8,USD,9,2026
JRN0003021,2026-05-08,6100,Operating Expense,CC0006,PC006,-11438.38,USD,5,2026
JRN0003022,2026-01-23,5000,COGS,CC0007,PC007,-15960.27,USD,1,2026
JRN0003023,2026-09-24,4000,Revenue,CC0019,PC009,19334.09,USD,9,2026
JRN0003024,2026-12-26,6200,Operating Expense,CC0013,PC003,-49319.33,USD,12,2026
JRN0003025,2025-07-25,6200,Operating Expense,CC0020,PC010,-35609.85,USD,7,2025
JRN0003026,2025-01-25,4000,Revenue,CC0001,PC001,23566.39,USD,1,2025
JRN0003027,2025-12-10,4000,Revenue,CC0005,PC005,19051.38,USD,12,2025
JRN0003028,2026-05-13,5000,COGS,CC0001,PC001,-25226.51,USD,5,2026
JRN0003029,2025-12-08,6200,Operating Expense,CC0016,PC006,-17736.67,USD,12,2025
JRN0003030,2026-11-17,5000,COGS,CC0010,PC010,-34195.43,USD,11,2026
JRN0003031,2025-11-15,6100,Operating Expense,CC0001,PC001,-45336.38,USD,11,2025
JRN0003032,2026-03-03,6100,Operating Expense,CC0020,PC010,-37569.5,USD,3,2026
JRN0003033,2026-11-17,6100,Operating Expense,CC0003,PC003,-47881.53,USD,11,2026
JRN0003034,2025-05-10,6100,Operating Expense,CC0009,PC009,-43335.31,USD,5,2025
JRN0003035,2025-04-18,4000,Revenue,CC0005,PC005,47773.0,USD,4,2025
JRN0003036,2025-10-22,6100,Operating Expense,CC0008,PC008,-7630.68,USD,10,2025
JRN0003037,2026-11-28,4000,Revenue,CC0013,PC003,24406.42,USD,11,2026
JRN0003038,2026-11-21,6100,Operating Expense,CC0009,PC009,-6719.2,USD,11,2026
JRN0003039,2025-06-27,6200,Operating Expense,CC0017,PC007,-20459.02,USD,6,2025
JRN0003040,2025-09-06,4000,Revenue,CC0003,PC003,36125.18,USD,9,2025
JRN0003041,2025-02-05,4000,Revenue,CC0011,PC001,46023.57,USD,2,2025
JRN0003042,2025-01-13,4000,Revenue,CC0018,PC008,31692.08,USD,1,2025
JRN0003043,2025-01-15,6100,Operating Expense,CC0002,PC002,-2037.19,USD,1,2025
JRN0003044,2026-12-14,6200,Operating Expense,CC0006,PC006,-30970.78,USD,12,2026
JRN0003045,2025-09-09,4000,Revenue,CC0007,PC007,9680.61,USD,9,2025
JRN0003046,2025-12-14,6100,Operating Expense,CC0006,PC006,-22799.91,USD,12,2025
JRN0003047,2025-12-31,4000,Revenue,CC0013,PC003,44705.95,USD,12,2025
JRN0003048,2026-11-16,4000,Revenue,CC0010,PC010,31135.78,USD,11,2026
JRN0003049,2026-10-27,6100,Operating Expense,CC0010,PC010,-15711.08,USD,10,2026
JRN0003050,2025-06-26,6200,Operating Expense,CC0020,PC010,-15782.9,USD,6,2025
JRN0003051,2026-11-21,5000,COGS,CC0017,PC007,-27946.86,USD,11,2026
JRN0003052,2025-02-21,5000,COGS,CC0008,PC008,-11288.34,USD,2,2025
JRN0003053,2026-10-28,5000,COGS,CC0003,PC003,-17663.17,USD,10,2026
JRN0003054,2025-04-11,6200,Operating Expense,CC0019,PC009,-16159.03,USD,4,2025
JRN0003055,2025-09-27,5000,COGS,CC0013,PC003,-47985.48,USD,9,2025
JRN0003056,2026-02-21,5000,COGS,CC0004,PC004,-30690.83,USD,2,2026
JRN0003057,2025-06-30,5000,COGS,CC0017,PC007,-45161.49,USD,6,2025
JRN0003058,2025-10-16,5000,COGS,CC0005,PC005,-1618.79,USD,10,2025
JRN0003059,2025-08-17,6200,Operating Expense,CC0018,PC008,-38557.9,USD,8,2025
JRN0003060,2026-09-21,5000,COGS,CC0008,PC008,-14373.95,USD,9,2026
JRN0003061,2026-08-08,5000,COGS,CC0010,PC010,-37497.02,USD,8,2026
JRN0003062,2026-09-17,5000,COGS,CC0008,PC008,-15719.62,USD,9,2026
JRN0003063,2025-12-07,6200,Operating Expense,CC0006,PC006,-35445.27,USD,12,2025
JRN0003064,2025-05-01,6100,Operating Expense,CC0001,PC001,-328.72,USD,5,2025
JRN0003065,2025-09-01,6200,Operating Expense,CC0015,PC005,-38365.7,USD,9,2025
JRN0003066,2026-08-17,6200,Operating Expense,CC0001,PC001,-39270.92,USD,8,2026
JRN0003067,2026-12-13,4000,Revenue,CC0008,PC008,22706.93,USD,12,2026
JRN0003068,2026-05-13,4000,Revenue,CC0009,PC009,15584.99,USD,5,2026
JRN0003069,2026-08-08,6200,Operating Expense,CC0013,PC003,-1956.01,USD,8,2026
JRN0003070,2025-03-18,6100,Operating Expense,CC0016,PC006,-20828.67,USD,3,2025
JRN0003071,2025-07-24,5000,COGS,CC0015,PC005,-41359.39,USD,7,2025
JRN0003072,2026-09-26,6200,Operating Expense,CC0013,PC003,-29206.85,USD,9,2026
JRN0003073,2026-02-27,6100,Operating Expense,CC0013,PC003,-29157.79,USD,2,2026
JRN0003074,2026-01-27,4000,Revenue,CC0006,PC006,33372.02,USD,1,2026
JRN0003075,2025-09-08,5000,COGS,CC0009,PC009,-32331.98,USD,9,2025
JRN0003076,2026-08-09,6100,Operating Expense,CC0014,PC004,-14837.04,USD,8,2026
JRN0003077,2025-01-17,5000,COGS,CC0016,PC006,-25881.48,USD,1,2025
JRN0003078,2025-12-30,4000,Revenue,CC0015,PC005,2780.88,USD,12,2025
JRN0003079,2025-11-13,6200,Operating Expense,CC0009,PC009,-47325.46,USD,11,2025
JRN0003080,2026-10-06,5000,COGS,CC0006,PC006,-12555.69,USD,10,2026
JRN0003081,2026-08-15,5000,COGS,CC0004,PC004,-23468.41,USD,8,2026
JRN0003082,2026-01-02,4000,Revenue,CC0013,PC003,41048.88,USD,1,2026
JRN0003083,2026-12-09,4000,Revenue,CC0010,PC010,38685.09,USD,12,2026
JRN0003084,2026-06-14,6100,Operating Expense,CC0020,PC010,-27149.71,USD,6,2026
JRN0003085,2025-11-03,6100,Operating Expense,CC0020,PC010,-46569.01,USD,11,2025
JRN0003086,2026-09-16,5000,COGS,CC0002,PC002,-32620.21,USD,9,2026
JRN0003087,2026-02-04,5000,COGS,CC0019,PC009,-8085.17,USD,2,2026
JRN0003088,2025-10-25,4000,Revenue,CC0011,PC001,21985.58,USD,10,2025
JRN0003089,2025-06-02,6200,Operating Expense,CC0018,PC008,-32220.35,USD,6,2025
JRN0003090,2026-04-02,5000,COGS,CC0007,PC007,-32693.91,USD,4,2026
JRN0003091,2025-07-11,6200,Operating Expense,CC0011,PC001,-11631.66,USD,7,2025
JRN0003092,2025-07-25,5000,COGS,CC0010,PC010,-44853.19,USD,7,2025
JRN0003093,2026-10-04,5000,COGS,CC0016,PC006,-18642.96,USD,10,2026
JRN0003094,2026-10-13,4000,Revenue,CC0013,PC003,38168.72,USD,10,2026
JRN0003095,2025-01-09,5000,COGS,CC0008,PC008,-367.82,USD,1,2025
JRN0003096,2025-12-23,6200,Operating Expense,CC0001,PC001,-26406.01,USD,12,2025
JRN0003097,2026-06-23,6100,Operating Expense,CC0005,PC005,-10464.42,USD,6,2026
JRN0003098,2025-04-23,6200,Operating Expense,CC0016,PC006,-13507.42,USD,4,2025
JRN0003099,2025-10-19,4000,Revenue,CC0010,PC010,43756.6,USD,10,2025
JRN0003100,2026-12-02,6100,Operating Expense,CC0006,PC006,-1826.01,USD,12,2026
JRN0003101,2026-02-26,4000,Revenue,CC0002,PC002,26433.06,USD,2,2026
JRN0003102,2025-10-17,6200,Operating Expense,CC0002,PC002,-6285.05,USD,10,2025
JRN0003103,2026-02-05,4000,Revenue,CC0017,PC007,18100.25,USD,2,2026
JRN0003104,2026-12-30,6100,Operating Expense,CC0008,PC008,-12903.06,USD,12,2026
JRN0003105,2025-10-07,4000,Revenue,CC0011,PC001,38429.83,USD,10,2025
JRN0003106,2025-02-20,6100,Operating Expense,CC0014,PC004,-12147.42,USD,2,2025
JRN0003107,2026-07-02,5000,COGS,CC0016,PC006,-35078.87,USD,7,2026
JRN0003108,2025-04-19,6200,Operating Expense,CC0006,PC006,-40776.48,USD,4,2025
JRN0003109,2026-05-01,5000,COGS,CC0003,PC003,-45831.22,USD,5,2026
JRN0003110,2025-07-14,4000,Revenue,CC0019,PC009,47027.06,USD,7,2025
JRN0003111,2025-01-10,6200,Operating Expense,CC0019,PC009,-39042.53,USD,1,2025
JRN0003112,2026-08-06,5000,COGS,CC0012,PC002,-17335.23,USD,8,2026
JRN0003113,2026-03-20,6200,Operating Expense,CC0013,PC003,-49692.38,USD,3,2026
JRN0003114,2026-08-16,4000,Revenue,CC0010,PC010,30198.75,USD,8,2026
JRN0003115,2025-01-20,6100,Operating Expense,CC0002,PC002,-37928.05,USD,1,2025
JRN0003116,2026-08-27,6100,Operating Expense,CC0016,PC006,-34651.25,USD,8,2026
JRN0003117,2026-02-09,6200,Operating Expense,CC0003,PC003,-40908.47,USD,2,2026
JRN0003118,2026-02-27,6200,Operating Expense,CC0016,PC006,-27000.63,USD,2,2026
JRN0003119,2026-03-17,6200,Operating Expense,CC0016,PC006,-12846.3,USD,3,2026
JRN0003120,2026-04-08,6200,Operating Expense,CC0020,PC010,-38474.83,USD,4,2026
JRN0003121,2026-11-23,6200,Operating Expense,CC0015,PC005,-21725.75,USD,11,2026
JRN0003122,2025-04-18,6100,Operating Expense,CC0017,PC007,-35159.93,USD,4,2025
JRN0003123,2026-04-09,5000,COGS,CC0013,PC003,-47837.63,USD,4,2026
JRN0003124,2025-07-18,5000,COGS,CC0008,PC008,-12048.25,USD,7,2025
JRN0003125,2025-03-21,5000,COGS,CC0010,PC010,-1435.64,USD,3,2025
JRN0003126,2025-10-30,6100,Operating Expense,CC0003,PC003,-44751.04,USD,10,2025
JRN0003127,2026-01-31,6100,Operating Expense,CC0020,PC010,-29298.17,USD,1,2026
JRN0003128,2025-04-27,4000,Revenue,CC0016,PC006,25540.45,USD,4,2025
JRN0003129,2025-02-25,4000,Revenue,CC0010,PC010,1377.17,USD,2,2025
JRN0003130,2025-11-20,6100,Operating Expense,CC0015,PC005,-5181.0,USD,11,2025
JRN0003131,2026-05-22,5000,COGS,CC0018,PC008,-1941.53,USD,5,2026
JRN0003132,2026-01-14,6100,Operating Expense,CC0011,PC001,-46731.9,USD,1,2026
JRN0003133,2026-10-26,6100,Operating Expense,CC0014,PC004,-49415.57,USD,10,2026
JRN0003134,2026-01-30,6100,Operating Expense,CC0017,PC007,-5466.91,USD,1,2026
JRN0003135,2025-10-21,4000,Revenue,CC0018,PC008,37162.76,USD,10,2025
JRN0003136,2025-11-17,6100,Operating Expense,CC0019,PC009,-3501.52,USD,11,2025
JRN0003137,2026-12-28,4000,Revenue,CC0012,PC002,23325.78,USD,12,2026
JRN0003138,2025-01-01,4000,Revenue,CC0005,PC005,39560.63,USD,1,2025
JRN0003139,2025-08-30,4000,Revenue,CC0011,PC001,27646.9,USD,8,2025
JRN0003140,2025-04-08,5000,COGS,CC0015,PC005,-5358.49,USD,4,2025
JRN0003141,2026-08-07,6100,Operating Expense,CC0001,PC001,-21459.75,USD,8,2026
JRN0003142,2026-02-19,6200,Operating Expense,CC0006,PC006,-46000.52,USD,2,2026
JRN0003143,2025-05-01,5000,COGS,CC0001,PC001,-779.13,USD,5,2025
JRN0003144,2025-06-06,6100,Operating Expense,CC0018,PC008,-1568.71,USD,6,2025
JRN0003145,2026-11-28,4000,Revenue,CC0011,PC001,15797.03,USD,11,2026
JRN0003146,2026-09-22,6200,Operating Expense,CC0020,PC010,-29272.62,USD,9,2026
JRN0003147,2026-04-30,6100,Operating Expense,CC0007,PC007,-37700.25,USD,4,2026
JRN0003148,2026-02-12,6200,Operating Expense,CC0001,PC001,-35759.94,USD,2,2026
JRN0003149,2026-01-01,4000,Revenue,CC0008,PC008,7336.62,USD,1,2026
JRN0003150,2026-03-02,4000,Revenue,CC0015,PC005,9042.08,USD,3,2026
JRN0003151,2025-08-26,6100,Operating Expense,CC0014,PC004,-3526.64,USD,8,2025
JRN0003152,2026-10-07,6100,Operating Expense,CC0004,PC004,-34806.76,USD,10,2026
JRN0003153,2025-12-27,6200,Operating Expense,CC0012,PC002,-25885.34,USD,12,2025
JRN0003154,2026-08-03,6200,Operating Expense,CC0006,PC006,-45409.12,USD,8,2026
JRN0003155,2025-09-05,6100,Operating Expense,CC0017,PC007,-43883.38,USD,9,2025
JRN0003156,2026-01-06,6100,Operating Expense,CC0012,PC002,-16859.84,USD,1,2026
JRN0003157,2025-12-28,5000,COGS,CC0012,PC002,-29162.37,USD,12,2025
JRN0003158,2026-11-27,6200,Operating Expense,CC0019,PC009,-24975.42,USD,11,2026
JRN0003159,2025-06-19,6200,Operating Expense,CC0008,PC008,-14997.35,USD,6,2025
JRN0003160,2026-11-18,4000,Revenue,CC0018,PC008,25742.89,USD,11,2026
JRN0003161,2025-10-02,6200,Operating Expense,CC0007,PC007,-40151.91,USD,10,2025
JRN0003162,2025-01-28,5000,COGS,CC0002,PC002,-49446.97,USD,1,2025
JRN0003163,2026-08-25,6100,Operating Expense,CC0007,PC007,-41175.07,USD,8,2026
JRN0003164,2026-07-22,6100,Operating Expense,CC0014,PC004,-32750.53,USD,7,2026
JRN0003165,2025-02-20,6100,Operating Expense,CC0014,PC004,-45459.95,USD,2,2025
JRN0003166,2026-03-27,6200,Operating Expense,CC0018,PC008,-8679.83,USD,3,2026
JRN0003167,2025-06-28,6100,Operating Expense,CC0010,PC010,-1684.42,USD,6,2025
JRN0003168,2026-05-30,4000,Revenue,CC0002,PC002,6447.03,USD,5,2026
JRN0003169,2026-06-11,6200,Operating Expense,CC0009,PC009,-32195.07,USD,6,2026
JRN0003170,2025-12-22,4000,Revenue,CC0004,PC004,22303.03,USD,12,2025
JRN0003171,2026-05-31,6200,Operating Expense,CC0012,PC002,-24076.73,USD,5,2026
JRN0003172,2025-10-19,5000,COGS,CC0001,PC001,-29563.43,USD,10,2025
JRN0003173,2026-07-28,6100,Operating Expense,CC0014,PC004,-32613.0,USD,7,2026
JRN0003174,2025-02-26,5000,COGS,CC0015,PC005,-4778.84,USD,2,2025
JRN0003175,2025-04-14,5000,COGS,CC0017,PC007,-48506.61,USD,4,2025
JRN0003176,2026-11-11,4000,Revenue,CC0020,PC010,27638.56,USD,11,2026
JRN0003177,2025-03-14,6100,Operating Expense,CC0012,PC002,-34200.46,USD,3,2025
JRN0003178,2025-01-07,4000,Revenue,CC0007,PC007,8508.84,USD,1,2025
JRN0003179,2026-02-16,5000,COGS,CC0017,PC007,-38327.76,USD,2,2026
JRN0003180,2026-02-04,4000,Revenue,CC0016,PC006,12933.09,USD,2,2026
JRN0003181,2025-12-10,4000,Revenue,CC0008,PC008,47298.08,USD,12,2025
JRN0003182,2026-11-29,4000,Revenue,CC0011,PC001,13962.09,USD,11,2026
JRN0003183,2026-12-15,6200,Operating Expense,CC0009,PC009,-4232.49,USD,12,2026
JRN0003184,2026-12-01,5000,COGS,CC0018,PC008,-20407.77,USD,12,2026
JRN0003185,2026-02-19,4000,Revenue,CC0020,PC010,8943.97,USD,2,2026
JRN0003186,2026-04-20,6200,Operating Expense,CC0020,PC010,-11392.36,USD,4,2026
JRN0003187,2026-04-19,5000,COGS,CC0013,PC003,-42299.58,USD,4,2026
JRN0003188,2026-05-06,6100,Operating Expense,CC0007,PC007,-23013.3,USD,5,2026
JRN0003189,2025-10-09,5000,COGS,CC0017,PC007,-7234.8,USD,10,2025
JRN0003190,2026-02-11,6200,Operating Expense,CC0005,PC005,-984.91,USD,2,2026
JRN0003191,2026-01-08,4000,Revenue,CC0004,PC004,8521.38,USD,1,2026
JRN0003192,2025-07-20,6200,Operating Expense,CC0004,PC004,-41706.18,USD,7,2025
JRN0003193,2026-07-08,5000,COGS,CC0010,PC010,-32469.72,USD,7,2026
JRN0003194,2026-08-31,4000,Revenue,CC0012,PC002,34114.04,USD,8,2026
JRN0003195,2026-11-02,6200,Operating Expense,CC0019,PC009,-12418.29,USD,11,2026
JRN0003196,2026-08-22,6100,Operating Expense,CC0017,PC007,-22016.62,USD,8,2026
JRN0003197,2026-04-20,4000,Revenue,CC0018,PC008,44374.5,USD,4,2026
JRN0003198,2026-11-13,4000,Revenue,CC0012,PC002,16619.37,USD,11,2026
JRN0003199,2025-01-16,6200,Operating Expense,CC0006,PC006,-1831.3,USD,1,2025
JRN0003200,2025-01-24,6100,Operating Expense,CC0001,PC001,-14166.43,USD,1,2025
JRN0003201,2025-08-06,4000,Revenue,CC0018,PC008,36144.17,USD,8,2025
JRN0003202,2026-12-09,6100,Operating Expense,CC0002,PC002,-7286.58,USD,12,2026
JRN0003203,2025-06-09,6200,Operating Expense,CC0007,PC007,-10253.2,USD,6,2025
JRN0003204,2025-10-26,6100,Operating Expense,CC0013,PC003,-49462.07,USD,10,2025
JRN0003205,2026-02-17,6200,Operating Expense,CC0007,PC007,-5811.34,USD,2,2026
JRN0003206,2026-09-12,6100,Operating Expense,CC0004,PC004,-34370.0,USD,9,2026
JRN0003207,2025-03-18,6100,Operating Expense,CC0010,PC010,-26235.77,USD,3,2025
JRN0003208,2025-06-08,6100,Operating Expense,CC0003,PC003,-11968.29,USD,6,2025
JRN0003209,2025-05-16,6200,Operating Expense,CC0003,PC003,-16478.45,USD,5,2025
JRN0003210,2026-11-02,6200,Operating Expense,CC0012,PC002,-18532.9,USD,11,2026
JRN0003211,2026-12-13,5000,COGS,CC0015,PC005,-42166.38,USD,12,2026
JRN0003212,2025-02-23,6200,Operating Expense,CC0016,PC006,-32948.6,USD,2,2025
JRN0003213,2025-04-14,5000,COGS,CC0014,PC004,-31214.84,USD,4,2025
JRN0003214,2026-08-09,6200,Operating Expense,CC0015,PC005,-36138.24,USD,8,2026
JRN0003215,2026-09-05,6100,Operating Expense,CC0019,PC009,-10001.69,USD,9,2026
JRN0003216,2026-01-05,6100,Operating Expense,CC0018,PC008,-47943.16,USD,1,2026
JRN0003217,2026-12-11,6100,Operating Expense,CC0019,PC009,-16506.42,USD,12,2026
JRN0003218,2026-09-03,6200,Operating Expense,CC0015,PC005,-17257.38,USD,9,2026
JRN0003219,2025-10-30,6100,Operating Expense,CC0003,PC003,-35284.49,USD,10,2025
JRN0003220,2026-06-30,4000,Revenue,CC0014,PC004,41550.26,USD,6,2026
JRN0003221,2025-09-28,6200,Operating Expense,CC0001,PC001,-43547.12,USD,9,2025
JRN0003222,2026-01-12,6200,Operating Expense,CC0010,PC010,-24989.51,USD,1,2026
JRN0003223,2025-05-08,5000,COGS,CC0020,PC010,-10719.97,USD,5,2025
JRN0003224,2025-03-08,5000,COGS,CC0007,PC007,-14498.57,USD,3,2025
JRN0003225,2026-06-29,6100,Operating Expense,CC0017,PC007,-46268.43,USD,6,2026
JRN0003226,2026-02-02,5000,COGS,CC0013,PC003,-49077.37,USD,2,2026
JRN0003227,2026-07-30,4000,Revenue,CC0017,PC007,16123.95,USD,7,2026
JRN0003228,2026-04-10,6100,Operating Expense,CC0007,PC007,-36734.24,USD,4,2026
JRN0003229,2025-11-26,6200,Operating Expense,CC0018,PC008,-11893.67,USD,11,2025
JRN0003230,2025-09-30,6100,Operating Expense,CC0017,PC007,-14823.12,USD,9,2025
JRN0003231,2025-02-24,6100,Operating Expense,CC0004,PC004,-42333.01,USD,2,2025
JRN0003232,2026-02-25,5000,COGS,CC0014,PC004,-15406.63,USD,2,2026
JRN0003233,2025-05-25,6200,Operating Expense,CC0005,PC005,-13422.72,USD,5,2025
JRN0003234,2026-02-14,5000,COGS,CC0016,PC006,-1630.91,USD,2,2026
JRN0003235,2025-03-10,5000,COGS,CC0018,PC008,-49950.39,USD,3,2025
JRN0003236,2026-05-25,6100,Operating Expense,CC0011,PC001,-15486.99,USD,5,2026
JRN0003237,2025-05-13,6100,Operating Expense,CC0006,PC006,-43211.53,USD,5,2025
JRN0003238,2025-01-23,4000,Revenue,CC0012,PC002,40285.32,USD,1,2025
JRN0003239,2025-11-09,6200,Operating Expense,CC0008,PC008,-20493.41,USD,11,2025
JRN0003240,2025-06-12,5000,COGS,CC0007,PC007,-27218.28,USD,6,2025
JRN0003241,2025-05-10,4000,Revenue,CC0011,PC001,40147.37,USD,5,2025
JRN0003242,2025-09-06,6200,Operating Expense,CC0004,PC004,-44802.11,USD,9,2025
JRN0003243,2026-08-17,6100,Operating Expense,CC0015,PC005,-2745.65,USD,8,2026
JRN0003244,2025-11-28,4000,Revenue,CC0001,PC001,48756.17,USD,11,2025
JRN0003245,2025-11-22,4000,Revenue,CC0001,PC001,29620.37,USD,11,2025
JRN0003246,2026-05-10,6200,Operating Expense,CC0019,PC009,-7931.04,USD,5,2026
JRN0003247,2025-11-07,4000,Revenue,CC0012,PC002,7381.6,USD,11,2025
JRN0003248,2026-09-17,5000,COGS,CC0019,PC009,-30947.58,USD,9,2026
JRN0003249,2026-12-02,5000,COGS,CC0017,PC007,-40341.75,USD,12,2026
JRN0003250,2025-06-23,4000,Revenue,CC0008,PC008,14462.04,USD,6,2025
JRN0003251,2025-10-17,6100,Operating Expense,CC0004,PC004,-30539.69,USD,10,2025
JRN0003252,2025-05-21,6200,Operating Expense,CC0001,PC001,-49681.3,USD,5,2025
JRN0003253,2026-10-08,6200,Operating Expense,CC0018,PC008,-18572.6,USD,10,2026
JRN0003254,2025-08-03,6200,Operating Expense,CC0010,PC010,-42988.01,USD,8,2025
JRN0003255,2026-09-20,6200,Operating Expense,CC0013,PC003,-21848.25,USD,9,2026
JRN0003256,2026-09-26,4000,Revenue,CC0018,PC008,20515.42,USD,9,2026
JRN0003257,2026-05-30,5000,COGS,CC0014,PC004,-4465.65,USD,5,2026
JRN0003258,2026-11-07,6200,Operating Expense,CC0001,PC001,-26843.14,USD,11,2026
JRN0003259,2025-05-20,6200,Operating Expense,CC0014,PC004,-41996.1,USD,5,2025
JRN0003260,2025-05-13,5000,COGS,CC0020,PC010,-40215.42,USD,5,2025
JRN0003261,2025-02-01,4000,Revenue,CC0007,PC007,40189.19,USD,2,2025
JRN0003262,2025-07-01,5000,COGS,CC0016,PC006,-23730.54,USD,7,2025
JRN0003263,2026-09-18,6100,Operating Expense,CC0008,PC008,-11606.28,USD,9,2026
JRN0003264,2026-10-07,5000,COGS,CC0010,PC010,-5399.29,USD,10,2026
JRN0003265,2025-03-04,6200,Operating Expense,CC0006,PC006,-44911.22,USD,3,2025
JRN0003266,2026-10-17,6100,Operating Expense,CC0006,PC006,-42580.78,USD,10,2026
JRN0003267,2025-06-29,4000,Revenue,CC0012,PC002,5436.88,USD,6,2025
JRN0003268,2025-07-08,5000,COGS,CC0018,PC008,-23016.77,USD,7,2025
JRN0003269,2026-08-22,4000,Revenue,CC0002,PC002,38576.67,USD,8,2026
JRN0003270,2026-12-21,6100,Operating Expense,CC0011,PC001,-14361.94,USD,12,2026
JRN0003271,2025-05-05,6100,Operating Expense,CC0019,PC009,-5726.48,USD,5,2025
JRN0003272,2026-07-31,5000,COGS,CC0016,PC006,-23020.0,USD,7,2026
JRN0003273,2026-04-13,4000,Revenue,CC0005,PC005,16612.19,USD,4,2026
JRN0003274,2025-11-24,5000,COGS,CC0008,PC008,-46689.25,USD,11,2025
JRN0003275,2025-08-09,5000,COGS,CC0002,PC002,-13239.37,USD,8,2025
JRN0003276,2026-03-11,6200,Operating Expense,CC0019,PC009,-46050.22,USD,3,2026
JRN0003277,2026-05-14,6100,Operating Expense,CC0018,PC008,-20146.09,USD,5,2026
JRN0003278,2025-12-09,6100,Operating Expense,CC0006,PC006,-21742.93,USD,12,2025
JRN0003279,2026-06-12,4000,Revenue,CC0003,PC003,6985.37,USD,6,2026
JRN0003280,2026-07-19,5000,COGS,CC0011,PC001,-48045.53,USD,7,2026
JRN0003281,2025-09-30,6100,Operating Expense,CC0002,PC002,-44073.22,USD,9,2025
JRN0003282,2026-09-11,5000,COGS,CC0020,PC010,-36570.99,USD,9,2026
JRN0003283,2026-09-22,5000,COGS,CC0017,PC007,-47112.12,USD,9,2026
JRN0003284,2025-07-29,4000,Revenue,CC0018,PC008,37957.86,USD,7,2025
JRN0003285,2025-06-24,6100,Operating Expense,CC0001,PC001,-38312.0,USD,6,2025
JRN0003286,2026-06-27,6200,Operating Expense,CC0009,PC009,-13914.15,USD,6,2026
JRN0003287,2025-03-08,6200,Operating Expense,CC0003,PC003,-35500.62,USD,3,2025
JRN0003288,2026-12-18,6200,Operating Expense,CC0019,PC009,-17907.99,USD,12,2026
JRN0003289,2025-07-27,5000,COGS,CC0010,PC010,-18937.1,USD,7,2025
JRN0003290,2026-12-19,5000,COGS,CC0009,PC009,-14638.02,USD,12,2026
JRN0003291,2026-03-26,6100,Operating Expense,CC0014,PC004,-1697.92,USD,3,2026
JRN0003292,2025-08-07,6100,Operating Expense,CC0003,PC003,-8825.61,USD,8,2025
JRN0003293,2025-06-26,5000,COGS,CC0016,PC006,-5573.76,USD,6,2025
JRN0003294,2026-03-06,4000,Revenue,CC0006,PC006,5158.94,USD,3,2026
JRN0003295,2026-06-03,6100,Operating Expense,CC0008,PC008,-33877.02,USD,6,2026
JRN0003296,2026-09-20,4000,Revenue,CC0014,PC004,4204.26,USD,9,2026
JRN0003297,2025-09-17,6200,Operating Expense,CC0016,PC006,-29142.42,USD,9,2025
JRN0003298,2025-09-29,5000,COGS,CC0006,PC006,-42293.21,USD,9,2025
JRN0003299,2026-12-20,5000,COGS,CC0006,PC006,-33134.26,USD,12,2026
JRN0003300,2026-02-12,5000,COGS,CC0018,PC008,-47071.43,USD,2,2026
JRN0003301,2026-04-24,6200,Operating Expense,CC0020,PC010,-49276.99,USD,4,2026
JRN0003302,2026-04-05,6100,Operating Expense,CC0009,PC009,-29647.08,USD,4,2026
JRN0003303,2026-06-16,6100,Operating Expense,CC0006,PC006,-366.98,USD,6,2026
JRN0003304,2026-03-16,4000,Revenue,CC0007,PC007,41168.39,USD,3,2026
JRN0003305,2025-09-02,5000,COGS,CC0017,PC007,-41149.61,USD,9,2025
JRN0003306,2025-08-08,5000,COGS,CC0011,PC001,-7576.8,USD,8,2025
JRN0003307,2026-12-03,6200,Operating Expense,CC0012,PC002,-24458.65,USD,12,2026
JRN0003308,2025-01-10,6200,Operating Expense,CC0013,PC003,-48457.16,USD,1,2025
JRN0003309,2026-03-19,6100,Operating Expense,CC0019,PC009,-38787.34,USD,3,2026
JRN0003310,2025-07-22,5000,COGS,CC0015,PC005,-15304.41,USD,7,2025
JRN0003311,2026-09-06,4000,Revenue,CC0006,PC006,35976.3,USD,9,2026
JRN0003312,2026-09-21,6100,Operating Expense,CC0017,PC007,-4123.27,USD,9,2026
JRN0003313,2025-10-01,5000,COGS,CC0019,PC009,-28022.73,USD,10,2025
JRN0003314,2025-01-31,5000,COGS,CC0016,PC006,-34645.14,USD,1,2025
JRN0003315,2026-02-15,6100,Operating Expense,CC0017,PC007,-18175.27,USD,2,2026
JRN0003316,2026-09-22,4000,Revenue,CC0002,PC002,24253.74,USD,9,2026
JRN0003317,2026-10-18,6200,Operating Expense,CC0003,PC003,-3538.53,USD,10,2026
JRN0003318,2025-09-18,6100,Operating Expense,CC0002,PC002,-2286.96,USD,9,2025
JRN0003319,2026-06-16,6200,Operating Expense,CC0008,PC008,-8124.71,USD,6,2026
JRN0003320,2025-12-26,6100,Operating Expense,CC0015,PC005,-26520.29,USD,12,2025
JRN0003321,2025-06-26,4000,Revenue,CC0020,PC010,19399.46,USD,6,2025
JRN0003322,2026-12-11,6100,Operating Expense,CC0005,PC005,-39369.21,USD,12,2026
JRN0003323,2025-10-29,4000,Revenue,CC0005,PC005,22705.16,USD,10,2025
JRN0003324,2026-02-07,4000,Revenue,CC0007,PC007,45888.12,USD,2,2026
JRN0003325,2025-10-24,6100,Operating Expense,CC0017,PC007,-49618.13,USD,10,2025
JRN0003326,2026-03-12,5000,COGS,CC0010,PC010,-39950.47,USD,3,2026
JRN0003327,2026-05-13,5000,COGS,CC0003,PC003,-19373.99,USD,5,2026
JRN0003328,2026-06-30,6200,Operating Expense,CC0015,PC005,-42357.57,USD,6,2026
JRN0003329,2026-04-11,4000,Revenue,CC0014,PC004,38608.34,USD,4,2026
JRN0003330,2025-08-23,5000,COGS,CC0001,PC001,-2827.61,USD,8,2025
JRN0003331,2025-06-09,6200,Operating Expense,CC0014,PC004,-13193.53,USD,6,2025
JRN0003332,2026-03-02,6100,Operating Expense,CC0016,PC006,-39647.36,USD,3,2026
JRN0003333,2025-03-27,4000,Revenue,CC0010,PC010,43626.11,USD,3,2025
JRN0003334,2025-06-13,4000,Revenue,CC0001,PC001,27862.19,USD,6,2025
JRN0003335,2025-07-28,5000,COGS,CC0003,PC003,-10651.11,USD,7,2025
JRN0003336,2025-11-29,6200,Operating Expense,CC0019,PC009,-33235.7,USD,11,2025
JRN0003337,2026-01-18,4000,Revenue,CC0006,PC006,10450.51,USD,1,2026
JRN0003338,2026-10-05,5000,COGS,CC0007,PC007,-22760.9,USD,10,2026
JRN0003339,2026-01-12,6200,Operating Expense,CC0006,PC006,-28143.72,USD,1,2026
JRN0003340,2025-02-01,4000,Revenue,CC0010,PC010,7394.41,USD,2,2025
JRN0003341,2026-07-15,4000,Revenue,CC0008,PC008,593.41,USD,7,2026
JRN0003342,2025-08-31,6200,Operating Expense,CC0003,PC003,-3000.89,USD,8,2025
JRN0003343,2026-05-18,4000,Revenue,CC0002,PC002,28809.46,USD,5,2026
JRN0003344,2026-10-07,4000,Revenue,CC0001,PC001,5911.8,USD,10,2026
JRN0003345,2025-10-09,5000,COGS,CC0005,PC005,-4862.19,USD,10,2025
JRN0003346,2025-09-28,4000,Revenue,CC0008,PC008,28088.14,USD,9,2025
JRN0003347,2026-09-28,6200,Operating Expense,CC0004,PC004,-13310.01,USD,9,2026
JRN0003348,2025-05-03,6100,Operating Expense,CC0020,PC010,-23535.9,USD,5,2025
JRN0003349,2026-10-15,6100,Operating Expense,CC0009,PC009,-42910.71,USD,10,2026
JRN0003350,2025-04-02,6100,Operating Expense,CC0005,PC005,-24210.16,USD,4,2025
JRN0003351,2026-05-30,6100,Operating Expense,CC0009,PC009,-4251.82,USD,5,2026
JRN0003352,2026-06-11,4000,Revenue,CC0007,PC007,13944.3,USD,6,2026
JRN0003353,2026-04-04,5000,COGS,CC0006,PC006,-49470.28,USD,4,2026
JRN0003354,2025-11-17,4000,Revenue,CC0002,PC002,33748.22,USD,11,2025
JRN0003355,2025-03-20,6100,Operating Expense,CC0020,PC010,-44281.54,USD,3,2025
JRN0003356,2025-08-20,6200,Operating Expense,CC0005,PC005,-45776.45,USD,8,2025
JRN0003357,2026-01-21,5000,COGS,CC0004,PC004,-21406.25,USD,1,2026
JRN0003358,2025-11-29,4000,Revenue,CC0008,PC008,18714.75,USD,11,2025
JRN0003359,2026-11-10,5000,COGS,CC0014,PC004,-9344.83,USD,11,2026
JRN0003360,2025-11-22,5000,COGS,CC0004,PC004,-42535.31,USD,11,2025
JRN0003361,2026-12-19,5000,COGS,CC0002,PC002,-23159.64,USD,12,2026
JRN0003362,2026-06-12,4000,Revenue,CC0010,PC010,47370.93,USD,6,2026
JRN0003363,2025-10-29,5000,COGS,CC0009,PC009,-36490.61,USD,10,2025
JRN0003364,2026-09-14,6100,Operating Expense,CC0001,PC001,-23934.35,USD,9,2026
JRN0003365,2026-11-16,6100,Operating Expense,CC0010,PC010,-3997.09,USD,11,2026
JRN0003366,2026-06-03,6100,Operating Expense,CC0019,PC009,-14154.44,USD,6,2026
JRN0003367,2026-06-12,6100,Operating Expense,CC0011,PC001,-36991.72,USD,6,2026
JRN0003368,2025-11-17,4000,Revenue,CC0016,PC006,34772.79,USD,11,2025
JRN0003369,2025-04-24,4000,Revenue,CC0020,PC010,24081.4,USD,4,2025
JRN0003370,2025-11-22,5000,COGS,CC0003,PC003,-26321.27,USD,11,2025
JRN0003371,2026-02-12,6100,Operating Expense,CC0017,PC007,-49414.22,USD,2,2026
JRN0003372,2026-02-12,5000,COGS,CC0014,PC004,-21480.16,USD,2,2026
JRN0003373,2025-06-27,5000,COGS,CC0013,PC003,-27502.91,USD,6,2025
JRN0003374,2026-10-12,6100,Operating Expense,CC0008,PC008,-2370.43,USD,10,2026
JRN0003375,2025-03-23,6200,Operating Expense,CC0005,PC005,-43688.96,USD,3,2025
JRN0003376,2026-05-09,6200,Operating Expense,CC0008,PC008,-10837.81,USD,5,2026
JRN0003377,2025-01-10,5000,COGS,CC0011,PC001,-12655.57,USD,1,2025
JRN0003378,2026-05-23,5000,COGS,CC0003,PC003,-4582.86,USD,5,2026
JRN0003379,2025-12-23,5000,COGS,CC0010,PC010,-10606.29,USD,12,2025
JRN0003380,2025-10-08,6100,Operating Expense,CC0004,PC004,-12312.65,USD,10,2025
JRN0003381,2026-01-02,4000,Revenue,CC0003,PC003,27048.29,USD,1,2026
JRN0003382,2026-07-12,5000,COGS,CC0010,PC010,-8947.39,USD,7,2026
JRN0003383,2026-08-13,6200,Operating Expense,CC0005,PC005,-30806.81,USD,8,2026
JRN0003384,2025-11-14,5000,COGS,CC0017,PC007,-20791.28,USD,11,2025
JRN0003385,2025-02-07,6200,Operating Expense,CC0020,PC010,-8078.14,USD,2,2025
JRN0003386,2025-08-21,5000,COGS,CC0003,PC003,-34626.49,USD,8,2025
JRN0003387,2026-03-31,6200,Operating Expense,CC0012,PC002,-16520.12,USD,3,2026
JRN0003388,2026-02-11,6100,Operating Expense,CC0003,PC003,-44889.3,USD,2,2026
JRN0003389,2025-09-10,6200,Operating Expense,CC0019,PC009,-29229.43,USD,9,2025
JRN0003390,2025-06-30,6200,Operating Expense,CC0019,PC009,-27414.96,USD,6,2025
JRN0003391,2026-11-07,5000,COGS,CC0011,PC001,-10308.44,USD,11,2026
JRN0003392,2026-11-22,4000,Revenue,CC0008,PC008,930.45,USD,11,2026
JRN0003393,2025-09-08,4000,Revenue,CC0015,PC005,48938.58,USD,9,2025
JRN0003394,2026-06-05,4000,Revenue,CC0005,PC005,23568.47,USD,6,2026
JRN0003395,2025-03-31,6200,Operating Expense,CC0016,PC006,-47068.42,USD,3,2025
JRN0003396,2025-12-30,4000,Revenue,CC0008,PC008,46704.59,USD,12,2025
JRN0003397,2026-08-20,6200,Operating Expense,CC0020,PC010,-3514.99,USD,8,2026
JRN0003398,2025-03-31,6100,Operating Expense,CC0016,PC006,-35397.54,USD,3,2025
JRN0003399,2026-10-29,6100,Operating Expense,CC0010,PC010,-39843.28,USD,10,2026
JRN0003400,2025-01-23,6100,Operating Expense,CC0012,PC002,-20148.77,USD,1,2025
JRN0003401,2026-04-30,4000,Revenue,CC0004,PC004,18318.17,USD,4,2026
JRN0003402,2025-09-19,4000,Revenue,CC0014,PC004,41382.98,USD,9,2025
JRN0003403,2026-05-31,5000,COGS,CC0013,PC003,-25340.88,USD,5,2026
JRN0003404,2026-04-14,4000,Revenue,CC0013,PC003,2973.19,USD,4,2026
JRN0003405,2025-05-30,6200,Operating Expense,CC0013,PC003,-49189.75,USD,5,2025
JRN0003406,2026-01-09,6200,Operating Expense,CC0007,PC007,-2902.07,USD,1,2026
JRN0003407,2025-01-16,6200,Operating Expense,CC0008,PC008,-15200.58,USD,1,2025
JRN0003408,2026-04-07,6200,Operating Expense,CC0013,PC003,-14824.61,USD,4,2026
JRN0003409,2025-10-20,5000,COGS,CC0005,PC005,-13599.0,USD,10,2025
JRN0003410,2025-12-25,5000,COGS,CC0006,PC006,-12917.82,USD,12,2025
JRN0003411,2026-03-09,6200,Operating Expense,CC0013,PC003,-27642.73,USD,3,2026
JRN0003412,2026-07-23,6200,Operating Expense,CC0004,PC004,-17770.57,USD,7,2026
JRN0003413,2025-04-29,6200,Operating Expense,CC0018,PC008,-23723.03,USD,4,2025
JRN0003414,2026-11-04,6100,Operating Expense,CC0020,PC010,-4920.96,USD,11,2026
JRN0003415,2025-07-19,5000,COGS,CC0007,PC007,-13207.32,USD,7,2025
JRN0003416,2025-08-06,6100,Operating Expense,CC0011,PC001,-10262.2,USD,8,2025
JRN0003417,2026-12-20,5000,COGS,CC0007,PC007,-4728.4,USD,12,2026
JRN0003418,2025-04-29,4000,Revenue,CC0020,PC010,39496.92,USD,4,2025
JRN0003419,2025-12-14,5000,COGS,CC0018,PC008,-17844.34,USD,12,2025
JRN0003420,2025-03-14,4000,Revenue,CC0012,PC002,40362.84,USD,3,2025
JRN0003421,2026-04-03,6200,Operating Expense,CC0002,PC002,-12928.94,USD,4,2026
JRN0003422,2026-04-04,5000,COGS,CC0003,PC003,-11943.46,USD,4,2026
JRN0003423,2026-02-10,6100,Operating Expense,CC0008,PC008,-5772.11,USD,2,2026
JRN0003424,2025-03-29,6200,Operating Expense,CC0011,PC001,-14878.33,USD,3,2025
JRN0003425,2026-11-19,5000,COGS,CC0020,PC010,-365.22,USD,11,2026
JRN0003426,2025-10-10,4000,Revenue,CC0002,PC002,33856.78,USD,10,2025
JRN0003427,2025-03-01,6100,Operating Expense,CC0003,PC003,-44574.69,USD,3,2025
JRN0003428,2026-01-26,5000,COGS,CC0016,PC006,-26415.26,USD,1,2026
JRN0003429,2025-02-24,6100,Operating Expense,CC0018,PC008,-28649.57,USD,2,2025
JRN0003430,2026-12-24,5000,COGS,CC0019,PC009,-11563.23,USD,12,2026
JRN0003431,2025-05-17,6200,Operating Expense,CC0010,PC010,-3862.67,USD,5,2025
JRN0003432,2025-02-18,4000,Revenue,CC0012,PC002,43668.18,USD,2,2025
JRN0003433,2026-03-25,4000,Revenue,CC0020,PC010,22989.85,USD,3,2026
JRN0003434,2026-11-07,6100,Operating Expense,CC0007,PC007,-20821.27,USD,11,2026
JRN0003435,2026-05-17,6100,Operating Expense,CC0005,PC005,-14967.72,USD,5,2026
JRN0003436,2026-11-07,5000,COGS,CC0009,PC009,-3901.86,USD,11,2026
JRN0003437,2025-09-12,5000,COGS,CC0013,PC003,-16560.0,USD,9,2025
JRN0003438,2025-10-18,5000,COGS,CC0002,PC002,-31540.48,USD,10,2025
JRN0003439,2026-01-12,4000,Revenue,CC0013,PC003,5083.49,USD,1,2026
JRN0003440,2025-09-13,6200,Operating Expense,CC0006,PC006,-2098.89,USD,9,2025
JRN0003441,2025-01-29,5000,COGS,CC0012,PC002,-12856.31,USD,1,2025
JRN0003442,2025-02-02,6200,Operating Expense,CC0010,PC010,-22722.4,USD,2,2025
JRN0003443,2026-12-03,4000,Revenue,CC0020,PC010,27943.57,USD,12,2026
JRN0003444,2025-09-26,5000,COGS,CC0011,PC001,-27274.24,USD,9,2025
JRN0003445,2026-10-10,4000,Revenue,CC0003,PC003,48533.31,USD,10,2026
JRN0003446,2025-01-29,6200,Operating Expense,CC0012,PC002,-14676.0,USD,1,2025
JRN0003447,2025-02-11,4000,Revenue,CC0006,PC006,12785.46,USD,2,2025
JRN0003448,2026-08-22,6200,Operating Expense,CC0018,PC008,-18774.3,USD,8,2026
JRN0003449,2026-03-10,6200,Operating Expense,CC0007,PC007,-12074.66,USD,3,2026
JRN0003450,2026-04-06,6200,Operating Expense,CC0010,PC010,-11224.51,USD,4,2026
JRN0003451,2026-10-02,6100,Operating Expense,CC0008,PC008,-27416.88,USD,10,2026
JRN0003452,2025-01-22,6200,Operating Expense,CC0009,PC009,-16660.88,USD,1,2025
JRN0003453,2025-04-28,5000,COGS,CC0013,PC003,-47044.46,USD,4,2025
JRN0003454,2025-07-12,6200,Operating Expense,CC0004,PC004,-26081.12,USD,7,2025
JRN0003455,2025-08-31,5000,COGS,CC0010,PC010,-43264.73,USD,8,2025
JRN0003456,2025-02-24,5000,COGS,CC0002,PC002,-14103.19,USD,2,2025
JRN0003457,2026-08-06,5000,COGS,CC0005,PC005,-27077.11,USD,8,2026
JRN0003458,2025-09-24,5000,COGS,CC0003,PC003,-29054.37,USD,9,2025
JRN0003459,2025-12-28,5000,COGS,CC0015,PC005,-31275.9,USD,12,2025
JRN0003460,2026-08-16,6200,Operating Expense,CC0018,PC008,-29469.69,USD,8,2026
JRN0003461,2026-10-17,6100,Operating Expense,CC0003,PC003,-35274.29,USD,10,2026
JRN0003462,2025-07-05,6200,Operating Expense,CC0002,PC002,-911.19,USD,7,2025
JRN0003463,2026-05-26,5000,COGS,CC0007,PC007,-21231.81,USD,5,2026
JRN0003464,2025-11-23,5000,COGS,CC0014,PC004,-35889.0,USD,11,2025
JRN0003465,2026-09-09,6100,Operating Expense,CC0012,PC002,-45776.58,USD,9,2026
JRN0003466,2026-03-21,4000,Revenue,CC0020,PC010,12341.34,USD,3,2026
JRN0003467,2025-09-24,4000,Revenue,CC0004,PC004,30245.98,USD,9,2025
JRN0003468,2026-10-10,6100,Operating Expense,CC0009,PC009,-2157.13,USD,10,2026
JRN0003469,2026-10-21,6100,Operating Expense,CC0013,PC003,-5335.75,USD,10,2026
JRN0003470,2025-08-26,6100,Operating Expense,CC0006,PC006,-10060.3,USD,8,2025
JRN0003471,2026-03-09,5000,COGS,CC0012,PC002,-42581.09,USD,3,2026
JRN0003472,2025-02-04,6200,Operating Expense,CC0019,PC009,-16681.64,USD,2,2025
JRN0003473,2025-11-23,4000,Revenue,CC0005,PC005,34444.68,USD,11,2025
JRN0003474,2026-05-25,6200,Operating Expense,CC0016,PC006,-20611.51,USD,5,2026
JRN0003475,2026-07-08,6100,Operating Expense,CC0011,PC001,-620.64,USD,7,2026
JRN0003476,2025-09-09,6200,Operating Expense,CC0008,PC008,-21247.16,USD,9,2025
JRN0003477,2025-07-31,6100,Operating Expense,CC0011,PC001,-13877.45,USD,7,2025
JRN0003478,2026-10-13,5000,COGS,CC0014,PC004,-33605.76,USD,10,2026
JRN0003479,2025-10-11,5000,COGS,CC0011,PC001,-45635.31,USD,10,2025
JRN0003480,2025-08-20,4000,Revenue,CC0011,PC001,15573.68,USD,8,2025
JRN0003481,2026-11-25,6200,Operating Expense,CC0017,PC007,-4052.67,USD,11,2026
JRN0003482,2026-12-30,4000,Revenue,CC0015,PC005,8853.17,USD,12,2026
JRN0003483,2026-08-27,5000,COGS,CC0007,PC007,-4096.63,USD,8,2026
JRN0003484,2025-08-09,6200,Operating Expense,CC0012,PC002,-34910.66,USD,8,2025
JRN0003485,2025-09-10,4000,Revenue,CC0002,PC002,24492.08,USD,9,2025
JRN0003486,2026-04-23,5000,COGS,CC0006,PC006,-34339.66,USD,4,2026
JRN0003487,2026-07-26,4000,Revenue,CC0006,PC006,30361.2,USD,7,2026
JRN0003488,2026-10-09,4000,Revenue,CC0013,PC003,24973.72,USD,10,2026
JRN0003489,2026-08-10,5000,COGS,CC0012,PC002,-26145.37,USD,8,2026
JRN0003490,2026-09-23,5000,COGS,CC0008,PC008,-20078.71,USD,9,2026
JRN0003491,2025-12-07,4000,Revenue,CC0006,PC006,33776.11,USD,12,2025
JRN0003492,2026-07-22,6200,Operating Expense,CC0008,PC008,-44847.11,USD,7,2026
JRN0003493,2026-04-03,6200,Operating Expense,CC0005,PC005,-1233.84,USD,4,2026
JRN0003494,2026-09-22,4000,Revenue,CC0008,PC008,11502.48,USD,9,2026
JRN0003495,2026-05-28,6100,Operating Expense,CC0019,PC009,-39827.38,USD,5,2026
JRN0003496,2026-01-19,6200,Operating Expense,CC0002,PC002,-9803.68,USD,1,2026
JRN0003497,2025-10-04,6200,Operating Expense,CC0014,PC004,-23707.35,USD,10,2025
JRN0003498,2025-12-27,4000,Revenue,CC0003,PC003,7128.88,USD,12,2025
JRN0003499,2025-08-15,5000,COGS,CC0015,PC005,-41337.65,USD,8,2025
JRN0003500,2025-09-23,5000,COGS,CC0006,PC006,-2590.08,USD,9,2025
JRN0003501,2025-10-22,6100,Operating Expense,CC0020,PC010,-28124.34,USD,10,2025
JRN0003502,2026-07-13,6100,Operating Expense,CC0001,PC001,-37836.73,USD,7,2026
JRN0003503,2025-12-30,5000,COGS,CC0017,PC007,-43370.33,USD,12,2025
JRN0003504,2025-08-29,6100,Operating Expense,CC0011,PC001,-23692.63,USD,8,2025
JRN0003505,2026-07-26,4000,Revenue,CC0017,PC007,46072.81,USD,7,2026
JRN0003506,2026-04-10,6100,Operating Expense,CC0009,PC009,-37283.51,USD,4,2026
JRN0003507,2025-09-06,6200,Operating Expense,CC0019,PC009,-28030.77,USD,9,2025
JRN0003508,2025-08-04,6200,Operating Expense,CC0017,PC007,-21598.85,USD,8,2025
JRN0003509,2026-01-17,4000,Revenue,CC0014,PC004,38371.77,USD,1,2026
JRN0003510,2025-09-26,5000,COGS,CC0014,PC004,-29381.54,USD,9,2025
JRN0003511,2026-12-14,5000,COGS,CC0016,PC006,-38296.51,USD,12,2026
JRN0003512,2026-08-28,4000,Revenue,CC0007,PC007,8216.99,USD,8,2026
JRN0003513,2025-01-08,6100,Operating Expense,CC0016,PC006,-26265.6,USD,1,2025
JRN0003514,2025-11-03,6100,Operating Expense,CC0012,PC002,-36543.58,USD,11,2025
JRN0003515,2025-09-27,4000,Revenue,CC0004,PC004,5303.09,USD,9,2025
JRN0003516,2026-08-31,6200,Operating Expense,CC0017,PC007,-21674.93,USD,8,2026
JRN0003517,2026-12-31,5000,COGS,CC0017,PC007,-2481.37,USD,12,2026
JRN0003518,2025-09-27,6100,Operating Expense,CC0001,PC001,-37974.05,USD,9,2025
JRN0003519,2026-07-21,5000,COGS,CC0012,PC002,-43355.79,USD,7,2026
JRN0003520,2025-05-13,5000,COGS,CC0019,PC009,-22793.58,USD,5,2025
JRN0003521,2025-02-01,5000,COGS,CC0007,PC007,-30054.21,USD,2,2025
JRN0003522,2026-05-20,6100,Operating Expense,CC0011,PC001,-30800.69,USD,5,2026
JRN0003523,2026-12-25,6100,Operating Expense,CC0002,PC002,-43710.33,USD,12,2026
JRN0003524,2026-02-04,6100,Operating Expense,CC0003,PC003,-28715.41,USD,2,2026
JRN0003525,2026-01-08,5000,COGS,CC0004,PC004,-29882.64,USD,1,2026
JRN0003526,2025-02-02,4000,Revenue,CC0001,PC001,42047.43,USD,2,2025
JRN0003527,2025-03-27,4000,Revenue,CC0018,PC008,34096.16,USD,3,2025
JRN0003528,2026-04-04,6200,Operating Expense,CC0016,PC006,-17639.11,USD,4,2026
JRN0003529,2025-04-26,6200,Operating Expense,CC0015,PC005,-13616.89,USD,4,2025
JRN0003530,2026-10-25,5000,COGS,CC0014,PC004,-45291.18,USD,10,2026
JRN0003531,2025-10-02,5000,COGS,CC0019,PC009,-39083.37,USD,10,2025
JRN0003532,2025-03-27,6200,Operating Expense,CC0005,PC005,-15898.61,USD,3,2025
JRN0003533,2025-02-14,5000,COGS,CC0020,PC010,-35144.04,USD,2,2025
JRN0003534,2025-05-07,5000,COGS,CC0002,PC002,-45544.8,USD,5,2025
JRN0003535,2026-10-19,4000,Revenue,CC0009,PC009,7619.8,USD,10,2026
JRN0003536,2025-11-24,5000,COGS,CC0010,PC010,-35309.38,USD,11,2025
JRN0003537,2025-09-08,5000,COGS,CC0015,PC005,-20783.39,USD,9,2025
JRN0003538,2026-05-21,5000,COGS,CC0016,PC006,-13911.71,USD,5,2026
JRN0003539,2025-07-20,6100,Operating Expense,CC0002,PC002,-14776.62,USD,7,2025
JRN0003540,2025-07-27,6200,Operating Expense,CC0009,PC009,-24843.61,USD,7,2025
JRN0003541,2026-12-28,6100,Operating Expense,CC0011,PC001,-14291.93,USD,12,2026
JRN0003542,2026-05-20,4000,Revenue,CC0007,PC007,19971.87,USD,5,2026
JRN0003543,2026-10-13,6100,Operating Expense,CC0012,PC002,-17721.24,USD,10,2026
JRN0003544,2025-12-18,6200,Operating Expense,CC0019,PC009,-36671.79,USD,12,2025
JRN0003545,2025-09-28,6100,Operating Expense,CC0004,PC004,-31306.9,USD,9,2025
JRN0003546,2026-01-07,4000,Revenue,CC0020,PC010,512.75,USD,1,2026
JRN0003547,2025-02-24,4000,Revenue,CC0001,PC001,44472.5,USD,2,2025
JRN0003548,2026-01-15,6100,Operating Expense,CC0005,PC005,-19373.32,USD,1,2026
JRN0003549,2025-09-30,6200,Operating Expense,CC0014,PC004,-1199.37,USD,9,2025
JRN0003550,2025-06-01,6200,Operating Expense,CC0007,PC007,-24661.33,USD,6,2025
JRN0003551,2026-12-06,6200,Operating Expense,CC0011,PC001,-31982.9,USD,12,2026
JRN0003552,2026-11-16,6100,Operating Expense,CC0010,PC010,-7123.34,USD,11,2026
JRN0003553,2026-11-14,6200,Operating Expense,CC0013,PC003,-35756.03,USD,11,2026
JRN0003554,2025-10-22,6100,Operating Expense,CC0005,PC005,-33085.24,USD,10,2025
JRN0003555,2026-07-03,4000,Revenue,CC0010,PC010,42175.9,USD,7,2026
JRN0003556,2025-05-10,4000,Revenue,CC0011,PC001,23161.61,USD,5,2025
JRN0003557,2025-11-09,6100,Operating Expense,CC0008,PC008,-36949.38,USD,11,2025
JRN0003558,2025-09-08,4000,Revenue,CC0004,PC004,6622.74,USD,9,2025
JRN0003559,2025-05-23,6200,Operating Expense,CC0014,PC004,-48114.5,USD,5,2025
JRN0003560,2026-06-27,5000,COGS,CC0002,PC002,-46828.26,USD,6,2026
JRN0003561,2025-08-08,6100,Operating Expense,CC0020,PC010,-43940.47,USD,8,2025
JRN0003562,2025-02-08,6200,Operating Expense,CC0009,PC009,-7352.25,USD,2,2025
JRN0003563,2025-09-18,6200,Operating Expense,CC0019,PC009,-46793.02,USD,9,2025
JRN0003564,2026-12-08,6100,Operating Expense,CC0018,PC008,-30661.45,USD,12,2026
JRN0003565,2026-11-18,5000,COGS,CC0008,PC008,-3325.02,USD,11,2026
JRN0003566,2025-11-28,4000,Revenue,CC0002,PC002,21934.11,USD,11,2025
JRN0003567,2026-02-08,4000,Revenue,CC0005,PC005,20143.69,USD,2,2026
JRN0003568,2026-09-14,5000,COGS,CC0012,PC002,-6661.38,USD,9,2026
JRN0003569,2026-05-24,6200,Operating Expense,CC0006,PC006,-47154.31,USD,5,2026
JRN0003570,2026-04-15,6100,Operating Expense,CC0016,PC006,-23540.42,USD,4,2026
JRN0003571,2026-01-31,4000,Revenue,CC0008,PC008,3602.86,USD,1,2026
JRN0003572,2025-05-20,4000,Revenue,CC0016,PC006,7786.09,USD,5,2025
JRN0003573,2025-04-16,5000,COGS,CC0014,PC004,-44916.11,USD,4,2025
JRN0003574,2026-04-23,6200,Operating Expense,CC0011,PC001,-14161.35,USD,4,2026
JRN0003575,2026-02-14,5000,COGS,CC0001,PC001,-40943.51,USD,2,2026
JRN0003576,2026-01-17,6200,Operating Expense,CC0012,PC002,-27522.19,USD,1,2026
JRN0003577,2025-08-24,6100,Operating Expense,CC0001,PC001,-14289.98,USD,8,2025
JRN0003578,2026-12-19,4000,Revenue,CC0019,PC009,9287.44,USD,12,2026
JRN0003579,2025-02-20,5000,COGS,CC0003,PC003,-18707.63,USD,2,2025
JRN0003580,2026-07-05,6100,Operating Expense,CC0009,PC009,-23417.05,USD,7,2026
JRN0003581,2025-06-04,5000,COGS,CC0011,PC001,-22787.35,USD,6,2025
JRN0003582,2025-12-23,4000,Revenue,CC0018,PC008,34576.01,USD,12,2025
JRN0003583,2026-02-02,4000,Revenue,CC0017,PC007,29627.93,USD,2,2026
JRN0003584,2026-10-12,6200,Operating Expense,CC0012,PC002,-48820.73,USD,10,2026
JRN0003585,2026-12-06,6100,Operating Expense,CC0004,PC004,-5930.33,USD,12,2026
JRN0003586,2026-04-22,6100,Operating Expense,CC0010,PC010,-15961.24,USD,4,2026
JRN0003587,2025-08-22,4000,Revenue,CC0010,PC010,48863.79,USD,8,2025
JRN0003588,2025-01-17,5000,COGS,CC0007,PC007,-48562.62,USD,1,2025
JRN0003589,2026-01-13,4000,Revenue,CC0004,PC004,44176.54,USD,1,2026
JRN0003590,2025-04-30,5000,COGS,CC0012,PC002,-18633.66,USD,4,2025
JRN0003591,2026-11-02,6100,Operating Expense,CC0005,PC005,-20381.15,USD,11,2026
JRN0003592,2025-04-17,5000,COGS,CC0018,PC008,-48627.25,USD,4,2025
JRN0003593,2025-11-28,5000,COGS,CC0019,PC009,-1434.51,USD,11,2025
JRN0003594,2026-12-03,4000,Revenue,CC0019,PC009,32121.28,USD,12,2026
JRN0003595,2026-05-28,6100,Operating Expense,CC0015,PC005,-9061.51,USD,5,2026
JRN0003596,2026-11-02,6100,Operating Expense,CC0020,PC010,-25298.36,USD,11,2026
JRN0003597,2026-03-19,6100,Operating Expense,CC0019,PC009,-49795.48,USD,3,2026
JRN0003598,2026-07-30,6100,Operating Expense,CC0012,PC002,-46920.53,USD,7,2026
JRN0003599,2025-08-30,5000,COGS,CC0004,PC004,-19589.3,USD,8,2025
JRN0003600,2026-10-02,4000,Revenue,CC0008,PC008,3519.55,USD,10,2026
JRN0003601,2026-01-14,6200,Operating Expense,CC0012,PC002,-46314.85,USD,1,2026
JRN0003602,2025-08-08,4000,Revenue,CC0013,PC003,19342.85,USD,8,2025
JRN0003603,2025-01-11,5000,COGS,CC0015,PC005,-9485.02,USD,1,2025
JRN0003604,2025-04-04,4000,Revenue,CC0014,PC004,19977.22,USD,4,2025
JRN0003605,2026-06-01,6200,Operating Expense,CC0008,PC008,-44872.77,USD,6,2026
JRN0003606,2025-08-15,5000,COGS,CC0019,PC009,-20706.66,USD,8,2025
JRN0003607,2026-12-13,5000,COGS,CC0020,PC010,-37620.15,USD,12,2026
JRN0003608,2026-05-25,5000,COGS,CC0001,PC001,-8766.38,USD,5,2026
JRN0003609,2026-07-29,4000,Revenue,CC0020,PC010,43761.09,USD,7,2026
JRN0003610,2026-12-26,6100,Operating Expense,CC0010,PC010,-15275.43,USD,12,2026
JRN0003611,2025-08-21,6100,Operating Expense,CC0012,PC002,-46500.71,USD,8,2025
JRN0003612,2025-02-22,6100,Operating Expense,CC0014,PC004,-32805.01,USD,2,2025
JRN0003613,2025-12-07,6100,Operating Expense,CC0017,PC007,-42347.04,USD,12,2025
JRN0003614,2025-09-10,6100,Operating Expense,CC0016,PC006,-11453.05,USD,9,2025
JRN0003615,2025-10-01,6200,Operating Expense,CC0015,PC005,-12801.45,USD,10,2025
JRN0003616,2025-03-10,5000,COGS,CC0003,PC003,-37847.75,USD,3,2025
JRN0003617,2026-09-18,6200,Operating Expense,CC0007,PC007,-10055.37,USD,9,2026
JRN0003618,2025-03-15,4000,Revenue,CC0019,PC009,33784.62,USD,3,2025
JRN0003619,2026-01-13,6200,Operating Expense,CC0012,PC002,-34178.15,USD,1,2026
JRN0003620,2025-05-11,4000,Revenue,CC0009,PC009,22811.82,USD,5,2025
JRN0003621,2026-07-16,4000,Revenue,CC0002,PC002,21072.39,USD,7,2026
JRN0003622,2025-10-16,4000,Revenue,CC0014,PC004,39887.75,USD,10,2025
JRN0003623,2026-03-04,5000,COGS,CC0011,PC001,-2453.62,USD,3,2026
JRN0003624,2026-05-22,5000,COGS,CC0016,PC006,-40744.62,USD,5,2026
JRN0003625,2025-11-12,6200,Operating Expense,CC0005,PC005,-45614.7,USD,11,2025
JRN0003626,2025-06-12,6100,Operating Expense,CC0012,PC002,-9646.54,USD,6,2025
JRN0003627,2026-03-12,5000,COGS,CC0017,PC007,-41938.2,USD,3,2026
JRN0003628,2025-08-07,4000,Revenue,CC0014,PC004,18575.53,USD,8,2025
JRN0003629,2025-05-13,4000,Revenue,CC0019,PC009,1487.28,USD,5,2025
JRN0003630,2026-09-19,6200,Operating Expense,CC0004,PC004,-12650.52,USD,9,2026
JRN0003631,2026-08-15,4000,Revenue,CC0015,PC005,18869.31,USD,8,2026
JRN0003632,2025-10-22,5000,COGS,CC0015,PC005,-16243.5,USD,10,2025
JRN0003633,2025-09-01,6200,Operating Expense,CC0020,PC010,-46012.47,USD,9,2025
JRN0003634,2025-06-27,4000,Revenue,CC0007,PC007,18792.91,USD,6,2025
JRN0003635,2025-12-21,6200,Operating Expense,CC0005,PC005,-7647.35,USD,12,2025
JRN0003636,2025-07-23,6100,Operating Expense,CC0006,PC006,-6006.73,USD,7,2025
JRN0003637,2025-05-31,6100,Operating Expense,CC0008,PC008,-41440.14,USD,5,2025
JRN0003638,2025-08-16,6200,Operating Expense,CC0008,PC008,-28515.93,USD,8,2025
JRN0003639,2025-05-10,6200,Operating Expense,CC0013,PC003,-23244.44,USD,5,2025
JRN0003640,2025-06-23,6200,Operating Expense,CC0004,PC004,-32755.69,USD,6,2025
JRN0003641,2025-07-22,5000,COGS,CC0005,PC005,-38141.57,USD,7,2025
JRN0003642,2025-06-28,4000,Revenue,CC0007,PC007,47612.36,USD,6,2025
JRN0003643,2026-07-07,6200,Operating Expense,CC0016,PC006,-37707.64,USD,7,2026
JRN0003644,2026-02-17,4000,Revenue,CC0015,PC005,8536.63,USD,2,2026
JRN0003645,2026-11-07,4000,Revenue,CC0003,PC003,24477.51,USD,11,2026
JRN0003646,2025-10-23,4000,Revenue,CC0011,PC001,14695.69,USD,10,2025
JRN0003647,2026-01-16,4000,Revenue,CC0019,PC009,34879.97,USD,1,2026
JRN0003648,2026-03-18,5000,COGS,CC0010,PC010,-34571.49,USD,3,2026
JRN0003649,2026-09-17,4000,Revenue,CC0005,PC005,45889.34,USD,9,2026
JRN0003650,2025-06-20,4000,Revenue,CC0019,PC009,32695.19,USD,6,2025
JRN0003651,2026-01-08,5000,COGS,CC0013,PC003,-41874.97,USD,1,2026
JRN0003652,2025-01-15,6100,Operating Expense,CC0003,PC003,-34522.07,USD,1,2025
JRN0003653,2026-02-05,5000,COGS,CC0013,PC003,-39272.93,USD,2,2026
JRN0003654,2025-09-09,4000,Revenue,CC0018,PC008,22563.25,USD,9,2025
JRN0003655,2026-06-13,6100,Operating Expense,CC0008,PC008,-23350.88,USD,6,2026
JRN0003656,2026-06-21,6100,Operating Expense,CC0012,PC002,-31508.14,USD,6,2026
JRN0003657,2026-03-07,4000,Revenue,CC0002,PC002,42604.32,USD,3,2026
JRN0003658,2025-12-27,5000,COGS,CC0005,PC005,-27752.57,USD,12,2025
JRN0003659,2026-11-27,5000,COGS,CC0006,PC006,-46990.49,USD,11,2026
JRN0003660,2026-06-08,5000,COGS,CC0006,PC006,-47906.06,USD,6,2026
JRN0003661,2025-12-02,4000,Revenue,CC0004,PC004,39429.18,USD,12,2025
JRN0003662,2026-12-19,4000,Revenue,CC0007,PC007,39271.43,USD,12,2026
JRN0003663,2025-11-14,5000,COGS,CC0009,PC009,-12188.28,USD,11,2025
JRN0003664,2025-12-28,5000,COGS,CC0018,PC008,-46667.34,USD,12,2025
JRN0003665,2025-10-04,6100,Operating Expense,CC0004,PC004,-2038.2,USD,10,2025
JRN0003666,2026-10-17,4000,Revenue,CC0011,PC001,37733.16,USD,10,2026
JRN0003667,2025-10-17,6200,Operating Expense,CC0009,PC009,-48481.26,USD,10,2025
JRN0003668,2025-03-11,5000,COGS,CC0006,PC006,-44536.21,USD,3,2025
JRN0003669,2026-11-02,6200,Operating Expense,CC0018,PC008,-28694.92,USD,11,2026
JRN0003670,2026-05-25,4000,Revenue,CC0004,PC004,14667.84,USD,5,2026
JRN0003671,2026-07-06,6100,Operating Expense,CC0007,PC007,-30105.45,USD,7,2026
JRN0003672,2025-12-27,6200,Operating Expense,CC0003,PC003,-28642.62,USD,12,2025
JRN0003673,2026-10-18,6100,Operating Expense,CC0010,PC010,-33689.87,USD,10,2026
JRN0003674,2025-05-26,4000,Revenue,CC0004,PC004,15541.86,USD,5,2025
JRN0003675,2026-09-16,4000,Revenue,CC0003,PC003,41105.75,USD,9,2026
JRN0003676,2025-09-06,6200,Operating Expense,CC0019,PC009,-18798.73,USD,9,2025
JRN0003677,2026-06-17,6100,Operating Expense,CC0018,PC008,-18170.74,USD,6,2026
JRN0003678,2026-11-07,6200,Operating Expense,CC0008,PC008,-32740.74,USD,11,2026
JRN0003679,2026-02-05,4000,Revenue,CC0007,PC007,31936.87,USD,2,2026
JRN0003680,2025-02-25,5000,COGS,CC0018,PC008,-32810.47,USD,2,2025
JRN0003681,2026-09-01,4000,Revenue,CC0005,PC005,10927.97,USD,9,2026
JRN0003682,2025-08-19,5000,COGS,CC0006,PC006,-5422.7,USD,8,2025
JRN0003683,2026-11-16,4000,Revenue,CC0007,PC007,37823.3,USD,11,2026
JRN0003684,2026-08-25,6100,Operating Expense,CC0007,PC007,-18335.13,USD,8,2026
JRN0003685,2026-01-05,5000,COGS,CC0014,PC004,-17807.47,USD,1,2026
JRN0003686,2025-03-05,6200,Operating Expense,CC0011,PC001,-34035.24,USD,3,2025
JRN0003687,2025-09-10,6100,Operating Expense,CC0016,PC006,-3673.52,USD,9,2025
JRN0003688,2026-04-08,5000,COGS,CC0017,PC007,-2212.07,USD,4,2026
JRN0003689,2025-03-22,5000,COGS,CC0005,PC005,-48529.1,USD,3,2025
JRN0003690,2026-08-19,5000,COGS,CC0005,PC005,-8916.15,USD,8,2026
JRN0003691,2026-05-21,6100,Operating Expense,CC0012,PC002,-40079.29,USD,5,2026
JRN0003692,2026-10-16,5000,COGS,CC0012,PC002,-5734.71,USD,10,2026
JRN0003693,2026-08-16,6200,Operating Expense,CC0012,PC002,-26021.86,USD,8,2026
JRN0003694,2026-07-25,6100,Operating Expense,CC0008,PC008,-15927.2,USD,7,2026
JRN0003695,2026-07-23,6200,Operating Expense,CC0001,PC001,-11089.54,USD,7,2026
JRN0003696,2026-03-31,6200,Operating Expense,CC0013,PC003,-30955.92,USD,3,2026
JRN0003697,2025-03-08,4000,Revenue,CC0010,PC010,42974.62,USD,3,2025
JRN0003698,2025-08-18,5000,COGS,CC0020,PC010,-25924.88,USD,8,2025
JRN0003699,2026-06-26,4000,Revenue,CC0007,PC007,9504.45,USD,6,2026
JRN0003700,2025-01-10,6200,Operating Expense,CC0006,PC006,-40350.36,USD,1,2025
JRN0003701,2026-08-13,5000,COGS,CC0009,PC009,-7712.35,USD,8,2026
JRN0003702,2025-01-19,6100,Operating Expense,CC0002,PC002,-12234.11,USD,1,2025
JRN0003703,2025-03-29,6100,Operating Expense,CC0011,PC001,-30126.58,USD,3,2025
JRN0003704,2025-06-21,5000,COGS,CC0009,PC009,-45257.27,USD,6,2025
JRN0003705,2025-03-22,4000,Revenue,CC0019,PC009,35730.5,USD,3,2025
JRN0003706,2025-06-04,5000,COGS,CC0004,PC004,-1737.21,USD,6,2025
JRN0003707,2025-02-27,6200,Operating Expense,CC0019,PC009,-47025.59,USD,2,2025
JRN0003708,2025-08-01,6100,Operating Expense,CC0017,PC007,-40391.31,USD,8,2025
JRN0003709,2026-02-25,6100,Operating Expense,CC0008,PC008,-20668.19,USD,2,2026
JRN0003710,2026-11-18,6200,Operating Expense,CC0012,PC002,-19734.14,USD,11,2026
JRN0003711,2026-12-02,5000,COGS,CC0008,PC008,-6594.95,USD,12,2026
JRN0003712,2025-01-13,6200,Operating Expense,CC0018,PC008,-14013.11,USD,1,2025
JRN0003713,2026-10-29,5000,COGS,CC0006,PC006,-14074.17,USD,10,2026
JRN0003714,2025-12-23,5000,COGS,CC0014,PC004,-20714.4,USD,12,2025
JRN0003715,2025-08-04,5000,COGS,CC0004,PC004,-13342.85,USD,8,2025
JRN0003716,2026-05-18,6100,Operating Expense,CC0019,PC009,-27240.62,USD,5,2026
JRN0003717,2026-12-16,6100,Operating Expense,CC0017,PC007,-41903.44,USD,12,2026
JRN0003718,2026-08-23,5000,COGS,CC0009,PC009,-27510.06,USD,8,2026
JRN0003719,2026-03-25,4000,Revenue,CC0019,PC009,910.73,USD,3,2026
JRN0003720,2026-08-20,5000,COGS,CC0012,PC002,-21725.33,USD,8,2026
JRN0003721,2026-12-27,6200,Operating Expense,CC0011,PC001,-12006.71,USD,12,2026
JRN0003722,2026-10-25,5000,COGS,CC0007,PC007,-16887.3,USD,10,2026
JRN0003723,2026-12-31,5000,COGS,CC0020,PC010,-46394.08,USD,12,2026
JRN0003724,2025-12-20,5000,COGS,CC0003,PC003,-12202.99,USD,12,2025
JRN0003725,2026-03-08,4000,Revenue,CC0007,PC007,29842.54,USD,3,2026
JRN0003726,2026-07-11,4000,Revenue,CC0014,PC004,14802.15,USD,7,2026
JRN0003727,2025-10-03,4000,Revenue,CC0011,PC001,6785.39,USD,10,2025
JRN0003728,2025-09-06,5000,COGS,CC0009,PC009,-17597.67,USD,9,2025
JRN0003729,2026-07-31,6200,Operating Expense,CC0015,PC005,-4135.54,USD,7,2026
JRN0003730,2025-06-26,6200,Operating Expense,CC0006,PC006,-37075.75,USD,6,2025
JRN0003731,2025-03-11,5000,COGS,CC0012,PC002,-38885.11,USD,3,2025
JRN0003732,2025-11-22,5000,COGS,CC0009,PC009,-35624.52,USD,11,2025
JRN0003733,2026-11-02,4000,Revenue,CC0010,PC010,15016.67,USD,11,2026
JRN0003734,2025-06-04,5000,COGS,CC0017,PC007,-39091.11,USD,6,2025
JRN0003735,2026-12-13,6100,Operating Expense,CC0003,PC003,-18235.41,USD,12,2026
JRN0003736,2026-08-08,6200,Operating Expense,CC0001,PC001,-19945.84,USD,8,2026
JRN0003737,2025-06-27,6100,Operating Expense,CC0004,PC004,-45785.28,USD,6,2025
JRN0003738,2026-05-14,5000,COGS,CC0008,PC008,-7187.65,USD,5,2026
JRN0003739,2026-05-04,4000,Revenue,CC0011,PC001,20641.89,USD,5,2026
JRN0003740,2026-03-15,5000,COGS,CC0004,PC004,-11993.69,USD,3,2026
JRN0003741,2025-02-17,6100,Operating Expense,CC0014,PC004,-34709.61,USD,2,2025
JRN0003742,2025-04-18,6200,Operating Expense,CC0008,PC008,-35543.26,USD,4,2025
JRN0003743,2025-11-10,6200,Operating Expense,CC0008,PC008,-19062.74,USD,11,2025
JRN0003744,2025-01-02,5000,COGS,CC0005,PC005,-29229.63,USD,1,2025
JRN0003745,2026-04-28,5000,COGS,CC0003,PC003,-34536.72,USD,4,2026
JRN0003746,2026-04-24,4000,Revenue,CC0007,PC007,35640.89,USD,4,2026
JRN0003747,2026-12-09,5000,COGS,CC0005,PC005,-44817.38,USD,12,2026
JRN0003748,2026-12-12,5000,COGS,CC0004,PC004,-1857.28,USD,12,2026
JRN0003749,2025-03-18,4000,Revenue,CC0008,PC008,48508.36,USD,3,2025
JRN0003750,2025-06-11,4000,Revenue,CC0005,PC005,45416.8,USD,6,2025
JRN0003751,2025-11-17,6100,Operating Expense,CC0017,PC007,-21462.69,USD,11,2025
JRN0003752,2025-09-12,6200,Operating Expense,CC0018,PC008,-42034.62,USD,9,2025
JRN0003753,2025-05-04,6100,Operating Expense,CC0012,PC002,-36939.89,USD,5,2025
JRN0003754,2026-04-28,6200,Operating Expense,CC0008,PC008,-23201.68,USD,4,2026
JRN0003755,2025-07-22,4000,Revenue,CC0018,PC008,19719.54,USD,7,2025
JRN0003756,2025-02-07,6200,Operating Expense,CC0009,PC009,-35722.38,USD,2,2025
JRN0003757,2025-11-04,6200,Operating Expense,CC0009,PC009,-37069.33,USD,11,2025
JRN0003758,2025-01-06,4000,Revenue,CC0016,PC006,31717.14,USD,1,2025
JRN0003759,2026-07-21,4000,Revenue,CC0014,PC004,20085.63,USD,7,2026
JRN0003760,2025-08-20,6200,Operating Expense,CC0008,PC008,-42658.71,USD,8,2025
JRN0003761,2026-10-30,6100,Operating Expense,CC0012,PC002,-2244.54,USD,10,2026
JRN0003762,2025-03-07,6200,Operating Expense,CC0012,PC002,-37492.15,USD,3,2025
JRN0003763,2025-10-28,5000,COGS,CC0002,PC002,-19436.47,USD,10,2025
JRN0003764,2025-08-11,5000,COGS,CC0011,PC001,-25434.36,USD,8,2025
JRN0003765,2026-01-16,6200,Operating Expense,CC0005,PC005,-49151.92,USD,1,2026
JRN0003766,2025-05-28,5000,COGS,CC0002,PC002,-40835.07,USD,5,2025
JRN0003767,2026-08-28,5000,COGS,CC0014,PC004,-9834.98,USD,8,2026
JRN0003768,2025-11-27,4000,Revenue,CC0018,PC008,20672.92,USD,11,2025
JRN0003769,2026-08-07,6100,Operating Expense,CC0005,PC005,-38760.85,USD,8,2026
JRN0003770,2026-01-03,6200,Operating Expense,CC0015,PC005,-6489.74,USD,1,2026
JRN0003771,2026-05-09,5000,COGS,CC0005,PC005,-6336.9,USD,5,2026
JRN0003772,2025-08-25,4000,Revenue,CC0003,PC003,13191.17,USD,8,2025
JRN0003773,2026-12-22,4000,Revenue,CC0017,PC007,13637.55,USD,12,2026
JRN0003774,2026-02-16,5000,COGS,CC0006,PC006,-13918.14,USD,2,2026
JRN0003775,2025-03-20,6100,Operating Expense,CC0018,PC008,-46900.92,USD,3,2025
JRN0003776,2025-04-20,5000,COGS,CC0004,PC004,-13788.18,USD,4,2025
JRN0003777,2025-08-29,6100,Operating Expense,CC0008,PC008,-38705.89,USD,8,2025
JRN0003778,2026-10-27,4000,Revenue,CC0004,PC004,42120.5,USD,10,2026
JRN0003779,2026-09-22,4000,Revenue,CC0018,PC008,33066.94,USD,9,2026
JRN0003780,2026-02-07,6100,Operating Expense,CC0019,PC009,-34539.34,USD,2,2026
JRN0003781,2025-03-19,5000,COGS,CC0017,PC007,-353.6,USD,3,2025
JRN0003782,2025-07-18,5000,COGS,CC0001,PC001,-27398.0,USD,7,2025
JRN0003783,2026-11-29,5000,COGS,CC0008,PC008,-2212.32,USD,11,2026
JRN0003784,2026-06-27,6200,Operating Expense,CC0002,PC002,-39735.6,USD,6,2026
JRN0003785,2025-08-13,5000,COGS,CC0006,PC006,-6049.78,USD,8,2025
JRN0003786,2025-02-14,5000,COGS,CC0010,PC010,-28914.54,USD,2,2025
JRN0003787,2025-03-20,4000,Revenue,CC0002,PC002,39300.72,USD,3,2025
JRN0003788,2026-11-06,6200,Operating Expense,CC0013,PC003,-34482.34,USD,11,2026
JRN0003789,2026-06-20,4000,Revenue,CC0010,PC010,36764.1,USD,6,2026
JRN0003790,2026-10-10,6100,Operating Expense,CC0016,PC006,-28957.84,USD,10,2026
JRN0003791,2025-08-12,6100,Operating Expense,CC0020,PC010,-37471.62,USD,8,2025
JRN0003792,2026-03-11,5000,COGS,CC0004,PC004,-25889.2,USD,3,2026
JRN0003793,2025-04-27,6100,Operating Expense,CC0013,PC003,-46630.08,USD,4,2025
JRN0003794,2025-04-02,5000,COGS,CC0004,PC004,-35757.82,USD,4,2025
JRN0003795,2025-12-25,4000,Revenue,CC0006,PC006,2047.34,USD,12,2025
JRN0003796,2026-01-19,6100,Operating Expense,CC0011,PC001,-25621.45,USD,1,2026
JRN0003797,2025-09-02,5000,COGS,CC0018,PC008,-18097.38,USD,9,2025
JRN0003798,2026-06-22,4000,Revenue,CC0006,PC006,13591.14,USD,6,2026
JRN0003799,2026-01-11,6200,Operating Expense,CC0013,PC003,-18043.01,USD,1,2026
JRN0003800,2026-09-19,6200,Operating Expense,CC0004,PC004,-10717.4,USD,9,2026
JRN0003801,2025-10-02,4000,Revenue,CC0018,PC008,12480.67,USD,10,2025
JRN0003802,2026-03-26,6100,Operating Expense,CC0019,PC009,-8378.81,USD,3,2026
JRN0003803,2026-03-20,6200,Operating Expense,CC0002,PC002,-27459.19,USD,3,2026
JRN0003804,2025-04-25,4000,Revenue,CC0001,PC001,45676.57,USD,4,2025
JRN0003805,2026-06-28,6100,Operating Expense,CC0016,PC006,-42227.49,USD,6,2026
JRN0003806,2025-01-18,4000,Revenue,CC0002,PC002,45139.8,USD,1,2025
JRN0003807,2025-07-31,6200,Operating Expense,CC0013,PC003,-18880.53,USD,7,2025
JRN0003808,2026-09-11,6100,Operating Expense,CC0018,PC008,-1909.71,USD,9,2026
JRN0003809,2025-05-29,6100,Operating Expense,CC0015,PC005,-19567.55,USD,5,2025
JRN0003810,2025-09-13,5000,COGS,CC0007,PC007,-21643.86,USD,9,2025
JRN0003811,2026-12-24,5000,COGS,CC0008,PC008,-15776.27,USD,12,2026
JRN0003812,2025-08-05,6100,Operating Expense,CC0009,PC009,-43798.88,USD,8,2025
JRN0003813,2026-07-30,5000,COGS,CC0007,PC007,-38626.45,USD,7,2026
JRN0003814,2025-11-09,5000,COGS,CC0009,PC009,-34541.94,USD,11,2025
JRN0003815,2026-03-23,6100,Operating Expense,CC0012,PC002,-21031.03,USD,3,2026
JRN0003816,2025-11-11,5000,COGS,CC0011,PC001,-13894.54,USD,11,2025
JRN0003817,2025-02-16,4000,Revenue,CC0002,PC002,19606.74,USD,2,2025
JRN0003818,2025-11-09,4000,Revenue,CC0005,PC005,16438.77,USD,11,2025
JRN0003819,2025-07-04,6100,Operating Expense,CC0003,PC003,-36376.93,USD,7,2025
JRN0003820,2025-03-21,4000,Revenue,CC0017,PC007,23671.76,USD,3,2025
JRN0003821,2026-02-20,5000,COGS,CC0002,PC002,-22689.93,USD,2,2026
JRN0003822,2026-12-16,5000,COGS,CC0011,PC001,-14058.16,USD,12,2026
JRN0003823,2025-02-01,4000,Revenue,CC0009,PC009,24472.79,USD,2,2025
JRN0003824,2026-05-16,4000,Revenue,CC0019,PC009,8058.04,USD,5,2026
JRN0003825,2025-07-25,6100,Operating Expense,CC0012,PC002,-8132.33,USD,7,2025
JRN0003826,2025-12-07,4000,Revenue,CC0003,PC003,29470.65,USD,12,2025
JRN0003827,2025-07-08,6100,Operating Expense,CC0014,PC004,-15004.17,USD,7,2025
JRN0003828,2026-02-05,5000,COGS,CC0005,PC005,-25094.79,USD,2,2026
JRN0003829,2026-10-05,6100,Operating Expense,CC0016,PC006,-27868.0,USD,10,2026
JRN0003830,2025-12-24,4000,Revenue,CC0008,PC008,37716.37,USD,12,2025
JRN0003831,2025-04-30,5000,COGS,CC0020,PC010,-49501.09,USD,4,2025
JRN0003832,2025-04-15,4000,Revenue,CC0014,PC004,33600.76,USD,4,2025
JRN0003833,2026-07-17,6200,Operating Expense,CC0001,PC001,-26166.1,USD,7,2026
JRN0003834,2026-11-15,6200,Operating Expense,CC0001,PC001,-23060.82,USD,11,2026
JRN0003835,2025-07-02,4000,Revenue,CC0007,PC007,33961.25,USD,7,2025
JRN0003836,2026-07-30,5000,COGS,CC0013,PC003,-41141.08,USD,7,2026
JRN0003837,2026-01-25,4000,Revenue,CC0002,PC002,11157.82,USD,1,2026
JRN0003838,2026-07-24,5000,COGS,CC0010,PC010,-40689.91,USD,7,2026
JRN0003839,2026-12-19,6200,Operating Expense,CC0014,PC004,-27158.03,USD,12,2026
JRN0003840,2025-06-07,5000,COGS,CC0013,PC003,-33490.11,USD,6,2025
JRN0003841,2026-11-27,5000,COGS,CC0017,PC007,-1907.76,USD,11,2026
JRN0003842,2026-07-26,6100,Operating Expense,CC0019,PC009,-17642.21,USD,7,2026
JRN0003843,2026-08-10,6100,Operating Expense,CC0015,PC005,-38397.19,USD,8,2026
JRN0003844,2026-08-09,6200,Operating Expense,CC0017,PC007,-341.19,USD,8,2026
JRN0003845,2026-03-04,6200,Operating Expense,CC0012,PC002,-9522.73,USD,3,2026
JRN0003846,2026-09-18,5000,COGS,CC0006,PC006,-38770.95,USD,9,2026
JRN0003847,2026-09-13,6200,Operating Expense,CC0010,PC010,-25218.82,USD,9,2026
JRN0003848,2026-01-02,5000,COGS,CC0019,PC009,-14843.16,USD,1,2026
JRN0003849,2025-02-24,4000,Revenue,CC0001,PC001,31422.54,USD,2,2025
JRN0003850,2025-05-07,4000,Revenue,CC0011,PC001,8841.4,USD,5,2025
JRN0003851,2026-02-14,6200,Operating Expense,CC0007,PC007,-36813.52,USD,2,2026
JRN0003852,2025-09-28,4000,Revenue,CC0011,PC001,2941.54,USD,9,2025
JRN0003853,2025-02-24,4000,Revenue,CC0013,PC003,39363.76,USD,2,2025
JRN0003854,2025-06-02,6100,Operating Expense,CC0004,PC004,-24961.67,USD,6,2025
JRN0003855,2026-04-12,6100,Operating Expense,CC0019,PC009,-10797.17,USD,4,2026
JRN0003856,2025-08-09,6200,Operating Expense,CC0018,PC008,-16885.42,USD,8,2025
JRN0003857,2026-08-20,6200,Operating Expense,CC0005,PC005,-31760.16,USD,8,2026
JRN0003858,2025-01-12,5000,COGS,CC0014,PC004,-9008.05,USD,1,2025
JRN0003859,2025-10-23,4000,Revenue,CC0020,PC010,46305.93,USD,10,2025
JRN0003860,2026-06-25,5000,COGS,CC0012,PC002,-8598.14,USD,6,2026
JRN0003861,2025-07-09,6100,Operating Expense,CC0011,PC001,-40407.45,USD,7,2025
JRN0003862,2025-11-07,6100,Operating Expense,CC0011,PC001,-20443.86,USD,11,2025
JRN0003863,2026-01-27,6100,Operating Expense,CC0020,PC010,-40455.18,USD,1,2026
JRN0003864,2026-12-12,5000,COGS,CC0003,PC003,-655.01,USD,12,2026
JRN0003865,2025-08-30,5000,COGS,CC0014,PC004,-33911.59,USD,8,2025
JRN0003866,2026-01-07,6200,Operating Expense,CC0008,PC008,-9635.06,USD,1,2026
JRN0003867,2025-12-05,4000,Revenue,CC0009,PC009,40843.27,USD,12,2025
JRN0003868,2026-11-06,4000,Revenue,CC0014,PC004,23021.6,USD,11,2026
JRN0003869,2025-03-16,4000,Revenue,CC0010,PC010,23600.31,USD,3,2025
JRN0003870,2025-01-25,4000,Revenue,CC0012,PC002,46813.24,USD,1,2025
JRN0003871,2026-12-09,4000,Revenue,CC0003,PC003,30087.01,USD,12,2026
JRN0003872,2026-06-01,5000,COGS,CC0010,PC010,-27767.07,USD,6,2026
JRN0003873,2025-01-27,6100,Operating Expense,CC0016,PC006,-38005.6,USD,1,2025
JRN0003874,2025-06-18,4000,Revenue,CC0009,PC009,23018.64,USD,6,2025
JRN0003875,2025-12-12,4000,Revenue,CC0018,PC008,25682.94,USD,12,2025
JRN0003876,2025-02-07,6200,Operating Expense,CC0012,PC002,-2921.9,USD,2,2025
JRN0003877,2025-08-28,4000,Revenue,CC0012,PC002,46072.84,USD,8,2025
JRN0003878,2025-03-05,5000,COGS,CC0002,PC002,-38311.64,USD,3,2025
JRN0003879,2025-11-15,6100,Operating Expense,CC0004,PC004,-46487.57,USD,11,2025
JRN0003880,2026-11-11,6100,Operating Expense,CC0005,PC005,-14914.66,USD,11,2026
JRN0003881,2025-06-27,6100,Operating Expense,CC0010,PC010,-35923.94,USD,6,2025
JRN0003882,2025-03-25,6100,Operating Expense,CC0012,PC002,-11632.89,USD,3,2025
JRN0003883,2026-01-11,6200,Operating Expense,CC0013,PC003,-42267.04,USD,1,2026
JRN0003884,2026-03-03,6100,Operating Expense,CC0007,PC007,-21500.75,USD,3,2026
JRN0003885,2026-02-03,6200,Operating Expense,CC0015,PC005,-42118.82,USD,2,2026
JRN0003886,2025-01-26,4000,Revenue,CC0014,PC004,45356.67,USD,1,2025
JRN0003887,2025-11-10,6200,Operating Expense,CC0020,PC010,-26226.32,USD,11,2025
JRN0003888,2026-11-06,5000,COGS,CC0020,PC010,-5331.07,USD,11,2026
JRN0003889,2026-02-02,4000,Revenue,CC0010,PC010,13767.85,USD,2,2026
JRN0003890,2026-03-11,6100,Operating Expense,CC0009,PC009,-40100.35,USD,3,2026
JRN0003891,2026-02-02,4000,Revenue,CC0020,PC010,24927.52,USD,2,2026
JRN0003892,2026-01-26,5000,COGS,CC0006,PC006,-2094.18,USD,1,2026
JRN0003893,2025-03-21,5000,COGS,CC0010,PC010,-42938.9,USD,3,2025
JRN0003894,2025-01-05,6100,Operating Expense,CC0008,PC008,-47198.88,USD,1,2025
JRN0003895,2025-10-12,6200,Operating Expense,CC0005,PC005,-36809.65,USD,10,2025
JRN0003896,2025-03-13,6100,Operating Expense,CC0019,PC009,-37630.95,USD,3,2025
JRN0003897,2026-11-10,4000,Revenue,CC0004,PC004,47018.28,USD,11,2026
JRN0003898,2026-04-19,4000,Revenue,CC0018,PC008,24577.6,USD,4,2026
JRN0003899,2025-07-06,4000,Revenue,CC0018,PC008,515.44,USD,7,2025
JRN0003900,2025-02-12,4000,Revenue,CC0004,PC004,15510.79,USD,2,2025
JRN0003901,2026-11-19,5000,COGS,CC0012,PC002,-4758.71,USD,11,2026
JRN0003902,2025-09-02,6200,Operating Expense,CC0004,PC004,-31436.24,USD,9,2025
JRN0003903,2025-09-21,5000,COGS,CC0010,PC010,-37299.51,USD,9,2025
JRN0003904,2025-12-29,5000,COGS,CC0001,PC001,-2159.59,USD,12,2025
JRN0003905,2025-05-14,5000,COGS,CC0020,PC010,-21931.64,USD,5,2025
JRN0003906,2025-12-16,4000,Revenue,CC0012,PC002,5592.31,USD,12,2025
JRN0003907,2026-08-08,5000,COGS,CC0013,PC003,-4238.8,USD,8,2026
JRN0003908,2025-09-13,5000,COGS,CC0016,PC006,-45674.87,USD,9,2025
JRN0003909,2025-07-18,5000,COGS,CC0003,PC003,-21465.15,USD,7,2025
JRN0003910,2026-01-05,5000,COGS,CC0004,PC004,-33753.75,USD,1,2026
JRN0003911,2025-05-23,4000,Revenue,CC0012,PC002,9730.5,USD,5,2025
JRN0003912,2026-03-13,5000,COGS,CC0020,PC010,-48762.82,USD,3,2026
JRN0003913,2026-11-12,4000,Revenue,CC0011,PC001,36975.43,USD,11,2026
JRN0003914,2025-03-30,6100,Operating Expense,CC0009,PC009,-9250.7,USD,3,2025
JRN0003915,2026-07-12,5000,COGS,CC0005,PC005,-21055.01,USD,7,2026
JRN0003916,2026-06-02,5000,COGS,CC0005,PC005,-2743.0,USD,6,2026
JRN0003917,2026-05-14,4000,Revenue,CC0008,PC008,9464.12,USD,5,2026
JRN0003918,2025-11-03,4000,Revenue,CC0007,PC007,13709.56,USD,11,2025
JRN0003919,2026-12-03,6100,Operating Expense,CC0012,PC002,-49808.94,USD,12,2026
JRN0003920,2025-03-31,5000,COGS,CC0011,PC001,-30129.99,USD,3,2025
JRN0003921,2026-08-02,4000,Revenue,CC0008,PC008,30456.95,USD,8,2026
JRN0003922,2025-04-01,6200,Operating Expense,CC0018,PC008,-39119.37,USD,4,2025
JRN0003923,2025-02-07,5000,COGS,CC0012,PC002,-4685.82,USD,2,2025
JRN0003924,2025-10-11,6200,Operating Expense,CC0002,PC002,-35194.23,USD,10,2025
JRN0003925,2026-04-14,6200,Operating Expense,CC0010,PC010,-30837.28,USD,4,2026
JRN0003926,2025-05-19,6100,Operating Expense,CC0015,PC005,-37059.88,USD,5,2025
JRN0003927,2026-07-08,5000,COGS,CC0016,PC006,-28898.15,USD,7,2026
JRN0003928,2025-03-21,6200,Operating Expense,CC0001,PC001,-32110.25,USD,3,2025
JRN0003929,2025-07-08,6200,Operating Expense,CC0014,PC004,-27274.2,USD,7,2025
JRN0003930,2026-10-29,5000,COGS,CC0018,PC008,-18245.28,USD,10,2026
JRN0003931,2025-06-28,6100,Operating Expense,CC0016,PC006,-2735.69,USD,6,2025
JRN0003932,2026-09-28,6100,Operating Expense,CC0009,PC009,-23610.89,USD,9,2026
JRN0003933,2026-11-13,4000,Revenue,CC0016,PC006,38036.83,USD,11,2026
JRN0003934,2026-04-17,4000,Revenue,CC0015,PC005,24199.11,USD,4,2026
JRN0003935,2025-04-02,6200,Operating Expense,CC0017,PC007,-45685.42,USD,4,2025
JRN0003936,2025-01-10,6200,Operating Expense,CC0005,PC005,-49240.56,USD,1,2025
JRN0003937,2025-05-03,5000,COGS,CC0019,PC009,-38819.41,USD,5,2025
JRN0003938,2025-03-02,4000,Revenue,CC0002,PC002,8623.47,USD,3,2025
JRN0003939,2025-06-02,6100,Operating Expense,CC0001,PC001,-40352.15,USD,6,2025
JRN0003940,2025-10-12,6200,Operating Expense,CC0016,PC006,-3297.78,USD,10,2025
JRN0003941,2026-01-14,4000,Revenue,CC0007,PC007,991.98,USD,1,2026
JRN0003942,2026-05-24,6200,Operating Expense,CC0020,PC010,-29999.88,USD,5,2026
JRN0003943,2025-09-25,6200,Operating Expense,CC0018,PC008,-9617.44,USD,9,2025
JRN0003944,2025-08-17,4000,Revenue,CC0013,PC003,26989.89,USD,8,2025
JRN0003945,2026-04-03,5000,COGS,CC0020,PC010,-11063.51,USD,4,2026
JRN0003946,2025-07-21,6200,Operating Expense,CC0013,PC003,-45336.57,USD,7,2025
JRN0003947,2025-04-08,6100,Operating Expense,CC0007,PC007,-37802.85,USD,4,2025
JRN0003948,2025-03-17,5000,COGS,CC0009,PC009,-1560.49,USD,3,2025
JRN0003949,2026-02-17,6200,Operating Expense,CC0020,PC010,-20072.12,USD,2,2026
JRN0003950,2025-10-10,6200,Operating Expense,CC0006,PC006,-17978.29,USD,10,2025
JRN0003951,2026-10-23,5000,COGS,CC0002,PC002,-38951.84,USD,10,2026
JRN0003952,2025-06-18,5000,COGS,CC0001,PC001,-1446.2,USD,6,2025
JRN0003953,2026-11-23,6100,Operating Expense,CC0006,PC006,-39194.75,USD,11,2026
JRN0003954,2026-05-02,6200,Operating Expense,CC0017,PC007,-35090.46,USD,5,2026
JRN0003955,2025-08-22,5000,COGS,CC0001,PC001,-34340.95,USD,8,2025
JRN0003956,2025-10-28,6200,Operating Expense,CC0010,PC010,-40780.41,USD,10,2025
JRN0003957,2026-03-07,6200,Operating Expense,CC0006,PC006,-22256.44,USD,3,2026
JRN0003958,2026-01-27,6200,Operating Expense,CC0002,PC002,-19153.58,USD,1,2026
JRN0003959,2025-12-02,6100,Operating Expense,CC0016,PC006,-13361.37,USD,12,2025
JRN0003960,2026-01-14,5000,COGS,CC0018,PC008,-42382.02,USD,1,2026
JRN0003961,2026-02-26,6100,Operating Expense,CC0016,PC006,-7600.62,USD,2,2026
JRN0003962,2025-01-22,5000,COGS,CC0017,PC007,-33325.88,USD,1,2025
JRN0003963,2026-08-15,6100,Operating Expense,CC0018,PC008,-24165.08,USD,8,2026
JRN0003964,2025-08-26,6200,Operating Expense,CC0003,PC003,-7812.73,USD,8,2025
JRN0003965,2026-08-03,6100,Operating Expense,CC0005,PC005,-30882.39,USD,8,2026
JRN0003966,2026-09-07,4000,Revenue,CC0012,PC002,14204.94,USD,9,2026
JRN0003967,2025-08-25,6200,Operating Expense,CC0010,PC010,-34269.51,USD,8,2025
JRN0003968,2025-08-13,6200,Operating Expense,CC0008,PC008,-23473.04,USD,8,2025
JRN0003969,2025-12-25,5000,COGS,CC0018,PC008,-43217.56,USD,12,2025
JRN0003970,2025-07-23,6100,Operating Expense,CC0007,PC007,-9642.04,USD,7,2025
JRN0003971,2025-11-07,4000,Revenue,CC0001,PC001,10782.0,USD,11,2025
JRN0003972,2025-02-06,4000,Revenue,CC0018,PC008,1047.64,USD,2,2025
JRN0003973,2026-02-15,6100,Operating Expense,CC0007,PC007,-6970.92,USD,2,2026
JRN0003974,2025-12-30,6200,Operating Expense,CC0004,PC004,-40393.96,USD,12,2025
JRN0003975,2026-08-19,4000,Revenue,CC0018,PC008,30523.97,USD,8,2026
JRN0003976,2026-12-15,6200,Operating Expense,CC0015,PC005,-19598.29,USD,12,2026
JRN0003977,2025-07-16,6200,Operating Expense,CC0014,PC004,-34162.8,USD,7,2025
JRN0003978,2025-12-11,4000,Revenue,CC0005,PC005,34894.72,USD,12,2025
JRN0003979,2026-02-21,4000,Revenue,CC0013,PC003,34685.81,USD,2,2026
JRN0003980,2026-03-16,6100,Operating Expense,CC0001,PC001,-8887.5,USD,3,2026
JRN0003981,2025-06-25,6200,Operating Expense,CC0019,PC009,-11119.15,USD,6,2025
JRN0003982,2025-01-18,6200,Operating Expense,CC0005,PC005,-9002.66,USD,1,2025
JRN0003983,2026-07-14,6100,Operating Expense,CC0015,PC005,-9011.4,USD,7,2026
JRN0003984,2026-01-28,6100,Operating Expense,CC0015,PC005,-40797.13,USD,1,2026
JRN0003985,2025-01-22,4000,Revenue,CC0019,PC009,29003.94,USD,1,2025
JRN0003986,2026-08-05,5000,COGS,CC0004,PC004,-14632.88,USD,8,2026
JRN0003987,2025-09-17,6200,Operating Expense,CC0007,PC007,-19205.54,USD,9,2025
JRN0003988,2026-05-24,5000,COGS,CC0013,PC003,-47095.7,USD,5,2026
JRN0003989,2026-04-24,5000,COGS,CC0017,PC007,-32694.33,USD,4,2026
JRN0003990,2026-12-10,6100,Operating Expense,CC0009,PC009,-42872.29,USD,12,2026
JRN0003991,2025-10-24,6100,Operating Expense,CC0002,PC002,-27625.88,USD,10,2025
JRN0003992,2025-01-17,6200,Operating Expense,CC0018,PC008,-12663.8,USD,1,2025
JRN0003993,2025-05-17,4000,Revenue,CC0006,PC006,43262.91,USD,5,2025
JRN0003994,2025-11-28,6100,Operating Expense,CC0010,PC010,-24027.01,USD,11,2025
JRN0003995,2025-06-10,6200,Operating Expense,CC0007,PC007,-8453.58,USD,6,2025
JRN0003996,2025-06-16,4000,Revenue,CC0003,PC003,26186.74,USD,6,2025
JRN0003997,2025-01-06,5000,COGS,CC0008,PC008,-44906.87,USD,1,2025
JRN0003998,2025-02-15,6100,Operating Expense,CC0001,PC001,-20047.89,USD,2,2025
JRN0003999,2025-07-19,5000,COGS,CC0009,PC009,-7310.95,USD,7,2025
JRN0004000,2025-05-18,5000,COGS,CC0009,PC009,-32563.66,USD,5,2025
JRN0004001,2026-03-08,5000,COGS,CC0003,PC003,-30640.48,USD,3,2026
JRN0004002,2025-11-12,4000,Revenue,CC0001,PC001,254.05,USD,11,2025
JRN0004003,2025-08-11,4000,Revenue,CC0005,PC005,11291.01,USD,8,2025
JRN0004004,2026-03-04,4000,Revenue,CC0012,PC002,26975.68,USD,3,2026
JRN0004005,2025-08-26,4000,Revenue,CC0015,PC005,17259.19,USD,8,2025
JRN0004006,2025-05-24,4000,Revenue,CC0018,PC008,12471.61,USD,5,2025
JRN0004007,2026-04-03,6100,Operating Expense,CC0006,PC006,-36559.85,USD,4,2026
JRN0004008,2025-06-22,6200,Operating Expense,CC0014,PC004,-46937.51,USD,6,2025
JRN0004009,2025-08-04,5000,COGS,CC0015,PC005,-34873.15,USD,8,2025
JRN0004010,2026-03-23,6100,Operating Expense,CC0008,PC008,-28633.85,USD,3,2026
JRN0004011,2026-08-03,4000,Revenue,CC0008,PC008,43800.92,USD,8,2026
JRN0004012,2025-04-30,4000,Revenue,CC0006,PC006,36788.19,USD,4,2025
JRN0004013,2025-04-11,4000,Revenue,CC0010,PC010,44375.25,USD,4,2025
JRN0004014,2025-02-24,6100,Operating Expense,CC0006,PC006,-9475.42,USD,2,2025
JRN0004015,2025-10-07,6200,Operating Expense,CC0018,PC008,-7263.15,USD,10,2025
JRN0004016,2026-05-25,5000,COGS,CC0011,PC001,-14812.34,USD,5,2026
JRN0004017,2026-07-20,5000,COGS,CC0001,PC001,-48008.53,USD,7,2026
JRN0004018,2026-12-08,6200,Operating Expense,CC0013,PC003,-6557.77,USD,12,2026
JRN0004019,2025-11-11,4000,Revenue,CC0003,PC003,12468.8,USD,11,2025
JRN0004020,2026-10-18,4000,Revenue,CC0018,PC008,39649.22,USD,10,2026
JRN0004021,2026-11-15,6200,Operating Expense,CC0003,PC003,-21877.97,USD,11,2026
JRN0004022,2026-01-12,6100,Operating Expense,CC0011,PC001,-25302.94,USD,1,2026
JRN0004023,2025-09-24,6200,Operating Expense,CC0019,PC009,-29384.39,USD,9,2025
JRN0004024,2025-10-21,4000,Revenue,CC0016,PC006,14852.89,USD,10,2025
JRN0004025,2025-04-18,4000,Revenue,CC0016,PC006,38865.61,USD,4,2025
JRN0004026,2025-02-22,6200,Operating Expense,CC0014,PC004,-22752.79,USD,2,2025
JRN0004027,2025-06-10,4000,Revenue,CC0002,PC002,25551.34,USD,6,2025
JRN0004028,2025-08-28,5000,COGS,CC0001,PC001,-20112.23,USD,8,2025
JRN0004029,2026-08-09,4000,Revenue,CC0015,PC005,25048.88,USD,8,2026
JRN0004030,2025-04-28,6100,Operating Expense,CC0016,PC006,-2172.44,USD,4,2025
JRN0004031,2026-06-24,4000,Revenue,CC0005,PC005,16309.16,USD,6,2026
JRN0004032,2025-03-12,5000,COGS,CC0008,PC008,-28206.05,USD,3,2025
JRN0004033,2025-02-23,4000,Revenue,CC0011,PC001,41975.71,USD,2,2025
JRN0004034,2026-10-17,5000,COGS,CC0018,PC008,-27432.45,USD,10,2026
JRN0004035,2025-03-29,5000,COGS,CC0016,PC006,-5376.06,USD,3,2025
JRN0004036,2025-10-28,5000,COGS,CC0016,PC006,-15705.04,USD,10,2025
JRN0004037,2025-01-31,6100,Operating Expense,CC0005,PC005,-23381.86,USD,1,2025
JRN0004038,2025-08-14,6200,Operating Expense,CC0005,PC005,-42724.08,USD,8,2025
JRN0004039,2025-05-14,4000,Revenue,CC0014,PC004,48651.91,USD,5,2025
JRN0004040,2025-09-12,6100,Operating Expense,CC0001,PC001,-4762.89,USD,9,2025
JRN0004041,2026-05-25,4000,Revenue,CC0008,PC008,38512.44,USD,5,2026
JRN0004042,2025-12-16,6100,Operating Expense,CC0014,PC004,-31732.41,USD,12,2025
JRN0004043,2025-10-02,6100,Operating Expense,CC0014,PC004,-40155.45,USD,10,2025
JRN0004044,2026-04-06,6100,Operating Expense,CC0009,PC009,-28523.61,USD,4,2026
JRN0004045,2026-01-01,6200,Operating Expense,CC0003,PC003,-23739.2,USD,1,2026
JRN0004046,2025-10-26,6100,Operating Expense,CC0018,PC008,-9101.7,USD,10,2025
JRN0004047,2026-04-30,5000,COGS,CC0015,PC005,-12313.0,USD,4,2026
JRN0004048,2025-08-23,5000,COGS,CC0012,PC002,-1414.92,USD,8,2025
JRN0004049,2025-07-08,6100,Operating Expense,CC0015,PC005,-27617.63,USD,7,2025
JRN0004050,2025-05-07,6100,Operating Expense,CC0010,PC010,-21369.1,USD,5,2025
JRN0004051,2026-02-06,5000,COGS,CC0009,PC009,-19094.76,USD,2,2026
JRN0004052,2026-12-06,5000,COGS,CC0009,PC009,-20130.48,USD,12,2026
JRN0004053,2026-07-20,6100,Operating Expense,CC0005,PC005,-11392.35,USD,7,2026
JRN0004054,2025-03-01,5000,COGS,CC0005,PC005,-48146.23,USD,3,2025
JRN0004055,2026-12-25,5000,COGS,CC0005,PC005,-46616.67,USD,12,2026
JRN0004056,2025-07-17,6100,Operating Expense,CC0009,PC009,-12098.11,USD,7,2025
JRN0004057,2025-04-11,6200,Operating Expense,CC0017,PC007,-16504.79,USD,4,2025
JRN0004058,2026-06-19,6100,Operating Expense,CC0005,PC005,-28742.76,USD,6,2026
JRN0004059,2026-04-03,5000,COGS,CC0005,PC005,-12628.45,USD,4,2026
JRN0004060,2026-02-06,6200,Operating Expense,CC0019,PC009,-38940.63,USD,2,2026
JRN0004061,2025-09-24,6200,Operating Expense,CC0009,PC009,-810.27,USD,9,2025
JRN0004062,2025-02-16,6100,Operating Expense,CC0010,PC010,-17554.28,USD,2,2025
JRN0004063,2026-09-29,6200,Operating Expense,CC0017,PC007,-15788.49,USD,9,2026
JRN0004064,2026-09-12,4000,Revenue,CC0001,PC001,42147.26,USD,9,2026
JRN0004065,2025-02-03,5000,COGS,CC0016,PC006,-22085.8,USD,2,2025
JRN0004066,2025-01-10,4000,Revenue,CC0020,PC010,35249.04,USD,1,2025
JRN0004067,2026-11-12,6200,Operating Expense,CC0002,PC002,-40364.47,USD,11,2026
JRN0004068,2025-04-04,6200,Operating Expense,CC0005,PC005,-38215.4,USD,4,2025
JRN0004069,2026-04-03,6100,Operating Expense,CC0003,PC003,-40291.62,USD,4,2026
JRN0004070,2026-01-22,5000,COGS,CC0003,PC003,-11390.86,USD,1,2026
JRN0004071,2026-05-03,5000,COGS,CC0001,PC001,-14672.11,USD,5,2026
JRN0004072,2025-05-13,6100,Operating Expense,CC0005,PC005,-39036.46,USD,5,2025
JRN0004073,2026-03-22,6100,Operating Expense,CC0008,PC008,-7241.11,USD,3,2026
JRN0004074,2026-04-14,5000,COGS,CC0001,PC001,-21682.51,USD,4,2026
JRN0004075,2026-06-10,6100,Operating Expense,CC0008,PC008,-21292.63,USD,6,2026
JRN0004076,2026-05-04,6100,Operating Expense,CC0019,PC009,-36517.59,USD,5,2026
JRN0004077,2026-02-28,5000,COGS,CC0007,PC007,-595.3,USD,2,2026
JRN0004078,2025-01-23,6100,Operating Expense,CC0002,PC002,-29623.33,USD,1,2025
JRN0004079,2026-02-09,4000,Revenue,CC0017,PC007,15933.79,USD,2,2026
JRN0004080,2026-09-12,6200,Operating Expense,CC0014,PC004,-28359.06,USD,9,2026
JRN0004081,2025-03-25,4000,Revenue,CC0005,PC005,22183.53,USD,3,2025
JRN0004082,2026-12-01,6100,Operating Expense,CC0005,PC005,-41784.77,USD,12,2026
JRN0004083,2026-04-29,6200,Operating Expense,CC0011,PC001,-15381.81,USD,4,2026
JRN0004084,2025-12-20,6100,Operating Expense,CC0011,PC001,-43777.98,USD,12,2025
JRN0004085,2025-09-20,4000,Revenue,CC0013,PC003,32495.11,USD,9,2025
JRN0004086,2026-03-23,5000,COGS,CC0003,PC003,-39533.26,USD,3,2026
JRN0004087,2025-06-07,5000,COGS,CC0018,PC008,-12917.76,USD,6,2025
JRN0004088,2026-12-03,5000,COGS,CC0003,PC003,-43537.21,USD,12,2026
JRN0004089,2025-04-28,4000,Revenue,CC0008,PC008,49781.91,USD,4,2025
JRN0004090,2025-01-28,4000,Revenue,CC0001,PC001,25360.66,USD,1,2025
JRN0004091,2026-07-14,4000,Revenue,CC0004,PC004,39283.58,USD,7,2026
JRN0004092,2026-10-01,4000,Revenue,CC0012,PC002,2873.83,USD,10,2026
JRN0004093,2025-01-05,5000,COGS,CC0016,PC006,-12570.78,USD,1,2025
JRN0004094,2026-06-25,6100,Operating Expense,CC0016,PC006,-38832.34,USD,6,2026
JRN0004095,2025-11-06,5000,COGS,CC0009,PC009,-26737.96,USD,11,2025
JRN0004096,2025-06-17,6200,Operating Expense,CC0011,PC001,-4977.09,USD,6,2025
JRN0004097,2026-11-26,4000,Revenue,CC0019,PC009,287.21,USD,11,2026
JRN0004098,2026-06-21,4000,Revenue,CC0018,PC008,2666.28,USD,6,2026
JRN0004099,2025-04-10,6200,Operating Expense,CC0005,PC005,-48653.26,USD,4,2025
JRN0004100,2025-11-19,5000,COGS,CC0016,PC006,-35058.82,USD,11,2025
JRN0004101,2026-11-02,4000,Revenue,CC0008,PC008,12661.92,USD,11,2026
JRN0004102,2025-04-28,5000,COGS,CC0002,PC002,-17338.27,USD,4,2025
JRN0004103,2026-01-22,6100,Operating Expense,CC0020,PC010,-14524.25,USD,1,2026
JRN0004104,2025-04-25,6100,Operating Expense,CC0009,PC009,-22631.33,USD,4,2025
JRN0004105,2026-07-29,5000,COGS,CC0016,PC006,-30300.4,USD,7,2026
JRN0004106,2025-01-28,6100,Operating Expense,CC0006,PC006,-35860.83,USD,1,2025
JRN0004107,2025-08-23,4000,Revenue,CC0020,PC010,41503.94,USD,8,2025
JRN0004108,2026-12-14,6200,Operating Expense,CC0009,PC009,-3162.23,USD,12,2026
JRN0004109,2025-05-28,5000,COGS,CC0010,PC010,-17157.2,USD,5,2025
JRN0004110,2026-07-12,4000,Revenue,CC0018,PC008,38466.22,USD,7,2026
JRN0004111,2025-06-21,4000,Revenue,CC0002,PC002,8344.29,USD,6,2025
JRN0004112,2026-12-27,6200,Operating Expense,CC0004,PC004,-36422.03,USD,12,2026
JRN0004113,2026-11-21,4000,Revenue,CC0001,PC001,21211.5,USD,11,2026
JRN0004114,2026-01-29,6200,Operating Expense,CC0019,PC009,-41038.96,USD,1,2026
JRN0004115,2025-08-15,6100,Operating Expense,CC0011,PC001,-12749.36,USD,8,2025
JRN0004116,2026-01-05,6200,Operating Expense,CC0015,PC005,-5643.16,USD,1,2026
JRN0004117,2025-08-03,4000,Revenue,CC0011,PC001,24990.67,USD,8,2025
JRN0004118,2026-01-27,4000,Revenue,CC0008,PC008,13903.41,USD,1,2026
JRN0004119,2026-12-22,5000,COGS,CC0011,PC001,-26677.52,USD,12,2026
JRN0004120,2026-11-27,4000,Revenue,CC0005,PC005,34322.89,USD,11,2026
JRN0004121,2026-09-15,5000,COGS,CC0008,PC008,-27599.9,USD,9,2026
JRN0004122,2026-02-13,4000,Revenue,CC0007,PC007,13593.9,USD,2,2026
JRN0004123,2026-05-28,4000,Revenue,CC0009,PC009,30948.58,USD,5,2026
JRN0004124,2026-06-09,5000,COGS,CC0007,PC007,-1284.61,USD,6,2026
JRN0004125,2026-07-11,6100,Operating Expense,CC0007,PC007,-32835.08,USD,7,2026
JRN0004126,2026-08-19,6200,Operating Expense,CC0012,PC002,-18164.07,USD,8,2026
JRN0004127,2026-02-21,5000,COGS,CC0015,PC005,-49458.89,USD,2,2026
JRN0004128,2026-07-24,6200,Operating Expense,CC0010,PC010,-22611.77,USD,7,2026
JRN0004129,2025-01-24,5000,COGS,CC0018,PC008,-48774.29,USD,1,2025
JRN0004130,2026-01-29,6200,Operating Expense,CC0016,PC006,-12783.15,USD,1,2026
JRN0004131,2025-11-11,6200,Operating Expense,CC0010,PC010,-18089.32,USD,11,2025
JRN0004132,2026-05-20,4000,Revenue,CC0005,PC005,42513.32,USD,5,2026
JRN0004133,2026-11-13,5000,COGS,CC0003,PC003,-732.34,USD,11,2026
JRN0004134,2026-09-09,4000,Revenue,CC0016,PC006,31787.66,USD,9,2026
JRN0004135,2025-08-13,4000,Revenue,CC0010,PC010,6049.3,USD,8,2025
JRN0004136,2026-08-06,4000,Revenue,CC0017,PC007,27483.79,USD,8,2026
JRN0004137,2025-04-26,4000,Revenue,CC0010,PC010,21578.16,USD,4,2025
JRN0004138,2025-11-05,6100,Operating Expense,CC0007,PC007,-19358.57,USD,11,2025
JRN0004139,2025-08-10,4000,Revenue,CC0002,PC002,45123.14,USD,8,2025
JRN0004140,2025-08-20,6200,Operating Expense,CC0004,PC004,-20341.37,USD,8,2025
JRN0004141,2025-07-02,4000,Revenue,CC0006,PC006,9145.09,USD,7,2025
JRN0004142,2025-01-21,6100,Operating Expense,CC0009,PC009,-19441.47,USD,1,2025
JRN0004143,2025-10-30,5000,COGS,CC0014,PC004,-10545.44,USD,10,2025
JRN0004144,2025-10-31,6100,Operating Expense,CC0017,PC007,-33232.5,USD,10,2025
JRN0004145,2026-04-19,5000,COGS,CC0007,PC007,-4053.77,USD,4,2026
JRN0004146,2025-03-07,6100,Operating Expense,CC0005,PC005,-31504.46,USD,3,2025
JRN0004147,2025-04-15,6200,Operating Expense,CC0012,PC002,-18260.17,USD,4,2025
JRN0004148,2026-01-08,5000,COGS,CC0007,PC007,-3079.61,USD,1,2026
JRN0004149,2026-12-01,6200,Operating Expense,CC0010,PC010,-38100.28,USD,12,2026
JRN0004150,2025-07-15,4000,Revenue,CC0008,PC008,21638.3,USD,7,2025
JRN0004151,2025-05-26,4000,Revenue,CC0006,PC006,24943.12,USD,5,2025
JRN0004152,2025-11-04,6100,Operating Expense,CC0012,PC002,-10247.13,USD,11,2025
JRN0004153,2026-10-11,6200,Operating Expense,CC0011,PC001,-31271.99,USD,10,2026
JRN0004154,2026-06-22,6200,Operating Expense,CC0017,PC007,-6600.02,USD,6,2026
JRN0004155,2025-11-01,6100,Operating Expense,CC0007,PC007,-38383.71,USD,11,2025
JRN0004156,2026-12-21,6200,Operating Expense,CC0012,PC002,-18615.78,USD,12,2026
JRN0004157,2025-04-10,6200,Operating Expense,CC0010,PC010,-33214.38,USD,4,2025
JRN0004158,2026-03-15,4000,Revenue,CC0012,PC002,9845.2,USD,3,2026
JRN0004159,2026-12-26,4000,Revenue,CC0002,PC002,1554.68,USD,12,2026
JRN0004160,2025-10-19,4000,Revenue,CC0015,PC005,8784.88,USD,10,2025
JRN0004161,2026-10-13,5000,COGS,CC0004,PC004,-39933.8,USD,10,2026
JRN0004162,2025-04-26,4000,Revenue,CC0012,PC002,27171.87,USD,4,2025
JRN0004163,2025-05-25,5000,COGS,CC0007,PC007,-24384.83,USD,5,2025
JRN0004164,2025-05-09,5000,COGS,CC0012,PC002,-38715.82,USD,5,2025
JRN0004165,2025-10-27,4000,Revenue,CC0006,PC006,32035.87,USD,10,2025
JRN0004166,2026-03-08,5000,COGS,CC0009,PC009,-42061.06,USD,3,2026
JRN0004167,2026-05-09,6100,Operating Expense,CC0009,PC009,-15105.32,USD,5,2026
JRN0004168,2026-02-15,6200,Operating Expense,CC0008,PC008,-3734.13,USD,2,2026
JRN0004169,2025-04-12,6200,Operating Expense,CC0003,PC003,-42307.44,USD,4,2025
JRN0004170,2025-07-09,4000,Revenue,CC0002,PC002,49628.01,USD,7,2025
JRN0004171,2025-02-28,6200,Operating Expense,CC0015,PC005,-2784.89,USD,2,2025
JRN0004172,2025-01-14,6200,Operating Expense,CC0020,PC010,-14501.5,USD,1,2025
JRN0004173,2025-12-13,6100,Operating Expense,CC0020,PC010,-4957.92,USD,12,2025
JRN0004174,2026-01-03,6100,Operating Expense,CC0017,PC007,-27671.25,USD,1,2026
JRN0004175,2026-06-04,4000,Revenue,CC0016,PC006,19792.61,USD,6,2026
JRN0004176,2025-04-07,4000,Revenue,CC0016,PC006,19425.41,USD,4,2025
JRN0004177,2026-01-03,5000,COGS,CC0005,PC005,-14456.59,USD,1,2026
JRN0004178,2026-04-13,6100,Operating Expense,CC0003,PC003,-15802.1,USD,4,2026
JRN0004179,2025-08-28,6100,Operating Expense,CC0010,PC010,-37433.89,USD,8,2025
JRN0004180,2025-09-25,5000,COGS,CC0003,PC003,-46742.37,USD,9,2025
JRN0004181,2026-03-13,6200,Operating Expense,CC0004,PC004,-40568.02,USD,3,2026
JRN0004182,2025-05-19,6100,Operating Expense,CC0008,PC008,-15538.18,USD,5,2025
JRN0004183,2025-06-12,6100,Operating Expense,CC0010,PC010,-43687.78,USD,6,2025
JRN0004184,2025-11-27,6200,Operating Expense,CC0020,PC010,-20486.6,USD,11,2025
JRN0004185,2026-09-20,4000,Revenue,CC0014,PC004,28203.56,USD,9,2026
JRN0004186,2026-04-13,4000,Revenue,CC0014,PC004,8455.54,USD,4,2026
JRN0004187,2025-09-30,6200,Operating Expense,CC0009,PC009,-36430.64,USD,9,2025
JRN0004188,2026-03-18,4000,Revenue,CC0001,PC001,16202.16,USD,3,2026
JRN0004189,2025-05-11,4000,Revenue,CC0013,PC003,45315.9,USD,5,2025
JRN0004190,2026-06-28,6100,Operating Expense,CC0020,PC010,-5661.0,USD,6,2026
JRN0004191,2026-11-21,6100,Operating Expense,CC0006,PC006,-21912.02,USD,11,2026
JRN0004192,2026-03-27,5000,COGS,CC0010,PC010,-38474.67,USD,3,2026
JRN0004193,2026-11-16,6100,Operating Expense,CC0001,PC001,-41232.7,USD,11,2026
JRN0004194,2025-04-15,6200,Operating Expense,CC0018,PC008,-9933.26,USD,4,2025
JRN0004195,2025-06-27,5000,COGS,CC0008,PC008,-47606.65,USD,6,2025
JRN0004196,2026-11-24,4000,Revenue,CC0014,PC004,37446.24,USD,11,2026
JRN0004197,2025-04-07,4000,Revenue,CC0006,PC006,40699.35,USD,4,2025
JRN0004198,2025-03-14,5000,COGS,CC0001,PC001,-40043.28,USD,3,2025
JRN0004199,2026-05-25,6100,Operating Expense,CC0018,PC008,-4832.59,USD,5,2026
JRN0004200,2026-06-18,6200,Operating Expense,CC0015,PC005,-10104.34,USD,6,2026
JRN0004201,2025-04-29,5000,COGS,CC0018,PC008,-3396.39,USD,4,2025
JRN0004202,2025-05-25,4000,Revenue,CC0017,PC007,3413.75,USD,5,2025
JRN0004203,2026-08-15,5000,COGS,CC0014,PC004,-39131.55,USD,8,2026
JRN0004204,2026-11-12,6200,Operating Expense,CC0019,PC009,-22482.06,USD,11,2026
JRN0004205,2025-06-16,4000,Revenue,CC0001,PC001,47374.95,USD,6,2025
JRN0004206,2025-12-10,6200,Operating Expense,CC0008,PC008,-11836.83,USD,12,2025
JRN0004207,2026-08-06,4000,Revenue,CC0016,PC006,17826.99,USD,8,2026
JRN0004208,2026-02-01,6200,Operating Expense,CC0019,PC009,-39675.74,USD,2,2026
JRN0004209,2025-02-15,4000,Revenue,CC0016,PC006,22498.03,USD,2,2025
JRN0004210,2026-10-29,5000,COGS,CC0019,PC009,-6074.6,USD,10,2026
JRN0004211,2026-03-24,5000,COGS,CC0009,PC009,-2976.34,USD,3,2026
JRN0004212,2026-05-07,6100,Operating Expense,CC0004,PC004,-37312.13,USD,5,2026
JRN0004213,2025-09-07,6200,Operating Expense,CC0013,PC003,-26367.06,USD,9,2025
JRN0004214,2025-07-15,6200,Operating Expense,CC0017,PC007,-13995.87,USD,7,2025
JRN0004215,2026-01-10,6100,Operating Expense,CC0008,PC008,-49295.87,USD,1,2026
JRN0004216,2026-09-13,4000,Revenue,CC0016,PC006,30558.82,USD,9,2026
JRN0004217,2026-09-11,5000,COGS,CC0008,PC008,-32608.74,USD,9,2026
JRN0004218,2026-08-09,4000,Revenue,CC0003,PC003,1939.0,USD,8,2026
JRN0004219,2026-03-14,6200,Operating Expense,CC0008,PC008,-48543.02,USD,3,2026
JRN0004220,2025-10-06,4000,Revenue,CC0011,PC001,903.43,USD,10,2025
JRN0004221,2026-04-25,4000,Revenue,CC0014,PC004,3651.58,USD,4,2026
JRN0004222,2026-03-04,6200,Operating Expense,CC0019,PC009,-19087.38,USD,3,2026
JRN0004223,2026-07-23,6100,Operating Expense,CC0009,PC009,-9431.64,USD,7,2026
JRN0004224,2026-03-13,6200,Operating Expense,CC0012,PC002,-9594.06,USD,3,2026
JRN0004225,2025-03-09,4000,Revenue,CC0020,PC010,30374.94,USD,3,2025
JRN0004226,2026-03-08,6100,Operating Expense,CC0015,PC005,-34842.71,USD,3,2026
JRN0004227,2026-08-15,6200,Operating Expense,CC0019,PC009,-34437.5,USD,8,2026
JRN0004228,2026-12-20,6100,Operating Expense,CC0006,PC006,-7095.34,USD,12,2026
JRN0004229,2025-02-11,4000,Revenue,CC0005,PC005,43223.77,USD,2,2025
JRN0004230,2026-02-24,5000,COGS,CC0008,PC008,-23959.72,USD,2,2026
JRN0004231,2025-01-07,6200,Operating Expense,CC0006,PC006,-9482.16,USD,1,2025
JRN0004232,2026-08-31,6100,Operating Expense,CC0016,PC006,-49243.72,USD,8,2026
JRN0004233,2025-06-02,6100,Operating Expense,CC0010,PC010,-16964.03,USD,6,2025
JRN0004234,2025-05-27,6100,Operating Expense,CC0001,PC001,-26434.55,USD,5,2025
JRN0004235,2025-06-26,5000,COGS,CC0001,PC001,-44325.54,USD,6,2025
JRN0004236,2025-11-22,5000,COGS,CC0007,PC007,-19474.1,USD,11,2025
JRN0004237,2025-05-22,6100,Operating Expense,CC0017,PC007,-31768.06,USD,5,2025
JRN0004238,2025-05-10,6100,Operating Expense,CC0009,PC009,-44876.43,USD,5,2025
JRN0004239,2025-11-27,6100,Operating Expense,CC0010,PC010,-48864.13,USD,11,2025
JRN0004240,2026-04-21,6100,Operating Expense,CC0006,PC006,-26158.58,USD,4,2026
JRN0004241,2025-04-10,4000,Revenue,CC0013,PC003,21465.53,USD,4,2025
JRN0004242,2025-08-26,6200,Operating Expense,CC0003,PC003,-20168.79,USD,8,2025
JRN0004243,2025-03-04,5000,COGS,CC0003,PC003,-20362.85,USD,3,2025
JRN0004244,2025-02-12,5000,COGS,CC0001,PC001,-38714.05,USD,2,2025
JRN0004245,2025-09-21,6100,Operating Expense,CC0012,PC002,-6117.53,USD,9,2025
JRN0004246,2025-11-16,4000,Revenue,CC0011,PC001,27204.87,USD,11,2025
JRN0004247,2026-03-29,6100,Operating Expense,CC0010,PC010,-46923.57,USD,3,2026
JRN0004248,2025-04-20,6200,Operating Expense,CC0012,PC002,-19931.74,USD,4,2025
JRN0004249,2026-07-07,6100,Operating Expense,CC0020,PC010,-25168.96,USD,7,2026
JRN0004250,2025-02-23,6200,Operating Expense,CC0016,PC006,-42837.02,USD,2,2025
JRN0004251,2025-12-08,6200,Operating Expense,CC0016,PC006,-42973.7,USD,12,2025
JRN0004252,2026-05-25,4000,Revenue,CC0005,PC005,10232.97,USD,5,2026
JRN0004253,2025-10-02,6100,Operating Expense,CC0018,PC008,-29728.45,USD,10,2025
JRN0004254,2026-04-28,6200,Operating Expense,CC0019,PC009,-47453.19,USD,4,2026
JRN0004255,2026-07-13,6100,Operating Expense,CC0001,PC001,-47552.34,USD,7,2026
JRN0004256,2025-07-04,6200,Operating Expense,CC0019,PC009,-36266.17,USD,7,2025
JRN0004257,2026-02-13,5000,COGS,CC0014,PC004,-48431.97,USD,2,2026
JRN0004258,2025-10-28,6200,Operating Expense,CC0007,PC007,-25403.67,USD,10,2025
JRN0004259,2026-08-07,5000,COGS,CC0007,PC007,-44363.53,USD,8,2026
JRN0004260,2026-01-04,5000,COGS,CC0010,PC010,-9949.86,USD,1,2026
JRN0004261,2025-11-21,6100,Operating Expense,CC0013,PC003,-25082.66,USD,11,2025
JRN0004262,2026-12-28,6200,Operating Expense,CC0019,PC009,-34884.96,USD,12,2026
JRN0004263,2026-06-27,6100,Operating Expense,CC0009,PC009,-12099.29,USD,6,2026
JRN0004264,2026-09-14,6200,Operating Expense,CC0013,PC003,-9869.79,USD,9,2026
JRN0004265,2025-05-30,6200,Operating Expense,CC0017,PC007,-47825.31,USD,5,2025
JRN0004266,2026-05-07,6200,Operating Expense,CC0016,PC006,-27047.57,USD,5,2026
JRN0004267,2025-11-29,6100,Operating Expense,CC0005,PC005,-7737.97,USD,11,2025
JRN0004268,2026-01-01,6200,Operating Expense,CC0005,PC005,-38362.75,USD,1,2026
JRN0004269,2025-08-14,6100,Operating Expense,CC0015,PC005,-4892.79,USD,8,2025
JRN0004270,2025-10-06,6200,Operating Expense,CC0020,PC010,-18705.14,USD,10,2025
JRN0004271,2025-11-07,6200,Operating Expense,CC0005,PC005,-11494.55,USD,11,2025
JRN0004272,2025-11-05,4000,Revenue,CC0002,PC002,32757.72,USD,11,2025
JRN0004273,2025-10-12,6200,Operating Expense,CC0016,PC006,-47847.87,USD,10,2025
JRN0004274,2025-12-20,6200,Operating Expense,CC0008,PC008,-18963.44,USD,12,2025
JRN0004275,2025-04-04,6200,Operating Expense,CC0018,PC008,-27410.12,USD,4,2025
JRN0004276,2026-08-22,6200,Operating Expense,CC0007,PC007,-26299.92,USD,8,2026
JRN0004277,2025-12-08,6200,Operating Expense,CC0012,PC002,-42278.55,USD,12,2025
JRN0004278,2025-01-03,6100,Operating Expense,CC0018,PC008,-4981.12,USD,1,2025
JRN0004279,2025-03-10,4000,Revenue,CC0009,PC009,45839.9,USD,3,2025
JRN0004280,2026-10-19,6100,Operating Expense,CC0004,PC004,-26858.06,USD,10,2026
JRN0004281,2025-09-20,5000,COGS,CC0010,PC010,-5627.38,USD,9,2025
JRN0004282,2026-12-02,6200,Operating Expense,CC0019,PC009,-43975.22,USD,12,2026
JRN0004283,2025-03-02,5000,COGS,CC0008,PC008,-5142.9,USD,3,2025
JRN0004284,2026-12-18,6100,Operating Expense,CC0004,PC004,-21199.31,USD,12,2026
JRN0004285,2026-03-07,6200,Operating Expense,CC0011,PC001,-35119.41,USD,3,2026
JRN0004286,2026-04-13,4000,Revenue,CC0010,PC010,37765.07,USD,4,2026
JRN0004287,2026-02-18,4000,Revenue,CC0019,PC009,23058.76,USD,2,2026
JRN0004288,2025-02-10,4000,Revenue,CC0011,PC001,44912.71,USD,2,2025
JRN0004289,2025-02-28,5000,COGS,CC0018,PC008,-10645.15,USD,2,2025
JRN0004290,2025-12-13,6200,Operating Expense,CC0005,PC005,-10727.65,USD,12,2025
JRN0004291,2026-06-22,6200,Operating Expense,CC0014,PC004,-33862.59,USD,6,2026
JRN0004292,2025-12-16,6100,Operating Expense,CC0012,PC002,-19379.76,USD,12,2025
JRN0004293,2025-02-06,5000,COGS,CC0004,PC004,-22532.17,USD,2,2025
JRN0004294,2025-09-24,4000,Revenue,CC0005,PC005,47430.49,USD,9,2025
JRN0004295,2025-09-23,4000,Revenue,CC0006,PC006,41801.36,USD,9,2025
JRN0004296,2026-10-22,6100,Operating Expense,CC0007,PC007,-32010.35,USD,10,2026
JRN0004297,2026-01-13,6200,Operating Expense,CC0009,PC009,-39876.58,USD,1,2026
JRN0004298,2025-10-08,6200,Operating Expense,CC0015,PC005,-11469.98,USD,10,2025
JRN0004299,2026-07-20,4000,Revenue,CC0004,PC004,10914.99,USD,7,2026
JRN0004300,2025-06-04,6100,Operating Expense,CC0001,PC001,-40777.19,USD,6,2025
JRN0004301,2025-09-17,6200,Operating Expense,CC0011,PC001,-13473.54,USD,9,2025
JRN0004302,2025-12-05,4000,Revenue,CC0013,PC003,10773.75,USD,12,2025
JRN0004303,2026-11-08,6100,Operating Expense,CC0006,PC006,-48692.41,USD,11,2026
JRN0004304,2026-07-02,5000,COGS,CC0004,PC004,-1215.16,USD,7,2026
JRN0004305,2026-08-03,6200,Operating Expense,CC0007,PC007,-12680.07,USD,8,2026
JRN0004306,2025-09-28,4000,Revenue,CC0011,PC001,1935.03,USD,9,2025
JRN0004307,2025-09-20,5000,COGS,CC0011,PC001,-17656.77,USD,9,2025
JRN0004308,2026-05-14,5000,COGS,CC0006,PC006,-29796.85,USD,5,2026
JRN0004309,2026-02-13,6100,Operating Expense,CC0019,PC009,-2175.45,USD,2,2026
JRN0004310,2025-10-10,6100,Operating Expense,CC0006,PC006,-36726.23,USD,10,2025
JRN0004311,2025-12-30,4000,Revenue,CC0016,PC006,21775.93,USD,12,2025
JRN0004312,2026-08-22,4000,Revenue,CC0001,PC001,38441.06,USD,8,2026
JRN0004313,2025-07-30,6200,Operating Expense,CC0018,PC008,-25442.16,USD,7,2025
JRN0004314,2025-06-07,5000,COGS,CC0007,PC007,-9740.28,USD,6,2025
JRN0004315,2025-10-05,5000,COGS,CC0020,PC010,-7556.2,USD,10,2025
JRN0004316,2026-06-05,4000,Revenue,CC0001,PC001,37551.82,USD,6,2026
JRN0004317,2026-10-24,5000,COGS,CC0005,PC005,-39419.13,USD,10,2026
JRN0004318,2025-03-02,5000,COGS,CC0015,PC005,-14467.21,USD,3,2025
JRN0004319,2026-03-19,5000,COGS,CC0019,PC009,-32391.67,USD,3,2026
JRN0004320,2025-01-17,6200,Operating Expense,CC0007,PC007,-32117.51,USD,1,2025
JRN0004321,2025-11-04,5000,COGS,CC0003,PC003,-40993.1,USD,11,2025
JRN0004322,2025-10-22,4000,Revenue,CC0012,PC002,2135.65,USD,10,2025
JRN0004323,2025-05-27,6100,Operating Expense,CC0020,PC010,-26725.68,USD,5,2025
JRN0004324,2026-09-21,4000,Revenue,CC0015,PC005,43774.71,USD,9,2026
JRN0004325,2026-07-13,5000,COGS,CC0014,PC004,-42815.76,USD,7,2026
JRN0004326,2025-03-03,6100,Operating Expense,CC0020,PC010,-19054.45,USD,3,2025
JRN0004327,2026-08-11,6100,Operating Expense,CC0020,PC010,-10223.25,USD,8,2026
JRN0004328,2026-03-16,4000,Revenue,CC0019,PC009,49751.74,USD,3,2026
JRN0004329,2026-05-28,6100,Operating Expense,CC0001,PC001,-46307.99,USD,5,2026
JRN0004330,2026-02-09,5000,COGS,CC0012,PC002,-37451.65,USD,2,2026
JRN0004331,2025-08-28,6100,Operating Expense,CC0003,PC003,-40973.24,USD,8,2025
JRN0004332,2025-06-19,4000,Revenue,CC0004,PC004,35934.86,USD,6,2025
JRN0004333,2025-07-10,4000,Revenue,CC0009,PC009,33917.43,USD,7,2025
JRN0004334,2025-10-24,6100,Operating Expense,CC0017,PC007,-15305.79,USD,10,2025
JRN0004335,2026-12-23,4000,Revenue,CC0009,PC009,10131.92,USD,12,2026
JRN0004336,2026-01-08,6200,Operating Expense,CC0004,PC004,-2462.03,USD,1,2026
JRN0004337,2026-11-27,5000,COGS,CC0004,PC004,-39045.14,USD,11,2026
JRN0004338,2025-06-27,6100,Operating Expense,CC0017,PC007,-36665.81,USD,6,2025
JRN0004339,2025-04-02,4000,Revenue,CC0011,PC001,43314.97,USD,4,2025
JRN0004340,2025-10-23,6100,Operating Expense,CC0007,PC007,-40417.6,USD,10,2025
JRN0004341,2026-08-23,4000,Revenue,CC0004,PC004,35551.8,USD,8,2026
JRN0004342,2026-11-21,5000,COGS,CC0003,PC003,-3606.18,USD,11,2026
JRN0004343,2025-01-17,6200,Operating Expense,CC0013,PC003,-30262.96,USD,1,2025
JRN0004344,2026-08-30,6200,Operating Expense,CC0019,PC009,-38922.52,USD,8,2026
JRN0004345,2025-08-15,5000,COGS,CC0001,PC001,-15425.82,USD,8,2025
JRN0004346,2026-02-04,5000,COGS,CC0006,PC006,-36646.67,USD,2,2026
JRN0004347,2026-09-14,6100,Operating Expense,CC0012,PC002,-31554.33,USD,9,2026
JRN0004348,2026-03-30,6200,Operating Expense,CC0008,PC008,-10302.56,USD,3,2026
JRN0004349,2026-03-23,6100,Operating Expense,CC0020,PC010,-45256.63,USD,3,2026
JRN0004350,2026-01-08,6200,Operating Expense,CC0008,PC008,-18849.8,USD,1,2026
JRN0004351,2025-10-14,5000,COGS,CC0002,PC002,-15824.86,USD,10,2025
JRN0004352,2026-04-17,5000,COGS,CC0005,PC005,-5654.98,USD,4,2026
JRN0004353,2026-07-18,6200,Operating Expense,CC0018,PC008,-47350.26,USD,7,2026
JRN0004354,2026-08-12,4000,Revenue,CC0003,PC003,14433.14,USD,8,2026
JRN0004355,2025-09-07,6200,Operating Expense,CC0005,PC005,-47316.92,USD,9,2025
JRN0004356,2026-02-05,6200,Operating Expense,CC0012,PC002,-22981.27,USD,2,2026
JRN0004357,2026-09-16,6100,Operating Expense,CC0003,PC003,-24111.5,USD,9,2026
JRN0004358,2025-10-07,6200,Operating Expense,CC0010,PC010,-9749.23,USD,10,2025
JRN0004359,2026-02-05,5000,COGS,CC0014,PC004,-17259.36,USD,2,2026
JRN0004360,2025-05-09,4000,Revenue,CC0015,PC005,29568.45,USD,5,2025
JRN0004361,2025-11-04,6100,Operating Expense,CC0020,PC010,-38802.22,USD,11,2025
JRN0004362,2025-01-05,6100,Operating Expense,CC0009,PC009,-30929.44,USD,1,2025
JRN0004363,2026-11-20,5000,COGS,CC0005,PC005,-19445.95,USD,11,2026
JRN0004364,2026-02-08,4000,Revenue,CC0003,PC003,39400.28,USD,2,2026
JRN0004365,2025-03-06,5000,COGS,CC0003,PC003,-22733.87,USD,3,2025
JRN0004366,2025-07-01,5000,COGS,CC0020,PC010,-29793.52,USD,7,2025
JRN0004367,2025-07-13,6100,Operating Expense,CC0001,PC001,-29337.01,USD,7,2025
JRN0004368,2025-11-27,6100,Operating Expense,CC0002,PC002,-5449.52,USD,11,2025
JRN0004369,2026-11-04,5000,COGS,CC0018,PC008,-25981.3,USD,11,2026
JRN0004370,2026-02-03,5000,COGS,CC0005,PC005,-49214.14,USD,2,2026
JRN0004371,2025-01-23,6100,Operating Expense,CC0018,PC008,-27080.19,USD,1,2025
JRN0004372,2025-12-26,4000,Revenue,CC0011,PC001,30392.26,USD,12,2025
JRN0004373,2026-05-18,6200,Operating Expense,CC0004,PC004,-44446.21,USD,5,2026
JRN0004374,2026-09-05,6100,Operating Expense,CC0007,PC007,-48532.13,USD,9,2026
JRN0004375,2026-04-03,6200,Operating Expense,CC0003,PC003,-19129.88,USD,4,2026
JRN0004376,2026-08-17,6100,Operating Expense,CC0005,PC005,-35122.26,USD,8,2026
JRN0004377,2025-06-22,6200,Operating Expense,CC0016,PC006,-29294.93,USD,6,2025
JRN0004378,2026-11-18,5000,COGS,CC0012,PC002,-7792.08,USD,11,2026
JRN0004379,2026-01-14,6200,Operating Expense,CC0010,PC010,-7851.56,USD,1,2026
JRN0004380,2025-08-24,6200,Operating Expense,CC0020,PC010,-27674.81,USD,8,2025
JRN0004381,2026-07-01,5000,COGS,CC0001,PC001,-18435.73,USD,7,2026
JRN0004382,2025-02-02,6200,Operating Expense,CC0019,PC009,-43338.0,USD,2,2025
JRN0004383,2026-09-14,5000,COGS,CC0020,PC010,-42883.16,USD,9,2026
JRN0004384,2026-03-13,6100,Operating Expense,CC0007,PC007,-16252.72,USD,3,2026
JRN0004385,2025-10-24,5000,COGS,CC0004,PC004,-2476.71,USD,10,2025
JRN0004386,2025-08-27,5000,COGS,CC0011,PC001,-14360.04,USD,8,2025
JRN0004387,2026-02-11,5000,COGS,CC0018,PC008,-29191.96,USD,2,2026
JRN0004388,2025-08-07,5000,COGS,CC0018,PC008,-16394.0,USD,8,2025
JRN0004389,2026-11-17,6100,Operating Expense,CC0012,PC002,-18042.56,USD,11,2026
JRN0004390,2025-07-31,5000,COGS,CC0001,PC001,-9916.15,USD,7,2025
JRN0004391,2026-05-12,5000,COGS,CC0005,PC005,-35645.51,USD,5,2026
JRN0004392,2026-08-28,6200,Operating Expense,CC0009,PC009,-27331.34,USD,8,2026
JRN0004393,2026-12-27,6200,Operating Expense,CC0011,PC001,-3957.59,USD,12,2026
JRN0004394,2025-09-25,5000,COGS,CC0013,PC003,-2362.11,USD,9,2025
JRN0004395,2026-12-18,6100,Operating Expense,CC0004,PC004,-1579.4,USD,12,2026
JRN0004396,2025-10-03,5000,COGS,CC0008,PC008,-5616.75,USD,10,2025
JRN0004397,2026-09-13,6100,Operating Expense,CC0007,PC007,-21738.15,USD,9,2026
JRN0004398,2026-01-09,6200,Operating Expense,CC0020,PC010,-10320.94,USD,1,2026
JRN0004399,2025-11-20,5000,COGS,CC0009,PC009,-48005.74,USD,11,2025
JRN0004400,2025-07-06,4000,Revenue,CC0005,PC005,2311.98,USD,7,2025
JRN0004401,2025-04-02,6200,Operating Expense,CC0007,PC007,-42483.68,USD,4,2025
JRN0004402,2026-11-16,6100,Operating Expense,CC0009,PC009,-15183.24,USD,11,2026
JRN0004403,2026-03-21,5000,COGS,CC0016,PC006,-20019.82,USD,3,2026
JRN0004404,2026-10-10,6100,Operating Expense,CC0009,PC009,-38119.14,USD,10,2026
JRN0004405,2026-03-18,6200,Operating Expense,CC0015,PC005,-39104.28,USD,3,2026
JRN0004406,2025-12-28,6200,Operating Expense,CC0015,PC005,-24810.57,USD,12,2025
JRN0004407,2026-08-31,6200,Operating Expense,CC0014,PC004,-27118.0,USD,8,2026
JRN0004408,2025-02-15,4000,Revenue,CC0019,PC009,41156.54,USD,2,2025
JRN0004409,2025-09-12,6200,Operating Expense,CC0007,PC007,-46528.78,USD,9,2025
JRN0004410,2026-08-05,6200,Operating Expense,CC0009,PC009,-10390.04,USD,8,2026
JRN0004411,2025-04-12,6100,Operating Expense,CC0018,PC008,-3110.31,USD,4,2025
JRN0004412,2026-11-15,4000,Revenue,CC0018,PC008,10070.26,USD,11,2026
JRN0004413,2026-10-08,6200,Operating Expense,CC0019,PC009,-23142.82,USD,10,2026
JRN0004414,2025-10-19,6100,Operating Expense,CC0009,PC009,-21527.2,USD,10,2025
JRN0004415,2026-08-30,4000,Revenue,CC0013,PC003,11492.27,USD,8,2026
JRN0004416,2026-05-27,6100,Operating Expense,CC0005,PC005,-36498.0,USD,5,2026
JRN0004417,2025-11-08,6200,Operating Expense,CC0013,PC003,-48293.06,USD,11,2025
JRN0004418,2026-10-11,4000,Revenue,CC0010,PC010,13975.13,USD,10,2026
JRN0004419,2026-10-15,6200,Operating Expense,CC0013,PC003,-774.45,USD,10,2026
JRN0004420,2025-12-14,6100,Operating Expense,CC0010,PC010,-5758.41,USD,12,2025
JRN0004421,2025-05-01,6100,Operating Expense,CC0017,PC007,-14440.48,USD,5,2025
JRN0004422,2025-05-04,4000,Revenue,CC0014,PC004,11018.42,USD,5,2025
JRN0004423,2026-09-17,6200,Operating Expense,CC0014,PC004,-23694.3,USD,9,2026
JRN0004424,2026-07-29,5000,COGS,CC0013,PC003,-19853.61,USD,7,2026
JRN0004425,2026-08-12,6100,Operating Expense,CC0018,PC008,-32598.32,USD,8,2026
JRN0004426,2025-07-17,5000,COGS,CC0012,PC002,-39362.42,USD,7,2025
JRN0004427,2025-06-07,6200,Operating Expense,CC0020,PC010,-4307.52,USD,6,2025
JRN0004428,2025-03-09,5000,COGS,CC0016,PC006,-48132.2,USD,3,2025
JRN0004429,2026-03-03,5000,COGS,CC0008,PC008,-42593.96,USD,3,2026
JRN0004430,2026-02-05,6100,Operating Expense,CC0012,PC002,-30057.78,USD,2,2026
JRN0004431,2026-01-28,5000,COGS,CC0004,PC004,-43882.59,USD,1,2026
JRN0004432,2025-02-13,6200,Operating Expense,CC0016,PC006,-37539.91,USD,2,2025
JRN0004433,2026-09-08,6100,Operating Expense,CC0010,PC010,-41924.5,USD,9,2026
JRN0004434,2025-12-14,4000,Revenue,CC0007,PC007,5281.28,USD,12,2025
JRN0004435,2025-07-02,6100,Operating Expense,CC0012,PC002,-1918.4,USD,7,2025
JRN0004436,2026-08-06,5000,COGS,CC0019,PC009,-43168.12,USD,8,2026
JRN0004437,2025-03-09,6200,Operating Expense,CC0003,PC003,-20910.19,USD,3,2025
JRN0004438,2025-11-23,6100,Operating Expense,CC0014,PC004,-39118.05,USD,11,2025
JRN0004439,2025-11-22,5000,COGS,CC0001,PC001,-7320.71,USD,11,2025
JRN0004440,2026-06-01,4000,Revenue,CC0017,PC007,41159.16,USD,6,2026
JRN0004441,2025-09-14,6100,Operating Expense,CC0015,PC005,-13907.16,USD,9,2025
JRN0004442,2025-07-27,4000,Revenue,CC0003,PC003,47358.16,USD,7,2025
JRN0004443,2025-04-29,5000,COGS,CC0011,PC001,-15551.93,USD,4,2025
JRN0004444,2025-08-12,6100,Operating Expense,CC0017,PC007,-7234.18,USD,8,2025
JRN0004445,2026-04-29,5000,COGS,CC0009,PC009,-15210.16,USD,4,2026
JRN0004446,2025-01-16,4000,Revenue,CC0015,PC005,3821.25,USD,1,2025
JRN0004447,2025-07-31,6100,Operating Expense,CC0003,PC003,-42324.89,USD,7,2025
JRN0004448,2026-07-10,6200,Operating Expense,CC0009,PC009,-46478.02,USD,7,2026
JRN0004449,2026-03-16,4000,Revenue,CC0017,PC007,13023.81,USD,3,2026
JRN0004450,2026-01-31,6100,Operating Expense,CC0020,PC010,-28447.58,USD,1,2026
JRN0004451,2026-10-08,4000,Revenue,CC0012,PC002,18366.51,USD,10,2026
JRN0004452,2026-12-21,6100,Operating Expense,CC0007,PC007,-30080.77,USD,12,2026
JRN0004453,2025-03-03,5000,COGS,CC0003,PC003,-16913.37,USD,3,2025
JRN0004454,2026-03-10,5000,COGS,CC0018,PC008,-16704.59,USD,3,2026
JRN0004455,2025-07-01,5000,COGS,CC0012,PC002,-21177.35,USD,7,2025
JRN0004456,2025-03-26,6200,Operating Expense,CC0013,PC003,-37778.14,USD,3,2025
JRN0004457,2026-05-10,6100,Operating Expense,CC0020,PC010,-30778.84,USD,5,2026
JRN0004458,2026-12-20,4000,Revenue,CC0007,PC007,18920.85,USD,12,2026
JRN0004459,2026-03-14,5000,COGS,CC0014,PC004,-24036.36,USD,3,2026
JRN0004460,2025-06-28,6200,Operating Expense,CC0006,PC006,-48896.41,USD,6,2025
JRN0004461,2026-01-20,6200,Operating Expense,CC0002,PC002,-7935.19,USD,1,2026
JRN0004462,2025-09-02,5000,COGS,CC0018,PC008,-27044.05,USD,9,2025
JRN0004463,2025-12-07,4000,Revenue,CC0011,PC001,39764.28,USD,12,2025
JRN0004464,2025-11-09,6100,Operating Expense,CC0008,PC008,-48381.11,USD,11,2025
JRN0004465,2026-03-17,5000,COGS,CC0005,PC005,-2312.86,USD,3,2026
JRN0004466,2025-06-28,5000,COGS,CC0018,PC008,-30153.16,USD,6,2025
JRN0004467,2026-07-27,4000,Revenue,CC0011,PC001,42764.51,USD,7,2026
JRN0004468,2025-01-11,6200,Operating Expense,CC0007,PC007,-16055.32,USD,1,2025
JRN0004469,2025-01-05,6200,Operating Expense,CC0010,PC010,-10165.5,USD,1,2025
JRN0004470,2025-04-12,6200,Operating Expense,CC0003,PC003,-10867.65,USD,4,2025
JRN0004471,2026-04-20,4000,Revenue,CC0009,PC009,18258.55,USD,4,2026
JRN0004472,2025-05-18,6200,Operating Expense,CC0020,PC010,-21892.68,USD,5,2025
JRN0004473,2026-12-01,4000,Revenue,CC0002,PC002,47868.27,USD,12,2026
JRN0004474,2025-01-31,5000,COGS,CC0002,PC002,-12002.22,USD,1,2025
JRN0004475,2026-10-13,6100,Operating Expense,CC0007,PC007,-23399.73,USD,10,2026
JRN0004476,2025-06-25,4000,Revenue,CC0001,PC001,38893.82,USD,6,2025
JRN0004477,2026-07-15,4000,Revenue,CC0006,PC006,9346.99,USD,7,2026
JRN0004478,2025-08-18,6100,Operating Expense,CC0013,PC003,-26856.86,USD,8,2025
JRN0004479,2026-03-25,5000,COGS,CC0007,PC007,-11707.79,USD,3,2026
JRN0004480,2026-06-19,4000,Revenue,CC0016,PC006,47372.76,USD,6,2026
JRN0004481,2026-01-30,4000,Revenue,CC0004,PC004,27761.71,USD,1,2026
JRN0004482,2026-02-24,5000,COGS,CC0004,PC004,-31641.75,USD,2,2026
JRN0004483,2025-04-04,4000,Revenue,CC0003,PC003,16921.45,USD,4,2025
JRN0004484,2026-05-12,6100,Operating Expense,CC0014,PC004,-37525.23,USD,5,2026
JRN0004485,2025-12-04,6100,Operating Expense,CC0002,PC002,-25670.28,USD,12,2025
JRN0004486,2025-03-08,4000,Revenue,CC0017,PC007,47063.84,USD,3,2025
JRN0004487,2026-03-06,5000,COGS,CC0009,PC009,-20215.6,USD,3,2026
JRN0004488,2025-03-24,4000,Revenue,CC0004,PC004,44133.86,USD,3,2025
JRN0004489,2026-04-27,4000,Revenue,CC0013,PC003,40323.07,USD,4,2026
JRN0004490,2025-01-01,5000,COGS,CC0010,PC010,-41538.26,USD,1,2025
JRN0004491,2025-02-28,6200,Operating Expense,CC0010,PC010,-43840.3,USD,2,2025
JRN0004492,2026-03-28,4000,Revenue,CC0010,PC010,8760.27,USD,3,2026
JRN0004493,2026-06-13,4000,Revenue,CC0014,PC004,317.02,USD,6,2026
JRN0004494,2025-09-22,6100,Operating Expense,CC0003,PC003,-28400.2,USD,9,2025
JRN0004495,2026-06-20,6200,Operating Expense,CC0013,PC003,-17459.38,USD,6,2026
JRN0004496,2026-04-25,4000,Revenue,CC0014,PC004,2517.41,USD,4,2026
JRN0004497,2025-06-16,6100,Operating Expense,CC0005,PC005,-35506.13,USD,6,2025
JRN0004498,2026-01-27,5000,COGS,CC0007,PC007,-48359.71,USD,1,2026
JRN0004499,2025-10-25,5000,COGS,CC0004,PC004,-29350.91,USD,10,2025
JRN0004500,2026-05-17,5000,COGS,CC0003,PC003,-48919.38,USD,5,2026
JRN0004501,2025-12-31,6200,Operating Expense,CC0011,PC001,-48063.56,USD,12,2025
JRN0004502,2025-05-16,4000,Revenue,CC0018,PC008,12306.84,USD,5,2025
JRN0004503,2025-08-06,5000,COGS,CC0017,PC007,-18942.22,USD,8,2025
JRN0004504,2026-09-01,6200,Operating Expense,CC0004,PC004,-16669.23,USD,9,2026
JRN0004505,2025-08-10,5000,COGS,CC0016,PC006,-7758.8,USD,8,2025
JRN0004506,2025-03-19,4000,Revenue,CC0012,PC002,17950.55,USD,3,2025
JRN0004507,2025-09-23,6100,Operating Expense,CC0007,PC007,-24904.72,USD,9,2025
JRN0004508,2026-07-27,6200,Operating Expense,CC0009,PC009,-38124.11,USD,7,2026
JRN0004509,2026-01-31,4000,Revenue,CC0020,PC010,32302.27,USD,1,2026
JRN0004510,2025-06-03,4000,Revenue,CC0002,PC002,26970.17,USD,6,2025
JRN0004511,2026-03-27,5000,COGS,CC0011,PC001,-31207.77,USD,3,2026
JRN0004512,2026-10-29,6100,Operating Expense,CC0008,PC008,-36381.27,USD,10,2026
JRN0004513,2026-07-17,5000,COGS,CC0017,PC007,-24413.65,USD,7,2026
JRN0004514,2025-03-26,6100,Operating Expense,CC0012,PC002,-22256.96,USD,3,2025
JRN0004515,2026-04-29,6200,Operating Expense,CC0014,PC004,-31579.14,USD,4,2026
JRN0004516,2025-10-31,4000,Revenue,CC0009,PC009,39458.71,USD,10,2025
JRN0004517,2026-07-03,6100,Operating Expense,CC0005,PC005,-27531.81,USD,7,2026
JRN0004518,2025-09-24,6200,Operating Expense,CC0002,PC002,-14984.75,USD,9,2025
JRN0004519,2026-11-18,5000,COGS,CC0004,PC004,-15658.71,USD,11,2026
JRN0004520,2025-07-14,6100,Operating Expense,CC0018,PC008,-45020.61,USD,7,2025
JRN0004521,2025-12-20,5000,COGS,CC0010,PC010,-4473.1,USD,12,2025
JRN0004522,2025-12-21,5000,COGS,CC0019,PC009,-16499.12,USD,12,2025
JRN0004523,2026-11-10,4000,Revenue,CC0016,PC006,12140.06,USD,11,2026
JRN0004524,2025-02-13,6200,Operating Expense,CC0020,PC010,-26651.09,USD,2,2025
JRN0004525,2025-01-13,6200,Operating Expense,CC0006,PC006,-17406.67,USD,1,2025
JRN0004526,2025-10-31,6100,Operating Expense,CC0017,PC007,-38022.26,USD,10,2025
JRN0004527,2025-03-06,6100,Operating Expense,CC0005,PC005,-34801.33,USD,3,2025
JRN0004528,2026-11-09,6100,Operating Expense,CC0007,PC007,-41018.71,USD,11,2026
JRN0004529,2025-08-16,6100,Operating Expense,CC0011,PC001,-17473.85,USD,8,2025
JRN0004530,2025-11-11,6200,Operating Expense,CC0006,PC006,-10383.71,USD,11,2025
JRN0004531,2025-11-29,6200,Operating Expense,CC0011,PC001,-32297.63,USD,11,2025
JRN0004532,2025-07-17,6200,Operating Expense,CC0001,PC001,-29816.8,USD,7,2025
JRN0004533,2025-06-28,6100,Operating Expense,CC0014,PC004,-20821.21,USD,6,2025
JRN0004534,2026-10-03,6100,Operating Expense,CC0004,PC004,-40630.47,USD,10,2026
JRN0004535,2026-01-08,5000,COGS,CC0002,PC002,-38830.32,USD,1,2026
JRN0004536,2025-12-25,6200,Operating Expense,CC0010,PC010,-49503.49,USD,12,2025
JRN0004537,2025-08-19,6200,Operating Expense,CC0017,PC007,-12507.88,USD,8,2025
JRN0004538,2026-01-24,6100,Operating Expense,CC0001,PC001,-28926.1,USD,1,2026
JRN0004539,2025-05-22,5000,COGS,CC0004,PC004,-39819.82,USD,5,2025
JRN0004540,2026-12-21,6100,Operating Expense,CC0010,PC010,-29021.78,USD,12,2026
JRN0004541,2026-02-04,5000,COGS,CC0002,PC002,-36369.9,USD,2,2026
JRN0004542,2026-02-18,5000,COGS,CC0010,PC010,-30333.47,USD,2,2026
JRN0004543,2026-10-09,4000,Revenue,CC0017,PC007,27087.28,USD,10,2026
JRN0004544,2026-11-18,4000,Revenue,CC0005,PC005,46889.03,USD,11,2026
JRN0004545,2026-01-13,5000,COGS,CC0001,PC001,-29599.64,USD,1,2026
JRN0004546,2025-08-04,4000,Revenue,CC0016,PC006,43399.85,USD,8,2025
JRN0004547,2025-07-31,6200,Operating Expense,CC0009,PC009,-16515.1,USD,7,2025
JRN0004548,2025-08-29,6100,Operating Expense,CC0002,PC002,-701.36,USD,8,2025
JRN0004549,2026-12-17,6200,Operating Expense,CC0010,PC010,-32505.64,USD,12,2026
JRN0004550,2026-07-31,6100,Operating Expense,CC0006,PC006,-6496.22,USD,7,2026
JRN0004551,2026-03-02,6100,Operating Expense,CC0014,PC004,-17680.86,USD,3,2026
JRN0004552,2026-04-12,5000,COGS,CC0001,PC001,-24229.21,USD,4,2026
JRN0004553,2026-04-10,6200,Operating Expense,CC0009,PC009,-40340.21,USD,4,2026
JRN0004554,2026-11-27,5000,COGS,CC0001,PC001,-26738.55,USD,11,2026
JRN0004555,2025-09-21,6100,Operating Expense,CC0001,PC001,-19897.38,USD,9,2025
JRN0004556,2026-10-13,6100,Operating Expense,CC0014,PC004,-9891.23,USD,10,2026
JRN0004557,2025-04-05,4000,Revenue,CC0003,PC003,7693.95,USD,4,2025
JRN0004558,2026-07-06,6100,Operating Expense,CC0006,PC006,-39141.1,USD,7,2026
JRN0004559,2025-02-12,4000,Revenue,CC0005,PC005,6821.9,USD,2,2025
JRN0004560,2025-04-02,6100,Operating Expense,CC0008,PC008,-47239.81,USD,4,2025
JRN0004561,2026-01-22,6100,Operating Expense,CC0020,PC010,-5373.04,USD,1,2026
JRN0004562,2026-08-28,4000,Revenue,CC0018,PC008,41003.04,USD,8,2026
JRN0004563,2025-03-12,5000,COGS,CC0012,PC002,-4894.86,USD,3,2025
JRN0004564,2025-05-05,6100,Operating Expense,CC0001,PC001,-4640.95,USD,5,2025
JRN0004565,2026-09-01,4000,Revenue,CC0015,PC005,25132.31,USD,9,2026
JRN0004566,2026-01-13,6100,Operating Expense,CC0011,PC001,-37160.93,USD,1,2026
JRN0004567,2026-09-17,4000,Revenue,CC0015,PC005,38729.94,USD,9,2026
JRN0004568,2026-05-13,5000,COGS,CC0020,PC010,-34760.9,USD,5,2026
JRN0004569,2025-03-10,5000,COGS,CC0020,PC010,-12584.75,USD,3,2025
JRN0004570,2026-10-11,4000,Revenue,CC0002,PC002,41989.26,USD,10,2026
JRN0004571,2026-11-23,6200,Operating Expense,CC0020,PC010,-12458.76,USD,11,2026
JRN0004572,2026-10-15,4000,Revenue,CC0014,PC004,1790.33,USD,10,2026
JRN0004573,2025-10-14,4000,Revenue,CC0008,PC008,19372.1,USD,10,2025
JRN0004574,2026-05-15,6100,Operating Expense,CC0014,PC004,-33628.15,USD,5,2026
JRN0004575,2026-03-14,5000,COGS,CC0007,PC007,-32007.14,USD,3,2026
JRN0004576,2025-05-30,5000,COGS,CC0007,PC007,-38382.01,USD,5,2025
JRN0004577,2025-04-13,6100,Operating Expense,CC0016,PC006,-21630.47,USD,4,2025
JRN0004578,2026-01-30,6200,Operating Expense,CC0006,PC006,-1893.73,USD,1,2026
JRN0004579,2026-09-12,5000,COGS,CC0003,PC003,-10320.45,USD,9,2026
JRN0004580,2026-02-03,5000,COGS,CC0016,PC006,-9007.56,USD,2,2026
JRN0004581,2025-12-21,4000,Revenue,CC0018,PC008,29757.53,USD,12,2025
JRN0004582,2026-09-02,6200,Operating Expense,CC0020,PC010,-41078.29,USD,9,2026
JRN0004583,2026-06-15,4000,Revenue,CC0005,PC005,27062.64,USD,6,2026
JRN0004584,2025-07-26,4000,Revenue,CC0012,PC002,19386.51,USD,7,2025
JRN0004585,2025-07-06,6100,Operating Expense,CC0015,PC005,-47168.2,USD,7,2025
JRN0004586,2025-09-07,5000,COGS,CC0008,PC008,-27937.53,USD,9,2025
JRN0004587,2026-06-10,4000,Revenue,CC0013,PC003,26545.53,USD,6,2026
JRN0004588,2025-12-08,6100,Operating Expense,CC0008,PC008,-35668.18,USD,12,2025
JRN0004589,2026-09-07,4000,Revenue,CC0016,PC006,10927.2,USD,9,2026
JRN0004590,2026-05-04,5000,COGS,CC0002,PC002,-28111.66,USD,5,2026
JRN0004591,2025-05-18,4000,Revenue,CC0012,PC002,11085.74,USD,5,2025
JRN0004592,2025-10-13,4000,Revenue,CC0007,PC007,23919.5,USD,10,2025
JRN0004593,2026-05-27,5000,COGS,CC0011,PC001,-579.04,USD,5,2026
JRN0004594,2026-05-19,4000,Revenue,CC0005,PC005,31366.59,USD,5,2026
JRN0004595,2026-07-09,5000,COGS,CC0014,PC004,-11706.04,USD,7,2026
JRN0004596,2026-04-15,6200,Operating Expense,CC0019,PC009,-18579.47,USD,4,2026
JRN0004597,2026-05-17,5000,COGS,CC0015,PC005,-12207.11,USD,5,2026
JRN0004598,2025-04-16,6100,Operating Expense,CC0012,PC002,-19436.92,USD,4,2025
JRN0004599,2025-10-25,6200,Operating Expense,CC0015,PC005,-21817.46,USD,10,2025
JRN0004600,2026-09-11,6200,Operating Expense,CC0017,PC007,-1277.55,USD,9,2026
JRN0004601,2025-01-21,6200,Operating Expense,CC0016,PC006,-47384.56,USD,1,2025
JRN0004602,2026-09-15,5000,COGS,CC0002,PC002,-19603.37,USD,9,2026
JRN0004603,2026-03-16,4000,Revenue,CC0010,PC010,35678.25,USD,3,2026
JRN0004604,2026-12-02,5000,COGS,CC0001,PC001,-4555.65,USD,12,2026
JRN0004605,2025-11-13,6100,Operating Expense,CC0015,PC005,-30833.58,USD,11,2025
JRN0004606,2026-09-01,6100,Operating Expense,CC0016,PC006,-30983.67,USD,9,2026
JRN0004607,2025-11-22,4000,Revenue,CC0001,PC001,9292.14,USD,11,2025
JRN0004608,2025-01-01,5000,COGS,CC0007,PC007,-12400.13,USD,1,2025
JRN0004609,2025-11-18,4000,Revenue,CC0006,PC006,4238.66,USD,11,2025
JRN0004610,2026-11-09,6100,Operating Expense,CC0010,PC010,-39174.18,USD,11,2026
JRN0004611,2025-01-07,5000,COGS,CC0011,PC001,-10008.4,USD,1,2025
JRN0004612,2026-01-11,5000,COGS,CC0017,PC007,-15161.67,USD,1,2026
JRN0004613,2025-12-09,6200,Operating Expense,CC0017,PC007,-15347.17,USD,12,2025
JRN0004614,2025-03-13,6100,Operating Expense,CC0001,PC001,-45746.03,USD,3,2025
JRN0004615,2026-12-29,6100,Operating Expense,CC0018,PC008,-36516.48,USD,12,2026
JRN0004616,2025-03-07,6100,Operating Expense,CC0016,PC006,-22146.45,USD,3,2025
JRN0004617,2025-03-24,4000,Revenue,CC0019,PC009,11074.25,USD,3,2025
JRN0004618,2026-08-17,5000,COGS,CC0020,PC010,-2896.28,USD,8,2026
JRN0004619,2026-04-24,6200,Operating Expense,CC0005,PC005,-41840.75,USD,4,2026
JRN0004620,2025-08-04,5000,COGS,CC0005,PC005,-34936.4,USD,8,2025
JRN0004621,2025-11-27,6200,Operating Expense,CC0008,PC008,-9988.11,USD,11,2025
JRN0004622,2025-10-17,6200,Operating Expense,CC0006,PC006,-39087.34,USD,10,2025
JRN0004623,2026-09-18,6100,Operating Expense,CC0013,PC003,-24618.3,USD,9,2026
JRN0004624,2025-02-01,6100,Operating Expense,CC0007,PC007,-25211.89,USD,2,2025
JRN0004625,2025-10-15,4000,Revenue,CC0002,PC002,32586.6,USD,10,2025
JRN0004626,2026-02-18,6200,Operating Expense,CC0010,PC010,-49336.81,USD,2,2026
JRN0004627,2025-01-06,4000,Revenue,CC0004,PC004,37256.81,USD,1,2025
JRN0004628,2025-02-09,5000,COGS,CC0013,PC003,-49568.4,USD,2,2025
JRN0004629,2025-04-18,6100,Operating Expense,CC0012,PC002,-9071.01,USD,4,2025
JRN0004630,2026-04-26,6100,Operating Expense,CC0018,PC008,-46630.43,USD,4,2026
JRN0004631,2025-07-15,4000,Revenue,CC0009,PC009,15516.41,USD,7,2025
JRN0004632,2026-10-14,6100,Operating Expense,CC0017,PC007,-21544.1,USD,10,2026
JRN0004633,2026-05-18,6200,Operating Expense,CC0006,PC006,-3308.65,USD,5,2026
JRN0004634,2025-06-24,5000,COGS,CC0002,PC002,-2084.24,USD,6,2025
JRN0004635,2025-12-24,5000,COGS,CC0013,PC003,-28544.9,USD,12,2025
JRN0004636,2026-03-29,5000,COGS,CC0019,PC009,-15754.08,USD,3,2026
JRN0004637,2026-10-27,6200,Operating Expense,CC0012,PC002,-9514.71,USD,10,2026
JRN0004638,2025-06-10,6200,Operating Expense,CC0010,PC010,-28182.77,USD,6,2025
JRN0004639,2026-04-28,6200,Operating Expense,CC0010,PC010,-44361.44,USD,4,2026
JRN0004640,2026-02-01,6200,Operating Expense,CC0012,PC002,-32316.23,USD,2,2026
JRN0004641,2025-04-16,6100,Operating Expense,CC0018,PC008,-20590.19,USD,4,2025
JRN0004642,2026-04-04,4000,Revenue,CC0003,PC003,15714.13,USD,4,2026
JRN0004643,2025-11-04,5000,COGS,CC0011,PC001,-41952.04,USD,11,2025
JRN0004644,2025-04-09,4000,Revenue,CC0012,PC002,35480.04,USD,4,2025
JRN0004645,2026-06-22,6200,Operating Expense,CC0012,PC002,-30225.96,USD,6,2026
JRN0004646,2025-05-14,6200,Operating Expense,CC0014,PC004,-15943.49,USD,5,2025
JRN0004647,2026-10-25,4000,Revenue,CC0006,PC006,13833.76,USD,10,2026
JRN0004648,2026-07-12,6100,Operating Expense,CC0012,PC002,-43895.21,USD,7,2026
JRN0004649,2025-04-09,6100,Operating Expense,CC0005,PC005,-29402.68,USD,4,2025
JRN0004650,2026-05-21,5000,COGS,CC0013,PC003,-44803.35,USD,5,2026
JRN0004651,2025-07-26,5000,COGS,CC0014,PC004,-40668.24,USD,7,2025
JRN0004652,2025-03-27,6200,Operating Expense,CC0013,PC003,-778.82,USD,3,2025
JRN0004653,2025-11-30,6100,Operating Expense,CC0008,PC008,-43098.46,USD,11,2025
JRN0004654,2025-05-22,6200,Operating Expense,CC0014,PC004,-40564.08,USD,5,2025
JRN0004655,2025-04-18,6100,Operating Expense,CC0004,PC004,-37878.08,USD,4,2025
JRN0004656,2025-01-24,5000,COGS,CC0018,PC008,-13167.69,USD,1,2025
JRN0004657,2025-03-10,6100,Operating Expense,CC0002,PC002,-41688.91,USD,3,2025
JRN0004658,2026-08-11,6200,Operating Expense,CC0006,PC006,-29368.3,USD,8,2026
JRN0004659,2025-12-14,6100,Operating Expense,CC0010,PC010,-33742.83,USD,12,2025
JRN0004660,2026-10-07,6200,Operating Expense,CC0002,PC002,-34758.27,USD,10,2026
JRN0004661,2026-06-26,5000,COGS,CC0018,PC008,-43155.97,USD,6,2026
JRN0004662,2025-08-05,4000,Revenue,CC0013,PC003,28091.64,USD,8,2025
JRN0004663,2026-10-20,4000,Revenue,CC0011,PC001,2212.53,USD,10,2026
JRN0004664,2026-09-04,4000,Revenue,CC0016,PC006,48803.32,USD,9,2026
JRN0004665,2025-05-06,6100,Operating Expense,CC0007,PC007,-17021.54,USD,5,2025
JRN0004666,2026-08-25,6100,Operating Expense,CC0010,PC010,-18485.84,USD,8,2026
JRN0004667,2025-02-07,4000,Revenue,CC0012,PC002,23213.64,USD,2,2025
JRN0004668,2026-01-18,6200,Operating Expense,CC0005,PC005,-38037.46,USD,1,2026
JRN0004669,2025-09-13,6100,Operating Expense,CC0020,PC010,-30527.06,USD,9,2025
JRN0004670,2026-12-18,5000,COGS,CC0004,PC004,-2449.01,USD,12,2026
JRN0004671,2026-03-12,5000,COGS,CC0015,PC005,-20255.48,USD,3,2026
JRN0004672,2025-09-08,6200,Operating Expense,CC0002,PC002,-30448.82,USD,9,2025
JRN0004673,2025-08-01,6100,Operating Expense,CC0014,PC004,-22070.3,USD,8,2025
JRN0004674,2026-11-02,6200,Operating Expense,CC0016,PC006,-14181.96,USD,11,2026
JRN0004675,2025-12-29,4000,Revenue,CC0019,PC009,20774.43,USD,12,2025
JRN0004676,2026-11-27,4000,Revenue,CC0018,PC008,48714.67,USD,11,2026
JRN0004677,2026-01-21,4000,Revenue,CC0013,PC003,41637.33,USD,1,2026
JRN0004678,2025-01-26,6100,Operating Expense,CC0018,PC008,-16298.29,USD,1,2025
JRN0004679,2025-12-25,5000,COGS,CC0012,PC002,-22423.48,USD,12,2025
JRN0004680,2025-01-10,4000,Revenue,CC0009,PC009,43148.92,USD,1,2025
JRN0004681,2026-02-12,6100,Operating Expense,CC0015,PC005,-28149.4,USD,2,2026
JRN0004682,2025-10-19,4000,Revenue,CC0007,PC007,10381.04,USD,10,2025
JRN0004683,2026-11-28,5000,COGS,CC0014,PC004,-41757.55,USD,11,2026
JRN0004684,2025-04-29,5000,COGS,CC0019,PC009,-2528.0,USD,4,2025
JRN0004685,2026-04-29,6200,Operating Expense,CC0018,PC008,-30238.04,USD,4,2026
JRN0004686,2025-03-29,5000,COGS,CC0009,PC009,-16109.93,USD,3,2025
JRN0004687,2025-04-24,6100,Operating Expense,CC0010,PC010,-4747.67,USD,4,2025
JRN0004688,2026-06-13,4000,Revenue,CC0013,PC003,30695.48,USD,6,2026
JRN0004689,2025-10-22,5000,COGS,CC0004,PC004,-41850.03,USD,10,2025
JRN0004690,2026-07-04,6100,Operating Expense,CC0008,PC008,-45903.46,USD,7,2026
JRN0004691,2026-01-19,6200,Operating Expense,CC0017,PC007,-27559.41,USD,1,2026
JRN0004692,2025-08-10,4000,Revenue,CC0007,PC007,11499.93,USD,8,2025
JRN0004693,2025-06-11,4000,Revenue,CC0006,PC006,26988.96,USD,6,2025
JRN0004694,2025-09-08,5000,COGS,CC0001,PC001,-9189.0,USD,9,2025
JRN0004695,2026-11-21,6200,Operating Expense,CC0007,PC007,-3631.14,USD,11,2026
JRN0004696,2025-05-31,6200,Operating Expense,CC0010,PC010,-39052.09,USD,5,2025
JRN0004697,2026-06-13,4000,Revenue,CC0010,PC010,19129.98,USD,6,2026
JRN0004698,2026-08-22,4000,Revenue,CC0002,PC002,7497.5,USD,8,2026
JRN0004699,2026-11-13,5000,COGS,CC0015,PC005,-28795.41,USD,11,2026
JRN0004700,2026-01-16,6100,Operating Expense,CC0011,PC001,-13631.0,USD,1,2026
JRN0004701,2025-05-17,4000,Revenue,CC0003,PC003,2555.33,USD,5,2025
JRN0004702,2026-11-04,4000,Revenue,CC0014,PC004,20835.21,USD,11,2026
JRN0004703,2026-10-26,6200,Operating Expense,CC0017,PC007,-36512.97,USD,10,2026
JRN0004704,2025-09-10,6200,Operating Expense,CC0009,PC009,-42981.16,USD,9,2025
JRN0004705,2025-03-16,6100,Operating Expense,CC0019,PC009,-31250.09,USD,3,2025
JRN0004706,2026-03-22,6100,Operating Expense,CC0011,PC001,-22727.11,USD,3,2026
JRN0004707,2026-10-20,6100,Operating Expense,CC0020,PC010,-37188.02,USD,10,2026
JRN0004708,2026-09-06,5000,COGS,CC0008,PC008,-6378.15,USD,9,2026
JRN0004709,2025-01-25,6100,Operating Expense,CC0014,PC004,-43864.56,USD,1,2025
JRN0004710,2025-06-07,6100,Operating Expense,CC0007,PC007,-34823.87,USD,6,2025
JRN0004711,2025-06-23,6200,Operating Expense,CC0018,PC008,-25373.51,USD,6,2025
JRN0004712,2025-01-02,6100,Operating Expense,CC0017,PC007,-14226.49,USD,1,2025
JRN0004713,2025-12-30,4000,Revenue,CC0008,PC008,16648.04,USD,12,2025
JRN0004714,2025-04-27,5000,COGS,CC0004,PC004,-8442.04,USD,4,2025
JRN0004715,2026-10-10,5000,COGS,CC0016,PC006,-26903.09,USD,10,2026
JRN0004716,2025-03-25,5000,COGS,CC0012,PC002,-17820.64,USD,3,2025
JRN0004717,2025-06-29,5000,COGS,CC0016,PC006,-49979.97,USD,6,2025
JRN0004718,2025-12-28,6200,Operating Expense,CC0008,PC008,-26956.54,USD,12,2025
JRN0004719,2025-07-07,6100,Operating Expense,CC0009,PC009,-26830.27,USD,7,2025
JRN0004720,2025-12-26,4000,Revenue,CC0004,PC004,43807.47,USD,12,2025
JRN0004721,2025-05-02,6200,Operating Expense,CC0014,PC004,-4021.75,USD,5,2025
JRN0004722,2025-08-14,6200,Operating Expense,CC0018,PC008,-2301.25,USD,8,2025
JRN0004723,2025-08-07,4000,Revenue,CC0006,PC006,16097.69,USD,8,2025
JRN0004724,2026-02-02,5000,COGS,CC0007,PC007,-21180.3,USD,2,2026
JRN0004725,2025-11-20,5000,COGS,CC0011,PC001,-11808.85,USD,11,2025
JRN0004726,2025-04-14,5000,COGS,CC0017,PC007,-21973.86,USD,4,2025
JRN0004727,2025-02-18,6100,Operating Expense,CC0020,PC010,-31680.41,USD,2,2025
JRN0004728,2025-11-17,6200,Operating Expense,CC0010,PC010,-27406.61,USD,11,2025
JRN0004729,2026-01-03,6100,Operating Expense,CC0020,PC010,-7745.97,USD,1,2026
JRN0004730,2026-12-25,6100,Operating Expense,CC0005,PC005,-19280.5,USD,12,2026
JRN0004731,2025-02-12,6200,Operating Expense,CC0018,PC008,-29218.19,USD,2,2025
JRN0004732,2025-11-14,6200,Operating Expense,CC0005,PC005,-33579.05,USD,11,2025
JRN0004733,2026-06-21,6100,Operating Expense,CC0019,PC009,-37966.98,USD,6,2026
JRN0004734,2026-05-18,6100,Operating Expense,CC0010,PC010,-22151.23,USD,5,2026
JRN0004735,2026-08-19,4000,Revenue,CC0013,PC003,47562.7,USD,8,2026
JRN0004736,2026-11-19,5000,COGS,CC0018,PC008,-44651.05,USD,11,2026
JRN0004737,2025-02-15,4000,Revenue,CC0006,PC006,9642.33,USD,2,2025
JRN0004738,2025-06-15,6200,Operating Expense,CC0002,PC002,-22675.06,USD,6,2025
JRN0004739,2026-03-21,4000,Revenue,CC0011,PC001,3285.51,USD,3,2026
JRN0004740,2026-03-14,6100,Operating Expense,CC0006,PC006,-22435.95,USD,3,2026
JRN0004741,2025-10-20,5000,COGS,CC0002,PC002,-6652.57,USD,10,2025
JRN0004742,2026-09-30,4000,Revenue,CC0016,PC006,35766.92,USD,9,2026
JRN0004743,2026-12-14,4000,Revenue,CC0007,PC007,44433.15,USD,12,2026
JRN0004744,2026-08-18,4000,Revenue,CC0015,PC005,28700.66,USD,8,2026
JRN0004745,2025-10-26,4000,Revenue,CC0020,PC010,12340.8,USD,10,2025
JRN0004746,2026-02-20,4000,Revenue,CC0011,PC001,34301.64,USD,2,2026
JRN0004747,2026-04-16,6100,Operating Expense,CC0013,PC003,-10429.51,USD,4,2026
JRN0004748,2025-05-08,4000,Revenue,CC0006,PC006,26132.67,USD,5,2025
JRN0004749,2026-04-18,4000,Revenue,CC0017,PC007,48146.49,USD,4,2026
JRN0004750,2025-04-05,6200,Operating Expense,CC0014,PC004,-2631.85,USD,4,2025
JRN0004751,2026-08-23,4000,Revenue,CC0015,PC005,44304.9,USD,8,2026
JRN0004752,2025-07-13,6100,Operating Expense,CC0016,PC006,-33184.17,USD,7,2025
JRN0004753,2025-05-14,5000,COGS,CC0013,PC003,-46224.23,USD,5,2025
JRN0004754,2025-11-19,6100,Operating Expense,CC0019,PC009,-47841.01,USD,11,2025
JRN0004755,2026-12-02,6100,Operating Expense,CC0007,PC007,-3032.05,USD,12,2026
JRN0004756,2026-10-22,6200,Operating Expense,CC0004,PC004,-45998.92,USD,10,2026
JRN0004757,2025-08-05,6100,Operating Expense,CC0010,PC010,-33939.24,USD,8,2025
JRN0004758,2026-10-16,6200,Operating Expense,CC0016,PC006,-20744.55,USD,10,2026
JRN0004759,2026-10-30,6200,Operating Expense,CC0018,PC008,-4873.74,USD,10,2026
JRN0004760,2026-07-26,6200,Operating Expense,CC0004,PC004,-8022.06,USD,7,2026
JRN0004761,2026-11-27,6200,Operating Expense,CC0014,PC004,-4582.89,USD,11,2026
JRN0004762,2026-07-03,6200,Operating Expense,CC0014,PC004,-14386.38,USD,7,2026
JRN0004763,2025-02-03,4000,Revenue,CC0007,PC007,46226.37,USD,2,2025
JRN0004764,2025-09-28,5000,COGS,CC0012,PC002,-11427.01,USD,9,2025
JRN0004765,2026-01-21,6200,Operating Expense,CC0007,PC007,-49862.0,USD,1,2026
JRN0004766,2025-09-13,6200,Operating Expense,CC0012,PC002,-29957.04,USD,9,2025
JRN0004767,2025-12-18,5000,COGS,CC0004,PC004,-20535.68,USD,12,2025
JRN0004768,2026-10-13,4000,Revenue,CC0006,PC006,44633.72,USD,10,2026
JRN0004769,2026-04-11,5000,COGS,CC0016,PC006,-564.39,USD,4,2026
JRN0004770,2025-07-08,5000,COGS,CC0012,PC002,-3909.49,USD,7,2025
JRN0004771,2026-11-12,6100,Operating Expense,CC0018,PC008,-45569.08,USD,11,2026
JRN0004772,2026-04-06,6200,Operating Expense,CC0005,PC005,-28467.97,USD,4,2026
JRN0004773,2026-01-30,5000,COGS,CC0011,PC001,-40255.98,USD,1,2026
JRN0004774,2026-03-08,6200,Operating Expense,CC0009,PC009,-13344.84,USD,3,2026
JRN0004775,2025-11-15,5000,COGS,CC0009,PC009,-6802.01,USD,11,2025
JRN0004776,2026-09-27,5000,COGS,CC0016,PC006,-12934.08,USD,9,2026
JRN0004777,2026-04-11,6100,Operating Expense,CC0012,PC002,-29272.57,USD,4,2026
JRN0004778,2025-05-17,4000,Revenue,CC0019,PC009,6948.95,USD,5,2025
JRN0004779,2025-04-21,6100,Operating Expense,CC0013,PC003,-13252.54,USD,4,2025
JRN0004780,2025-04-12,6100,Operating Expense,CC0017,PC007,-3915.94,USD,4,2025
JRN0004781,2025-02-07,5000,COGS,CC0020,PC010,-47453.46,USD,2,2025
JRN0004782,2025-12-29,6100,Operating Expense,CC0014,PC004,-32374.8,USD,12,2025
JRN0004783,2025-03-28,6200,Operating Expense,CC0005,PC005,-13959.11,USD,3,2025
JRN0004784,2025-02-14,6100,Operating Expense,CC0002,PC002,-40488.56,USD,2,2025
JRN0004785,2026-11-07,5000,COGS,CC0014,PC004,-49447.14,USD,11,2026
JRN0004786,2026-10-16,5000,COGS,CC0009,PC009,-30682.9,USD,10,2026
JRN0004787,2026-05-22,6200,Operating Expense,CC0019,PC009,-47251.97,USD,5,2026
JRN0004788,2026-08-09,5000,COGS,CC0016,PC006,-29373.17,USD,8,2026
JRN0004789,2026-04-21,5000,COGS,CC0006,PC006,-32856.7,USD,4,2026
JRN0004790,2026-06-17,5000,COGS,CC0019,PC009,-45778.92,USD,6,2026
JRN0004791,2026-02-08,4000,Revenue,CC0008,PC008,16138.51,USD,2,2026
JRN0004792,2025-08-15,6200,Operating Expense,CC0015,PC005,-28139.71,USD,8,2025
JRN0004793,2026-03-24,4000,Revenue,CC0018,PC008,39945.19,USD,3,2026
JRN0004794,2025-01-22,4000,Revenue,CC0002,PC002,26719.95,USD,1,2025
JRN0004795,2026-02-10,4000,Revenue,CC0011,PC001,8322.68,USD,2,2026
JRN0004796,2026-09-16,6100,Operating Expense,CC0005,PC005,-16505.89,USD,9,2026
JRN0004797,2025-06-06,4000,Revenue,CC0003,PC003,35728.16,USD,6,2025
JRN0004798,2026-08-27,4000,Revenue,CC0013,PC003,48779.89,USD,8,2026
JRN0004799,2026-04-20,5000,COGS,CC0014,PC004,-22626.88,USD,4,2026
JRN0004800,2026-03-30,6100,Operating Expense,CC0020,PC010,-14271.91,USD,3,2026
JRN0004801,2026-09-24,6200,Operating Expense,CC0013,PC003,-48649.32,USD,9,2026
JRN0004802,2025-01-29,5000,COGS,CC0016,PC006,-27626.76,USD,1,2025
JRN0004803,2025-02-27,5000,COGS,CC0006,PC006,-2481.14,USD,2,2025
JRN0004804,2025-04-07,5000,COGS,CC0015,PC005,-17433.18,USD,4,2025
JRN0004805,2025-12-22,6100,Operating Expense,CC0009,PC009,-44195.19,USD,12,2025
JRN0004806,2026-11-17,6200,Operating Expense,CC0016,PC006,-26994.46,USD,11,2026
JRN0004807,2026-03-14,4000,Revenue,CC0007,PC007,25634.89,USD,3,2026
JRN0004808,2026-01-20,4000,Revenue,CC0011,PC001,1309.35,USD,1,2026
JRN0004809,2026-11-20,5000,COGS,CC0013,PC003,-290.7,USD,11,2026
JRN0004810,2025-02-04,6100,Operating Expense,CC0003,PC003,-43494.19,USD,2,2025
JRN0004811,2026-01-28,5000,COGS,CC0013,PC003,-23165.23,USD,1,2026
JRN0004812,2026-08-19,4000,Revenue,CC0020,PC010,37654.36,USD,8,2026
JRN0004813,2026-12-17,6100,Operating Expense,CC0013,PC003,-982.72,USD,12,2026
JRN0004814,2025-04-12,6200,Operating Expense,CC0010,PC010,-46454.26,USD,4,2025
JRN0004815,2026-05-30,6100,Operating Expense,CC0013,PC003,-4604.9,USD,5,2026
JRN0004816,2025-07-19,6200,Operating Expense,CC0008,PC008,-48268.68,USD,7,2025
JRN0004817,2025-02-07,4000,Revenue,CC0018,PC008,13668.98,USD,2,2025
JRN0004818,2025-10-18,6200,Operating Expense,CC0002,PC002,-46931.33,USD,10,2025
JRN0004819,2026-07-29,5000,COGS,CC0009,PC009,-8621.89,USD,7,2026
JRN0004820,2026-04-04,6100,Operating Expense,CC0006,PC006,-7492.34,USD,4,2026
JRN0004821,2026-05-21,4000,Revenue,CC0015,PC005,6219.55,USD,5,2026
JRN0004822,2026-04-21,6200,Operating Expense,CC0019,PC009,-44834.42,USD,4,2026
JRN0004823,2026-12-22,6200,Operating Expense,CC0017,PC007,-36487.87,USD,12,2026
JRN0004824,2025-03-18,5000,COGS,CC0005,PC005,-1728.98,USD,3,2025
JRN0004825,2025-07-18,6200,Operating Expense,CC0016,PC006,-40803.76,USD,7,2025
JRN0004826,2026-12-17,4000,Revenue,CC0019,PC009,48296.69,USD,12,2026
JRN0004827,2025-02-08,6100,Operating Expense,CC0020,PC010,-29036.1,USD,2,2025
JRN0004828,2026-07-04,4000,Revenue,CC0004,PC004,26164.52,USD,7,2026
JRN0004829,2025-08-15,6200,Operating Expense,CC0019,PC009,-876.39,USD,8,2025
JRN0004830,2026-03-08,6100,Operating Expense,CC0009,PC009,-32897.49,USD,3,2026
JRN0004831,2026-04-20,5000,COGS,CC0017,PC007,-20779.89,USD,4,2026
JRN0004832,2025-11-03,4000,Revenue,CC0016,PC006,22596.99,USD,11,2025
JRN0004833,2026-02-22,6200,Operating Expense,CC0002,PC002,-44627.29,USD,2,2026
JRN0004834,2025-08-10,5000,COGS,CC0011,PC001,-45667.68,USD,8,2025
JRN0004835,2026-09-25,5000,COGS,CC0015,PC005,-27920.48,USD,9,2026
JRN0004836,2025-11-19,6200,Operating Expense,CC0001,PC001,-15032.6,USD,11,2025
JRN0004837,2025-07-08,6200,Operating Expense,CC0002,PC002,-37449.54,USD,7,2025
JRN0004838,2026-04-12,4000,Revenue,CC0015,PC005,4691.28,USD,4,2026
JRN0004839,2025-06-21,6200,Operating Expense,CC0020,PC010,-38120.62,USD,6,2025
JRN0004840,2026-02-03,6100,Operating Expense,CC0003,PC003,-15251.25,USD,2,2026
JRN0004841,2025-09-01,6100,Operating Expense,CC0014,PC004,-18084.7,USD,9,2025
JRN0004842,2026-06-20,6100,Operating Expense,CC0007,PC007,-9530.92,USD,6,2026
JRN0004843,2026-04-24,6200,Operating Expense,CC0011,PC001,-18022.32,USD,4,2026
JRN0004844,2025-01-17,6200,Operating Expense,CC0013,PC003,-43918.19,USD,1,2025
JRN0004845,2025-08-21,5000,COGS,CC0004,PC004,-27339.58,USD,8,2025
JRN0004846,2026-12-26,6100,Operating Expense,CC0016,PC006,-22665.43,USD,12,2026
JRN0004847,2025-07-10,4000,Revenue,CC0020,PC010,41057.43,USD,7,2025
JRN0004848,2026-03-21,4000,Revenue,CC0014,PC004,14066.33,USD,3,2026
JRN0004849,2026-09-23,6200,Operating Expense,CC0002,PC002,-33582.34,USD,9,2026
JRN0004850,2026-03-09,5000,COGS,CC0013,PC003,-36824.69,USD,3,2026
JRN0004851,2026-12-30,6200,Operating Expense,CC0014,PC004,-17426.34,USD,12,2026
JRN0004852,2026-07-24,6200,Operating Expense,CC0004,PC004,-44333.41,USD,7,2026
JRN0004853,2026-06-01,4000,Revenue,CC0007,PC007,25175.88,USD,6,2026
JRN0004854,2026-10-24,4000,Revenue,CC0008,PC008,6297.69,USD,10,2026
JRN0004855,2026-02-14,4000,Revenue,CC0017,PC007,12087.46,USD,2,2026
JRN0004856,2026-10-26,6100,Operating Expense,CC0020,PC010,-13603.98,USD,10,2026
JRN0004857,2026-03-06,6200,Operating Expense,CC0016,PC006,-7883.02,USD,3,2026
JRN0004858,2026-06-18,6200,Operating Expense,CC0020,PC010,-22636.76,USD,6,2026
JRN0004859,2025-06-21,6200,Operating Expense,CC0006,PC006,-15943.13,USD,6,2025
JRN0004860,2026-06-17,6100,Operating Expense,CC0009,PC009,-27974.88,USD,6,2026
JRN0004861,2026-01-27,6200,Operating Expense,CC0018,PC008,-7496.67,USD,1,2026
JRN0004862,2025-07-02,4000,Revenue,CC0003,PC003,9935.02,USD,7,2025
JRN0004863,2025-02-20,6100,Operating Expense,CC0010,PC010,-17945.46,USD,2,2025
JRN0004864,2025-12-24,6100,Operating Expense,CC0010,PC010,-17799.88,USD,12,2025
JRN0004865,2025-11-16,4000,Revenue,CC0003,PC003,37676.71,USD,11,2025
JRN0004866,2026-11-09,5000,COGS,CC0017,PC007,-39518.34,USD,11,2026
JRN0004867,2025-10-17,5000,COGS,CC0018,PC008,-47437.46,USD,10,2025
JRN0004868,2025-05-09,5000,COGS,CC0015,PC005,-27880.42,USD,5,2025
JRN0004869,2025-03-21,6200,Operating Expense,CC0004,PC004,-44688.94,USD,3,2025
JRN0004870,2025-09-13,6100,Operating Expense,CC0019,PC009,-44569.99,USD,9,2025
JRN0004871,2025-06-26,6100,Operating Expense,CC0001,PC001,-49545.81,USD,6,2025
JRN0004872,2025-09-22,6200,Operating Expense,CC0003,PC003,-21541.27,USD,9,2025
JRN0004873,2025-03-24,4000,Revenue,CC0010,PC010,44301.05,USD,3,2025
JRN0004874,2025-05-27,6200,Operating Expense,CC0018,PC008,-33487.67,USD,5,2025
JRN0004875,2026-07-03,4000,Revenue,CC0006,PC006,17653.91,USD,7,2026
JRN0004876,2025-05-10,4000,Revenue,CC0020,PC010,34276.99,USD,5,2025
JRN0004877,2025-11-27,5000,COGS,CC0005,PC005,-5837.85,USD,11,2025
JRN0004878,2026-11-12,4000,Revenue,CC0018,PC008,47407.13,USD,11,2026
JRN0004879,2026-10-05,6100,Operating Expense,CC0002,PC002,-12052.48,USD,10,2026
JRN0004880,2025-06-15,6200,Operating Expense,CC0007,PC007,-47468.27,USD,6,2025
JRN0004881,2025-04-18,6200,Operating Expense,CC0007,PC007,-26326.46,USD,4,2025
JRN0004882,2026-04-19,4000,Revenue,CC0011,PC001,32075.88,USD,4,2026
JRN0004883,2025-11-02,4000,Revenue,CC0012,PC002,28423.65,USD,11,2025
JRN0004884,2025-11-20,6200,Operating Expense,CC0007,PC007,-40697.28,USD,11,2025
JRN0004885,2025-01-02,4000,Revenue,CC0018,PC008,33317.25,USD,1,2025
JRN0004886,2025-06-05,6100,Operating Expense,CC0009,PC009,-6064.44,USD,6,2025
JRN0004887,2025-06-08,6100,Operating Expense,CC0007,PC007,-14057.16,USD,6,2025
JRN0004888,2026-03-25,5000,COGS,CC0010,PC010,-18498.83,USD,3,2026
JRN0004889,2025-05-18,6200,Operating Expense,CC0020,PC010,-31286.16,USD,5,2025
JRN0004890,2026-05-19,4000,Revenue,CC0018,PC008,4694.66,USD,5,2026
JRN0004891,2025-11-12,4000,Revenue,CC0017,PC007,14591.3,USD,11,2025
JRN0004892,2025-02-12,5000,COGS,CC0006,PC006,-43319.91,USD,2,2025
JRN0004893,2025-10-18,5000,COGS,CC0001,PC001,-17342.02,USD,10,2025
JRN0004894,2026-12-18,4000,Revenue,CC0005,PC005,10054.44,USD,12,2026
JRN0004895,2026-01-04,5000,COGS,CC0013,PC003,-45448.83,USD,1,2026
JRN0004896,2026-04-22,6100,Operating Expense,CC0013,PC003,-26873.32,USD,4,2026
JRN0004897,2026-11-26,5000,COGS,CC0005,PC005,-30934.52,USD,11,2026
JRN0004898,2026-06-16,5000,COGS,CC0017,PC007,-41463.12,USD,6,2026
JRN0004899,2026-01-23,4000,Revenue,CC0013,PC003,36737.19,USD,1,2026
JRN0004900,2025-03-23,6200,Operating Expense,CC0002,PC002,-26778.31,USD,3,2025
JRN0004901,2025-04-01,5000,COGS,CC0011,PC001,-21286.04,USD,4,2025
JRN0004902,2026-11-28,6100,Operating Expense,CC0020,PC010,-43918.57,USD,11,2026
JRN0004903,2025-08-28,6100,Operating Expense,CC0003,PC003,-35181.58,USD,8,2025
JRN0004904,2025-10-15,6200,Operating Expense,CC0002,PC002,-35996.7,USD,10,2025
JRN0004905,2025-02-06,5000,COGS,CC0010,PC010,-2456.6,USD,2,2025
JRN0004906,2025-03-29,4000,Revenue,CC0003,PC003,10199.25,USD,3,2025
JRN0004907,2025-10-22,4000,Revenue,CC0006,PC006,32182.11,USD,10,2025
JRN0004908,2025-10-24,6100,Operating Expense,CC0020,PC010,-39673.6,USD,10,2025
JRN0004909,2025-07-03,4000,Revenue,CC0020,PC010,22252.8,USD,7,2025
JRN0004910,2025-12-16,6100,Operating Expense,CC0011,PC001,-6835.06,USD,12,2025
JRN0004911,2025-03-16,4000,Revenue,CC0011,PC001,48554.53,USD,3,2025
JRN0004912,2025-10-28,4000,Revenue,CC0018,PC008,20602.76,USD,10,2025
JRN0004913,2026-03-17,5000,COGS,CC0002,PC002,-43832.44,USD,3,2026
JRN0004914,2026-01-21,4000,Revenue,CC0012,PC002,44373.11,USD,1,2026
JRN0004915,2026-03-18,4000,Revenue,CC0017,PC007,6223.32,USD,3,2026
JRN0004916,2026-08-07,4000,Revenue,CC0017,PC007,22433.21,USD,8,2026
JRN0004917,2025-06-07,4000,Revenue,CC0010,PC010,400.14,USD,6,2025
JRN0004918,2025-04-21,6100,Operating Expense,CC0019,PC009,-41464.39,USD,4,2025
JRN0004919,2025-11-03,6100,Operating Expense,CC0014,PC004,-2321.36,USD,11,2025
JRN0004920,2025-04-01,6100,Operating Expense,CC0006,PC006,-18949.11,USD,4,2025
JRN0004921,2026-10-01,6200,Operating Expense,CC0013,PC003,-5819.06,USD,10,2026
JRN0004922,2025-03-03,6100,Operating Expense,CC0011,PC001,-39496.45,USD,3,2025
JRN0004923,2025-01-06,6100,Operating Expense,CC0017,PC007,-4105.32,USD,1,2025
JRN0004924,2026-01-04,6100,Operating Expense,CC0015,PC005,-35787.14,USD,1,2026
JRN0004925,2026-12-19,5000,COGS,CC0009,PC009,-46124.73,USD,12,2026
JRN0004926,2025-03-15,4000,Revenue,CC0006,PC006,32200.17,USD,3,2025
JRN0004927,2026-12-09,5000,COGS,CC0009,PC009,-8721.56,USD,12,2026
JRN0004928,2025-01-17,6200,Operating Expense,CC0007,PC007,-10315.93,USD,1,2025
JRN0004929,2025-05-15,6100,Operating Expense,CC0011,PC001,-3496.62,USD,5,2025
JRN0004930,2025-12-22,5000,COGS,CC0003,PC003,-1371.64,USD,12,2025
JRN0004931,2026-11-29,5000,COGS,CC0016,PC006,-3042.67,USD,11,2026
JRN0004932,2025-08-16,4000,Revenue,CC0001,PC001,41509.41,USD,8,2025
JRN0004933,2026-05-02,4000,Revenue,CC0012,PC002,40851.61,USD,5,2026
JRN0004934,2025-08-01,6200,Operating Expense,CC0001,PC001,-3750.77,USD,8,2025
JRN0004935,2025-06-29,6100,Operating Expense,CC0018,PC008,-37597.81,USD,6,2025
JRN0004936,2026-02-14,6200,Operating Expense,CC0008,PC008,-6134.22,USD,2,2026
JRN0004937,2026-10-21,4000,Revenue,CC0010,PC010,41872.98,USD,10,2026
JRN0004938,2025-12-22,6200,Operating Expense,CC0001,PC001,-3372.57,USD,12,2025
JRN0004939,2026-04-09,5000,COGS,CC0004,PC004,-38447.83,USD,4,2026
JRN0004940,2025-04-03,6100,Operating Expense,CC0020,PC010,-19417.15,USD,4,2025
JRN0004941,2026-10-29,4000,Revenue,CC0018,PC008,41215.6,USD,10,2026
JRN0004942,2026-01-18,6200,Operating Expense,CC0004,PC004,-13214.83,USD,1,2026
JRN0004943,2025-04-28,6200,Operating Expense,CC0009,PC009,-46400.12,USD,4,2025
JRN0004944,2026-08-14,4000,Revenue,CC0014,PC004,38242.96,USD,8,2026
JRN0004945,2026-02-28,6100,Operating Expense,CC0003,PC003,-41904.64,USD,2,2026
JRN0004946,2026-04-06,6200,Operating Expense,CC0001,PC001,-19137.34,USD,4,2026
JRN0004947,2025-11-16,6100,Operating Expense,CC0011,PC001,-30095.63,USD,11,2025
JRN0004948,2025-08-23,4000,Revenue,CC0007,PC007,9807.48,USD,8,2025
JRN0004949,2025-07-20,5000,COGS,CC0006,PC006,-34090.33,USD,7,2025
JRN0004950,2026-03-26,6100,Operating Expense,CC0003,PC003,-38216.19,USD,3,2026
JRN0004951,2025-12-23,5000,COGS,CC0016,PC006,-14324.03,USD,12,2025
JRN0004952,2026-04-16,4000,Revenue,CC0002,PC002,3609.36,USD,4,2026
JRN0004953,2025-05-31,6200,Operating Expense,CC0018,PC008,-21754.71,USD,5,2025
JRN0004954,2026-10-19,6100,Operating Expense,CC0019,PC009,-38069.35,USD,10,2026
JRN0004955,2025-01-12,4000,Revenue,CC0020,PC010,21458.63,USD,1,2025
JRN0004956,2026-08-28,4000,Revenue,CC0015,PC005,39747.17,USD,8,2026
JRN0004957,2026-01-10,4000,Revenue,CC0005,PC005,44490.29,USD,1,2026
JRN0004958,2025-10-07,6200,Operating Expense,CC0010,PC010,-1408.44,USD,10,2025
JRN0004959,2025-11-01,5000,COGS,CC0009,PC009,-29087.26,USD,11,2025
JRN0004960,2026-01-10,4000,Revenue,CC0006,PC006,33299.02,USD,1,2026
JRN0004961,2026-05-22,6200,Operating Expense,CC0011,PC001,-25367.51,USD,5,2026
JRN0004962,2026-06-04,6200,Operating Expense,CC0014,PC004,-6708.6,USD,6,2026
JRN0004963,2026-08-06,6100,Operating Expense,CC0006,PC006,-27097.02,USD,8,2026
JRN0004964,2025-05-30,4000,Revenue,CC0001,PC001,49558.85,USD,5,2025
JRN0004965,2025-12-14,4000,Revenue,CC0020,PC010,3074.06,USD,12,2025
JRN0004966,2026-04-07,6200,Operating Expense,CC0017,PC007,-17185.78,USD,4,2026
JRN0004967,2025-07-21,6100,Operating Expense,CC0001,PC001,-36399.24,USD,7,2025
JRN0004968,2026-01-04,6100,Operating Expense,CC0015,PC005,-35866.38,USD,1,2026
JRN0004969,2026-10-21,5000,COGS,CC0016,PC006,-41265.14,USD,10,2026
JRN0004970,2025-08-30,4000,Revenue,CC0002,PC002,6090.45,USD,8,2025
JRN0004971,2026-12-29,4000,Revenue,CC0018,PC008,9939.59,USD,12,2026
JRN0004972,2025-04-14,6200,Operating Expense,CC0014,PC004,-26845.02,USD,4,2025
JRN0004973,2026-09-28,6100,Operating Expense,CC0020,PC010,-19757.69,USD,9,2026
JRN0004974,2026-02-01,6200,Operating Expense,CC0009,PC009,-23724.42,USD,2,2026
JRN0004975,2026-11-27,4000,Revenue,CC0020,PC010,37582.5,USD,11,2026
JRN0004976,2025-01-19,4000,Revenue,CC0018,PC008,4447.76,USD,1,2025
JRN0004977,2026-10-31,4000,Revenue,CC0017,PC007,43527.9,USD,10,2026
JRN0004978,2026-09-20,5000,COGS,CC0004,PC004,-18953.16,USD,9,2026
JRN0004979,2025-08-21,6200,Operating Expense,CC0001,PC001,-26230.49,USD,8,2025
JRN0004980,2026-01-15,6200,Operating Expense,CC0016,PC006,-34512.43,USD,1,2026
JRN0004981,2025-08-16,4000,Revenue,CC0017,PC007,25075.84,USD,8,2025
JRN0004982,2025-09-01,5000,COGS,CC0020,PC010,-24190.15,USD,9,2025
JRN0004983,2025-05-13,5000,COGS,CC0013,PC003,-18063.53,USD,5,2025
JRN0004984,2026-04-19,4000,Revenue,CC0020,PC010,39605.0,USD,4,2026
JRN0004985,2025-04-25,4000,Revenue,CC0015,PC005,34834.13,USD,4,2025
JRN0004986,2025-09-14,6100,Operating Expense,CC0014,PC004,-4140.97,USD,9,2025
JRN0004987,2025-01-16,6100,Operating Expense,CC0007,PC007,-24302.16,USD,1,2025
JRN0004988,2025-01-12,6200,Operating Expense,CC0016,PC006,-21953.92,USD,1,2025
JRN0004989,2025-12-12,5000,COGS,CC0006,PC006,-12005.13,USD,12,2025
JRN0004990,2026-11-08,5000,COGS,CC0019,PC009,-2254.28,USD,11,2026
JRN0004991,2026-12-10,6100,Operating Expense,CC0015,PC005,-11116.18,USD,12,2026
JRN0004992,2025-05-18,6100,Operating Expense,CC0012,PC002,-16899.67,USD,5,2025
JRN0004993,2025-01-17,5000,COGS,CC0012,PC002,-20072.48,USD,1,2025
JRN0004994,2026-01-27,6100,Operating Expense,CC0005,PC005,-730.01,USD,1,2026
JRN0004995,2025-04-17,5000,COGS,CC0018,PC008,-17989.44,USD,4,2025
JRN0004996,2025-11-06,5000,COGS,CC0003,PC003,-11833.05,USD,11,2025
JRN0004997,2025-09-08,4000,Revenue,CC0017,PC007,3421.59,USD,9,2025
JRN0004998,2026-08-21,4000,Revenue,CC0002,PC002,16527.92,USD,8,2026
JRN0004999,2025-05-05,4000,Revenue,CC0016,PC006,45268.0,USD,5,2025
JRN0005000,2025-02-05,4000,Revenue,CC0002,PC002,41688.91,USD,2,2025
