Transaction_ID,Product_ID,Plant_ID,Material_ID,Standard_Cost,Actual_Cost,Material_Cost,Labor_Cost,Overhead_Cost,Freight_Cost,Manufacturing_Cost,Production_Date,Cost_Per_Unit
T0000001,P0007,PL01,M00001,192.54,199.69,112.19,38.74,37.09,11.67,188.02,2026-10-17,0.3908
T0000002,P0130,PL02,M00002,45.52,46.61,26.76,7.52,9.57,2.76,43.85,2025-08-12,0.7283
T0000003,P0109,PL03,M00003,218.51,221.1,135.69,41.03,25.06,19.32,201.78,2025-06-13,0.3819
T0000004,P0118,PL04,M00004,471.9,457.78,241.28,102.6,79.44,34.46,423.32,2025-02-14,1.7275
T0000005,P0012,PL05,M00005,1054.48,1020.48,586.54,214.09,123.91,95.94,924.54,2026-12-23,1.6951
T0000006,P0069,PL06,M00006,320.16,325.55,179.0,66.76,54.22,25.57,299.98,2025-12-30,0.9043
T0000007,P0015,PL07,M00007,115.64,110.69,59.96,23.53,19.3,7.9,102.79,2025-11-29,1.4759
T0000008,P0118,PL08,M00008,177.59,185.32,102.33,34.86,33.55,14.58,170.74,2026-05-27,0.3357
T0000009,P0127,PL01,M00009,132.57,139.21,86.52,28.35,16.12,8.22,130.99,2025-05-22,1.3133
T0000010,P0065,PL02,M00010,29.48,29.81,17.77,5.29,3.81,2.94,26.87,2026-04-25,0.9033
T0000011,P0001,PL03,M00011,1145.34,1140.08,704.31,206.56,161.99,67.22,1072.86,2025-06-11,1.1015
T0000012,P0042,PL04,M00012,1880.34,1844.06,1076.47,420.85,255.77,90.97,1753.09,2026-01-18,1.6825
T0000013,P0062,PL05,M00013,32.17,32.41,17.42,7.2,6.1,1.69,30.72,2025-09-03,0.1895
T0000014,P0068,PL06,M00014,1250.33,1220.25,778.93,214.77,166.89,59.66,1160.59,2026-07-17,1.393
T0000015,P0133,PL07,M00015,91.26,93.5,56.15,21.85,12.36,3.14,90.36,2026-01-18,0.3638
T0000016,P0018,PL08,M00016,183.09,175.22,107.45,27.37,26.05,14.35,160.87,2025-03-02,0.2554
T0000017,P0122,PL01,M00017,65.18,66.54,39.23,10.72,12.64,3.95,62.59,2026-04-30,0.1668
T0000018,P0016,PL02,M00018,809.76,802.95,488.38,150.98,134.91,28.68,774.27,2026-10-24,1.1406
T0000019,P0141,PL03,M00019,90.07,94.62,51.8,14.75,20.41,7.66,86.96,2025-03-19,0.8373
T0000020,P0103,PL04,M00020,213.04,211.27,133.88,35.06,25.46,16.87,194.4,2026-05-08,0.6088
T0000021,P0125,PL05,M00021,153.56,157.43,82.25,34.18,32.93,8.07,149.36,2026-07-24,0.3956
T0000022,P0136,PL06,M00022,173.94,173.44,99.35,38.5,29.41,6.18,167.26,2026-05-30,1.3765
T0000023,P0149,PL07,M00023,81.25,82.13,44.54,19.33,12.58,5.68,76.45,2026-08-07,0.9025
T0000024,P0102,PL08,M00024,472.69,456.73,263.28,104.26,62.67,26.52,430.21,2025-09-02,0.7319
T0000025,P0130,PL01,M00025,451.44,454.41,262.66,92.27,73.6,25.88,428.53,2026-07-05,1.6171
T0000026,P0136,PL02,M00026,530.83,531.13,310.45,85.39,101.51,33.78,497.35,2026-09-19,0.4639
T0000027,P0054,PL03,M00027,322.96,335.35,201.41,54.59,49.57,29.78,305.57,2025-10-06,0.7872
T0000028,P0001,PL04,M00028,203.46,210.03,122.05,41.28,37.42,9.28,200.75,2025-10-11,0.7582
T0000029,P0039,PL05,M00029,133.16,128.15,81.27,18.87,19.14,8.87,119.28,2026-12-09,1.544
T0000030,P0092,PL06,M00030,545.76,543.18,315.67,120.45,76.24,30.82,512.36,2025-02-10,1.0426
T0000031,P0042,PL07,M00031,124.98,122.52,65.59,22.58,24.25,10.1,112.42,2025-08-31,0.1435
T0000032,P0028,PL08,M00032,132.83,138.07,81.38,25.61,21.63,9.45,128.62,2025-10-01,1.5513
T0000033,P0050,PL01,M00033,343.99,328.7,194.5,62.92,50.52,20.76,307.94,2025-01-25,0.482
T0000034,P0008,PL02,M00034,223.84,227.53,117.31,47.76,43.89,18.57,208.96,2025-12-06,0.4183
T0000035,P0030,PL03,M00035,467.9,449.35,261.93,78.0,75.55,33.87,415.48,2026-09-13,0.3776
T0000036,P0094,PL04,M00036,296.02,289.73,175.43,56.23,35.68,22.39,267.34,2026-11-18,1.8937
T0000037,P0084,PL05,M00037,489.2,471.18,264.27,117.5,69.36,20.05,451.13,2026-11-14,0.7661
T0000038,P0001,PL06,M00038,257.65,260.56,144.79,46.08,51.49,18.2,242.36,2026-02-20,0.4364
T0000039,P0022,PL07,M00039,1175.02,1159.17,677.63,214.79,211.03,55.72,1103.45,2025-06-23,1.0884
T0000040,P0012,PL08,M00040,1103.34,1080.39,617.18,204.97,183.0,75.24,1005.15,2025-05-31,1.0991
T0000041,P0038,PL01,M00041,344.58,330.7,177.03,69.66,58.94,25.07,305.63,2026-02-14,1.4504
T0000042,P0035,PL02,M00042,2031.06,1959.7,1110.17,395.21,358.28,96.04,1863.66,2025-05-05,1.7864
T0000043,P0041,PL03,M00043,504.31,505.96,303.92,91.74,83.47,26.83,479.13,2026-07-16,0.5435
T0000044,P0074,PL04,M00044,223.16,232.98,139.64,38.9,39.84,14.6,218.38,2025-03-21,0.4116
T0000045,P0085,PL05,M00045,751.72,783.3,477.27,129.83,135.76,40.44,742.86,2026-03-01,0.8126
T0000046,P0123,PL06,M00046,420.27,417.66,244.11,73.33,72.21,28.01,389.65,2026-08-13,0.5721
T0000047,P0057,PL07,M00047,843.86,880.27,461.38,186.3,161.82,70.77,809.5,2025-08-14,0.9759
T0000048,P0007,PL08,M00048,1040.7,1040.41,639.04,227.12,132.05,42.2,998.21,2026-09-30,0.8931
T0000049,P0087,PL01,M00049,798.24,780.35,442.4,143.31,137.74,56.9,723.45,2026-04-11,1.3478
T0000050,P0018,PL02,M00050,122.03,123.19,74.25,22.59,20.02,6.33,116.86,2025-12-25,1.6875
T0000051,P0066,PL03,M00051,294.46,290.42,188.46,52.57,37.72,11.67,278.75,2025-08-12,0.8227
T0000052,P0097,PL04,M00052,111.3,111.51,65.93,22.62,15.13,7.83,103.68,2025-11-16,0.2681
T0000053,P0145,PL05,M00053,614.73,593.69,357.38,106.56,82.67,47.08,546.61,2025-05-04,0.8234
T0000054,P0093,PL06,M00054,272.66,269.84,153.24,54.36,43.43,18.81,251.03,2026-03-20,0.8354
T0000055,P0069,PL07,M00055,754.37,740.13,448.88,152.67,85.26,53.32,686.81,2026-03-23,1.4456
T0000056,P0084,PL08,M00056,368.56,357.28,220.82,57.58,65.63,13.25,344.03,2025-01-30,0.3544
T0000057,P0062,PL01,M00057,675.92,667.68,403.59,117.74,103.55,42.8,624.88,2025-07-15,0.6611
T0000058,P0063,PL02,M00058,632.42,603.35,330.67,159.82,89.1,23.76,579.59,2026-02-19,0.7887
T0000059,P0031,PL03,M00059,182.13,190.48,112.43,34.45,29.25,14.35,176.13,2025-09-15,0.2904
T0000060,P0073,PL04,M00060,176.65,170.26,94.55,28.26,31.93,15.52,154.74,2026-06-22,0.4183
T0000061,P0033,PL05,M00061,229.41,225.93,134.01,53.93,29.02,8.97,216.96,2025-10-27,1.027
T0000062,P0017,PL06,M00062,188.89,197.35,120.38,34.63,35.1,7.24,190.11,2026-05-05,0.1941
T0000063,P0107,PL07,M00063,620.67,611.38,338.37,125.09,101.01,46.91,564.47,2025-05-02,1.2953
T0000064,P0026,PL08,M00064,198.63,208.64,118.94,39.48,40.8,9.42,199.22,2025-03-03,0.472
T0000065,P0009,PL01,M00065,743.76,740.26,409.46,184.43,112.06,34.31,705.95,2026-04-27,1.2338
T0000066,P0051,PL02,M00066,158.03,166.28,96.02,27.3,27.13,15.83,150.45,2026-11-09,0.6787
T0000067,P0074,PL03,M00067,206.97,212.58,129.55,40.54,26.29,16.2,196.38,2026-08-06,0.8052
T0000068,P0083,PL04,M00068,56.61,59.55,33.11,12.64,11.03,2.77,56.78,2026-03-19,0.1141
T0000069,P0011,PL05,M00069,1028.05,1012.88,608.0,173.83,172.66,58.39,954.49,2025-10-03,1.041
T0000070,P0105,PL06,M00070,836.12,862.7,541.66,154.99,107.98,58.07,804.63,2026-04-27,1.2934
T0000071,P0117,PL07,M00071,228.79,219.89,136.19,35.16,28.72,19.82,200.07,2026-07-18,0.3362
T0000072,P0014,PL08,M00072,760.56,739.94,444.05,151.97,95.3,48.62,691.32,2026-04-19,0.6909
T0000073,P0125,PL01,M00073,118.21,117.83,67.27,24.1,20.13,6.33,111.5,2026-03-25,1.7077
T0000074,P0031,PL02,M00074,1452.59,1477.82,774.6,350.94,258.15,94.13,1383.69,2025-04-27,1.4348
T0000075,P0049,PL03,M00075,1079.1,1029.73,614.33,180.65,148.17,86.58,943.15,2025-05-29,0.9807
T0000076,P0001,PL04,M00076,795.62,775.64,489.31,122.81,133.3,30.22,745.42,2025-10-01,1.249
T0000077,P0117,PL05,M00077,560.05,546.33,353.13,83.66,71.99,37.55,508.78,2026-07-11,1.3796
T0000078,P0039,PL06,M00078,21.08,20.19,11.98,3.31,3.84,1.06,19.13,2026-01-26,0.2375
T0000079,P0037,PL07,M00079,56.77,55.98,33.22,11.13,8.24,3.39,52.59,2025-01-16,0.1717
T0000080,P0137,PL08,M00080,567.89,585.92,286.52,135.41,111.86,52.13,533.79,2026-11-22,0.8905
T0000081,P0024,PL01,M00081,198.8,199.0,110.75,43.79,28.14,16.32,182.68,2025-10-22,0.9431
T0000082,P0092,PL02,M00082,205.4,197.97,107.77,47.64,30.69,11.87,186.1,2025-02-27,0.2219
T0000083,P0062,PL03,M00083,148.16,141.33,85.72,32.5,16.98,6.13,135.2,2026-09-27,0.4664
T0000084,P0019,PL04,M00084,1028.64,981.75,540.55,215.34,165.63,60.23,921.52,2026-07-14,1.3692
T0000085,P0061,PL05,M00085,785.05,750.36,458.9,128.64,118.75,44.07,706.29,2026-05-10,0.6354
T0000086,P0013,PL06,M00086,1171.51,1191.47,700.25,286.0,154.35,50.87,1140.6,2026-12-04,1.1601
T0000087,P0036,PL07,M00087,49.03,46.81,28.27,10.08,6.46,2.0,44.81,2025-09-14,0.5201
T0000088,P0034,PL08,M00088,616.82,648.78,366.48,122.71,113.38,46.21,602.57,2025-06-29,0.8548
T0000089,P0030,PL01,M00089,55.53,55.66,31.26,9.96,11.63,2.81,52.85,2025-12-13,0.3394
T0000090,P0102,PL02,M00090,503.29,503.74,266.03,109.05,88.06,40.6,463.14,2026-01-10,0.9142
T0000091,P0060,PL03,M00091,64.64,62.22,34.86,10.03,12.0,5.33,56.89,2025-04-21,1.02
T0000092,P0105,PL04,M00092,52.3,53.34,29.61,12.25,9.7,1.78,51.56,2026-12-19,0.1802
T0000093,P0139,PL05,M00093,423.65,406.21,241.46,65.51,82.27,16.97,389.24,2026-01-15,1.246
T0000094,P0114,PL06,M00094,152.01,156.54,84.69,28.25,32.92,10.68,145.86,2025-08-11,0.2082
T0000095,P0117,PL07,M00095,369.83,387.95,202.84,91.8,72.54,20.77,367.18,2025-05-06,0.8738
T0000096,P0142,PL08,M00096,453.47,451.53,254.02,76.85,90.7,29.96,421.57,2025-03-12,0.999
T0000097,P0065,PL01,M00097,216.07,218.1,126.36,42.14,31.92,17.68,200.42,2025-05-14,0.9281
T0000098,P0108,PL02,M00098,258.19,269.77,154.73,51.4,48.89,14.75,255.02,2025-02-23,1.1148
T0000099,P0134,PL03,M00099,819.95,852.85,470.26,159.9,156.05,66.64,786.21,2025-02-14,0.8996
T0000100,P0021,PL04,M00100,71.99,70.4,38.41,15.55,10.53,5.91,64.49,2026-03-31,0.2249
T0000101,P0111,PL05,M00101,284.01,284.25,167.1,49.5,47.7,19.95,264.3,2026-04-10,1.165
T0000102,P0117,PL06,M00102,1003.72,1046.77,579.52,186.21,210.72,70.32,976.45,2025-12-14,1.2158
T0000103,P0022,PL07,M00103,217.07,218.85,130.58,43.03,32.8,12.44,206.41,2025-04-04,0.2448
T0000104,P0091,PL08,M00104,166.78,174.92,96.43,42.51,24.24,11.74,163.18,2025-05-06,1.521
T0000105,P0143,PL01,M00105,295.89,305.92,166.76,59.27,61.04,18.85,287.07,2025-04-21,1.2487
T0000106,P0007,PL02,M00106,66.34,63.26,39.32,12.66,7.64,3.64,59.62,2026-10-21,0.1136
T0000107,P0018,PL03,M00107,15.39,15.77,9.14,2.28,3.02,1.33,14.44,2026-11-05,0.219
T0000108,P0022,PL04,M00108,97.63,97.69,51.56,25.12,15.73,5.28,92.41,2026-08-05,0.2978
T0000109,P0132,PL05,M00109,438.8,430.86,223.24,102.0,81.63,23.99,406.87,2025-10-07,0.6018
T0000110,P0002,PL06,M00110,1038.17,1042.55,575.82,201.47,186.98,78.28,964.27,2026-09-06,1.6628
T0000111,P0137,PL07,M00111,936.18,897.07,570.98,161.17,120.77,44.15,852.92,2025-05-13,0.8676
T0000112,P0081,PL08,M00112,746.18,738.75,422.16,175.56,101.86,39.17,699.58,2025-03-21,0.831
T0000113,P0093,PL01,M00113,992.58,1028.06,608.28,190.99,158.18,70.61,957.45,2026-09-25,1.1372
T0000114,P0044,PL02,M00114,1286.75,1313.1,845.38,208.77,153.91,105.04,1208.06,2025-12-08,1.2446
T0000115,P0027,PL03,M00115,221.47,216.29,127.25,40.53,35.26,13.25,203.04,2025-06-01,0.405
T0000116,P0149,PL04,M00116,1146.04,1100.34,637.95,261.82,142.33,58.24,1042.1,2026-08-01,0.9437
T0000117,P0071,PL05,M00117,68.42,69.73,41.52,11.22,13.62,3.37,66.36,2026-10-09,0.5578
T0000118,P0130,PL06,M00118,950.41,924.92,527.28,188.57,138.52,70.55,854.37,2025-04-03,0.9665
T0000119,P0129,PL07,M00119,102.94,107.22,62.33,16.78,19.11,9.0,98.22,2026-09-12,0.7884
T0000120,P0113,PL08,M00120,1203.82,1174.05,609.54,234.95,227.77,101.79,1072.26,2026-12-26,1.0871
T0000121,P0086,PL01,M00121,192.94,198.4,113.48,40.37,32.39,12.16,186.24,2026-10-09,0.2896
T0000122,P0150,PL02,M00122,316.08,318.57,199.74,47.21,48.4,23.22,295.35,2025-12-08,0.4388
T0000123,P0085,PL03,M00123,325.48,324.7,184.97,72.74,42.23,24.76,299.94,2026-10-21,0.2984
T0000124,P0058,PL04,M00124,76.35,76.68,44.98,15.85,12.49,3.36,73.32,2026-05-13,0.2345
T0000125,P0034,PL05,M00125,292.52,282.98,159.23,68.59,41.71,13.45,269.53,2025-12-11,0.3623
T0000126,P0061,PL06,M00126,887.85,850.26,477.77,198.44,119.43,54.62,795.64,2026-01-09,1.4338
T0000127,P0147,PL07,M00127,1077.86,1055.33,602.75,194.9,184.12,73.56,981.77,2025-07-18,1.1051
T0000128,P0124,PL08,M00128,1452.42,1389.56,763.29,308.64,232.25,85.38,1304.18,2025-09-14,1.2136
T0000129,P0112,PL01,M00129,500.24,485.39,271.13,124.98,68.0,21.28,464.11,2026-06-10,1.0461
T0000130,P0058,PL02,M00130,935.04,931.85,535.75,176.28,155.64,64.18,867.67,2025-03-25,1.4076
T0000131,P0036,PL03,M00131,1124.09,1148.36,592.17,250.04,210.89,95.26,1053.1,2026-12-14,1.2375
T0000132,P0074,PL04,M00132,171.62,180.11,109.01,34.15,25.16,11.79,168.32,2026-03-10,0.2877
T0000133,P0132,PL05,M00133,509.57,518.43,269.3,123.32,94.1,31.71,486.72,2026-07-03,1.0266
T0000134,P0093,PL06,M00134,822.71,846.53,484.63,174.87,126.88,60.15,786.38,2026-06-21,0.7788
T0000135,P0005,PL07,M00135,75.75,76.11,46.08,16.43,9.7,3.9,72.21,2026-01-18,0.5143
T0000136,P0045,PL08,M00136,890.35,933.57,482.23,219.07,150.15,82.12,851.45,2026-07-14,0.943
T0000137,P0011,PL01,M00137,456.39,478.57,251.58,110.75,93.34,22.9,455.67,2025-07-24,0.742
T0000138,P0085,PL02,M00138,340.86,345.74,190.11,73.37,62.2,20.06,325.68,2025-02-18,1.3096
T0000139,P0095,PL03,M00139,763.36,766.61,429.8,144.37,128.98,63.46,703.15,2026-12-10,1.3788
T0000140,P0076,PL04,M00140,943.84,988.05,536.0,235.95,141.28,74.82,913.23,2025-03-23,1.0705
T0000141,P0015,PL05,M00141,499.84,511.68,271.25,110.26,84.88,45.29,466.39,2026-03-22,0.6084
T0000142,P0018,PL06,M00142,444.86,447.14,268.79,67.65,74.43,36.27,410.87,2025-02-05,0.5883
T0000143,P0036,PL07,M00143,435.41,421.32,247.9,82.81,71.68,18.93,402.39,2025-03-20,0.5536
T0000144,P0068,PL08,M00144,298.6,302.84,166.79,70.04,51.21,14.8,288.04,2026-07-30,0.3281
T0000145,P0114,PL01,M00145,623.42,629.82,379.68,101.1,97.44,51.6,578.22,2025-06-26,0.9485
T0000146,P0045,PL02,M00146,426.0,407.03,247.13,60.81,74.87,24.22,382.81,2026-12-19,0.3873
T0000147,P0142,PL03,M00147,36.31,37.9,22.5,7.45,4.82,3.13,34.77,2026-04-24,0.2038
T0000148,P0082,PL04,M00148,691.52,681.76,391.38,151.19,87.83,51.36,630.4,2025-05-09,0.7323
T0000149,P0129,PL05,M00149,254.25,261.42,166.45,38.21,40.4,16.36,245.06,2025-05-13,0.9902
T0000150,P0021,PL06,M00150,371.14,387.04,212.14,70.53,84.95,19.42,367.62,2025-10-18,0.9394
T0000151,P0044,PL07,M00151,997.68,1000.26,516.01,241.95,158.92,83.38,916.88,2026-08-18,1.4269
T0000152,P0147,PL08,M00152,73.19,70.8,40.88,12.8,13.16,3.96,66.84,2026-10-29,0.9833
T0000153,P0019,PL01,M00153,259.54,259.72,153.86,52.12,39.89,13.85,245.87,2025-11-01,0.7799
T0000154,P0103,PL02,M00154,486.57,505.9,264.98,124.14,90.26,26.52,479.38,2025-12-20,0.6587
T0000155,P0108,PL03,M00155,545.62,530.16,288.75,108.86,84.91,47.64,482.52,2026-01-29,1.5732
T0000156,P0006,PL04,M00156,694.68,699.25,431.21,141.12,102.09,24.83,674.42,2025-11-12,0.858
T0000157,P0121,PL05,M00157,120.37,114.86,64.7,20.42,23.01,6.73,108.13,2026-11-01,0.1036
T0000158,P0144,PL06,M00158,788.3,779.1,462.49,170.1,111.74,34.77,744.33,2025-02-22,1.036
T0000159,P0025,PL07,M00159,1039.15,1024.66,601.97,221.76,165.36,35.57,989.09,2025-05-02,1.3239
T0000160,P0036,PL08,M00160,830.98,841.24,497.35,181.28,127.28,35.33,805.91,2025-02-16,0.8584
T0000161,P0077,PL01,M00161,442.01,446.61,219.82,103.02,90.34,33.43,413.18,2026-09-24,0.6398
T0000162,P0150,PL02,M00162,51.31,48.89,27.02,9.7,8.34,3.83,45.06,2025-04-23,0.7639
T0000163,P0135,PL03,M00163,231.95,223.78,126.9,45.43,36.73,14.72,209.06,2026-05-07,0.284
T0000164,P0053,PL04,M00164,1054.94,1060.02,611.66,199.54,171.73,77.09,982.93,2025-06-05,1.0222
T0000165,P0123,PL05,M00165,458.09,481.12,273.77,96.82,69.58,40.95,440.17,2025-11-29,0.616
T0000166,P0068,PL06,M00166,294.51,302.02,182.02,62.68,42.73,14.59,287.43,2026-10-21,0.3017
T0000167,P0126,PL07,M00167,587.12,603.97,358.82,110.88,96.11,38.16,565.81,2025-08-01,0.6088
T0000168,P0089,PL08,M00168,108.51,107.95,58.62,23.77,15.97,9.59,98.36,2026-02-09,0.1787
T0000169,P0144,PL01,M00169,69.26,67.17,40.32,10.5,11.15,5.2,61.97,2026-07-06,0.2308
T0000170,P0085,PL02,M00170,248.73,242.54,159.95,40.19,29.81,12.59,229.95,2025-04-13,1.1281
T0000171,P0052,PL03,M00171,349.77,347.31,187.95,61.76,63.68,33.92,313.39,2026-05-03,0.5207
T0000172,P0045,PL04,M00172,646.64,642.6,375.54,143.54,84.73,38.79,603.81,2025-02-08,1.7368
T0000173,P0010,PL05,M00173,581.16,605.85,356.04,94.23,105.12,50.46,555.39,2025-10-24,0.9756
T0000174,P0130,PL06,M00174,175.73,170.42,95.99,32.24,28.52,13.67,156.75,2025-05-18,0.3
T0000175,P0050,PL07,M00175,973.57,988.69,561.72,202.14,156.68,68.15,920.54,2025-10-30,1.177
T0000176,P0067,PL08,M00176,280.24,276.89,157.35,51.52,41.25,26.77,250.12,2025-09-12,0.5628
T0000177,P0031,PL01,M00177,216.54,227.59,135.2,54.39,27.46,10.54,217.05,2025-08-30,0.3567
T0000178,P0057,PL02,M00178,280.52,276.05,141.23,63.18,51.73,19.91,256.14,2025-10-30,0.9754
T0000179,P0056,PL03,M00179,175.67,179.32,112.18,24.93,31.51,10.7,168.62,2026-11-12,1.0131
T0000180,P0138,PL04,M00180,157.36,162.98,96.44,39.25,19.66,7.63,155.35,2025-07-27,0.471
T0000181,P0034,PL05,M00181,581.25,592.38,314.03,147.45,94.54,36.36,556.02,2025-02-26,0.6888
T0000182,P0019,PL06,M00182,604.97,631.0,327.8,145.92,115.76,41.52,589.48,2025-08-12,0.7195
T0000183,P0035,PL07,M00183,1286.03,1319.04,748.72,278.32,231.69,60.31,1258.73,2026-02-23,1.6998
T0000184,P0090,PL08,M00184,590.06,574.72,331.65,105.39,98.91,38.77,535.95,2026-07-07,1.5326
T0000185,P0140,PL01,M00185,959.86,919.22,546.9,203.79,125.8,42.73,876.49,2026-04-20,0.8364
T0000186,P0108,PL02,M00186,19.83,20.1,11.64,4.69,2.66,1.11,18.99,2025-02-02,0.4786
T0000187,P0113,PL03,M00187,514.89,535.91,338.83,77.28,92.2,27.6,508.31,2025-02-15,0.4806
T0000188,P0083,PL04,M00188,787.64,779.66,440.49,128.26,132.65,78.26,701.4,2025-11-23,1.2415
T0000189,P0110,PL05,M00189,185.39,191.43,111.03,28.53,37.16,14.71,176.72,2025-06-29,0.1868
T0000190,P0048,PL06,M00190,367.66,364.76,227.53,50.53,59.84,26.86,337.9,2025-11-04,0.3726
T0000191,P0136,PL07,M00191,312.44,321.76,190.89,52.05,52.0,26.82,294.94,2026-03-03,0.3997
T0000192,P0069,PL08,M00192,120.56,118.43,72.77,17.25,23.97,4.44,113.99,2025-07-15,1.3159
T0000193,P0004,PL01,M00193,566.68,586.73,367.31,122.32,75.48,21.62,565.11,2025-12-07,1.4705
T0000194,P0083,PL02,M00194,607.29,596.98,304.5,137.09,104.54,50.85,546.13,2025-09-03,0.7566
T0000195,P0082,PL03,M00195,467.8,454.13,273.07,74.37,78.95,27.74,426.39,2026-04-26,0.5905
T0000196,P0040,PL04,M00196,251.63,251.4,135.79,65.32,38.98,11.31,240.09,2026-03-04,0.367
T0000197,P0126,PL05,M00197,474.25,482.0,278.86,83.09,96.61,23.44,458.56,2026-05-16,1.3616
T0000198,P0009,PL06,M00198,99.27,96.31,58.14,15.64,17.27,5.26,91.05,2025-03-02,0.8836
T0000199,P0124,PL07,M00199,5.23,5.42,3.13,1.09,0.86,0.34,5.08,2026-01-18,0.129
T0000200,P0111,PL08,M00200,306.56,303.43,179.19,59.57,52.78,11.89,291.54,2026-12-16,1.325
T0000201,P0104,PL01,M00201,627.35,640.67,351.92,154.94,108.37,25.44,615.23,2025-03-22,0.549
T0000202,P0104,PL02,M00202,651.33,673.21,357.0,139.62,125.81,50.78,622.43,2025-02-02,0.8609
T0000203,P0025,PL03,M00203,57.89,56.49,32.58,12.34,9.78,1.79,54.7,2026-08-03,0.5824
T0000204,P0140,PL04,M00204,28.87,28.56,16.0,7.38,4.02,1.16,27.4,2025-10-15,0.3709
T0000205,P0042,PL05,M00205,495.27,499.07,281.74,76.3,101.24,39.79,459.28,2025-03-20,0.9942
T0000206,P0021,PL06,M00206,146.57,142.39,88.45,25.71,18.27,9.96,132.43,2026-12-07,0.1983
T0000207,P0070,PL07,M00207,404.25,407.71,232.21,76.57,72.18,26.75,380.96,2025-12-01,0.4021
T0000208,P0064,PL08,M00208,84.84,87.58,49.12,19.69,13.96,4.81,82.77,2025-10-30,0.492
T0000209,P0093,PL01,M00209,53.84,52.43,32.65,7.55,9.66,2.57,49.86,2025-11-12,0.2394
T0000210,P0084,PL02,M00210,23.17,22.17,12.62,5.04,3.64,0.87,21.3,2025-04-06,0.6334
T0000211,P0098,PL03,M00211,135.91,135.54,78.93,31.13,15.64,9.84,125.7,2025-06-23,0.461
T0000212,P0064,PL04,M00212,293.7,307.63,192.75,52.06,49.69,13.13,294.5,2026-01-05,0.7503
T0000213,P0111,PL05,M00213,134.57,130.16,79.5,22.02,22.27,6.37,123.79,2026-03-27,0.4519
T0000214,P0126,PL06,M00214,255.63,255.5,160.43,43.28,31.94,19.85,235.65,2026-12-13,0.5049
T0000215,P0141,PL07,M00215,1316.61,1382.32,783.97,229.56,274.85,93.94,1288.38,2025-07-04,1.4475
T0000216,P0036,PL08,M00216,227.69,227.55,133.67,45.24,28.48,20.16,207.39,2026-11-21,0.4506
T0000217,P0108,PL01,M00217,88.88,89.11,51.3,17.53,12.43,7.85,81.26,2026-07-02,1.0484
T0000218,P0091,PL02,M00218,106.6,108.97,67.07,25.03,13.03,3.84,105.13,2026-11-05,1.0897
T0000219,P0057,PL03,M00219,927.58,923.61,544.37,146.6,170.25,62.39,861.22,2025-04-11,0.8616
T0000220,P0007,PL04,M00220,113.42,109.35,61.49,26.68,16.41,4.77,104.58,2025-06-04,0.4882
T0000221,P0124,PL05,M00221,228.47,235.73,148.42,42.87,32.2,12.24,223.49,2025-07-31,0.2393
T0000222,P0028,PL06,M00222,439.24,459.47,283.48,69.96,63.58,42.45,417.02,2025-12-18,0.9027
T0000223,P0111,PL07,M00223,62.92,64.77,39.79,13.43,8.19,3.36,61.41,2025-07-10,0.9387
T0000224,P0017,PL08,M00224,296.01,297.9,170.79,47.12,55.39,24.6,273.3,2026-12-22,1.3665
T0000225,P0100,PL01,M00225,867.33,878.75,476.47,179.95,153.38,68.95,809.8,2026-10-17,1.0809
T0000226,P0022,PL02,M00226,197.11,196.5,108.38,40.27,33.67,14.18,182.32,2026-09-22,0.3018
T0000227,P0048,PL03,M00227,1015.51,1027.79,523.16,257.06,196.99,50.58,977.21,2026-01-28,0.9259
T0000228,P0014,PL04,M00228,20.35,20.76,11.94,3.92,3.11,1.79,18.97,2026-04-07,0.7159
T0000229,P0114,PL05,M00229,82.75,85.74,50.3,17.03,13.5,4.91,80.83,2026-12-29,0.2436
T0000230,P0127,PL06,M00230,299.47,295.02,169.74,55.93,45.31,24.04,270.98,2026-04-14,0.2794
T0000231,P0056,PL07,M00231,221.03,226.18,135.28,50.02,30.08,10.8,215.38,2026-03-28,1.0328
T0000232,P0031,PL08,M00232,451.3,433.19,228.99,113.82,56.1,34.28,398.91,2025-03-31,0.9868
T0000233,P0053,PL01,M00233,635.04,634.18,349.68,145.81,103.28,35.41,598.77,2025-07-31,0.5388
T0000234,P0025,PL02,M00234,1059.53,1048.8,587.19,190.38,207.71,63.52,985.28,2026-06-11,1.231
T0000235,P0101,PL03,M00235,342.58,339.3,179.84,76.73,57.63,25.1,314.2,2025-09-11,1.1272
T0000236,P0072,PL04,M00236,1683.42,1639.77,902.47,317.25,310.22,109.83,1529.94,2026-06-12,1.7426
T0000237,P0092,PL05,M00237,641.55,663.02,417.07,126.03,88.71,31.21,631.81,2026-11-12,0.6006
T0000238,P0125,PL06,M00238,16.52,16.13,10.0,3.14,2.01,0.98,15.15,2025-05-14,0.148
T0000239,P0034,PL07,M00239,524.19,516.05,312.52,86.2,90.93,26.4,489.65,2026-03-15,1.5404
T0000240,P0079,PL08,M00240,850.02,860.85,519.17,194.98,93.96,52.74,808.11,2025-02-23,0.9683
T0000241,P0088,PL01,M00241,797.99,784.24,458.5,135.38,126.3,64.06,720.18,2025-01-10,0.8973
T0000242,P0098,PL02,M00242,53.66,51.8,33.11,8.0,8.72,1.97,49.83,2025-11-03,0.1715
T0000243,P0114,PL03,M00243,261.08,269.46,165.51,56.13,38.05,9.77,259.69,2026-02-26,1.441
T0000244,P0022,PL04,M00244,1263.56,1247.42,700.99,312.81,157.93,75.69,1171.73,2025-09-11,1.0914
T0000245,P0131,PL05,M00245,325.05,312.41,171.95,77.7,41.56,21.2,291.21,2025-07-30,0.3847
T0000246,P0136,PL06,M00246,1227.49,1193.1,764.34,198.2,135.01,95.55,1097.55,2026-09-01,1.5929
T0000247,P0018,PL07,M00247,245.68,257.76,153.78,51.95,42.21,9.82,247.94,2025-03-16,0.4721
T0000248,P0103,PL08,M00248,1291.41,1299.04,722.3,260.41,218.34,97.99,1201.05,2026-03-10,1.1724
T0000249,P0017,PL01,M00249,986.05,1019.16,536.36,237.67,184.88,60.25,958.91,2025-12-01,1.1261
T0000250,P0045,PL02,M00250,44.52,43.28,24.26,7.2,8.15,3.67,39.61,2025-11-13,1.2366
T0000251,P0033,PL03,M00001,330.16,342.8,213.21,58.08,41.3,30.21,312.59,2025-06-20,1.3657
T0000252,P0117,PL04,M00002,182.98,175.35,103.35,36.24,23.27,12.49,162.86,2025-03-20,0.2347
T0000253,P0131,PL05,M00003,112.52,117.86,58.38,28.83,22.52,8.13,109.73,2025-04-29,1.1786
T0000254,P0108,PL06,M00004,247.05,238.54,127.84,51.36,40.39,18.95,219.59,2025-02-06,0.3566
T0000255,P0058,PL07,M00005,111.27,115.36,70.27,23.15,16.71,5.23,110.13,2025-02-23,1.1092
T0000256,P0052,PL08,M00006,1734.47,1718.78,996.58,391.32,203.11,127.77,1591.01,2025-01-09,1.4766
T0000257,P0063,PL01,M00007,25.99,26.63,14.21,5.47,5.29,1.66,24.97,2026-07-14,1.1578
T0000258,P0079,PL02,M00008,355.03,348.97,205.78,66.55,49.6,27.04,321.93,2026-11-05,0.8116
T0000259,P0134,PL03,M00009,546.86,539.52,341.26,87.05,86.21,25.0,514.52,2025-08-26,0.6989
T0000260,P0034,PL04,M00010,276.22,279.36,155.57,62.74,47.47,13.58,265.78,2025-03-05,0.4602
T0000261,P0052,PL05,M00011,86.33,86.6,47.54,21.75,12.71,4.6,82.0,2025-03-18,0.3717
T0000262,P0068,PL06,M00012,73.62,71.57,43.05,11.6,12.67,4.25,67.32,2025-11-12,0.367
T0000263,P0064,PL07,M00013,712.62,738.41,415.53,154.94,112.86,55.08,683.33,2025-04-04,0.8994
T0000264,P0025,PL08,M00014,245.53,239.76,124.54,53.15,43.72,18.35,221.41,2026-07-18,1.0998
T0000265,P0022,PL01,M00015,905.89,934.99,496.1,199.69,165.58,73.62,861.37,2026-01-17,1.7315
T0000266,P0011,PL02,M00016,40.18,39.96,25.67,5.77,5.6,2.92,37.04,2025-12-06,0.3536
T0000267,P0048,PL03,M00017,453.98,445.49,236.67,87.52,85.89,35.41,410.08,2025-08-08,0.7641
T0000268,P0023,PL04,M00018,265.05,254.7,153.65,45.63,35.96,19.46,235.24,2026-05-06,0.3208
T0000269,P0092,PL05,M00019,1069.51,1057.94,562.84,270.19,186.93,37.98,1019.96,2026-01-27,0.9404
T0000270,P0072,PL06,M00020,841.56,817.35,471.26,125.99,148.28,71.82,745.53,2025-01-31,0.8374
T0000271,P0057,PL07,M00021,472.82,473.22,291.74,82.67,70.0,28.81,444.41,2025-02-27,0.5879
T0000272,P0091,PL08,M00022,335.4,350.4,197.38,72.86,58.83,21.33,329.07,2026-08-29,0.301
T0000273,P0015,PL01,M00023,53.64,51.36,29.91,8.7,8.63,4.12,47.24,2025-02-08,0.1121
T0000274,P0006,PL02,M00024,406.37,389.57,229.42,63.16,58.71,38.28,351.29,2025-11-28,1.2986
T0000275,P0078,PL03,M00025,407.22,395.64,238.79,76.87,58.12,21.86,373.78,2025-04-14,1.369
T0000276,P0092,PL04,M00026,227.15,225.83,131.84,42.47,33.17,18.35,207.48,2026-07-30,0.612
T0000277,P0047,PL05,M00027,853.45,846.57,514.53,115.99,159.29,56.76,789.81,2026-08-05,1.2807
T0000278,P0082,PL06,M00028,200.46,206.11,115.37,41.9,41.16,7.68,198.43,2025-09-01,1.0791
T0000279,P0028,PL07,M00029,64.9,66.75,42.35,10.29,10.63,3.48,63.27,2025-12-25,0.6181
T0000280,P0123,PL08,M00030,179.23,173.73,102.57,29.0,26.88,15.28,158.45,2025-04-14,0.3689
T0000281,P0097,PL01,M00031,147.29,146.66,74.75,34.74,25.85,11.32,135.34,2025-06-24,0.8998
T0000282,P0112,PL02,M00032,28.49,29.3,16.45,5.17,6.21,1.47,27.83,2026-11-01,0.2462
T0000283,P0061,PL03,M00033,49.79,51.12,30.61,9.13,7.22,4.16,46.96,2025-10-16,0.4605
T0000284,P0123,PL04,M00034,26.51,26.83,16.44,4.91,4.56,0.92,25.91,2026-10-03,0.129
T0000285,P0068,PL05,M00035,678.31,650.54,391.03,125.47,94.24,39.8,610.74,2026-05-16,0.5788
T0000286,P0016,PL06,M00036,40.94,42.65,24.11,10.37,6.47,1.7,40.95,2025-10-03,0.205
T0000287,P0138,PL07,M00037,1458.78,1484.65,886.05,274.99,265.63,57.98,1426.67,2026-06-20,1.256
T0000288,P0038,PL08,M00038,303.44,297.19,188.75,46.13,42.4,19.91,277.28,2026-08-09,0.3199
T0000289,P0038,PL01,M00039,309.38,306.98,174.97,59.57,57.15,15.29,291.69,2026-03-22,0.5706
T0000290,P0004,PL02,M00040,1588.22,1582.81,943.72,268.02,224.83,146.24,1436.57,2026-06-17,1.4656
T0000291,P0026,PL03,M00041,1753.45,1715.37,978.84,315.56,295.12,125.85,1589.52,2025-04-19,1.551
T0000292,P0103,PL04,M00042,1428.18,1375.42,846.09,205.94,246.3,77.09,1298.33,2026-02-17,1.6773
T0000293,P0072,PL05,M00043,293.58,300.78,178.8,72.43,35.92,13.63,287.15,2025-11-07,1.4255
T0000294,P0023,PL06,M00044,406.08,395.5,217.47,92.92,66.54,18.57,376.93,2026-09-12,0.4327
T0000295,P0080,PL07,M00045,277.45,283.38,152.44,63.2,51.73,16.01,267.37,2025-06-12,0.339
T0000296,P0117,PL08,M00046,704.68,715.16,403.08,166.77,86.64,58.67,656.49,2025-09-13,0.9561
T0000297,P0115,PL01,M00047,1119.08,1124.69,664.8,214.97,207.07,37.85,1086.84,2026-01-17,1.1465
T0000298,P0042,PL02,M00048,459.7,438.33,247.19,71.7,85.99,33.45,404.88,2026-01-31,0.9784
T0000299,P0122,PL03,M00049,407.48,402.08,219.59,99.58,64.94,17.97,384.11,2026-11-30,1.1046
T0000300,P0097,PL04,M00050,361.33,352.26,219.41,75.78,44.71,12.36,339.9,2026-03-10,0.3708
T0000301,P0096,PL05,M00051,389.92,391.78,235.0,81.51,56.27,19.0,372.78,2026-11-10,0.6663
T0000302,P0077,PL06,M00052,257.54,254.89,140.82,45.47,50.25,18.35,236.54,2026-12-30,0.8041
T0000303,P0007,PL07,M00053,292.42,300.63,199.05,41.84,46.16,13.58,287.05,2025-05-24,0.4888
T0000304,P0137,PL08,M00054,538.54,555.13,320.34,115.72,77.17,41.9,513.23,2025-08-16,0.7461
T0000305,P0144,PL01,M00055,801.39,809.96,529.22,139.97,106.62,34.15,775.81,2025-09-22,1.1621
T0000306,P0119,PL02,M00056,129.55,131.81,72.04,21.19,28.43,10.15,121.66,2026-08-23,0.1355
T0000307,P0136,PL03,M00057,134.79,134.26,80.41,21.67,20.19,11.99,122.27,2026-11-29,0.1568
T0000308,P0081,PL04,M00058,122.31,123.5,81.16,20.45,17.2,4.69,118.81,2026-04-14,0.7057
T0000309,P0041,PL05,M00059,45.89,45.07,25.47,10.29,6.72,2.59,42.48,2025-06-22,0.2372
T0000310,P0004,PL06,M00060,361.92,375.29,224.97,69.51,60.65,20.16,355.13,2026-01-18,0.3421
T0000311,P0079,PL07,M00061,165.32,159.99,94.64,33.64,24.21,7.5,152.49,2026-01-28,1.1188
T0000312,P0126,PL08,M00062,178.38,173.78,95.31,37.12,30.08,11.27,162.51,2025-05-18,0.4399
T0000313,P0130,PL01,M00063,179.24,172.75,101.29,26.83,33.03,11.6,161.15,2025-01-23,0.6594
T0000314,P0028,PL02,M00064,100.23,101.61,55.09,19.13,18.62,8.77,92.84,2025-02-19,0.9408
T0000315,P0078,PL03,M00065,198.02,192.25,111.36,43.07,27.21,10.61,181.64,2026-10-08,0.89
T0000316,P0030,PL04,M00066,457.59,442.92,266.58,73.79,77.39,25.16,417.76,2025-05-01,0.4304
T0000317,P0128,PL05,M00067,588.44,580.17,347.33,90.3,100.13,42.41,537.76,2025-02-10,0.5837
T0000318,P0131,PL06,M00068,215.27,216.76,123.91,44.79,38.46,9.6,207.16,2025-04-03,0.9989
T0000319,P0075,PL07,M00069,363.65,377.14,228.02,71.62,60.03,17.47,359.67,2025-02-10,0.5802
T0000320,P0113,PL08,M00070,1047.78,999.03,563.2,194.98,160.76,80.09,918.94,2025-12-03,1.7872
T0000321,P0123,PL01,M00071,92.31,90.17,51.9,20.29,12.5,5.48,84.69,2026-01-30,0.2569
T0000322,P0113,PL02,M00072,992.59,949.02,550.2,192.12,153.23,53.47,895.55,2026-08-06,1.2059
T0000323,P0106,PL03,M00073,21.87,22.78,13.42,3.97,4.07,1.32,21.46,2026-05-15,0.219
T0000324,P0087,PL04,M00074,1186.38,1217.46,711.05,241.09,162.69,102.63,1114.83,2025-08-18,1.1262
T0000325,P0143,PL05,M00075,11.5,12.06,6.53,2.83,2.15,0.55,11.51,2025-06-02,0.0997
T0000326,P0085,PL06,M00076,89.94,92.57,51.79,18.13,18.42,4.23,88.34,2025-11-25,0.8192
T0000327,P0128,PL07,M00077,190.3,190.3,112.83,40.02,30.43,7.02,183.28,2025-04-01,0.2896
T0000328,P0078,PL08,M00078,423.53,418.42,249.38,85.97,59.58,23.49,394.93,2025-04-04,0.3604
T0000329,P0122,PL01,M00079,265.65,276.62,146.87,57.93,46.35,25.47,251.15,2026-07-28,0.2955
T0000330,P0028,PL02,M00080,241.73,242.28,133.18,43.79,49.08,16.23,226.05,2026-06-19,0.7002
T0000331,P0118,PL03,M00081,187.02,180.79,104.05,44.34,25.0,7.4,173.39,2026-02-07,0.2575
T0000332,P0130,PL04,M00082,137.01,133.27,79.9,26.82,19.99,6.56,126.71,2026-11-06,0.1293
T0000333,P0149,PL05,M00083,61.83,63.13,36.03,11.44,13.3,2.36,60.77,2025-07-01,0.2321
T0000334,P0064,PL06,M00084,1382.78,1370.12,795.31,224.03,246.28,104.5,1265.62,2026-12-11,1.6628
T0000335,P0141,PL07,M00085,1374.79,1328.48,733.3,293.08,188.29,113.81,1214.67,2025-11-03,1.1623
T0000336,P0046,PL08,M00086,1318.36,1292.22,635.77,299.76,246.73,109.96,1182.26,2026-10-28,1.1527
T0000337,P0137,PL01,M00087,899.48,933.77,567.5,136.04,148.68,81.55,852.22,2026-03-04,1.0672
T0000338,P0065,PL02,M00088,131.08,126.26,68.13,30.9,18.43,8.8,117.46,2025-06-14,0.9216
T0000339,P0058,PL03,M00089,438.04,443.58,260.72,82.02,80.68,20.16,423.42,2026-07-30,0.5503
T0000340,P0142,PL04,M00090,32.32,33.96,19.34,6.66,5.84,2.12,31.84,2026-12-03,0.9433
T0000341,P0095,PL05,M00091,1542.71,1533.68,1006.17,286.49,185.14,55.88,1477.8,2026-12-28,1.3584
T0000342,P0132,PL06,M00092,86.21,85.58,47.62,15.16,15.3,7.5,78.08,2025-06-27,0.1094
T0000343,P0040,PL07,M00093,139.09,137.09,70.71,26.94,28.13,11.31,125.78,2025-06-08,1.2025
T0000344,P0135,PL08,M00094,312.28,297.83,147.33,76.53,53.01,20.96,276.87,2026-12-26,0.7716
T0000345,P0085,PL01,M00095,317.79,310.77,175.03,64.8,51.54,19.4,291.37,2026-11-11,0.5086
T0000346,P0115,PL02,M00096,712.6,698.2,433.8,108.56,115.91,39.93,658.27,2026-11-16,1.3717
T0000347,P0133,PL03,M00097,1260.87,1326.72,749.31,225.13,263.5,88.78,1237.94,2025-10-17,1.2481
T0000348,P0138,PL04,M00098,29.64,30.62,18.61,5.83,3.69,2.49,28.13,2025-06-21,1.2248
T0000349,P0112,PL05,M00099,38.12,38.45,20.33,8.86,5.85,3.41,35.04,2026-12-21,0.1187
T0000350,P0067,PL06,M00100,427.73,431.65,233.12,101.81,69.03,27.69,403.96,2025-08-22,0.5369
T0000351,P0150,PL07,M00101,84.29,86.02,45.03,16.07,17.83,7.09,78.93,2025-03-06,0.5444
T0000352,P0008,PL08,M00102,322.23,333.03,180.37,79.79,46.03,26.84,306.19,2026-01-26,1.0092
T0000353,P0096,PL01,M00103,1721.53,1708.22,1051.97,341.17,258.15,56.93,1651.29,2026-11-25,1.4945
T0000354,P0089,PL02,M00104,1019.71,1029.47,537.01,241.55,209.46,41.45,988.02,2025-08-04,1.2041
T0000355,P0146,PL03,M00105,911.86,930.8,503.89,192.23,148.53,86.15,844.65,2026-11-19,0.8208
T0000356,P0033,PL04,M00106,128.47,122.92,65.75,27.29,19.47,10.41,112.51,2025-12-05,0.5744
T0000357,P0146,PL05,M00107,1123.97,1089.91,627.48,223.17,202.12,37.14,1052.77,2025-06-06,1.6589
T0000358,P0085,PL06,M00108,525.78,529.31,310.72,109.95,68.43,40.21,489.1,2026-01-04,0.5531
T0000359,P0138,PL07,M00109,707.47,676.98,428.56,122.5,97.32,28.6,648.38,2025-05-24,1.2331
T0000360,P0055,PL08,M00110,498.2,498.15,290.39,105.57,70.67,31.52,466.63,2026-08-16,0.4374
T0000361,P0075,PL01,M00111,954.88,955.82,606.67,139.78,146.98,62.39,893.43,2026-08-27,0.9946
T0000362,P0132,PL02,M00112,329.52,344.0,214.52,50.29,67.16,12.03,331.97,2026-12-02,0.3727
T0000363,P0125,PL03,M00113,59.63,62.46,35.38,12.02,9.51,5.55,56.91,2025-02-11,0.4526
T0000364,P0083,PL04,M00114,920.12,902.05,529.44,143.24,179.22,50.15,851.9,2025-02-17,0.8376
T0000365,P0020,PL05,M00115,294.39,299.07,179.9,51.02,54.03,14.12,284.95,2026-08-25,0.5697
T0000366,P0129,PL06,M00116,236.16,241.97,147.78,40.48,41.11,12.6,229.37,2026-09-11,0.2659
T0000367,P0059,PL07,M00117,834.41,864.86,487.61,195.96,118.22,63.07,801.79,2025-05-02,1.2607
T0000368,P0147,PL08,M00118,122.31,120.54,75.8,16.52,17.41,10.81,109.73,2025-02-14,0.3556
T0000369,P0145,PL01,M00119,636.81,619.04,367.12,125.71,92.06,34.15,584.89,2026-02-20,1.0492
T0000370,P0150,PL02,M00120,405.39,407.65,241.15,78.87,64.37,23.26,384.39,2025-05-27,0.386
T0000371,P0052,PL03,M00121,1108.02,1130.26,653.66,218.97,202.04,55.59,1074.67,2025-04-22,1.0847
T0000372,P0031,PL04,M00122,1126.05,1163.67,669.3,197.5,215.55,81.32,1082.35,2026-06-29,1.1672
T0000373,P0012,PL05,M00123,440.8,420.9,214.71,102.98,79.72,23.49,397.41,2026-03-07,0.474
T0000374,P0026,PL06,M00124,137.07,131.81,68.6,33.47,23.63,6.11,125.7,2026-12-15,0.4641
T0000375,P0002,PL07,M00125,224.2,230.27,144.7,43.37,31.31,10.89,219.38,2025-01-06,0.2132
T0000376,P0065,PL08,M00126,703.62,695.15,387.61,146.99,111.77,48.78,646.37,2026-10-30,0.628
T0000377,P0095,PL01,M00127,779.59,786.31,430.74,157.42,128.26,69.89,716.42,2026-05-10,0.6861
T0000378,P0059,PL02,M00128,87.11,89.59,52.51,19.91,11.19,5.98,83.61,2025-05-02,0.2627
T0000379,P0002,PL03,M00129,247.56,247.69,159.52,36.55,34.68,16.94,230.75,2026-02-03,0.8068
T0000380,P0134,PL04,M00130,203.3,194.43,119.77,32.47,30.51,11.68,182.75,2026-02-15,1.5309
T0000381,P0009,PL05,M00131,688.97,691.25,338.06,170.38,123.68,59.13,632.12,2025-10-20,0.6552
T0000382,P0103,PL06,M00132,554.06,546.17,308.24,139.49,75.48,22.96,523.21,2025-10-10,0.6669
T0000383,P0150,PL07,M00133,1084.28,1118.84,627.89,260.38,190.05,40.52,1078.32,2026-07-27,1.5518
T0000384,P0028,PL08,M00134,138.87,138.77,80.05,29.49,19.22,10.01,128.76,2026-02-21,0.8783
T0000385,P0114,PL01,M00135,1099.78,1136.08,691.91,192.74,198.16,53.27,1082.81,2025-09-14,0.9769
T0000386,P0067,PL02,M00136,1064.79,1039.43,614.66,183.26,195.47,46.04,993.39,2026-05-09,1.3108
T0000387,P0068,PL03,M00137,137.08,136.89,77.61,30.82,21.92,6.54,130.35,2025-01-10,0.2289
T0000388,P0047,PL04,M00138,1425.89,1382.64,883.27,229.66,169.51,100.2,1282.44,2026-08-11,1.3411
T0000389,P0028,PL05,M00139,147.04,144.36,74.07,34.97,26.88,8.44,135.92,2025-12-31,0.8492
T0000390,P0127,PL06,M00140,502.38,528.38,311.98,114.13,82.5,19.77,508.61,2026-09-28,0.9237
T0000391,P0139,PL07,M00141,512.51,538.69,332.43,95.89,83.72,26.65,512.04,2026-03-10,0.5185
T0000392,P0054,PL08,M00142,290.89,294.89,168.34,56.71,46.24,23.6,271.29,2025-01-09,0.2459
T0000393,P0048,PL01,M00143,304.25,311.75,165.88,65.53,53.75,26.59,285.16,2025-12-18,0.3551
T0000394,P0059,PL02,M00144,761.7,732.6,447.03,113.79,106.27,65.51,667.09,2026-08-13,1.3036
T0000395,P0108,PL03,M00145,349.28,355.87,196.25,67.73,69.15,22.74,333.13,2025-01-10,1.2487
T0000396,P0102,PL04,M00146,60.94,60.17,37.85,9.53,10.49,2.3,57.87,2026-08-05,0.1749
T0000397,P0066,PL05,M00147,36.34,35.06,18.53,8.82,4.47,3.24,31.82,2026-07-28,0.7012
T0000398,P0084,PL06,M00148,1296.45,1287.13,760.07,241.74,185.21,100.11,1187.02,2025-10-19,1.2769
T0000399,P0087,PL07,M00149,923.33,880.14,438.42,215.08,162.53,64.11,816.03,2026-10-18,0.7459
T0000400,P0102,PL08,M00150,909.53,891.02,542.97,137.23,138.71,72.11,818.91,2026-09-12,0.9674
T0000401,P0061,PL01,M00151,48.3,50.19,27.1,9.74,8.31,5.04,45.15,2025-05-09,0.2901
T0000402,P0022,PL02,M00152,591.11,571.87,338.05,116.12,83.64,34.06,537.81,2026-06-21,1.0455
T0000403,P0135,PL03,M00153,10.97,11.33,6.72,2.06,1.48,1.07,10.26,2025-05-10,0.1666
T0000404,P0035,PL04,M00154,399.3,382.67,194.37,82.31,74.56,31.43,351.24,2026-07-16,1.0287
T0000405,P0139,PL05,M00155,187.18,186.22,101.99,37.8,32.39,14.04,172.18,2025-12-22,0.9649
T0000406,P0121,PL06,M00156,31.65,33.16,20.01,6.81,4.23,2.11,31.05,2025-12-19,1.2281
T0000407,P0096,PL07,M00157,1120.7,1175.91,684.06,196.4,181.63,113.82,1062.09,2025-01-08,1.3786
T0000408,P0062,PL08,M00158,252.25,251.89,148.87,56.18,29.2,17.64,234.25,2025-03-23,0.445
T0000409,P0116,PL01,M00159,326.37,329.33,202.84,59.79,52.71,13.99,315.34,2026-10-15,0.3238
T0000410,P0003,PL02,M00160,68.92,68.42,42.95,11.91,10.46,3.1,65.32,2026-03-25,0.3527
T0000411,P0021,PL03,M00161,59.05,58.83,33.58,11.04,9.36,4.85,53.98,2025-02-02,0.4744
T0000412,P0064,PL04,M00162,421.69,438.37,243.18,89.46,71.83,33.9,404.47,2025-01-13,0.478
T0000413,P0080,PL05,M00163,372.8,375.61,231.08,50.73,71.85,21.95,353.66,2026-02-03,1.1246
T0000414,P0056,PL06,M00164,616.4,621.42,371.65,123.86,92.27,33.64,587.78,2025-02-23,1.2605
T0000415,P0122,PL07,M00165,272.78,283.16,159.07,54.45,50.55,19.09,264.07,2025-02-13,0.8659
T0000416,P0016,PL08,M00166,490.11,471.55,259.19,102.48,81.69,28.19,443.36,2026-10-03,1.4509
T0000417,P0050,PL01,M00167,437.2,458.49,284.67,99.31,56.37,18.14,440.35,2026-03-26,0.5856
T0000418,P0048,PL02,M00168,347.77,361.89,218.32,77.55,46.28,19.74,342.15,2025-07-14,0.5012
T0000419,P0068,PL03,M00169,603.6,596.83,333.21,110.15,108.98,44.49,552.34,2026-04-06,0.7843
T0000420,P0083,PL04,M00170,1320.17,1278.08,796.63,207.88,155.9,117.67,1160.41,2026-09-28,1.1483
T0000421,P0025,PL05,M00171,20.03,21.07,11.96,4.24,3.58,1.29,19.78,2025-11-26,0.1443
T0000422,P0100,PL06,M00172,736.7,760.98,433.39,136.95,145.82,44.82,716.16,2026-10-20,0.7007
T0000423,P0021,PL07,M00173,68.07,65.05,37.44,12.17,11.8,3.64,61.41,2026-11-03,0.4854
T0000424,P0019,PL08,M00174,197.15,189.83,103.91,41.41,30.63,13.88,175.95,2026-06-26,1.1233
T0000425,P0046,PL01,M00175,991.4,965.0,510.85,203.49,174.25,76.41,888.59,2025-09-12,0.8369
T0000426,P0047,PL02,M00176,825.7,802.88,519.12,147.78,96.86,39.12,763.76,2025-06-20,0.965
T0000427,P0096,PL03,M00177,1193.43,1219.21,668.56,232.92,238.31,79.42,1139.79,2025-11-29,1.3684
T0000428,P0116,PL04,M00178,104.97,101.47,56.61,18.9,18.55,7.41,94.06,2026-01-04,0.1233
T0000429,P0081,PL05,M00179,718.19,753.22,445.7,124.14,120.86,62.52,690.7,2025-08-16,1.3099
T0000430,P0150,PL06,M00180,176.77,183.51,110.15,37.92,21.93,13.51,170.0,2025-09-29,0.3768
T0000431,P0125,PL07,M00181,160.15,168.56,103.58,31.04,26.86,7.08,161.48,2026-05-10,0.8222
T0000432,P0112,PL08,M00182,409.84,394.23,242.87,74.41,51.63,25.32,368.91,2025-12-23,1.54
T0000433,P0011,PL01,M00183,1241.62,1277.33,801.3,218.64,145.21,112.18,1165.15,2025-11-09,1.1456
T0000434,P0130,PL02,M00184,350.74,356.24,192.77,67.63,73.5,22.34,333.9,2026-09-02,0.7678
T0000435,P0103,PL03,M00185,1122.05,1168.66,682.78,237.93,171.63,76.32,1092.34,2025-09-26,1.3
T0000436,P0135,PL04,M00186,117.33,122.17,68.35,26.82,19.54,7.46,114.71,2026-09-23,0.2414
T0000437,P0083,PL05,M00187,70.09,71.1,39.34,13.58,14.99,3.19,67.91,2025-12-23,1.2051
T0000438,P0096,PL06,M00188,59.14,56.4,34.1,10.77,7.61,3.92,52.48,2025-08-28,0.3049
T0000439,P0029,PL07,M00189,721.28,745.33,390.63,180.9,123.62,50.18,695.15,2026-12-12,0.8006
T0000440,P0037,PL08,M00190,779.51,759.55,414.09,177.95,103.6,63.91,695.64,2026-09-30,0.9725
T0000441,P0003,PL01,M00191,793.46,792.33,498.6,131.94,106.99,54.8,737.53,2025-02-24,0.9843
T0000442,P0098,PL02,M00192,311.59,325.48,197.42,55.8,51.37,20.89,304.59,2026-01-31,1.5281
T0000443,P0011,PL03,M00193,513.28,540.09,333.17,80.08,104.98,21.86,518.23,2026-12-31,0.4937
T0000444,P0016,PL04,M00194,925.59,903.56,467.62,223.97,148.71,63.26,840.3,2026-05-29,1.1266
T0000445,P0023,PL05,M00195,1286.73,1341.0,705.64,330.47,232.72,72.17,1268.83,2026-11-04,1.2463
T0000446,P0115,PL06,M00196,104.02,100.35,54.21,24.87,15.21,6.06,94.29,2026-09-12,0.3597
T0000447,P0035,PL07,M00197,311.18,305.83,180.88,60.94,48.29,15.72,290.11,2026-06-21,0.9962
T0000448,P0008,PL08,M00198,1277.15,1333.79,756.02,239.83,281.16,56.78,1277.01,2025-05-30,1.5563
T0000449,P0034,PL01,M00199,77.51,74.64,38.72,16.39,13.47,6.06,68.58,2025-07-12,1.1848
T0000450,P0123,PL02,M00200,1233.05,1261.57,702.46,287.91,193.64,77.56,1184.01,2026-01-03,1.2154
T0000451,P0105,PL03,M00201,586.64,602.37,386.81,99.68,90.98,24.9,577.47,2025-08-20,1.0718
T0000452,P0126,PL04,M00202,1547.9,1559.15,931.59,284.58,221.85,121.13,1438.02,2026-03-26,1.6464
T0000453,P0138,PL05,M00203,74.91,72.66,42.35,13.68,11.4,5.23,67.43,2026-08-09,0.8257
T0000454,P0100,PL06,M00204,35.85,34.15,19.91,7.44,5.2,1.6,32.55,2025-02-10,0.3105
T0000455,P0133,PL07,M00205,1382.36,1337.02,726.09,252.89,272.18,85.86,1251.16,2025-02-25,1.3942
T0000456,P0106,PL08,M00206,98.68,103.86,52.35,24.22,19.97,7.32,96.54,2025-05-19,0.1113
T0000457,P0042,PL01,M00207,59.93,61.13,33.6,14.31,11.0,2.22,58.91,2026-10-27,0.3119
T0000458,P0141,PL02,M00208,131.57,129.9,69.99,27.4,27.26,5.25,124.65,2025-06-13,1.3121
T0000459,P0108,PL03,M00209,816.52,836.04,457.54,194.58,121.29,62.63,773.41,2026-12-31,1.3002
T0000460,P0118,PL04,M00210,861.56,845.51,497.43,179.24,122.19,46.65,798.86,2025-09-17,0.8201
T0000461,P0002,PL05,M00211,432.01,431.27,249.0,70.12,83.53,28.62,402.65,2025-03-23,0.3817
T0000462,P0009,PL06,M00212,272.45,274.9,165.72,49.6,44.82,14.76,260.14,2025-05-29,0.4427
T0000463,P0147,PL07,M00213,569.25,559.66,300.3,120.47,92.66,46.23,513.43,2026-12-18,1.5004
T0000464,P0110,PL08,M00214,75.75,78.44,45.25,14.48,15.07,3.64,74.8,2025-03-11,0.5524
T0000465,P0028,PL01,M00215,1671.69,1647.11,963.09,308.97,271.18,103.87,1543.24,2026-09-19,1.507
T0000466,P0135,PL02,M00216,1114.02,1163.84,632.51,184.21,242.06,105.06,1058.78,2025-11-21,1.5856
T0000467,P0075,PL03,M00217,3.4,3.44,2.03,0.76,0.52,0.13,3.31,2025-08-27,0.2646
T0000468,P0090,PL04,M00218,49.6,52.06,31.93,7.83,7.88,4.42,47.64,2025-02-16,0.1173
T0000469,P0086,PL05,M00219,850.06,879.26,477.36,189.73,149.02,63.15,816.11,2025-01-07,1.071
T0000470,P0010,PL06,M00220,338.71,349.2,181.78,86.25,56.36,24.81,324.39,2026-05-01,0.3506
T0000471,P0134,PL07,M00221,1622.61,1680.39,998.71,317.79,246.41,117.48,1562.91,2025-02-27,1.4399
T0000472,P0039,PL08,M00222,35.71,36.93,20.01,8.99,4.84,3.09,33.84,2025-12-29,0.5059
T0000473,P0081,PL01,M00223,324.61,331.33,202.82,57.8,53.02,17.69,313.64,2025-11-12,0.5854
T0000474,P0010,PL02,M00224,159.54,160.88,93.8,29.42,24.69,12.97,147.91,2025-04-25,0.8084
T0000475,P0084,PL03,M00225,255.15,257.63,146.41,49.48,51.75,9.99,247.64,2026-06-21,1.221
T0000476,P0002,PL04,M00226,101.4,101.78,57.91,26.2,12.88,4.79,96.99,2026-06-19,1.0178
T0000477,P0148,PL05,M00227,201.34,204.26,112.75,37.05,36.23,18.23,186.03,2025-11-16,0.4653
T0000478,P0004,PL06,M00228,1052.99,1026.64,650.16,154.57,142.72,79.19,947.45,2025-10-08,0.8881
T0000479,P0019,PL07,M00229,542.97,537.42,304.04,99.47,87.21,46.7,490.72,2025-09-08,0.7645
T0000480,P0115,PL08,M00230,459.03,468.15,256.81,94.21,78.03,39.1,429.05,2026-02-06,0.6343
T0000481,P0034,PL01,M00231,299.63,291.4,171.23,66.51,36.04,17.62,273.78,2026-04-22,0.3007
T0000482,P0094,PL02,M00232,336.86,327.99,166.21,78.82,59.07,23.89,304.1,2026-09-24,0.8519
T0000483,P0119,PL03,M00233,843.05,849.28,530.1,120.42,147.83,50.93,798.35,2025-12-26,1.4444
T0000484,P0078,PL04,M00234,581.44,562.36,306.12,103.67,110.09,42.48,519.88,2026-10-28,0.5895
T0000485,P0111,PL05,M00235,1800.56,1716.35,977.5,358.12,292.99,87.74,1628.61,2026-12-12,1.4657
T0000486,P0119,PL06,M00236,295.72,298.49,188.21,43.21,42.4,24.67,273.82,2026-05-14,0.2605
T0000487,P0127,PL07,M00237,82.01,85.51,52.19,14.15,14.03,5.14,80.37,2026-01-24,0.4385
T0000488,P0075,PL08,M00238,957.57,913.32,463.3,232.13,158.99,58.9,854.42,2026-04-09,0.7656
T0000489,P0089,PL01,M00239,29.39,30.09,15.28,6.87,6.04,1.9,28.19,2026-03-22,1.1573
T0000490,P0144,PL02,M00240,260.34,249.32,142.46,52.12,37.24,17.5,231.82,2025-01-01,1.0655
T0000491,P0140,PL03,M00241,256.45,250.03,133.26,58.51,41.27,16.99,233.04,2026-01-26,0.685
T0000492,P0035,PL04,M00242,144.74,138.77,84.26,26.8,20.63,7.08,131.69,2026-11-18,0.8896
T0000493,P0117,PL05,M00243,618.11,648.84,374.28,129.1,113.3,32.16,616.68,2026-03-02,0.7365
T0000494,P0128,PL06,M00244,499.76,500.59,285.27,92.98,91.81,30.53,470.06,2025-01-08,0.4827
T0000495,P0021,PL07,M00245,1736.67,1824.9,975.5,477.72,289.47,82.21,1742.69,2026-08-18,1.6773
T0000496,P0020,PL08,M00246,696.89,664.19,408.23,141.08,87.41,27.47,636.72,2026-04-29,0.5549
T0000497,P0091,PL01,M00247,186.95,181.29,101.05,41.09,32.13,7.02,174.27,2025-12-06,0.3011
T0000498,P0147,PL02,M00248,819.0,844.18,516.7,156.22,133.63,37.63,806.55,2026-08-16,1.3907
T0000499,P0072,PL03,M00249,56.69,56.19,33.01,10.08,10.74,2.36,53.83,2025-05-16,0.1048
T0000500,P0061,PL04,M00250,515.64,530.55,275.88,101.69,106.93,46.05,484.5,2025-09-25,1.3962
T0000501,P0106,PL05,M00001,455.74,441.74,243.16,97.55,83.38,17.65,424.09,2026-05-23,0.8888
T0000502,P0043,PL06,M00002,669.7,650.89,344.26,164.99,84.18,57.46,593.43,2025-04-29,0.788
T0000503,P0136,PL07,M00003,24.2,23.58,13.04,5.2,3.84,1.5,22.08,2025-09-26,0.6935
T0000504,P0091,PL08,M00004,306.58,317.49,179.38,74.64,44.01,19.46,298.03,2026-06-29,0.559
T0000505,P0050,PL01,M00005,596.68,606.57,321.37,123.82,122.97,38.41,568.16,2026-11-20,0.8653
T0000506,P0115,PL02,M00006,561.36,543.61,316.61,107.46,70.98,48.56,495.05,2026-06-22,1.1843
T0000507,P0032,PL03,M00007,259.38,261.94,147.77,45.15,45.79,23.23,238.71,2025-08-11,1.4083
T0000508,P0065,PL04,M00008,1157.69,1108.86,665.79,157.29,209.29,76.49,1032.37,2026-12-14,1.1479
T0000509,P0042,PL05,M00009,601.22,594.92,323.78,149.86,77.5,43.78,551.14,2025-11-28,1.0311
T0000510,P0052,PL06,M00010,366.29,353.81,199.61,73.67,59.55,20.98,332.83,2026-05-19,0.4347
T0000511,P0009,PL07,M00011,161.72,155.43,95.63,29.13,18.85,11.82,143.61,2025-09-23,1.0093
T0000512,P0069,PL08,M00012,951.44,909.06,512.22,156.08,171.26,69.5,839.56,2026-11-12,1.3271
T0000513,P0058,PL01,M00013,1091.87,1123.27,692.18,244.86,133.15,53.08,1070.19,2025-03-13,1.4094
T0000514,P0024,PL02,M00014,1355.11,1384.9,833.13,231.48,220.24,100.05,1284.85,2026-02-15,1.2544
T0000515,P0049,PL03,M00015,1080.26,1102.93,643.93,237.67,174.8,46.53,1056.4,2026-01-29,1.365
T0000516,P0062,PL04,M00016,143.09,146.48,75.26,36.43,23.34,11.45,135.03,2025-07-17,0.1817
T0000517,P0015,PL05,M00017,73.75,76.75,42.06,14.14,14.05,6.5,70.25,2025-02-07,0.7912
T0000518,P0019,PL06,M00018,234.82,236.98,138.88,45.55,42.6,9.95,227.03,2026-08-17,0.7926
T0000519,P0079,PL07,M00019,875.01,880.4,465.12,241.12,137.8,36.36,844.04,2026-10-10,0.9326
T0000520,P0052,PL08,M00020,918.46,877.07,525.61,171.48,107.66,72.32,804.75,2025-03-06,1.253
T0000521,P0012,PL01,M00021,228.48,220.68,123.51,43.51,38.42,15.24,205.44,2025-08-07,0.6046
T0000522,P0035,PL02,M00022,794.82,798.62,496.39,131.91,133.55,36.77,761.85,2026-08-19,1.0239
T0000523,P0122,PL03,M00023,155.8,152.29,92.79,31.39,18.31,9.8,142.49,2025-10-18,0.3525
T0000524,P0023,PL04,M00024,564.31,587.1,325.75,131.34,105.45,24.56,562.54,2026-05-27,0.8132
T0000525,P0057,PL05,M00025,221.0,225.4,126.09,44.5,36.8,18.01,207.39,2026-07-07,0.517
T0000526,P0012,PL06,M00026,326.51,333.44,193.85,69.76,57.49,12.34,321.1,2026-11-18,0.4416
T0000527,P0041,PL07,M00027,803.56,799.87,446.67,148.26,134.58,70.36,729.51,2026-07-05,0.7975
T0000528,P0029,PL08,M00028,106.17,108.3,59.53,25.78,17.23,5.76,102.54,2025-11-30,0.2275
T0000529,P0056,PL01,M00029,287.8,294.47,156.3,60.21,52.56,25.4,269.07,2026-03-23,0.3129
T0000530,P0146,PL02,M00030,211.69,214.97,127.83,36.44,39.66,11.04,203.93,2025-02-02,0.3681
T0000531,P0044,PL03,M00031,1753.53,1744.3,976.69,374.28,297.59,95.74,1648.56,2026-10-16,1.5274
T0000532,P0110,PL04,M00032,292.52,289.75,150.27,63.99,54.93,20.56,269.19,2025-10-13,0.5604
T0000533,P0121,PL05,M00033,49.39,51.53,31.45,8.46,6.76,4.86,46.67,2025-02-15,0.6606
T0000534,P0105,PL06,M00034,139.57,144.47,87.91,22.24,27.38,6.94,137.53,2025-01-13,0.5141
T0000535,P0150,PL07,M00035,783.64,792.01,434.74,189.31,102.57,65.39,726.62,2026-08-08,0.8417
T0000536,P0019,PL08,M00036,682.02,651.28,368.76,128.77,114.85,38.9,612.38,2025-01-02,0.9425
T0000537,P0086,PL01,M00037,1713.84,1734.06,1036.77,310.32,266.69,120.28,1613.78,2026-12-03,1.6298
T0000538,P0144,PL02,M00038,1343.27,1338.82,756.92,237.18,263.66,81.06,1257.76,2025-06-29,1.1561
T0000539,P0054,PL03,M00039,403.53,413.19,238.92,80.74,59.7,33.83,379.36,2026-08-18,0.6204
T0000540,P0032,PL04,M00040,1433.84,1417.17,835.89,213.1,245.56,122.62,1294.55,2026-06-24,1.2895
T0000541,P0118,PL05,M00041,99.0,100.85,59.16,22.18,11.87,7.64,93.21,2025-03-09,0.5796
T0000542,P0053,PL06,M00042,30.39,30.66,18.64,6.59,4.0,1.43,29.23,2025-06-04,0.5475
T0000543,P0017,PL07,M00043,610.44,593.36,363.64,101.05,88.46,40.21,553.15,2025-10-26,1.2234
T0000544,P0136,PL08,M00044,582.66,583.8,315.46,127.45,105.09,35.8,548.0,2026-11-13,0.6339
T0000545,P0013,PL01,M00045,360.07,348.47,198.72,60.51,65.53,23.71,324.76,2025-10-23,0.4754
T0000546,P0040,PL02,M00046,103.32,106.43,60.24,18.08,21.67,6.44,99.99,2026-12-27,0.2141
T0000547,P0089,PL03,M00047,629.47,642.02,393.3,99.77,104.92,44.03,597.99,2026-11-13,0.8306
T0000548,P0082,PL04,M00048,27.81,29.13,17.76,6.2,3.85,1.32,27.81,2026-04-15,1.6183
T0000549,P0038,PL05,M00049,431.42,433.21,248.69,89.34,75.9,19.28,413.93,2026-08-11,0.4735
T0000550,P0057,PL06,M00050,240.89,235.6,135.8,50.82,34.45,14.53,221.07,2026-09-25,0.3179
T0000551,P0138,PL07,M00051,238.22,228.03,128.49,56.25,27.47,15.82,212.21,2025-01-24,1.2129
T0000552,P0110,PL08,M00052,414.07,406.52,215.32,88.99,69.73,32.48,374.04,2026-02-12,0.5081
T0000553,P0107,PL01,M00053,226.07,226.35,123.65,55.05,34.58,13.07,213.28,2026-03-31,0.3766
T0000554,P0078,PL02,M00054,1366.53,1381.26,793.86,225.55,244.26,117.59,1263.67,2025-05-28,1.2731
T0000555,P0143,PL03,M00055,1169.91,1198.64,717.43,221.59,218.43,41.19,1157.45,2026-03-01,1.0219
T0000556,P0127,PL04,M00056,438.59,423.24,236.15,93.24,69.25,24.6,398.64,2026-08-23,0.4413
T0000557,P0074,PL05,M00057,332.4,324.64,202.25,59.02,47.87,15.5,309.14,2026-11-13,0.8611
T0000558,P0124,PL06,M00058,1212.47,1191.16,602.59,277.02,244.98,66.57,1124.59,2026-01-06,1.3191
T0000559,P0149,PL07,M00059,169.54,173.49,107.68,35.24,23.75,6.82,166.67,2025-09-23,0.5615
T0000560,P0075,PL08,M00060,1160.21,1113.46,697.76,171.44,204.0,40.26,1073.2,2025-12-31,1.0178
T0000561,P0081,PL01,M00061,490.32,487.91,313.75,65.98,71.56,36.62,451.29,2025-11-27,0.8636
T0000562,P0125,PL02,M00062,1215.2,1175.86,727.37,179.72,227.7,41.07,1134.79,2026-01-17,1.6655
T0000563,P0135,PL03,M00063,1097.74,1049.55,590.51,208.45,166.53,84.06,965.49,2026-12-08,0.9223
T0000564,P0093,PL04,M00064,1121.94,1109.67,626.07,238.68,165.07,79.85,1029.82,2025-12-23,1.2128
T0000565,P0037,PL05,M00065,119.02,122.26,73.05,21.13,22.23,5.85,116.41,2025-08-16,0.1913
T0000566,P0051,PL06,M00066,76.1,76.89,40.79,16.73,12.4,6.97,69.92,2026-03-18,0.9986
T0000567,P0032,PL07,M00067,433.93,428.27,247.84,93.74,51.9,34.79,393.48,2025-04-09,0.996
T0000568,P0091,PL08,M00068,1283.11,1336.33,707.92,304.09,209.17,115.15,1221.18,2026-08-17,1.2911
T0000569,P0073,PL01,M00069,115.95,110.85,59.44,26.05,20.36,5.0,105.85,2025-07-16,0.0999
T0000570,P0028,PL02,M00070,1042.6,1090.25,671.33,241.13,120.66,57.13,1033.12,2025-07-09,1.4813
T0000571,P0127,PL03,M00071,504.33,511.31,275.2,84.33,109.34,42.44,468.87,2026-06-17,0.8522
T0000572,P0142,PL04,M00072,1231.39,1261.64,706.95,268.58,210.19,75.92,1185.72,2026-03-31,2.0854
T0000573,P0126,PL05,M00073,623.88,638.82,363.33,149.66,101.81,24.02,614.8,2025-01-14,0.7781
T0000574,P0094,PL06,M00074,255.81,250.89,131.09,58.29,49.9,11.61,239.28,2025-06-22,0.3569
T0000575,P0070,PL07,M00075,649.54,662.63,348.91,163.23,102.42,48.07,614.56,2026-08-19,0.8967
T0000576,P0128,PL08,M00076,32.48,32.59,17.76,5.92,6.42,2.49,30.1,2025-09-14,0.1144
T0000577,P0078,PL01,M00077,219.31,217.13,123.18,41.9,33.65,18.4,198.73,2025-12-01,1.0489
T0000578,P0139,PL02,M00078,912.5,874.38,483.8,153.03,192.59,44.96,829.42,2026-06-01,0.7828
T0000579,P0118,PL03,M00079,27.11,26.88,15.66,3.65,5.23,2.34,24.54,2026-01-21,0.3491
T0000580,P0029,PL04,M00080,1029.89,1072.54,673.16,157.04,197.35,44.99,1027.55,2026-02-03,1.0577
T0000581,P0097,PL05,M00081,860.6,864.1,450.4,190.38,148.61,74.71,789.39,2026-05-22,1.1805
T0000582,P0088,PL06,M00082,125.03,123.08,72.52,25.29,15.5,9.77,113.31,2026-08-21,0.5889
T0000583,P0017,PL07,M00083,165.86,159.02,90.5,30.69,28.26,9.57,149.45,2025-03-28,0.6517
T0000584,P0121,PL08,M00084,57.1,57.71,33.78,9.57,10.0,4.36,53.35,2025-10-01,1.0493
T0000585,P0129,PL01,M00085,443.8,425.02,252.18,91.25,66.31,15.28,409.74,2025-12-11,1.2109
T0000586,P0074,PL02,M00086,54.8,54.47,29.91,9.43,12.69,2.44,52.03,2026-07-03,0.5091
T0000587,P0070,PL03,M00087,1269.21,1325.1,786.9,302.04,172.8,63.36,1261.74,2026-08-30,1.1326
T0000588,P0139,PL04,M00088,365.04,350.24,198.93,81.35,50.16,19.8,330.44,2026-03-20,0.8359
T0000589,P0048,PL05,M00089,396.45,387.63,218.59,63.55,68.46,37.03,350.6,2026-06-13,0.3756
T0000590,P0145,PL06,M00090,491.32,512.01,294.26,119.53,78.17,20.05,491.96,2026-03-21,0.4745
T0000591,P0053,PL07,M00091,640.21,632.09,357.67,105.21,115.38,53.83,578.26,2025-03-07,1.1369
T0000592,P0080,PL08,M00092,680.55,696.48,391.98,120.35,127.93,56.22,640.26,2025-09-09,0.6937
T0000593,P0141,PL01,M00093,160.91,154.33,93.7,25.09,26.97,8.57,145.76,2025-10-12,1.6076
T0000594,P0094,PL02,M00094,1511.21,1569.61,928.57,337.35,239.84,63.85,1505.76,2026-02-21,1.9095
T0000595,P0135,PL03,M00095,1376.45,1407.78,719.11,300.6,278.89,109.18,1298.6,2026-08-18,1.3721
T0000596,P0109,PL04,M00096,56.09,58.02,35.62,8.9,8.09,5.41,52.61,2025-08-30,0.1902
T0000597,P0029,PL05,M00097,743.81,768.67,471.62,132.18,126.41,38.46,730.21,2026-12-18,0.682
T0000598,P0009,PL06,M00098,211.74,214.37,124.12,37.77,39.84,12.64,201.73,2025-11-12,0.4287
T0000599,P0114,PL07,M00099,37.03,36.52,20.71,7.44,6.79,1.58,34.94,2025-08-31,1.4046
T0000600,P0042,PL08,M00100,1004.66,1057.3,601.8,155.53,208.84,91.13,966.17,2025-08-04,1.6044
T0000601,P0106,PL01,M00101,1089.5,1066.21,636.94,167.3,162.34,99.63,966.58,2026-04-28,1.2185
T0000602,P0084,PL02,M00102,56.88,59.5,34.49,9.81,12.55,2.65,56.85,2026-07-15,0.9015
T0000603,P0148,PL03,M00103,99.69,100.38,57.26,22.31,13.96,6.85,93.53,2025-11-09,0.4253
T0000604,P0123,PL04,M00104,170.33,170.46,104.03,32.05,23.4,10.98,159.48,2025-11-24,0.3139
T0000605,P0147,PL05,M00105,91.52,94.77,47.75,22.13,17.76,7.13,87.64,2026-01-22,1.8225
T0000606,P0044,PL06,M00106,756.18,738.09,408.33,142.02,130.61,57.13,680.96,2026-12-20,0.8882
T0000607,P0117,PL07,M00107,135.23,130.17,68.49,28.2,23.35,10.13,120.04,2026-06-23,0.5165
T0000608,P0053,PL08,M00108,538.45,553.51,287.34,109.14,115.39,41.64,511.87,2026-03-18,1.2273
T0000609,P0116,PL01,M00109,793.92,827.66,429.32,190.73,158.33,49.28,778.38,2025-09-26,1.0791
T0000610,P0099,PL02,M00110,104.21,108.05,65.64,19.43,19.19,3.79,104.26,2025-08-06,0.2023
T0000611,P0012,PL03,M00111,416.27,437.42,275.21,72.98,66.77,22.46,414.96,2026-11-18,0.8269
T0000612,P0044,PL04,M00112,1198.05,1164.86,639.14,246.83,235.25,43.64,1121.22,2025-07-03,1.1431
T0000613,P0128,PL05,M00113,1039.0,1005.1,623.39,141.42,172.29,68.0,937.1,2025-02-15,1.3437
T0000614,P0126,PL06,M00114,1425.71,1386.6,703.47,308.34,263.96,110.83,1275.77,2025-06-18,1.2078
T0000615,P0120,PL07,M00115,373.51,359.79,236.59,62.49,46.28,14.43,345.36,2025-09-24,1.4566
T0000616,P0090,PL08,M00116,634.55,652.13,400.75,111.25,107.79,32.34,619.79,2025-06-01,1.5272
T0000617,P0002,PL01,M00117,395.19,394.04,220.41,78.87,63.16,31.6,362.44,2026-08-21,0.3345
T0000618,P0101,PL02,M00118,300.98,315.46,189.29,42.36,57.63,26.18,289.28,2026-11-28,1.3897
T0000619,P0002,PL03,M00119,115.02,110.63,63.31,20.49,19.68,7.15,103.48,2026-09-01,1.1175
T0000620,P0013,PL04,M00120,759.41,746.42,460.63,103.21,136.22,46.36,700.06,2025-08-05,1.1124
T0000621,P0006,PL05,M00121,192.52,193.36,116.11,38.28,26.49,12.48,180.88,2026-02-13,0.5637
T0000622,P0034,PL06,M00122,256.88,260.18,134.24,65.75,44.92,15.27,244.91,2025-11-14,1.263
T0000623,P0095,PL07,M00123,276.55,265.52,157.66,55.94,42.46,9.46,256.06,2026-03-09,0.6791
T0000624,P0127,PL08,M00124,258.37,252.93,156.13,49.93,34.91,11.96,240.97,2025-06-08,0.2333
T0000625,P0064,PL01,M00125,461.5,447.68,267.25,75.05,73.43,31.95,415.73,2025-11-04,0.5059
T0000626,P0146,PL02,M00126,278.83,274.14,147.78,59.94,40.43,25.99,248.15,2026-11-08,0.372
T0000627,P0022,PL03,M00127,286.64,282.33,164.27,52.8,41.36,23.9,258.43,2026-02-07,0.4561
T0000628,P0048,PL04,M00128,700.52,698.77,410.17,142.75,124.03,21.82,676.95,2025-07-11,1.2916
T0000629,P0125,PL05,M00129,701.7,675.23,348.38,158.03,106.23,62.59,612.64,2026-12-10,0.9027
T0000630,P0049,PL06,M00130,340.77,337.34,212.97,59.62,50.99,13.76,323.58,2025-01-17,0.7702
T0000631,P0122,PL07,M00131,12.19,11.98,6.7,2.56,2.06,0.66,11.32,2026-04-20,0.2219
T0000632,P0076,PL08,M00132,157.46,152.51,89.03,22.3,29.39,11.79,140.72,2025-09-06,0.1878
T0000633,P0142,PL01,M00133,72.89,74.86,42.32,15.17,12.47,4.9,69.96,2026-09-03,0.8807
T0000634,P0005,PL02,M00134,660.42,664.75,377.99,164.77,82.45,39.54,625.21,2025-03-04,0.5586
T0000635,P0112,PL03,M00135,188.89,183.25,108.07,32.94,28.92,13.32,169.93,2025-12-22,0.539
T0000636,P0120,PL04,M00136,697.53,677.67,399.79,90.6,129.85,57.43,620.24,2026-09-09,1.1109
T0000637,P0054,PL05,M00137,190.37,190.75,96.64,47.31,30.81,15.99,174.76,2025-06-15,1.0255
T0000638,P0054,PL06,M00138,191.79,199.99,118.56,32.31,31.86,17.26,182.73,2025-11-07,1.8867
T0000639,P0111,PL07,M00139,106.53,104.48,59.81,15.13,20.83,8.71,95.77,2025-03-07,0.2204
T0000640,P0039,PL08,M00140,194.0,191.8,124.44,29.98,28.96,8.42,183.38,2025-10-01,0.8601
T0000641,P0027,PL01,M00141,90.78,89.89,49.75,18.27,17.18,4.69,85.2,2026-09-18,0.9462
T0000642,P0026,PL02,M00142,479.84,503.77,270.28,114.34,95.55,23.6,480.17,2026-06-03,0.6681
T0000643,P0074,PL03,M00143,68.48,71.98,40.72,12.46,12.88,5.92,66.06,2026-05-01,0.1999
T0000644,P0059,PL04,M00144,600.89,572.33,329.09,97.52,93.71,52.01,520.32,2026-03-08,0.6445
T0000645,P0003,PL05,M00145,34.32,32.95,19.09,6.5,5.2,2.16,30.79,2025-05-30,0.2168
T0000646,P0148,PL06,M00146,1799.63,1718.72,1005.38,366.05,213.56,133.73,1584.99,2026-10-19,1.6003
T0000647,P0072,PL07,M00147,394.54,391.41,230.8,85.26,58.53,16.82,374.59,2025-12-19,1.2626
T0000648,P0051,PL08,M00148,34.17,33.95,20.88,6.45,4.44,2.18,31.77,2026-10-27,0.1865
T0000649,P0142,PL01,M00149,569.02,563.25,293.44,124.86,114.82,30.13,533.12,2025-04-06,0.523
T0000650,P0109,PL02,M00150,354.72,338.72,196.45,70.58,44.92,26.77,311.95,2025-11-08,1.4353
T0000651,P0147,PL03,M00151,657.41,641.83,345.91,107.8,130.19,57.93,583.9,2026-04-05,0.6843
T0000652,P0090,PL04,M00152,613.37,618.61,382.2,117.01,88.19,31.21,587.4,2026-09-02,1.0449
T0000653,P0050,PL05,M00153,242.11,241.71,137.68,47.07,40.38,16.58,225.13,2026-06-13,0.2571
T0000654,P0095,PL06,M00154,794.33,771.44,394.32,186.03,144.18,46.91,724.53,2026-04-02,0.925
T0000655,P0107,PL07,M00155,287.31,277.43,158.81,44.22,50.99,23.41,254.02,2026-05-17,0.9096
T0000656,P0009,PL08,M00156,703.94,732.42,430.96,150.63,104.95,45.88,686.54,2026-04-12,0.6347
T0000657,P0096,PL01,M00157,310.86,315.43,182.03,69.17,47.51,16.72,298.71,2025-06-06,0.4065
T0000658,P0047,PL02,M00158,4.16,4.26,2.43,0.9,0.76,0.17,4.09,2025-10-18,0.3043
T0000659,P0034,PL03,M00159,970.23,979.89,554.08,212.26,137.55,76.0,903.89,2026-01-22,0.9395
T0000660,P0100,PL04,M00160,421.66,425.15,241.62,84.95,78.25,20.33,404.82,2026-10-01,0.5191
T0000661,P0080,PL05,M00161,318.76,328.05,187.89,67.04,59.12,14.0,314.05,2025-01-26,1.2473
T0000662,P0005,PL06,M00162,471.54,451.28,265.47,84.37,62.65,38.79,412.49,2026-05-03,0.4106
T0000663,P0083,PL07,M00163,70.73,73.11,40.59,12.4,14.67,5.45,67.66,2026-07-01,0.7168
T0000664,P0026,PL08,M00164,215.44,206.75,117.09,39.49,35.33,14.84,191.91,2025-04-04,0.584
T0000665,P0007,PL01,M00165,398.25,392.49,229.41,66.24,69.14,27.7,364.79,2025-11-30,0.633
T0000666,P0061,PL02,M00166,1256.33,1235.69,671.74,276.86,209.41,77.68,1158.01,2025-07-27,1.1757
T0000667,P0060,PL03,M00167,389.27,386.12,232.73,59.83,68.87,24.69,361.43,2026-02-22,0.6883
T0000668,P0129,PL04,M00168,252.88,244.41,146.22,37.6,43.29,17.3,227.11,2026-04-02,0.812
T0000669,P0119,PL05,M00169,656.09,643.84,364.91,130.46,98.25,50.22,593.62,2025-01-02,1.0695
T0000670,P0055,PL06,M00170,618.83,604.03,341.64,142.39,68.06,51.94,552.09,2025-12-26,0.5725
T0000671,P0111,PL07,M00171,1641.25,1576.86,851.74,398.03,204.46,122.63,1454.23,2026-07-24,1.5119
T0000672,P0083,PL08,M00172,240.09,239.4,136.82,36.87,49.11,16.6,222.8,2025-09-09,0.5429
T0000673,P0045,PL01,M00173,1629.47,1685.95,1003.59,396.68,205.26,80.42,1605.53,2025-01-10,1.4686
T0000674,P0114,PL02,M00174,1340.5,1298.74,724.53,223.39,242.24,108.58,1190.16,2025-02-01,1.7742
T0000675,P0095,PL03,M00175,89.28,85.4,45.97,16.18,16.89,6.36,79.04,2025-05-08,0.0928
T0000676,P0057,PL04,M00176,1243.84,1209.07,761.72,193.48,151.93,101.94,1107.13,2026-10-03,1.1842
T0000677,P0029,PL05,M00177,958.38,996.47,577.44,204.99,127.94,86.1,910.37,2026-10-16,0.8481
T0000678,P0017,PL06,M00178,976.99,947.37,528.25,223.81,151.34,43.97,903.4,2026-08-26,1.7511
T0000679,P0137,PL07,M00179,542.63,550.8,328.64,85.03,94.96,42.17,508.63,2026-12-11,1.0452
T0000680,P0105,PL08,M00180,243.59,241.78,146.66,36.14,38.39,20.59,221.19,2025-11-27,0.9335
T0000681,P0115,PL01,M00181,12.33,11.85,7.02,2.54,1.73,0.56,11.29,2026-03-07,0.5925
T0000682,P0064,PL02,M00182,148.02,141.42,75.91,25.96,26.06,13.49,127.93,2025-03-18,0.4087
T0000683,P0065,PL03,M00183,146.4,149.98,87.95,31.13,23.04,7.86,142.12,2025-12-09,0.6521
T0000684,P0113,PL04,M00184,1033.06,1069.91,598.17,228.63,190.21,52.9,1017.01,2026-09-07,1.1579
T0000685,P0114,PL05,M00185,668.41,669.96,384.64,130.66,94.93,59.73,610.23,2025-05-11,1.0685
T0000686,P0106,PL06,M00186,23.53,24.08,13.13,6.1,2.95,1.9,22.18,2026-09-25,0.7768
T0000687,P0133,PL07,M00187,112.01,114.48,60.47,25.91,22.89,5.21,109.27,2025-01-27,0.2834
T0000688,P0091,PL08,M00188,1141.12,1088.67,625.86,186.91,190.49,85.41,1003.26,2026-06-06,1.0941
T0000689,P0092,PL01,M00189,1204.59,1193.49,686.11,222.48,199.73,85.17,1108.32,2026-10-30,1.0675
T0000690,P0015,PL02,M00190,1117.11,1159.53,690.14,196.93,175.32,97.14,1062.39,2026-11-26,1.1064
T0000691,P0049,PL03,M00191,891.59,877.84,512.44,197.79,111.28,56.33,821.51,2025-03-12,0.9078
T0000692,P0011,PL04,M00192,563.68,578.94,323.99,117.98,99.13,37.84,541.1,2026-04-11,1.2613
T0000693,P0097,PL05,M00193,213.01,210.06,121.87,35.3,34.48,18.41,191.65,2025-12-06,0.2534
T0000694,P0150,PL06,M00194,124.75,127.88,72.29,28.65,19.89,7.05,120.83,2025-07-19,1.2917
T0000695,P0051,PL07,M00195,510.65,514.35,302.23,90.67,79.18,42.27,472.08,2025-09-09,1.3901
T0000696,P0117,PL08,M00196,1026.84,1031.15,582.76,176.52,186.44,85.43,945.72,2025-08-04,1.3444
T0000697,P0037,PL01,M00197,137.49,133.72,85.76,23.97,15.78,8.21,125.51,2025-03-08,0.336
T0000698,P0049,PL02,M00198,929.99,969.63,567.74,178.79,146.93,76.17,893.46,2026-09-23,1.5844
T0000699,P0021,PL03,M00199,41.27,41.82,24.75,7.28,6.58,3.21,38.61,2026-05-16,0.2945
T0000700,P0135,PL04,M00200,722.98,693.94,371.87,138.7,134.77,48.6,645.34,2026-12-31,0.6783
T0000701,P0061,PL05,M00201,223.49,225.71,123.98,43.65,40.67,17.41,208.3,2026-04-08,0.4939
T0000702,P0114,PL06,M00202,299.33,294.32,170.69,61.09,45.65,16.89,277.43,2025-03-28,0.4032
T0000703,P0070,PL07,M00203,24.58,24.42,14.6,4.29,3.69,1.84,22.58,2026-05-25,0.407
T0000704,P0071,PL08,M00204,51.22,49.91,28.51,9.58,7.46,4.36,45.55,2026-10-22,0.2365
T0000705,P0071,PL01,M00205,350.01,343.22,208.81,69.89,48.55,15.97,327.25,2026-12-01,1.1754
T0000706,P0104,PL02,M00206,21.04,21.94,11.75,4.82,4.54,0.83,21.11,2026-02-18,0.6453
T0000707,P0133,PL03,M00207,1042.3,1077.8,567.71,218.26,197.43,94.4,983.4,2026-05-01,0.9446
T0000708,P0054,PL04,M00208,1252.81,1312.93,684.43,305.59,214.76,108.15,1204.78,2026-12-16,1.4102
T0000709,P0091,PL05,M00209,264.32,274.26,163.63,50.89,40.2,19.54,254.72,2026-11-06,0.5823
T0000710,P0036,PL06,M00210,677.1,686.75,392.38,150.07,105.1,39.2,647.55,2025-02-02,1.0011
T0000711,P0099,PL07,M00211,196.07,191.94,115.86,40.25,27.48,8.35,183.59,2025-03-07,0.1955
T0000712,P0126,PL08,M00212,149.06,153.26,100.26,23.58,18.03,11.39,141.87,2025-02-02,0.391
T0000713,P0003,PL01,M00213,869.45,874.29,514.78,189.61,135.4,34.5,839.79,2026-01-13,1.2876
T0000714,P0053,PL02,M00214,951.36,979.89,523.17,192.77,196.24,67.71,912.18,2025-07-31,1.0948
T0000715,P0052,PL03,M00215,254.23,253.38,147.81,49.81,45.67,10.09,243.29,2026-04-15,0.839
T0000716,P0011,PL04,M00216,645.46,640.94,376.09,135.16,84.71,44.98,595.96,2026-04-19,1.07
T0000717,P0064,PL05,M00217,785.13,752.79,410.1,137.29,165.8,39.6,713.19,2025-06-29,0.842
T0000718,P0138,PL06,M00218,143.18,150.68,88.31,33.1,20.87,8.4,142.28,2025-06-11,1.0321
T0000719,P0027,PL07,M00219,498.48,502.19,288.06,84.98,91.31,37.84,464.35,2025-03-20,0.7418
T0000720,P0088,PL08,M00220,274.11,283.93,161.11,45.98,61.15,15.69,268.24,2026-04-18,0.6959
T0000721,P0141,PL01,M00221,233.43,236.22,137.71,53.24,26.55,18.72,217.5,2025-03-11,0.2607
T0000722,P0101,PL02,M00222,190.4,186.98,101.58,44.65,28.52,12.23,174.75,2026-07-02,1.113
T0000723,P0114,PL03,M00223,849.51,894.13,440.74,217.91,178.43,57.05,837.08,2026-06-30,0.8279
T0000724,P0052,PL04,M00224,1208.79,1227.55,702.13,254.82,203.6,67.0,1160.55,2026-01-22,1.5799
T0000725,P0025,PL05,M00225,65.85,63.23,35.69,14.38,10.48,2.68,60.55,2025-03-06,0.1796
T0000726,P0110,PL06,M00226,168.0,172.23,103.42,30.86,22.23,15.72,156.51,2026-02-09,0.3551
T0000727,P0072,PL07,M00227,147.28,140.98,83.66,29.32,18.07,9.93,131.05,2025-03-09,0.1843
T0000728,P0065,PL08,M00228,892.95,864.92,522.81,155.24,135.21,51.66,813.26,2026-08-06,1.2833
T0000729,P0124,PL01,M00229,73.96,74.99,44.95,14.8,10.05,5.19,69.8,2026-12-06,0.1077
T0000730,P0006,PL02,M00230,139.01,133.85,80.89,29.11,17.06,6.79,127.06,2025-01-14,0.507
T0000731,P0053,PL03,M00231,599.08,614.78,377.25,89.53,110.3,37.7,577.08,2025-06-05,1.237
T0000732,P0107,PL04,M00232,25.93,27.21,17.15,5.07,3.8,1.19,26.02,2025-02-10,0.4691
T0000733,P0057,PL05,M00233,838.67,811.58,441.62,181.39,131.52,57.05,754.53,2026-12-05,1.026
T0000734,P0053,PL06,M00234,66.72,64.11,41.39,11.31,7.76,3.65,60.46,2025-05-25,0.3254
T0000735,P0051,PL07,M00235,272.64,274.37,165.81,44.92,47.57,16.07,258.3,2025-06-18,0.3125
T0000736,P0093,PL08,M00236,292.5,306.16,198.12,52.67,38.35,17.02,289.14,2025-03-23,0.391
T0000737,P0098,PL01,M00237,211.52,209.95,118.12,37.12,38.82,15.89,194.06,2025-01-21,1.1664
T0000738,P0097,PL02,M00238,136.85,141.28,82.59,27.48,22.12,9.09,132.19,2026-04-10,0.1421
T0000739,P0104,PL03,M00239,1101.96,1134.68,613.84,172.57,241.21,107.06,1027.62,2026-01-19,1.3871
T0000740,P0145,PL04,M00240,550.92,572.83,325.55,115.49,96.42,35.37,537.46,2025-05-08,1.4074
T0000741,P0015,PL05,M00241,1176.66,1128.3,723.71,156.35,180.74,67.5,1060.8,2026-01-13,1.2851
T0000742,P0067,PL06,M00242,1222.87,1229.49,768.01,282.71,136.43,42.34,1187.15,2026-10-23,1.3052
T0000743,P0099,PL07,M00243,137.85,143.68,76.84,33.15,22.76,10.93,132.75,2025-04-05,0.8257
T0000744,P0098,PL08,M00244,739.16,777.18,448.43,140.55,142.04,46.16,731.02,2026-11-06,1.2143
T0000745,P0054,PL01,M00245,75.73,75.68,42.77,15.53,13.2,4.18,71.5,2025-05-27,0.1183
T0000746,P0111,PL02,M00246,252.52,264.9,151.02,53.69,46.47,13.72,251.18,2025-10-23,0.714
T0000747,P0016,PL03,M00247,216.7,216.91,128.56,36.15,36.17,16.03,200.88,2025-07-10,0.5396
T0000748,P0097,PL04,M00248,86.2,88.23,53.39,17.66,10.12,7.06,81.17,2025-10-28,0.1532
T0000749,P0150,PL05,M00249,72.59,69.38,40.95,12.0,12.66,3.77,65.61,2025-01-08,0.3336
T0000750,P0110,PL06,M00250,807.69,778.44,457.48,156.65,125.85,38.46,739.98,2025-12-12,1.0123
T0000751,P0085,PL07,M00001,11.92,11.37,6.68,2.2,1.7,0.79,10.58,2025-12-31,0.7106
T0000752,P0064,PL08,M00002,1094.88,1125.01,693.15,156.98,214.28,60.6,1064.41,2025-10-14,1.2032
T0000753,P0093,PL01,M00003,684.2,718.87,442.71,133.73,113.19,29.24,689.63,2025-11-26,1.0634
T0000754,P0026,PL02,M00004,616.26,591.83,339.12,152.81,77.02,22.88,568.95,2026-05-03,0.9686
T0000755,P0023,PL03,M00005,1781.46,1799.7,1042.1,318.2,287.8,151.6,1648.1,2026-05-25,1.5884
T0000756,P0023,PL04,M00006,1279.5,1297.11,790.45,240.77,200.17,65.72,1231.39,2025-06-24,1.4412
T0000757,P0032,PL05,M00007,1103.1,1081.04,631.55,204.8,198.85,45.84,1035.2,2026-11-13,0.9792
T0000758,P0088,PL06,M00008,823.09,858.13,474.6,172.43,146.47,64.63,793.5,2025-03-08,1.0849
T0000759,P0088,PL07,M00009,436.19,440.07,244.75,109.41,61.03,24.88,415.19,2025-04-25,1.1141
T0000760,P0138,PL08,M00010,1311.91,1286.3,698.07,268.09,233.69,86.45,1199.85,2025-03-05,1.5999
T0000761,P0102,PL01,M00011,1453.51,1432.84,794.35,311.46,190.89,136.14,1296.7,2025-08-16,1.2885
T0000762,P0009,PL02,M00012,339.54,334.31,198.07,60.52,44.4,31.32,302.99,2025-10-18,0.5027
T0000763,P0097,PL03,M00013,273.95,262.3,138.45,57.05,50.16,16.64,245.66,2026-05-22,0.379
T0000764,P0125,PL04,M00014,795.18,829.16,464.15,157.73,139.82,67.46,761.7,2025-07-03,1.3331
T0000765,P0101,PL05,M00015,119.0,122.29,73.37,26.28,15.55,7.09,115.2,2025-12-23,0.7789
T0000766,P0014,PL06,M00016,737.67,759.83,440.63,153.25,125.43,40.52,719.31,2026-08-18,0.8024
T0000767,P0003,PL07,M00017,299.38,296.18,162.63,52.47,60.44,20.64,275.54,2025-07-20,0.2493
T0000768,P0092,PL08,M00018,485.13,465.39,275.8,65.13,88.5,35.96,429.43,2025-02-27,1.2345
T0000769,P0031,PL01,M00019,626.72,650.63,367.47,113.21,142.31,27.64,622.99,2025-09-08,0.7915
T0000770,P0119,PL02,M00020,640.73,617.26,348.79,140.65,92.59,35.23,582.03,2026-11-06,1.0772
T0000771,P0147,PL03,M00021,529.4,530.87,286.28,106.35,106.29,31.95,498.92,2025-08-19,0.5352
T0000772,P0026,PL04,M00022,135.22,138.16,80.62,22.36,27.33,7.85,130.31,2026-08-09,0.9869
T0000773,P0017,PL05,M00023,1383.85,1418.82,738.42,368.88,193.59,117.93,1300.89,2026-06-27,1.2748
T0000774,P0047,PL06,M00024,712.33,730.13,448.18,145.51,84.4,52.04,678.09,2026-09-06,0.6371
T0000775,P0032,PL07,M00025,398.31,389.6,211.85,84.12,72.0,21.63,367.97,2025-02-05,0.6274
T0000776,P0076,PL08,M00026,300.49,302.41,184.08,61.97,38.48,17.88,284.53,2026-06-16,0.3283
T0000777,P0012,PL01,M00027,28.42,27.46,16.32,5.41,3.87,1.86,25.6,2026-12-06,0.3231
T0000778,P0109,PL02,M00028,474.65,491.73,280.57,113.22,79.74,18.2,473.53,2025-05-12,0.4329
T0000779,P0138,PL03,M00029,178.37,171.84,102.31,34.55,28.34,6.64,165.2,2026-12-13,1.1158
T0000780,P0042,PL04,M00030,147.45,155.16,86.58,27.79,27.97,12.82,142.34,2026-06-08,0.4789
T0000781,P0105,PL05,M00031,633.6,627.11,347.13,145.56,82.05,52.37,574.74,2026-12-02,0.9168
T0000782,P0057,PL06,M00032,313.51,307.23,181.5,44.94,60.71,20.08,287.15,2026-01-22,1.3655
T0000783,P0147,PL07,M00033,533.29,533.49,302.88,115.26,78.5,36.85,496.64,2025-12-24,0.4684
T0000784,P0137,PL08,M00034,538.65,517.46,291.54,102.8,95.71,27.41,490.05,2026-11-26,0.6205
T0000785,P0095,PL01,M00035,896.84,907.46,569.61,158.59,116.47,62.79,844.67,2025-10-01,1.0479
T0000786,P0023,PL02,M00036,837.13,858.65,473.92,168.73,160.32,55.68,802.97,2025-08-23,1.0198
T0000787,P0074,PL03,M00037,905.69,937.04,535.0,156.85,200.3,44.89,892.15,2025-03-28,0.9196
T0000788,P0137,PL04,M00038,97.53,95.1,49.58,23.7,16.36,5.46,89.64,2026-12-03,0.1132
T0000789,P0136,PL05,M00039,77.04,74.81,44.79,16.35,9.93,3.74,71.07,2026-11-09,0.7793
T0000790,P0091,PL06,M00040,843.82,839.4,502.99,161.89,122.57,51.95,787.45,2025-05-17,0.9593
T0000791,P0077,PL07,M00041,309.86,317.92,179.56,54.07,70.23,14.06,303.86,2025-05-01,0.5203
T0000792,P0010,PL08,M00042,173.32,172.02,99.9,37.15,22.13,12.84,159.18,2026-06-12,0.1705
T0000793,P0003,PL01,M00043,682.44,689.19,449.58,128.27,83.41,27.93,661.26,2026-02-16,0.7726
T0000794,P0058,PL02,M00044,638.99,623.03,384.23,91.84,121.86,25.1,597.93,2026-11-04,0.7607
T0000795,P0036,PL03,M00045,70.42,72.69,41.27,12.34,12.5,6.58,66.11,2026-03-26,0.0809
T0000796,P0009,PL04,M00046,591.66,595.3,351.15,104.45,85.51,54.19,541.11,2025-12-06,1.4276
T0000797,P0103,PL05,M00047,173.0,167.46,101.47,30.55,26.39,9.05,158.41,2025-05-11,0.2078
T0000798,P0088,PL06,M00048,17.07,16.34,8.74,3.37,3.28,0.95,15.39,2025-02-23,0.6285
T0000799,P0030,PL07,M00049,604.28,576.37,374.52,96.45,72.92,32.48,543.89,2025-09-13,1.117
T0000800,P0039,PL08,M00050,84.43,80.73,49.4,14.75,11.54,5.04,75.69,2025-07-13,0.3154
T0000801,P0105,PL01,M00051,709.63,677.88,375.28,138.03,104.62,59.95,617.93,2025-02-22,1.0642
T0000802,P0094,PL02,M00052,887.6,893.09,548.72,154.62,154.87,34.88,858.21,2025-04-23,1.2268
T0000803,P0072,PL03,M00053,168.55,169.67,104.58,30.43,21.54,13.12,156.55,2025-10-20,0.7855
T0000804,P0093,PL04,M00054,952.45,914.83,562.47,168.01,107.44,76.91,837.92,2025-05-14,0.837
T0000805,P0011,PL05,M00055,141.85,135.58,69.93,34.03,25.93,5.69,129.89,2026-09-09,0.339
T0000806,P0040,PL06,M00056,131.69,130.85,75.3,27.51,17.4,10.64,120.21,2025-07-26,0.4828
T0000807,P0031,PL07,M00057,111.21,107.15,64.52,18.37,15.83,8.43,98.72,2026-01-10,0.724
T0000808,P0145,PL08,M00058,356.8,375.16,197.46,84.37,73.66,19.67,355.49,2025-10-24,0.9403
T0000809,P0100,PL01,M00059,264.89,278.43,154.34,59.1,43.39,21.6,256.83,2026-01-29,0.4919
T0000810,P0135,PL02,M00060,865.57,834.23,513.18,143.7,109.99,67.36,766.87,2026-05-31,1.3221
T0000811,P0072,PL03,M00061,601.95,631.15,392.67,115.82,78.69,43.97,587.18,2026-10-17,1.121
T0000812,P0095,PL04,M00062,239.79,243.96,142.74,45.59,39.3,16.33,227.63,2026-10-10,1.3553
T0000813,P0003,PL05,M00063,569.85,569.87,362.12,90.48,76.4,40.87,529.0,2026-10-03,1.2415
T0000814,P0098,PL06,M00064,550.67,575.02,345.0,111.57,84.94,33.51,541.51,2026-08-21,0.5053
T0000815,P0112,PL07,M00065,363.54,366.39,212.28,63.08,63.37,27.66,338.73,2026-04-02,1.1706
T0000816,P0073,PL08,M00066,169.46,166.54,98.76,32.21,24.93,10.64,155.9,2025-07-04,0.2582
T0000817,P0104,PL01,M00067,267.66,266.73,153.15,49.52,42.34,21.72,245.01,2026-10-23,0.2452
T0000818,P0012,PL02,M00068,424.9,422.51,245.38,90.87,63.86,22.4,400.11,2026-10-22,0.8157
T0000819,P0087,PL03,M00069,134.58,133.09,81.74,22.52,21.89,6.94,126.15,2026-07-10,0.3139
T0000820,P0069,PL04,M00070,33.36,34.08,20.3,4.68,6.24,2.86,31.22,2026-07-11,0.1301
T0000821,P0059,PL05,M00071,323.61,314.64,177.34,62.23,58.42,16.65,297.99,2025-08-18,0.3938
T0000822,P0044,PL06,M00072,126.43,131.97,79.65,20.17,22.44,9.71,122.26,2025-04-26,0.2814
T0000823,P0039,PL07,M00073,748.02,748.77,422.44,157.35,111.27,57.71,691.06,2025-02-14,0.8442
T0000824,P0027,PL08,M00074,859.73,843.06,447.54,211.3,139.78,44.44,798.62,2025-12-23,0.8169
T0000825,P0038,PL01,M00075,214.02,210.67,126.93,39.27,32.54,11.93,198.74,2025-06-02,0.6752
T0000826,P0024,PL02,M00076,88.13,90.93,57.11,16.99,13.47,3.36,87.57,2025-10-13,0.3355
T0000827,P0063,PL03,M00077,696.46,719.16,415.45,156.22,115.61,31.88,687.28,2025-12-08,0.8295
T0000828,P0057,PL04,M00078,245.82,243.68,140.19,40.65,44.34,18.5,225.18,2026-06-24,0.4963
T0000829,P0036,PL05,M00079,309.19,305.09,181.85,49.57,45.01,28.66,276.43,2025-12-24,0.3205
T0000830,P0037,PL06,M00080,72.02,68.73,43.42,13.11,8.17,4.03,64.7,2025-05-22,1.091
T0000831,P0038,PL07,M00081,51.25,50.59,29.52,11.33,7.04,2.7,47.89,2025-06-11,0.1692
T0000832,P0077,PL08,M00082,719.74,717.16,383.82,126.88,143.58,62.88,654.28,2026-06-25,0.8417
T0000833,P0045,PL01,M00083,40.38,41.22,26.58,6.99,5.85,1.8,39.42,2026-09-11,0.122
T0000834,P0059,PL02,M00084,148.17,149.73,87.78,38.12,18.48,5.35,144.38,2026-05-29,0.4524
T0000835,P0144,PL03,M00085,184.86,183.7,110.96,28.87,36.11,7.76,175.94,2026-02-06,1.0935
T0000836,P0050,PL04,M00086,48.31,47.31,24.93,8.67,9.84,3.87,43.44,2026-10-25,0.2039
T0000837,P0003,PL05,M00087,315.77,313.72,188.06,67.57,45.51,12.58,301.14,2025-08-05,0.7962
T0000838,P0013,PL06,M00088,264.79,257.03,160.75,40.38,45.38,10.52,246.51,2026-05-11,1.2851
T0000839,P0034,PL07,M00089,467.85,478.66,307.71,69.69,74.04,27.22,451.44,2025-12-31,0.6957
T0000840,P0010,PL08,M00090,130.83,125.04,74.21,17.57,25.32,7.94,117.1,2026-08-24,0.3678
T0000841,P0042,PL01,M00091,1230.72,1246.36,715.23,237.69,186.17,107.27,1139.09,2026-11-01,1.1681
T0000842,P0111,PL02,M00092,455.28,446.21,272.21,94.15,52.27,27.58,418.63,2026-10-01,0.5557
T0000843,P0080,PL03,M00093,147.04,150.65,82.53,34.97,26.41,6.74,143.91,2025-01-16,0.8013
T0000844,P0118,PL04,M00094,1696.76,1683.47,904.04,337.64,351.5,90.29,1593.18,2025-03-14,1.7196
T0000845,P0074,PL05,M00095,1260.81,1245.85,760.34,210.54,193.35,81.62,1164.23,2026-01-08,1.4709
T0000846,P0130,PL06,M00096,797.33,768.82,420.31,173.01,102.41,73.09,695.73,2026-11-30,1.403
T0000847,P0040,PL07,M00097,392.8,411.93,216.9,90.48,67.77,36.78,375.15,2026-07-29,0.6809
T0000848,P0137,PL08,M00098,44.6,44.46,27.63,8.42,5.11,3.3,41.16,2026-04-25,0.1908
T0000849,P0125,PL01,M00099,242.78,241.27,130.56,49.29,46.22,15.2,226.07,2025-11-21,0.2449
T0000850,P0098,PL02,M00100,1140.61,1147.46,663.54,200.6,191.74,91.58,1055.88,2026-09-08,1.5299
T0000851,P0046,PL03,M00101,52.54,53.61,29.25,8.71,10.53,5.12,48.49,2025-09-16,0.1787
T0000852,P0014,PL04,M00102,464.03,443.84,266.15,87.25,71.28,19.16,424.68,2025-09-23,0.5004
T0000853,P0112,PL05,M00103,747.69,769.64,497.41,135.74,106.72,29.77,739.87,2025-06-14,0.6533
T0000854,P0082,PL06,M00104,454.32,450.33,265.24,101.42,66.29,17.38,432.95,2025-11-28,1.4161
T0000855,P0033,PL07,M00105,257.0,266.4,160.46,42.64,44.85,18.45,247.95,2025-01-04,0.2231
T0000856,P0049,PL08,M00106,18.45,18.42,9.95,4.2,2.75,1.52,16.9,2025-12-23,0.4723
T0000857,P0106,PL01,M00107,787.47,826.36,467.48,185.62,126.54,46.72,779.64,2026-04-12,1.1305
T0000858,P0042,PL02,M00108,579.8,596.67,348.56,106.15,101.29,40.67,556.0,2026-07-21,0.6615
T0000859,P0027,PL03,M00109,33.07,32.14,17.01,6.1,7.15,1.88,30.26,2025-04-12,0.7474
T0000860,P0009,PL04,M00110,436.56,420.24,264.85,64.55,67.62,23.22,397.02,2026-08-19,0.4825
T0000861,P0102,PL05,M00111,1139.78,1187.66,655.0,246.66,182.72,103.28,1084.38,2026-04-21,1.5285
T0000862,P0002,PL06,M00112,9.95,10.15,6.26,1.61,1.57,0.71,9.44,2026-11-21,0.1336
T0000863,P0062,PL07,M00113,247.25,255.66,152.55,42.38,49.53,11.2,244.46,2026-08-09,0.3152
T0000864,P0082,PL08,M00114,273.77,287.93,159.36,68.36,37.9,22.31,265.62,2025-06-27,0.8621
T0000865,P0067,PL01,M00115,530.56,512.95,284.93,126.83,63.12,38.07,474.88,2026-10-05,1.5312
T0000866,P0021,PL02,M00116,92.68,89.82,55.58,17.61,11.61,5.02,84.8,2026-12-26,0.1133
T0000867,P0050,PL03,M00117,518.71,523.57,276.94,109.27,94.56,42.8,480.77,2025-08-16,1.0226
T0000868,P0149,PL04,M00118,147.0,153.6,92.22,35.61,20.5,5.27,148.33,2025-01-24,0.6481
T0000869,P0054,PL05,M00119,199.42,195.44,114.13,43.54,24.38,13.39,182.05,2026-01-06,0.9048
T0000870,P0116,PL06,M00120,172.9,180.99,109.66,38.55,20.55,12.23,168.76,2025-11-18,0.4788
T0000871,P0140,PL07,M00121,278.39,281.21,158.8,63.72,33.44,25.25,255.96,2025-12-22,0.8419
T0000872,P0094,PL08,M00122,57.33,58.05,34.26,12.56,8.68,2.55,55.5,2025-08-10,0.1279
T0000873,P0142,PL01,M00123,789.54,814.39,513.24,152.91,112.4,35.84,778.55,2025-04-05,0.8431
T0000874,P0101,PL02,M00124,212.95,217.71,142.29,33.07,26.81,15.54,202.17,2025-10-15,0.336
T0000875,P0028,PL03,M00125,459.92,483.91,252.04,99.04,88.64,44.19,439.72,2025-11-23,0.6095
T0000876,P0105,PL04,M00126,570.98,591.81,338.47,116.53,101.52,35.29,556.52,2026-06-08,0.54
T0000877,P0096,PL05,M00127,192.74,199.26,118.95,37.05,25.54,17.72,181.54,2026-11-04,0.3051
T0000878,P0099,PL06,M00128,465.94,452.2,235.94,111.74,69.43,35.09,417.11,2026-07-30,1.0185
T0000879,P0112,PL07,M00129,203.68,213.57,127.82,30.7,40.89,14.16,199.41,2026-10-24,0.3212
T0000880,P0099,PL08,M00130,150.09,150.95,97.23,25.9,22.52,5.3,145.65,2026-09-08,0.1268
T0000881,P0137,PL01,M00131,50.41,52.64,31.23,10.6,7.58,3.23,49.41,2026-02-17,0.5849
T0000882,P0021,PL02,M00132,532.59,525.91,315.13,107.88,78.83,24.07,501.84,2025-12-21,0.8078
T0000883,P0027,PL03,M00133,71.77,70.67,39.94,18.66,9.36,2.71,67.96,2026-01-18,0.151
T0000884,P0095,PL04,M00134,40.74,39.47,21.67,8.22,7.06,2.52,36.95,2025-07-15,1.9735
T0000885,P0098,PL05,M00135,520.9,519.98,314.73,123.66,61.53,20.06,499.92,2025-12-04,1.4525
T0000886,P0115,PL06,M00136,938.82,916.22,534.05,206.8,133.48,41.89,874.33,2026-02-28,0.8499
T0000887,P0076,PL07,M00137,549.47,528.35,329.28,82.45,85.43,31.19,497.16,2025-09-28,0.7218
T0000888,P0004,PL08,M00138,1245.62,1221.77,756.73,254.25,158.48,52.31,1169.46,2025-03-03,1.2622
T0000889,P0117,PL01,M00139,286.31,299.82,172.58,61.75,42.12,23.37,276.45,2025-11-16,0.2875
T0000890,P0018,PL02,M00140,336.01,340.78,166.81,80.56,67.76,25.65,315.13,2026-02-14,0.389
T0000891,P0118,PL03,M00141,54.83,53.07,32.01,9.45,8.45,3.16,49.91,2025-09-04,0.0954
T0000892,P0129,PL04,M00142,746.41,754.36,443.09,157.56,111.76,41.95,712.41,2025-06-04,0.7184
T0000893,P0046,PL05,M00143,566.43,587.62,354.36,87.77,96.07,49.42,538.2,2025-07-13,1.0219
T0000894,P0010,PL06,M00144,247.99,248.14,152.7,42.68,32.11,20.65,227.49,2025-02-24,0.4471
T0000895,P0069,PL07,M00145,116.37,116.75,68.85,23.91,18.23,5.76,110.99,2025-08-14,0.2709
T0000896,P0123,PL08,M00146,214.19,215.87,133.35,39.32,31.61,11.59,204.28,2026-12-19,0.4335
T0000897,P0006,PL01,M00147,816.44,799.3,409.99,182.27,140.28,66.76,732.54,2026-03-15,1.4533
T0000898,P0029,PL02,M00148,33.82,32.95,18.08,7.56,4.3,3.01,29.94,2025-09-11,0.7322
T0000899,P0086,PL03,M00149,1003.64,1023.94,573.24,226.47,181.54,42.69,981.25,2025-11-08,1.0098
T0000900,P0133,PL04,M00150,271.88,275.93,153.45,45.43,62.22,14.83,261.1,2026-12-29,0.2757
T0000901,P0128,PL05,M00151,622.12,610.45,344.9,134.28,79.5,51.77,558.68,2025-05-26,1.197
T0000902,P0071,PL06,M00152,1103.46,1095.55,661.98,225.93,161.41,46.23,1049.32,2025-04-21,1.178
T0000903,P0049,PL07,M00153,1167.6,1128.9,635.02,302.15,145.74,45.99,1082.91,2025-10-10,0.9439
T0000904,P0003,PL08,M00154,195.14,203.79,109.19,45.53,36.27,12.8,190.99,2025-10-23,0.6553
T0000905,P0117,PL01,M00155,236.97,236.1,132.15,50.42,35.61,17.92,218.18,2025-10-29,0.5189
T0000906,P0090,PL02,M00156,1243.02,1212.5,703.18,248.53,179.32,81.47,1131.03,2025-09-15,1.1681
T0000907,P0021,PL03,M00157,55.49,57.86,30.68,11.95,10.31,4.92,52.94,2026-08-23,0.1263
T0000908,P0078,PL04,M00158,242.44,246.59,146.25,48.99,29.68,21.67,224.92,2025-09-25,0.3817
T0000909,P0052,PL05,M00159,189.55,181.17,98.66,40.53,33.79,8.19,172.98,2026-03-03,0.2858
T0000910,P0114,PL06,M00160,1455.73,1423.66,725.79,349.8,295.26,52.81,1370.85,2025-05-22,1.3676
T0000911,P0108,PL07,M00161,311.4,301.8,176.98,51.27,60.73,12.82,288.98,2026-07-27,1.0162
T0000912,P0101,PL08,M00162,705.91,728.4,435.99,145.84,121.62,24.95,703.45,2025-10-28,0.8723
T0000913,P0086,PL01,M00163,287.72,291.81,174.61,42.96,51.3,22.94,268.87,2026-10-28,1.3962
T0000914,P0053,PL02,M00164,250.48,253.82,151.75,41.76,40.01,20.3,233.52,2025-02-24,0.8322
T0000915,P0125,PL03,M00165,97.85,101.81,59.84,23.24,11.61,7.12,94.69,2025-01-07,0.2418
T0000916,P0101,PL04,M00166,113.7,119.11,67.79,21.39,23.05,6.88,112.23,2026-06-02,0.4599
T0000917,P0032,PL05,M00167,309.79,321.7,202.52,52.26,54.94,11.98,309.72,2026-03-26,1.0411
T0000918,P0075,PL06,M00168,222.71,229.6,127.76,43.34,46.52,11.98,217.62,2026-05-03,1.0729
T0000919,P0008,PL07,M00169,261.96,258.79,135.66,46.77,55.99,20.37,238.42,2026-03-12,0.2736
T0000920,P0036,PL08,M00170,379.46,396.38,249.28,68.27,53.19,25.64,370.74,2025-12-30,0.4181
T0000921,P0017,PL01,M00171,189.55,182.89,110.63,43.71,21.92,6.63,176.26,2026-02-04,0.5715
T0000922,P0101,PL02,M00172,763.59,789.02,460.68,173.32,109.63,45.39,743.63,2025-11-07,0.789
T0000923,P0083,PL03,M00173,540.73,547.58,305.96,118.18,96.47,26.97,520.61,2025-05-13,0.4567
T0000924,P0122,PL04,M00174,595.41,613.57,363.44,140.73,86.41,22.99,590.58,2025-04-19,1.2677
T0000925,P0017,PL05,M00175,145.24,151.48,85.61,32.35,23.9,9.62,141.86,2026-03-07,0.2902
T0000926,P0116,PL06,M00176,389.54,378.99,234.43,60.22,51.78,32.56,346.43,2025-11-25,1.3439
T0000927,P0136,PL07,M00177,225.92,221.31,135.48,49.4,27.03,9.4,211.91,2025-06-15,1.1898
T0000928,P0140,PL08,M00178,299.33,286.17,163.63,64.54,37.51,20.49,265.68,2026-02-22,0.4048
T0000929,P0091,PL01,M00179,1728.89,1777.41,1029.51,363.79,322.59,61.52,1715.89,2026-05-01,1.5402
T0000930,P0026,PL02,M00180,475.85,496.87,281.07,124.75,61.26,29.79,467.08,2026-06-14,0.4819
T0000931,P0018,PL03,M00181,116.45,118.3,76.92,21.79,14.67,4.92,113.38,2026-12-22,0.1975
T0000932,P0029,PL04,M00182,1271.92,1278.09,808.92,206.58,202.53,60.06,1218.03,2026-12-16,1.3122
T0000933,P0053,PL05,M00183,1058.39,1080.41,615.35,189.28,233.34,42.44,1037.97,2025-03-02,1.5772
T0000934,P0010,PL06,M00184,236.36,243.39,136.33,43.7,48.25,15.11,228.28,2026-12-21,1.5805
T0000935,P0010,PL07,M00185,445.02,429.1,236.69,95.93,76.97,19.51,409.59,2025-02-12,0.4091
T0000936,P0051,PL08,M00186,890.97,904.55,505.1,180.54,163.29,55.62,848.93,2025-01-27,1.1508
T0000937,P0036,PL01,M00187,281.81,275.26,158.27,44.36,58.4,14.23,261.03,2026-03-14,0.3038
T0000938,P0003,PL02,M00188,863.46,837.56,451.26,158.4,160.01,67.89,769.67,2025-04-05,0.9796
T0000939,P0015,PL03,M00189,271.13,270.56,146.66,47.25,60.77,15.88,254.68,2025-02-28,0.298
T0000940,P0032,PL04,M00190,89.08,93.36,53.64,22.0,10.4,7.32,86.04,2026-05-06,0.5624
T0000941,P0094,PL05,M00191,722.94,691.43,417.16,97.84,131.24,45.19,646.24,2025-11-06,1.1354
T0000942,P0125,PL06,M00192,59.21,59.65,34.98,10.04,11.82,2.81,56.84,2026-02-25,0.3509
T0000943,P0061,PL07,M00193,1274.16,1244.25,708.22,187.31,250.84,97.88,1146.37,2025-05-26,1.3251
T0000944,P0099,PL08,M00194,64.99,64.49,38.65,13.53,9.43,2.88,61.61,2025-03-03,1.3435
T0000945,P0139,PL01,M00195,85.54,89.26,53.78,19.19,12.43,3.86,85.4,2025-11-09,1.4168
T0000946,P0112,PL02,M00196,186.02,191.96,100.65,42.59,33.13,15.59,176.37,2025-01-29,1.5235
T0000947,P0146,PL03,M00197,134.17,138.75,83.62,28.52,18.19,8.42,130.33,2026-03-11,0.256
T0000948,P0064,PL04,M00198,455.59,455.08,256.72,91.68,80.36,26.32,428.76,2025-10-08,0.74
T0000949,P0032,PL05,M00199,1069.45,1037.51,597.96,229.55,142.55,67.45,970.06,2026-09-15,0.8837
T0000950,P0143,PL06,M00200,103.55,105.61,59.83,17.77,20.47,7.54,98.07,2026-01-03,0.1248
T0000951,P0127,PL07,M00201,326.82,335.55,214.7,52.93,53.18,14.74,320.81,2025-10-10,0.7064
T0000952,P0082,PL08,M00202,1490.63,1448.06,802.13,349.08,180.79,116.06,1332.0,2026-03-27,1.2669
T0000953,P0012,PL01,M00203,267.55,272.31,144.31,60.67,54.36,12.97,259.34,2025-12-28,0.5557
T0000954,P0019,PL02,M00204,169.87,174.27,93.67,38.3,27.41,14.89,159.38,2026-11-29,0.2959
T0000955,P0008,PL03,M00205,154.78,156.51,88.43,30.12,26.68,11.28,145.23,2025-10-29,0.2049
T0000956,P0149,PL04,M00206,276.64,286.74,171.28,47.72,47.47,20.27,266.47,2026-06-05,0.6372
T0000957,P0129,PL05,M00207,1444.18,1416.1,817.42,283.3,231.14,84.24,1331.86,2025-08-18,1.251
T0000958,P0082,PL06,M00208,518.85,503.51,286.98,106.52,70.14,39.87,463.64,2026-06-17,1.2311
T0000959,P0062,PL07,M00209,586.18,576.74,307.87,118.81,103.93,46.13,530.61,2025-04-29,0.6793
T0000960,P0146,PL08,M00210,622.9,603.27,341.14,132.78,93.39,35.96,567.31,2026-03-05,0.543
T0000961,P0105,PL01,M00211,1716.66,1749.81,1014.85,293.81,313.99,127.16,1622.65,2025-05-01,1.6761
T0000962,P0068,PL02,M00212,1373.55,1402.32,800.24,321.59,181.71,98.78,1303.54,2025-05-04,1.4427
T0000963,P0100,PL03,M00213,261.39,262.42,156.43,40.36,45.33,20.3,242.12,2026-06-27,0.357
T0000964,P0028,PL04,M00214,199.32,196.68,108.83,47.82,31.61,8.42,188.26,2026-09-16,1.2216
T0000965,P0035,PL05,M00215,215.5,217.69,129.53,44.54,27.13,16.49,201.2,2026-05-04,0.2067
T0000966,P0072,PL06,M00216,265.67,264.55,158.91,55.67,38.19,11.78,252.77,2026-06-05,0.5455
T0000967,P0082,PL07,M00217,48.7,47.29,28.61,10.18,5.11,3.39,43.9,2025-11-27,0.1561
T0000968,P0089,PL08,M00218,110.7,115.46,62.77,24.22,18.46,10.01,105.45,2025-11-18,0.3308
T0000969,P0060,PL01,M00219,54.17,54.11,32.87,10.07,8.8,2.37,51.74,2025-04-19,0.1816
T0000970,P0050,PL02,M00220,1560.47,1498.27,843.41,312.97,234.87,107.02,1391.25,2026-07-05,1.4834
T0000971,P0029,PL03,M00221,1283.07,1240.14,701.08,257.39,171.44,110.23,1129.91,2026-04-10,1.348
T0000972,P0057,PL04,M00222,184.27,176.74,94.08,31.05,35.57,16.04,160.7,2025-03-22,0.2603
T0000973,P0026,PL05,M00223,273.97,270.29,166.43,53.85,38.67,11.34,258.95,2025-02-09,0.4095
T0000974,P0057,PL06,M00224,486.85,467.6,275.57,87.57,64.97,39.49,428.11,2026-08-24,0.8456
T0000975,P0055,PL07,M00225,184.62,180.23,98.4,38.12,31.62,12.09,168.14,2026-06-13,0.2005
T0000976,P0090,PL08,M00226,1072.98,1076.28,630.01,172.84,183.13,90.3,985.98,2026-08-21,0.982
T0000977,P0092,PL01,M00227,460.5,448.67,269.83,71.55,65.15,42.14,406.53,2026-02-06,0.4509
T0000978,P0109,PL02,M00228,295.23,304.83,192.25,49.92,37.28,25.38,279.45,2025-09-11,0.8239
T0000979,P0106,PL03,M00229,42.18,40.73,24.69,6.15,8.01,1.88,38.85,2026-05-16,0.5903
T0000980,P0101,PL04,M00230,627.53,620.27,371.95,102.51,92.59,53.22,567.05,2025-11-22,0.7049
T0000981,P0147,PL05,M00231,499.8,493.75,275.92,114.84,78.54,24.45,469.3,2026-02-24,0.446
T0000982,P0098,PL06,M00232,1079.65,1058.26,586.36,221.02,185.95,64.93,993.33,2025-01-22,1.5293
T0000983,P0138,PL07,M00233,203.17,203.87,120.64,36.82,32.5,13.91,189.96,2025-06-10,0.4256
T0000984,P0135,PL08,M00234,786.68,781.34,410.23,176.32,132.44,62.35,718.99,2025-01-21,0.7535
T0000985,P0032,PL01,M00235,277.21,265.76,158.14,51.43,42.46,13.73,252.03,2025-10-06,0.3202
T0000986,P0004,PL02,M00236,74.8,72.72,43.36,13.34,10.96,5.06,67.66,2026-03-02,0.2273
T0000987,P0071,PL03,M00237,86.85,86.33,46.17,18.82,16.8,4.54,81.79,2025-01-24,0.2031
T0000988,P0073,PL04,M00238,412.52,432.5,260.16,83.62,67.8,20.92,411.58,2025-10-13,0.4131
T0000989,P0007,PL05,M00239,378.97,391.59,204.27,95.21,69.1,23.01,368.58,2025-08-18,0.8074
T0000990,P0054,PL06,M00240,135.41,133.32,79.57,29.12,15.88,8.75,124.57,2026-07-29,0.2559
T0000991,P0106,PL07,M00241,846.11,857.6,525.43,165.18,127.25,39.74,817.86,2026-05-21,1.2234
T0000992,P0126,PL08,M00242,670.69,654.56,422.15,108.53,77.32,46.56,608.0,2026-07-30,0.6336
T0000993,P0027,PL01,M00243,93.29,92.29,53.1,14.98,17.98,6.23,86.06,2025-03-25,0.5493
T0000994,P0109,PL02,M00244,309.2,309.91,178.87,49.85,57.52,23.67,286.24,2025-02-09,0.8633
T0000995,P0070,PL03,M00245,539.66,561.01,320.65,87.41,111.98,40.97,520.04,2025-10-29,0.8373
T0000996,P0065,PL04,M00246,349.85,345.18,207.97,49.56,63.54,24.11,321.07,2026-01-16,0.3607
T0000997,P0082,PL05,M00247,132.17,132.21,81.89,21.73,21.37,7.22,124.99,2026-05-01,0.3507
T0000998,P0016,PL06,M00248,711.51,719.19,456.35,103.67,125.5,33.67,685.52,2025-12-05,0.7422
T0000999,P0110,PL07,M00249,364.51,368.71,226.98,68.0,60.78,12.95,355.76,2025-10-19,0.5797
T0001000,P0056,PL08,M00250,171.54,171.49,95.01,38.39,29.25,8.84,162.65,2025-04-16,0.4573
T0001001,P0071,PL01,M00001,413.38,412.08,266.64,57.54,55.71,32.19,379.89,2026-08-30,0.4209
T0001002,P0001,PL02,M00002,205.74,205.45,126.29,38.07,31.32,9.77,195.68,2026-05-02,1.2157
T0001003,P0144,PL03,M00003,803.32,773.42,436.47,170.5,119.63,46.82,726.6,2025-05-01,0.989
T0001004,P0043,PL04,M00004,334.28,338.56,199.8,67.3,57.5,13.96,324.6,2025-08-08,1.1211
T0001005,P0007,PL05,M00005,1333.84,1399.91,811.31,317.68,181.14,89.78,1310.13,2025-12-23,1.4522
T0001006,P0003,PL06,M00006,590.23,580.28,352.76,99.33,82.4,45.79,534.49,2026-01-19,0.6342
T0001007,P0070,PL07,M00007,504.94,481.43,285.64,88.52,68.39,38.88,442.55,2025-01-14,0.8402
T0001008,P0121,PL08,M00008,553.62,567.36,354.83,85.84,83.38,43.31,524.05,2025-02-01,0.6036
T0001009,P0046,PL01,M00009,105.53,109.09,64.74,22.34,18.04,3.97,105.12,2025-06-06,0.6094
T0001010,P0005,PL02,M00010,712.75,725.46,386.74,164.11,145.63,28.98,696.48,2025-07-18,1.1025
T0001011,P0016,PL03,M00011,504.67,498.22,298.65,98.18,61.61,39.78,458.44,2026-03-03,1.2302
T0001012,P0045,PL04,M00012,353.57,365.09,205.69,80.82,54.5,24.08,341.01,2026-06-02,0.5643
T0001013,P0024,PL05,M00013,56.44,54.3,29.79,11.91,7.42,5.18,49.12,2025-04-30,0.2919
T0001014,P0064,PL06,M00014,453.34,473.48,280.41,101.97,71.85,19.25,454.23,2025-03-25,1.1807
T0001015,P0049,PL07,M00015,150.79,156.69,85.75,31.9,26.43,12.61,144.08,2026-02-28,0.3749
T0001016,P0116,PL08,M00016,124.31,127.33,76.17,18.7,22.28,10.18,117.15,2026-10-20,1.498
T0001017,P0074,PL01,M00017,864.46,907.17,553.79,127.09,167.3,58.99,848.18,2026-11-30,1.2777
T0001018,P0009,PL02,M00018,1046.91,1077.42,663.89,203.7,128.5,81.33,996.09,2026-04-24,1.0088
T0001019,P0027,PL03,M00019,8.68,8.55,5.08,1.79,1.19,0.49,8.06,2025-02-04,0.3288
T0001020,P0006,PL04,M00020,1006.0,964.57,579.59,143.45,183.08,58.45,906.12,2026-07-14,1.0218
T0001021,P0103,PL05,M00021,120.8,125.89,81.52,19.21,20.37,4.79,121.1,2026-05-10,1.3684
T0001022,P0008,PL06,M00022,419.12,410.99,249.65,67.93,78.08,15.33,395.66,2026-08-15,0.3885
T0001023,P0086,PL07,M00023,68.17,71.6,41.03,14.07,11.53,4.97,66.63,2025-05-23,0.3672
T0001024,P0079,PL08,M00024,182.87,188.68,101.98,38.69,32.74,15.27,173.41,2025-06-26,0.4863
T0001025,P0089,PL01,M00025,830.08,835.66,446.34,161.94,155.72,71.66,764.0,2026-05-04,0.858
T0001026,P0033,PL02,M00026,191.32,187.4,108.8,42.72,25.71,10.17,177.23,2025-04-09,0.6622
T0001027,P0007,PL03,M00027,489.93,474.57,248.02,122.75,61.23,42.57,432.0,2025-12-22,1.2689
T0001028,P0036,PL04,M00028,49.3,47.76,26.78,9.9,8.83,2.25,45.51,2026-10-24,0.1212
T0001029,P0124,PL05,M00029,776.83,779.03,435.7,172.36,114.78,56.19,722.84,2026-11-23,1.432
T0001030,P0026,PL06,M00030,13.28,13.4,7.16,2.9,2.24,1.1,12.3,2026-12-04,0.3829
T0001031,P0014,PL07,M00031,389.49,372.03,223.9,68.23,45.74,34.16,337.87,2026-03-09,0.4228
T0001032,P0137,PL08,M00032,275.76,266.49,163.82,41.55,45.4,15.72,250.77,2025-12-10,1.1197
T0001033,P0067,PL01,M00033,1233.71,1219.14,630.2,277.76,216.17,95.01,1124.13,2026-12-26,1.1458
T0001034,P0095,PL02,M00034,469.33,484.82,275.41,103.05,74.18,32.18,452.64,2026-01-11,0.5503
T0001035,P0010,PL03,M00035,121.61,118.02,71.22,24.52,16.43,5.85,112.17,2025-11-29,0.4959
T0001036,P0111,PL04,M00036,1225.85,1230.42,713.9,296.67,164.12,55.73,1174.69,2026-10-11,1.7161
T0001037,P0020,PL05,M00037,118.17,121.05,72.25,20.52,18.55,9.73,111.32,2026-04-15,0.1566
T0001038,P0078,PL06,M00038,131.82,128.6,73.27,27.29,22.58,5.46,123.14,2025-12-12,0.1549
T0001039,P0050,PL07,M00039,660.3,642.04,327.04,153.61,105.08,56.31,585.73,2025-04-30,1.1802
T0001040,P0112,PL08,M00040,195.28,186.0,104.69,40.37,34.64,6.3,179.7,2025-08-09,0.4769
T0001041,P0107,PL01,M00041,208.63,217.86,140.95,43.51,25.04,8.36,209.5,2025-01-20,0.3809
T0001042,P0074,PL02,M00042,648.52,647.83,370.87,129.69,120.37,26.9,620.93,2025-03-07,0.6798
T0001043,P0114,PL03,M00043,1378.02,1351.65,761.02,292.24,218.91,79.48,1272.17,2025-12-21,1.4139
T0001044,P0021,PL04,M00044,1865.44,1906.45,1215.87,376.01,234.68,79.89,1826.56,2026-08-09,1.6449
T0001045,P0040,PL05,M00045,280.25,287.35,152.52,67.26,44.03,23.54,263.81,2026-04-24,0.8187
T0001046,P0138,PL06,M00046,795.11,825.3,425.63,187.89,146.51,65.27,760.03,2025-08-29,1.0513
T0001047,P0103,PL07,M00047,518.55,542.17,301.62,82.96,110.62,46.97,495.2,2025-06-12,0.6409
T0001048,P0082,PL08,M00048,1176.91,1168.93,692.25,200.51,231.24,44.93,1124.0,2026-12-05,1.0569
T0001049,P0074,PL01,M00049,1548.48,1489.15,809.2,319.35,275.78,84.82,1404.33,2025-07-01,1.3538
T0001050,P0049,PL02,M00050,160.32,167.2,96.83,41.03,20.3,9.04,158.16,2026-03-05,0.3565
T0001051,P0146,PL03,M00051,280.06,294.79,182.44,45.62,56.58,10.15,284.64,2025-09-13,1.504
T0001052,P0095,PL04,M00052,242.67,232.92,130.91,44.36,41.42,16.23,216.69,2025-06-15,0.6329
T0001053,P0114,PL05,M00053,668.59,671.42,398.4,114.2,124.21,34.61,636.81,2026-04-16,1.8049
T0001054,P0018,PL06,M00054,90.48,86.57,52.24,14.46,14.95,4.92,81.65,2026-04-19,1.1391
T0001055,P0137,PL07,M00055,901.63,879.18,504.78,200.03,143.04,31.33,847.85,2026-07-05,0.9683
T0001056,P0113,PL08,M00056,66.11,69.26,41.96,12.79,11.75,2.76,66.5,2026-06-08,0.2623
T0001057,P0037,PL01,M00057,438.39,419.83,259.87,63.98,62.6,33.38,386.45,2026-11-04,0.4207
T0001058,P0076,PL02,M00058,780.05,801.13,454.74,146.42,145.92,54.05,747.08,2025-09-24,1.1661
T0001059,P0095,PL03,M00059,902.96,933.77,611.09,176.05,114.15,32.48,901.29,2025-08-15,1.2417
T0001060,P0033,PL04,M00060,725.68,714.3,434.08,148.29,90.57,41.36,672.94,2025-06-08,1.1748
T0001061,P0131,PL05,M00061,691.29,704.41,422.57,135.01,88.47,58.36,646.05,2026-01-08,0.8376
T0001062,P0125,PL06,M00062,706.26,722.58,459.05,133.7,91.13,38.7,683.88,2026-01-23,0.666
T0001063,P0031,PL07,M00063,756.59,730.97,417.62,134.49,137.93,40.93,690.04,2025-06-03,0.9878
T0001064,P0052,PL08,M00064,53.67,51.43,26.63,10.78,9.76,4.26,47.17,2025-08-22,0.6679
T0001065,P0015,PL01,M00065,1162.38,1205.23,668.65,288.56,143.87,104.15,1101.08,2025-03-23,1.0301
T0001066,P0011,PL02,M00066,612.89,596.63,363.3,130.83,69.67,32.83,563.8,2026-04-13,1.0769
T0001067,P0059,PL03,M00067,791.46,802.41,462.07,133.12,155.78,51.44,750.97,2025-03-04,0.6687
T0001068,P0122,PL04,M00068,223.16,217.29,118.31,46.69,38.93,13.36,203.93,2026-03-29,1.0154
T0001069,P0050,PL05,M00069,1283.37,1295.51,703.21,239.64,237.39,115.27,1180.24,2026-03-30,1.3724
T0001070,P0077,PL06,M00070,614.22,622.11,374.09,112.42,110.02,25.58,596.53,2025-10-18,0.5661
T0001071,P0082,PL07,M00071,838.96,840.15,489.12,168.07,108.09,74.87,765.28,2026-05-15,0.8635
T0001072,P0047,PL08,M00072,218.56,212.28,110.22,45.74,36.0,20.32,191.96,2026-12-05,0.915
T0001073,P0147,PL01,M00073,187.71,179.18,116.81,29.7,21.55,11.12,168.06,2026-09-17,0.2662
T0001074,P0107,PL02,M00074,659.87,639.66,321.03,150.24,116.55,51.84,587.82,2026-05-01,1.3382
T0001075,P0079,PL03,M00075,710.71,692.14,371.95,131.32,142.35,46.52,645.62,2025-11-19,0.5951
T0001076,P0071,PL04,M00076,159.99,167.38,98.42,31.32,24.89,12.75,154.63,2026-04-13,0.3948
T0001077,P0052,PL05,M00077,919.99,939.61,575.64,143.59,150.25,70.13,869.48,2026-07-28,0.9035
T0001078,P0100,PL06,M00078,224.91,221.35,130.16,32.41,41.05,17.73,203.62,2025-02-17,0.4249
T0001079,P0121,PL07,M00079,89.64,88.71,55.04,16.4,12.02,5.25,83.46,2025-10-19,0.551
T0001080,P0063,PL08,M00080,882.39,867.53,548.79,144.83,112.35,61.56,805.97,2025-04-01,0.734
T0001081,P0081,PL01,M00081,977.61,997.83,591.59,153.75,170.69,81.8,916.03,2026-12-18,1.0811
T0001082,P0006,PL02,M00082,204.79,200.95,104.07,43.16,42.96,10.76,190.19,2025-09-23,0.7911
T0001083,P0145,PL03,M00083,108.84,111.25,64.24,19.06,20.0,7.95,103.3,2026-01-18,1.4833
T0001084,P0024,PL04,M00084,217.06,211.44,121.53,36.44,42.11,11.36,200.08,2025-03-19,0.881
T0001085,P0111,PL05,M00085,807.48,831.11,503.64,131.53,151.63,44.31,786.8,2025-03-16,0.863
T0001086,P0111,PL06,M00086,772.64,753.51,417.39,159.11,134.82,42.19,711.32,2026-06-25,0.9057
T0001087,P0084,PL07,M00087,1071.06,1077.46,688.12,209.18,129.27,50.89,1026.57,2025-08-17,1.1378
T0001088,P0038,PL08,M00088,221.12,229.73,113.66,58.54,45.89,11.64,218.09,2025-07-13,0.3584
T0001089,P0081,PL01,M00089,186.02,188.0,96.46,46.12,29.31,16.11,171.89,2025-12-02,0.4302
T0001090,P0097,PL02,M00090,1075.45,1071.66,589.79,230.3,172.09,79.48,992.18,2026-03-27,1.1661
T0001091,P0032,PL03,M00091,332.66,330.7,198.0,75.21,42.15,15.34,315.36,2026-08-28,0.8986
T0001092,P0082,PL04,M00092,193.56,193.52,113.6,40.46,23.07,16.39,177.13,2026-01-02,0.4826
T0001093,P0108,PL05,M00093,102.91,104.69,66.71,18.24,15.24,4.5,100.19,2026-01-25,0.4892
T0001094,P0100,PL06,M00094,52.92,53.12,26.56,12.28,11.0,3.28,49.84,2025-03-28,1.2648
T0001095,P0040,PL07,M00095,1071.45,1083.2,558.72,255.89,168.4,100.19,983.01,2025-05-12,1.1144
T0001096,P0045,PL08,M00096,1288.7,1263.87,741.41,223.22,188.99,110.25,1153.62,2025-06-11,1.179
T0001097,P0079,PL01,M00097,1285.53,1348.11,802.82,319.71,157.58,68.0,1280.11,2026-05-25,1.7417
T0001098,P0105,PL02,M00098,807.28,843.78,487.84,192.23,121.61,42.1,801.68,2025-05-28,0.7574
T0001099,P0122,PL03,M00099,997.03,969.15,561.24,191.12,126.78,90.01,879.14,2025-03-09,1.1269
T0001100,P0083,PL04,M00100,1171.59,1159.67,681.27,286.44,147.84,44.12,1115.55,2025-09-21,1.5299
T0001101,P0037,PL05,M00101,175.37,176.8,117.93,28.44,22.77,7.66,169.14,2026-06-12,0.9933
T0001102,P0119,PL06,M00102,822.27,805.09,421.07,174.95,137.62,71.45,733.64,2025-11-05,0.7496
T0001103,P0099,PL07,M00103,557.11,560.64,375.78,91.91,70.06,22.89,537.75,2025-02-05,1.3509
T0001104,P0089,PL08,M00104,952.51,977.29,525.22,215.28,181.71,55.08,922.21,2026-05-08,0.8199
T0001105,P0087,PL01,M00105,169.36,170.93,99.2,34.3,24.12,13.31,157.62,2026-06-11,0.4372
T0001106,P0017,PL02,M00106,720.31,734.73,393.89,178.0,101.13,61.71,673.02,2026-06-16,0.8321
T0001107,P0089,PL03,M00107,651.67,660.12,427.87,107.3,97.28,27.67,632.45,2025-10-30,0.7053
T0001108,P0037,PL04,M00108,18.93,18.47,11.15,3.47,3.02,0.83,17.64,2026-06-08,0.4198
T0001109,P0139,PL05,M00109,348.53,338.77,199.89,76.89,44.41,17.58,321.19,2026-06-30,0.3088
T0001110,P0109,PL06,M00110,84.34,86.22,46.63,18.73,16.74,4.12,82.1,2025-06-05,0.1487
T0001111,P0077,PL07,M00111,79.91,83.81,48.28,16.91,11.15,7.47,76.34,2025-11-26,0.5142
T0001112,P0037,PL08,M00112,508.86,496.77,285.35,104.78,77.54,29.1,467.67,2026-02-25,1.4697
T0001113,P0090,PL01,M00113,915.11,895.79,539.91,193.13,104.01,58.74,837.05,2025-07-18,1.8938
T0001114,P0071,PL02,M00114,30.68,29.24,16.78,5.71,4.13,2.62,26.62,2026-03-31,0.9137
T0001115,P0117,PL03,M00115,151.93,158.73,104.13,28.7,19.42,6.48,152.25,2025-05-08,1.0307
T0001116,P0120,PL04,M00116,361.3,362.61,225.45,70.94,47.45,18.77,343.84,2025-09-19,1.0243
T0001117,P0093,PL05,M00117,1148.14,1200.28,744.5,193.27,209.0,53.51,1146.77,2026-09-10,1.1744
T0001118,P0065,PL06,M00118,510.24,531.64,279.91,116.63,104.16,30.94,500.7,2025-10-10,0.7784
T0001119,P0112,PL07,M00119,372.49,379.64,234.14,70.77,60.8,13.93,365.71,2026-05-22,1.7101
T0001120,P0011,PL08,M00120,228.58,225.15,132.43,53.65,29.53,9.54,215.61,2026-11-15,0.9789
T0001121,P0108,PL01,M00121,64.39,66.33,38.94,10.79,12.31,4.29,62.04,2026-11-20,0.7289
T0001122,P0111,PL02,M00122,451.86,437.99,230.42,85.56,88.3,33.71,404.28,2026-10-06,0.969
T0001123,P0089,PL03,M00123,311.47,315.93,181.59,59.31,49.11,25.92,290.01,2025-09-17,0.6087
T0001124,P0141,PL04,M00124,975.93,933.91,520.18,175.73,187.04,50.96,882.95,2026-07-26,1.1238
T0001125,P0079,PL05,M00125,191.78,201.42,109.91,43.48,35.35,12.68,188.74,2025-08-22,1.0329
T0001126,P0113,PL06,M00126,541.22,517.0,320.36,93.91,69.14,33.59,483.41,2025-12-26,1.5387
T0001127,P0046,PL07,M00127,57.24,57.9,30.76,14.22,10.35,2.57,55.33,2026-07-28,0.3509
T0001128,P0102,PL08,M00128,190.96,200.52,119.7,44.15,26.92,9.75,190.77,2026-06-30,0.2513
T0001129,P0011,PL01,M00129,346.64,351.53,187.39,75.13,64.77,24.24,327.29,2025-08-19,0.3105
T0001130,P0056,PL02,M00130,18.89,18.22,11.56,2.89,2.81,0.96,17.26,2026-03-27,0.5206
T0001131,P0048,PL03,M00131,974.85,940.37,560.34,211.22,119.34,49.47,890.9,2025-07-16,0.7843
T0001132,P0095,PL04,M00132,271.15,279.46,165.39,49.5,45.55,19.02,260.44,2025-09-27,0.5703
T0001133,P0033,PL05,M00133,1053.64,1082.3,597.54,190.15,203.21,91.4,990.9,2026-07-06,1.0317
T0001134,P0058,PL06,M00134,630.4,656.7,385.88,152.75,84.05,34.02,622.68,2026-07-22,1.1706
T0001135,P0144,PL07,M00135,544.36,535.99,328.83,122.63,63.41,21.12,514.87,2026-07-28,0.7434
T0001136,P0126,PL08,M00136,371.47,359.57,209.25,61.07,53.12,36.13,323.44,2025-01-29,1.2706
T0001137,P0105,PL01,M00137,1863.95,1783.46,1067.36,407.06,224.92,84.12,1699.34,2026-06-05,1.5995
T0001138,P0017,PL02,M00138,948.14,925.91,552.91,187.9,125.47,59.63,866.28,2025-03-14,1.0804
T0001139,P0127,PL03,M00139,131.68,138.17,76.01,34.45,18.16,9.55,128.62,2026-10-27,0.2005
T0001140,P0088,PL04,M00140,100.7,99.85,58.91,16.31,18.25,6.38,93.47,2025-05-22,0.4847
T0001141,P0021,PL05,M00141,740.4,774.22,461.17,144.1,105.35,63.6,710.62,2025-12-26,0.828
T0001142,P0136,PL06,M00142,8.6,8.55,5.02,1.85,1.06,0.62,7.93,2025-06-22,0.45
T0001143,P0128,PL07,M00143,534.03,515.55,312.95,87.75,94.25,20.6,494.95,2026-10-14,0.4661
T0001144,P0046,PL08,M00144,496.54,476.53,286.36,88.78,75.25,26.14,450.39,2026-12-25,1.5176
T0001145,P0075,PL01,M00145,668.88,689.29,407.92,139.41,109.08,32.88,656.41,2025-11-16,0.9521
T0001146,P0117,PL02,M00146,878.94,885.88,448.28,209.16,156.72,71.72,814.16,2025-12-12,1.0991
T0001147,P0104,PL03,M00147,165.72,164.71,99.81,25.03,30.32,9.55,155.16,2026-05-18,0.2217
T0001148,P0083,PL04,M00148,1020.88,1004.9,543.27,198.08,203.77,59.78,945.12,2026-06-17,0.8641
T0001149,P0110,PL05,M00149,546.33,546.61,347.1,102.99,64.79,31.73,514.88,2025-07-22,0.6067
T0001150,P0015,PL06,M00150,26.91,25.81,14.67,5.07,4.57,1.5,24.31,2025-10-22,0.2717
T0001151,P0008,PL07,M00151,449.1,439.36,240.24,97.7,65.15,36.27,403.09,2025-02-19,0.6974
T0001152,P0095,PL08,M00152,90.93,90.17,49.55,15.75,16.6,8.27,81.9,2025-07-02,0.2008
T0001153,P0004,PL01,M00153,390.29,378.65,216.58,68.34,69.68,24.05,354.6,2026-10-18,0.4787
T0001154,P0059,PL02,M00154,128.79,133.42,84.37,21.73,16.66,10.66,122.76,2025-07-01,0.1602
T0001155,P0053,PL03,M00155,1058.53,1080.0,685.06,177.95,178.27,38.72,1041.28,2026-10-04,1.2736
T0001156,P0102,PL04,M00156,314.69,304.79,164.6,60.68,55.35,24.16,280.63,2026-09-07,0.3281
T0001157,P0043,PL05,M00157,391.86,387.11,206.38,85.82,73.47,21.44,365.67,2026-07-04,0.4692
T0001158,P0023,PL06,M00158,316.39,302.84,172.5,61.81,48.2,20.33,282.51,2025-07-26,0.2943
T0001159,P0018,PL07,M00159,1052.68,1079.43,565.29,241.4,203.33,69.41,1010.02,2025-03-27,1.1967
T0001160,P0054,PL08,M00160,79.66,77.21,46.12,14.36,11.6,5.13,72.08,2025-07-13,0.7799
T0001161,P0101,PL01,M00161,524.37,539.6,330.95,110.46,67.87,30.32,509.28,2026-10-22,1.6706
T0001162,P0063,PL02,M00162,437.57,419.87,245.17,84.88,72.52,17.3,402.57,2026-03-28,0.3845
T0001163,P0044,PL03,M00163,90.73,94.64,51.44,21.89,15.88,5.43,89.21,2025-01-18,0.1232
T0001164,P0058,PL04,M00164,986.24,970.0,596.72,168.72,150.04,54.52,915.48,2026-08-04,0.8333
T0001165,P0061,PL05,M00165,340.77,333.69,206.36,45.61,56.34,25.38,308.31,2026-02-01,0.6393
T0001166,P0045,PL06,M00166,612.91,628.19,409.67,103.32,85.57,29.63,598.56,2025-05-28,1.172
T0001167,P0059,PL07,M00167,340.73,346.29,186.55,60.78,67.46,31.5,314.79,2026-07-09,1.3018
T0001168,P0094,PL08,M00168,772.14,770.52,469.19,151.48,85.44,64.41,706.11,2026-02-02,1.1381
T0001169,P0094,PL01,M00169,1637.23,1589.13,956.89,236.13,294.06,102.05,1487.08,2026-11-07,1.4038
T0001170,P0106,PL02,M00170,131.9,138.57,80.54,30.26,20.91,6.86,131.71,2026-04-09,0.3315
T0001171,P0099,PL03,M00171,215.2,211.86,123.75,39.92,37.97,10.22,201.64,2026-12-12,0.5852
T0001172,P0120,PL04,M00172,366.74,366.9,215.05,64.22,64.82,22.81,344.09,2026-02-26,1.3245
T0001173,P0017,PL05,M00173,6.51,6.76,3.72,1.53,1.07,0.44,6.32,2025-04-10,0.1275
T0001174,P0055,PL06,M00174,106.96,105.53,59.13,22.51,16.68,7.21,98.32,2025-06-04,0.7278
T0001175,P0144,PL07,M00175,121.08,124.39,73.39,23.1,17.91,9.99,114.4,2025-04-14,0.3875
T0001176,P0064,PL08,M00176,450.66,434.98,270.69,70.46,63.68,30.15,404.83,2025-10-15,1.4032
T0001177,P0093,PL01,M00177,444.54,455.9,243.51,95.46,76.61,40.32,415.58,2026-08-24,0.386
T0001178,P0046,PL02,M00178,554.52,580.42,299.67,141.66,96.52,42.57,537.85,2026-01-14,0.9302
T0001179,P0022,PL03,M00179,107.97,104.6,57.62,24.18,13.23,9.57,95.03,2025-10-27,0.1022
T0001180,P0007,PL04,M00180,939.72,904.63,468.56,208.44,181.56,46.07,858.56,2026-06-17,1.3665
T0001181,P0021,PL05,M00181,144.49,137.94,77.44,21.88,27.38,11.24,126.7,2026-11-04,0.1211
T0001182,P0100,PL06,M00182,580.81,605.23,339.78,101.6,119.65,44.2,561.03,2026-04-27,1.075
T0001183,P0067,PL07,M00183,356.9,370.03,231.22,62.39,63.99,12.43,357.6,2025-12-21,0.9137
T0001184,P0030,PL08,M00184,411.83,410.98,252.59,90.89,46.6,20.9,390.08,2026-06-06,1.5054
T0001185,P0004,PL01,M00185,55.25,56.91,30.34,13.33,8.4,4.84,52.07,2025-03-19,0.3695
T0001186,P0036,PL02,M00186,54.31,53.21,27.77,10.54,11.31,3.59,49.62,2025-05-05,0.3023
T0001187,P0136,PL03,M00187,1472.31,1484.36,902.34,265.87,224.75,91.4,1392.96,2026-02-01,1.5085
T0001188,P0048,PL04,M00188,4.15,4.07,2.64,0.72,0.57,0.14,3.93,2025-03-04,0.185
T0001189,P0048,PL05,M00189,127.26,131.67,71.06,26.49,27.8,6.32,125.35,2025-03-19,0.2766
T0001190,P0062,PL06,M00190,16.98,17.7,10.51,3.46,2.45,1.28,16.42,2025-12-20,0.7375
T0001191,P0111,PL07,M00191,101.66,101.16,58.05,22.87,15.37,4.87,96.29,2025-03-03,0.1096
T0001192,P0017,PL08,M00192,547.75,539.83,282.73,111.48,110.82,34.8,505.03,2026-11-26,0.9869
T0001193,P0049,PL01,M00193,78.44,76.53,43.34,15.07,12.92,5.2,71.33,2026-07-14,0.2132
T0001194,P0119,PL02,M00194,89.29,92.62,52.69,17.68,16.31,5.94,86.68,2026-04-20,0.2876
T0001195,P0103,PL03,M00195,22.02,22.17,13.39,3.91,3.22,1.65,20.52,2026-10-10,0.5834
T0001196,P0070,PL04,M00196,47.38,47.24,25.74,10.38,7.65,3.47,43.77,2026-04-29,0.1138
T0001197,P0112,PL05,M00197,1588.95,1518.32,893.15,335.27,214.59,75.31,1443.01,2026-05-27,1.5063
T0001198,P0127,PL06,M00198,756.6,742.32,464.71,124.6,114.8,38.21,704.11,2025-08-29,0.8612
T0001199,P0136,PL07,M00199,645.55,648.45,407.48,103.22,90.27,47.48,600.97,2026-09-06,0.9159
T0001200,P0054,PL08,M00200,661.51,658.88,403.91,94.19,110.3,50.48,608.4,2026-03-04,1.3502
T0001201,P0050,PL01,M00201,815.23,848.92,526.73,142.54,123.66,55.99,792.93,2025-12-06,1.2689
T0001202,P0005,PL02,M00202,1303.06,1269.65,722.19,213.05,209.17,125.24,1144.41,2026-07-31,1.2023
T0001203,P0116,PL03,M00203,468.55,470.81,281.88,83.55,75.01,30.37,440.44,2025-09-30,1.1625
T0001204,P0124,PL04,M00204,326.73,320.3,200.32,45.93,58.05,16.0,304.3,2025-12-02,1.0366
T0001205,P0031,PL05,M00205,161.14,162.85,97.43,29.92,29.62,5.88,156.97,2025-07-12,1.2153
T0001206,P0067,PL06,M00206,176.02,168.14,93.12,29.79,29.94,15.29,152.85,2025-01-12,0.5513
T0001207,P0098,PL07,M00207,328.91,320.65,191.61,52.58,55.63,20.83,299.82,2026-04-03,0.9687
T0001208,P0033,PL08,M00208,13.64,14.33,8.75,2.94,2.15,0.49,13.84,2025-06-16,0.3257
T0001209,P0083,PL01,M00209,226.45,224.28,111.66,50.43,44.8,17.39,206.89,2026-10-06,0.5997
T0001210,P0034,PL02,M00210,169.24,165.76,93.58,35.64,26.59,9.95,155.81,2025-02-27,1.184
T0001211,P0021,PL03,M00211,810.8,774.27,396.76,163.04,144.8,69.67,704.6,2026-01-01,1.0859
T0001212,P0054,PL04,M00212,93.76,96.79,55.08,18.42,17.23,6.06,90.73,2025-04-02,0.2889
T0001213,P0123,PL05,M00213,37.21,39.04,23.77,7.84,4.84,2.59,36.45,2026-12-16,0.4067
T0001214,P0005,PL06,M00214,524.16,549.35,316.48,119.26,81.09,32.52,516.83,2026-11-18,0.911
T0001215,P0002,PL07,M00215,180.58,178.81,106.25,32.23,29.5,10.83,167.98,2026-08-20,1.0218
T0001216,P0069,PL08,M00216,541.68,541.05,307.67,83.3,104.58,45.5,495.55,2026-09-30,0.6972
T0001217,P0074,PL01,M00217,38.08,40.03,22.12,10.52,5.77,1.62,38.41,2025-05-03,0.5801
T0001218,P0053,PL02,M00218,1310.0,1309.07,805.34,198.08,242.88,62.77,1246.3,2025-04-20,1.1122
T0001219,P0059,PL03,M00219,187.0,178.66,96.72,38.85,35.04,8.05,170.61,2026-10-26,0.3397
T0001220,P0084,PL04,M00220,1016.15,974.61,526.02,216.22,151.65,80.72,893.89,2026-02-02,1.2032
T0001221,P0028,PL05,M00221,70.02,72.6,38.15,16.38,12.42,5.65,66.95,2025-09-12,0.9945
T0001222,P0014,PL06,M00222,484.88,490.67,297.19,109.94,57.83,25.71,464.96,2025-06-13,1.0904
T0001223,P0031,PL07,M00223,193.2,186.26,104.89,40.26,32.45,8.66,177.6,2025-02-05,0.6209
T0001224,P0008,PL08,M00224,50.95,50.56,28.27,10.32,8.16,3.81,46.75,2026-11-30,0.1378
T0001225,P0123,PL01,M00225,116.84,111.33,68.79,22.14,14.98,5.42,105.91,2026-12-21,0.3447
T0001226,P0012,PL02,M00226,801.76,805.57,489.42,129.66,149.13,37.36,768.21,2025-01-14,1.377
T0001227,P0001,PL03,M00227,2036.35,2081.25,1158.78,436.26,340.29,145.92,1935.33,2026-12-08,1.7896
T0001228,P0095,PL04,M00228,809.79,777.87,480.5,169.15,95.35,32.87,745.0,2026-01-08,0.7962
T0001229,P0149,PL05,M00229,628.78,626.56,336.72,144.48,104.19,41.17,585.39,2026-02-21,0.8116
T0001230,P0111,PL06,M00230,952.74,962.07,540.9,196.25,157.43,67.49,894.58,2026-01-04,1.8221
T0001231,P0130,PL07,M00231,703.13,714.81,442.72,123.6,96.04,52.45,662.36,2025-02-13,1.0082
T0001232,P0021,PL08,M00232,365.99,379.22,222.77,64.85,74.99,16.61,362.61,2026-12-11,1.5867
T0001233,P0086,PL01,M00233,163.07,160.19,92.21,23.83,31.21,12.94,147.25,2025-08-21,0.6433
T0001234,P0105,PL02,M00234,338.38,349.43,223.33,53.45,56.0,16.65,332.78,2025-12-26,0.7403
T0001235,P0028,PL03,M00235,375.18,357.42,199.7,79.87,51.09,26.76,330.66,2026-06-01,1.1719
T0001236,P0005,PL04,M00236,192.27,191.61,100.13,45.78,36.57,9.13,182.48,2025-07-15,0.3116
T0001237,P0104,PL05,M00237,394.99,387.72,252.95,56.69,64.35,13.73,373.99,2026-01-02,0.6213
T0001238,P0009,PL06,M00238,470.74,450.26,239.91,113.58,75.31,21.46,428.8,2026-11-27,0.6781
T0001239,P0090,PL07,M00239,31.5,32.56,18.77,6.15,5.31,2.33,30.23,2026-08-25,0.5009
T0001240,P0025,PL08,M00240,1133.5,1130.08,693.89,234.62,123.32,78.25,1051.83,2026-10-09,1.4359
T0001241,P0106,PL01,M00241,28.98,28.36,16.31,6.21,3.85,1.99,26.37,2025-08-10,0.9148
T0001242,P0145,PL02,M00242,1139.81,1138.47,686.12,193.56,204.06,54.73,1083.74,2025-10-09,1.0284
T0001243,P0075,PL03,M00243,392.68,405.31,234.96,100.27,52.09,17.99,387.32,2025-06-16,0.5891
T0001244,P0046,PL04,M00244,55.85,58.19,30.61,13.35,11.33,2.9,55.29,2026-11-01,0.5878
T0001245,P0043,PL05,M00245,362.23,374.59,226.23,88.48,44.85,15.03,359.56,2025-04-29,1.3378
T0001246,P0095,PL06,M00246,129.06,128.07,65.09,27.8,25.19,9.99,118.08,2026-06-22,0.5642
T0001247,P0122,PL07,M00247,1287.2,1257.1,759.27,216.45,211.2,70.18,1186.92,2026-11-12,1.1995
T0001248,P0140,PL08,M00248,589.13,581.14,346.14,126.3,70.91,37.79,543.35,2026-04-02,0.5049
T0001249,P0035,PL01,M00249,19.65,19.64,10.42,4.52,2.95,1.75,17.89,2025-05-31,0.6138
T0001250,P0063,PL02,M00250,163.76,169.31,88.24,43.82,28.04,9.21,160.1,2025-05-21,0.3788
T0001251,P0033,PL03,M00001,338.54,342.22,182.25,61.4,73.12,25.45,316.77,2025-03-14,1.1147
T0001252,P0058,PL04,M00002,154.27,153.03,83.0,36.08,20.37,13.58,139.45,2026-10-03,0.1817
T0001253,P0058,PL05,M00003,702.22,703.67,431.22,126.96,101.56,43.93,659.74,2026-02-05,0.7101
T0001254,P0020,PL06,M00004,46.94,45.33,24.26,10.21,7.58,3.28,42.05,2025-10-22,0.621
T0001255,P0088,PL07,M00005,1126.82,1156.09,723.04,177.18,169.74,86.13,1069.96,2025-10-15,1.0453
T0001256,P0144,PL08,M00006,352.36,345.87,199.38,55.81,64.32,26.36,319.51,2026-08-27,0.2919
T0001257,P0070,PL01,M00007,532.47,530.49,276.55,129.5,86.49,37.95,492.54,2026-10-07,0.5
T0001258,P0106,PL02,M00008,519.37,503.51,298.62,110.58,70.01,24.3,479.21,2025-12-10,0.9155
T0001259,P0093,PL03,M00009,795.91,772.59,463.69,175.18,92.99,40.73,731.86,2025-07-14,0.6765
T0001260,P0087,PL04,M00010,514.84,538.99,316.61,91.75,94.12,36.51,502.48,2025-07-30,0.5248
T0001261,P0032,PL05,M00011,1842.66,1761.28,1021.13,253.85,337.15,149.15,1612.13,2025-03-15,1.5491
T0001262,P0071,PL06,M00012,682.66,716.52,411.25,163.76,112.8,28.71,687.81,2026-08-21,0.6114
T0001263,P0036,PL07,M00013,154.3,161.92,87.46,29.3,33.35,11.81,150.11,2025-11-17,0.6204
T0001264,P0109,PL08,M00014,102.53,105.81,55.09,22.69,19.55,8.48,97.33,2025-04-09,1.1627
T0001265,P0147,PL01,M00015,585.32,603.14,367.55,91.1,105.1,39.39,563.75,2025-08-25,0.5286
T0001266,P0139,PL02,M00016,62.61,65.55,37.29,11.9,11.43,4.93,60.62,2026-01-28,1.4567
T0001267,P0062,PL03,M00017,495.23,497.0,311.93,81.53,68.9,34.64,462.36,2026-02-21,1.4241
T0001268,P0055,PL04,M00018,344.36,359.77,201.62,78.45,50.55,29.15,330.62,2026-01-31,1.6733
T0001269,P0070,PL05,M00019,775.75,790.72,464.32,133.93,132.49,59.98,730.74,2025-01-24,0.7783
T0001270,P0037,PL06,M00020,253.74,251.81,155.38,40.87,39.66,15.9,235.91,2025-07-30,0.3216
T0001271,P0121,PL07,M00021,452.97,461.77,245.92,111.43,66.85,37.57,424.2,2026-01-24,0.3971
T0001272,P0115,PL08,M00022,110.72,116.35,71.03,22.57,14.11,8.64,107.71,2026-05-18,0.6028
T0001273,P0133,PL01,M00023,1254.89,1213.64,660.94,268.36,182.79,101.55,1112.09,2026-08-23,1.1063
T0001274,P0142,PL02,M00024,113.74,111.38,63.01,20.24,20.0,8.13,103.25,2025-04-05,0.2134
T0001275,P0080,PL03,M00025,252.54,256.53,159.83,37.31,43.43,15.96,240.57,2025-08-23,0.2384
T0001276,P0141,PL04,M00026,832.64,803.4,479.7,136.31,148.52,38.87,764.53,2025-06-30,0.9171
T0001277,P0032,PL05,M00027,1056.55,1100.54,665.49,209.74,146.9,78.41,1022.13,2025-07-03,0.9629
T0001278,P0006,PL06,M00028,1326.13,1320.76,803.56,285.99,162.04,69.17,1251.59,2025-10-06,1.2663
T0001279,P0072,PL07,M00029,282.79,287.61,176.98,64.15,35.69,10.79,276.82,2026-01-12,0.5606
T0001280,P0074,PL08,M00030,1320.52,1380.58,829.29,286.88,182.07,82.34,1298.24,2025-05-20,1.2631
T0001281,P0148,PL01,M00031,425.45,434.08,250.84,96.77,56.62,29.85,404.23,2026-06-17,0.8284
T0001282,P0077,PL02,M00032,499.77,519.3,301.69,104.08,92.86,20.67,498.63,2026-01-12,0.6081
T0001283,P0036,PL03,M00033,335.54,343.42,202.07,71.52,52.22,17.61,325.81,2025-05-31,0.4183
T0001284,P0034,PL04,M00034,49.52,52.01,32.19,7.91,7.97,3.94,48.07,2025-07-29,0.4523
T0001285,P0111,PL05,M00035,359.73,370.96,221.15,68.54,57.75,23.52,347.44,2026-11-01,0.6061
T0001286,P0130,PL06,M00036,39.28,41.13,21.5,10.69,5.59,3.35,37.78,2025-07-18,1.2853
T0001287,P0104,PL07,M00037,611.41,621.48,363.54,103.63,116.0,38.31,583.17,2025-01-25,0.6528
T0001288,P0132,PL08,M00038,1238.25,1233.67,710.08,307.58,170.07,45.94,1187.73,2026-03-20,1.0898
T0001289,P0069,PL01,M00039,274.86,272.57,156.66,51.08,49.0,15.83,256.74,2026-03-27,0.9055
T0001290,P0108,PL02,M00040,312.94,317.84,191.81,56.42,46.27,23.34,294.5,2025-05-17,0.7829
T0001291,P0010,PL03,M00041,987.98,971.61,496.06,255.1,144.23,76.22,895.39,2025-03-09,0.9736
T0001292,P0096,PL04,M00042,516.53,504.82,278.39,109.33,82.72,34.38,470.44,2025-12-17,0.9383
T0001293,P0134,PL05,M00043,218.05,222.04,136.1,48.63,25.22,12.09,209.95,2026-11-30,0.4337
T0001294,P0077,PL06,M00044,258.1,269.63,153.37,59.68,37.94,18.64,250.99,2026-02-19,1.1826
T0001295,P0139,PL07,M00045,546.36,523.88,275.2,104.4,98.38,45.9,477.98,2025-04-11,0.6957
T0001296,P0081,PL08,M00046,623.46,622.61,341.61,139.98,114.94,26.08,596.53,2026-11-10,0.6903
T0001297,P0126,PL01,M00047,238.67,239.65,131.26,54.45,37.61,16.33,223.32,2026-05-14,0.5349
T0001298,P0022,PL02,M00048,51.91,49.96,29.54,7.15,9.29,3.98,45.98,2026-01-21,0.2807
T0001299,P0039,PL03,M00049,13.55,13.4,8.19,2.39,1.74,1.08,12.32,2026-12-16,0.9571
T0001300,P0023,PL04,M00050,504.46,486.45,274.21,107.44,59.26,45.54,440.91,2026-11-14,1.3978
T0001301,P0044,PL05,M00051,245.52,256.63,152.57,45.9,40.8,17.36,239.27,2025-07-16,0.2531
T0001302,P0067,PL06,M00052,285.66,274.2,151.49,54.05,51.54,17.12,257.08,2026-09-13,0.2577
T0001303,P0131,PL07,M00053,703.49,685.73,356.06,162.04,107.05,60.58,625.15,2026-04-09,1.1223
T0001304,P0119,PL08,M00054,37.72,37.38,22.3,6.4,5.14,3.54,33.84,2025-08-04,0.1143
T0001305,P0086,PL01,M00055,547.36,571.15,366.41,103.44,78.23,23.07,548.08,2025-10-17,0.4776
T0001306,P0054,PL02,M00056,61.71,62.4,37.0,10.11,10.67,4.62,57.78,2025-11-06,0.7899
T0001307,P0102,PL03,M00057,326.41,320.64,206.06,59.56,43.15,11.87,308.77,2026-05-25,0.3448
T0001308,P0002,PL04,M00058,355.33,342.57,203.55,74.31,42.91,21.8,320.77,2026-12-18,0.655
T0001309,P0052,PL05,M00059,112.27,108.0,60.77,22.43,17.37,7.43,100.57,2025-10-12,0.1249
T0001310,P0055,PL06,M00060,739.38,755.57,413.93,188.91,109.33,43.4,712.17,2026-05-29,1.095
T0001311,P0112,PL07,M00061,1372.51,1307.46,630.52,309.21,258.28,109.45,1198.01,2026-09-19,1.3894
T0001312,P0017,PL08,M00062,1299.48,1271.27,703.94,319.74,165.65,81.94,1189.33,2026-08-27,1.4714
T0001313,P0010,PL01,M00063,575.03,554.51,344.29,98.48,69.61,42.13,512.38,2025-11-04,0.4636
T0001314,P0020,PL02,M00064,1508.52,1452.3,845.03,238.08,240.46,128.73,1323.57,2026-03-17,1.3131
T0001315,P0014,PL03,M00065,669.27,643.41,385.72,106.35,105.4,45.94,597.47,2025-11-10,0.5371
T0001316,P0140,PL04,M00066,30.73,31.23,19.6,4.91,4.73,1.99,29.24,2025-12-03,0.8008
T0001317,P0075,PL05,M00067,245.79,238.09,142.71,48.71,31.56,15.11,222.98,2025-09-22,0.2765
T0001318,P0018,PL06,M00068,473.41,488.87,285.58,92.01,68.3,42.98,445.89,2026-12-10,1.4905
T0001319,P0116,PL07,M00069,240.2,245.52,143.51,47.0,44.47,10.54,234.98,2025-07-03,0.9516
T0001320,P0024,PL08,M00070,256.99,261.05,143.78,62.42,41.35,13.5,247.55,2025-12-31,0.7036
T0001321,P0042,PL01,M00071,239.25,244.52,127.53,48.97,51.03,16.99,227.53,2025-03-30,0.3444
T0001322,P0111,PL02,M00072,1286.7,1261.54,755.06,228.82,215.01,62.65,1198.89,2026-02-03,1.1913
T0001323,P0127,PL03,M00073,512.82,490.8,268.97,118.39,60.43,43.01,447.79,2025-08-21,0.5183
T0001324,P0096,PL04,M00074,862.79,888.13,543.6,159.76,154.06,30.71,857.42,2026-11-12,1.0315
T0001325,P0035,PL05,M00075,1086.68,1050.99,640.0,182.09,138.09,90.81,960.18,2025-04-30,1.0284
T0001326,P0138,PL06,M00076,106.82,105.1,63.69,15.2,17.98,8.23,96.87,2025-09-09,0.1723
T0001327,P0088,PL07,M00077,218.47,215.51,124.66,39.8,37.56,13.49,202.02,2025-06-06,1.3303
T0001328,P0024,PL08,M00078,945.46,964.61,579.56,177.37,156.91,50.77,913.84,2025-07-09,0.889
T0001329,P0055,PL01,M00079,89.69,85.77,53.71,16.66,9.88,5.52,80.25,2025-07-07,0.5016
T0001330,P0148,PL02,M00080,834.89,876.47,507.66,191.58,113.46,63.77,812.7,2026-07-17,1.4182
T0001331,P0086,PL03,M00081,27.98,28.6,17.32,6.46,3.62,1.2,27.4,2025-04-06,0.2466
T0001332,P0028,PL04,M00082,340.14,326.57,197.1,63.54,44.52,21.41,305.16,2026-02-20,0.9748
T0001333,P0005,PL05,M00083,487.8,476.01,305.38,71.27,72.53,26.83,449.18,2025-04-17,1.0416
T0001334,P0070,PL06,M00084,341.84,357.73,198.51,68.5,57.21,33.51,324.22,2026-11-29,0.9079
T0001335,P0106,PL07,M00085,311.41,322.41,198.02,69.13,36.22,19.04,303.37,2025-05-20,0.5382
T0001336,P0049,PL08,M00086,302.98,305.62,168.0,62.19,55.32,20.11,285.51,2025-04-28,1.1236
T0001337,P0012,PL01,M00087,273.31,275.17,159.1,48.03,52.26,15.78,259.39,2025-09-13,0.3364
T0001338,P0028,PL02,M00088,391.12,406.65,213.07,89.52,80.14,23.92,382.73,2025-01-15,0.9413
T0001339,P0071,PL03,M00089,649.47,635.9,357.92,162.94,87.47,27.57,608.33,2026-06-16,1.5069
T0001340,P0071,PL04,M00090,56.11,55.65,34.85,8.59,7.48,4.73,50.92,2026-05-16,0.5059
T0001341,P0029,PL05,M00091,123.38,121.09,64.11,29.59,22.0,5.39,115.7,2025-07-28,0.4063
T0001342,P0058,PL06,M00092,400.15,384.45,237.12,59.26,61.88,26.19,358.26,2025-11-07,0.9132
T0001343,P0061,PL07,M00093,340.6,337.95,202.59,62.37,59.01,13.98,323.97,2025-01-18,0.424
T0001344,P0070,PL08,M00094,694.63,725.77,442.62,120.71,118.83,43.61,682.16,2026-12-08,1.1252
T0001345,P0143,PL01,M00095,1250.11,1191.16,729.91,200.92,216.18,44.15,1147.01,2026-11-16,1.0044
T0001346,P0142,PL02,M00096,576.57,581.35,349.14,110.33,83.78,38.1,543.25,2026-12-08,0.4956
T0001347,P0052,PL03,M00097,881.52,852.95,482.21,149.34,160.93,60.47,792.48,2025-10-06,0.7309
T0001348,P0062,PL04,M00098,599.26,596.69,322.81,149.96,80.94,42.98,553.71,2026-04-28,0.8623
T0001349,P0120,PL05,M00099,1386.13,1320.84,782.79,259.59,214.86,63.6,1257.24,2025-02-14,1.1953
T0001350,P0025,PL06,M00100,57.63,60.26,34.76,12.36,9.13,4.01,56.25,2025-08-12,0.1126
T0001351,P0061,PL07,M00101,52.96,53.27,33.02,7.22,8.54,4.49,48.78,2025-12-15,0.2106
T0001352,P0043,PL08,M00102,1234.84,1295.98,733.8,243.64,222.01,96.53,1199.45,2025-10-11,1.2806
T0001353,P0110,PL01,M00103,881.21,891.13,478.89,208.31,167.72,36.21,854.92,2025-10-12,1.2042
T0001354,P0041,PL02,M00104,131.44,127.62,70.04,26.6,25.92,5.06,122.56,2025-07-17,1.2512
T0001355,P0031,PL03,M00105,598.89,573.89,339.21,107.17,99.67,27.84,546.05,2025-05-18,0.7551
T0001356,P0002,PL04,M00106,95.44,97.48,48.4,22.4,18.13,8.55,88.93,2026-05-01,0.1255
T0001357,P0112,PL05,M00107,191.07,184.7,116.04,28.18,33.48,7.0,177.7,2026-03-02,0.5277
T0001358,P0116,PL06,M00108,1151.08,1127.5,642.46,189.16,219.37,76.51,1050.99,2026-08-23,1.0241
T0001359,P0006,PL07,M00109,545.11,526.7,285.1,99.12,102.89,39.59,487.11,2026-09-13,0.6263
T0001360,P0137,PL08,M00110,889.47,861.32,471.97,207.25,126.16,55.94,805.38,2025-02-25,0.7444
T0001361,P0033,PL01,M00111,83.17,85.48,50.56,17.96,11.13,5.83,79.65,2025-08-26,0.7565
T0001362,P0086,PL02,M00112,452.84,460.36,254.53,94.47,80.3,31.06,429.3,2025-09-23,1.5985
T0001363,P0038,PL03,M00113,177.1,179.94,101.12,37.57,30.39,10.86,169.08,2025-04-02,0.1967
T0001364,P0009,PL04,M00114,66.48,69.07,41.37,16.21,8.94,2.55,66.52,2025-12-12,1.0626
T0001365,P0021,PL05,M00115,263.48,258.31,156.28,44.1,38.14,19.79,238.52,2026-10-15,0.6474
T0001366,P0039,PL06,M00116,390.87,396.11,234.37,70.5,60.6,30.64,365.47,2026-09-12,0.6094
T0001367,P0148,PL07,M00117,428.76,446.14,273.56,85.07,70.57,16.94,429.2,2025-06-01,0.4525
T0001368,P0098,PL08,M00118,82.75,82.05,51.65,13.19,11.88,5.33,76.72,2025-02-13,0.8918
T0001369,P0023,PL01,M00119,544.88,522.62,313.06,88.4,93.84,27.32,495.3,2026-10-14,0.4903
T0001370,P0013,PL02,M00120,919.75,943.34,580.63,176.48,128.52,57.71,885.63,2025-11-26,1.4625
T0001371,P0106,PL03,M00121,1102.5,1088.06,620.17,222.46,164.68,80.75,1007.31,2025-08-01,0.9437
T0001372,P0033,PL04,M00122,47.36,48.61,26.52,8.12,9.52,4.45,44.16,2026-06-23,0.3628
T0001373,P0002,PL05,M00123,685.01,706.11,368.71,178.79,109.36,49.25,656.86,2026-06-26,1.31
T0001374,P0017,PL06,M00124,250.94,258.85,148.61,43.63,53.03,13.58,245.27,2025-07-12,0.4639
T0001375,P0079,PL07,M00125,223.82,215.43,122.24,42.01,41.32,9.86,205.57,2026-10-23,0.348
T0001376,P0080,PL08,M00126,102.42,101.01,62.16,19.9,14.54,4.41,96.6,2025-08-08,0.5675
T0001377,P0075,PL01,M00127,233.65,227.58,135.18,43.77,31.85,16.78,210.8,2026-01-18,0.5806
T0001378,P0022,PL02,M00128,434.69,445.73,268.82,91.74,66.91,18.26,427.47,2025-01-24,0.57
T0001379,P0058,PL03,M00129,392.86,378.09,208.42,86.02,54.31,29.34,348.75,2025-01-24,0.4949
T0001380,P0016,PL04,M00130,35.75,37.41,23.41,5.54,5.84,2.62,34.79,2026-09-17,0.435
T0001381,P0135,PL05,M00131,696.09,692.69,356.86,165.15,129.28,41.4,651.29,2025-12-30,1.0575
T0001382,P0120,PL06,M00132,187.68,179.02,105.12,32.32,25.37,16.21,162.81,2026-04-11,0.1593
T0001383,P0058,PL07,M00133,1092.01,1092.8,661.9,183.7,166.34,80.86,1011.94,2026-10-22,1.2979
T0001384,P0025,PL08,M00134,1568.71,1511.47,811.4,357.58,205.11,137.38,1374.09,2025-12-02,1.4604
T0001385,P0008,PL01,M00135,100.74,98.97,61.9,19.24,14.17,3.66,95.31,2025-01-28,0.4341
T0001386,P0128,PL02,M00136,887.08,870.95,441.56,198.9,156.86,73.63,797.32,2025-12-08,1.4762
T0001387,P0089,PL03,M00137,24.17,24.18,14.29,4.34,3.2,2.35,21.83,2026-02-06,0.1889
T0001388,P0060,PL04,M00138,704.22,701.24,410.5,124.67,99.44,66.63,634.61,2025-10-27,0.6404
T0001389,P0130,PL05,M00139,56.03,54.8,31.29,14.03,7.46,2.02,52.78,2025-08-09,0.3425
T0001390,P0134,PL06,M00140,983.73,973.01,575.46,164.87,163.92,68.76,904.25,2025-10-29,1.1529
T0001391,P0012,PL07,M00141,50.67,48.52,29.01,10.51,6.59,2.41,46.11,2026-03-15,0.2355
T0001392,P0053,PL08,M00142,557.71,561.6,319.19,146.68,72.89,22.84,538.76,2026-06-17,0.6942
T0001393,P0045,PL01,M00143,760.04,794.59,467.77,169.11,128.3,29.41,765.18,2025-08-06,1.4992
T0001394,P0144,PL02,M00144,562.89,561.31,328.8,101.19,91.08,40.24,521.07,2026-05-12,1.2728
T0001395,P0050,PL03,M00145,271.01,274.12,137.34,65.24,47.88,23.66,250.46,2026-06-25,0.4414
T0001396,P0032,PL04,M00146,248.19,247.42,142.7,54.37,33.63,16.72,230.7,2026-10-23,1.1298
T0001397,P0075,PL05,M00147,331.24,332.18,215.17,52.06,42.37,22.58,309.6,2026-12-26,0.2803
T0001398,P0108,PL06,M00148,1623.5,1569.02,877.29,326.31,260.73,104.69,1464.33,2026-12-25,1.3274
T0001399,P0117,PL07,M00149,512.88,511.61,319.38,84.39,80.79,27.05,484.56,2026-11-24,0.4742
T0001400,P0006,PL08,M00150,519.49,499.52,310.95,87.86,76.05,24.66,474.86,2025-04-16,0.7757
T0001401,P0037,PL01,M00151,812.5,823.43,485.67,177.8,107.99,51.97,771.46,2025-08-17,0.9838
T0001402,P0118,PL02,M00152,64.15,67.19,37.23,15.95,11.15,2.86,64.33,2026-10-18,0.9332
T0001403,P0093,PL03,M00153,360.38,353.8,194.68,86.58,43.59,28.95,324.85,2025-11-30,0.3291
T0001404,P0031,PL04,M00154,1213.04,1211.72,672.47,273.05,207.25,58.95,1152.77,2026-02-22,1.0365
T0001405,P0112,PL05,M00155,258.29,260.23,163.2,39.25,35.65,22.13,238.1,2026-11-24,1.2947
T0001406,P0110,PL06,M00156,296.02,287.66,150.73,61.14,56.97,18.82,268.84,2026-05-09,0.934
T0001407,P0139,PL07,M00157,620.51,614.98,360.17,138.92,74.74,41.15,573.83,2025-10-01,1.2251
T0001408,P0058,PL08,M00158,32.68,32.93,19.18,6.74,4.67,2.34,30.59,2025-06-18,1.4317
T0001409,P0052,PL01,M00159,127.24,127.51,71.89,20.96,27.39,7.27,120.24,2026-02-01,0.7245
T0001410,P0072,PL02,M00160,534.94,543.89,309.38,86.59,107.32,40.6,503.29,2026-06-25,0.8916
T0001411,P0150,PL03,M00161,1170.87,1123.03,620.89,237.29,196.47,68.38,1054.65,2025-07-20,1.3181
T0001412,P0101,PL04,M00162,163.29,160.95,93.73,33.85,21.1,12.27,148.68,2026-09-06,1.2477
T0001413,P0143,PL05,M00163,1078.21,1107.98,578.67,265.24,161.2,102.87,1005.11,2025-12-19,1.0895
T0001414,P0068,PL06,M00164,1176.98,1190.4,657.62,283.29,142.46,107.03,1083.37,2025-03-10,1.4464
T0001415,P0081,PL07,M00165,139.82,140.61,79.24,23.08,26.15,12.14,128.47,2025-05-16,0.3906
T0001416,P0027,PL08,M00166,39.07,37.92,21.91,9.08,4.37,2.56,35.36,2025-06-18,0.1102
T0001417,P0147,PL01,M00167,168.67,168.42,102.25,33.71,24.06,8.4,160.02,2026-05-23,0.2159
T0001418,P0149,PL02,M00168,29.76,29.92,18.93,5.9,4.08,1.01,28.91,2025-06-22,0.2796
T0001419,P0053,PL03,M00169,132.31,137.85,79.36,23.07,25.56,9.86,127.99,2025-08-31,0.6323
T0001420,P0004,PL04,M00170,243.27,242.77,142.58,41.3,45.69,13.2,229.57,2025-07-11,1.2261
T0001421,P0147,PL05,M00171,888.16,851.27,497.55,174.79,148.78,30.15,821.12,2026-03-06,1.2058
T0001422,P0030,PL06,M00172,319.74,332.93,204.17,58.25,58.33,12.18,320.75,2026-07-07,0.895
T0001423,P0140,PL07,M00173,1106.88,1060.16,618.46,216.74,168.53,56.43,1003.73,2026-05-20,1.2712
T0001424,P0038,PL08,M00174,791.74,762.78,481.2,120.31,115.12,46.15,716.63,2026-02-19,1.0076
T0001425,P0023,PL01,M00175,81.11,77.81,48.05,13.63,12.08,4.05,73.76,2026-11-22,0.1025
T0001426,P0045,PL02,M00176,370.01,364.97,185.11,81.16,71.18,27.52,337.45,2025-03-16,0.3098
T0001427,P0061,PL03,M00177,448.75,449.62,260.47,101.12,66.29,21.74,427.88,2026-11-30,0.4018
T0001428,P0059,PL04,M00178,1144.88,1113.81,620.6,205.13,221.91,66.17,1047.64,2025-02-04,1.2417
T0001429,P0132,PL05,M00179,151.7,148.48,88.99,26.31,21.07,12.11,136.37,2025-12-12,1.024
T0001430,P0113,PL06,M00180,1014.11,1015.89,574.53,217.97,131.84,91.55,924.34,2026-12-13,1.371
T0001431,P0116,PL07,M00181,1045.75,1026.32,566.09,188.58,188.86,82.79,943.53,2025-07-11,1.3008
T0001432,P0039,PL08,M00182,1400.54,1398.76,773.25,332.98,186.67,105.86,1292.9,2026-01-29,1.1794
T0001433,P0010,PL01,M00183,692.13,670.08,408.98,129.59,102.94,28.57,641.51,2026-05-21,1.0137
T0001434,P0093,PL02,M00184,864.49,829.97,494.65,153.19,133.03,49.1,780.87,2025-01-31,1.0506
T0001435,P0088,PL03,M00185,212.37,219.74,136.97,33.79,40.57,8.41,211.33,2025-06-30,0.3931
T0001436,P0064,PL04,M00186,1461.59,1392.87,803.45,318.31,179.01,92.1,1300.77,2025-10-29,1.2662
T0001437,P0027,PL05,M00187,239.06,246.71,132.61,50.45,52.77,10.88,235.83,2026-08-10,0.2941
T0001438,P0088,PL06,M00188,526.75,515.75,318.17,95.04,70.46,32.08,483.67,2026-05-10,1.461
T0001439,P0027,PL07,M00189,240.13,234.4,131.72,49.16,38.55,14.97,219.43,2026-12-04,0.2247
T0001440,P0005,PL08,M00190,758.65,768.77,459.26,169.55,112.43,27.53,741.24,2026-07-27,1.1543
T0001441,P0132,PL01,M00191,238.43,230.72,118.14,50.31,48.26,14.01,216.71,2026-11-23,1.4242
T0001442,P0069,PL02,M00192,210.55,210.05,123.79,33.85,32.21,20.2,189.85,2026-08-19,1.1293
T0001443,P0045,PL03,M00193,574.42,573.76,327.48,101.83,96.68,47.77,525.99,2025-04-20,1.2779
T0001444,P0069,PL04,M00194,104.96,109.73,61.93,25.39,13.78,8.63,101.1,2025-02-16,0.4709
T0001445,P0135,PL05,M00195,173.49,166.17,90.98,29.16,32.04,13.99,152.18,2025-05-05,0.1434
T0001446,P0090,PL06,M00196,445.78,431.91,276.98,64.69,57.78,32.46,399.45,2026-06-24,1.2592
T0001447,P0107,PL07,M00197,829.16,797.46,458.39,181.55,102.64,54.88,742.58,2026-08-21,0.7165
T0001448,P0139,PL08,M00198,1093.47,1107.34,646.5,225.37,156.37,79.1,1028.24,2026-11-17,1.267
T0001449,P0031,PL01,M00199,1156.92,1178.72,611.49,267.53,227.38,72.32,1106.4,2026-09-22,1.3304
T0001450,P0060,PL02,M00200,180.9,176.29,107.78,28.22,31.77,8.52,167.77,2026-10-17,0.3569
T0001451,P0088,PL03,M00201,65.39,62.72,36.19,14.77,7.95,3.81,58.91,2025-01-06,0.7939
T0001452,P0099,PL04,M00202,366.7,370.06,220.86,68.44,52.48,28.28,341.78,2026-06-17,0.365
T0001453,P0106,PL05,M00203,5.91,6.08,3.46,0.87,1.21,0.54,5.54,2025-10-27,0.2643
T0001454,P0056,PL06,M00204,1423.85,1374.14,876.83,226.61,212.17,58.53,1315.61,2025-03-13,1.2247
T0001455,P0079,PL07,M00205,38.35,37.22,22.68,8.05,4.82,1.67,35.55,2026-10-23,0.187
T0001456,P0089,PL08,M00206,474.89,470.16,274.56,88.88,79.93,26.79,443.37,2026-07-21,0.4274
T0001457,P0083,PL01,M00207,515.15,492.26,289.64,92.03,90.16,20.43,471.83,2026-05-07,0.6537
T0001458,P0117,PL02,M00208,555.7,549.64,299.09,105.62,115.52,29.41,520.23,2025-04-03,0.4805
T0001459,P0118,PL03,M00209,249.69,245.56,131.94,64.98,32.41,16.23,229.33,2025-06-29,0.5903
T0001460,P0047,PL04,M00210,400.67,387.98,205.33,89.36,65.73,27.56,360.42,2025-01-30,1.1865
T0001461,P0150,PL05,M00211,286.44,278.38,154.2,74.15,36.76,13.27,265.11,2025-12-01,0.4419
T0001462,P0139,PL06,M00212,606.49,630.43,357.15,142.45,107.0,23.83,606.6,2026-08-15,0.948
T0001463,P0101,PL07,M00213,733.11,742.57,414.46,131.6,119.09,77.42,665.15,2025-08-13,1.4391
T0001464,P0115,PL08,M00214,96.31,99.79,63.99,14.34,17.35,4.11,95.68,2025-04-30,0.1099
T0001465,P0128,PL01,M00215,378.53,392.13,238.15,71.34,57.72,24.92,367.21,2026-06-24,0.8753
T0001466,P0026,PL02,M00216,584.7,589.5,352.96,92.5,122.28,21.76,567.74,2025-06-02,0.7798
T0001467,P0120,PL03,M00217,906.15,893.87,513.88,169.16,143.75,67.08,826.79,2026-07-22,0.8587
T0001468,P0048,PL04,M00218,813.69,818.61,516.37,118.75,109.08,74.41,744.2,2026-06-11,0.7408
T0001469,P0061,PL05,M00219,250.28,240.17,128.18,37.23,51.32,23.44,216.73,2025-10-12,1.3569
T0001470,P0147,PL06,M00220,85.02,87.35,50.23,18.15,12.11,6.86,80.49,2025-08-04,1.5598
T0001471,P0051,PL07,M00221,500.81,487.4,268.06,92.44,84.56,42.34,445.06,2025-04-05,0.8447
T0001472,P0054,PL08,M00222,175.1,182.34,113.8,33.62,26.91,8.01,174.33,2026-04-27,0.1765
T0001473,P0118,PL01,M00223,956.69,951.33,566.88,137.71,166.86,79.88,871.45,2025-05-01,0.9858
T0001474,P0047,PL02,M00224,257.99,269.79,164.32,55.99,39.05,10.43,259.36,2025-04-18,1.0498
T0001475,P0055,PL03,M00225,593.62,594.35,339.03,129.37,91.06,34.89,559.46,2025-09-12,0.9727
T0001476,P0134,PL04,M00226,418.82,415.1,222.64,94.06,75.8,22.6,392.5,2025-11-05,1.3136
T0001477,P0087,PL05,M00227,1289.38,1328.52,730.77,304.63,223.57,69.55,1258.97,2025-05-24,1.1164
T0001478,P0094,PL06,M00228,828.51,839.93,519.05,129.73,156.7,34.45,805.48,2026-12-19,1.0646
T0001479,P0033,PL07,M00229,1190.64,1160.29,563.23,267.92,232.95,96.19,1064.1,2026-09-03,1.1309
T0001480,P0139,PL08,M00230,431.63,422.88,246.52,73.04,59.35,43.97,378.91,2026-07-17,0.5266
T0001481,P0124,PL01,M00231,180.46,183.61,101.07,41.52,28.9,12.12,171.49,2025-01-27,0.2098
T0001482,P0022,PL02,M00232,1209.42,1247.64,708.99,223.02,213.48,102.15,1145.49,2026-03-30,1.4146
T0001483,P0067,PL03,M00233,10.6,10.16,6.19,1.52,1.81,0.64,9.52,2025-12-17,0.4064
T0001484,P0128,PL04,M00234,573.8,598.81,313.13,158.93,97.44,29.31,569.5,2026-02-20,0.6411
T0001485,P0109,PL05,M00235,175.71,176.22,93.08,43.33,31.68,8.13,168.09,2026-01-16,0.3428
T0001486,P0031,PL06,M00236,36.88,35.46,21.58,5.24,6.72,1.92,33.54,2025-03-02,0.1359
T0001487,P0042,PL07,M00237,122.2,127.39,69.99,33.06,19.51,4.83,122.56,2025-04-03,0.1194
T0001488,P0088,PL08,M00238,237.98,228.74,117.12,49.81,42.22,19.59,209.15,2025-04-21,0.2385
T0001489,P0074,PL01,M00239,1528.52,1545.88,851.12,348.89,287.6,58.27,1487.61,2025-02-18,1.4105
T0001490,P0090,PL02,M00240,951.86,907.24,519.16,166.91,128.89,92.28,814.96,2026-03-22,0.8316
T0001491,P0052,PL03,M00241,287.18,278.3,166.26,48.79,39.33,23.92,254.38,2025-12-08,0.3337
T0001492,P0091,PL04,M00242,145.54,138.61,82.37,20.7,26.29,9.25,129.36,2025-06-02,0.983
T0001493,P0080,PL05,M00243,62.22,61.68,39.94,9.03,9.94,2.77,58.91,2026-03-12,1.0111
T0001494,P0068,PL06,M00244,493.83,509.53,307.16,101.03,66.86,34.48,475.05,2025-01-21,1.0335
T0001495,P0001,PL07,M00245,582.33,559.48,315.94,113.17,102.17,28.2,531.28,2025-10-04,1.0759
T0001496,P0128,PL08,M00246,1971.91,1966.12,1113.81,341.28,359.56,151.47,1814.65,2026-08-27,1.7988
T0001497,P0143,PL01,M00247,108.14,107.92,61.12,21.15,20.65,5.0,102.92,2026-01-27,0.4928
T0001498,P0060,PL02,M00248,430.23,430.59,255.77,97.35,59.24,18.23,412.36,2025-09-30,0.6427
T0001499,P0115,PL03,M00249,155.82,160.23,91.8,27.04,28.76,12.63,147.6,2025-04-27,1.09
T0001500,P0132,PL04,M00250,1524.82,1483.79,811.86,343.24,246.82,81.87,1401.92,2026-04-24,1.3284
T0001501,P0067,PL05,M00001,1814.34,1760.51,1092.63,325.65,252.76,89.47,1671.04,2026-11-08,1.5621
T0001502,P0038,PL06,M00002,315.4,320.14,160.49,80.43,58.68,20.54,299.6,2026-08-22,1.7687
T0001503,P0019,PL07,M00003,1421.83,1375.87,692.96,336.28,267.89,78.74,1297.13,2026-06-05,1.6637
T0001504,P0060,PL08,M00004,994.53,980.71,525.59,206.64,201.76,46.72,933.99,2026-06-10,1.0765
T0001505,P0082,PL01,M00005,257.4,252.6,146.41,61.29,34.85,10.05,242.55,2026-03-05,1.2567
T0001506,P0041,PL02,M00006,1376.83,1387.83,837.45,250.75,216.08,83.55,1304.28,2026-11-16,1.3435
T0001507,P0123,PL03,M00007,105.7,111.26,62.28,22.36,17.88,8.74,102.52,2026-02-06,0.1997
T0001508,P0012,PL04,M00008,1338.34,1338.59,760.65,295.79,220.03,62.12,1276.47,2025-12-30,1.1742
T0001509,P0028,PL05,M00009,1110.72,1115.77,634.72,231.48,176.83,72.74,1043.03,2026-01-22,0.9306
T0001510,P0073,PL06,M00010,470.28,477.67,254.64,91.03,98.49,33.51,444.16,2026-03-08,0.6124
T0001511,P0003,PL07,M00011,587.99,575.13,338.14,100.01,83.76,53.22,521.91,2025-03-08,0.4967
T0001512,P0140,PL08,M00012,8.41,8.06,4.21,2.03,1.25,0.57,7.49,2025-10-09,0.806
T0001513,P0112,PL01,M00013,288.21,298.29,154.98,69.37,57.06,16.88,281.41,2026-09-21,0.5534
T0001514,P0077,PL02,M00014,695.53,706.41,476.09,107.13,91.57,31.62,674.79,2025-03-06,1.5733
T0001515,P0042,PL03,M00015,268.59,281.21,163.78,46.94,50.44,20.05,261.16,2026-10-18,0.3332
T0001516,P0143,PL04,M00016,171.15,175.79,97.92,40.04,26.68,11.15,164.64,2025-09-18,0.866
T0001517,P0068,PL05,M00017,194.16,191.04,112.39,36.99,26.73,14.93,176.11,2026-05-23,0.9141
T0001518,P0124,PL06,M00018,274.46,272.42,148.93,49.17,59.11,15.21,257.21,2025-03-06,0.2556
T0001519,P0103,PL07,M00019,312.35,300.19,182.28,57.87,36.38,23.66,276.53,2025-01-03,0.2638
T0001520,P0048,PL08,M00020,921.93,902.07,559.24,154.26,153.31,35.26,866.81,2025-12-01,1.155
T0001521,P0141,PL01,M00021,821.03,862.15,507.88,178.72,118.66,56.89,805.26,2026-02-10,1.3305
T0001522,P0013,PL02,M00022,275.84,280.68,155.22,58.25,43.83,23.38,257.3,2025-11-18,1.0632
T0001523,P0098,PL03,M00023,213.01,211.21,124.64,49.82,28.74,8.01,203.2,2026-12-15,0.2897
T0001524,P0102,PL04,M00024,418.84,422.22,253.94,79.07,51.52,37.69,384.53,2026-07-23,0.4842
T0001525,P0125,PL05,M00025,18.21,19.02,11.1,2.77,3.63,1.52,17.5,2025-02-27,0.1729
T0001526,P0097,PL06,M00026,569.66,570.49,337.3,79.63,115.04,38.52,531.97,2025-02-18,0.9991
T0001527,P0004,PL07,M00027,446.29,462.51,239.65,117.22,82.47,23.17,439.34,2025-09-26,0.7072
T0001528,P0082,PL08,M00028,509.49,506.55,299.35,88.51,95.72,22.97,483.58,2025-11-12,1.2569
T0001529,P0034,PL01,M00029,448.02,461.3,274.83,81.57,78.9,26.0,435.3,2026-01-26,0.5321
T0001530,P0109,PL02,M00030,134.59,137.02,79.56,28.0,18.82,10.64,126.38,2025-01-10,0.3495
T0001531,P0080,PL03,M00031,391.66,384.37,248.05,54.26,53.19,28.87,355.5,2026-11-04,1.3487
T0001532,P0129,PL04,M00032,1384.53,1345.53,824.41,213.26,228.85,79.01,1266.52,2026-01-17,1.221
T0001533,P0102,PL05,M00033,1659.94,1728.2,1061.48,258.25,316.9,91.57,1636.63,2026-08-26,1.691
T0001534,P0070,PL06,M00034,370.3,368.38,223.78,71.05,58.57,14.98,353.4,2025-01-14,1.288
T0001535,P0053,PL07,M00035,269.8,258.73,150.2,58.57,37.23,12.73,246.0,2025-06-18,0.4938
T0001536,P0119,PL08,M00036,1101.21,1086.66,588.71,251.82,164.64,81.49,1005.17,2026-06-30,1.4947
T0001537,P0060,PL01,M00037,958.96,973.86,603.54,142.65,153.97,73.7,900.16,2026-07-25,1.4449
T0001538,P0095,PL02,M00038,666.85,679.31,386.42,136.35,129.49,27.05,652.26,2025-11-09,0.7032
T0001539,P0138,PL03,M00039,1181.32,1238.67,720.53,184.18,232.28,101.68,1136.99,2026-04-04,1.2192
T0001540,P0076,PL04,M00040,373.93,381.86,252.56,63.85,51.32,14.13,367.73,2025-09-06,0.3773
T0001541,P0004,PL05,M00041,140.55,134.21,76.84,27.76,23.0,6.61,127.6,2025-12-29,1.0016
T0001542,P0099,PL06,M00042,234.34,244.55,132.04,57.03,42.44,13.04,231.51,2025-07-19,0.5095
T0001543,P0010,PL07,M00043,181.4,174.03,107.9,26.73,27.14,12.26,161.77,2025-11-09,0.1636
T0001544,P0066,PL08,M00044,324.44,335.28,196.39,53.38,60.99,24.52,310.76,2025-06-26,0.4494
T0001545,P0056,PL01,M00045,264.03,254.41,142.39,54.43,46.17,11.42,242.99,2026-09-10,0.223
T0001546,P0138,PL02,M00046,839.33,868.77,525.86,147.69,131.83,63.39,805.38,2025-05-07,0.837
T0001547,P0040,PL03,M00047,62.1,60.39,36.68,10.31,11.07,2.33,58.06,2026-06-25,0.4507
T0001548,P0065,PL04,M00048,68.03,68.25,39.07,14.09,11.99,3.1,65.15,2026-11-29,0.1404
T0001549,P0053,PL05,M00049,465.93,479.23,283.41,90.01,83.62,22.19,457.04,2025-10-02,1.0132
T0001550,P0128,PL06,M00050,1208.99,1266.14,730.36,219.73,258.93,57.12,1209.02,2026-11-07,1.5593
T0001551,P0143,PL07,M00051,78.98,75.81,41.6,12.44,14.59,7.18,68.63,2026-12-30,0.2148
T0001552,P0119,PL08,M00052,189.47,183.51,111.73,29.61,28.47,13.7,169.81,2026-06-19,0.2332
T0001553,P0099,PL01,M00053,21.83,22.58,13.33,3.3,4.34,1.61,20.97,2026-05-08,0.7056
T0001554,P0082,PL02,M00054,196.58,191.01,99.05,40.93,35.81,15.22,175.79,2026-07-21,1.0381
T0001555,P0081,PL03,M00055,986.35,1029.87,549.55,242.24,198.81,39.27,990.6,2025-05-22,1.2173
T0001556,P0104,PL04,M00056,10.02,10.5,5.88,2.2,1.52,0.9,9.6,2025-01-18,0.6176
T0001557,P0012,PL05,M00057,1269.6,1327.08,782.47,205.82,242.02,96.77,1230.31,2025-01-21,1.4811
T0001558,P0023,PL06,M00058,815.56,791.54,488.3,155.85,117.93,29.46,762.08,2025-11-03,1.6841
T0001559,P0121,PL07,M00059,958.03,925.43,549.73,135.55,164.25,75.9,849.53,2025-10-03,0.8569
T0001560,P0146,PL08,M00060,291.67,282.45,181.08,39.53,50.41,11.43,271.02,2026-01-22,0.3367
T0001561,P0031,PL01,M00061,1563.12,1617.04,970.45,279.44,302.56,64.59,1552.45,2026-10-13,1.4795
T0001562,P0117,PL02,M00062,750.31,748.72,413.71,163.42,144.32,27.27,721.45,2025-07-04,0.6367
T0001563,P0092,PL03,M00063,979.49,980.96,569.89,236.11,136.34,38.62,942.34,2026-12-20,0.9091
T0001564,P0036,PL04,M00064,553.95,529.87,312.13,100.45,90.19,27.1,502.77,2026-08-09,0.5554
T0001565,P0076,PL05,M00065,410.07,419.47,245.76,103.13,53.5,17.08,402.39,2025-05-22,1.0811
T0001566,P0036,PL06,M00066,171.09,166.21,96.06,29.02,28.64,12.49,153.72,2026-08-30,0.2995
T0001567,P0094,PL07,M00067,51.36,51.02,27.94,10.78,10.19,2.11,48.91,2025-09-28,0.1822
T0001568,P0001,PL08,M00068,101.51,103.17,58.46,22.9,14.21,7.6,95.57,2026-06-02,0.3451
T0001569,P0057,PL01,M00069,544.35,520.38,288.93,113.05,77.03,41.37,479.01,2026-10-10,0.6129
T0001570,P0144,PL02,M00070,1070.02,1057.58,620.23,172.68,194.84,69.83,987.75,2026-05-31,1.553
T0001571,P0042,PL03,M00071,421.71,412.15,243.76,78.6,67.26,22.53,389.62,2026-06-14,0.4403
T0001572,P0124,PL04,M00072,136.71,132.55,81.31,25.46,15.35,10.43,122.12,2026-01-18,1.0196
T0001573,P0046,PL05,M00073,304.94,307.35,178.53,67.22,46.25,15.35,292.0,2025-01-02,1.3191
T0001574,P0146,PL06,M00074,60.43,57.63,33.89,9.43,10.0,4.31,53.32,2026-03-28,0.1379
T0001575,P0023,PL07,M00075,1331.67,1324.7,798.29,261.96,199.25,65.2,1259.5,2026-12-19,1.1179
T0001576,P0143,PL08,M00076,617.18,588.81,336.32,121.17,104.91,26.41,562.4,2026-04-25,1.3202
T0001577,P0132,PL01,M00077,426.81,429.67,241.41,81.22,67.77,39.27,390.4,2025-04-01,0.438
T0001578,P0040,PL02,M00078,1035.7,1014.43,538.82,257.86,129.13,88.62,925.81,2025-12-07,0.8753
T0001579,P0066,PL03,M00079,297.68,305.32,179.68,50.78,46.84,28.02,277.3,2026-01-04,0.6046
T0001580,P0050,PL04,M00080,415.77,420.37,229.43,98.18,73.46,19.3,401.07,2026-03-16,0.3714
T0001581,P0059,PL05,M00081,382.46,383.73,209.8,80.53,59.55,33.85,349.88,2025-07-01,0.6189
T0001582,P0093,PL06,M00082,476.47,473.57,235.17,106.71,96.92,34.77,438.8,2025-02-21,0.6794
T0001583,P0086,PL07,M00083,33.11,32.08,19.22,7.24,4.59,1.03,31.05,2026-07-08,0.1401
T0001584,P0119,PL08,M00084,212.27,207.16,121.93,37.83,35.56,11.84,195.32,2025-03-27,0.2577
T0001585,P0046,PL01,M00085,33.17,34.07,19.03,7.02,4.91,3.11,30.96,2025-02-25,0.5874
T0001586,P0001,PL02,M00086,121.7,122.94,73.5,21.15,22.8,5.49,117.45,2026-11-30,0.4299
T0001587,P0013,PL03,M00087,207.28,198.08,115.46,33.64,40.72,8.26,189.82,2026-03-04,0.2983
T0001588,P0067,PL04,M00088,109.43,112.43,63.81,24.26,14.98,9.38,103.05,2026-12-04,0.1595
T0001589,P0141,PL05,M00089,853.69,891.17,487.64,199.45,156.63,47.45,843.72,2026-04-20,1.2141
T0001590,P0074,PL06,M00090,605.84,598.82,341.02,126.51,87.82,43.47,555.35,2025-01-10,1.3248
T0001591,P0055,PL07,M00091,86.76,87.91,51.1,17.29,15.96,3.56,84.35,2025-02-02,0.8535
T0001592,P0087,PL08,M00092,610.08,591.76,332.68,138.76,97.32,23.0,568.76,2025-08-15,1.6168
T0001593,P0019,PL01,M00093,78.17,74.67,45.05,13.62,11.52,4.48,70.19,2026-01-06,0.57
T0001594,P0019,PL02,M00094,1004.08,974.76,583.79,193.25,143.82,53.9,920.86,2026-07-15,1.2154
T0001595,P0056,PL03,M00095,1287.06,1283.92,708.06,259.77,227.61,88.48,1195.44,2026-11-28,1.0908
T0001596,P0041,PL04,M00096,88.57,92.67,57.63,14.17,17.46,3.41,89.26,2026-04-15,0.1361
T0001597,P0101,PL05,M00097,184.23,188.01,111.66,44.11,22.81,9.43,178.58,2025-05-14,0.316
T0001598,P0057,PL06,M00098,1163.01,1113.55,681.28,154.92,187.24,90.11,1023.44,2025-06-03,1.6209
T0001599,P0092,PL07,M00099,16.92,16.58,9.97,2.34,3.44,0.83,15.75,2026-11-25,0.7895
T0001600,P0099,PL08,M00100,466.12,470.06,277.85,63.5,90.05,38.66,431.4,2025-04-30,0.5115
T0001601,P0145,PL01,M00101,994.08,970.69,512.72,214.45,172.52,71.0,899.69,2026-04-13,0.8651
T0001602,P0012,PL02,M00102,376.13,377.82,213.11,81.75,56.18,26.78,351.04,2025-06-21,0.7526
T0001603,P0066,PL03,M00103,1405.11,1439.21,851.33,303.32,176.0,108.56,1330.65,2025-07-11,1.5023
T0001604,P0141,PL04,M00104,139.26,140.52,75.85,21.23,31.14,12.3,128.22,2025-08-20,0.3698
T0001605,P0032,PL05,M00105,2006.18,2070.18,1136.41,461.72,300.22,171.83,1898.35,2026-06-22,1.7499
T0001606,P0096,PL06,M00106,1277.56,1234.85,704.82,258.53,226.92,44.58,1190.27,2025-08-05,1.087
T0001607,P0098,PL07,M00107,164.27,170.83,94.95,28.62,33.6,13.66,157.17,2026-12-09,0.16
T0001608,P0056,PL08,M00108,1477.85,1488.64,859.01,255.38,280.19,94.06,1394.58,2026-09-11,1.3162
T0001609,P0080,PL01,M00109,247.18,258.94,152.27,45.16,40.2,21.31,237.63,2025-12-06,1.257
T0001610,P0033,PL02,M00110,259.44,252.58,141.29,45.21,42.44,23.64,228.94,2025-10-29,0.8801
T0001611,P0135,PL03,M00111,78.6,75.48,42.68,13.44,12.71,6.65,68.83,2025-05-15,0.5206
T0001612,P0004,PL04,M00112,91.84,89.72,53.32,15.84,15.4,5.16,84.56,2026-10-05,1.081
T0001613,P0092,PL05,M00113,83.3,80.16,52.53,11.25,11.2,5.18,74.98,2026-03-26,0.3627
T0001614,P0065,PL06,M00114,44.83,47.02,25.52,9.99,9.55,1.96,45.06,2025-02-18,0.1138
T0001615,P0102,PL07,M00115,242.1,251.06,151.17,56.21,30.7,12.98,238.08,2026-04-16,1.2187
T0001616,P0019,PL08,M00116,440.09,428.2,264.64,63.79,64.41,35.36,392.84,2026-12-01,0.6895
T0001617,P0064,PL01,M00117,103.5,101.68,58.63,19.62,17.38,6.05,95.63,2025-01-30,0.1768
T0001618,P0129,PL02,M00118,492.22,469.28,247.79,111.03,76.42,34.04,435.24,2026-05-14,0.6167
T0001619,P0060,PL03,M00119,53.92,54.1,32.41,8.9,7.48,5.31,48.79,2025-02-11,0.1675
T0001620,P0010,PL04,M00120,647.37,638.22,341.02,149.48,98.69,49.03,589.19,2025-09-18,0.7147
T0001621,P0097,PL05,M00121,277.64,285.92,167.05,58.24,36.4,24.23,261.69,2025-11-06,0.3045
T0001622,P0106,PL06,M00122,1006.15,992.96,624.38,156.73,120.56,91.29,901.67,2025-09-19,1.3927
T0001623,P0127,PL07,M00123,251.88,256.24,138.97,54.41,37.22,25.64,230.6,2025-02-10,1.2202
T0001624,P0098,PL08,M00124,222.6,218.4,123.4,52.69,26.19,16.12,202.28,2026-09-08,0.4738
T0001625,P0094,PL01,M00125,740.91,740.38,414.81,163.95,118.5,43.12,697.26,2025-07-11,0.9793
T0001626,P0094,PL02,M00126,767.77,788.27,446.69,153.82,125.5,62.26,726.01,2025-03-22,0.7638
T0001627,P0069,PL03,M00127,867.82,850.6,534.19,170.45,109.89,36.07,814.53,2026-08-01,1.2381
T0001628,P0052,PL04,M00128,370.57,372.4,199.36,99.23,58.7,15.11,357.29,2026-10-13,0.7433
T0001629,P0017,PL05,M00129,691.0,692.48,388.53,136.05,114.1,53.8,638.68,2026-01-27,1.5846
T0001630,P0079,PL06,M00130,229.59,240.2,131.46,52.93,44.55,11.26,228.94,2025-12-07,1.2709
T0001631,P0115,PL07,M00131,290.2,298.96,175.33,48.27,60.28,15.08,283.88,2025-11-06,1.2405
T0001632,P0047,PL08,M00132,390.68,377.44,192.08,93.24,63.35,28.77,348.67,2025-05-02,1.4517
T0001633,P0107,PL01,M00133,717.2,746.44,432.72,181.5,87.82,44.4,702.04,2025-06-11,1.1924
T0001634,P0027,PL02,M00134,70.12,70.19,39.55,13.77,13.31,3.56,66.63,2026-04-14,0.9886
T0001635,P0095,PL03,M00135,221.15,222.84,124.46,41.31,47.17,9.9,212.94,2025-05-04,0.2412
T0001636,P0130,PL04,M00136,204.94,211.19,129.88,35.14,26.01,20.16,191.03,2025-06-30,0.3904
T0001637,P0007,PL05,M00137,1029.65,1083.46,640.29,189.76,203.77,49.64,1033.82,2026-10-26,1.2732
T0001638,P0083,PL06,M00138,180.47,180.02,89.9,44.26,33.74,12.12,167.9,2026-02-14,0.4557
T0001639,P0040,PL07,M00139,155.22,156.67,93.81,25.41,23.0,14.45,142.22,2026-01-01,0.1413
T0001640,P0046,PL08,M00140,67.62,67.66,40.4,13.97,8.29,5.0,62.66,2025-06-05,0.4699
T0001641,P0032,PL01,M00141,592.23,579.84,368.03,111.3,75.81,24.7,555.14,2026-08-11,0.7028
T0001642,P0090,PL02,M00142,1422.44,1365.34,832.4,268.14,199.13,65.67,1299.67,2026-09-30,1.2748
T0001643,P0033,PL03,M00143,887.41,863.91,516.33,178.22,98.93,70.43,793.48,2025-09-10,1.1818
T0001644,P0049,PL04,M00144,38.59,38.97,22.71,6.62,6.54,3.1,35.87,2026-03-30,0.1065
T0001645,P0059,PL05,M00145,202.54,195.52,106.8,37.56,39.17,11.99,183.53,2025-08-19,0.2212
T0001646,P0100,PL06,M00146,1151.05,1114.16,659.85,199.94,169.14,85.23,1028.93,2026-06-08,1.0828
T0001647,P0040,PL07,M00147,133.93,132.83,78.59,28.28,17.97,7.99,124.84,2026-05-19,0.6207
T0001648,P0023,PL08,M00148,1024.2,1069.81,628.0,207.25,164.66,69.9,999.91,2025-07-07,1.1887
T0001649,P0038,PL01,M00149,588.23,568.31,339.51,117.08,76.27,35.45,532.86,2025-09-26,1.2545
T0001650,P0065,PL02,M00150,801.99,776.44,445.85,190.63,96.59,43.37,733.07,2026-09-15,1.0814
T0001651,P0091,PL03,M00151,98.23,93.93,56.26,20.19,11.09,6.39,87.54,2025-07-08,0.7396
T0001652,P0123,PL04,M00152,201.17,191.92,115.46,37.98,29.99,8.49,183.43,2025-09-06,1.3145
T0001653,P0081,PL05,M00153,1712.02,1793.09,1050.28,300.4,306.85,135.56,1657.53,2025-01-07,1.5538
T0001654,P0103,PL06,M00154,1300.96,1272.35,760.1,236.9,203.45,71.9,1200.45,2026-01-30,1.2106
T0001655,P0122,PL07,M00155,361.17,346.57,202.11,54.8,74.25,15.41,331.16,2025-10-11,0.4621
T0001656,P0020,PL08,M00156,347.93,357.68,190.59,94.65,45.07,27.37,330.31,2025-10-02,0.5038
T0001657,P0116,PL01,M00157,564.95,558.9,311.62,110.45,108.33,28.5,530.4,2026-08-29,0.5442
T0001658,P0004,PL02,M00158,240.14,245.56,148.16,48.59,33.39,15.42,230.14,2025-06-12,0.2393
T0001659,P0104,PL03,M00159,789.68,755.62,464.33,127.55,114.76,48.98,706.64,2026-03-17,0.6876
T0001660,P0021,PL04,M00160,125.63,122.44,71.43,21.37,23.56,6.08,116.36,2026-05-11,0.3148
T0001661,P0122,PL05,M00161,565.79,571.4,349.56,103.74,80.38,37.72,533.68,2026-07-02,0.6568
T0001662,P0030,PL06,M00162,211.18,211.64,115.67,53.11,28.54,14.32,197.32,2025-11-13,1.0743
T0001663,P0060,PL07,M00163,47.4,45.83,24.92,7.35,10.17,3.39,42.44,2025-12-09,0.1498
T0001664,P0117,PL08,M00164,92.79,92.03,51.87,16.81,16.89,6.46,85.57,2025-10-17,0.0928
T0001665,P0103,PL01,M00165,672.76,707.34,396.06,177.17,106.2,27.91,679.43,2026-03-22,0.5984
T0001666,P0009,PL02,M00166,83.93,80.4,40.38,17.01,15.92,7.09,73.31,2026-03-13,0.117
T0001667,P0110,PL03,M00167,505.88,523.4,298.76,82.04,99.38,43.22,480.18,2025-10-06,1.3386
T0001668,P0053,PL04,M00168,540.72,566.64,303.46,102.05,126.11,35.02,531.62,2025-08-17,0.7369
T0001669,P0077,PL05,M00169,210.36,207.89,114.14,53.24,30.61,9.9,197.99,2025-07-31,1.2229
T0001670,P0073,PL06,M00170,370.23,377.02,219.76,78.29,55.93,23.04,353.98,2026-02-07,0.4189
T0001671,P0019,PL07,M00171,167.87,174.84,95.15,39.41,31.4,8.88,165.96,2026-12-28,0.6777
T0001672,P0116,PL08,M00172,519.29,519.18,287.9,126.32,86.09,18.87,500.31,2025-10-10,1.0976
T0001673,P0058,PL01,M00173,538.95,549.4,310.37,87.33,106.7,45.0,504.4,2025-06-25,0.8056
T0001674,P0134,PL02,M00174,126.29,122.96,68.17,24.54,18.76,11.49,111.47,2026-10-20,0.2188
T0001675,P0123,PL03,M00175,531.0,543.52,313.99,126.05,73.14,30.34,513.18,2025-06-27,0.549
T0001676,P0150,PL04,M00176,39.11,38.72,21.57,8.33,5.86,2.96,35.76,2026-04-29,0.145
T0001677,P0146,PL05,M00177,20.86,20.33,12.78,3.7,3.0,0.85,19.48,2026-09-18,0.308
T0001678,P0092,PL06,M00178,280.76,290.4,171.65,60.3,35.64,22.81,267.59,2026-02-07,0.3576
T0001679,P0147,PL07,M00179,554.35,559.97,359.87,87.27,77.78,35.05,524.92,2025-03-22,1.2253
T0001680,P0058,PL08,M00180,595.53,568.63,327.19,107.68,91.5,42.26,526.37,2025-03-28,0.5001
T0001681,P0064,PL01,M00181,501.88,479.16,284.52,89.27,78.91,26.46,452.7,2025-05-19,0.744
T0001682,P0130,PL02,M00182,1595.93,1617.59,1002.31,229.31,324.87,61.1,1556.49,2026-08-17,1.4495
T0001683,P0072,PL03,M00183,35.79,37.22,20.37,8.61,5.72,2.52,34.7,2026-08-06,0.3323
T0001684,P0010,PL04,M00184,697.25,674.37,342.19,169.69,137.95,24.54,649.83,2025-09-27,1.5503
T0001685,P0072,PL05,M00185,424.89,420.79,247.33,66.29,81.37,25.8,394.99,2026-07-27,0.5195
T0001686,P0060,PL06,M00186,24.64,25.6,13.77,5.42,5.21,1.2,24.4,2026-06-17,0.0886
T0001687,P0105,PL07,M00187,189.27,197.56,108.56,35.18,37.54,16.28,181.28,2025-07-22,0.2164
T0001688,P0123,PL08,M00188,807.05,844.61,467.57,155.41,157.47,64.16,780.45,2026-03-14,1.1714
T0001689,P0060,PL01,M00189,1556.49,1496.33,944.13,269.15,210.77,72.28,1424.05,2025-06-27,1.3034
T0001690,P0139,PL02,M00190,212.71,215.2,124.29,33.7,42.17,15.04,200.16,2025-02-17,0.227
T0001691,P0042,PL03,M00191,133.73,127.77,79.41,25.37,16.22,6.77,121.0,2025-06-16,0.2098
T0001692,P0027,PL04,M00192,626.2,647.42,394.57,112.92,85.56,54.37,593.05,2026-07-14,0.6322
T0001693,P0093,PL05,M00193,365.51,365.45,194.84,92.67,54.17,23.77,341.68,2025-02-21,0.7694
T0001694,P0040,PL06,M00194,93.23,92.01,54.9,17.26,14.86,4.99,87.02,2025-03-07,1.0001
T0001695,P0038,PL07,M00195,345.25,358.29,184.04,89.89,66.76,17.6,340.69,2026-06-04,0.3569
T0001696,P0136,PL08,M00196,188.62,180.95,111.98,32.62,23.02,13.33,167.62,2025-02-18,0.1705
T0001697,P0013,PL01,M00197,751.68,722.28,451.8,137.12,98.75,34.61,687.67,2025-03-17,1.1919
T0001698,P0091,PL02,M00198,977.44,948.81,572.68,147.43,155.7,73.0,875.81,2025-09-15,1.4354
T0001699,P0057,PL03,M00199,305.15,297.89,175.89,63.93,46.76,11.31,286.58,2025-09-18,0.3169
T0001700,P0067,PL04,M00200,1322.73,1301.96,734.39,294.18,169.46,103.93,1198.03,2026-12-03,1.6418
T0001701,P0078,PL05,M00201,18.25,18.76,10.49,4.54,2.56,1.17,17.59,2025-10-24,0.3991
T0001702,P0096,PL06,M00202,1084.2,1083.3,671.01,206.58,137.79,67.92,1015.38,2025-06-20,1.3835
T0001703,P0047,PL07,M00203,716.26,733.74,401.03,177.17,106.29,49.25,684.49,2025-09-21,0.83
T0001704,P0082,PL08,M00204,526.72,520.94,282.69,112.37,92.29,33.59,487.35,2026-05-25,1.5458
T0001705,P0008,PL01,M00205,1532.29,1467.79,876.36,296.0,233.75,61.68,1406.11,2026-09-12,1.2418
T0001706,P0011,PL02,M00206,398.21,389.14,213.99,88.76,66.47,19.92,369.22,2026-02-25,0.5896
T0001707,P0045,PL03,M00207,574.64,591.04,294.68,146.22,114.74,35.4,555.64,2026-10-24,0.9579
T0001708,P0142,PL04,M00208,58.09,55.46,31.76,12.62,8.1,2.98,52.48,2026-10-24,0.2666
T0001709,P0041,PL05,M00209,67.31,64.17,37.49,11.5,11.3,3.88,60.29,2025-08-18,0.3545
T0001710,P0096,PL06,M00210,346.17,344.74,192.24,71.67,64.82,16.01,328.73,2025-04-26,1.064
T0001711,P0084,PL07,M00211,1003.81,1044.86,539.26,269.04,143.47,93.09,951.77,2025-04-23,0.9094
T0001712,P0146,PL08,M00212,879.77,844.52,543.31,152.74,112.67,35.8,808.72,2026-02-02,0.8207
T0001713,P0103,PL01,M00213,206.11,207.25,107.14,49.76,36.21,14.14,193.11,2026-02-16,0.8192
T0001714,P0020,PL02,M00214,39.1,37.71,22.33,7.7,6.02,1.66,36.05,2025-05-29,0.0982
T0001715,P0125,PL03,M00215,1118.4,1074.53,598.36,250.65,147.12,78.4,996.13,2025-10-16,0.9161
T0001716,P0072,PL04,M00216,205.0,202.32,129.03,33.69,30.54,9.06,193.26,2026-08-26,0.186
T0001717,P0006,PL05,M00217,2.64,2.63,1.68,0.47,0.34,0.14,2.49,2026-03-09,0.1879
T0001718,P0083,PL06,M00218,621.25,636.5,334.25,150.66,119.44,32.15,604.35,2025-04-09,0.9388
T0001719,P0107,PL07,M00219,339.17,356.14,204.2,67.66,54.49,29.79,326.35,2026-12-07,0.9893
T0001720,P0112,PL08,M00220,202.58,193.99,119.16,42.03,25.06,7.74,186.25,2026-04-14,0.4084
T0001721,P0124,PL01,M00221,175.36,173.1,86.77,38.37,34.18,13.78,159.32,2025-07-28,0.9617
T0001722,P0117,PL02,M00222,326.18,322.01,197.08,44.9,59.4,20.63,301.38,2025-07-01,0.6228
T0001723,P0058,PL03,M00223,70.12,72.06,42.64,13.39,12.17,3.86,68.2,2025-06-10,0.2238
T0001724,P0123,PL04,M00224,36.87,37.68,23.6,5.32,6.55,2.21,35.47,2025-03-06,0.7536
T0001725,P0002,PL05,M00225,272.81,269.83,169.67,47.53,34.97,17.66,252.17,2026-08-19,0.2498
T0001726,P0118,PL06,M00226,165.22,163.97,99.26,26.97,23.95,13.79,150.18,2026-02-24,0.6948
T0001727,P0005,PL07,M00227,563.95,588.28,325.38,122.72,91.32,48.86,539.42,2026-05-25,0.7263
T0001728,P0083,PL08,M00228,182.12,187.61,98.45,42.33,33.07,13.76,173.85,2025-04-07,0.4383
T0001729,P0003,PL01,M00229,785.76,753.1,457.92,124.8,135.69,34.69,718.41,2026-03-22,1.2147
T0001730,P0078,PL02,M00230,810.19,782.93,452.02,125.35,148.63,56.93,726.0,2026-03-10,0.8642
T0001731,P0144,PL03,M00231,609.59,597.82,370.67,95.65,106.56,24.94,572.88,2026-05-25,0.5071
T0001732,P0063,PL04,M00232,723.83,731.41,404.52,134.74,163.52,28.63,702.78,2026-02-25,0.7715
T0001733,P0150,PL05,M00233,34.47,32.98,19.81,5.87,4.78,2.52,30.46,2025-10-27,0.4922
T0001734,P0044,PL06,M00234,27.54,27.38,16.79,6.43,3.13,1.03,26.35,2025-12-01,0.37
T0001735,P0070,PL07,M00235,348.38,354.08,183.18,79.39,61.4,30.11,323.97,2026-07-12,0.6719
T0001736,P0124,PL08,M00236,1404.89,1361.05,810.32,221.82,232.7,96.21,1264.84,2025-02-12,1.2185
T0001737,P0061,PL01,M00237,397.16,392.38,233.73,82.19,61.08,15.38,377.0,2026-03-02,1.2457
T0001738,P0104,PL02,M00238,854.07,859.87,486.18,189.99,131.83,51.87,808.0,2026-02-04,1.1651
T0001739,P0113,PL03,M00239,287.7,296.63,167.58,68.42,39.73,20.9,275.73,2025-07-16,0.4847
T0001740,P0107,PL04,M00240,14.29,13.91,8.53,2.37,1.93,1.08,12.83,2026-04-29,0.1905
T0001741,P0065,PL05,M00241,64.26,67.07,36.06,14.7,10.91,5.4,61.67,2025-11-07,0.6844
T0001742,P0010,PL06,M00242,437.99,421.73,263.35,72.77,67.82,17.79,403.94,2025-06-18,1.4058
T0001743,P0046,PL07,M00243,87.13,85.76,46.47,17.18,15.91,6.2,79.56,2026-03-12,0.2257
T0001744,P0079,PL08,M00244,415.03,400.09,219.03,94.38,72.06,14.62,385.47,2025-09-22,0.4964
T0001745,P0058,PL01,M00245,14.81,15.21,8.94,2.26,2.83,1.18,14.03,2025-08-26,0.6914
T0001746,P0001,PL02,M00246,262.18,250.42,144.83,48.48,47.88,9.23,241.19,2026-09-03,0.3065
T0001747,P0119,PL03,M00247,262.85,259.45,156.48,37.34,49.59,16.04,243.41,2026-10-18,0.7838
T0001748,P0084,PL04,M00248,311.39,301.81,170.07,65.0,39.6,27.14,274.67,2025-11-25,0.7942
T0001749,P0126,PL05,M00249,110.71,106.3,63.47,18.92,18.81,5.1,101.2,2026-05-30,0.5841
T0001750,P0117,PL06,M00250,476.62,486.22,280.12,99.83,72.01,34.26,451.96,2025-09-22,0.8667
T0001751,P0119,PL07,M00001,801.49,785.8,455.94,112.45,160.55,56.86,728.94,2025-10-30,1.0633
T0001752,P0060,PL08,M00002,1115.12,1125.77,609.17,222.41,209.09,85.1,1040.67,2025-02-07,1.0671
T0001753,P0134,PL01,M00003,337.73,353.63,210.39,69.61,44.39,29.24,324.39,2025-09-03,0.9233
T0001754,P0140,PL02,M00004,41.61,40.44,25.77,6.9,4.78,2.99,37.45,2025-06-28,0.0982
T0001755,P0084,PL03,M00005,754.98,768.27,492.11,136.4,102.18,37.58,730.69,2025-11-10,1.1298
T0001756,P0123,PL04,M00006,361.44,362.11,229.55,57.02,44.44,31.1,331.01,2026-03-12,0.5946
T0001757,P0017,PL05,M00007,201.93,204.42,121.0,42.01,29.09,12.32,192.1,2026-02-12,0.4359
T0001758,P0148,PL06,M00008,71.37,68.56,39.76,12.78,9.86,6.16,62.4,2025-12-16,0.9936
T0001759,P0088,PL07,M00009,189.98,182.98,106.36,39.51,27.03,10.08,172.9,2025-08-28,0.897
T0001760,P0132,PL08,M00010,558.88,542.95,305.77,94.22,92.52,50.44,492.51,2025-10-11,0.8771
T0001761,P0126,PL01,M00011,607.39,578.88,340.86,96.23,94.83,46.96,531.92,2026-01-15,0.491
T0001762,P0150,PL02,M00012,935.36,934.2,477.77,248.21,149.48,58.74,875.46,2026-03-28,0.8394
T0001763,P0116,PL03,M00013,142.34,149.35,88.17,30.61,24.22,6.35,143.0,2026-10-17,0.1562
T0001764,P0053,PL04,M00014,1005.68,1024.52,599.32,200.56,135.09,89.55,934.97,2025-09-30,0.9986
T0001765,P0136,PL05,M00015,886.01,921.11,562.42,171.39,139.89,47.41,873.7,2025-01-31,1.2992
T0001766,P0071,PL06,M00016,161.46,160.54,103.66,24.46,21.96,10.46,150.08,2026-07-06,0.1349
T0001767,P0043,PL07,M00017,590.89,589.73,343.77,105.87,99.05,41.04,548.69,2026-10-08,0.6403
T0001768,P0081,PL08,M00018,1446.98,1379.91,725.86,303.56,283.04,67.45,1312.46,2026-01-18,1.2409
T0001769,P0006,PL01,M00019,211.35,217.56,128.12,48.57,29.08,11.79,205.77,2026-11-21,0.84
T0001770,P0035,PL02,M00020,241.49,232.01,149.94,34.86,28.71,18.5,213.51,2026-05-01,0.32
T0001771,P0032,PL03,M00021,234.79,231.64,137.12,50.31,32.99,11.22,220.42,2026-05-30,0.3926
T0001772,P0136,PL04,M00022,305.94,296.38,183.18,42.91,54.88,15.41,280.97,2026-12-15,0.6877
T0001773,P0054,PL05,M00023,788.35,768.0,461.49,165.4,115.2,25.91,742.09,2026-08-05,1.5208
T0001774,P0094,PL06,M00024,900.51,922.84,513.51,215.82,150.98,42.53,880.31,2026-03-17,0.9902
T0001775,P0030,PL07,M00025,371.73,367.42,218.96,61.94,67.01,19.51,347.91,2026-01-01,0.4669
T0001776,P0117,PL08,M00026,405.26,402.56,222.26,85.65,68.57,26.08,376.48,2026-05-13,1.2053
T0001777,P0097,PL01,M00027,114.62,115.41,67.92,19.21,21.92,6.36,109.05,2026-06-18,0.2157
T0001778,P0053,PL02,M00028,1455.46,1431.85,815.38,318.81,181.65,116.01,1315.84,2025-11-28,1.2946
T0001779,P0144,PL03,M00029,3.59,3.54,2.09,0.65,0.62,0.18,3.36,2025-07-13,0.295
T0001780,P0027,PL04,M00030,654.5,640.82,328.77,152.69,100.89,58.47,582.35,2026-06-06,1.1867
T0001781,P0148,PL05,M00031,723.02,709.95,416.46,114.91,118.82,59.76,650.19,2026-08-13,0.8198
T0001782,P0045,PL06,M00032,1186.11,1191.33,692.2,266.57,153.82,78.74,1112.59,2025-01-04,1.14
T0001783,P0061,PL07,M00033,1159.99,1175.55,632.18,257.06,187.91,98.4,1077.15,2025-12-26,1.0581
T0001784,P0142,PL08,M00034,341.38,353.39,213.9,74.43,41.78,23.28,330.11,2026-03-12,1.3858
T0001785,P0054,PL01,M00035,1413.26,1378.45,845.14,252.16,188.62,92.53,1285.92,2025-11-09,1.3242
T0001786,P0060,PL02,M00036,344.08,350.62,219.56,66.17,48.0,16.89,333.73,2026-06-09,0.4184
T0001787,P0090,PL03,M00037,1177.45,1121.66,628.05,195.28,215.49,82.84,1038.82,2025-04-26,1.0592
T0001788,P0011,PL04,M00038,141.76,145.44,83.16,25.52,27.14,9.62,135.82,2025-06-20,0.9827
T0001789,P0002,PL05,M00039,118.03,117.77,65.65,23.84,20.53,7.75,110.02,2026-04-18,0.2024
T0001790,P0096,PL06,M00040,1064.68,1115.29,649.69,188.73,171.99,104.88,1010.41,2025-06-13,0.98
T0001791,P0120,PL07,M00041,737.91,764.01,417.53,174.5,105.88,66.1,697.91,2025-10-11,0.6632
T0001792,P0077,PL08,M00042,219.0,212.1,116.27,40.68,39.53,15.62,196.48,2025-03-22,0.5452
T0001793,P0010,PL01,M00043,345.26,332.39,175.77,79.43,54.29,22.9,309.49,2026-09-29,0.5234
T0001794,P0044,PL02,M00044,420.05,440.37,279.87,63.58,80.38,16.54,423.83,2026-12-13,1.3762
T0001795,P0093,PL03,M00045,928.84,898.3,511.1,141.66,185.21,60.33,837.97,2025-03-13,1.0593
T0001796,P0086,PL04,M00046,3.64,3.69,2.29,0.78,0.47,0.15,3.54,2025-09-07,0.1054
T0001797,P0028,PL05,M00047,1203.26,1194.89,698.02,223.71,221.93,51.23,1143.66,2025-06-14,1.0697
T0001798,P0065,PL06,M00048,734.03,759.76,421.97,136.9,155.1,45.79,713.97,2025-05-03,1.3054
T0001799,P0002,PL07,M00049,222.67,221.9,132.5,39.89,39.4,10.11,211.79,2026-05-01,0.4148
T0001800,P0093,PL08,M00050,223.43,214.99,122.98,51.4,27.55,13.06,201.93,2025-05-15,1.075
T0001801,P0005,PL01,M00051,328.42,318.99,176.76,70.04,49.47,22.72,296.27,2026-11-12,0.5636
T0001802,P0091,PL02,M00052,88.08,89.67,51.26,16.65,15.9,5.86,83.81,2025-07-07,0.4417
T0001803,P0070,PL03,M00053,751.2,724.52,418.32,111.13,155.33,39.74,684.78,2026-11-25,0.9725
T0001804,P0024,PL04,M00054,891.69,867.0,515.37,185.78,126.14,39.71,827.29,2026-07-04,0.9742
T0001805,P0110,PL05,M00055,187.87,188.82,108.12,37.77,32.43,10.5,178.32,2026-05-06,0.2165
T0001806,P0060,PL06,M00056,2055.87,2157.97,1312.75,448.71,320.67,75.84,2082.13,2025-01-25,1.8749
T0001807,P0012,PL07,M00057,947.31,934.5,548.24,165.4,185.66,35.2,899.3,2026-03-24,1.1178
T0001808,P0051,PL08,M00058,210.85,217.22,125.0,42.53,38.09,11.6,205.62,2026-10-03,0.4516
T0001809,P0136,PL01,M00059,265.32,270.82,177.48,41.9,36.75,14.69,256.13,2026-08-11,0.4091
T0001810,P0038,PL02,M00060,785.14,822.42,489.78,130.45,164.09,38.1,784.32,2026-05-19,1.1039
T0001811,P0075,PL03,M00061,409.63,425.39,258.84,64.63,74.77,27.15,398.24,2025-09-12,0.4535
T0001812,P0031,PL04,M00062,2.04,2.09,1.31,0.44,0.24,0.1,1.99,2025-05-05,0.1393
T0001813,P0127,PL05,M00063,1195.41,1156.72,678.43,284.58,145.24,48.47,1108.25,2025-05-23,1.224
T0001814,P0139,PL06,M00064,525.58,538.03,318.72,99.69,82.85,36.77,501.26,2026-02-02,0.8622
T0001815,P0011,PL07,M00065,67.47,65.77,39.83,13.5,8.57,3.87,61.9,2026-02-02,1.1539
T0001816,P0063,PL08,M00066,301.21,287.44,168.55,55.86,38.29,24.74,262.7,2025-04-10,1.6148
T0001817,P0037,PL01,M00067,146.6,152.94,86.15,35.54,19.61,11.64,141.3,2025-12-04,0.2382
T0001818,P0106,PL02,M00068,61.67,61.29,36.86,9.85,10.28,4.3,56.99,2025-09-02,0.8632
T0001819,P0114,PL03,M00069,22.05,21.16,11.94,4.99,2.99,1.24,19.92,2026-02-19,0.1778
T0001820,P0130,PL04,M00070,247.31,253.37,143.9,44.07,47.53,17.87,235.5,2025-04-04,0.8677
T0001821,P0136,PL05,M00071,1706.03,1632.14,878.87,339.08,310.49,103.7,1528.44,2025-05-25,1.5769
T0001822,P0080,PL06,M00072,274.56,288.61,165.14,61.38,45.95,16.14,272.47,2025-07-17,0.6207
T0001823,P0085,PL07,M00073,305.51,293.46,166.27,60.68,41.46,25.05,268.41,2025-05-23,0.2588
T0001824,P0102,PL08,M00074,10.89,11.17,6.4,1.66,2.19,0.92,10.25,2025-10-21,0.1509
T0001825,P0037,PL01,M00075,20.12,20.6,11.29,3.8,4.09,1.42,19.18,2025-09-06,0.1102
T0001826,P0018,PL02,M00076,47.81,48.95,27.96,8.47,9.88,2.64,46.31,2026-10-05,0.2536
T0001827,P0067,PL03,M00077,831.71,851.0,484.67,172.76,133.73,59.84,791.16,2025-11-29,1.0759
T0001828,P0099,PL04,M00078,272.8,275.27,156.25,54.99,46.97,17.06,258.21,2026-10-12,1.2021
T0001829,P0039,PL05,M00079,244.35,245.18,125.96,62.57,42.83,13.82,231.36,2025-11-13,0.4993
T0001830,P0033,PL06,M00080,233.23,239.15,146.4,34.02,38.8,19.93,219.22,2025-04-14,0.6212
T0001831,P0103,PL07,M00081,124.79,130.96,65.5,27.89,25.7,11.87,119.09,2026-12-17,0.4745
T0001832,P0070,PL08,M00082,413.69,429.18,216.33,98.99,73.41,40.45,388.73,2026-06-07,0.7036
T0001833,P0131,PL01,M00083,764.9,762.54,477.04,122.78,99.67,63.05,699.49,2025-04-22,0.7368
T0001834,P0108,PL02,M00084,303.33,297.38,163.21,49.27,63.25,21.65,275.73,2025-02-24,0.2629
T0001835,P0092,PL03,M00085,1500.77,1484.63,768.54,299.05,319.95,97.09,1387.54,2025-12-31,1.2507
T0001836,P0127,PL04,M00086,896.35,881.02,559.22,125.24,165.16,31.4,849.62,2025-05-07,0.7804
T0001837,P0074,PL05,M00087,1312.4,1296.77,646.27,311.96,235.81,102.73,1194.04,2026-11-25,1.2481
T0001838,P0005,PL06,M00088,271.28,272.78,160.1,55.2,37.76,19.72,253.06,2026-02-19,1.2928
T0001839,P0048,PL07,M00089,14.54,14.68,8.77,3.16,2.22,0.53,14.15,2025-10-13,0.2097
T0001840,P0026,PL08,M00090,129.69,130.84,80.16,22.23,22.36,6.09,124.75,2026-05-24,0.164
T0001841,P0013,PL01,M00091,276.06,268.23,163.75,40.34,53.51,10.63,257.6,2026-08-30,1.3898
T0001842,P0026,PL02,M00092,1412.46,1357.2,825.78,251.71,222.4,57.31,1299.89,2026-12-08,1.4064
T0001843,P0091,PL03,M00093,143.0,138.66,80.07,29.56,17.89,11.14,127.52,2025-06-09,1.2163
T0001844,P0003,PL04,M00094,55.85,55.92,33.65,11.05,8.3,2.92,53.0,2026-01-09,0.3349
T0001845,P0114,PL05,M00095,10.08,9.97,5.94,1.65,1.67,0.71,9.26,2026-07-26,0.5865
T0001846,P0142,PL06,M00096,319.13,323.13,195.41,60.28,52.43,15.01,308.12,2026-03-13,1.3634
T0001847,P0065,PL07,M00097,1698.95,1658.3,935.85,312.18,292.84,117.43,1540.87,2026-10-11,1.6354
T0001848,P0002,PL08,M00098,675.49,668.11,370.85,150.96,96.29,50.01,618.1,2025-04-19,1.1191
T0001849,P0066,PL01,M00099,506.28,522.99,328.66,98.08,72.53,23.72,499.27,2025-01-16,1.285
T0001850,P0099,PL02,M00100,796.36,796.09,393.6,200.78,130.83,70.88,725.21,2025-02-08,1.0039
T0001851,P0112,PL03,M00101,138.99,135.98,65.91,33.63,27.01,9.43,126.55,2026-01-01,0.5396
T0001852,P0030,PL04,M00102,733.46,713.91,383.55,157.06,138.53,34.77,679.14,2025-11-26,1.1515
T0001853,P0067,PL05,M00103,812.19,811.21,533.02,138.33,110.95,28.91,782.3,2026-10-27,1.382
T0001854,P0017,PL06,M00104,7.15,7.43,4.55,1.16,1.08,0.64,6.79,2025-10-27,0.1281
T0001855,P0038,PL07,M00105,1383.68,1436.26,866.53,281.51,216.98,71.24,1365.02,2025-08-23,1.8799
T0001856,P0063,PL08,M00106,359.67,371.36,226.42,56.55,70.23,18.16,353.2,2026-02-18,0.5421
T0001857,P0067,PL01,M00107,783.28,759.16,433.1,121.52,161.28,43.26,715.9,2026-05-26,0.7487
T0001858,P0029,PL02,M00108,1219.57,1249.87,706.41,227.44,217.96,98.06,1151.81,2025-11-25,1.108
T0001859,P0130,PL03,M00109,521.18,520.65,299.11,105.08,83.85,32.61,488.04,2026-07-31,0.7343
T0001860,P0099,PL04,M00110,152.14,157.27,92.1,25.04,28.63,11.5,145.77,2025-08-21,0.4854
T0001861,P0010,PL05,M00111,96.47,93.01,53.9,13.86,18.62,6.63,86.38,2026-04-25,0.655
T0001862,P0137,PL06,M00112,1004.07,1019.69,573.87,239.21,138.52,68.09,951.6,2026-10-30,1.0248
T0001863,P0019,PL07,M00113,1303.74,1295.49,701.54,285.57,223.58,84.8,1210.69,2026-03-29,1.2457
T0001864,P0136,PL08,M00114,417.38,435.83,241.54,90.57,82.94,20.78,415.05,2026-02-08,1.3969
T0001865,P0097,PL01,M00115,258.57,257.86,148.36,53.64,32.21,23.65,234.21,2025-01-11,0.8482
T0001866,P0107,PL02,M00116,658.25,692.45,420.94,128.2,117.15,26.16,666.29,2026-02-15,0.932
T0001867,P0008,PL03,M00117,1545.18,1547.34,846.85,385.44,204.95,110.1,1437.24,2026-11-19,1.4488
T0001868,P0002,PL04,M00118,71.72,71.4,41.86,12.07,12.45,5.02,66.38,2025-08-29,1.1516
T0001869,P0116,PL05,M00119,472.55,491.47,266.35,106.31,99.12,19.69,471.78,2025-12-02,0.9152
T0001870,P0119,PL06,M00120,335.69,334.33,189.67,72.44,43.06,29.16,305.17,2026-09-02,0.4749
T0001871,P0047,PL07,M00121,585.79,584.7,314.3,153.74,88.16,28.5,556.2,2025-09-23,1.3289
T0001872,P0124,PL08,M00122,303.18,296.63,179.73,54.33,42.23,20.34,276.29,2026-10-21,1.3067
T0001873,P0043,PL01,M00123,185.63,183.41,107.64,29.5,30.65,15.62,167.79,2025-04-20,0.2992
T0001874,P0045,PL02,M00124,1463.14,1439.54,743.58,284.66,302.04,109.26,1330.28,2025-02-03,1.6358
T0001875,P0141,PL03,M00125,272.43,261.26,142.65,60.91,34.68,23.02,238.24,2026-08-06,1.2744
T0001876,P0019,PL04,M00126,1379.74,1391.98,771.46,243.33,278.68,98.51,1293.47,2025-01-26,1.4485
T0001877,P0088,PL05,M00127,47.8,47.28,26.77,10.87,7.37,2.27,45.01,2025-02-10,0.614
T0001878,P0029,PL06,M00128,327.95,321.56,182.87,54.83,60.96,22.9,298.66,2025-08-18,0.9542
T0001879,P0102,PL07,M00129,97.05,96.18,55.2,17.25,17.69,6.04,90.14,2025-02-03,0.1775
T0001880,P0058,PL08,M00130,1160.56,1119.27,627.01,211.85,225.11,55.3,1063.97,2025-08-13,1.1708
T0001881,P0090,PL01,M00131,933.43,894.53,517.53,183.47,150.08,43.45,851.08,2026-02-01,1.4405
T0001882,P0044,PL02,M00132,377.53,362.84,224.17,75.01,48.77,14.89,347.95,2025-12-06,1.0367
T0001883,P0001,PL03,M00133,784.7,774.69,416.8,179.93,129.84,48.12,726.57,2025-01-24,0.6868
T0001884,P0140,PL04,M00134,151.69,152.25,90.86,30.17,20.59,10.63,141.62,2025-06-23,0.6889
T0001885,P0061,PL05,M00135,29.22,30.57,19.89,4.77,3.75,2.16,28.41,2025-11-03,0.4022
T0001886,P0045,PL06,M00136,156.31,157.31,93.5,28.23,22.82,12.76,144.55,2025-09-11,0.4456
T0001887,P0058,PL07,M00137,351.38,347.61,182.69,72.4,63.63,28.89,318.72,2025-03-02,0.5892
T0001888,P0054,PL08,M00138,562.45,575.97,379.74,100.67,74.43,21.13,554.84,2026-07-28,1.4186
T0001889,P0138,PL01,M00139,808.76,818.19,478.05,159.17,150.35,30.62,787.57,2025-05-16,1.1364
T0001890,P0042,PL02,M00140,109.63,105.04,56.19,21.13,19.02,8.7,96.34,2025-10-04,0.8271
T0001891,P0037,PL03,M00141,542.08,560.56,335.82,91.55,88.47,44.72,515.84,2025-02-27,0.5464
T0001892,P0069,PL04,M00142,411.64,418.15,248.2,89.56,45.83,34.56,383.59,2025-07-06,0.3577
T0001893,P0026,PL05,M00143,299.39,312.7,186.63,46.42,56.84,22.81,289.89,2026-12-21,0.4051
T0001894,P0103,PL06,M00144,190.33,196.73,124.34,26.9,32.33,13.16,183.57,2026-06-05,0.2478
T0001895,P0147,PL07,M00145,316.66,315.94,179.85,55.68,57.61,22.8,293.14,2025-01-28,0.9459
T0001896,P0091,PL08,M00146,431.29,445.08,285.85,64.59,77.24,17.4,427.68,2025-04-19,0.646
T0001897,P0013,PL01,M00147,569.0,593.6,328.25,119.55,94.79,51.01,542.59,2025-09-01,0.6495
T0001898,P0034,PL02,M00148,181.71,177.83,116.26,26.69,21.61,13.27,164.56,2025-09-15,0.8847
T0001899,P0047,PL03,M00149,852.68,843.46,500.88,160.78,127.26,54.54,788.92,2025-04-23,1.341
T0001900,P0044,PL04,M00150,834.78,849.59,530.37,133.36,142.73,43.13,806.46,2025-08-29,0.7369
T0001901,P0111,PL05,M00151,171.95,173.96,94.04,32.24,35.32,12.36,161.6,2025-10-24,1.3698
T0001902,P0083,PL06,M00152,253.63,261.73,151.91,57.52,43.4,8.9,252.83,2026-07-09,0.2649
T0001903,P0079,PL07,M00153,682.33,651.49,371.59,120.4,103.87,55.63,595.86,2025-06-22,0.9826
T0001904,P0047,PL08,M00154,304.41,309.64,161.77,72.61,56.22,19.04,290.6,2025-04-19,0.3686
T0001905,P0004,PL01,M00155,527.82,513.0,281.54,107.53,83.1,40.83,472.17,2025-07-04,1.437
T0001906,P0107,PL02,M00156,548.54,547.09,305.69,127.11,72.32,41.97,505.12,2026-09-13,1.5282
T0001907,P0149,PL03,M00157,280.42,287.19,164.69,50.55,56.64,15.31,271.88,2025-02-23,0.3223
T0001908,P0057,PL04,M00158,735.31,756.32,469.57,134.25,111.48,41.02,715.3,2025-03-28,0.9835
T0001909,P0002,PL05,M00159,1007.59,1014.91,609.63,176.41,157.24,71.63,943.28,2025-08-16,1.1679
T0001910,P0108,PL06,M00160,1823.55,1828.23,1032.99,386.27,253.05,155.92,1672.31,2026-12-03,1.8655
T0001911,P0059,PL07,M00161,114.6,118.44,69.39,17.96,20.05,11.04,107.4,2026-08-10,0.3245
T0001912,P0106,PL08,M00162,27.99,28.85,17.95,4.98,4.04,1.88,26.97,2025-07-22,0.8243
T0001913,P0090,PL01,M00163,141.4,148.69,89.51,29.33,20.76,9.09,139.6,2025-04-12,0.2482
T0001914,P0009,PL02,M00164,679.22,658.23,381.9,139.26,91.87,45.2,613.03,2026-03-07,1.5097
T0001915,P0088,PL03,M00165,941.05,972.99,541.61,229.43,136.43,65.52,907.47,2026-04-30,0.9205
T0001916,P0011,PL04,M00166,492.22,474.57,289.23,82.32,66.71,36.31,438.26,2026-12-16,0.7949
T0001917,P0086,PL05,M00167,1170.24,1228.06,644.48,288.03,241.95,53.6,1174.46,2026-03-15,1.1854
T0001918,P0058,PL06,M00168,221.18,212.58,125.84,31.39,40.26,15.09,197.49,2026-07-03,0.733
T0001919,P0004,PL07,M00169,272.6,278.67,164.52,41.07,52.4,20.68,257.99,2025-03-06,0.3958
T0001920,P0083,PL08,M00170,55.1,57.78,35.06,8.83,10.8,3.09,54.69,2025-10-13,1.3757
T0001921,P0106,PL01,M00171,189.48,197.04,99.86,47.6,35.9,13.68,183.36,2026-05-16,0.3225
T0001922,P0116,PL02,M00172,365.33,362.85,213.61,76.05,59.75,13.44,349.41,2025-03-26,0.4214
T0001923,P0077,PL03,M00173,616.39,608.85,326.35,125.64,106.08,50.78,558.07,2025-03-10,0.5674
T0001924,P0029,PL04,M00174,487.11,497.27,293.92,91.91,90.57,20.87,476.4,2025-06-20,0.4656
T0001925,P0110,PL05,M00175,907.1,873.34,539.9,146.11,113.21,74.12,799.22,2026-01-08,1.2458
T0001926,P0113,PL06,M00176,60.19,61.44,37.29,11.12,10.41,2.62,58.82,2026-02-10,1.1171
T0001927,P0122,PL07,M00177,677.99,658.58,340.48,154.54,115.72,47.84,610.74,2026-03-07,1.1258
T0001928,P0012,PL08,M00178,1197.65,1241.98,711.72,245.06,214.53,70.67,1171.31,2025-12-04,1.2751
T0001929,P0124,PL01,M00179,78.16,80.5,48.78,12.54,14.75,4.43,76.07,2026-05-31,1.3644
T0001930,P0031,PL02,M00180,69.18,67.59,34.73,17.28,9.24,6.34,61.25,2025-05-22,0.5199
T0001931,P0105,PL03,M00181,187.1,183.8,109.12,38.47,23.21,13.0,170.8,2026-03-30,0.4265
T0001932,P0050,PL04,M00182,437.25,441.47,245.47,100.21,56.8,38.99,402.48,2025-01-16,0.3679
T0001933,P0144,PL05,M00183,776.79,774.24,452.14,130.84,151.16,40.1,734.14,2026-05-18,0.893
T0001934,P0109,PL06,M00184,202.81,209.28,125.78,33.01,33.63,16.86,192.42,2025-01-07,0.3826
T0001935,P0023,PL07,M00185,423.99,442.24,269.64,80.06,74.01,18.53,423.71,2025-08-29,0.6513
T0001936,P0007,PL08,M00186,91.9,91.34,55.95,15.66,15.83,3.9,87.44,2026-03-05,0.2423
T0001937,P0144,PL01,M00187,654.09,666.6,372.36,114.28,122.93,57.03,609.57,2025-10-06,1.1513
T0001938,P0138,PL02,M00188,565.79,552.23,312.87,96.45,118.53,24.38,527.85,2026-04-23,0.6436
T0001939,P0136,PL03,M00189,31.64,30.49,19.95,4.48,4.68,1.38,29.11,2025-04-27,0.2628
T0001940,P0024,PL04,M00190,6.51,6.65,4.03,1.35,1.05,0.22,6.43,2026-11-01,0.5115
T0001941,P0115,PL05,M00191,77.53,74.38,39.47,16.59,14.34,3.98,70.4,2025-11-02,0.1746
T0001942,P0136,PL06,M00192,684.15,665.72,397.2,121.2,111.39,35.93,629.79,2026-02-16,0.775
T0001943,P0005,PL07,M00193,309.22,309.91,182.26,64.81,51.48,11.36,298.55,2026-11-08,0.9965
T0001944,P0108,PL08,M00194,12.08,11.95,6.86,2.22,2.15,0.72,11.23,2025-04-01,0.8536
T0001945,P0101,PL01,M00195,28.16,27.61,14.37,6.78,4.9,1.56,26.05,2026-04-29,0.6734
T0001946,P0108,PL02,M00196,269.7,259.13,150.5,55.79,36.64,16.2,242.93,2025-06-29,0.4703
T0001947,P0125,PL03,M00197,56.47,58.19,32.51,12.4,8.94,4.34,53.85,2026-06-19,0.3306
T0001948,P0105,PL04,M00198,34.32,35.99,21.85,5.18,7.27,1.69,34.3,2026-01-18,0.7498
T0001949,P0116,PL05,M00199,48.49,50.18,26.57,12.82,8.16,2.63,47.55,2025-09-30,0.386
T0001950,P0079,PL06,M00200,439.37,433.21,231.65,82.2,78.41,40.95,392.26,2025-05-17,0.5934
T0001951,P0072,PL07,M00201,648.58,640.7,354.43,141.97,109.23,35.07,605.63,2026-01-12,1.2637
T0001952,P0128,PL08,M00202,617.79,619.35,359.55,128.68,104.99,26.13,593.22,2026-08-07,0.5788
T0001953,P0119,PL01,M00203,844.93,828.03,493.92,135.54,139.89,58.68,769.35,2026-01-26,0.7576
T0001954,P0045,PL02,M00204,162.99,164.11,96.69,25.67,26.5,15.25,148.86,2026-11-14,1.4523
T0001955,P0102,PL03,M00205,1446.91,1464.53,954.08,271.63,174.72,64.1,1400.43,2026-01-29,1.5597
T0001956,P0040,PL04,M00206,464.71,469.07,263.64,89.12,81.6,34.71,434.36,2026-09-08,0.4144
T0001957,P0048,PL05,M00207,124.58,119.42,73.31,24.61,14.28,7.22,112.2,2026-05-23,0.133
T0001958,P0064,PL06,M00208,354.45,370.25,212.81,77.67,66.19,13.58,356.67,2026-09-15,0.5445
T0001959,P0018,PL07,M00209,111.39,110.06,67.73,16.93,20.83,4.57,105.49,2025-01-31,0.1778
T0001960,P0079,PL08,M00210,92.63,90.33,52.2,19.67,10.79,7.67,82.66,2025-03-10,1.1434
T0001961,P0039,PL01,M00211,237.31,243.33,150.3,39.88,40.91,12.24,231.09,2026-05-23,0.2503
T0001962,P0035,PL02,M00212,17.06,17.08,10.26,2.71,3.36,0.75,16.33,2026-11-15,0.5176
T0001963,P0125,PL03,M00213,741.62,779.89,460.52,122.38,128.61,68.38,711.51,2026-08-07,0.8802
T0001964,P0140,PL04,M00214,502.51,528.0,295.25,97.69,112.57,22.49,505.51,2026-08-06,0.6884
T0001965,P0105,PL05,M00215,796.82,817.34,432.68,191.75,139.62,53.29,764.05,2026-09-23,0.7519
T0001966,P0002,PL06,M00216,730.46,706.71,376.98,131.36,133.54,64.83,641.88,2025-10-25,1.3669
T0001967,P0081,PL07,M00217,28.31,27.9,16.62,4.39,5.26,1.63,26.27,2026-05-09,0.1341
T0001968,P0023,PL08,M00218,673.65,643.41,386.27,130.99,74.1,52.05,591.36,2025-08-20,1.7067
T0001969,P0124,PL01,M00219,316.17,320.74,175.1,70.14,62.42,13.08,307.66,2025-07-23,0.729
T0001970,P0001,PL02,M00220,625.42,653.06,369.51,104.36,131.81,47.38,605.68,2025-10-21,0.6403
T0001971,P0121,PL03,M00221,166.44,167.77,94.18,36.34,27.62,9.63,158.14,2025-01-06,0.2512
T0001972,P0124,PL04,M00222,415.58,406.29,264.57,65.23,60.15,16.34,389.95,2026-01-01,1.1608
T0001973,P0091,PL05,M00223,8.58,8.97,5.14,1.53,1.73,0.57,8.4,2025-03-17,0.7475
T0001974,P0101,PL06,M00224,370.22,364.45,197.02,85.29,61.72,20.42,344.03,2025-10-05,0.7022
T0001975,P0004,PL07,M00225,1024.03,977.45,525.48,199.38,180.71,71.88,905.57,2026-08-25,1.4743
T0001976,P0046,PL08,M00226,160.0,165.69,91.41,34.18,25.71,14.39,151.3,2026-07-14,0.1486
T0001977,P0140,PL01,M00227,1019.44,1003.34,565.17,210.59,187.76,39.82,963.52,2026-06-11,1.2132
T0001978,P0041,PL02,M00228,175.79,182.49,116.26,35.14,21.87,9.22,173.27,2026-02-06,0.26
T0001979,P0107,PL03,M00229,69.87,71.53,38.62,15.87,11.86,5.18,66.35,2025-12-17,0.1707
T0001980,P0111,PL04,M00230,72.12,69.35,36.39,17.19,10.69,5.08,64.27,2025-02-24,0.7149
T0001981,P0024,PL05,M00231,750.12,751.56,417.83,169.5,119.6,44.63,706.93,2025-05-01,1.2803
T0001982,P0071,PL06,M00232,530.81,540.79,322.04,114.37,85.45,18.93,521.86,2025-12-10,0.7693
T0001983,P0117,PL07,M00233,45.04,45.49,24.31,11.47,6.25,3.46,42.03,2025-02-03,0.1467
T0001984,P0123,PL08,M00234,1233.08,1190.15,639.08,261.82,209.0,80.25,1109.9,2025-10-13,1.0829
T0001985,P0019,PL01,M00235,581.51,590.08,334.32,113.49,82.58,59.69,530.39,2026-02-04,0.4992
T0001986,P0064,PL02,M00236,604.67,587.3,342.51,127.0,73.46,44.33,542.97,2026-02-22,0.4935
T0001987,P0096,PL03,M00237,1637.97,1664.82,932.54,387.47,231.18,113.63,1551.19,2025-01-17,1.4515
T0001988,P0102,PL04,M00238,321.52,317.03,173.23,65.43,52.11,26.26,290.77,2025-08-31,0.6366
T0001989,P0003,PL05,M00239,899.84,925.12,574.22,195.07,115.84,39.99,885.13,2025-09-30,0.8216
T0001990,P0008,PL06,M00240,204.79,210.92,117.6,38.29,39.67,15.36,195.56,2025-08-31,0.2786
T0001991,P0094,PL07,M00241,234.33,232.93,147.66,49.5,25.99,9.78,223.15,2026-04-24,0.9746
T0001992,P0127,PL08,M00242,309.15,323.53,183.09,69.65,56.44,14.35,309.18,2026-04-20,0.4843
T0001993,P0074,PL01,M00243,468.86,464.45,266.65,81.14,83.24,33.42,431.03,2026-09-12,0.9861
T0001994,P0055,PL02,M00244,823.88,862.3,506.28,168.05,124.51,63.46,798.84,2025-12-25,1.464
T0001995,P0127,PL03,M00245,645.7,676.62,354.55,156.19,110.17,55.71,620.91,2026-05-21,1.0346
T0001996,P0008,PL04,M00246,12.69,12.15,6.89,2.2,2.32,0.74,11.41,2026-07-09,0.3919
T0001997,P0130,PL05,M00247,12.56,13.04,7.17,2.83,2.29,0.75,12.29,2025-03-06,0.2006
T0001998,P0025,PL06,M00248,138.9,144.69,85.93,29.38,22.38,7.0,137.69,2026-03-10,0.1652
T0001999,P0079,PL07,M00249,516.7,497.05,285.44,97.94,88.08,25.59,471.46,2026-08-28,0.4245
T0002000,P0120,PL08,M00250,76.85,77.81,45.61,15.67,12.33,4.2,73.61,2026-12-13,0.6431
T0002001,P0112,PL01,M00001,886.72,861.08,484.39,208.25,120.79,47.65,813.43,2026-06-29,1.0275
T0002002,P0144,PL02,M00002,631.44,660.38,376.82,111.34,123.72,48.5,611.88,2026-05-22,0.8053
T0002003,P0122,PL03,M00003,372.1,388.44,225.53,67.65,62.67,32.59,355.85,2026-05-05,0.3468
T0002004,P0056,PL04,M00004,386.58,381.22,227.62,75.07,65.77,12.76,368.46,2026-05-16,1.254
T0002005,P0011,PL05,M00005,2097.34,2014.94,1191.87,302.08,345.26,175.73,1839.21,2025-10-24,1.74
T0002006,P0048,PL06,M00006,255.86,265.57,144.55,61.57,44.33,15.12,250.45,2026-09-25,0.7631
T0002007,P0035,PL07,M00007,41.84,40.27,22.18,7.18,7.64,3.27,37.0,2025-05-25,0.1051
T0002008,P0072,PL08,M00008,148.69,146.1,87.15,34.96,16.79,7.2,138.9,2025-06-29,0.4986
T0002009,P0085,PL01,M00009,120.9,118.2,60.66,25.73,24.98,6.83,111.37,2026-11-20,0.6495
T0002010,P0018,PL02,M00010,2181.78,2148.06,1339.94,372.99,292.14,142.99,2005.07,2026-08-06,1.8876
T0002011,P0111,PL03,M00011,274.05,281.88,159.76,58.81,43.19,20.12,261.76,2025-06-08,1.0363
T0002012,P0102,PL04,M00012,628.76,599.59,345.9,113.71,104.69,35.29,564.3,2025-02-04,0.9655
T0002013,P0081,PL05,M00013,1086.01,1141.75,657.46,201.92,206.77,75.6,1066.15,2025-02-05,1.0968
T0002014,P0127,PL06,M00014,43.26,43.75,25.73,8.43,7.71,1.88,41.87,2025-02-24,0.9309
T0002015,P0001,PL07,M00015,41.98,44.02,25.78,6.97,9.47,1.8,42.22,2026-01-16,0.1306
T0002016,P0068,PL08,M00016,61.93,60.36,31.61,15.62,8.21,4.92,55.44,2026-02-18,0.3894
T0002017,P0147,PL01,M00017,1612.46,1679.47,992.85,281.97,289.96,114.69,1564.78,2026-08-25,1.4161
T0002018,P0081,PL02,M00018,47.06,49.11,30.48,8.35,7.96,2.32,46.79,2026-03-14,1.2592
T0002019,P0034,PL03,M00019,844.11,837.18,458.04,194.24,114.25,70.65,766.53,2025-08-10,1.5619
T0002020,P0027,PL04,M00020,598.56,571.04,321.02,145.71,79.41,24.9,546.14,2026-10-29,0.9517
T0002021,P0042,PL05,M00021,445.4,425.98,221.77,104.21,67.25,32.75,393.23,2026-12-17,1.0518
T0002022,P0088,PL06,M00022,862.1,840.38,460.23,189.76,135.86,54.53,785.85,2026-10-15,0.8809
T0002023,P0135,PL07,M00023,149.07,154.44,89.35,33.69,26.42,4.98,149.46,2025-07-29,0.1546
T0002024,P0066,PL08,M00024,650.77,637.06,365.7,143.73,75.99,51.64,585.42,2025-07-24,0.8306
T0002025,P0132,PL01,M00025,742.88,752.22,483.92,113.96,119.35,34.99,717.23,2026-11-27,0.8194
T0002026,P0114,PL02,M00026,266.61,260.86,135.07,63.84,40.28,21.67,239.19,2026-09-28,0.6182
T0002027,P0026,PL03,M00027,403.79,397.99,214.49,92.32,58.89,32.29,365.7,2025-05-16,0.594
T0002028,P0103,PL04,M00028,630.05,628.7,353.33,102.78,142.36,30.23,598.47,2026-06-20,0.9232
T0002029,P0014,PL05,M00029,679.44,713.59,412.99,124.22,112.15,64.23,649.36,2025-01-06,0.6595
T0002030,P0098,PL06,M00030,374.09,369.51,221.74,70.51,60.74,16.52,352.99,2025-03-15,0.6946
T0002031,P0076,PL07,M00031,367.32,350.84,199.2,66.82,53.61,31.21,319.63,2026-04-29,1.1541
T0002032,P0082,PL08,M00032,129.22,130.73,71.29,28.57,22.04,8.83,121.9,2025-08-27,1.3761
T0002033,P0055,PL01,M00033,200.24,199.06,115.79,41.34,27.78,14.15,184.91,2025-10-02,0.2336
T0002034,P0072,PL02,M00034,188.52,187.9,113.55,35.54,27.61,11.2,176.7,2026-09-16,0.4222
T0002035,P0125,PL03,M00035,304.85,310.51,194.53,55.0,47.78,13.2,297.31,2026-08-13,0.5467
T0002036,P0011,PL04,M00036,324.64,318.15,168.13,63.37,58.27,28.38,289.77,2025-11-22,0.7416
T0002037,P0058,PL05,M00037,536.99,520.25,291.41,106.48,94.05,28.31,491.94,2025-11-26,0.9928
T0002038,P0065,PL06,M00038,426.15,426.62,249.67,90.15,55.99,30.81,395.81,2025-01-02,1.3718
T0002039,P0134,PL07,M00039,33.54,34.28,21.43,6.01,4.32,2.52,31.76,2025-05-24,0.7618
T0002040,P0112,PL08,M00040,781.3,819.61,466.96,169.36,133.54,49.75,769.86,2025-10-20,1.0899
T0002041,P0041,PL01,M00041,15.67,15.34,9.18,2.81,2.52,0.83,14.51,2026-12-05,0.9024
T0002042,P0071,PL02,M00042,665.2,650.63,386.29,120.77,111.85,31.72,618.91,2026-06-11,0.5523
T0002043,P0072,PL03,M00043,686.83,695.02,400.72,155.69,112.79,25.82,669.2,2026-07-16,0.7316
T0002044,P0047,PL04,M00044,437.05,437.24,256.4,70.76,93.58,16.5,420.74,2026-01-29,0.9782
T0002045,P0139,PL05,M00045,153.45,159.01,90.28,35.58,26.87,6.28,152.73,2025-04-03,0.5032
T0002046,P0006,PL06,M00046,132.94,134.47,71.9,27.63,25.45,9.49,124.98,2026-08-31,0.4176
T0002047,P0044,PL07,M00047,952.53,957.58,499.01,223.5,160.18,74.89,882.69,2025-01-28,0.9821
T0002048,P0115,PL08,M00048,591.6,563.72,302.0,108.47,119.03,34.22,529.5,2026-07-10,0.4945
T0002049,P0081,PL01,M00049,244.91,247.17,135.08,56.53,41.93,13.63,233.54,2026-05-24,0.228
T0002050,P0017,PL02,M00050,94.47,94.88,55.45,17.37,15.2,6.86,88.02,2026-04-19,0.6682
T0002051,P0104,PL03,M00051,347.89,340.02,192.86,64.12,54.95,28.09,311.93,2026-02-04,0.7728
T0002052,P0021,PL04,M00052,476.69,500.25,291.79,75.13,89.98,43.35,456.9,2026-05-06,1.0065
T0002053,P0023,PL05,M00053,302.43,317.76,169.92,65.76,64.76,17.32,300.44,2025-12-08,0.2815
T0002054,P0035,PL06,M00054,123.39,120.21,66.1,19.32,24.32,10.47,109.74,2025-04-11,0.119
T0002055,P0057,PL07,M00055,314.71,327.93,176.05,75.55,63.27,13.06,314.87,2026-08-24,1.0578
T0002056,P0078,PL08,M00056,1275.5,1311.31,860.37,189.44,212.53,48.97,1262.34,2026-03-24,1.395
T0002057,P0058,PL01,M00057,490.59,494.6,305.06,74.78,72.91,41.85,452.75,2026-06-16,0.7046
T0002058,P0056,PL02,M00058,471.8,474.37,270.97,84.43,79.33,39.64,434.73,2026-11-05,0.707
T0002059,P0135,PL03,M00059,377.34,359.93,189.97,96.57,48.38,25.01,334.92,2026-10-22,0.774
T0002060,P0017,PL04,M00060,1911.3,1838.34,1064.0,439.77,206.01,128.56,1709.78,2025-03-20,1.8402
T0002061,P0103,PL05,M00061,196.14,186.99,115.44,36.39,25.32,9.84,177.15,2025-02-20,0.2035
T0002062,P0116,PL06,M00062,897.92,860.19,494.02,137.04,174.54,54.59,805.6,2026-10-17,0.9309
T0002063,P0075,PL07,M00063,1526.52,1481.04,777.97,369.03,275.63,58.41,1422.63,2026-03-13,1.7363
T0002064,P0077,PL08,M00064,87.23,88.62,51.96,15.03,14.26,7.37,81.25,2026-03-14,0.6112
T0002065,P0150,PL01,M00065,558.35,549.96,317.18,116.12,80.61,36.05,513.91,2025-05-02,0.7246
T0002066,P0144,PL02,M00066,24.73,25.28,15.39,4.95,3.34,1.6,23.68,2026-02-07,0.2906
T0002067,P0045,PL03,M00067,107.1,108.16,66.18,18.89,16.54,6.55,101.61,2025-08-21,0.5547
T0002068,P0100,PL04,M00068,1331.89,1307.21,755.65,228.04,215.27,108.25,1198.96,2026-03-20,1.3546
T0002069,P0147,PL05,M00069,635.51,625.98,350.59,124.73,90.8,59.86,566.12,2025-12-20,0.5564
T0002070,P0001,PL06,M00070,54.65,57.14,35.09,8.87,11.07,2.11,55.03,2025-03-07,1.5872
T0002071,P0026,PL07,M00071,650.73,657.35,397.72,129.41,101.06,29.16,628.19,2025-10-21,1.0534
T0002072,P0116,PL08,M00072,68.29,70.2,42.52,12.17,12.48,3.03,67.17,2026-12-12,1.1323
T0002073,P0052,PL01,M00073,260.19,258.38,164.83,44.4,30.13,19.02,239.36,2025-09-05,0.8074
T0002074,P0048,PL02,M00074,1819.63,1809.13,1069.19,329.34,248.28,162.32,1646.81,2026-12-26,1.5704
T0002075,P0036,PL03,M00075,1330.42,1365.03,758.47,236.79,247.7,122.07,1242.96,2025-03-21,1.6708
T0002076,P0057,PL04,M00076,154.08,148.27,90.5,21.53,25.5,10.74,137.53,2026-11-28,0.1319
T0002077,P0005,PL05,M00077,1128.04,1172.82,643.7,298.29,153.11,77.72,1095.1,2026-01-02,1.1955
T0002078,P0043,PL06,M00078,590.23,578.22,330.72,96.65,121.61,29.24,548.98,2025-01-28,1.1293
T0002079,P0014,PL07,M00079,883.41,917.14,522.76,205.09,155.64,33.65,883.49,2026-01-21,0.8081
T0002080,P0086,PL08,M00080,311.53,301.89,172.5,63.35,46.55,19.49,282.4,2026-10-21,0.9066
T0002081,P0141,PL01,M00081,21.09,21.1,12.1,4.68,3.0,1.32,19.78,2025-01-27,1.4067
T0002082,P0074,PL02,M00082,698.66,717.86,395.19,164.82,119.39,38.46,679.4,2025-10-05,0.6325
T0002083,P0065,PL03,M00083,396.5,386.08,206.39,70.16,81.8,27.73,358.35,2025-08-28,0.6714
T0002084,P0067,PL04,M00084,848.4,883.71,507.96,198.8,116.64,60.31,823.4,2025-04-06,0.9332
T0002085,P0074,PL05,M00085,821.92,801.2,440.87,180.92,133.21,46.2,755.0,2026-08-21,0.8785
T0002086,P0138,PL06,M00086,96.37,95.35,52.93,16.38,19.88,6.16,89.19,2025-03-03,0.1877
T0002087,P0027,PL07,M00087,1200.71,1168.5,702.65,206.82,197.37,61.66,1106.84,2026-02-27,1.1627
T0002088,P0085,PL08,M00088,69.68,67.81,41.3,11.78,11.11,3.62,64.19,2025-11-05,0.5747
T0002089,P0068,PL01,M00089,48.19,46.23,30.46,7.88,5.81,2.08,44.15,2025-03-15,0.1125
T0002090,P0086,PL02,M00090,775.01,758.73,437.21,189.91,97.27,34.34,724.39,2026-10-25,1.1191
T0002091,P0027,PL03,M00091,61.28,62.09,36.63,12.21,10.08,3.17,58.92,2026-05-07,0.3786
T0002092,P0133,PL04,M00092,86.85,82.91,49.35,14.91,11.82,6.83,76.08,2025-07-30,0.3037
T0002093,P0013,PL05,M00093,225.82,221.96,131.16,46.76,33.06,10.98,210.98,2026-11-12,0.2835
T0002094,P0137,PL06,M00094,179.45,173.61,96.07,36.07,30.63,10.84,162.77,2025-08-01,0.3964
T0002095,P0063,PL07,M00095,297.37,296.75,175.16,55.74,51.85,14.0,282.75,2025-08-08,0.5599
T0002096,P0114,PL08,M00096,6.14,6.18,3.44,1.25,1.01,0.48,5.7,2025-11-02,0.309
T0002097,P0112,PL01,M00097,1211.63,1168.6,651.17,244.03,184.63,88.77,1079.83,2026-01-01,1.1937
T0002098,P0060,PL02,M00098,1021.61,1050.48,657.3,146.98,175.28,70.92,979.56,2026-04-29,1.2536
T0002099,P0017,PL03,M00099,1119.88,1169.45,680.61,269.93,144.24,74.67,1094.78,2026-07-31,1.159
T0002100,P0077,PL04,M00100,407.11,391.96,223.76,60.14,78.94,29.12,362.84,2026-03-03,0.7062
T0002101,P0070,PL05,M00101,1206.57,1261.83,739.93,276.19,156.61,89.1,1172.73,2026-03-29,1.4036
T0002102,P0148,PL06,M00102,767.95,734.48,424.82,170.27,108.26,31.13,703.35,2026-10-12,1.0433
T0002103,P0027,PL07,M00103,173.83,166.05,93.33,28.54,34.77,9.41,156.64,2025-06-04,0.1691
T0002104,P0070,PL08,M00104,364.23,357.58,206.46,74.44,56.1,20.58,337.0,2025-08-18,0.6
T0002105,P0076,PL01,M00105,1081.83,1073.46,598.38,235.23,193.24,46.61,1026.85,2026-07-06,1.1032
T0002106,P0058,PL02,M00106,34.05,33.76,17.97,6.66,6.04,3.09,30.67,2025-12-29,0.1876
T0002107,P0034,PL03,M00107,98.55,96.35,52.97,24.74,13.22,5.42,90.93,2025-08-02,0.7412
T0002108,P0142,PL04,M00108,1281.25,1248.93,753.58,227.26,173.87,94.22,1154.71,2026-05-09,1.0879
T0002109,P0077,PL05,M00109,267.65,278.17,155.92,53.94,43.66,24.65,253.52,2025-07-21,0.3384
T0002110,P0089,PL06,M00110,634.96,665.58,389.14,121.15,125.37,29.92,635.66,2026-12-21,1.5479
T0002111,P0056,PL07,M00111,511.64,509.53,294.35,105.58,80.0,29.6,479.93,2025-11-04,0.4311
T0002112,P0118,PL08,M00112,568.94,561.3,319.01,119.2,72.57,50.52,510.78,2025-10-27,0.6611
T0002113,P0100,PL01,M00113,223.47,224.39,129.77,53.71,29.88,11.03,213.36,2025-02-03,0.6285
T0002114,P0021,PL02,M00114,219.89,212.13,132.21,34.22,34.68,11.02,201.11,2026-08-23,0.4485
T0002115,P0137,PL03,M00115,110.06,114.59,67.23,18.65,19.64,9.07,105.52,2026-12-04,0.1955
T0002116,P0056,PL04,M00116,277.59,269.37,158.32,58.49,30.94,21.62,247.75,2026-05-21,1.6731
T0002117,P0022,PL05,M00117,141.2,145.77,90.62,22.11,27.43,5.61,140.16,2026-11-10,1.3623
T0002118,P0107,PL06,M00118,1038.51,1012.09,600.94,212.56,116.66,81.93,930.16,2026-03-04,1.2092
T0002119,P0052,PL07,M00119,1224.74,1276.9,759.72,276.98,176.87,63.33,1213.57,2025-05-05,1.2313
T0002120,P0016,PL08,M00120,2108.62,2212.59,1322.6,400.67,404.63,84.69,2127.9,2025-03-18,1.8943
T0002121,P0124,PL01,M00121,262.68,270.29,156.39,53.25,40.42,20.23,250.06,2025-03-23,1.4532
T0002122,P0078,PL02,M00122,4.58,4.58,2.46,0.92,0.99,0.21,4.37,2025-01-17,0.2544
T0002123,P0077,PL03,M00123,349.57,340.77,190.59,56.92,61.48,31.78,308.99,2026-04-16,1.1791
T0002124,P0098,PL04,M00124,371.58,357.3,205.81,69.51,60.53,21.45,335.85,2026-01-13,0.4028
T0002125,P0098,PL05,M00125,1426.52,1375.29,798.63,288.46,172.4,115.8,1259.49,2025-04-24,1.1538
T0002126,P0086,PL06,M00126,120.51,121.62,71.2,26.94,13.55,9.93,111.69,2025-03-26,0.1768
T0002127,P0043,PL07,M00127,415.0,409.99,223.64,101.9,50.21,34.24,375.75,2025-12-19,1.1111
T0002128,P0120,PL08,M00128,1102.37,1073.33,670.89,185.0,130.93,86.51,986.82,2025-03-08,0.9575
T0002129,P0057,PL01,M00129,48.18,47.83,27.61,10.55,6.34,3.33,44.5,2026-08-07,0.6643
T0002130,P0094,PL02,M00130,534.89,512.74,284.78,115.68,82.75,29.53,483.21,2026-02-16,0.4916
T0002131,P0093,PL03,M00131,92.43,91.9,54.38,21.93,10.79,4.8,87.1,2025-05-17,0.1208
T0002132,P0057,PL04,M00132,667.86,661.17,390.08,136.1,95.48,39.51,621.66,2025-10-09,0.8433
T0002133,P0002,PL05,M00133,470.01,470.91,267.69,102.64,82.47,18.11,452.8,2025-04-16,0.5521
T0002134,P0121,PL06,M00134,107.5,103.15,63.4,20.64,14.09,5.02,98.13,2025-05-25,0.2906
T0002135,P0045,PL07,M00135,145.05,138.35,75.88,32.27,23.56,6.64,131.71,2025-06-01,0.4231
T0002136,P0009,PL08,M00136,107.79,111.87,74.02,20.29,13.53,4.03,107.84,2026-09-02,0.197
T0002137,P0030,PL01,M00137,831.23,796.44,419.97,202.44,121.01,53.02,743.42,2025-04-15,1.1062
T0002138,P0136,PL02,M00138,421.57,429.63,274.56,74.28,60.95,19.84,409.79,2025-05-30,1.5454
T0002139,P0011,PL03,M00139,1010.91,974.12,522.72,201.51,189.17,60.72,913.4,2026-05-17,1.0137
T0002140,P0085,PL04,M00140,152.5,156.04,88.96,30.29,27.17,9.62,146.42,2025-10-22,0.2489
T0002141,P0121,PL05,M00141,917.42,899.98,574.19,141.92,130.42,53.45,846.53,2025-09-26,1.06
T0002142,P0058,PL06,M00142,290.22,279.34,147.43,63.4,46.33,22.18,257.16,2026-07-23,0.3496
T0002143,P0150,PL07,M00143,99.18,96.08,55.29,16.48,16.6,7.71,88.37,2026-04-21,0.3119
T0002144,P0148,PL08,M00144,864.02,846.31,512.98,124.92,133.77,74.64,771.67,2026-02-17,1.2765
T0002145,P0072,PL01,M00145,1279.85,1296.81,772.11,267.93,181.06,75.71,1221.1,2025-01-22,1.0907
T0002146,P0140,PL02,M00146,22.16,22.97,12.25,3.99,5.17,1.56,21.41,2025-06-06,0.5742
T0002147,P0012,PL03,M00147,360.81,352.37,190.51,78.26,51.78,31.82,320.55,2026-03-31,0.4261
T0002148,P0036,PL04,M00148,407.51,422.21,258.01,96.24,53.27,14.69,407.52,2026-07-20,0.9178
T0002149,P0069,PL05,M00149,753.47,787.06,456.16,161.69,122.18,47.03,740.03,2026-02-12,0.8276
T0002150,P0037,PL06,M00150,122.81,125.4,71.37,23.6,19.63,10.8,114.6,2025-07-08,0.3426
T0002151,P0064,PL07,M00151,100.37,101.6,60.79,21.0,13.05,6.76,94.84,2025-12-05,0.4398
T0002152,P0097,PL08,M00152,189.46,180.8,113.2,25.21,30.62,11.77,169.03,2026-05-26,0.5287
T0002153,P0075,PL01,M00153,574.55,603.54,360.66,124.08,93.55,25.25,578.29,2025-12-13,1.5841
T0002154,P0036,PL02,M00154,478.34,500.09,289.64,83.4,88.71,38.34,461.75,2025-10-14,0.555
T0002155,P0036,PL03,M00155,33.64,34.2,20.27,7.88,4.71,1.34,32.86,2025-06-10,0.5344
T0002156,P0104,PL04,M00156,330.64,315.97,196.47,66.31,38.78,14.41,301.56,2025-06-30,0.7197
T0002157,P0060,PL05,M00157,217.92,212.42,124.76,35.07,32.93,19.66,192.76,2025-08-09,0.6418
T0002158,P0013,PL06,M00158,397.05,409.31,221.34,85.64,76.16,26.17,383.14,2026-11-19,0.344
T0002159,P0006,PL07,M00159,585.51,559.6,338.99,130.53,65.65,24.43,535.17,2025-03-01,0.7893
T0002160,P0095,PL08,M00160,55.68,53.62,28.57,12.41,10.19,2.45,51.17,2025-03-07,0.0834
T0002161,P0056,PL01,M00161,112.24,115.6,59.76,25.15,23.18,7.51,108.09,2025-12-19,0.2364
T0002162,P0113,PL02,M00162,308.68,308.34,180.84,46.26,58.4,22.84,285.5,2026-01-21,0.6034
T0002163,P0021,PL03,M00163,715.4,735.72,396.43,161.4,112.07,65.82,669.9,2025-04-17,0.7136
T0002164,P0033,PL04,M00164,362.59,361.84,223.17,52.4,60.14,26.13,335.71,2026-03-05,0.3046
T0002165,P0040,PL05,M00165,75.92,72.77,41.78,12.19,13.11,5.69,67.08,2026-10-02,0.1419
T0002166,P0110,PL06,M00166,255.63,267.96,149.49,64.39,30.65,23.43,244.53,2026-05-05,0.385
T0002167,P0133,PL07,M00167,738.36,735.83,411.21,153.0,109.64,61.98,673.85,2026-01-23,0.6948
T0002168,P0063,PL08,M00168,968.41,954.88,570.25,137.82,174.44,72.37,882.51,2025-02-11,1.3661
T0002169,P0037,PL01,M00169,457.17,440.19,243.9,105.01,60.86,30.42,409.77,2025-03-16,0.4864
T0002170,P0067,PL02,M00170,1112.13,1168.74,664.34,252.65,194.46,57.29,1111.45,2026-07-03,1.1515
T0002171,P0135,PL03,M00171,19.46,20.05,10.81,4.7,3.38,1.16,18.89,2025-08-04,0.2133
T0002172,P0048,PL04,M00172,1371.41,1309.82,814.97,211.75,236.35,46.75,1263.07,2026-02-07,1.4222
T0002173,P0089,PL05,M00173,438.2,423.39,247.74,94.99,54.24,26.42,396.97,2025-11-20,0.8158
T0002174,P0113,PL06,M00174,490.11,499.1,287.72,82.51,83.59,45.28,453.82,2025-09-24,0.8169
T0002175,P0036,PL07,M00175,37.19,36.82,21.37,7.71,5.99,1.75,35.07,2025-11-11,1.7533
T0002176,P0014,PL08,M00176,308.57,315.36,195.29,54.1,41.33,24.64,290.72,2025-05-27,1.1767
T0002177,P0150,PL01,M00177,607.58,587.22,339.51,111.87,104.55,31.29,555.93,2026-09-21,1.0935
T0002178,P0002,PL02,M00178,454.13,466.41,241.16,110.72,75.06,39.47,426.94,2026-01-16,1.4997
T0002179,P0074,PL03,M00179,893.78,927.11,584.79,166.62,125.3,50.4,876.71,2026-12-17,0.9098
T0002180,P0053,PL04,M00180,389.45,383.24,241.66,66.06,61.07,14.45,368.79,2026-04-15,0.3503
T0002181,P0040,PL05,M00181,1364.29,1423.16,875.88,219.62,247.93,79.73,1343.43,2025-07-17,1.2143
T0002182,P0105,PL06,M00182,271.04,284.27,155.25,54.27,46.88,27.87,256.4,2026-02-09,0.9571
T0002183,P0013,PL07,M00183,494.71,473.12,246.74,90.82,99.24,36.32,436.8,2025-06-05,0.7782
T0002184,P0116,PL08,M00184,108.89,112.3,63.97,20.89,19.22,8.22,104.08,2025-08-06,0.1422
T0002185,P0053,PL01,M00185,43.57,42.61,25.44,9.74,5.41,2.02,40.59,2026-10-16,1.5781
T0002186,P0095,PL02,M00186,519.04,533.22,329.34,81.17,80.68,42.03,491.19,2025-01-25,0.9146
T0002187,P0056,PL03,M00187,134.8,131.8,74.87,30.58,19.9,6.45,125.35,2026-08-01,1.1768
T0002188,P0136,PL04,M00188,1570.4,1593.84,894.69,372.14,208.37,118.64,1475.2,2025-12-20,1.4269
T0002189,P0018,PL05,M00189,97.97,94.71,55.55,18.32,14.46,6.38,88.33,2025-09-19,0.1613
T0002190,P0134,PL06,M00190,407.04,388.42,212.59,66.17,79.08,30.58,357.84,2025-12-05,0.6791
T0002191,P0104,PL07,M00191,352.89,346.69,214.04,48.51,60.87,23.27,323.42,2025-01-13,0.5253
T0002192,P0040,PL08,M00192,160.74,167.66,99.04,30.07,32.17,6.38,161.28,2026-09-15,0.7621
T0002193,P0133,PL01,M00193,1791.28,1707.08,987.55,359.98,276.52,83.03,1624.05,2025-04-20,1.9443
T0002194,P0134,PL02,M00194,141.09,141.67,83.95,29.09,23.88,4.75,136.92,2025-12-31,0.3397
T0002195,P0049,PL03,M00195,746.83,772.42,432.04,148.16,123.65,68.57,703.85,2025-08-01,1.0438
T0002196,P0149,PL04,M00196,379.0,387.7,239.62,77.36,54.19,16.53,371.17,2025-09-03,0.3685
T0002197,P0018,PL05,M00197,1016.24,999.32,605.42,168.81,140.95,84.14,915.18,2026-07-27,0.8971
T0002198,P0039,PL06,M00198,255.02,257.9,143.97,55.69,46.46,11.78,246.12,2025-07-27,0.3643
T0002199,P0082,PL07,M00199,1285.16,1303.0,735.39,258.88,236.58,72.15,1230.85,2025-08-16,1.6944
T0002200,P0140,PL08,M00200,566.65,592.26,359.47,120.39,74.76,37.64,554.62,2025-09-02,1.4807
T0002201,P0058,PL01,M00201,376.0,369.41,225.15,64.54,57.41,22.31,347.1,2026-04-13,1.0525
T0002202,P0036,PL02,M00202,272.51,283.27,154.2,49.72,61.84,17.51,265.76,2026-05-29,1.0414
T0002203,P0019,PL03,M00203,455.36,460.44,253.69,94.64,81.39,30.72,429.72,2025-03-26,1.5399
T0002204,P0124,PL04,M00204,172.78,169.68,99.98,33.04,30.14,6.52,163.16,2025-12-24,0.1747
T0002205,P0028,PL05,M00205,645.87,655.08,407.4,111.79,97.41,38.48,616.6,2026-10-09,0.8654
T0002206,P0135,PL06,M00206,244.42,250.75,137.77,62.77,35.75,14.46,236.29,2026-11-29,0.6146
T0002207,P0098,PL07,M00207,506.29,507.76,295.37,109.02,70.16,33.21,474.55,2025-05-22,1.2354
T0002208,P0004,PL08,M00208,32.37,33.29,19.15,7.05,5.73,1.36,31.93,2025-09-07,0.6281
T0002209,P0022,PL01,M00209,108.59,109.25,60.24,22.74,17.49,8.78,100.47,2026-08-24,1.2703
T0002210,P0103,PL02,M00210,946.19,965.68,508.65,210.13,198.68,48.22,917.46,2025-02-03,0.8346
T0002211,P0082,PL03,M00211,664.92,686.04,394.55,168.44,93.69,29.36,656.68,2025-07-28,0.654
T0002212,P0065,PL04,M00212,705.92,733.75,418.24,133.38,132.0,50.13,683.62,2026-08-07,1.4501
T0002213,P0054,PL05,M00213,912.43,907.06,517.8,211.49,138.13,39.64,867.42,2025-06-09,0.8867
T0002214,P0043,PL06,M00214,123.84,128.69,70.28,27.91,23.02,7.48,121.21,2025-12-08,0.4714
T0002215,P0023,PL07,M00215,723.03,691.41,406.79,125.49,103.44,55.69,635.72,2026-11-12,0.8842
T0002216,P0052,PL08,M00216,703.98,670.54,355.56,162.32,126.01,26.65,643.89,2025-04-28,1.6158
T0002217,P0004,PL01,M00217,17.98,17.82,11.99,2.7,2.36,0.77,17.05,2025-07-25,0.1381
T0002218,P0001,PL02,M00218,1956.23,1901.58,1204.04,272.74,351.38,73.42,1828.16,2025-04-27,1.7319
T0002219,P0047,PL03,M00219,111.8,112.72,66.52,24.54,16.28,5.38,107.34,2026-07-11,0.9975
T0002220,P0044,PL04,M00220,51.45,51.09,30.92,9.69,8.18,2.3,48.79,2026-03-04,0.8515
T0002221,P0118,PL05,M00221,1285.25,1322.94,752.56,272.89,197.9,99.59,1223.35,2026-08-09,1.397
T0002222,P0141,PL06,M00222,58.76,58.32,35.52,11.17,8.29,3.34,54.98,2025-12-24,0.1144
T0002223,P0150,PL07,M00223,185.78,185.95,104.23,33.73,36.8,11.19,174.76,2025-04-07,0.2901
T0002224,P0125,PL08,M00224,1015.05,1027.76,581.46,204.08,164.06,78.16,949.6,2025-04-17,1.0381
T0002225,P0061,PL01,M00225,976.76,987.98,592.39,174.86,156.53,64.2,923.78,2025-08-10,0.8782
T0002226,P0103,PL02,M00226,116.56,116.18,62.88,24.95,21.69,6.66,109.52,2025-06-15,0.3468
T0002227,P0102,PL03,M00227,1459.18,1438.28,873.8,202.72,251.85,109.91,1328.37,2026-04-04,1.7561
T0002228,P0119,PL04,M00228,1031.29,1038.49,607.66,191.25,157.81,81.77,956.72,2026-09-16,0.8661
T0002229,P0083,PL05,M00229,619.25,600.88,356.48,124.93,93.35,26.12,574.76,2025-06-05,0.5862
T0002230,P0019,PL06,M00230,299.94,314.05,181.93,48.59,61.73,21.8,292.25,2025-01-31,1.1851
T0002231,P0091,PL07,M00231,879.43,906.1,502.51,193.21,170.28,40.1,866.0,2025-05-23,1.2446
T0002232,P0093,PL08,M00232,23.23,24.04,14.64,4.18,3.89,1.33,22.71,2025-02-27,1.3356
T0002233,P0119,PL01,M00233,665.46,638.87,341.05,143.72,113.38,40.72,598.15,2026-05-19,1.3118
T0002234,P0130,PL02,M00234,73.44,72.61,42.86,12.88,11.12,5.75,66.86,2025-01-14,0.8748
T0002235,P0059,PL03,M00235,663.24,641.5,335.84,145.79,108.51,51.36,590.14,2025-07-05,0.7592
T0002236,P0051,PL04,M00236,318.14,306.93,163.16,65.04,60.6,18.13,288.8,2026-05-26,1.0657
T0002237,P0062,PL05,M00237,959.04,1000.78,552.29,198.92,196.2,53.37,947.41,2026-04-08,1.668
T0002238,P0095,PL06,M00238,487.6,490.15,247.38,124.56,90.31,27.9,462.25,2025-11-09,0.4782
T0002239,P0066,PL07,M00239,71.22,68.63,36.28,12.74,14.19,5.42,63.21,2026-01-17,0.4766
T0002240,P0069,PL08,M00240,600.6,582.21,352.75,102.9,86.14,40.42,541.79,2026-06-11,1.3995
T0002241,P0107,PL01,M00241,348.63,356.22,216.4,56.44,55.16,28.22,328.0,2026-10-08,0.7881
T0002242,P0135,PL02,M00242,24.76,25.95,13.28,5.58,5.25,1.84,24.11,2026-04-30,1.3658
T0002243,P0065,PL03,M00243,614.2,591.87,357.74,119.88,80.71,33.54,558.33,2026-07-29,1.1628
T0002244,P0016,PL04,M00244,62.41,61.06,36.07,8.91,11.22,4.86,56.2,2025-11-09,0.8141
T0002245,P0051,PL05,M00245,145.07,141.15,83.98,25.53,22.75,8.89,132.26,2025-06-26,1.3704
T0002246,P0089,PL06,M00246,341.94,334.76,185.38,76.87,52.74,19.77,314.99,2026-10-13,0.6642
T0002247,P0002,PL07,M00247,115.67,116.03,71.69,25.62,14.31,4.41,111.62,2025-05-16,0.1627
T0002248,P0068,PL08,M00248,584.36,598.19,338.88,132.18,78.85,48.28,549.91,2026-04-21,1.2782
T0002249,P0062,PL01,M00249,170.95,175.86,113.96,31.56,23.07,7.27,168.59,2025-04-25,0.1479
T0002250,P0098,PL02,M00250,169.93,177.82,97.25,42.01,25.91,12.65,165.17,2026-03-21,0.249
T0002251,P0021,PL03,M00001,1286.9,1229.61,697.95,297.76,187.6,46.3,1183.31,2025-10-27,1.3769
T0002252,P0078,PL04,M00002,408.27,390.41,235.24,88.47,50.4,16.3,374.11,2026-11-13,0.5262
T0002253,P0028,PL05,M00003,314.41,306.35,157.64,72.32,56.34,20.05,286.3,2026-07-11,0.3249
T0002254,P0109,PL06,M00004,290.76,301.46,191.56,57.24,39.63,13.03,288.43,2026-05-03,0.3422
T0002255,P0101,PL07,M00005,35.63,36.18,20.59,8.38,5.14,2.07,34.11,2026-11-02,0.9521
T0002256,P0087,PL08,M00006,1238.36,1187.04,700.74,195.54,192.15,98.61,1088.43,2025-08-29,1.316
T0002257,P0033,PL01,M00007,425.95,411.44,243.58,93.6,55.12,19.14,392.3,2025-05-27,0.4511
T0002258,P0143,PL02,M00008,34.75,35.4,18.46,9.07,5.85,2.02,33.38,2026-06-28,0.4023
T0002259,P0077,PL03,M00009,128.39,124.67,80.84,17.71,21.72,4.4,120.27,2025-09-06,1.1987
T0002260,P0097,PL04,M00010,321.34,332.72,181.52,71.4,57.7,22.1,310.62,2026-01-15,0.8575
T0002261,P0052,PL05,M00011,447.54,442.85,246.47,96.45,64.69,35.24,407.61,2025-03-29,0.8533
T0002262,P0124,PL06,M00012,290.67,300.68,170.63,58.29,57.19,14.57,286.11,2026-11-12,1.1885
T0002263,P0100,PL07,M00013,217.32,213.3,125.89,35.85,42.55,9.01,204.29,2026-09-12,1.5128
T0002264,P0129,PL08,M00014,673.71,680.75,420.5,100.54,132.25,27.46,653.29,2025-02-24,1.4242
T0002265,P0118,PL01,M00015,220.87,219.87,115.87,49.81,36.11,18.08,201.79,2026-03-30,0.2197
T0002266,P0021,PL02,M00016,60.42,59.32,35.46,12.59,8.41,2.86,56.46,2025-12-21,0.144
T0002267,P0144,PL03,M00017,991.15,978.68,572.39,198.88,166.62,40.79,937.89,2026-06-18,0.854
T0002268,P0116,PL04,M00018,43.54,43.29,26.49,7.89,7.21,1.7,41.59,2026-05-31,0.4084
T0002269,P0090,PL05,M00019,96.22,92.8,51.09,16.89,16.75,8.07,84.73,2026-12-08,0.6187
T0002270,P0034,PL06,M00020,60.05,59.38,34.05,11.59,10.89,2.85,56.53,2026-07-17,0.1636
T0002271,P0001,PL07,M00021,434.75,428.25,287.52,64.77,58.07,17.89,410.36,2025-06-13,0.8722
T0002272,P0100,PL08,M00022,271.33,260.48,158.29,49.85,40.13,12.21,248.27,2025-03-20,1.0096
T0002273,P0123,PL01,M00023,639.56,652.3,361.41,136.22,93.86,60.81,591.49,2025-03-30,0.8267
T0002274,P0091,PL02,M00024,77.12,75.16,39.08,14.41,15.55,6.12,69.04,2025-02-13,0.4295
T0002275,P0094,PL03,M00025,1298.98,1284.15,722.29,249.95,234.79,77.12,1207.03,2025-10-03,1.1663
T0002276,P0021,PL04,M00026,566.33,567.09,303.46,143.73,77.47,42.43,524.66,2026-08-22,1.0273
T0002277,P0030,PL05,M00027,248.45,240.45,146.9,39.86,44.5,9.19,231.26,2025-12-13,0.615
T0002278,P0107,PL06,M00028,390.16,388.96,215.92,77.05,70.78,25.21,363.75,2026-05-29,0.4415
T0002279,P0007,PL07,M00029,696.51,695.3,413.61,137.88,109.38,34.43,660.87,2026-07-11,0.9221
T0002280,P0036,PL08,M00030,501.26,505.79,263.25,133.82,79.08,29.64,476.15,2025-02-17,0.8416
T0002281,P0076,PL01,M00031,157.64,158.23,85.79,27.76,31.01,13.67,144.56,2025-08-12,1.0143
T0002282,P0029,PL02,M00032,857.11,876.58,484.92,182.83,148.65,60.18,816.4,2026-06-08,1.0664
T0002283,P0138,PL03,M00033,854.26,843.62,498.22,124.59,164.92,55.89,787.73,2025-11-17,1.0506
T0002284,P0139,PL04,M00034,981.51,1021.47,581.78,215.21,144.97,79.51,941.96,2025-01-29,1.0154
T0002285,P0038,PL05,M00035,202.88,208.84,116.37,39.22,39.54,13.71,195.13,2025-07-05,0.863
T0002286,P0097,PL06,M00036,234.64,240.91,138.47,43.94,42.94,15.56,225.35,2025-09-28,0.2016
T0002287,P0030,PL07,M00037,782.57,803.15,461.4,158.61,148.2,34.94,768.21,2025-03-31,0.9677
T0002288,P0065,PL08,M00038,1476.56,1511.27,790.79,410.98,252.18,57.32,1453.95,2026-06-18,1.5312
T0002289,P0029,PL01,M00039,1519.64,1524.53,770.19,369.16,279.98,105.2,1419.33,2026-05-18,1.3515
T0002290,P0003,PL02,M00040,136.36,140.34,80.91,24.54,25.44,9.45,130.89,2025-04-15,0.8404
T0002291,P0025,PL03,M00041,1410.53,1346.18,781.05,231.06,210.11,123.96,1222.22,2026-02-22,1.4111
T0002292,P0106,PL04,M00042,1787.65,1811.66,1087.34,259.6,321.58,143.14,1668.52,2026-09-04,1.7955
T0002293,P0150,PL05,M00043,725.32,753.32,463.46,117.13,133.63,39.1,714.22,2026-10-26,0.9277
T0002294,P0090,PL06,M00044,98.35,97.22,53.48,17.59,19.29,6.86,90.36,2026-03-13,0.2693
T0002295,P0135,PL07,M00045,491.59,473.56,298.3,66.85,69.79,38.62,434.94,2026-04-27,0.8487
T0002296,P0076,PL08,M00046,1357.38,1382.0,733.35,346.39,184.73,117.53,1264.47,2026-09-08,1.2964
T0002297,P0032,PL01,M00047,1274.27,1266.99,804.33,189.24,167.35,106.07,1160.92,2026-08-24,1.2721
T0002298,P0113,PL02,M00048,235.38,228.63,129.28,51.73,36.22,11.4,217.23,2025-12-17,1.5041
T0002299,P0127,PL03,M00049,642.1,634.12,370.95,122.22,97.33,43.62,590.5,2025-09-18,1.682
T0002300,P0060,PL04,M00050,310.6,314.89,193.97,52.22,53.38,15.32,299.57,2026-07-10,0.5788
T0002301,P0014,PL05,M00051,53.41,52.67,27.59,12.06,8.6,4.42,48.25,2025-08-11,0.1041
T0002302,P0110,PL06,M00052,782.21,819.05,511.93,131.63,144.45,31.04,788.01,2025-02-17,1.0892
T0002303,P0046,PL07,M00053,642.41,651.92,380.19,126.47,115.74,29.52,622.4,2026-09-18,0.6841
T0002304,P0053,PL08,M00054,384.94,386.12,213.61,92.61,65.88,14.02,372.1,2025-03-07,0.3968
T0002305,P0047,PL01,M00055,336.07,325.05,185.18,55.83,58.5,25.54,299.51,2025-01-12,1.1568
T0002306,P0016,PL02,M00056,208.79,204.15,121.33,42.22,32.6,8.0,196.15,2025-08-24,0.398
T0002307,P0069,PL03,M00057,598.75,589.71,343.29,85.21,113.13,48.08,541.63,2025-11-14,0.9558
T0002308,P0095,PL04,M00058,500.79,503.18,304.84,90.82,67.75,39.77,463.41,2025-09-08,0.7862
T0002309,P0071,PL05,M00059,471.26,475.37,277.07,114.76,62.93,20.61,454.76,2025-12-11,0.3998
T0002310,P0080,PL06,M00060,1115.87,1062.79,605.62,229.99,188.99,38.19,1024.6,2025-02-09,1.7032
T0002311,P0019,PL07,M00061,190.32,184.16,99.69,40.14,26.29,18.04,166.12,2025-03-19,0.4406
T0002312,P0123,PL08,M00062,540.79,526.15,320.43,88.08,94.17,23.47,502.68,2025-06-28,0.6652
T0002313,P0024,PL01,M00063,118.18,118.73,66.48,27.57,18.79,5.89,112.84,2026-07-05,0.2275
T0002314,P0079,PL02,M00064,554.51,576.63,366.6,98.96,87.53,23.54,553.09,2025-08-25,0.9874
T0002315,P0052,PL03,M00065,1161.69,1180.81,684.82,179.98,227.36,88.65,1092.16,2026-02-24,1.1046
T0002316,P0066,PL04,M00066,722.34,758.51,465.09,142.95,111.85,38.62,719.89,2026-01-26,0.7231
T0002317,P0035,PL05,M00067,446.64,459.48,256.23,96.74,75.37,31.14,428.34,2026-09-28,0.6708
T0002318,P0134,PL06,M00068,673.51,702.72,430.94,105.33,106.62,59.83,642.89,2026-07-27,0.9079
T0002319,P0109,PL07,M00069,203.88,213.7,117.06,46.21,37.38,13.05,200.65,2026-09-12,0.3147
T0002320,P0052,PL08,M00070,102.58,98.95,56.08,23.73,11.8,7.34,91.61,2026-07-17,1.1374
T0002321,P0103,PL01,M00071,1068.69,1106.0,603.2,247.11,188.34,67.35,1038.65,2025-10-19,1.0366
T0002322,P0006,PL02,M00072,25.79,26.7,14.42,4.87,5.4,2.01,24.69,2026-04-14,0.2322
T0002323,P0115,PL03,M00073,463.14,462.13,276.95,82.09,81.85,21.24,440.89,2025-09-24,0.6611
T0002324,P0006,PL04,M00074,597.35,623.84,383.92,99.55,118.79,21.58,602.26,2026-06-02,0.7827
T0002325,P0112,PL05,M00075,427.48,439.02,264.83,73.12,69.35,31.72,407.3,2026-01-12,0.4107
T0002326,P0148,PL06,M00076,567.55,557.01,311.67,119.07,82.77,43.5,513.51,2026-02-23,0.5559
T0002327,P0138,PL07,M00077,471.04,467.79,275.88,108.9,65.66,17.35,450.44,2025-03-15,1.3252
T0002328,P0062,PL08,M00078,929.95,956.77,534.87,216.77,146.61,58.52,898.25,2026-11-30,1.4238
T0002329,P0106,PL01,M00079,804.23,844.16,426.55,180.29,160.38,76.94,767.22,2025-03-15,0.7897
T0002330,P0090,PL02,M00080,56.61,57.42,31.87,11.85,11.1,2.6,54.82,2025-11-27,1.1963
T0002331,P0054,PL03,M00081,616.47,615.18,313.82,136.2,126.84,38.32,576.86,2025-12-08,1.0052
T0002332,P0122,PL04,M00082,245.91,243.99,147.49,36.68,48.15,11.67,232.32,2026-01-21,0.5398
T0002333,P0067,PL05,M00083,953.95,978.18,594.32,165.72,172.05,46.09,932.09,2025-08-05,0.9307
T0002334,P0095,PL06,M00084,190.85,198.4,109.96,38.12,34.39,15.93,182.47,2025-07-20,0.2273
T0002335,P0092,PL07,M00085,1169.32,1130.17,683.2,185.78,198.25,62.94,1067.23,2025-11-05,1.1834
T0002336,P0131,PL08,M00086,1861.36,1806.25,889.33,385.83,375.83,155.26,1650.99,2026-12-15,1.5775
T0002337,P0074,PL01,M00087,881.51,887.87,550.81,170.18,127.62,39.26,848.61,2025-10-07,1.4947
T0002338,P0062,PL02,M00088,754.12,793.25,460.97,160.7,127.85,43.73,749.52,2025-01-29,0.983
T0002339,P0021,PL03,M00089,542.11,540.48,305.26,83.04,98.98,53.2,487.28,2026-04-24,0.5868
T0002340,P0015,PL04,M00090,111.54,113.73,69.71,23.26,16.74,4.02,109.71,2026-09-29,1.0831
T0002341,P0068,PL05,M00091,410.03,418.88,225.35,100.46,58.82,34.25,384.63,2025-10-25,0.8213
T0002342,P0034,PL06,M00092,1476.0,1522.09,796.34,325.3,261.78,138.67,1383.42,2025-07-25,1.7102
T0002343,P0147,PL07,M00093,30.08,30.67,18.43,4.69,6.06,1.49,29.18,2025-01-30,0.2005
T0002344,P0129,PL08,M00094,975.32,1012.53,536.75,245.47,174.84,55.47,957.06,2026-09-07,1.2243
T0002345,P0071,PL01,M00095,186.8,195.48,121.66,27.26,35.14,11.42,184.06,2026-04-04,0.2214
T0002346,P0001,PL02,M00096,1156.79,1200.13,704.57,219.67,217.4,58.49,1141.64,2026-06-08,1.2567
T0002347,P0096,PL03,M00097,414.42,398.72,209.52,94.42,56.93,37.85,360.87,2026-09-21,0.5212
T0002348,P0060,PL04,M00098,348.16,361.06,209.08,75.4,50.32,26.26,334.8,2026-12-20,0.9527
T0002349,P0137,PL05,M00099,512.73,524.17,288.14,122.42,85.07,28.54,495.63,2025-09-05,1.4283
T0002350,P0079,PL06,M00100,173.76,172.05,102.69,30.86,24.88,13.62,158.43,2025-11-12,0.3387
T0002351,P0078,PL07,M00101,7.24,7.0,4.25,1.49,0.95,0.31,6.69,2025-11-03,0.4667
T0002352,P0130,PL08,M00102,655.67,672.31,375.63,101.28,142.15,53.25,619.06,2025-08-20,1.4244
T0002353,P0078,PL01,M00103,76.2,75.15,42.03,16.57,9.56,6.99,68.16,2026-05-24,0.176
T0002354,P0108,PL02,M00104,1127.64,1170.7,702.12,219.67,166.8,82.11,1088.59,2025-07-20,1.0604
T0002355,P0141,PL03,M00105,431.41,445.42,275.35,70.2,81.21,18.66,426.76,2025-05-02,0.6541
T0002356,P0044,PL04,M00106,440.74,463.53,273.49,72.2,80.29,37.55,425.98,2025-03-19,0.5958
T0002357,P0138,PL05,M00107,205.32,205.29,113.09,45.42,37.64,9.14,196.15,2025-07-02,0.987
T0002358,P0137,PL06,M00108,738.92,704.04,384.48,146.46,124.48,48.62,655.42,2025-02-26,1.3086
T0002359,P0095,PL07,M00109,1292.11,1302.07,825.29,188.75,231.35,56.68,1245.39,2026-12-07,1.3592
T0002360,P0040,PL08,M00110,179.51,172.96,106.95,24.29,32.96,8.76,164.2,2026-06-12,0.4271
T0002361,P0051,PL01,M00111,79.17,79.2,47.42,13.69,12.66,5.43,73.77,2025-12-31,0.5739
T0002362,P0013,PL02,M00112,565.22,562.45,351.42,110.21,76.3,24.52,537.93,2026-12-31,0.6664
T0002363,P0079,PL03,M00113,162.48,158.81,84.35,34.44,25.76,14.26,144.55,2025-09-01,0.2517
T0002364,P0088,PL04,M00114,64.66,62.45,34.02,12.6,9.73,6.1,56.35,2026-09-05,0.5119
T0002365,P0098,PL05,M00115,25.79,27.09,14.82,6.16,4.22,1.89,25.2,2026-12-13,0.1348
T0002366,P0032,PL06,M00116,391.71,394.11,233.52,83.01,51.38,26.2,367.91,2025-09-14,0.3563
T0002367,P0044,PL07,M00117,1609.02,1545.89,915.3,366.22,195.38,68.99,1476.9,2026-10-16,1.3168
T0002368,P0001,PL08,M00118,754.8,748.71,433.37,148.02,107.96,59.36,689.35,2025-03-30,1.0442
T0002369,P0117,PL01,M00119,107.38,107.65,61.03,17.66,24.0,4.96,102.69,2025-05-16,0.2551
T0002370,P0033,PL02,M00120,319.66,315.31,167.46,67.61,55.85,24.39,290.92,2026-05-21,0.7863
T0002371,P0132,PL03,M00121,430.12,412.91,258.14,62.54,52.7,39.53,373.38,2025-02-15,1.3277
T0002372,P0004,PL04,M00122,1136.4,1129.45,613.6,191.94,229.82,94.09,1035.36,2025-07-06,1.5181
T0002373,P0149,PL05,M00123,621.2,621.77,368.84,101.25,104.02,47.66,574.11,2025-02-12,1.16
T0002374,P0025,PL06,M00124,696.3,681.24,418.0,115.12,114.92,33.2,648.04,2025-07-29,0.996
T0002375,P0098,PL07,M00125,1047.56,1031.48,558.59,227.91,161.91,83.07,948.41,2026-03-30,1.1708
T0002376,P0033,PL08,M00126,59.89,62.55,35.88,14.02,9.41,3.24,59.31,2026-03-03,1.0974
T0002377,P0115,PL01,M00127,1222.34,1276.99,750.33,267.33,166.32,93.01,1183.98,2026-08-27,1.0713
T0002378,P0083,PL02,M00128,259.47,263.35,159.18,46.43,39.97,17.77,245.58,2026-06-18,0.2276
T0002379,P0013,PL03,M00129,274.66,275.04,141.1,65.49,53.62,14.83,260.21,2026-07-31,0.5648
T0002380,P0145,PL04,M00130,115.2,115.23,63.0,21.12,21.48,9.63,105.6,2026-10-17,0.2494
T0002381,P0106,PL05,M00131,848.44,891.0,526.61,155.39,130.51,78.49,812.51,2026-10-04,1.1307
T0002382,P0043,PL06,M00132,14.9,15.1,9.58,2.9,1.98,0.64,14.46,2025-06-12,1.1615
T0002383,P0138,PL07,M00133,585.38,574.3,329.47,121.22,94.85,28.76,545.54,2025-12-18,0.6563
T0002384,P0069,PL08,M00134,602.46,630.84,361.25,106.82,116.16,46.61,584.23,2025-08-13,0.5319
T0002385,P0089,PL01,M00135,466.02,461.25,273.65,67.33,85.33,34.94,426.31,2025-11-27,1.381
T0002386,P0075,PL02,M00136,899.9,914.57,504.3,198.85,148.28,63.14,851.43,2025-03-07,1.1432
T0002387,P0127,PL03,M00137,324.35,328.64,191.05,61.8,58.5,17.29,311.35,2026-09-24,0.6131
T0002388,P0029,PL04,M00138,506.46,497.53,288.81,119.05,65.51,24.16,473.37,2025-11-15,0.5958
T0002389,P0130,PL05,M00139,153.4,152.1,92.05,25.58,22.21,12.26,139.84,2025-12-26,1.1351
T0002390,P0045,PL06,M00140,92.48,93.54,54.18,22.64,12.22,4.5,89.04,2026-10-17,0.3057
T0002391,P0142,PL07,M00141,1426.0,1454.05,833.53,303.3,203.84,113.38,1340.67,2026-01-26,1.2407
T0002392,P0003,PL08,M00142,539.46,521.37,303.28,91.41,77.84,48.84,472.53,2025-02-04,1.2655
T0002393,P0103,PL01,M00143,377.61,373.46,221.27,58.71,64.64,28.84,344.62,2026-06-24,1.6747
T0002394,P0112,PL02,M00144,613.6,591.36,309.13,131.62,110.65,39.96,551.4,2025-02-11,1.0617
T0002395,P0077,PL03,M00145,223.28,225.44,124.51,53.62,30.71,16.6,208.84,2025-07-31,0.1904
T0002396,P0129,PL04,M00146,37.23,36.51,22.72,5.49,6.26,2.04,34.47,2026-12-01,0.3764
T0002397,P0143,PL05,M00147,44.85,45.04,27.97,8.61,5.7,2.76,42.28,2026-11-04,0.9008
T0002398,P0095,PL06,M00148,1036.9,1044.48,552.36,286.37,164.18,41.57,1002.91,2025-09-24,1.0572
T0002399,P0088,PL07,M00149,1141.55,1121.27,686.88,184.59,146.93,102.87,1018.4,2026-05-08,0.9649
T0002400,P0071,PL08,M00150,283.57,287.65,190.67,43.48,35.25,18.25,269.4,2026-11-25,1.3964
T0002401,P0063,PL01,M00151,656.64,655.19,385.95,126.38,101.97,40.89,614.3,2025-07-02,0.9387
T0002402,P0093,PL02,M00152,653.08,655.47,383.65,108.43,116.63,46.76,608.71,2026-05-08,1.0404
T0002403,P0127,PL03,M00153,1022.11,1032.78,619.09,226.09,144.91,42.69,990.09,2026-07-04,1.4796
T0002404,P0104,PL04,M00154,712.5,685.0,406.31,121.12,117.58,39.99,645.01,2025-02-25,1.1031
T0002405,P0086,PL05,M00155,610.05,583.29,325.61,92.12,117.58,47.98,535.31,2025-05-07,0.6101
T0002406,P0138,PL06,M00156,91.0,89.03,53.4,15.66,14.97,5.0,84.03,2025-09-26,0.3146
T0002407,P0125,PL07,M00157,131.14,127.24,82.41,20.81,17.22,6.8,120.44,2026-10-26,0.6207
T0002408,P0094,PL08,M00158,634.18,613.93,334.38,148.28,104.75,26.52,587.41,2025-05-29,0.8468
T0002409,P0125,PL01,M00159,285.3,289.73,171.94,57.44,48.82,11.53,278.2,2025-11-05,0.2794
T0002410,P0050,PL02,M00160,122.68,121.27,66.43,21.37,22.66,10.81,110.46,2026-10-18,0.3435
T0002411,P0103,PL03,M00161,881.64,914.21,519.46,219.34,129.07,46.34,867.87,2025-04-15,0.9937
T0002412,P0075,PL04,M00162,677.42,679.49,418.78,95.85,123.95,40.91,638.58,2026-12-12,0.5919
T0002413,P0032,PL05,M00163,27.44,26.67,14.82,6.02,4.14,1.69,24.98,2026-02-17,0.4302
T0002414,P0027,PL06,M00164,113.0,111.2,59.76,25.45,19.11,6.88,104.32,2025-02-10,1.3561
T0002415,P0136,PL07,M00165,670.5,697.84,371.7,175.87,96.99,53.28,644.56,2025-07-02,1.0703
T0002416,P0150,PL08,M00166,579.2,568.44,357.52,90.2,100.7,20.02,548.42,2026-11-12,0.6172
T0002417,P0135,PL01,M00167,163.28,158.25,91.8,30.61,29.79,6.05,152.2,2025-12-31,0.1875
T0002418,P0089,PL02,M00168,329.31,345.75,187.6,85.48,44.09,28.58,317.17,2025-08-25,0.8495
T0002419,P0059,PL03,M00169,1061.54,1097.21,611.82,206.78,208.44,70.17,1027.04,2025-11-14,1.3078
T0002420,P0069,PL04,M00170,25.89,24.71,13.03,6.07,4.31,1.3,23.41,2025-03-06,0.4493
T0002421,P0094,PL05,M00171,598.86,593.86,355.74,96.2,93.14,48.78,545.08,2025-08-22,0.7845
T0002422,P0061,PL06,M00172,564.46,593.56,353.9,112.71,77.44,49.51,544.05,2026-11-17,1.0772
T0002423,P0033,PL07,M00173,385.47,401.91,250.26,63.42,52.22,36.01,365.9,2025-04-17,0.9779
T0002424,P0126,PL08,M00174,1754.48,1757.67,952.13,384.46,284.79,136.29,1621.38,2025-04-21,1.4997
T0002425,P0068,PL01,M00175,1059.97,1009.72,552.7,228.64,171.51,56.87,952.85,2026-04-08,1.2896
T0002426,P0137,PL02,M00176,55.87,57.57,33.53,10.08,10.16,3.8,53.77,2026-06-18,0.3129
T0002427,P0139,PL03,M00177,336.61,340.01,184.7,70.84,64.98,19.49,320.52,2026-10-26,0.7506
T0002428,P0021,PL04,M00178,760.53,749.64,482.91,107.52,115.0,44.21,705.43,2026-05-24,0.9465
T0002429,P0025,PL05,M00179,255.69,260.67,149.36,57.8,39.37,14.14,246.53,2025-03-03,0.6718
T0002430,P0124,PL06,M00180,114.6,113.82,60.07,26.79,17.43,9.53,104.29,2025-10-26,0.0962
T0002431,P0096,PL07,M00181,559.54,553.49,335.35,90.73,105.74,21.67,531.82,2025-05-28,0.554
T0002432,P0135,PL08,M00182,570.46,600.43,357.88,103.48,116.37,22.7,577.73,2025-10-16,0.734
T0002433,P0100,PL01,M00183,741.1,710.33,410.56,130.84,131.72,37.21,673.12,2026-11-19,1.0415
T0002434,P0060,PL02,M00184,34.88,35.4,20.4,8.73,4.4,1.87,33.53,2026-12-03,0.6941
T0002435,P0059,PL03,M00185,135.17,131.39,75.01,18.37,26.23,11.78,119.61,2026-10-23,0.4743
T0002436,P0147,PL04,M00186,234.85,244.64,137.08,59.52,37.25,10.79,233.85,2026-01-18,0.6209
T0002437,P0064,PL05,M00187,484.41,508.02,335.16,76.42,66.96,29.48,478.54,2025-12-07,0.9788
T0002438,P0109,PL06,M00188,52.84,51.54,30.62,10.17,7.87,2.88,48.66,2025-06-28,0.8449
T0002439,P0095,PL07,M00189,438.63,460.65,269.18,68.23,83.09,40.15,420.5,2025-08-26,0.9557
T0002440,P0084,PL08,M00190,533.0,537.96,318.07,88.45,99.32,32.12,505.84,2025-09-03,0.5418
T0002441,P0021,PL01,M00191,177.16,169.39,96.37,38.01,28.96,6.05,163.34,2025-06-16,1.598
T0002442,P0124,PL02,M00192,130.07,133.25,69.18,27.27,25.78,11.02,122.23,2026-10-13,0.1116
T0002443,P0007,PL03,M00193,34.85,34.58,21.2,6.87,4.43,2.08,32.5,2026-05-13,0.455
T0002444,P0002,PL04,M00194,289.1,287.05,163.3,66.15,37.31,20.29,266.76,2026-12-17,1.4353
T0002445,P0144,PL05,M00195,295.72,294.87,161.8,62.0,55.7,15.37,279.5,2026-04-04,1.1987
T0002446,P0058,PL06,M00196,937.92,927.87,555.68,185.65,133.82,52.72,875.15,2026-02-02,1.3767
T0002447,P0021,PL07,M00197,84.03,83.66,43.68,21.21,14.56,4.21,79.45,2025-08-27,0.1694
T0002448,P0068,PL08,M00198,272.03,270.43,162.59,43.71,44.82,19.31,251.12,2026-05-27,1.0904
T0002449,P0056,PL01,M00199,264.64,254.79,140.79,50.38,46.43,17.19,237.6,2026-03-26,0.2279
T0002450,P0093,PL02,M00200,946.6,936.02,539.76,153.63,169.87,72.76,863.26,2026-08-21,1.5049
T0002451,P0116,PL03,M00201,593.24,603.97,348.91,124.74,74.39,55.93,548.04,2025-11-11,1.0016
T0002452,P0054,PL04,M00202,635.77,660.99,391.03,137.11,97.85,35.0,625.99,2026-12-01,0.6307
T0002453,P0136,PL05,M00203,119.84,122.23,63.11,27.51,23.47,8.14,114.09,2026-12-03,0.1416
T0002454,P0056,PL06,M00204,500.51,482.82,269.48,118.98,70.76,23.6,459.22,2026-02-22,1.7244
T0002455,P0096,PL07,M00205,97.23,95.79,62.16,13.59,11.56,8.48,87.31,2026-03-26,1.03
T0002456,P0114,PL08,M00206,33.83,34.26,19.52,7.79,4.33,2.62,31.64,2025-07-08,0.1862
T0002457,P0009,PL01,M00207,1670.73,1749.36,969.29,401.39,232.77,145.91,1603.45,2026-11-08,1.5689
T0002458,P0037,PL02,M00208,254.04,254.64,147.8,44.5,48.85,13.49,241.15,2025-02-23,0.5305
T0002459,P0067,PL03,M00209,8.35,8.45,5.23,1.26,1.47,0.49,7.96,2026-01-22,0.6036
T0002460,P0024,PL04,M00210,764.07,733.66,381.62,185.35,101.9,64.79,668.87,2026-09-06,0.7021
T0002461,P0074,PL05,M00211,1309.72,1284.73,697.75,248.18,258.25,80.55,1204.18,2026-07-24,1.2977
T0002462,P0043,PL06,M00212,944.45,985.8,513.97,162.39,217.09,92.35,893.45,2025-01-11,1.3579
T0002463,P0034,PL07,M00213,1043.11,996.12,556.88,203.83,157.69,77.72,918.4,2025-11-06,1.4395
T0002464,P0047,PL08,M00214,545.03,539.15,269.41,133.28,88.61,47.85,491.3,2026-02-11,1.1279
T0002465,P0084,PL01,M00215,1149.22,1140.89,682.29,236.6,151.46,70.54,1070.35,2025-04-06,1.3729
T0002466,P0124,PL02,M00216,683.84,684.51,419.77,126.54,101.81,36.39,648.12,2026-06-22,0.6379
T0002467,P0148,PL03,M00217,1290.01,1234.22,780.5,219.98,174.92,58.82,1175.4,2026-02-23,1.2594
T0002468,P0002,PL04,M00218,2.44,2.54,1.27,0.58,0.53,0.16,2.38,2026-07-25,0.1337
T0002469,P0041,PL05,M00219,161.86,162.44,90.92,28.68,35.08,7.76,154.68,2025-01-22,0.9126
T0002470,P0018,PL06,M00220,306.69,301.6,161.27,57.34,63.42,19.57,282.03,2025-05-21,0.5376
T0002471,P0147,PL07,M00221,290.87,288.89,158.18,55.29,51.12,24.3,264.59,2026-11-29,0.5482
T0002472,P0139,PL08,M00222,54.01,56.76,32.28,8.86,10.99,4.63,52.13,2025-10-27,0.1342
T0002473,P0003,PL01,M00223,115.39,114.41,70.06,22.82,15.69,5.84,108.57,2026-07-02,1.0401
T0002474,P0137,PL02,M00224,868.53,901.05,499.29,145.4,176.38,79.98,821.07,2025-10-02,0.8714
T0002475,P0124,PL03,M00225,58.47,55.8,28.07,12.17,11.32,4.24,51.56,2026-09-16,0.8455
T0002476,P0061,PL04,M00226,463.61,466.01,268.68,94.29,68.76,34.28,431.73,2025-12-28,1.4794
T0002477,P0042,PL05,M00227,97.54,96.31,55.1,19.8,14.53,6.88,89.43,2025-12-15,0.4358
T0002478,P0114,PL06,M00228,476.6,492.09,277.08,86.18,108.79,20.04,472.05,2025-08-05,0.8369
T0002479,P0080,PL07,M00229,517.87,508.78,274.39,100.72,90.69,42.98,465.8,2025-04-24,0.818
T0002480,P0018,PL08,M00230,623.85,606.86,366.73,80.18,107.94,52.01,554.85,2026-07-13,0.971
T0002481,P0119,PL01,M00231,425.33,410.4,237.81,78.3,72.02,22.27,388.13,2026-03-21,1.1368
T0002482,P0127,PL02,M00232,374.66,390.64,233.91,65.95,71.34,19.44,371.2,2026-04-19,0.5008
T0002483,P0012,PL03,M00233,186.17,179.03,104.35,31.3,30.53,12.85,166.18,2026-11-24,0.1517
T0002484,P0108,PL04,M00234,87.06,83.88,53.04,14.47,9.93,6.44,77.44,2026-08-19,1.165
T0002485,P0043,PL05,M00235,716.27,720.64,375.24,166.27,130.21,48.92,671.72,2025-05-11,0.9099
T0002486,P0060,PL06,M00236,237.01,232.1,122.3,55.56,41.61,12.63,219.47,2026-02-27,1.2683
T0002487,P0030,PL07,M00237,424.42,411.36,238.99,69.87,81.01,21.49,389.87,2025-09-05,1.0629
T0002488,P0003,PL08,M00238,560.61,583.69,320.74,130.14,88.13,44.68,539.01,2025-01-14,0.5415
T0002489,P0079,PL01,M00239,245.89,258.56,153.01,51.87,40.2,13.48,245.08,2026-04-05,0.7765
T0002490,P0124,PL02,M00240,272.45,277.01,150.43,65.12,41.01,20.45,256.56,2026-03-02,1.5562
T0002491,P0061,PL03,M00241,79.7,78.41,43.33,20.65,10.94,3.49,74.92,2025-11-05,0.1163
T0002492,P0117,PL04,M00242,216.75,216.15,125.95,53.35,26.64,10.21,205.94,2026-03-19,1.4605
T0002493,P0014,PL05,M00243,415.46,420.19,241.95,89.47,68.92,19.85,400.34,2025-11-22,1.1356
T0002494,P0094,PL06,M00244,390.02,383.29,211.24,92.32,46.85,32.88,350.41,2026-03-30,0.3251
T0002495,P0047,PL07,M00245,384.19,381.32,217.14,63.56,69.79,30.83,350.49,2025-08-06,1.039
T0002496,P0006,PL08,M00246,278.71,272.25,145.68,70.22,39.3,17.05,255.2,2025-08-15,0.5602
T0002497,P0046,PL01,M00247,759.79,787.78,439.91,182.82,119.53,45.52,742.26,2025-04-14,1.2914
T0002498,P0059,PL02,M00248,45.57,45.97,28.24,9.06,6.69,1.98,43.99,2025-02-26,0.4551
T0002499,P0094,PL03,M00249,622.82,619.94,369.01,123.65,84.77,42.51,577.43,2026-12-27,0.9198
T0002500,P0077,PL04,M00250,391.16,375.34,218.95,69.45,56.72,30.22,345.12,2025-06-05,0.4605
T0002501,P0010,PL05,M00001,208.23,208.52,122.66,41.04,30.79,14.03,194.49,2026-06-07,0.1952
T0002502,P0080,PL06,M00002,804.16,766.11,408.48,156.66,158.13,42.84,723.27,2025-08-17,1.4455
T0002503,P0128,PL07,M00003,499.08,493.48,263.97,127.18,61.28,41.05,452.43,2025-11-18,0.607
T0002504,P0106,PL08,M00004,155.8,161.71,98.01,22.85,30.33,10.52,151.19,2026-03-17,0.9982
T0002505,P0112,PL01,M00005,133.81,130.26,74.86,26.48,21.06,7.86,122.4,2025-01-01,0.2004
T0002506,P0115,PL02,M00006,92.55,91.32,56.1,15.04,16.36,3.82,87.5,2026-03-07,0.5436
T0002507,P0028,PL03,M00007,189.88,195.27,103.13,39.12,34.05,18.97,176.3,2026-08-31,1.1419
T0002508,P0129,PL04,M00008,148.1,149.77,83.36,35.4,23.0,8.01,141.76,2026-06-10,0.7098
T0002509,P0030,PL05,M00009,1130.25,1107.74,630.08,204.56,196.9,76.2,1031.54,2026-07-23,1.055
T0002510,P0010,PL06,M00010,441.38,428.57,255.39,70.66,68.22,34.3,394.27,2025-02-16,0.5418
T0002511,P0040,PL07,M00011,422.24,425.01,274.31,68.58,57.48,24.64,400.37,2026-05-06,1.2879
T0002512,P0118,PL08,M00012,405.34,388.23,241.66,56.57,73.56,16.44,371.79,2026-10-10,0.5318
T0002513,P0103,PL01,M00013,1019.76,1007.23,554.0,224.36,190.5,38.37,968.86,2025-02-20,1.0972
T0002514,P0141,PL02,M00014,646.43,651.74,396.8,141.05,82.31,31.58,620.16,2025-10-18,0.7641
T0002515,P0096,PL03,M00015,549.73,531.25,303.83,99.91,84.27,43.24,488.01,2026-03-04,0.4584
T0002516,P0103,PL04,M00016,253.12,243.99,137.18,41.48,46.23,19.1,224.89,2026-01-10,0.3867
T0002517,P0009,PL05,M00017,716.27,735.77,445.03,102.72,134.53,53.49,682.28,2025-01-17,1.0149
T0002518,P0062,PL06,M00018,113.48,117.61,66.65,18.49,21.84,10.63,106.98,2026-05-09,0.2807
T0002519,P0124,PL07,M00019,51.44,52.4,28.76,10.9,9.14,3.6,48.8,2025-10-17,1.4971
T0002520,P0015,PL08,M00020,623.96,650.66,391.02,117.6,86.72,55.32,595.34,2025-01-25,1.058
T0002521,P0127,PL01,M00021,342.3,328.75,188.23,60.48,61.81,18.23,310.52,2025-08-02,0.3468
T0002522,P0135,PL02,M00022,17.46,17.35,9.49,3.46,3.55,0.85,16.5,2025-10-16,0.1324
T0002523,P0072,PL03,M00023,1542.76,1531.68,900.71,316.84,213.65,100.48,1431.2,2025-01-19,1.6906
T0002524,P0050,PL04,M00024,183.18,175.91,98.03,41.52,23.91,12.45,163.46,2026-09-27,0.822
T0002525,P0033,PL05,M00025,23.08,23.04,12.08,5.39,4.26,1.31,21.73,2025-01-05,0.2679
T0002526,P0093,PL06,M00026,620.73,642.53,347.16,165.68,79.2,50.49,592.04,2025-04-15,0.8399
T0002527,P0004,PL07,M00027,86.33,90.51,47.9,15.94,18.91,7.76,82.75,2026-06-04,0.5955
T0002528,P0076,PL08,M00028,990.54,963.99,618.6,166.83,111.09,67.47,896.52,2026-06-24,0.9592
T0002529,P0142,PL01,M00029,274.46,284.07,166.42,61.47,45.94,10.24,273.83,2026-09-19,0.4509
T0002530,P0019,PL02,M00030,443.4,458.38,267.49,104.23,57.0,29.66,428.72,2026-02-07,0.48
T0002531,P0040,PL03,M00031,641.57,636.12,380.66,118.23,112.94,24.29,611.83,2026-06-30,0.8062
T0002532,P0022,PL04,M00032,363.68,354.66,193.59,73.38,63.04,24.65,330.01,2025-01-07,0.6448
T0002533,P0033,PL05,M00033,925.84,962.3,588.69,172.98,149.35,51.28,911.02,2026-08-18,1.2274
T0002534,P0017,PL06,M00034,288.97,288.38,171.37,52.3,47.6,17.11,271.27,2025-08-05,0.6256
T0002535,P0027,PL07,M00035,46.74,44.78,27.7,6.66,7.85,2.57,42.21,2026-07-30,1.5441
T0002536,P0001,PL08,M00036,405.14,390.33,228.91,74.11,70.95,16.36,373.97,2026-08-25,0.6024
T0002537,P0026,PL01,M00037,868.78,842.66,474.06,173.92,146.87,47.81,794.85,2026-01-31,0.8102
T0002538,P0122,PL02,M00038,263.89,262.11,143.72,67.02,40.71,10.66,251.45,2025-10-06,0.814
T0002539,P0116,PL03,M00039,667.25,651.31,396.62,111.15,108.08,35.46,615.85,2025-08-08,1.2106
T0002540,P0059,PL04,M00040,134.21,141.12,81.23,27.74,24.47,7.68,133.44,2025-04-20,0.2348
T0002541,P0116,PL05,M00041,655.7,685.08,402.44,113.0,121.13,48.51,636.57,2026-03-13,1.4039
T0002542,P0007,PL06,M00042,663.2,692.86,445.97,124.28,85.98,36.63,656.23,2025-02-07,0.8239
T0002543,P0072,PL07,M00043,1030.27,1060.12,569.55,226.97,183.46,80.14,979.98,2025-01-22,1.7523
T0002544,P0070,PL08,M00044,338.37,352.11,226.32,57.12,42.99,25.68,326.43,2026-06-16,0.6694
T0002545,P0120,PL01,M00045,108.57,113.05,66.05,23.01,14.19,9.8,103.25,2026-04-12,0.7201
T0002546,P0052,PL02,M00046,822.99,824.1,482.95,205.82,102.04,33.29,790.81,2025-07-22,0.8967
T0002547,P0007,PL03,M00047,96.91,98.37,56.58,19.28,15.09,7.42,90.95,2025-02-07,0.4919
T0002548,P0060,PL04,M00048,589.91,617.27,314.79,138.44,116.05,47.99,569.28,2025-08-21,0.9798
T0002549,P0007,PL05,M00049,346.5,344.73,208.71,56.03,67.72,12.27,332.46,2025-04-22,0.705
T0002550,P0104,PL06,M00050,524.17,545.84,325.24,124.44,70.53,25.63,520.21,2025-07-04,1.2157
T0002551,P0146,PL07,M00051,1232.83,1176.33,727.69,225.94,150.89,71.81,1104.52,2026-04-11,1.3292
T0002552,P0090,PL08,M00052,1166.44,1218.16,665.2,255.22,219.57,78.17,1139.99,2026-07-28,1.5617
T0002553,P0024,PL01,M00053,334.26,324.18,185.16,71.39,44.9,22.73,301.45,2026-04-10,1.9069
T0002554,P0009,PL02,M00054,13.4,13.02,7.99,2.11,1.88,1.04,11.98,2026-02-04,0.5918
T0002555,P0035,PL03,M00055,42.97,43.55,23.96,9.17,7.11,3.31,40.24,2025-05-05,0.7258
T0002556,P0137,PL04,M00056,105.62,107.21,55.35,27.4,14.87,9.59,97.62,2026-02-15,0.1157
T0002557,P0061,PL05,M00057,247.35,255.34,155.4,42.39,36.52,21.03,234.31,2025-08-25,0.9119
T0002558,P0083,PL06,M00058,77.76,78.57,49.6,15.06,9.22,4.69,73.88,2025-06-04,0.644
T0002559,P0015,PL07,M00059,562.78,541.83,287.46,121.45,100.69,32.23,509.6,2025-04-24,0.798
T0002560,P0132,PL08,M00060,375.63,387.98,215.05,81.02,66.42,25.49,362.49,2026-10-01,1.3152
T0002561,P0078,PL01,M00061,1210.01,1230.96,728.72,230.56,197.03,74.65,1156.31,2026-06-28,1.0405
T0002562,P0056,PL02,M00062,62.31,64.95,38.33,11.97,12.2,2.45,62.5,2025-05-11,0.4811
T0002563,P0093,PL03,M00063,155.14,148.38,89.14,26.75,22.12,10.37,138.01,2026-10-06,0.1709
T0002564,P0021,PL04,M00064,1135.2,1122.18,581.79,251.26,220.29,68.84,1053.34,2026-02-25,1.3619
T0002565,P0106,PL05,M00065,329.25,315.05,181.24,58.84,57.46,17.51,297.54,2025-06-09,1.2704
T0002566,P0119,PL06,M00066,69.13,69.9,43.81,10.71,10.3,5.08,64.82,2026-02-28,0.1226
T0002567,P0036,PL07,M00067,409.04,425.88,241.61,81.53,81.29,21.45,404.43,2025-07-03,1.352
T0002568,P0067,PL08,M00068,566.76,582.94,337.22,129.79,86.88,29.05,553.89,2026-04-18,0.4974
T0002569,P0134,PL01,M00069,718.15,723.09,403.91,154.59,111.64,52.95,670.14,2025-11-05,1.3959
T0002570,P0080,PL02,M00070,67.05,67.97,36.95,11.02,15.25,4.75,63.22,2025-04-29,0.1471
T0002571,P0090,PL03,M00071,161.43,156.32,90.27,30.3,26.41,9.34,146.98,2025-12-08,1.2606
T0002572,P0092,PL04,M00072,246.63,234.96,132.54,55.06,31.54,15.82,219.14,2025-06-25,1.1189
T0002573,P0102,PL05,M00073,18.84,18.19,11.65,2.87,2.31,1.36,16.83,2025-07-02,0.3248
T0002574,P0146,PL06,M00074,1372.31,1328.55,760.07,232.83,267.64,68.01,1260.54,2026-11-05,1.3711
T0002575,P0089,PL07,M00075,1353.74,1302.59,709.51,253.25,265.67,74.16,1228.43,2026-08-16,1.1181
T0002576,P0117,PL08,M00076,612.19,635.39,393.27,91.45,101.26,49.41,585.98,2025-08-10,1.3904
T0002577,P0143,PL01,M00077,113.35,118.58,66.84,24.18,18.79,8.77,109.81,2025-06-14,0.3508
T0002578,P0038,PL02,M00078,427.82,414.75,260.59,65.93,67.24,20.99,393.76,2026-06-05,1.185
T0002579,P0121,PL03,M00079,478.14,482.87,304.3,77.06,82.74,18.77,464.1,2025-04-24,0.4455
T0002580,P0048,PL04,M00080,278.77,274.94,143.32,72.32,39.99,19.31,255.63,2025-12-24,0.2817
T0002581,P0112,PL05,M00081,844.02,807.64,499.14,149.01,109.0,50.49,757.15,2026-11-21,0.7973
T0002582,P0085,PL06,M00082,6.39,6.54,4.13,1.3,0.76,0.35,6.19,2025-12-02,0.1335
T0002583,P0033,PL07,M00083,124.21,120.1,68.88,17.35,23.33,10.54,109.56,2026-12-29,0.3299
T0002584,P0136,PL08,M00084,15.06,14.87,8.78,2.9,2.05,1.14,13.73,2025-06-07,0.9913
T0002585,P0053,PL01,M00085,405.34,395.98,243.86,71.75,48.95,31.42,364.56,2025-12-05,1.6229
T0002586,P0057,PL02,M00086,1224.7,1192.32,742.25,203.08,186.1,60.89,1131.43,2026-12-28,1.3642
T0002587,P0001,PL03,M00087,307.25,320.55,195.2,53.38,56.89,15.08,305.47,2025-07-31,0.4136
T0002588,P0140,PL04,M00088,789.84,770.08,447.91,165.87,123.23,33.07,737.01,2025-02-01,1.275
T0002589,P0106,PL05,M00089,85.34,83.23,53.38,14.16,9.96,5.73,77.5,2026-08-18,0.0781
T0002590,P0147,PL06,M00090,223.48,224.83,130.14,36.23,46.58,11.88,212.95,2026-02-22,1.0605
T0002591,P0035,PL07,M00091,61.49,60.15,34.68,9.27,11.15,5.05,55.1,2026-12-15,0.5569
T0002592,P0015,PL08,M00092,1685.47,1684.17,941.23,366.41,290.45,86.08,1598.09,2025-10-05,1.6399
T0002593,P0085,PL01,M00093,377.02,391.3,251.33,65.32,49.94,24.71,366.59,2025-03-31,0.5806
T0002594,P0022,PL02,M00094,548.39,559.81,320.01,91.88,104.0,43.92,515.89,2025-02-11,0.9736
T0002595,P0121,PL03,M00095,744.15,736.46,444.32,159.27,89.99,42.88,693.58,2026-06-04,0.6558
T0002596,P0085,PL04,M00096,702.99,705.08,422.86,118.53,111.87,51.82,653.26,2025-08-14,0.9326
T0002597,P0023,PL05,M00097,476.52,500.28,288.41,103.44,87.23,21.2,479.08,2026-09-06,1.2665
T0002598,P0065,PL06,M00098,64.48,62.43,33.39,14.1,10.96,3.98,58.45,2025-05-27,0.28
T0002599,P0028,PL07,M00099,123.93,126.49,78.1,25.24,16.09,7.06,119.43,2025-02-09,0.3583
T0002600,P0070,PL08,M00100,947.15,941.95,493.08,208.83,173.74,66.3,875.65,2026-06-11,1.0513
T0002601,P0127,PL01,M00101,1332.96,1313.89,818.8,222.85,226.18,46.06,1267.83,2025-01-08,1.6241
T0002602,P0120,PL02,M00102,729.78,738.94,452.36,123.2,124.4,38.98,699.96,2026-09-01,1.0835
T0002603,P0133,PL03,M00103,251.79,239.95,143.09,52.9,33.54,10.42,229.53,2026-07-08,0.7791
T0002604,P0067,PL04,M00104,884.67,927.78,482.4,236.32,119.88,89.18,838.6,2026-07-14,0.781
T0002605,P0073,PL05,M00105,834.68,854.51,443.82,210.71,164.48,35.5,819.01,2026-05-24,1.3827
T0002606,P0104,PL06,M00106,358.43,341.8,192.01,61.57,65.87,22.35,319.45,2025-02-14,0.9547
T0002607,P0028,PL07,M00107,96.36,93.75,54.93,21.0,12.63,5.19,88.56,2025-12-30,1.2842
T0002608,P0146,PL08,M00108,1084.62,1075.89,582.95,218.63,214.29,60.02,1015.87,2025-12-04,1.1254
T0002609,P0128,PL01,M00109,1044.32,1075.57,633.67,193.38,180.97,67.55,1008.02,2025-08-17,1.2463
T0002610,P0126,PL02,M00110,247.27,257.45,141.35,55.99,42.84,17.27,240.18,2026-11-25,2.0433
T0002611,P0050,PL03,M00111,54.19,52.73,32.63,7.96,8.12,4.02,48.71,2026-12-04,0.8505
T0002612,P0083,PL04,M00112,16.06,15.5,9.22,2.82,2.39,1.07,14.43,2026-12-30,0.4189
T0002613,P0048,PL05,M00113,173.83,173.56,102.76,32.25,29.1,9.45,164.11,2025-02-14,0.9232
T0002614,P0085,PL06,M00114,544.71,547.64,318.01,110.82,97.23,21.58,526.06,2025-11-18,0.9235
T0002615,P0075,PL07,M00115,1077.98,1080.99,612.44,225.51,180.61,62.43,1018.56,2026-05-14,1.5781
T0002616,P0011,PL08,M00116,194.74,201.17,120.23,35.03,34.78,11.13,190.04,2025-06-02,0.8313
T0002617,P0101,PL01,M00117,68.47,71.78,44.84,12.44,8.62,5.88,65.9,2026-04-27,0.213
T0002618,P0108,PL02,M00118,53.94,53.07,31.49,11.62,7.63,2.33,50.74,2025-01-15,0.7581
T0002619,P0007,PL03,M00119,408.49,398.77,239.56,85.01,56.11,18.09,380.68,2026-11-03,0.4985
T0002620,P0086,PL04,M00120,427.89,444.3,223.86,110.13,85.15,25.16,419.14,2025-12-15,1.6578
T0002621,P0056,PL05,M00121,235.02,242.9,132.85,51.48,48.61,9.96,232.94,2026-11-20,0.8376
T0002622,P0046,PL06,M00122,718.16,741.19,376.76,184.37,126.51,53.55,687.64,2025-01-30,0.8941
T0002623,P0048,PL07,M00123,136.85,135.81,84.68,23.5,17.65,9.98,125.83,2025-01-18,0.9913
T0002624,P0119,PL08,M00124,177.29,173.29,99.72,38.38,24.21,10.98,162.31,2026-10-21,1.1788
T0002625,P0112,PL01,M00125,1141.46,1091.57,635.64,175.92,192.33,87.68,1003.89,2025-02-03,1.1093
T0002626,P0060,PL02,M00126,123.62,125.83,74.78,24.01,19.96,7.08,118.75,2026-12-04,0.7964
T0002627,P0123,PL03,M00127,101.91,101.44,61.27,15.37,17.25,7.55,93.89,2025-08-18,0.3019
T0002628,P0072,PL04,M00128,1111.53,1151.33,683.53,215.42,150.44,101.94,1049.39,2026-04-20,1.2261
T0002629,P0141,PL05,M00129,109.61,112.64,67.36,20.58,19.42,5.28,107.36,2025-06-20,0.8222
T0002630,P0148,PL06,M00130,145.8,144.07,85.07,28.41,25.75,4.84,139.23,2025-06-21,1.2209
T0002631,P0004,PL07,M00131,945.36,943.5,527.76,187.07,137.49,91.18,852.32,2026-05-18,1.0933
T0002632,P0088,PL08,M00132,649.28,654.62,338.96,147.35,111.98,56.33,598.29,2025-09-21,0.8728
T0002633,P0070,PL01,M00133,570.85,557.59,317.4,102.5,90.23,47.46,510.13,2026-03-29,0.8436
T0002634,P0040,PL02,M00134,153.17,149.4,89.94,23.67,24.88,10.91,138.49,2026-09-14,0.2345
T0002635,P0097,PL03,M00135,203.29,206.08,117.59,30.77,37.72,20.0,186.08,2025-03-14,0.8113
T0002636,P0102,PL04,M00136,102.2,101.53,55.83,20.69,17.28,7.73,93.8,2026-02-01,0.0953
T0002637,P0095,PL05,M00137,244.2,249.61,145.41,44.5,37.89,21.81,227.8,2026-08-15,0.8184
T0002638,P0061,PL06,M00138,127.5,133.17,80.72,24.84,21.16,6.45,126.72,2026-12-03,0.2365
T0002639,P0134,PL07,M00139,18.35,18.45,11.61,3.17,2.93,0.74,17.71,2026-07-24,1.23
T0002640,P0044,PL08,M00140,747.0,735.69,425.11,145.12,123.99,41.47,694.22,2025-04-16,0.7416
T0002641,P0096,PL01,M00141,585.69,561.22,325.23,133.64,67.41,34.94,526.28,2026-07-16,0.714
T0002642,P0147,PL02,M00142,135.97,137.54,72.4,30.93,26.27,7.94,129.6,2025-02-05,1.2065
T0002643,P0090,PL03,M00143,751.08,788.66,460.01,173.56,102.83,52.26,736.4,2025-02-19,0.6758
T0002644,P0121,PL04,M00144,529.52,554.27,332.6,78.02,99.84,43.81,510.46,2026-11-22,0.5662
T0002645,P0116,PL05,M00145,882.21,850.04,511.63,165.43,115.48,57.5,792.54,2026-03-09,1.6008
T0002646,P0015,PL06,M00146,151.51,147.65,91.51,26.09,19.21,10.84,136.81,2026-10-27,0.8203
T0002647,P0049,PL07,M00147,1475.33,1473.01,787.48,225.37,318.02,142.14,1330.87,2026-01-11,1.5522
T0002648,P0115,PL08,M00148,292.55,300.38,168.93,61.41,51.19,18.85,281.53,2026-08-11,0.2726
T0002649,P0118,PL01,M00149,115.38,115.11,59.12,28.47,21.31,6.21,108.9,2025-04-01,1.0963
T0002650,P0015,PL02,M00150,503.91,528.98,284.71,106.11,94.48,43.68,485.3,2025-02-05,0.7546
T0002651,P0143,PL03,M00151,154.59,157.17,93.03,23.69,29.33,11.12,146.05,2026-09-25,0.3588
T0002652,P0015,PL04,M00152,1132.53,1191.02,730.66,175.73,215.66,68.97,1122.05,2025-04-30,1.5448
T0002653,P0083,PL05,M00153,608.63,607.93,355.92,120.51,91.15,40.35,567.58,2026-11-16,1.3074
T0002654,P0051,PL06,M00154,112.67,110.57,71.02,14.92,18.48,6.15,104.42,2026-11-06,0.1006
T0002655,P0035,PL07,M00155,1201.67,1229.76,717.63,248.83,166.85,96.45,1133.31,2026-05-23,1.7694
T0002656,P0027,PL08,M00156,570.72,547.34,299.79,113.55,91.32,42.68,504.66,2026-07-16,1.8367
T0002657,P0099,PL01,M00157,255.13,259.89,143.02,51.0,42.89,22.98,236.91,2026-04-03,0.424
T0002658,P0068,PL02,M00158,117.37,121.47,69.92,25.99,19.58,5.98,115.49,2025-07-04,0.7145
T0002659,P0115,PL03,M00159,816.69,816.35,441.49,168.61,143.63,62.62,753.73,2025-07-05,0.7842
T0002660,P0067,PL04,M00160,851.11,861.44,494.87,164.32,138.45,63.8,797.64,2025-12-04,1.4053
T0002661,P0107,PL05,M00161,1339.48,1298.76,779.28,265.99,199.72,53.77,1244.99,2026-12-10,1.9043
T0002662,P0064,PL06,M00162,17.09,16.99,9.46,3.77,2.8,0.96,16.03,2025-09-15,0.2614
T0002663,P0105,PL07,M00163,286.58,279.17,156.17,53.24,53.84,15.92,263.25,2026-11-17,1.8246
T0002664,P0120,PL08,M00164,436.92,420.77,235.8,72.32,94.84,17.81,402.96,2025-03-05,0.4853
T0002665,P0077,PL01,M00165,94.31,97.0,58.12,19.59,12.35,6.94,90.06,2025-05-14,0.1873
T0002666,P0138,PL02,M00166,208.47,203.64,126.96,44.4,25.19,7.09,196.55,2026-05-19,0.5972
T0002667,P0054,PL03,M00167,24.17,23.15,12.83,4.73,4.72,0.87,22.28,2026-10-03,0.5936
T0002668,P0077,PL04,M00168,503.34,527.48,272.98,124.09,87.81,42.6,484.88,2025-03-21,0.5
T0002669,P0142,PL05,M00169,202.03,203.62,120.1,39.77,28.14,15.61,188.01,2025-01-30,0.5503
T0002670,P0070,PL06,M00170,1247.15,1208.84,752.33,191.77,203.48,61.26,1147.58,2025-11-20,1.1121
T0002671,P0040,PL07,M00171,143.22,140.12,82.85,31.4,17.1,8.77,131.35,2025-02-06,0.2769
T0002672,P0041,PL08,M00172,515.98,530.2,293.56,98.47,115.68,22.49,507.71,2025-06-21,1.2189
T0002673,P0100,PL01,M00173,1205.33,1268.65,739.35,264.9,197.39,67.01,1201.64,2026-05-08,1.4335
T0002674,P0063,PL02,M00174,23.44,22.7,14.23,3.07,4.4,1.0,21.7,2025-01-30,1.0318
T0002675,P0047,PL03,M00175,752.58,757.93,462.82,177.15,87.94,30.02,727.91,2025-01-08,1.5923
T0002676,P0063,PL04,M00176,317.55,303.66,194.28,59.29,38.23,11.86,291.8,2026-01-13,0.3451
T0002677,P0066,PL05,M00177,313.04,301.65,171.16,59.52,48.85,22.12,279.53,2025-02-07,0.6763
T0002678,P0033,PL06,M00178,510.1,509.81,281.53,89.32,109.5,29.46,480.35,2026-10-14,0.4484
T0002679,P0088,PL07,M00179,742.24,759.89,434.71,159.28,125.73,40.17,719.72,2025-06-06,1.2581
T0002680,P0010,PL08,M00180,64.26,62.84,34.27,13.2,9.65,5.72,57.12,2026-04-15,0.2818
T0002681,P0118,PL01,M00181,831.36,863.28,511.36,150.39,142.95,58.58,804.7,2025-10-20,0.792
T0002682,P0068,PL02,M00182,1378.15,1323.14,713.79,257.56,253.04,98.75,1224.39,2026-11-19,1.2821
T0002683,P0091,PL03,M00183,1190.1,1177.9,689.71,217.2,172.04,98.95,1078.95,2026-09-09,1.2244
T0002684,P0072,PL04,M00184,383.45,366.43,220.06,65.88,67.58,12.91,353.52,2025-11-17,0.4197
T0002685,P0063,PL05,M00185,155.55,155.8,83.66,34.9,25.82,11.42,144.38,2025-02-18,0.1474
T0002686,P0092,PL06,M00186,1149.67,1102.38,686.64,209.6,158.48,47.66,1054.72,2025-08-18,0.9713
T0002687,P0056,PL07,M00187,504.92,529.78,308.96,104.92,73.15,42.75,487.03,2025-04-30,0.56
T0002688,P0118,PL08,M00188,1180.1,1145.02,657.53,272.85,172.42,42.22,1102.8,2026-06-08,1.7296
T0002689,P0127,PL01,M00189,750.43,758.36,411.43,117.49,154.37,75.07,683.29,2025-10-30,0.6465
T0002690,P0035,PL02,M00190,138.46,139.46,81.13,24.32,20.02,13.99,125.47,2026-10-07,0.7791
T0002691,P0042,PL03,M00191,334.77,343.04,204.01,55.57,59.67,23.79,319.25,2026-10-02,1.234
T0002692,P0129,PL04,M00192,80.22,83.27,47.99,13.77,15.22,6.29,76.98,2026-06-27,0.514
T0002693,P0076,PL05,M00193,213.57,211.04,116.75,52.03,32.15,10.11,200.93,2026-01-19,0.3178
T0002694,P0052,PL06,M00194,1140.47,1183.93,683.54,216.4,199.38,84.61,1099.32,2025-09-26,1.1169
T0002695,P0024,PL07,M00195,853.57,821.01,442.73,154.28,185.07,38.93,782.08,2025-06-26,1.3868
T0002696,P0006,PL08,M00196,128.3,132.54,67.02,32.47,22.32,10.73,121.81,2026-10-22,0.2534
T0002697,P0147,PL01,M00197,186.2,187.88,107.37,39.25,31.29,9.97,177.91,2025-12-29,0.1602
T0002698,P0040,PL02,M00198,347.04,332.91,214.63,49.24,54.36,14.68,318.23,2026-11-03,0.5293
T0002699,P0129,PL03,M00199,214.66,223.73,125.6,39.85,45.33,12.95,210.78,2025-08-27,0.2288
T0002700,P0048,PL04,M00200,267.37,265.97,148.05,65.84,37.07,15.01,250.96,2026-03-02,0.533
T0002701,P0129,PL05,M00201,77.1,75.78,45.91,14.6,8.75,6.52,69.26,2026-12-26,0.1619
T0002702,P0136,PL06,M00202,689.57,677.12,390.9,146.05,93.46,46.71,630.41,2026-07-24,0.5671
T0002703,P0132,PL07,M00203,147.02,151.76,87.89,27.25,26.57,10.05,141.71,2026-08-28,0.9919
T0002704,P0111,PL08,M00204,210.31,203.07,117.84,29.84,39.35,16.04,187.03,2025-06-05,0.2009
T0002705,P0141,PL01,M00205,235.47,241.62,129.93,54.32,44.22,13.15,228.47,2026-11-02,1.2203
T0002706,P0053,PL02,M00206,70.39,67.38,38.59,15.63,10.41,2.75,64.63,2025-09-02,1.2032
T0002707,P0133,PL03,M00207,444.7,436.87,237.53,92.37,91.1,15.87,421.0,2025-03-20,0.5393
T0002708,P0058,PL04,M00208,1184.05,1141.18,689.95,218.74,183.01,49.48,1091.7,2026-04-16,1.4593
T0002709,P0015,PL05,M00209,1298.34,1277.87,761.58,298.97,172.22,45.1,1232.77,2025-03-20,1.4043
T0002710,P0103,PL06,M00210,7.18,7.52,4.72,1.19,1.15,0.46,7.06,2025-03-03,0.1343
T0002711,P0036,PL07,M00211,508.35,509.79,302.95,109.98,70.73,26.13,483.66,2026-09-12,1.118
T0002712,P0017,PL08,M00212,109.33,105.36,67.6,15.67,14.97,7.12,98.24,2026-08-17,0.9666
T0002713,P0126,PL01,M00213,626.55,612.64,395.39,100.02,91.3,25.93,586.71,2026-07-02,1.0314
T0002714,P0002,PL02,M00214,336.67,350.38,204.67,76.86,46.37,22.48,327.9,2026-09-07,0.3438
T0002715,P0071,PL03,M00215,1007.76,1054.48,566.95,239.62,163.62,84.29,970.19,2025-12-12,1.605
T0002716,P0080,PL04,M00216,416.25,428.03,251.79,74.01,79.2,23.03,405.0,2025-08-08,1.23
T0002717,P0050,PL05,M00217,425.52,438.82,239.5,93.61,85.57,20.14,418.68,2026-07-31,0.8741
T0002718,P0111,PL06,M00218,105.95,110.55,64.63,23.56,14.59,7.77,102.78,2025-10-08,0.1995
T0002719,P0114,PL07,M00219,127.74,127.54,71.5,23.99,26.13,5.92,121.62,2025-06-22,0.154
T0002720,P0113,PL08,M00220,280.14,276.57,168.12,45.2,50.07,13.18,263.39,2025-03-23,0.2461
T0002721,P0099,PL01,M00221,402.52,399.34,233.81,68.36,71.08,26.09,373.25,2025-04-15,0.96
T0002722,P0070,PL02,M00222,1296.35,1276.57,738.17,265.36,201.95,71.09,1205.48,2025-12-14,1.7535
T0002723,P0116,PL03,M00223,655.96,647.36,344.91,154.89,125.0,22.56,624.8,2025-08-26,1.1643
T0002724,P0106,PL04,M00224,7.65,7.35,4.59,1.21,0.94,0.61,6.74,2026-08-04,0.1081
T0002725,P0039,PL05,M00225,734.07,740.05,453.91,102.87,134.16,49.11,690.94,2026-05-24,0.6852
T0002726,P0054,PL06,M00226,521.9,538.15,300.87,108.08,79.55,49.65,488.5,2026-04-01,0.491
T0002727,P0150,PL07,M00227,68.07,68.34,42.25,11.26,9.66,5.17,63.17,2025-01-22,0.1268
T0002728,P0106,PL08,M00228,23.86,23.84,12.97,4.59,4.51,1.77,22.07,2025-03-13,0.4865
T0002729,P0004,PL01,M00229,533.74,514.82,330.26,71.95,66.89,45.72,469.1,2026-04-20,1.4182
T0002730,P0091,PL02,M00230,642.75,647.83,368.12,114.86,127.2,37.65,610.18,2025-07-05,1.0925
T0002731,P0091,PL03,M00231,246.49,256.83,139.54,42.17,52.42,22.7,234.13,2026-05-03,0.9272
T0002732,P0115,PL04,M00232,297.16,290.56,170.61,59.69,39.34,20.92,269.64,2025-03-10,0.5152
T0002733,P0105,PL05,M00233,592.83,571.83,332.27,107.37,105.06,27.13,544.7,2025-05-01,0.5025
T0002734,P0012,PL06,M00234,166.74,160.79,92.33,28.82,30.8,8.84,151.95,2026-12-01,0.8246
T0002735,P0104,PL07,M00235,77.1,75.96,43.85,18.82,9.3,3.99,71.97,2025-12-12,0.1519
T0002736,P0063,PL08,M00236,773.24,794.18,484.62,175.13,88.52,45.91,748.27,2025-10-23,1.0909
T0002737,P0121,PL01,M00237,800.89,771.91,479.67,135.25,126.14,30.85,741.06,2026-07-02,0.9189
T0002738,P0117,PL02,M00238,181.46,185.12,108.33,42.13,25.04,9.62,175.5,2026-01-23,0.8986
T0002739,P0010,PL03,M00239,132.0,126.98,69.25,29.32,22.82,5.59,121.39,2026-04-25,0.2197
T0002740,P0103,PL04,M00240,263.19,257.96,146.67,48.35,41.49,21.45,236.51,2025-11-04,0.4858
T0002741,P0078,PL05,M00241,1116.54,1125.77,670.98,206.24,189.7,58.85,1066.92,2026-04-14,1.7926
T0002742,P0048,PL06,M00242,1892.83,1936.47,1114.1,351.8,347.31,123.26,1813.21,2025-12-11,1.8856
T0002743,P0144,PL07,M00243,295.47,308.06,178.51,59.88,51.04,18.63,289.43,2025-02-27,1.1987
T0002744,P0008,PL08,M00244,428.66,443.7,278.4,63.63,85.62,16.05,427.65,2026-07-23,1.2898
T0002745,P0139,PL01,M00245,1255.0,1298.27,763.63,294.34,182.93,57.37,1240.9,2025-01-20,1.7357
T0002746,P0104,PL02,M00246,421.11,410.01,246.23,80.95,63.09,19.74,390.27,2026-02-24,1.4488
T0002747,P0006,PL03,M00247,135.28,141.65,94.57,24.13,17.37,5.58,136.07,2026-08-31,1.349
T0002748,P0112,PL04,M00248,172.46,180.99,117.09,29.77,27.57,6.56,174.43,2026-12-23,0.3851
T0002749,P0130,PL05,M00249,278.69,278.59,168.73,53.56,38.34,17.96,260.63,2025-08-29,0.8546
T0002750,P0089,PL06,M00250,906.88,939.46,613.93,144.02,119.68,61.83,877.63,2026-09-23,0.9567
T0002751,P0071,PL07,M00001,283.41,291.82,156.64,70.14,46.66,18.38,273.44,2026-01-05,0.2769
T0002752,P0079,PL08,M00002,401.8,389.49,233.25,75.87,62.66,17.71,371.78,2025-02-11,1.3861
T0002753,P0100,PL01,M00003,287.9,295.86,183.83,49.34,47.85,14.84,281.02,2025-05-09,0.4126
T0002754,P0067,PL02,M00004,316.93,319.49,210.86,45.76,44.82,18.05,301.44,2026-04-18,0.4044
T0002755,P0033,PL03,M00005,546.71,521.26,330.6,93.43,58.56,38.67,482.59,2026-01-12,0.4525
T0002756,P0105,PL04,M00006,175.64,178.76,95.7,37.72,33.49,11.85,166.91,2025-08-03,0.4091
T0002757,P0134,PL05,M00007,244.18,233.11,139.86,40.95,38.33,13.97,219.14,2026-02-14,0.2421
T0002758,P0010,PL06,M00008,504.62,516.27,292.76,110.93,75.2,37.38,478.89,2025-08-01,1.0778
T0002759,P0054,PL07,M00009,28.28,27.96,17.17,4.39,4.29,2.11,25.85,2025-05-26,0.3539
T0002760,P0132,PL08,M00010,518.16,543.77,296.66,126.04,75.71,45.36,498.41,2026-10-04,0.4934
T0002761,P0119,PL01,M00011,219.63,227.32,125.9,47.55,37.9,15.97,211.35,2025-01-13,0.2498
T0002762,P0099,PL02,M00012,55.41,55.62,32.35,9.0,10.15,4.12,51.5,2026-03-08,1.2935
T0002763,P0025,PL03,M00013,1025.6,1021.95,558.23,198.5,190.05,75.17,946.78,2026-12-09,1.0098
T0002764,P0116,PL04,M00014,953.78,928.1,492.32,210.86,164.95,59.97,868.13,2025-05-29,1.0463
T0002765,P0057,PL05,M00015,834.23,861.54,521.69,145.64,143.01,51.2,810.34,2026-08-09,0.9117
T0002766,P0006,PL06,M00016,68.95,72.21,43.91,13.29,9.13,5.88,66.33,2026-12-12,0.2081
T0002767,P0008,PL07,M00017,76.77,74.18,44.65,12.37,11.63,5.53,68.65,2025-03-24,0.1077
T0002768,P0118,PL08,M00018,499.86,482.66,278.78,75.48,100.61,27.79,454.87,2026-02-17,0.7797
T0002769,P0092,PL01,M00019,272.93,264.07,138.71,63.61,49.91,11.84,252.23,2026-07-27,1.3754
T0002770,P0091,PL02,M00020,344.28,336.62,212.19,64.06,37.74,22.63,313.99,2025-04-16,0.4056
T0002771,P0074,PL03,M00021,448.83,458.95,262.42,85.55,82.9,28.08,430.87,2026-09-22,1.0901
T0002772,P0121,PL04,M00022,718.48,745.68,449.99,153.81,106.26,35.62,710.06,2025-07-23,0.7028
T0002773,P0053,PL05,M00023,321.84,324.25,200.86,59.07,52.5,11.82,312.43,2026-04-24,0.4157
T0002774,P0053,PL06,M00024,569.88,544.24,300.51,107.52,91.43,44.78,499.46,2025-07-10,0.5213
T0002775,P0003,PL07,M00025,1163.42,1201.43,745.79,179.57,207.02,69.05,1132.38,2025-05-07,1.0604
T0002776,P0078,PL08,M00026,1417.99,1396.1,833.93,266.9,187.28,107.99,1288.11,2026-02-28,1.2119
T0002777,P0111,PL01,M00027,58.61,56.62,30.31,13.84,8.14,4.33,52.29,2025-04-04,0.9933
T0002778,P0144,PL02,M00028,24.18,24.68,15.87,3.67,3.37,1.77,22.91,2026-10-16,0.6328
T0002779,P0127,PL03,M00029,574.79,570.28,334.74,110.82,80.89,43.83,526.45,2025-09-19,1.1686
T0002780,P0147,PL04,M00030,475.28,488.78,273.23,122.68,72.23,20.64,468.14,2026-05-29,0.7094
T0002781,P0024,PL05,M00031,1225.01,1251.2,729.33,200.79,250.19,70.89,1180.31,2026-04-06,1.1458
T0002782,P0082,PL06,M00032,351.87,370.2,228.67,51.18,67.18,23.17,347.03,2026-02-17,0.8263
T0002783,P0100,PL07,M00033,1229.2,1228.31,738.71,258.41,179.51,51.68,1176.63,2026-08-29,1.5071
T0002784,P0085,PL08,M00034,93.39,91.05,55.73,12.34,15.54,7.44,83.61,2026-06-26,0.381
T0002785,P0054,PL01,M00035,323.27,314.96,182.04,67.82,51.51,13.59,301.37,2026-07-14,0.4883
T0002786,P0071,PL02,M00036,879.3,888.46,552.62,136.56,130.53,68.75,819.71,2025-09-23,0.9971
T0002787,P0061,PL03,M00037,1139.04,1108.71,659.11,231.85,178.66,39.09,1069.62,2025-12-13,1.3215
T0002788,P0012,PL04,M00038,177.12,176.4,102.04,41.24,21.77,11.35,165.05,2026-07-31,0.2804
T0002789,P0001,PL05,M00039,358.85,374.83,215.91,66.34,73.17,19.41,355.42,2026-11-09,0.8026
T0002790,P0133,PL06,M00040,378.11,374.42,198.17,67.94,72.35,35.96,338.46,2025-07-17,1.6567
T0002791,P0096,PL07,M00041,94.87,92.23,59.3,12.9,16.53,3.5,88.73,2026-07-09,0.756
T0002792,P0096,PL08,M00042,477.16,464.46,254.96,109.64,78.32,21.54,442.92,2026-02-15,0.6285
T0002793,P0021,PL01,M00043,1016.46,1022.25,631.2,180.51,142.6,67.94,954.31,2026-06-30,1.1409
T0002794,P0042,PL02,M00044,118.97,119.17,71.43,18.14,22.02,7.58,111.59,2025-07-28,0.1572
T0002795,P0050,PL03,M00045,836.13,820.95,461.19,156.07,147.8,55.89,765.06,2025-05-24,0.6899
T0002796,P0055,PL04,M00046,255.35,251.32,147.53,41.27,41.89,20.63,230.69,2025-02-23,1.5806
T0002797,P0103,PL05,M00047,176.59,171.21,98.65,37.1,28.1,7.36,163.85,2025-01-08,1.1491
T0002798,P0016,PL06,M00048,1084.6,1108.74,569.84,226.64,227.01,85.25,1023.49,2026-10-28,1.4437
T0002799,P0139,PL07,M00049,277.58,279.44,170.62,44.56,53.78,10.48,268.96,2026-10-21,1.0831
T0002800,P0016,PL08,M00050,333.76,335.61,180.02,72.41,66.13,17.05,318.56,2025-08-15,0.4979
T0002801,P0030,PL01,M00051,836.89,809.82,476.68,175.84,121.03,36.27,773.55,2025-06-04,1.1438
T0002802,P0100,PL02,M00052,1186.1,1167.71,740.58,179.76,183.07,64.3,1103.41,2026-08-20,0.9913
T0002803,P0056,PL03,M00053,17.85,18.53,11.35,3.5,2.27,1.41,17.12,2025-02-20,0.8423
T0002804,P0105,PL04,M00054,1378.16,1427.46,850.57,292.67,182.47,101.75,1325.71,2025-09-19,1.2768
T0002805,P0145,PL05,M00055,332.71,317.23,199.21,44.32,44.94,28.76,288.47,2025-10-07,0.5778
T0002806,P0106,PL06,M00056,424.14,442.31,248.28,95.69,60.31,38.03,404.28,2026-05-29,0.4681
T0002807,P0011,PL07,M00057,125.05,122.2,66.84,28.82,17.81,8.73,113.47,2026-08-09,0.2271
T0002808,P0114,PL08,M00058,241.07,236.73,142.61,38.31,44.03,11.78,224.95,2026-04-11,0.6296
T0002809,P0089,PL01,M00059,22.63,21.86,13.38,3.7,3.7,1.08,20.78,2026-09-07,0.2164
T0002810,P0097,PL02,M00060,636.37,661.7,345.87,148.36,119.24,48.23,613.47,2025-10-28,0.995
T0002811,P0031,PL03,M00061,221.77,232.06,128.97,40.18,49.51,13.4,218.66,2026-02-02,0.2894
T0002812,P0141,PL04,M00062,834.19,826.91,491.83,136.99,133.16,64.93,761.98,2026-02-14,0.9671
T0002813,P0041,PL05,M00063,923.02,898.24,589.29,158.31,107.13,43.51,854.73,2025-10-30,1.1897
T0002814,P0039,PL06,M00064,979.39,964.2,525.09,165.3,197.89,75.92,888.28,2025-07-27,1.1918
T0002815,P0047,PL07,M00065,1132.68,1173.48,621.08,307.84,161.65,82.91,1090.57,2025-03-06,1.5626
T0002816,P0023,PL08,M00066,235.42,236.78,118.35,52.33,45.79,20.31,216.47,2025-07-23,0.9359
T0002817,P0039,PL01,M00067,24.31,24.87,13.99,4.73,4.36,1.79,23.08,2025-06-02,0.0946
T0002818,P0071,PL02,M00068,711.29,703.33,445.16,128.44,89.67,40.06,663.27,2025-04-22,1.2023
T0002819,P0120,PL03,M00069,331.49,344.17,196.16,80.07,40.79,27.15,317.02,2025-07-21,0.3062
T0002820,P0056,PL04,M00070,1656.76,1631.61,975.4,310.82,229.98,115.41,1516.2,2025-08-22,1.3969
T0002821,P0039,PL05,M00071,549.77,536.49,294.85,109.82,92.73,39.09,497.4,2026-08-04,1.5641
T0002822,P0130,PL06,M00072,1511.12,1543.88,1033.03,235.17,188.73,86.95,1456.93,2025-12-07,1.653
T0002823,P0137,PL07,M00073,569.38,555.34,343.53,98.18,92.23,21.4,533.94,2026-06-20,1.3545
T0002824,P0084,PL08,M00074,208.49,207.7,121.62,36.78,36.58,12.72,194.98,2025-11-26,1.4034
T0002825,P0094,PL01,M00075,1380.62,1370.35,837.26,200.97,240.04,92.08,1278.27,2025-09-15,1.1979
T0002826,P0097,PL02,M00076,267.68,260.04,161.08,46.06,40.54,12.36,247.68,2026-01-24,0.2364
T0002827,P0015,PL03,M00077,257.42,256.83,152.83,50.48,38.64,14.88,241.95,2026-11-13,0.3945
T0002828,P0035,PL04,M00078,53.02,52.01,28.93,8.22,10.19,4.67,47.34,2026-01-16,0.1912
T0002829,P0001,PL05,M00079,53.74,54.29,30.0,11.1,9.24,3.95,50.34,2025-09-27,1.3241
T0002830,P0119,PL06,M00080,992.63,1014.5,615.89,168.97,163.19,66.45,948.05,2025-11-10,1.7956
T0002831,P0059,PL07,M00081,545.56,523.04,302.02,113.61,64.28,43.13,479.91,2026-01-07,0.9081
T0002832,P0053,PL08,M00082,215.4,212.6,118.06,41.07,34.68,18.79,193.81,2025-02-16,0.4495
T0002833,P0018,PL01,M00083,1223.74,1187.7,673.86,254.21,186.72,72.91,1114.79,2026-02-28,1.0977
T0002834,P0094,PL02,M00084,231.41,225.44,127.54,54.57,34.78,8.55,216.89,2025-05-14,0.6958
T0002835,P0012,PL03,M00085,99.48,96.86,59.98,15.27,17.07,4.54,92.32,2026-08-21,0.2157
T0002836,P0116,PL04,M00086,370.0,362.93,221.68,64.81,58.79,17.65,345.28,2025-01-15,1.4517
T0002837,P0121,PL05,M00087,61.92,63.27,38.58,12.3,7.58,4.81,58.46,2025-11-14,0.1187
T0002838,P0116,PL06,M00088,118.02,113.51,59.45,26.38,18.01,9.67,103.84,2025-01-04,0.3848
T0002839,P0149,PL07,M00089,740.83,735.05,413.99,150.22,135.26,35.58,699.47,2025-05-11,0.7061
T0002840,P0056,PL08,M00090,187.36,192.64,119.77,29.86,27.59,15.42,177.22,2026-12-27,0.447
T0002841,P0010,PL01,M00091,713.93,725.92,405.48,147.93,108.22,64.29,661.63,2025-06-20,0.8735
T0002842,P0068,PL02,M00092,633.58,638.13,349.92,151.22,109.83,27.16,610.97,2026-11-01,0.9039
T0002843,P0026,PL03,M00093,137.51,134.1,84.99,22.03,21.33,5.75,128.35,2026-03-20,0.2461
T0002844,P0144,PL04,M00094,380.95,364.12,212.61,69.55,67.27,14.69,349.43,2025-01-20,0.4668
T0002845,P0096,PL05,M00095,148.76,152.04,87.23,35.18,23.8,5.83,146.21,2026-07-20,0.2826
T0002846,P0101,PL06,M00096,941.07,912.18,531.58,147.69,186.94,45.97,866.21,2025-07-18,0.7665
T0002847,P0019,PL07,M00097,156.6,159.85,95.19,35.39,20.64,8.63,151.22,2026-07-27,0.249
T0002848,P0140,PL08,M00098,332.27,321.38,192.97,48.54,54.13,25.74,295.64,2026-07-15,0.8547
T0002849,P0094,PL01,M00099,13.85,14.06,7.5,2.95,2.51,1.1,12.96,2026-02-20,0.1826
T0002850,P0065,PL02,M00100,360.7,377.34,220.26,70.98,57.88,28.22,349.12,2025-07-23,1.1435
T0002851,P0099,PL03,M00101,1196.72,1195.23,697.25,246.43,175.17,76.38,1118.85,2025-04-10,1.2555
T0002852,P0136,PL04,M00102,495.49,475.82,249.8,119.95,68.25,37.82,438.0,2026-05-08,0.6015
T0002853,P0031,PL05,M00103,368.27,363.46,206.93,69.48,49.18,37.87,325.59,2026-11-23,0.954
T0002854,P0113,PL06,M00104,736.13,754.6,465.27,131.19,115.75,42.39,712.21,2026-08-05,1.3572
T0002855,P0051,PL07,M00105,914.68,900.27,542.63,176.42,144.55,36.67,863.6,2026-03-31,0.8905
T0002856,P0047,PL08,M00106,25.45,26.17,14.57,4.75,4.6,2.25,23.92,2026-05-27,1.3774
T0002857,P0017,PL01,M00107,680.35,672.2,394.9,116.38,131.83,29.09,643.11,2026-07-18,0.6213
T0002858,P0055,PL02,M00108,372.28,365.47,200.92,82.58,65.07,16.9,348.57,2026-08-29,0.4295
T0002859,P0090,PL03,M00109,1103.4,1053.16,571.29,233.6,163.85,84.42,968.74,2026-03-11,1.2906
T0002860,P0068,PL04,M00110,130.87,126.6,76.89,20.52,20.77,8.42,118.18,2026-08-21,0.7447
T0002861,P0034,PL05,M00111,77.98,77.19,40.54,14.12,15.83,6.7,70.49,2026-10-26,1.3309
T0002862,P0102,PL06,M00112,421.52,442.05,269.97,84.08,56.54,31.46,410.59,2026-06-21,0.9326
T0002863,P0124,PL07,M00113,16.09,16.68,10.25,3.13,2.05,1.25,15.43,2025-02-03,0.695
T0002864,P0064,PL08,M00114,347.59,352.03,211.08,66.59,59.49,14.87,337.16,2026-09-14,0.4473
T0002865,P0071,PL01,M00115,80.25,78.74,47.23,14.61,13.38,3.52,75.22,2025-08-03,0.1079
T0002866,P0037,PL02,M00116,642.79,672.05,403.18,113.47,128.65,26.75,645.3,2025-02-16,0.8973
T0002867,P0110,PL03,M00117,1332.73,1396.07,754.83,314.76,248.74,77.74,1318.33,2026-04-24,1.7088
T0002868,P0122,PL04,M00118,164.47,164.53,94.21,28.33,29.36,12.63,151.9,2026-08-08,0.6913
T0002869,P0046,PL05,M00119,150.89,146.76,79.51,30.78,27.31,9.16,137.6,2025-04-01,0.1625
T0002870,P0119,PL06,M00120,1077.61,1044.48,649.67,182.23,132.17,80.41,964.07,2025-09-26,0.8942
T0002871,P0083,PL07,M00121,442.59,447.43,258.25,93.04,57.02,39.12,408.31,2025-08-09,0.5811
T0002872,P0047,PL08,M00122,24.25,24.15,14.67,4.0,3.81,1.67,22.48,2026-11-16,0.3264
T0002873,P0139,PL01,M00123,335.98,327.42,184.34,62.94,53.79,26.35,301.07,2026-05-08,0.9716
T0002874,P0065,PL02,M00124,2095.0,2109.44,1257.13,349.45,367.62,135.24,1974.2,2026-05-19,1.9604
T0002875,P0003,PL03,M00125,1326.69,1395.31,701.51,309.77,260.35,123.68,1271.63,2026-05-28,1.3365
T0002876,P0008,PL04,M00126,79.79,83.5,48.38,13.58,16.76,4.78,78.72,2026-01-08,0.1499
T0002877,P0051,PL05,M00127,176.23,181.6,105.9,41.12,23.43,11.15,170.45,2025-10-03,0.3815
T0002878,P0075,PL06,M00128,213.31,212.61,121.03,53.77,25.61,12.2,200.41,2026-11-26,0.7759
T0002879,P0100,PL07,M00129,584.08,562.05,328.79,95.36,106.32,31.58,530.47,2025-09-08,1.0956
T0002880,P0011,PL08,M00130,1360.37,1306.1,797.17,236.27,215.57,57.09,1249.01,2025-09-25,1.1259
T0002881,P0096,PL01,M00131,23.8,24.49,14.19,5.51,3.39,1.4,23.09,2025-02-04,1.2245
T0002882,P0010,PL02,M00132,515.45,514.33,313.94,109.45,71.83,19.11,495.22,2025-07-31,0.6174
T0002883,P0068,PL03,M00133,84.28,84.18,53.44,12.87,11.94,5.93,78.25,2026-02-14,0.1647
T0002884,P0119,PL04,M00134,47.0,45.83,23.9,10.35,8.05,3.53,42.3,2025-07-04,0.1332
T0002885,P0075,PL05,M00135,104.62,101.96,61.52,18.42,14.22,7.8,94.16,2025-01-05,0.2428
T0002886,P0015,PL06,M00136,1829.92,1791.24,1038.9,394.79,270.77,86.78,1704.46,2025-05-10,1.6403
T0002887,P0115,PL07,M00137,747.24,733.98,405.83,183.2,87.36,57.59,676.39,2026-06-28,0.6879
T0002888,P0085,PL08,M00138,529.32,514.15,301.17,71.61,98.45,42.92,471.23,2025-06-03,1.0408
T0002889,P0036,PL01,M00139,934.24,933.4,545.04,178.88,143.07,66.41,866.99,2026-06-12,1.6318
T0002890,P0108,PL02,M00140,1402.29,1349.69,732.56,300.72,192.12,124.29,1225.4,2026-04-24,1.2417
T0002891,P0085,PL03,M00141,682.55,704.89,382.46,152.99,132.95,36.49,668.4,2026-03-10,1.291
T0002892,P0150,PL04,M00142,684.48,691.19,419.4,149.19,91.79,30.81,660.38,2026-07-22,1.0225
T0002893,P0114,PL05,M00143,519.46,507.37,306.46,80.15,96.21,24.55,482.82,2025-12-07,0.6774
T0002894,P0016,PL06,M00144,313.53,315.57,189.56,61.57,37.96,26.48,289.09,2025-03-21,1.1112
T0002895,P0096,PL07,M00145,255.44,267.67,160.51,55.58,40.5,11.08,256.59,2026-05-20,0.7081
T0002896,P0121,PL08,M00146,12.42,12.83,7.98,2.13,2.21,0.51,12.32,2025-09-12,0.1458
T0002897,P0107,PL01,M00147,869.3,846.96,513.28,144.63,160.04,29.01,817.95,2025-11-14,1.5316
T0002898,P0126,PL02,M00148,179.55,186.09,97.36,42.95,34.19,11.59,174.5,2026-11-06,0.5726
T0002899,P0006,PL03,M00149,182.24,180.18,106.41,39.25,19.96,14.56,165.62,2026-10-02,0.2878
T0002900,P0073,PL04,M00150,230.91,222.01,121.06,42.5,41.2,17.25,204.76,2025-03-06,0.9212
T0002901,P0143,PL05,M00151,411.07,405.4,216.29,97.61,70.81,20.69,384.71,2026-01-09,0.6723
T0002902,P0055,PL06,M00152,887.26,872.94,512.95,184.87,136.13,38.99,833.95,2026-03-11,1.1293
T0002903,P0002,PL07,M00153,260.94,271.54,138.77,63.34,50.93,18.5,253.04,2026-09-20,0.2267
T0002904,P0121,PL08,M00154,855.5,871.46,473.69,189.07,145.6,63.1,808.36,2025-12-04,1.3065
T0002905,P0063,PL01,M00155,136.81,138.09,75.89,28.04,24.42,9.74,128.35,2025-02-17,0.1587
T0002906,P0095,PL02,M00156,349.37,365.39,234.32,70.36,47.72,12.99,352.4,2025-04-01,0.3205
T0002907,P0049,PL03,M00157,717.08,709.98,398.65,137.26,117.71,56.36,653.62,2025-02-03,1.5638
T0002908,P0115,PL04,M00158,406.48,423.58,245.63,75.65,63.83,38.47,385.11,2026-07-11,1.1865
T0002909,P0026,PL05,M00159,816.38,818.99,483.59,118.79,148.9,67.71,751.28,2026-04-06,0.8741
T0002910,P0024,PL06,M00160,257.9,263.84,157.12,58.54,31.56,16.62,247.22,2025-11-03,0.4311
T0002911,P0119,PL07,M00161,388.38,404.53,247.45,88.24,50.25,18.59,385.94,2025-01-31,0.9939
T0002912,P0133,PL08,M00162,893.4,853.88,537.3,143.96,140.67,31.95,821.93,2026-10-29,0.7523
T0002913,P0066,PL01,M00163,589.73,600.29,345.98,110.88,102.96,40.47,559.82,2025-04-01,1.3222
T0002914,P0037,PL02,M00164,76.88,79.61,42.68,18.8,15.44,2.69,76.92,2025-11-15,0.137
T0002915,P0100,PL03,M00165,1087.69,1042.75,589.08,231.13,146.0,76.54,966.21,2026-01-20,1.2041
T0002916,P0038,PL04,M00166,110.79,114.2,65.88,17.21,22.52,8.59,105.61,2026-08-14,0.3952
T0002917,P0070,PL05,M00167,1038.92,1047.56,612.02,228.84,115.72,90.98,956.58,2026-07-26,1.3062
T0002918,P0129,PL06,M00168,217.87,220.94,128.29,45.41,34.5,12.74,208.2,2025-12-01,1.9212
T0002919,P0103,PL07,M00169,910.52,890.88,446.84,198.64,181.74,63.66,827.22,2026-04-06,0.9358
T0002920,P0123,PL08,M00170,432.96,415.47,243.99,68.55,77.19,25.74,389.73,2026-02-10,0.7637
T0002921,P0066,PL01,M00171,215.79,210.62,111.48,34.39,44.11,20.64,189.98,2026-02-25,0.2858
T0002922,P0065,PL02,M00172,288.95,300.82,187.69,50.8,42.92,19.41,281.41,2026-03-18,1.4057
T0002923,P0006,PL03,M00173,470.89,453.91,270.91,92.09,56.15,34.76,419.15,2026-11-18,0.5359
T0002924,P0048,PL04,M00174,754.5,780.2,397.26,187.77,163.89,31.28,748.92,2025-09-27,0.6714
T0002925,P0013,PL05,M00175,109.12,109.31,66.33,17.33,20.86,4.79,104.52,2026-08-29,0.4004
T0002926,P0126,PL06,M00176,70.86,67.72,41.12,13.84,10.51,2.25,65.47,2025-03-21,0.7695
T0002927,P0105,PL07,M00177,28.0,28.92,16.53,6.36,3.37,2.66,26.26,2025-10-30,0.5562
T0002928,P0082,PL08,M00178,73.83,71.58,39.44,17.05,8.66,6.43,65.15,2025-10-24,0.1763
T0002929,P0110,PL01,M00179,30.59,30.15,17.28,4.66,5.65,2.56,27.59,2025-08-15,0.9422
T0002930,P0118,PL02,M00180,887.53,862.88,463.76,195.98,124.36,78.78,784.1,2025-07-25,1.4675
T0002931,P0023,PL03,M00181,500.05,500.81,258.69,118.21,88.65,35.26,465.55,2025-09-12,0.5844
T0002932,P0131,PL04,M00182,1211.95,1268.9,706.04,275.21,214.84,72.81,1196.09,2025-12-31,1.4636
T0002933,P0104,PL05,M00183,44.21,45.55,25.08,9.54,9.02,1.91,43.64,2026-11-22,0.3587
T0002934,P0112,PL06,M00184,204.21,213.37,122.65,44.03,37.35,9.34,204.03,2026-12-03,0.2117
T0002935,P0099,PL07,M00185,422.88,437.82,235.38,104.45,68.15,29.84,407.98,2026-06-20,1.0326
T0002936,P0095,PL08,M00186,546.11,530.69,330.96,75.11,91.44,33.18,497.51,2025-08-25,0.4851
T0002937,P0076,PL01,M00187,434.95,445.25,223.49,109.96,79.0,32.8,412.45,2026-03-29,1.4503
T0002938,P0086,PL02,M00188,221.53,232.83,127.79,53.58,39.38,12.08,220.75,2026-06-26,0.9866
T0002939,P0130,PL03,M00189,140.75,140.46,73.87,32.39,24.56,9.64,130.82,2025-11-09,0.2138
T0002940,P0061,PL04,M00190,391.51,373.76,217.11,72.27,49.31,35.07,338.69,2025-07-27,0.5698
T0002941,P0073,PL05,M00191,856.85,847.89,509.64,179.93,116.97,41.35,806.54,2026-07-08,1.0094
T0002942,P0070,PL06,M00192,43.7,44.35,26.41,9.69,5.09,3.16,41.19,2025-01-11,0.3285
T0002943,P0055,PL07,M00193,195.8,204.92,118.68,37.37,36.13,12.74,192.18,2025-08-18,0.2106
T0002944,P0091,PL08,M00194,195.24,198.53,111.27,42.17,33.54,11.55,186.98,2026-01-19,0.978
T0002945,P0089,PL01,M00195,219.36,229.44,143.01,50.65,26.28,9.5,219.94,2025-02-28,1.2676
T0002946,P0128,PL02,M00196,1243.38,1217.54,728.44,234.46,150.48,104.16,1113.38,2026-01-20,1.1347
T0002947,P0039,PL03,M00197,532.43,529.94,351.59,78.64,66.96,32.75,497.19,2025-12-30,0.4495
T0002948,P0067,PL04,M00198,602.98,602.36,385.09,85.31,82.39,49.57,552.79,2025-01-07,1.5935
T0002949,P0041,PL05,M00199,74.94,75.18,46.79,13.44,10.75,4.2,70.98,2025-04-24,1.1933
T0002950,P0132,PL06,M00200,38.41,37.15,19.0,8.15,7.04,2.96,34.19,2026-07-29,0.1486
T0002951,P0147,PL07,M00201,245.13,252.46,157.03,37.37,36.16,21.9,230.56,2025-10-13,0.2199
T0002952,P0089,PL08,M00202,636.18,647.87,389.4,115.44,116.44,26.59,621.28,2026-06-25,0.6784
T0002953,P0034,PL01,M00203,190.8,199.46,115.94,40.11,27.81,15.6,183.86,2026-01-30,0.8865
T0002954,P0052,PL02,M00204,403.01,390.48,204.75,84.48,72.01,29.24,361.24,2026-05-18,0.5199
T0002955,P0053,PL03,M00205,422.02,431.04,248.3,66.23,78.26,38.25,392.79,2025-05-04,0.5187
T0002956,P0045,PL04,M00206,17.72,18.1,11.07,4.2,2.17,0.66,17.44,2026-11-18,0.1792
T0002957,P0093,PL05,M00207,253.91,244.22,151.75,40.18,40.66,11.63,232.59,2026-04-30,0.9503
T0002958,P0062,PL06,M00208,744.74,738.52,382.65,176.7,113.59,65.58,672.94,2026-04-07,1.0672
T0002959,P0038,PL07,M00209,140.08,142.87,77.43,27.35,26.85,11.24,131.63,2025-07-01,0.8211
T0002960,P0148,PL08,M00210,733.17,727.75,433.91,159.16,99.04,35.64,692.11,2026-05-18,0.6199
T0002961,P0143,PL01,M00211,51.75,50.09,28.35,8.69,9.79,3.26,46.83,2026-07-23,0.5504
T0002962,P0085,PL02,M00212,946.86,957.67,566.3,164.25,166.83,60.29,897.38,2025-12-04,1.092
T0002963,P0048,PL03,M00213,208.35,207.77,123.6,32.23,42.98,8.96,198.81,2025-05-07,0.6258
T0002964,P0033,PL04,M00214,441.24,436.32,246.92,91.99,74.37,23.04,413.28,2025-06-19,0.3651
T0002965,P0113,PL05,M00215,79.34,78.94,48.92,16.32,9.12,4.58,74.36,2026-10-29,0.6418
T0002966,P0019,PL06,M00216,169.95,171.11,103.96,28.82,26.94,11.39,159.72,2025-11-04,0.2733
T0002967,P0009,PL07,M00217,482.07,464.43,266.5,111.07,67.58,19.28,445.15,2026-05-22,1.5585
T0002968,P0096,PL08,M00218,1091.32,1066.34,554.1,223.4,213.58,75.26,991.08,2026-12-20,1.4587
T0002969,P0002,PL01,M00219,629.17,633.32,340.84,144.2,125.39,22.89,610.43,2026-04-17,0.5711
T0002970,P0028,PL02,M00220,17.99,18.74,10.13,3.56,3.86,1.19,17.55,2025-09-30,0.1266
T0002971,P0030,PL03,M00221,291.59,292.58,171.31,57.19,43.42,20.66,271.92,2026-08-22,1.2832
T0002972,P0055,PL04,M00222,452.55,436.72,248.62,93.27,67.25,27.58,409.14,2026-10-19,0.853
T0002973,P0128,PL05,M00223,192.1,196.11,101.95,49.15,32.34,12.67,183.44,2025-04-02,0.4952
T0002974,P0099,PL06,M00224,939.04,913.43,494.03,151.02,180.23,88.15,825.28,2026-12-05,1.4545
T0002975,P0065,PL07,M00225,119.58,121.75,74.99,27.8,14.05,4.91,116.84,2025-08-25,0.341
T0002976,P0071,PL08,M00226,1035.1,1009.01,653.71,158.15,126.9,70.25,938.76,2025-10-30,1.2708
T0002977,P0107,PL01,M00227,785.07,778.2,425.08,202.74,116.65,33.73,744.47,2026-11-09,1.4937
T0002978,P0035,PL02,M00228,511.43,492.83,303.65,86.73,79.97,22.48,470.35,2025-07-14,0.911
T0002979,P0018,PL03,M00229,154.62,162.32,91.42,36.26,28.16,6.48,155.84,2025-12-13,0.1527
T0002980,P0050,PL04,M00230,327.5,337.34,220.0,53.92,50.03,13.39,323.95,2025-10-04,0.8168
T0002981,P0111,PL05,M00231,276.03,279.34,167.77,64.43,35.39,11.75,267.59,2025-03-10,0.245
T0002982,P0078,PL06,M00232,111.84,109.0,56.64,26.65,20.73,4.98,104.02,2025-12-04,0.2907
T0002983,P0129,PL07,M00233,167.69,163.41,102.07,27.06,20.4,13.88,149.53,2026-09-15,0.2705
T0002984,P0049,PL08,M00234,106.76,109.63,61.67,26.16,16.88,4.92,104.71,2026-08-15,0.4266
T0002985,P0078,PL01,M00235,63.34,66.49,42.77,12.0,8.51,3.21,63.28,2025-04-21,0.2071
T0002986,P0104,PL02,M00236,362.48,380.18,226.11,81.87,55.15,17.05,363.13,2026-06-18,0.6152
T0002987,P0084,PL03,M00237,379.36,369.73,229.06,59.32,56.6,24.75,344.98,2026-04-14,1.696
T0002988,P0030,PL04,M00238,62.98,63.91,35.98,11.41,14.06,2.46,61.45,2025-06-03,1.0308
T0002989,P0044,PL05,M00239,260.44,256.28,158.54,45.65,31.01,21.08,235.2,2026-07-01,0.425
T0002990,P0045,PL06,M00240,1218.1,1180.09,699.56,191.88,235.63,53.02,1127.07,2025-09-15,1.1968
T0002991,P0062,PL07,M00241,539.11,519.58,266.29,123.98,105.77,23.54,496.04,2025-09-17,0.5918
T0002992,P0138,PL08,M00242,1102.85,1150.66,562.81,289.97,220.12,77.76,1072.9,2025-07-22,1.3031
T0002993,P0011,PL01,M00243,249.91,257.99,154.2,38.26,45.48,20.05,237.94,2025-05-18,0.3675
T0002994,P0019,PL02,M00244,1385.83,1408.93,780.89,289.52,255.68,82.84,1326.09,2026-01-15,1.3827
T0002995,P0017,PL03,M00245,1118.76,1130.43,660.34,202.24,199.25,68.6,1061.83,2025-10-24,1.0286
T0002996,P0142,PL04,M00246,150.62,147.07,84.04,24.47,26.0,12.56,134.51,2025-08-28,0.3781
T0002997,P0043,PL05,M00247,1080.99,1096.34,701.09,176.58,131.59,87.08,1009.26,2026-10-26,0.9668
T0002998,P0117,PL06,M00248,154.32,148.49,75.01,34.58,26.98,11.92,136.57,2025-08-26,0.8684
T0002999,P0021,PL07,M00249,387.67,371.34,200.41,91.74,62.61,16.58,354.76,2025-07-11,0.5609
T0003000,P0123,PL08,M00250,23.48,23.47,12.88,4.01,4.27,2.31,21.16,2025-01-04,1.0668
T0003001,P0089,PL01,M00001,638.26,647.86,374.47,114.83,101.52,57.04,590.82,2026-02-14,0.8274
T0003002,P0019,PL02,M00002,433.66,448.64,264.52,84.13,77.48,22.51,426.13,2026-08-16,0.837
T0003003,P0049,PL03,M00003,586.66,598.35,330.38,143.13,77.67,47.17,551.18,2025-07-20,0.8799
T0003004,P0026,PL04,M00004,647.12,651.59,401.09,136.51,89.27,24.72,626.87,2026-12-22,0.7657
T0003005,P0003,PL05,M00005,28.6,29.3,17.97,4.5,4.19,2.64,26.66,2025-12-31,0.4069
T0003006,P0129,PL06,M00006,146.99,151.88,88.63,27.56,29.64,6.05,145.83,2026-12-20,1.6876
T0003007,P0113,PL07,M00007,1067.28,1105.64,622.55,250.79,165.61,66.69,1038.95,2026-06-13,1.0171
T0003008,P0082,PL08,M00008,57.54,56.02,33.42,10.74,9.48,2.38,53.64,2026-11-30,0.2197
T0003009,P0023,PL01,M00009,150.09,148.62,83.48,22.8,28.19,14.15,134.47,2025-08-11,0.3448
T0003010,P0086,PL02,M00010,635.24,609.72,331.14,106.88,116.53,55.17,554.55,2026-03-19,1.127
T0003011,P0141,PL03,M00011,230.03,225.08,116.24,53.87,44.83,10.14,214.94,2026-03-04,1.1311
T0003012,P0012,PL04,M00012,562.93,571.67,358.83,80.58,89.49,42.77,528.9,2025-03-31,0.5343
T0003013,P0017,PL05,M00013,1389.09,1362.79,685.9,333.84,226.74,116.31,1246.48,2025-07-08,1.1618
T0003014,P0127,PL06,M00014,570.49,587.17,388.09,92.62,74.79,31.67,555.5,2026-10-22,1.3165
T0003015,P0102,PL07,M00015,18.07,18.34,9.92,4.34,2.68,1.4,16.94,2025-10-29,0.1274
T0003016,P0013,PL08,M00016,374.32,361.52,190.38,66.93,76.77,27.44,334.08,2025-11-07,1.1662
T0003017,P0022,PL01,M00017,1044.02,1057.83,615.94,236.67,123.35,81.87,975.96,2025-05-14,1.351
T0003018,P0142,PL02,M00018,680.55,670.31,373.32,130.97,123.52,42.5,627.81,2026-05-24,0.6604
T0003019,P0055,PL03,M00019,199.33,207.29,118.47,50.75,25.54,12.53,194.76,2025-05-12,0.1869
T0003020,P0010,PL04,M00020,240.01,241.65,139.54,54.01,32.58,15.52,226.13,2026-05-03,0.3226
T0003021,P0058,PL05,M00021,195.51,197.68,103.5,49.31,27.91,16.96,180.72,2026-04-13,0.8169
T0003022,P0064,PL06,M00022,808.89,775.63,436.54,166.06,122.61,50.42,725.21,2026-11-25,1.0743
T0003023,P0062,PL07,M00023,48.96,48.47,27.8,9.66,8.45,2.56,45.91,2026-10-15,0.1632
T0003024,P0081,PL08,M00024,90.51,87.62,50.33,19.55,11.54,6.2,81.42,2026-11-22,1.2003
T0003025,P0020,PL01,M00025,283.69,294.35,166.81,70.85,42.65,14.04,280.31,2026-04-25,0.7127
T0003026,P0057,PL02,M00026,301.46,307.61,152.56,73.98,61.87,19.2,288.41,2025-12-11,0.5533
T0003027,P0129,PL03,M00027,1451.5,1409.04,744.76,334.6,229.22,100.46,1308.58,2026-04-12,1.2683
T0003028,P0009,PL04,M00028,1063.64,1040.18,635.71,208.63,144.65,51.19,988.99,2025-04-19,1.1042
T0003029,P0045,PL05,M00029,229.2,227.72,141.7,34.52,29.75,21.75,205.97,2025-03-11,0.273
T0003030,P0080,PL06,M00030,601.22,618.06,336.53,145.44,101.7,34.39,583.67,2025-01-24,0.6984
T0003031,P0128,PL07,M00031,454.84,436.55,247.68,74.86,70.51,43.5,393.05,2025-11-04,0.8099
T0003032,P0063,PL08,M00032,428.31,411.17,259.29,77.45,51.09,23.34,387.83,2025-01-15,0.6064
T0003033,P0097,PL01,M00033,1174.66,1186.24,641.21,270.99,230.4,43.64,1142.6,2025-11-12,1.0833
T0003034,P0015,PL02,M00034,401.05,399.08,264.83,57.25,55.53,21.47,377.61,2025-08-07,0.8384
T0003035,P0104,PL03,M00035,203.35,197.69,112.64,41.48,30.22,13.35,184.34,2025-05-27,0.5832
T0003036,P0074,PL04,M00036,108.91,104.71,67.31,18.0,13.62,5.78,98.93,2026-06-08,0.3636
T0003037,P0095,PL05,M00037,248.19,251.87,147.51,53.44,38.68,12.24,239.63,2025-06-20,1.4393
T0003038,P0098,PL06,M00038,70.63,73.52,40.87,14.37,14.63,3.65,69.87,2025-06-08,0.1194
T0003039,P0040,PL07,M00039,67.04,64.17,35.27,15.11,10.11,3.68,60.49,2026-10-27,0.2449
T0003040,P0098,PL08,M00040,239.97,248.11,130.84,57.86,46.85,12.56,235.55,2025-05-21,0.2454
T0003041,P0080,PL01,M00041,386.61,398.04,251.33,58.6,62.28,25.83,372.21,2025-03-19,1.1537
T0003042,P0068,PL02,M00042,724.02,753.46,442.78,126.03,128.52,56.13,697.33,2025-07-24,1.1468
T0003043,P0070,PL03,M00043,998.23,1018.79,575.48,185.94,198.7,58.67,960.12,2026-09-18,1.1902
T0003044,P0040,PL04,M00044,352.24,349.1,212.91,64.04,47.19,24.96,324.14,2025-11-21,0.3188
T0003045,P0009,PL05,M00045,92.83,93.99,60.62,13.51,13.16,6.7,87.29,2026-11-04,0.2338
T0003046,P0086,PL06,M00046,1003.72,984.16,586.94,198.01,146.67,52.54,931.62,2026-11-17,0.9373
T0003047,P0116,PL07,M00047,356.22,367.81,206.91,89.08,50.63,21.19,346.62,2025-04-01,0.4917
T0003048,P0065,PL08,M00048,573.65,595.34,380.74,125.02,68.62,20.96,574.38,2026-05-16,1.0445
T0003049,P0146,PL01,M00049,1345.69,1299.78,736.2,239.61,194.72,129.25,1170.53,2025-01-09,1.2309
T0003050,P0119,PL02,M00050,602.89,628.11,339.32,154.05,94.99,39.75,588.36,2025-08-01,1.3196
T0003051,P0036,PL03,M00051,93.19,91.12,54.91,12.77,15.18,8.26,82.86,2026-08-20,1.6567
T0003052,P0012,PL04,M00052,172.67,175.99,108.71,29.77,23.97,13.54,162.45,2026-09-10,0.1958
T0003053,P0113,PL05,M00053,174.44,181.23,101.16,31.6,37.22,11.25,169.98,2026-04-25,0.5981
T0003054,P0015,PL06,M00054,187.0,178.49,101.04,38.55,25.12,13.78,164.71,2026-12-04,0.6397
T0003055,P0131,PL07,M00055,873.5,848.98,457.63,139.81,182.68,68.86,780.12,2026-10-12,1.5751
T0003056,P0068,PL08,M00056,969.69,953.69,515.35,190.51,183.95,63.88,889.81,2026-05-27,1.1115
T0003057,P0130,PL01,M00057,286.91,296.74,169.8,50.88,56.52,19.54,277.2,2026-04-13,0.8152
T0003058,P0028,PL02,M00058,143.52,146.17,88.53,23.68,27.67,6.29,139.88,2025-05-28,0.3058
T0003059,P0034,PL03,M00059,173.42,168.34,102.0,29.5,26.36,10.48,157.86,2026-11-13,0.2096
T0003060,P0094,PL04,M00060,51.59,51.85,28.32,11.63,8.81,3.09,48.76,2026-02-03,0.2963
T0003061,P0034,PL05,M00061,45.05,43.53,25.96,6.43,8.08,3.06,40.47,2026-12-26,0.1277
T0003062,P0035,PL06,M00062,570.9,575.01,337.99,109.39,77.66,49.97,525.04,2026-06-23,0.6609
T0003063,P0117,PL07,M00063,300.03,288.18,166.86,62.58,39.19,19.55,268.63,2025-08-23,1.0219
T0003064,P0011,PL08,M00064,173.63,180.17,100.21,41.89,28.15,9.92,170.25,2025-12-19,0.617
T0003065,P0099,PL01,M00065,1505.98,1493.86,924.59,235.23,209.39,124.65,1369.21,2026-12-15,1.8838
T0003066,P0007,PL02,M00066,41.19,39.51,21.97,9.68,6.18,1.68,37.83,2025-04-25,0.1037
T0003067,P0122,PL03,M00067,505.28,487.05,279.19,105.22,63.47,39.17,447.88,2026-01-06,1.1095
T0003068,P0071,PL04,M00068,581.21,594.88,346.82,134.45,68.6,45.01,549.87,2025-07-17,0.9194
T0003069,P0007,PL05,M00069,175.42,181.71,96.82,42.72,27.04,15.13,166.58,2026-09-14,0.5769
T0003070,P0041,PL06,M00070,1068.84,1021.01,525.38,256.84,173.28,65.51,955.5,2026-05-05,0.9463
T0003071,P0010,PL07,M00071,215.98,209.81,105.85,49.61,39.82,14.53,195.28,2026-02-28,0.4282
T0003072,P0118,PL08,M00072,1230.9,1177.39,751.16,165.74,184.95,75.54,1101.85,2025-12-26,1.277
T0003073,P0001,PL01,M00073,666.41,669.76,372.44,106.58,144.97,45.77,623.99,2026-03-21,1.1371
T0003074,P0114,PL02,M00074,810.87,819.84,471.03,145.84,128.01,74.96,744.88,2025-01-25,0.7268
T0003075,P0087,PL03,M00075,106.93,111.26,63.85,20.93,17.6,8.88,102.38,2025-01-06,0.5349
T0003076,P0101,PL04,M00076,385.42,381.44,211.03,72.41,67.95,30.05,351.39,2025-10-26,0.4137
T0003077,P0058,PL05,M00077,626.12,611.93,341.39,130.67,112.67,27.2,584.73,2025-11-12,1.0869
T0003078,P0050,PL06,M00078,651.44,660.38,401.88,131.29,77.33,49.88,610.5,2026-01-31,1.5649
T0003079,P0009,PL07,M00079,1864.52,1940.74,1181.97,417.89,251.77,89.11,1851.63,2026-04-05,1.6905
T0003080,P0081,PL08,M00080,563.9,584.5,353.86,104.4,90.82,35.42,549.08,2026-01-04,1.0363
T0003081,P0024,PL01,M00081,1030.45,1033.84,598.93,219.07,179.4,36.44,997.4,2026-03-16,1.1165
T0003082,P0148,PL02,M00082,220.72,211.47,129.42,41.95,23.99,16.11,195.36,2025-06-13,0.9037
T0003083,P0113,PL03,M00083,18.69,19.2,11.46,3.38,3.14,1.22,17.98,2025-09-10,0.4923
T0003084,P0101,PL04,M00084,704.72,691.49,361.81,155.94,117.99,55.75,635.74,2026-04-03,1.844
T0003085,P0041,PL05,M00085,929.55,893.59,488.7,192.67,155.83,56.39,837.2,2025-08-14,2.0495
T0003086,P0064,PL06,M00086,53.98,52.93,31.52,10.06,7.95,3.4,49.53,2025-06-08,0.8143
T0003087,P0079,PL07,M00087,540.3,566.34,327.76,115.55,97.25,25.78,540.56,2025-05-26,0.801
T0003088,P0138,PL08,M00088,779.31,776.43,462.86,143.89,99.15,70.53,705.9,2026-05-18,0.9199
T0003089,P0104,PL01,M00089,134.93,130.87,82.4,21.94,18.39,8.14,122.73,2025-09-09,0.3296
T0003090,P0113,PL02,M00090,1465.84,1503.9,853.47,316.29,280.75,53.39,1450.51,2026-03-31,1.4601
T0003091,P0114,PL03,M00091,128.96,129.48,82.86,23.78,14.86,7.98,121.5,2025-09-11,1.1358
T0003092,P0144,PL04,M00092,206.29,207.6,107.82,42.93,40.6,16.25,191.35,2025-07-21,1.1663
T0003093,P0092,PL05,M00093,1220.49,1197.63,692.99,230.28,175.64,98.72,1098.91,2025-03-23,1.1823
T0003094,P0075,PL06,M00094,419.3,417.95,241.81,79.2,75.16,21.78,396.17,2026-06-21,0.405
T0003095,P0129,PL07,M00095,199.8,210.2,122.45,43.24,30.49,14.02,196.18,2026-09-11,0.5775
T0003096,P0150,PL08,M00096,70.01,70.79,41.22,11.17,13.7,4.7,66.09,2026-08-14,0.2107
T0003097,P0002,PL01,M00097,818.2,803.11,429.24,181.11,132.71,60.05,743.06,2026-11-09,1.4114
T0003098,P0029,PL02,M00098,420.3,421.41,251.39,85.58,53.63,30.81,390.6,2026-11-14,0.5355
T0003099,P0080,PL03,M00099,991.71,954.11,546.42,175.69,153.9,78.1,876.01,2026-12-04,1.0473
T0003100,P0111,PL04,M00100,1077.08,1062.54,567.18,241.34,156.97,97.05,965.49,2026-05-01,1.2802
T0003101,P0036,PL05,M00101,421.54,416.82,252.91,73.59,64.98,25.34,391.48,2025-12-17,0.4621
T0003102,P0136,PL06,M00102,749.28,783.37,448.74,145.17,118.48,70.98,712.39,2026-06-16,0.6794
T0003103,P0142,PL07,M00103,57.09,55.52,34.07,8.5,9.76,3.19,52.33,2026-12-05,0.597
T0003104,P0009,PL08,M00104,684.97,714.39,409.18,118.89,117.59,68.73,645.66,2026-12-04,0.9066
T0003105,P0064,PL01,M00105,105.99,110.17,69.17,21.98,14.77,4.25,105.92,2025-03-31,0.2707
T0003106,P0029,PL02,M00106,529.59,539.02,296.37,132.06,84.76,25.83,513.19,2025-04-22,0.9836
T0003107,P0092,PL03,M00107,600.19,611.96,373.06,104.9,101.82,32.18,579.78,2026-12-15,0.5204
T0003108,P0082,PL04,M00108,1161.76,1209.19,675.17,237.86,218.12,78.04,1131.15,2026-06-20,1.2905
T0003109,P0102,PL05,M00109,1518.56,1478.07,883.28,302.64,224.5,67.65,1410.42,2025-12-24,1.6533
T0003110,P0065,PL06,M00110,1034.56,1021.76,523.35,227.46,195.61,75.34,946.42,2026-07-05,1.0643
T0003111,P0111,PL07,M00111,565.12,579.13,347.1,90.17,99.74,42.12,537.01,2026-08-21,1.053
T0003112,P0138,PL08,M00112,173.94,181.23,112.29,29.26,33.41,6.27,174.96,2026-12-02,0.6228
T0003113,P0013,PL01,M00113,5.09,5.34,3.29,0.91,0.77,0.37,4.97,2026-09-13,0.2967
T0003114,P0033,PL02,M00114,362.75,368.67,219.39,60.49,57.12,31.67,337.0,2026-09-28,0.9357
T0003115,P0011,PL03,M00115,784.75,805.4,457.04,150.34,164.94,33.08,772.32,2025-03-19,1.1033
T0003116,P0101,PL04,M00116,401.7,394.64,235.32,74.66,54.9,29.76,364.88,2025-02-06,0.4485
T0003117,P0034,PL05,M00117,161.4,164.32,95.36,28.44,29.02,11.5,152.82,2025-07-13,0.6041
T0003118,P0135,PL06,M00118,123.3,124.44,80.6,21.37,15.95,6.52,117.92,2026-09-02,0.8642
T0003119,P0072,PL07,M00119,48.7,46.45,24.75,10.22,9.09,2.39,44.06,2025-02-20,1.191
T0003120,P0145,PL08,M00120,97.03,96.22,52.78,20.11,19.48,3.85,92.37,2026-10-18,0.0999
T0003121,P0025,PL01,M00121,187.15,195.96,108.12,41.09,35.83,10.92,185.04,2026-04-25,0.5354
T0003122,P0126,PL02,M00122,583.11,590.72,343.3,114.1,107.34,25.98,564.74,2026-10-21,0.8026
T0003123,P0028,PL03,M00123,1657.96,1683.31,957.65,371.82,298.35,55.49,1627.82,2025-11-14,1.739
T0003124,P0033,PL04,M00124,216.95,215.54,121.88,47.84,31.56,14.26,201.28,2026-08-14,0.3884
T0003125,P0057,PL05,M00125,202.26,210.28,122.57,34.89,40.48,12.34,197.94,2025-09-18,0.1788
T0003126,P0074,PL06,M00126,486.85,475.68,279.7,87.0,70.85,38.13,437.55,2025-07-05,0.4859
T0003127,P0029,PL07,M00127,64.77,64.41,40.65,9.68,10.51,3.57,60.84,2025-08-15,0.2753
T0003128,P0074,PL08,M00128,219.64,225.98,129.23,44.41,32.79,19.55,206.43,2025-03-31,1.2416
T0003129,P0084,PL01,M00129,28.61,29.96,17.17,6.58,4.78,1.43,28.53,2026-11-01,0.1569
T0003130,P0042,PL02,M00130,629.24,603.46,332.35,134.02,82.91,54.18,549.28,2025-09-15,0.6968
T0003131,P0043,PL03,M00131,1038.02,996.56,595.58,213.4,133.98,53.6,942.96,2026-10-07,1.208
T0003132,P0140,PL04,M00132,209.61,218.67,129.79,38.18,33.05,17.65,201.02,2026-04-02,0.2193
T0003133,P0016,PL05,M00133,426.14,417.67,242.22,98.55,60.25,16.65,401.02,2025-02-14,0.9428
T0003134,P0104,PL06,M00134,664.3,667.16,380.47,138.06,97.06,51.57,615.59,2025-12-05,0.5857
T0003135,P0056,PL07,M00135,479.81,479.51,264.77,104.43,82.6,27.71,451.8,2026-03-08,1.2423
T0003136,P0017,PL08,M00136,700.08,673.55,427.88,99.23,107.59,38.85,634.7,2025-10-19,1.0917
T0003137,P0132,PL01,M00137,333.78,335.95,185.21,70.78,53.29,26.67,309.28,2025-03-11,1.4543
T0003138,P0084,PL02,M00138,4.62,4.55,2.51,0.83,0.88,0.33,4.22,2026-08-17,0.13
T0003139,P0146,PL03,M00139,529.7,539.61,353.52,89.1,71.07,25.92,513.69,2025-06-07,0.9517
T0003140,P0091,PL04,M00140,754.24,730.07,400.31,136.86,161.19,31.71,698.36,2025-09-29,0.9556
T0003141,P0110,PL05,M00141,75.34,75.09,42.47,14.88,13.86,3.88,71.21,2025-05-28,0.1676
T0003142,P0032,PL06,M00142,237.19,247.76,143.24,54.34,39.78,10.4,237.36,2026-07-27,0.5899
T0003143,P0023,PL07,M00143,864.84,858.42,480.93,133.55,168.16,75.78,782.64,2026-01-14,0.7324
T0003144,P0014,PL08,M00144,808.93,789.64,432.84,145.11,146.58,65.11,724.53,2025-12-03,0.8157
T0003145,P0113,PL01,M00145,182.7,186.83,109.49,35.73,34.79,6.82,180.01,2025-02-21,0.5679
T0003146,P0002,PL02,M00146,297.58,287.86,161.28,45.23,56.58,24.77,263.09,2026-12-02,0.4477
T0003147,P0047,PL03,M00147,270.02,284.03,160.88,62.4,48.6,12.15,271.88,2025-12-10,0.3213
T0003148,P0115,PL04,M00148,582.46,568.86,325.98,120.49,79.41,42.98,525.88,2025-05-27,0.5638
T0003149,P0015,PL05,M00149,402.73,396.49,194.11,100.03,71.37,30.98,365.51,2025-06-19,0.41
T0003150,P0012,PL06,M00150,341.29,337.47,191.78,57.03,75.16,13.5,323.97,2026-02-12,1.5696
T0003151,P0129,PL07,M00151,950.32,969.31,533.92,234.93,161.36,39.1,930.21,2026-02-10,1.2116
T0003152,P0066,PL08,M00152,540.04,558.49,321.61,81.36,110.35,45.17,513.32,2025-09-14,1.0887
T0003153,P0107,PL01,M00153,530.11,528.62,299.98,125.75,75.17,27.72,500.9,2026-12-26,1.1013
T0003154,P0140,PL02,M00154,153.33,149.86,89.11,20.94,28.43,11.38,138.48,2026-07-12,0.5809
T0003155,P0127,PL03,M00155,460.82,455.69,291.51,64.7,83.84,15.64,440.05,2025-07-28,0.8814
T0003156,P0099,PL04,M00156,161.89,156.77,90.66,30.84,27.44,7.83,148.94,2025-01-29,0.761
T0003157,P0050,PL05,M00157,746.49,722.41,421.92,139.59,115.07,45.83,676.58,2025-03-16,0.8831
T0003158,P0047,PL06,M00158,238.25,247.3,144.58,57.24,33.82,11.66,235.64,2026-05-12,0.9512
T0003159,P0117,PL07,M00159,398.08,390.12,226.76,77.86,68.46,17.04,373.08,2025-09-08,0.5866
T0003160,P0119,PL08,M00160,947.81,905.93,544.28,141.18,167.69,52.78,853.15,2025-03-23,1.2742
T0003161,P0131,PL01,M00161,131.09,136.49,79.2,23.74,23.08,10.47,126.02,2025-08-12,0.564
T0003162,P0142,PL02,M00162,7.99,7.69,4.37,1.65,1.24,0.43,7.26,2026-10-04,0.2403
T0003163,P0134,PL03,M00163,1891.13,1845.6,959.84,402.74,371.03,111.99,1733.61,2026-11-04,1.6391
T0003164,P0004,PL04,M00164,922.5,888.94,474.71,183.23,164.01,66.99,821.95,2026-01-25,1.1441
T0003165,P0116,PL05,M00165,162.66,156.63,89.76,29.18,31.41,6.28,150.35,2025-12-25,0.4634
T0003166,P0075,PL06,M00166,1284.66,1350.96,676.94,326.85,251.51,95.66,1255.3,2025-12-21,1.236
T0003167,P0130,PL07,M00167,377.23,370.89,205.13,80.83,61.31,23.62,347.27,2026-02-15,1.539
T0003168,P0082,PL08,M00168,272.61,282.62,174.24,54.66,42.73,10.99,271.63,2025-01-08,0.4084
T0003169,P0147,PL01,M00169,137.49,136.42,80.22,31.48,18.62,6.1,130.32,2025-02-11,0.7537
T0003170,P0051,PL02,M00170,519.56,522.94,330.01,80.14,74.64,38.15,484.79,2026-01-05,0.4851
T0003171,P0042,PL03,M00171,361.45,353.1,215.87,68.33,54.13,14.77,338.33,2026-05-29,0.5827
T0003172,P0002,PL04,M00172,658.53,630.22,371.52,93.18,135.17,30.35,599.87,2025-02-20,1.3268
T0003173,P0002,PL05,M00173,1555.18,1599.34,903.12,351.77,218.94,125.51,1473.83,2025-11-26,1.5558
T0003174,P0007,PL06,M00174,1773.41,1786.88,982.72,332.01,370.68,101.47,1685.41,2025-07-11,1.5813
T0003175,P0051,PL07,M00175,116.68,117.55,60.41,28.42,24.13,4.59,112.96,2026-03-14,0.1066
T0003176,P0121,PL08,M00176,1061.6,1086.51,619.82,165.23,210.92,90.54,995.97,2025-03-09,1.1064
T0003177,P0112,PL01,M00177,1004.57,1013.89,577.85,220.13,170.04,45.87,968.02,2026-03-27,0.8832
T0003178,P0007,PL02,M00178,501.69,519.77,310.12,99.15,69.61,40.89,478.88,2026-04-04,0.8397
T0003179,P0071,PL03,M00179,729.88,752.25,420.76,115.09,164.59,51.81,700.44,2025-04-13,0.8923
T0003180,P0008,PL04,M00180,196.11,200.79,115.2,37.48,32.18,15.93,184.86,2026-08-02,0.2006
T0003181,P0011,PL05,M00181,290.81,296.44,166.57,54.44,64.0,11.43,285.01,2026-04-23,0.9206
T0003182,P0118,PL06,M00182,985.74,950.4,574.5,150.59,164.09,61.22,889.18,2025-06-16,1.4185
T0003183,P0145,PL07,M00183,984.47,1007.85,498.27,225.08,208.9,75.6,932.25,2025-10-02,1.0274
T0003184,P0087,PL08,M00184,14.04,14.13,9.3,1.94,1.61,1.28,12.85,2025-07-14,0.3364
T0003185,P0136,PL01,M00185,380.41,391.2,237.06,72.8,56.82,24.52,366.68,2025-07-20,0.4915
T0003186,P0089,PL02,M00186,578.91,586.14,360.33,102.57,75.78,47.46,538.68,2026-02-07,1.1699
T0003187,P0058,PL03,M00187,900.6,872.39,466.81,216.75,111.89,76.94,795.45,2025-09-12,1.3463
T0003188,P0068,PL04,M00188,166.2,163.02,90.16,35.67,24.93,12.26,150.76,2025-03-02,0.8233
T0003189,P0136,PL05,M00189,305.66,303.21,164.69,56.78,55.48,26.26,276.95,2026-02-15,0.3489
T0003190,P0079,PL06,M00190,1036.09,989.81,571.47,175.19,180.3,62.85,926.96,2025-05-01,1.755
T0003191,P0123,PL07,M00191,408.73,402.06,230.09,79.8,56.25,35.92,366.14,2026-08-05,1.1455
T0003192,P0029,PL08,M00192,56.83,59.61,34.99,9.9,10.57,4.15,55.46,2025-09-01,0.368
T0003193,P0100,PL01,M00193,297.72,299.0,186.0,58.16,43.11,11.73,287.27,2025-09-15,0.7995
T0003194,P0136,PL02,M00194,923.95,942.16,531.68,231.2,108.33,70.95,871.21,2026-09-29,1.2126
T0003195,P0020,PL03,M00195,431.43,443.17,277.09,70.94,67.87,27.27,415.9,2025-09-25,0.9613
T0003196,P0067,PL04,M00196,614.01,601.74,349.24,125.36,80.25,46.89,554.85,2026-07-26,1.4605
T0003197,P0099,PL05,M00197,220.96,210.93,123.58,33.55,43.1,10.7,200.23,2026-05-05,0.3291
T0003198,P0030,PL06,M00198,1058.3,1030.04,594.36,219.54,124.0,92.14,937.9,2026-08-28,1.3155
T0003199,P0017,PL07,M00199,1265.46,1233.34,721.0,247.73,178.94,85.67,1147.67,2025-05-31,1.2151
T0003200,P0149,PL08,M00200,55.27,57.83,33.39,11.36,10.11,2.97,54.86,2025-03-27,0.2641
T0003201,P0014,PL01,M00201,405.47,416.75,236.93,88.36,70.1,21.36,395.39,2025-09-18,0.4193
T0003202,P0029,PL02,M00202,88.01,84.75,51.42,15.43,13.69,4.21,80.54,2026-10-17,0.6372
T0003203,P0102,PL03,M00203,616.8,589.73,313.51,151.69,88.69,35.84,553.89,2026-04-19,0.6294
T0003204,P0101,PL04,M00204,364.67,350.18,203.0,65.47,67.12,14.59,335.59,2025-05-20,0.3559
T0003205,P0044,PL05,M00205,745.75,768.16,457.15,178.66,93.86,38.49,729.67,2026-08-16,1.1482
T0003206,P0129,PL06,M00206,76.17,74.54,41.32,15.07,12.34,5.81,68.73,2026-05-17,0.1553
T0003207,P0114,PL07,M00207,27.88,27.32,14.48,5.75,5.41,1.68,25.64,2025-08-02,0.6505
T0003208,P0002,PL08,M00208,473.49,463.88,262.24,101.29,81.91,18.44,445.44,2025-04-16,0.9664
T0003209,P0105,PL01,M00209,570.56,582.72,341.33,118.85,94.09,28.45,554.27,2026-07-19,0.7339
T0003210,P0125,PL02,M00210,229.78,226.5,144.59,34.8,35.77,11.34,215.16,2025-01-18,1.2797
T0003211,P0027,PL03,M00211,67.29,67.68,44.5,10.36,9.32,3.5,64.18,2026-11-03,1.1874
T0003212,P0083,PL04,M00212,337.66,324.37,193.34,62.34,49.66,19.03,305.34,2026-10-11,0.4191
T0003213,P0115,PL05,M00213,1053.3,1016.36,589.6,233.87,145.1,47.79,968.57,2025-12-05,1.3515
T0003214,P0040,PL06,M00214,49.39,51.39,31.08,9.19,7.56,3.56,47.83,2025-12-28,0.3115
T0003215,P0022,PL07,M00215,753.1,728.83,433.45,124.83,120.48,50.07,678.76,2026-10-18,1.0814
T0003216,P0110,PL08,M00216,179.06,172.12,101.24,40.28,24.22,6.38,165.74,2026-12-04,0.5048
T0003217,P0058,PL01,M00217,354.74,350.94,179.47,69.38,71.2,30.89,320.05,2025-05-26,0.4978
T0003218,P0037,PL02,M00218,948.32,957.11,554.49,222.58,137.13,42.91,914.2,2025-05-12,0.8216
T0003219,P0124,PL03,M00219,333.0,349.53,219.38,65.34,40.87,23.94,325.59,2026-11-23,0.6761
T0003220,P0091,PL04,M00220,37.22,38.93,21.07,9.38,6.66,1.82,37.11,2025-03-02,0.7078
T0003221,P0037,PL05,M00221,306.29,303.15,173.28,60.98,50.7,18.19,284.96,2025-07-13,0.8041
T0003222,P0017,PL06,M00222,259.11,247.18,140.5,52.87,33.67,20.14,227.04,2025-10-21,1.3434
T0003223,P0096,PL07,M00223,101.44,102.28,64.55,18.22,15.91,3.6,98.68,2025-03-04,0.1745
T0003224,P0051,PL08,M00224,291.47,281.55,176.65,48.83,36.35,19.72,261.83,2025-01-17,0.6055
T0003225,P0106,PL01,M00225,1196.44,1206.75,699.89,222.67,207.47,76.72,1130.03,2026-03-02,1.2743
T0003226,P0015,PL02,M00226,662.35,694.09,396.53,119.01,124.03,54.52,639.57,2025-11-02,1.3297
T0003227,P0013,PL03,M00227,808.91,792.8,508.51,116.59,103.02,64.68,728.12,2025-04-24,1.0023
T0003228,P0064,PL04,M00228,59.45,58.48,38.43,8.88,8.18,2.99,55.49,2025-07-16,0.3285
T0003229,P0006,PL05,M00229,315.4,308.59,170.35,70.72,43.67,23.85,284.74,2025-01-30,0.3951
T0003230,P0077,PL06,M00230,683.82,690.79,394.08,120.21,114.74,61.76,629.03,2026-10-10,0.6592
T0003231,P0035,PL07,M00231,1145.52,1106.36,645.96,187.96,184.84,87.6,1018.76,2025-09-19,0.9258
T0003232,P0009,PL08,M00232,568.38,579.14,310.32,114.36,127.03,27.43,551.71,2025-12-20,1.2116
T0003233,P0138,PL01,M00233,2118.46,2034.58,1187.33,445.22,238.22,163.81,1870.77,2026-07-14,1.8564
T0003234,P0092,PL02,M00234,749.11,767.33,461.18,118.71,137.18,50.26,717.07,2025-11-04,0.964
T0003235,P0076,PL03,M00235,353.88,340.18,195.0,73.32,59.48,12.38,327.8,2026-02-08,0.3801
T0003236,P0040,PL04,M00236,589.32,568.5,349.34,91.13,99.32,28.71,539.79,2025-11-07,0.7298
T0003237,P0089,PL05,M00237,360.97,362.43,191.62,98.02,58.42,14.37,348.06,2026-05-15,1.3677
T0003238,P0088,PL06,M00238,382.7,386.09,224.49,54.34,76.46,30.8,355.29,2026-05-17,1.4194
T0003239,P0127,PL07,M00239,714.39,699.99,424.04,120.57,119.24,36.14,663.85,2025-02-03,1.2455
T0003240,P0033,PL08,M00240,1194.82,1144.63,679.06,259.53,141.18,64.86,1079.77,2026-05-15,1.4326
T0003241,P0052,PL01,M00241,1221.41,1255.51,767.04,199.83,231.81,56.83,1198.68,2026-12-30,1.0823
T0003242,P0131,PL02,M00242,404.42,411.35,234.61,72.03,74.39,30.32,381.03,2026-02-05,0.5705
T0003243,P0150,PL03,M00243,75.74,74.38,42.71,12.18,14.21,5.28,69.1,2026-03-01,0.759
T0003244,P0031,PL04,M00244,298.63,297.82,188.37,41.13,54.16,14.16,283.66,2026-01-15,1.2009
T0003245,P0020,PL05,M00245,222.85,216.48,118.27,52.41,30.48,15.32,201.16,2026-01-16,0.6894
T0003246,P0080,PL06,M00246,856.58,839.06,467.39,191.76,140.37,39.54,799.52,2026-08-05,1.0436
T0003247,P0147,PL07,M00247,90.98,90.77,52.88,19.04,14.97,3.88,86.89,2025-07-22,0.1935
T0003248,P0089,PL08,M00248,114.14,113.26,67.8,18.47,18.75,8.24,105.02,2025-07-07,0.6662
T0003249,P0125,PL01,M00249,556.71,544.62,326.1,84.76,101.99,31.77,512.85,2025-01-11,1.2755
T0003250,P0135,PL02,M00250,247.33,252.9,151.18,42.06,42.12,17.54,235.36,2026-10-30,0.3522
T0003251,P0091,PL03,M00001,653.2,677.46,440.62,106.81,96.01,34.02,643.44,2026-04-27,0.7199
T0003252,P0003,PL04,M00002,660.34,681.34,396.22,158.52,83.31,43.29,638.05,2025-11-02,1.5007
T0003253,P0098,PL05,M00003,178.85,170.67,105.79,28.62,25.15,11.11,159.56,2026-04-01,0.2528
T0003254,P0063,PL06,M00004,17.75,17.86,11.51,2.53,3.04,0.78,17.08,2025-06-04,1.1162
T0003255,P0018,PL07,M00005,296.48,290.93,170.15,67.89,35.88,17.01,273.92,2025-05-23,0.4186
T0003256,P0125,PL08,M00006,89.59,90.47,56.05,17.92,12.49,4.01,86.46,2025-03-22,1.2742
T0003257,P0045,PL01,M00007,130.19,133.19,76.0,27.38,18.27,11.54,121.65,2025-11-08,0.8324
T0003258,P0013,PL02,M00008,874.71,891.46,471.46,239.23,110.63,70.14,821.32,2026-12-02,1.5397
T0003259,P0052,PL03,M00009,670.17,662.42,385.34,142.68,91.18,43.22,619.2,2025-04-21,1.2666
T0003260,P0013,PL04,M00010,79.72,82.05,41.8,20.19,13.18,6.88,75.17,2026-10-09,0.6781
T0003261,P0073,PL05,M00011,834.37,808.17,503.38,128.0,143.76,33.03,775.14,2025-12-04,1.3292
T0003262,P0044,PL06,M00012,72.86,73.56,38.13,15.97,15.07,4.39,69.17,2026-05-30,0.4569
T0003263,P0091,PL07,M00013,1315.9,1303.7,722.6,300.31,206.31,74.48,1229.22,2025-03-28,1.5212
T0003264,P0146,PL08,M00014,576.71,598.9,342.35,89.77,115.17,51.61,547.29,2025-04-22,1.0695
T0003265,P0076,PL01,M00015,571.12,553.81,351.47,89.64,81.3,31.4,522.41,2025-09-27,1.0371
T0003266,P0139,PL02,M00016,574.89,566.52,295.34,112.3,117.0,41.88,524.64,2025-09-01,0.6267
T0003267,P0095,PL03,M00017,940.65,983.4,551.71,185.9,168.95,76.84,906.56,2025-04-03,1.3677
T0003268,P0049,PL04,M00018,50.93,52.39,31.37,8.66,8.41,3.95,48.44,2026-01-09,1.2778
T0003269,P0059,PL05,M00019,107.12,103.15,61.47,16.25,17.24,8.19,94.96,2025-12-02,1.2894
T0003270,P0055,PL06,M00020,254.79,260.13,166.21,44.82,30.38,18.72,241.41,2025-08-17,0.2294
T0003271,P0042,PL07,M00021,395.82,381.32,210.75,67.3,79.78,23.49,357.83,2025-08-14,0.9122
T0003272,P0026,PL08,M00022,10.47,10.47,6.62,1.6,1.81,0.44,10.03,2025-01-01,0.698
T0003273,P0009,PL01,M00023,344.17,354.94,201.9,89.88,47.84,15.32,339.62,2026-05-16,0.6537
T0003274,P0109,PL02,M00024,1065.5,1056.39,548.22,208.31,209.18,90.68,965.71,2025-12-16,0.9604
T0003275,P0042,PL03,M00025,566.04,571.14,333.31,98.26,80.41,59.16,511.98,2025-05-08,1.2864
T0003276,P0131,PL04,M00026,68.61,65.93,35.56,14.71,9.87,5.79,60.14,2026-05-23,0.8675
T0003277,P0120,PL05,M00027,12.67,12.57,7.03,2.79,2.23,0.52,12.05,2026-09-15,0.1352
T0003278,P0101,PL06,M00028,422.84,443.68,239.89,93.54,82.79,27.46,416.22,2025-11-24,0.9167
T0003279,P0071,PL07,M00029,96.33,97.39,55.84,16.09,18.7,6.76,90.63,2025-02-03,0.2208
T0003280,P0076,PL08,M00030,860.52,876.65,450.9,197.37,185.9,42.48,834.17,2025-01-14,0.7834
T0003281,P0051,PL01,M00031,948.6,945.16,548.98,157.4,175.74,63.04,882.12,2026-11-03,1.5147
T0003282,P0010,PL02,M00032,154.11,158.58,100.02,25.55,24.45,8.56,150.02,2026-04-05,0.5376
T0003283,P0043,PL03,M00033,2177.14,2084.73,1175.02,431.97,344.32,133.42,1951.31,2026-10-10,1.7489
T0003284,P0121,PL04,M00034,346.96,333.31,174.9,78.65,64.07,15.69,317.62,2025-08-06,0.7309
T0003285,P0146,PL05,M00035,690.84,708.72,414.76,125.98,111.54,56.44,652.28,2025-09-02,0.7654
T0003286,P0021,PL06,M00036,188.61,187.19,115.1,40.82,25.11,6.16,181.03,2025-11-13,0.2765
T0003287,P0116,PL07,M00037,146.55,146.29,90.12,26.64,22.22,7.31,138.98,2026-04-05,0.9378
T0003288,P0040,PL08,M00038,392.42,386.09,213.8,76.99,61.26,34.04,352.05,2025-08-22,0.4201
T0003289,P0107,PL01,M00039,604.56,612.05,328.37,159.37,73.55,50.76,561.29,2025-01-14,0.7807
T0003290,P0083,PL02,M00040,187.57,181.92,101.04,32.74,33.49,14.65,167.27,2025-06-29,0.1889
T0003291,P0080,PL03,M00041,342.51,346.03,204.36,70.64,48.65,22.38,323.65,2026-12-13,0.7239
T0003292,P0038,PL04,M00042,289.92,282.39,181.37,49.4,39.76,11.86,270.53,2026-06-15,0.9573
T0003293,P0027,PL05,M00043,497.03,520.12,300.99,91.0,99.9,28.23,491.89,2025-04-17,0.7953
T0003294,P0108,PL06,M00044,82.79,80.97,45.36,16.98,12.86,5.77,75.2,2025-10-21,0.9526
T0003295,P0054,PL07,M00045,248.15,253.01,128.32,57.75,52.94,14.0,239.01,2025-07-27,0.5418
T0003296,P0089,PL08,M00046,479.93,464.29,272.51,86.26,71.14,34.38,429.91,2026-10-03,1.0924
T0003297,P0083,PL01,M00047,69.56,66.42,36.37,11.53,14.39,4.13,62.29,2025-05-22,0.5582
T0003298,P0050,PL02,M00048,127.82,127.12,72.65,27.92,16.99,9.56,117.56,2025-05-17,0.1132
T0003299,P0097,PL03,M00049,1160.47,1217.23,689.9,241.14,218.94,67.25,1149.98,2026-04-21,1.1219
T0003300,P0065,PL04,M00050,921.55,936.12,513.16,213.9,151.17,57.89,878.23,2026-04-19,1.0822
T0003301,P0121,PL05,M00051,968.4,1008.57,564.01,206.55,170.04,67.97,940.6,2026-10-30,1.0975
T0003302,P0046,PL06,M00052,110.66,109.04,59.83,19.36,19.79,10.06,98.98,2026-09-18,0.1867
T0003303,P0101,PL07,M00053,293.57,282.03,167.05,40.88,52.57,21.53,260.5,2025-01-01,0.3901
T0003304,P0139,PL08,M00054,210.19,214.66,118.05,44.02,40.23,12.36,202.3,2025-03-07,0.6204
T0003305,P0103,PL01,M00055,25.37,25.91,14.96,4.9,4.19,1.86,24.05,2025-08-26,0.3867
T0003306,P0115,PL02,M00056,1725.63,1719.7,1016.31,278.92,328.83,95.64,1624.06,2025-01-10,1.5232
T0003307,P0038,PL03,M00057,87.52,91.71,53.97,20.97,12.97,3.8,87.91,2025-04-05,0.6948
T0003308,P0099,PL04,M00058,1240.23,1237.95,793.2,237.01,152.36,55.38,1182.57,2025-11-02,1.1441
T0003309,P0075,PL05,M00059,1130.56,1103.95,660.08,204.6,170.87,68.4,1035.55,2026-06-18,1.1428
T0003310,P0027,PL06,M00060,316.18,324.36,198.78,48.3,56.65,20.63,303.73,2026-02-01,0.977
T0003311,P0013,PL07,M00061,809.25,799.43,465.49,146.55,122.1,65.29,734.14,2025-11-16,1.3527
T0003312,P0057,PL08,M00062,765.44,739.45,419.07,128.37,138.39,53.62,685.83,2026-10-30,1.547
T0003313,P0071,PL01,M00063,449.28,435.82,279.73,79.76,52.07,24.26,411.56,2025-05-28,0.6593
T0003314,P0042,PL02,M00064,123.48,117.91,63.51,19.36,25.07,9.97,107.94,2026-01-23,0.1615
T0003315,P0012,PL03,M00065,510.18,508.33,294.46,79.01,98.72,36.14,472.19,2026-03-01,1.3238
T0003316,P0131,PL04,M00066,266.83,258.49,153.88,41.3,45.01,18.3,240.19,2025-12-10,1.1438
T0003317,P0126,PL05,M00067,681.32,707.42,371.59,154.44,140.11,41.28,666.14,2026-02-03,0.6294
T0003318,P0046,PL06,M00068,460.78,468.89,284.32,77.46,63.36,43.75,425.14,2025-02-27,1.4517
T0003319,P0018,PL07,M00069,806.53,831.0,553.67,138.04,104.72,34.57,796.43,2025-03-20,0.8656
T0003320,P0109,PL08,M00070,188.25,185.11,102.9,43.13,28.2,10.88,174.23,2025-02-01,0.2012
T0003321,P0148,PL01,M00071,367.7,353.26,203.89,79.04,44.82,25.51,327.75,2025-09-18,0.4774
T0003322,P0041,PL02,M00072,207.73,213.75,131.52,40.43,30.57,11.23,202.52,2026-08-16,0.5655
T0003323,P0036,PL03,M00073,1250.11,1244.73,667.18,278.12,213.72,85.71,1159.02,2026-11-28,1.3648
T0003324,P0084,PL04,M00074,932.82,899.96,493.98,204.75,157.6,43.63,856.33,2025-02-16,0.9118
T0003325,P0064,PL05,M00075,138.79,135.91,77.67,31.47,19.48,7.29,128.62,2025-09-02,0.1793
T0003326,P0073,PL06,M00076,123.45,118.72,73.94,18.76,21.3,4.72,114.0,2025-08-24,1.12
T0003327,P0150,PL07,M00077,148.75,152.13,95.77,21.37,23.0,11.99,140.14,2025-08-04,0.2746
T0003328,P0066,PL08,M00078,509.18,528.6,281.9,116.66,87.06,42.98,485.62,2026-02-25,0.8839
T0003329,P0070,PL01,M00079,1300.6,1318.85,727.07,284.62,211.46,95.7,1223.15,2025-02-28,1.2879
T0003330,P0016,PL02,M00080,100.3,99.08,55.62,23.78,14.78,4.9,94.18,2025-06-24,0.8541
T0003331,P0065,PL03,M00081,24.77,24.55,13.27,5.46,4.17,1.65,22.9,2026-05-12,0.3507
T0003332,P0125,PL04,M00082,427.09,414.59,256.68,73.36,52.67,31.88,382.71,2026-02-10,0.4188
T0003333,P0075,PL05,M00083,146.32,143.61,90.8,20.99,23.01,8.81,134.8,2025-03-01,0.2616
T0003334,P0034,PL06,M00084,50.28,51.12,29.55,10.67,6.42,4.48,46.64,2025-06-07,0.0871
T0003335,P0124,PL07,M00085,155.49,159.4,89.11,37.84,20.65,11.8,147.6,2026-12-27,0.2059
T0003336,P0051,PL08,M00086,812.91,795.4,481.68,131.74,120.35,61.63,733.77,2025-04-12,0.8183
T0003337,P0069,PL01,M00087,405.75,425.61,265.87,58.98,65.44,35.32,390.29,2026-01-30,0.3996
T0003338,P0102,PL02,M00088,1178.1,1152.93,719.97,208.75,170.56,53.65,1099.28,2025-05-19,1.0695
T0003339,P0008,PL03,M00089,76.19,73.91,41.32,19.25,10.52,2.82,71.09,2026-12-23,0.4061
T0003340,P0116,PL04,M00090,37.22,38.07,24.17,6.81,5.24,1.85,36.22,2025-07-26,0.4479
T0003341,P0100,PL05,M00091,1074.96,1103.0,606.98,223.82,206.6,65.6,1037.4,2026-01-09,0.9292
T0003342,P0088,PL06,M00092,527.21,525.86,318.18,100.44,68.66,38.58,487.28,2025-09-14,1.2201
T0003343,P0029,PL07,M00093,526.07,507.09,279.25,111.19,66.38,50.27,456.82,2025-01-21,0.7777
T0003344,P0130,PL08,M00094,1112.3,1062.28,610.79,178.11,228.06,45.32,1016.96,2026-12-03,1.1313
T0003345,P0106,PL01,M00095,816.5,822.79,484.35,110.04,157.48,70.92,751.87,2025-07-05,1.2836
T0003346,P0029,PL02,M00096,397.74,402.33,245.14,71.79,55.79,29.61,372.72,2026-04-06,0.5042
T0003347,P0126,PL03,M00097,801.21,781.17,466.25,149.56,129.12,36.24,744.93,2025-05-01,0.7082
T0003348,P0136,PL04,M00098,208.35,208.31,115.51,49.53,29.65,13.62,194.69,2025-01-27,0.9734
T0003349,P0072,PL05,M00099,1464.76,1518.96,845.73,320.09,251.53,101.61,1417.35,2025-03-05,1.6108
T0003350,P0066,PL06,M00100,1526.47,1581.95,931.84,319.96,217.32,112.83,1469.12,2025-05-07,1.3987
T0003351,P0106,PL07,M00101,133.38,139.49,75.94,24.92,25.66,12.97,126.52,2026-04-01,0.4428
T0003352,P0041,PL08,M00102,711.46,739.9,390.55,199.65,100.29,49.41,690.49,2026-09-14,0.8694
T0003353,P0053,PL01,M00103,1055.78,1065.36,609.76,219.51,163.54,72.55,992.81,2026-04-10,1.9765
T0003354,P0123,PL02,M00104,565.03,540.33,279.46,113.08,101.21,46.58,493.75,2026-10-20,0.6349
T0003355,P0144,PL03,M00105,1346.53,1313.12,785.88,281.81,185.19,60.24,1252.88,2026-04-18,1.3118
T0003356,P0015,PL04,M00106,633.29,661.97,332.96,159.58,122.78,46.65,615.32,2026-10-26,0.6465
T0003357,P0006,PL05,M00107,167.72,167.12,93.47,29.79,34.32,9.54,157.58,2025-08-18,1.2379
T0003358,P0102,PL06,M00108,741.28,713.68,396.21,150.77,113.05,53.65,660.03,2026-02-23,0.7419
T0003359,P0120,PL07,M00109,639.34,610.64,369.1,130.93,90.17,20.44,590.2,2026-12-25,0.6718
T0003360,P0146,PL08,M00110,71.02,68.44,38.35,13.24,12.06,4.79,63.65,2026-04-15,1.18
T0003361,P0113,PL01,M00111,299.99,312.21,202.97,50.32,36.12,22.8,289.41,2025-06-21,1.027
T0003362,P0108,PL02,M00112,312.3,321.95,193.94,59.9,41.26,26.85,295.1,2026-06-07,0.3226
T0003363,P0053,PL03,M00113,41.1,39.9,23.6,6.49,7.48,2.33,37.57,2026-11-01,0.7528
T0003364,P0066,PL04,M00114,444.11,426.18,243.5,84.61,66.84,31.23,394.95,2025-03-08,0.4371
T0003365,P0104,PL05,M00115,707.42,674.17,409.08,114.65,99.14,51.3,622.87,2026-03-26,1.1312
T0003366,P0072,PL06,M00116,252.66,259.26,170.79,39.9,35.86,12.71,246.55,2026-02-26,0.373
T0003367,P0018,PL07,M00117,181.27,188.78,115.34,37.81,20.32,15.31,173.47,2026-01-10,0.1759
T0003368,P0099,PL08,M00118,335.51,333.48,195.78,62.88,45.26,29.56,303.92,2026-11-01,0.4506
T0003369,P0128,PL01,M00119,1132.99,1141.73,654.11,193.4,217.08,77.14,1064.59,2026-11-13,1.5122
T0003370,P0033,PL02,M00120,1002.57,963.59,479.09,211.69,190.28,82.53,881.06,2025-10-24,1.3515
T0003371,P0102,PL03,M00121,420.76,440.69,261.41,76.23,75.64,27.41,413.28,2025-11-22,1.3858
T0003372,P0124,PL04,M00122,843.31,821.55,477.49,129.83,134.27,79.96,741.59,2026-01-10,0.8891
T0003373,P0045,PL05,M00123,201.71,193.83,123.84,33.88,25.59,10.52,183.31,2025-03-10,0.4671
T0003374,P0041,PL06,M00124,593.71,587.06,333.7,113.26,95.09,45.01,542.05,2026-05-20,1.418
T0003375,P0086,PL07,M00125,407.44,407.83,245.9,88.97,55.96,17.0,390.83,2026-03-18,1.2785
T0003376,P0001,PL08,M00126,497.19,490.15,289.81,108.51,66.24,25.59,464.56,2026-06-07,0.8722
T0003377,P0065,PL01,M00127,1103.59,1138.08,616.7,214.83,198.63,107.92,1030.16,2026-07-23,1.229
T0003378,P0035,PL02,M00128,289.96,287.27,161.97,51.32,61.87,12.11,275.16,2025-05-03,0.2697
T0003379,P0004,PL03,M00129,129.65,134.18,75.73,23.62,26.52,8.31,125.87,2026-07-09,0.1278
T0003380,P0029,PL04,M00130,494.03,516.56,286.84,128.44,71.03,30.25,486.31,2026-07-21,0.7337
T0003381,P0010,PL05,M00131,257.8,262.32,170.47,42.39,32.85,16.61,245.71,2026-08-29,1.1607
T0003382,P0042,PL06,M00132,1293.66,1314.8,733.28,273.3,237.95,70.27,1244.53,2026-10-14,1.4773
T0003383,P0135,PL07,M00133,1247.67,1230.35,678.94,255.33,205.49,90.59,1139.76,2025-12-22,1.4968
T0003384,P0083,PL08,M00134,174.58,172.86,104.23,29.83,24.91,13.89,158.97,2026-08-22,1.0605
T0003385,P0107,PL01,M00135,1218.82,1245.64,721.92,266.27,195.78,61.67,1183.97,2026-03-20,1.2164
T0003386,P0006,PL02,M00136,1233.23,1283.76,659.04,321.35,218.15,85.22,1198.54,2025-04-09,1.0824
T0003387,P0070,PL03,M00137,66.73,67.19,42.18,12.65,7.99,4.37,62.82,2025-04-13,0.7466
T0003388,P0058,PL04,M00138,1340.8,1407.39,880.76,267.93,176.43,82.27,1325.12,2025-05-11,1.442
T0003389,P0026,PL05,M00139,648.08,661.39,354.42,125.52,126.26,55.19,606.2,2025-07-10,0.5634
T0003390,P0083,PL06,M00140,377.0,393.47,201.48,78.31,79.19,34.49,358.98,2025-01-14,0.9391
T0003391,P0122,PL07,M00141,757.91,734.73,463.53,121.59,95.81,53.8,680.93,2025-05-25,0.6704
T0003392,P0046,PL08,M00142,981.62,942.77,572.22,165.13,150.75,54.67,888.1,2026-09-20,1.0975
T0003393,P0088,PL01,M00143,169.12,175.19,103.9,34.14,29.58,7.57,167.62,2025-06-28,0.3305
T0003394,P0144,PL02,M00144,341.39,343.24,186.26,81.91,61.36,13.71,329.53,2026-04-27,1.0125
T0003395,P0007,PL03,M00145,309.28,314.84,180.05,67.33,45.29,22.17,292.67,2026-05-25,1.1407
T0003396,P0094,PL04,M00146,110.54,110.38,67.34,22.45,13.12,7.47,102.91,2026-04-11,0.191
T0003397,P0032,PL05,M00147,1450.79,1382.08,830.73,212.22,255.59,83.54,1298.54,2025-09-02,1.5477
T0003398,P0066,PL06,M00148,1371.05,1409.49,797.41,281.03,225.33,105.72,1303.77,2026-05-14,1.4137
T0003399,P0131,PL07,M00149,601.0,605.21,355.62,101.11,98.08,50.4,554.81,2026-07-19,1.1752
T0003400,P0089,PL08,M00150,423.11,430.34,259.8,86.79,57.1,26.65,403.69,2026-05-03,1.0895
T0003401,P0033,PL01,M00151,687.49,706.05,445.37,107.75,113.06,39.87,666.18,2025-05-18,0.6936
T0003402,P0134,PL02,M00152,231.3,243.14,137.1,49.51,40.41,16.12,227.02,2025-04-20,0.3401
T0003403,P0059,PL03,M00153,1052.62,1096.88,633.82,209.4,159.96,93.7,1003.18,2025-07-14,1.336
T0003404,P0119,PL04,M00154,423.67,445.02,275.84,69.96,74.44,24.78,420.24,2026-11-15,0.3846
T0003405,P0063,PL05,M00155,351.69,355.41,205.23,81.38,44.56,24.24,331.17,2026-12-20,0.9528
T0003406,P0108,PL06,M00156,423.08,428.43,217.33,103.38,74.18,33.54,394.89,2025-03-25,0.7105
T0003407,P0112,PL07,M00157,848.79,852.43,462.23,227.12,108.26,54.82,797.61,2026-06-14,0.9935
T0003408,P0017,PL08,M00158,550.6,527.27,274.89,108.49,102.75,41.14,486.13,2026-08-23,0.4557
T0003409,P0127,PL01,M00159,920.03,967.07,568.64,158.91,173.87,65.65,901.42,2026-04-17,0.8202
T0003410,P0127,PL02,M00160,205.12,214.42,120.46,49.48,36.23,8.25,206.17,2026-07-31,0.1822
T0003411,P0006,PL03,M00161,212.52,221.9,137.16,41.68,33.67,9.39,212.51,2026-10-23,1.0617
T0003412,P0083,PL04,M00162,170.54,169.92,91.2,36.93,33.15,8.64,161.28,2025-11-26,0.2407
T0003413,P0004,PL05,M00163,2.26,2.22,1.26,0.52,0.34,0.1,2.12,2026-12-16,0.0854
T0003414,P0076,PL06,M00164,653.1,687.3,413.37,151.35,84.69,37.89,649.41,2025-06-28,0.8412
T0003415,P0117,PL07,M00165,263.02,265.29,170.68,50.38,32.97,11.26,254.03,2025-12-20,0.2761
T0003416,P0111,PL08,M00166,900.11,886.12,510.78,132.98,160.86,81.5,804.62,2025-12-02,1.1449
T0003417,P0124,PL01,M00167,33.03,34.05,19.37,8.28,4.02,2.38,31.67,2025-12-09,0.3153
T0003418,P0047,PL02,M00168,93.89,95.41,60.74,15.0,14.23,5.44,89.97,2026-05-04,1.3438
T0003419,P0106,PL03,M00169,1055.36,1095.94,677.62,173.34,188.2,56.78,1039.16,2026-02-08,1.0661
T0003420,P0059,PL04,M00170,421.69,427.63,240.73,86.47,81.15,19.28,408.35,2025-06-24,0.5292
T0003421,P0147,PL05,M00171,376.77,392.88,224.26,69.86,74.5,24.26,368.62,2026-02-01,1.2881
T0003422,P0144,PL06,M00172,128.7,126.75,65.85,29.64,19.75,11.51,115.24,2026-05-01,1.0305
T0003423,P0019,PL07,M00173,207.07,197.51,103.34,44.14,36.89,13.14,184.37,2026-03-02,0.2516
T0003424,P0046,PL08,M00174,408.92,407.08,208.91,101.59,72.69,23.89,383.19,2026-08-10,0.5874
T0003425,P0103,PL01,M00175,9.56,9.15,5.18,1.43,1.85,0.69,8.46,2025-12-11,0.2128
T0003426,P0067,PL02,M00176,590.58,576.55,365.2,91.91,74.31,45.13,531.42,2025-03-21,0.6253
T0003427,P0024,PL03,M00177,1036.64,1060.1,636.7,176.82,165.62,80.96,979.14,2026-05-29,1.4041
T0003428,P0107,PL04,M00178,279.48,274.2,153.47,70.4,37.35,12.98,261.22,2026-10-09,0.8136
T0003429,P0016,PL05,M00179,360.42,372.78,216.3,74.89,55.46,26.13,346.65,2026-04-17,0.4984
T0003430,P0025,PL06,M00180,533.09,525.47,280.91,100.05,110.03,34.48,490.99,2026-09-12,0.8643
T0003431,P0027,PL07,M00181,143.75,149.84,78.43,35.88,28.8,6.73,143.11,2026-12-14,0.5489
T0003432,P0138,PL08,M00182,101.63,104.86,55.64,22.46,17.98,8.78,96.08,2026-07-13,0.6355
T0003433,P0096,PL01,M00183,880.82,909.61,549.26,143.28,152.05,65.02,844.59,2026-10-03,1.2409
T0003434,P0095,PL02,M00184,289.25,280.36,144.05,55.89,59.61,20.81,259.55,2025-06-08,1.0195
T0003435,P0038,PL03,M00185,375.64,368.53,191.85,84.88,67.79,24.01,344.52,2026-11-14,0.988
T0003436,P0050,PL04,M00186,467.66,459.03,266.31,75.93,82.07,34.72,424.31,2025-04-17,0.5407
T0003437,P0083,PL05,M00187,793.19,772.68,420.99,177.64,133.04,41.01,731.67,2026-11-24,0.8211
T0003438,P0013,PL06,M00188,206.58,216.46,118.55,46.58,33.87,17.46,199.0,2025-12-28,0.1919
T0003439,P0139,PL07,M00189,18.86,19.27,10.73,3.71,2.96,1.87,17.4,2026-11-25,0.5668
T0003440,P0067,PL08,M00190,840.11,877.73,470.37,168.29,177.3,61.77,815.96,2026-09-01,0.8497
T0003441,P0076,PL01,M00191,303.18,315.96,169.37,68.01,62.2,16.38,299.58,2026-01-29,0.4606
T0003442,P0123,PL02,M00192,76.97,75.0,44.29,14.49,11.03,5.19,69.81,2025-07-23,0.2404
T0003443,P0047,PL03,M00193,350.61,360.45,207.84,79.7,51.0,21.91,338.54,2025-12-20,0.3594
T0003444,P0075,PL04,M00194,870.71,877.89,593.91,127.99,122.25,33.74,844.15,2025-04-29,1.3221
T0003445,P0042,PL05,M00195,81.32,80.73,50.42,11.96,13.19,5.16,75.57,2026-08-01,0.4893
T0003446,P0030,PL06,M00196,248.51,238.03,137.85,38.71,49.59,11.88,226.15,2025-11-21,0.207
T0003447,P0135,PL07,M00197,813.12,817.79,434.63,195.51,128.38,59.27,758.52,2026-10-24,0.7551
T0003448,P0029,PL08,M00198,450.87,450.79,269.14,100.24,54.76,26.65,424.14,2025-04-30,0.4076
T0003449,P0047,PL01,M00199,390.25,374.31,186.27,92.46,68.44,27.14,347.17,2026-08-02,0.3781
T0003450,P0114,PL02,M00200,1220.13,1186.79,703.05,220.46,164.85,98.43,1088.36,2026-06-12,1.4928
T0003451,P0096,PL03,M00201,1715.73,1786.22,1049.96,358.85,237.11,140.3,1645.92,2026-04-26,1.6078
T0003452,P0004,PL04,M00202,290.33,283.15,148.76,57.66,54.12,22.61,260.54,2025-11-28,0.4743
T0003453,P0058,PL05,M00203,797.88,787.64,452.89,170.57,126.78,37.4,750.24,2025-03-10,1.2502
T0003454,P0064,PL06,M00204,486.09,507.2,281.85,100.89,102.26,22.2,485.0,2026-09-17,0.6024
T0003455,P0139,PL07,M00205,649.88,680.95,386.01,110.94,154.79,29.21,651.74,2026-08-23,0.5781
T0003456,P0126,PL08,M00206,718.32,729.74,401.12,159.79,123.6,45.23,684.51,2026-05-17,0.75
T0003457,P0013,PL01,M00207,791.17,764.94,415.47,156.05,126.04,67.38,697.56,2026-03-12,0.7886
T0003458,P0146,PL02,M00208,1417.14,1487.91,777.73,333.0,257.0,120.18,1367.73,2026-08-06,1.4307
T0003459,P0012,PL03,M00209,340.55,327.84,197.71,55.39,47.24,27.5,300.34,2026-01-08,1.1038
T0003460,P0114,PL04,M00210,488.56,474.0,289.3,83.78,69.55,31.37,442.63,2025-03-25,0.9814
T0003461,P0086,PL05,M00211,580.17,581.28,353.33,107.05,99.01,21.89,559.39,2025-09-01,0.9183
T0003462,P0072,PL06,M00212,213.6,204.74,121.81,45.48,26.87,10.58,194.16,2026-03-29,0.1791
T0003463,P0002,PL07,M00213,852.79,820.75,452.36,176.75,140.61,51.03,769.72,2026-05-28,1.1999
T0003464,P0037,PL08,M00214,495.91,506.6,314.8,97.22,63.93,30.65,475.95,2026-10-04,0.4699
T0003465,P0012,PL01,M00215,579.59,557.71,344.5,99.02,93.86,20.33,537.38,2025-07-14,0.6485
T0003466,P0047,PL02,M00216,1293.26,1304.02,701.73,313.61,188.58,100.1,1203.92,2025-01-29,1.2119
T0003467,P0080,PL03,M00217,395.66,378.91,232.41,65.98,46.74,33.78,345.13,2026-08-11,0.8131
T0003468,P0136,PL04,M00218,60.5,62.23,36.87,11.29,9.82,4.25,57.98,2026-06-26,0.7978
T0003469,P0114,PL05,M00219,354.68,341.34,191.62,62.48,56.64,30.6,310.74,2025-05-07,0.8186
T0003470,P0092,PL06,M00220,721.73,754.7,423.71,138.75,140.34,51.9,702.8,2025-12-25,1.4856
T0003471,P0114,PL07,M00221,195.73,199.72,122.57,43.57,25.67,7.91,191.81,2026-11-17,0.721
T0003472,P0017,PL08,M00222,1810.05,1735.52,970.88,395.51,227.65,141.48,1594.04,2026-05-30,1.5537
T0003473,P0039,PL01,M00223,111.14,113.87,73.79,16.5,13.97,9.61,104.26,2026-04-29,0.1047
T0003474,P0063,PL02,M00224,430.78,420.47,253.63,93.51,54.57,18.76,401.71,2025-11-07,0.5
T0003475,P0112,PL03,M00225,396.78,399.67,235.86,71.14,78.5,14.17,385.5,2026-10-07,0.8275
T0003476,P0142,PL04,M00226,134.28,131.16,75.54,23.83,22.69,9.1,122.06,2025-11-16,1.6603
T0003477,P0099,PL05,M00227,627.64,642.26,346.64,171.91,82.2,41.51,600.75,2026-11-30,1.0035
T0003478,P0058,PL06,M00228,366.1,370.85,203.73,67.67,75.45,24.0,346.85,2025-02-11,0.839
T0003479,P0010,PL07,M00229,163.11,170.05,102.53,26.98,28.24,12.3,157.75,2025-04-10,0.3681
T0003480,P0105,PL08,M00230,582.66,607.34,350.12,107.9,103.47,45.85,561.49,2026-10-14,1.1747
T0003481,P0070,PL01,M00231,1119.41,1162.4,628.52,275.98,212.96,44.94,1117.46,2026-07-16,1.0351
T0003482,P0113,PL02,M00232,990.77,987.55,554.0,220.84,162.34,50.37,937.18,2025-04-23,0.847
T0003483,P0105,PL03,M00233,296.15,310.36,175.05,69.52,43.2,22.59,287.77,2026-02-12,0.268
T0003484,P0094,PL04,M00234,145.73,145.27,82.54,34.46,18.79,9.48,135.79,2026-07-17,0.6694
T0003485,P0108,PL05,M00235,224.29,229.54,126.65,54.01,37.11,11.77,217.77,2025-12-24,0.8501
T0003486,P0128,PL06,M00236,471.08,489.38,275.14,75.78,108.08,30.38,459.0,2026-08-22,0.7623
T0003487,P0060,PL07,M00237,181.14,189.71,96.33,38.18,37.51,17.69,172.02,2026-04-23,0.983
T0003488,P0065,PL08,M00238,223.76,214.08,123.32,41.58,30.69,18.49,195.59,2025-03-26,1.1327
T0003489,P0129,PL01,M00239,1076.69,1127.06,573.42,249.58,198.63,105.43,1021.63,2025-12-20,1.3136
T0003490,P0057,PL02,M00240,151.63,151.62,94.94,24.76,24.84,7.08,144.54,2025-04-28,0.1316
T0003491,P0064,PL03,M00241,1157.09,1159.91,620.22,255.36,207.41,76.92,1082.99,2025-07-16,1.4267
T0003492,P0031,PL04,M00242,347.18,359.22,207.99,59.44,68.86,22.93,336.29,2026-05-13,0.3974
T0003493,P0084,PL05,M00243,523.86,544.25,336.92,105.32,65.31,36.7,507.55,2025-10-17,0.7676
T0003494,P0032,PL06,M00244,171.4,171.78,88.91,39.72,33.35,9.8,161.98,2025-09-19,0.2403
T0003495,P0124,PL07,M00245,15.94,16.04,8.86,3.48,2.64,1.06,14.98,2025-05-25,0.6974
T0003496,P0004,PL08,M00246,207.87,198.04,111.81,34.74,42.61,8.88,189.16,2025-06-26,0.6001
T0003497,P0027,PL01,M00247,241.7,234.25,131.85,52.1,36.79,13.51,220.74,2026-05-16,0.732
T0003498,P0075,PL02,M00248,1006.47,1005.35,632.98,157.06,143.36,71.95,933.4,2026-03-16,1.4424
T0003499,P0118,PL03,M00249,455.04,457.79,273.23,80.97,77.2,26.39,431.4,2026-04-03,1.4351
T0003500,P0104,PL04,M00250,422.34,405.0,221.17,74.42,85.6,23.81,381.19,2026-05-22,0.3883
T0003501,P0129,PL05,M00001,65.43,64.98,39.12,12.58,10.38,2.9,62.08,2026-03-26,0.1658
T0003502,P0088,PL06,M00002,99.35,100.76,59.78,16.65,17.27,7.06,93.7,2026-09-04,0.1602
T0003503,P0025,PL07,M00003,8.24,8.61,4.9,1.97,1.27,0.47,8.14,2026-11-12,0.205
T0003504,P0057,PL08,M00004,1073.34,1098.77,644.53,205.77,193.8,54.67,1044.1,2025-05-03,1.0062
T0003505,P0062,PL01,M00005,855.51,885.78,537.71,166.9,137.21,43.96,841.82,2026-11-16,0.8849
T0003506,P0097,PL02,M00006,29.84,28.43,15.89,6.5,3.73,2.31,26.12,2025-01-23,0.8123
T0003507,P0045,PL03,M00007,1135.08,1088.64,696.36,173.99,151.54,66.75,1021.89,2026-02-25,1.6852
T0003508,P0038,PL04,M00008,265.2,260.8,154.89,44.78,40.97,20.16,240.64,2026-07-18,1.2244
T0003509,P0123,PL05,M00009,1062.97,1086.37,678.57,216.29,144.68,46.83,1039.54,2025-03-21,1.0588
T0003510,P0091,PL06,M00010,730.74,733.21,424.27,113.78,149.64,45.52,687.69,2026-05-05,0.838
T0003511,P0042,PL07,M00011,109.96,114.53,62.84,21.43,20.41,9.85,104.68,2026-07-25,0.1893
T0003512,P0051,PL08,M00012,16.78,17.12,10.42,3.06,2.4,1.24,15.88,2025-10-15,0.3722
T0003513,P0046,PL01,M00013,70.71,71.6,45.88,10.38,11.38,3.96,67.64,2026-11-12,0.7868
T0003514,P0134,PL02,M00014,1117.49,1110.42,654.97,165.31,205.44,84.7,1025.72,2026-10-31,1.015
T0003515,P0054,PL03,M00015,218.24,211.48,116.33,41.9,38.44,14.81,196.67,2026-09-03,0.7394
T0003516,P0141,PL04,M00016,1164.31,1125.46,677.19,198.1,197.48,52.69,1072.77,2026-11-24,1.1121
T0003517,P0140,PL05,M00017,100.94,106.16,66.3,15.39,20.42,4.05,102.11,2025-10-02,0.8359
T0003518,P0134,PL06,M00018,1518.39,1559.17,855.82,338.85,268.66,95.84,1463.33,2026-02-25,1.5765
T0003519,P0127,PL07,M00019,8.38,8.2,4.58,1.94,1.35,0.33,7.87,2025-09-07,0.0921
T0003520,P0038,PL08,M00020,172.85,178.32,97.76,35.49,28.61,16.46,161.86,2026-03-31,1.0551
T0003521,P0108,PL01,M00021,489.84,469.87,278.12,105.91,60.79,25.05,444.82,2026-01-19,0.5395
T0003522,P0048,PL02,M00022,234.85,235.44,129.55,53.84,29.79,22.26,213.18,2025-08-02,0.2616
T0003523,P0099,PL03,M00023,174.47,169.05,98.87,33.66,23.84,12.68,156.37,2025-10-10,0.3566
T0003524,P0115,PL04,M00024,363.19,348.86,227.51,53.99,44.16,23.2,325.66,2026-05-02,0.5682
T0003525,P0019,PL05,M00025,3.67,3.8,2.37,0.74,0.47,0.22,3.58,2025-01-30,0.1152
T0003526,P0107,PL06,M00026,595.03,608.83,366.7,87.98,102.71,51.44,557.39,2025-06-11,0.8043
T0003527,P0048,PL07,M00027,565.67,545.06,341.83,95.94,60.96,46.33,498.73,2025-01-29,0.6988
T0003528,P0115,PL08,M00028,424.93,444.43,273.67,104.96,49.98,15.82,428.61,2025-07-17,0.4841
T0003529,P0127,PL01,M00029,195.46,202.51,122.15,34.67,29.51,16.18,186.33,2026-05-23,0.5887
T0003530,P0030,PL02,M00030,1315.79,1367.54,819.53,271.43,164.96,111.62,1255.92,2026-06-21,1.1954
T0003531,P0041,PL03,M00031,753.12,725.35,398.5,153.63,128.55,44.67,680.68,2025-09-27,0.7008
T0003532,P0121,PL04,M00032,226.09,233.97,134.82,45.11,36.6,17.44,216.53,2026-03-31,1.1757
T0003533,P0091,PL05,M00033,7.04,6.9,3.8,1.38,1.29,0.43,6.47,2025-02-24,0.345
T0003534,P0008,PL06,M00034,83.29,81.07,48.78,15.47,10.54,6.28,74.79,2025-04-02,0.3635
T0003535,P0134,PL07,M00035,370.84,376.44,229.75,77.3,53.27,16.12,360.32,2026-11-12,0.4
T0003536,P0017,PL08,M00036,120.28,118.8,72.97,18.76,16.04,11.03,107.77,2025-01-13,0.8486
T0003537,P0113,PL01,M00037,499.04,479.78,287.2,102.83,52.92,36.83,442.95,2025-02-28,1.528
T0003538,P0018,PL02,M00038,650.22,659.1,397.96,144.1,88.66,28.38,630.72,2026-11-08,1.2459
T0003539,P0033,PL03,M00039,126.16,130.03,74.33,27.76,18.4,9.54,120.49,2026-06-25,0.9491
T0003540,P0015,PL04,M00040,1497.86,1452.49,899.54,202.01,265.08,85.86,1366.63,2025-09-25,1.3562
T0003541,P0101,PL05,M00041,62.82,65.08,37.89,10.38,10.81,6.0,59.08,2026-12-07,0.2099
T0003542,P0070,PL06,M00042,74.35,73.21,42.17,13.81,13.13,4.1,69.11,2026-03-20,0.1119
T0003543,P0058,PL07,M00043,1083.31,1130.89,649.63,215.22,202.41,63.63,1067.26,2026-10-31,1.2851
T0003544,P0124,PL08,M00044,906.62,886.35,506.89,179.17,150.75,49.54,836.81,2026-12-02,0.9993
T0003545,P0071,PL01,M00045,592.43,572.76,342.7,104.52,99.07,26.47,546.29,2025-08-21,0.8549
T0003546,P0121,PL02,M00046,905.76,890.71,500.01,211.43,108.62,70.65,820.06,2025-08-17,0.9963
T0003547,P0124,PL03,M00047,54.34,55.48,36.81,9.86,6.6,2.21,53.27,2025-09-05,0.509
T0003548,P0143,PL04,M00048,454.32,473.55,317.67,68.87,69.53,17.48,456.07,2026-09-29,0.5114
T0003549,P0090,PL05,M00049,395.54,412.42,248.58,79.37,58.91,25.56,386.86,2025-12-29,0.3501
T0003550,P0045,PL06,M00050,129.11,134.21,81.24,26.89,20.81,5.27,128.94,2025-07-30,0.8037
T0003551,P0098,PL07,M00051,947.2,993.31,599.86,183.99,159.63,49.83,943.48,2026-10-14,0.9844
T0003552,P0052,PL08,M00052,63.22,61.71,38.33,10.21,8.41,4.76,56.95,2026-02-08,0.2364
T0003553,P0062,PL01,M00053,269.73,264.61,157.47,59.45,36.38,11.31,253.3,2025-06-14,0.6802
T0003554,P0110,PL02,M00054,252.65,249.82,149.81,42.44,40.91,16.66,233.16,2025-12-19,0.2842
T0003555,P0127,PL03,M00055,135.86,134.71,71.31,32.58,21.01,9.81,124.9,2026-10-31,0.4431
T0003556,P0039,PL04,M00056,216.36,215.3,132.68,43.54,28.79,10.29,205.01,2025-11-13,0.4085
T0003557,P0074,PL05,M00057,128.06,126.11,67.68,28.64,20.11,9.68,116.43,2026-09-25,0.1774
T0003558,P0001,PL06,M00058,619.04,597.68,324.57,130.21,97.82,45.08,552.6,2026-10-19,0.7916
T0003559,P0047,PL07,M00059,365.69,348.61,190.58,81.29,57.67,19.07,329.54,2026-02-09,0.7905
T0003560,P0150,PL08,M00060,71.68,74.38,40.61,14.67,12.62,6.48,67.9,2025-03-15,0.4042
T0003561,P0049,PL01,M00061,39.06,40.3,25.22,6.01,6.55,2.52,37.78,2026-05-02,0.403
T0003562,P0055,PL02,M00062,110.18,105.09,63.89,19.97,13.33,7.9,97.19,2025-04-17,0.3921
T0003563,P0122,PL03,M00063,687.35,671.39,428.05,102.01,97.02,44.31,627.08,2026-12-22,0.5651
T0003564,P0133,PL04,M00064,1001.75,987.27,581.55,177.08,154.19,74.45,912.82,2026-03-27,0.9952
T0003565,P0014,PL05,M00065,17.24,17.18,9.67,3.53,2.88,1.1,16.08,2026-01-20,0.747
T0003566,P0070,PL06,M00066,939.38,933.28,585.8,142.35,159.38,45.75,887.53,2026-07-11,0.8296
T0003567,P0032,PL07,M00067,584.29,561.65,298.21,119.85,108.2,35.39,526.26,2025-08-25,1.2027
T0003568,P0113,PL08,M00068,5.24,5.43,2.83,1.17,0.98,0.45,4.98,2025-11-12,0.1324
T0003569,P0026,PL01,M00069,169.01,161.07,101.23,27.35,22.84,9.65,151.42,2025-09-28,0.1525
T0003570,P0137,PL02,M00070,976.42,971.14,581.44,161.15,174.08,54.47,916.67,2025-05-20,0.9549
T0003571,P0110,PL03,M00071,119.67,122.03,66.91,31.63,17.04,6.45,115.58,2025-03-13,0.5676
T0003572,P0127,PL04,M00072,380.96,363.59,217.88,57.65,70.67,17.39,346.2,2026-03-03,0.437
T0003573,P0086,PL05,M00073,65.97,66.07,38.44,14.93,9.02,3.68,62.39,2025-04-17,0.1433
T0003574,P0020,PL06,M00074,25.54,25.98,14.03,6.11,4.69,1.15,24.83,2026-05-20,0.9622
T0003575,P0014,PL07,M00075,845.47,883.1,527.27,147.1,150.01,58.72,824.38,2025-05-21,1.4792
T0003576,P0077,PL08,M00076,545.9,534.19,336.6,89.01,79.24,29.34,504.85,2026-04-05,0.8602
T0003577,P0085,PL01,M00077,1339.27,1405.36,782.14,297.19,227.72,98.31,1307.05,2026-03-11,1.183
T0003578,P0007,PL02,M00078,423.31,437.39,247.87,96.1,72.46,20.96,416.43,2025-05-03,1.3056
T0003579,P0083,PL03,M00079,277.41,289.43,175.31,45.22,50.45,18.45,270.98,2025-08-28,0.2607
T0003580,P0083,PL04,M00080,862.14,829.01,525.89,171.71,94.43,36.98,792.03,2025-09-27,1.2227
T0003581,P0048,PL05,M00081,383.62,366.36,193.94,78.53,71.2,22.69,343.67,2025-09-27,0.5602
T0003582,P0108,PL06,M00082,68.41,67.57,41.78,11.6,11.11,3.08,64.49,2026-11-13,0.1157
T0003583,P0063,PL07,M00083,12.7,12.11,6.93,2.21,2.15,0.82,11.29,2026-09-04,0.2053
T0003584,P0123,PL08,M00084,256.7,252.33,154.8,44.63,44.14,8.76,243.57,2025-02-23,0.214
T0003585,P0011,PL01,M00085,11.15,11.3,6.84,2.19,1.51,0.76,10.54,2025-02-20,0.1314
T0003586,P0138,PL02,M00086,209.35,204.2,114.71,41.91,39.52,8.06,196.14,2025-10-30,0.2805
T0003587,P0081,PL03,M00087,191.69,185.1,106.75,34.15,36.33,7.87,177.23,2026-03-12,0.2118
T0003588,P0044,PL04,M00088,436.47,436.7,242.41,100.14,62.37,31.78,404.92,2026-06-04,0.5486
T0003589,P0028,PL05,M00089,43.45,44.59,27.82,6.3,7.39,3.08,41.51,2025-11-12,0.8257
T0003590,P0124,PL06,M00090,403.73,403.51,214.22,92.09,68.18,29.02,374.49,2026-05-08,1.019
T0003591,P0032,PL07,M00091,706.69,699.01,401.96,146.73,106.4,43.92,655.09,2026-12-19,0.7366
T0003592,P0108,PL08,M00092,737.72,744.58,412.05,132.32,165.55,34.66,709.92,2025-10-12,0.9823
T0003593,P0048,PL01,M00093,170.11,176.09,91.38,44.45,29.42,10.84,165.25,2026-07-10,1.1979
T0003594,P0127,PL02,M00094,462.36,467.76,266.42,76.56,90.23,34.55,433.21,2026-11-29,1.4132
T0003595,P0136,PL03,M00095,92.42,90.22,48.63,21.38,11.81,8.4,81.82,2025-11-03,0.1419
T0003596,P0149,PL04,M00096,599.74,612.63,356.31,133.43,74.06,48.83,563.8,2026-02-19,1.0177
T0003597,P0123,PL05,M00097,626.39,640.08,406.65,91.05,119.96,22.42,617.66,2026-02-11,1.2054
T0003598,P0026,PL06,M00098,307.26,316.41,185.33,68.39,43.18,19.51,296.9,2025-04-25,0.3366
T0003599,P0103,PL07,M00099,150.87,146.0,88.88,30.35,20.41,6.36,139.64,2026-12-12,0.8249
T0003600,P0054,PL08,M00100,681.24,671.03,396.7,113.52,107.27,53.54,617.49,2026-10-27,0.7231
T0003601,P0148,PL01,M00101,77.56,75.87,45.38,14.19,10.22,6.08,69.79,2026-04-04,1.2043
T0003602,P0012,PL02,M00102,571.79,552.55,337.11,104.72,88.71,22.01,530.54,2026-03-02,0.956
T0003603,P0015,PL03,M00103,1001.83,1035.19,514.53,252.27,180.33,88.06,947.13,2026-04-25,1.3675
T0003604,P0138,PL04,M00104,1344.32,1383.37,880.2,274.3,173.41,55.46,1327.91,2026-10-18,1.4593
T0003605,P0092,PL05,M00105,730.16,755.06,465.78,111.08,127.83,50.37,704.69,2026-07-17,1.0802
T0003606,P0070,PL06,M00106,14.94,14.46,7.97,2.54,2.77,1.18,13.28,2025-12-13,0.9038
T0003607,P0121,PL07,M00107,270.02,258.89,136.78,63.85,44.6,13.66,245.23,2026-04-06,0.9346
T0003608,P0143,PL08,M00108,702.71,739.49,467.67,110.03,109.21,52.58,686.91,2026-05-25,1.3019
T0003609,P0139,PL01,M00109,622.83,596.28,362.62,107.36,92.83,33.47,562.81,2026-03-10,1.5173
T0003610,P0093,PL02,M00110,197.86,192.81,119.75,33.77,25.92,13.37,179.44,2025-10-20,1.5425
T0003611,P0135,PL03,M00111,122.92,121.15,78.79,17.22,19.36,5.78,115.37,2026-04-24,0.4107
T0003612,P0149,PL04,M00112,58.85,61.38,34.4,11.8,10.27,4.91,56.47,2026-11-28,1.1367
T0003613,P0110,PL05,M00113,670.74,655.04,393.16,138.15,97.06,26.67,628.37,2025-03-17,0.665
T0003614,P0079,PL06,M00114,13.72,14.15,8.47,3.42,1.58,0.68,13.47,2025-07-21,0.3011
T0003615,P0072,PL07,M00115,140.31,142.4,81.93,24.67,21.46,14.34,128.06,2025-06-29,0.243
T0003616,P0045,PL08,M00116,485.82,496.71,254.36,111.99,91.81,38.55,458.16,2025-05-01,0.7947
T0003617,P0112,PL01,M00117,159.27,167.23,97.47,34.1,26.35,9.31,157.92,2025-04-07,0.231
T0003618,P0099,PL02,M00118,757.77,787.05,447.85,168.95,132.39,37.86,749.19,2025-03-02,0.8784
T0003619,P0074,PL03,M00119,797.43,794.59,489.07,141.24,132.21,32.07,762.52,2026-05-09,0.7257
T0003620,P0063,PL04,M00120,557.07,553.14,327.36,133.62,64.62,27.54,525.6,2025-02-24,1.4672
T0003621,P0092,PL05,M00121,509.49,490.06,254.21,103.96,91.74,40.15,449.91,2026-02-15,0.7154
T0003622,P0131,PL06,M00122,353.73,362.58,209.45,64.16,69.78,19.19,343.39,2026-11-23,0.3761
T0003623,P0146,PL07,M00123,183.17,183.15,109.66,36.78,27.51,9.2,173.95,2026-11-13,1.0648
T0003624,P0022,PL08,M00124,72.13,71.63,42.81,14.43,11.34,3.05,68.58,2026-07-06,0.1169
T0003625,P0047,PL01,M00125,245.18,243.7,136.51,49.58,46.02,11.59,232.11,2026-01-26,1.1335
T0003626,P0003,PL02,M00126,190.26,187.7,112.15,33.75,27.29,14.51,173.19,2026-12-23,0.8571
T0003627,P0094,PL03,M00127,1313.04,1358.83,714.04,293.25,252.94,98.6,1260.23,2025-07-04,1.2432
T0003628,P0017,PL04,M00128,77.98,81.36,43.22,17.36,13.52,7.26,74.1,2025-08-03,1.13
T0003629,P0015,PL05,M00129,246.3,234.75,130.16,44.23,41.03,19.33,215.42,2025-08-13,1.6302
T0003630,P0128,PL06,M00130,8.3,7.92,4.18,1.61,1.65,0.48,7.44,2025-01-29,0.3443
T0003631,P0124,PL07,M00131,230.85,220.03,127.37,47.87,35.06,9.73,210.3,2025-08-30,1.2224
T0003632,P0041,PL08,M00132,76.29,75.91,45.4,11.03,14.39,5.09,70.82,2026-07-19,0.1395
T0003633,P0044,PL01,M00133,343.54,345.51,201.12,76.92,54.57,12.9,332.61,2026-02-17,1.8778
T0003634,P0008,PL02,M00134,268.13,275.42,151.35,60.16,50.54,13.37,262.05,2026-07-25,0.4372
T0003635,P0105,PL03,M00135,265.14,278.24,175.4,51.23,36.07,15.54,262.7,2026-09-18,0.8722
T0003636,P0112,PL04,M00136,142.07,142.95,81.26,27.51,26.44,7.74,135.21,2026-05-22,1.2878
T0003637,P0046,PL05,M00137,1199.15,1179.8,595.61,280.3,244.03,59.86,1119.94,2025-10-07,1.4214
T0003638,P0126,PL06,M00138,619.61,598.75,351.83,95.7,96.75,54.47,544.28,2025-04-23,1.1129
T0003639,P0015,PL07,M00139,165.52,172.61,105.98,32.52,20.6,13.51,159.1,2025-04-10,0.1502
T0003640,P0126,PL08,M00140,1245.04,1294.16,695.24,300.36,189.19,109.37,1184.79,2025-06-24,1.6361
T0003641,P0036,PL01,M00141,527.14,539.69,322.93,75.95,95.26,45.55,494.14,2025-10-13,0.9939
T0003642,P0085,PL02,M00142,358.98,346.46,191.39,66.15,59.34,29.58,316.88,2025-02-14,0.7294
T0003643,P0076,PL03,M00143,120.58,125.59,71.75,28.15,15.98,9.71,115.88,2026-03-31,0.2365
T0003644,P0138,PL04,M00144,787.44,796.51,450.85,123.88,166.35,55.43,741.08,2026-01-27,0.8762
T0003645,P0058,PL05,M00145,623.72,634.39,415.87,106.43,87.33,24.76,609.63,2026-11-19,0.656
T0003646,P0127,PL06,M00146,8.27,7.93,4.51,1.35,1.29,0.78,7.15,2025-02-08,0.2087
T0003647,P0115,PL07,M00147,521.27,533.35,319.91,79.36,93.28,40.8,492.55,2025-01-06,0.4666
T0003648,P0012,PL08,M00148,711.59,711.28,440.34,108.34,134.66,27.94,683.34,2026-05-10,0.8028
T0003649,P0031,PL01,M00149,58.06,57.28,32.88,10.2,11.55,2.65,54.63,2026-08-24,0.1332
T0003650,P0137,PL02,M00150,374.67,385.24,211.26,75.26,67.47,31.25,353.99,2026-09-30,0.9373
T0003651,P0012,PL03,M00151,896.3,863.39,498.11,174.46,139.86,50.96,812.43,2025-04-15,1.5473
T0003652,P0024,PL04,M00152,202.58,206.95,129.99,35.53,28.57,12.86,194.09,2026-07-07,0.5947
T0003653,P0039,PL05,M00153,1424.7,1415.67,925.71,210.35,215.63,63.98,1351.69,2026-07-07,1.3947
T0003654,P0062,PL06,M00154,42.56,42.67,24.72,7.97,6.66,3.32,39.35,2026-02-12,0.3115
T0003655,P0097,PL07,M00155,1054.36,1028.01,594.16,228.89,120.47,84.49,943.52,2026-03-25,1.1397
T0003656,P0014,PL08,M00156,248.01,249.78,138.83,41.7,44.94,24.31,225.47,2025-07-17,0.3348
T0003657,P0071,PL01,M00157,145.38,140.45,76.19,27.38,27.71,9.17,131.28,2025-12-01,1.3505
T0003658,P0053,PL02,M00158,1709.81,1667.49,1034.55,238.91,244.26,149.77,1517.72,2026-04-20,1.6205
T0003659,P0002,PL03,M00159,501.99,515.45,258.04,132.25,84.4,40.76,474.69,2025-02-22,0.6387
T0003660,P0007,PL04,M00160,343.99,347.54,205.96,70.47,47.17,23.94,323.6,2026-08-01,0.6034
T0003661,P0128,PL05,M00161,317.13,317.17,189.25,69.67,45.25,13.0,304.17,2026-12-15,0.3985
T0003662,P0081,PL06,M00162,74.87,77.21,39.94,18.58,14.65,4.04,73.17,2026-09-18,0.1526
T0003663,P0030,PL07,M00163,21.22,22.06,12.28,4.35,3.76,1.67,20.39,2025-09-27,1.2256
T0003664,P0084,PL08,M00164,277.94,281.18,158.28,71.36,35.68,15.86,265.32,2026-07-13,0.4123
T0003665,P0131,PL01,M00165,557.85,553.95,338.99,89.83,89.54,35.59,518.36,2026-01-27,0.5347
T0003666,P0019,PL02,M00166,1311.86,1256.43,745.28,272.39,189.16,49.6,1206.83,2026-07-04,1.6381
T0003667,P0089,PL03,M00167,233.1,243.3,132.18,52.42,44.08,14.62,228.68,2026-05-01,0.3244
T0003668,P0024,PL04,M00168,71.23,69.76,39.19,13.0,14.11,3.46,66.3,2025-01-26,0.32
T0003669,P0085,PL05,M00169,1171.29,1145.04,638.2,212.32,204.34,90.18,1054.86,2026-01-18,0.9558
T0003670,P0147,PL06,M00170,380.43,395.12,229.54,78.02,65.93,21.63,373.49,2026-01-27,0.7145
T0003671,P0013,PL07,M00171,81.58,82.57,49.8,16.06,10.19,6.52,76.05,2025-07-28,0.7243
T0003672,P0053,PL08,M00172,568.33,544.18,285.94,127.74,87.6,42.9,501.28,2025-07-28,0.8806
T0003673,P0049,PL01,M00173,275.88,267.69,164.22,46.08,40.15,17.24,250.45,2026-08-16,0.4325
T0003674,P0072,PL02,M00174,603.29,581.53,332.37,139.32,83.4,26.44,555.09,2026-12-11,0.6677
T0003675,P0028,PL03,M00175,1005.39,1016.82,644.5,168.65,166.37,37.3,979.52,2026-12-20,1.0981
T0003676,P0072,PL04,M00176,190.95,192.9,116.32,29.21,34.2,13.17,179.73,2025-07-23,0.4384
T0003677,P0007,PL05,M00177,257.98,247.02,135.72,37.95,55.47,17.88,229.14,2025-05-29,0.7624
T0003678,P0132,PL06,M00178,130.26,130.67,71.68,33.54,16.16,9.29,121.38,2026-01-24,0.1351
T0003679,P0110,PL07,M00179,736.01,760.48,427.0,142.21,135.16,56.11,704.37,2026-09-13,0.8884
T0003680,P0049,PL08,M00180,797.15,783.24,471.39,122.65,111.54,77.66,705.58,2025-05-31,0.6723
T0003681,P0093,PL01,M00181,1254.47,1310.1,708.93,277.28,204.12,119.77,1190.33,2026-12-05,1.2108
T0003682,P0049,PL02,M00182,784.86,798.53,432.26,153.07,142.89,70.31,728.22,2026-02-28,0.8388
T0003683,P0004,PL03,M00183,1137.28,1119.87,685.35,178.78,169.89,85.85,1034.02,2026-02-01,1.3541
T0003684,P0044,PL04,M00184,315.42,322.48,170.48,63.61,65.9,22.49,299.99,2025-06-17,0.581
T0003685,P0026,PL05,M00185,1245.89,1244.0,747.37,232.04,163.36,101.23,1142.77,2026-10-09,1.3178
T0003686,P0140,PL06,M00186,260.53,262.07,148.03,46.29,48.24,19.51,242.56,2025-01-05,0.4862
T0003687,P0050,PL07,M00187,1221.03,1259.55,726.55,314.56,170.76,47.68,1211.87,2026-07-01,1.4612
T0003688,P0056,PL08,M00188,1020.55,1011.0,623.12,188.97,143.76,55.15,955.85,2025-07-07,0.9702
T0003689,P0078,PL01,M00189,43.56,45.15,25.3,10.67,6.92,2.26,42.89,2026-08-15,0.7653
T0003690,P0062,PL02,M00190,82.25,84.72,49.37,14.81,15.45,5.09,79.63,2025-12-09,0.3716
T0003691,P0139,PL03,M00191,650.45,626.23,364.75,95.9,110.52,55.06,571.17,2025-11-24,1.2754
T0003692,P0100,PL04,M00192,385.9,370.83,220.94,78.77,42.71,28.41,342.42,2026-11-16,0.6587
T0003693,P0058,PL05,M00193,772.39,800.03,430.91,189.33,118.36,61.43,738.6,2025-06-12,1.0959
T0003694,P0071,PL06,M00194,706.63,736.09,463.71,138.67,93.32,40.39,695.7,2026-03-28,1.3941
T0003695,P0125,PL07,M00195,786.01,802.95,482.69,171.61,100.44,48.21,754.74,2026-09-22,1.2203
T0003696,P0109,PL08,M00196,331.19,331.02,209.69,59.01,48.21,14.11,316.91,2026-07-30,0.3521
T0003697,P0012,PL01,M00197,13.87,14.45,7.72,3.63,2.48,0.62,13.83,2026-09-23,0.2491
T0003698,P0138,PL02,M00198,677.58,656.89,377.05,136.42,95.3,48.12,608.77,2026-07-25,1.4374
T0003699,P0065,PL03,M00199,1104.89,1100.09,670.2,203.64,183.6,42.65,1057.44,2025-06-08,1.0619
T0003700,P0142,PL04,M00200,1980.74,1997.58,1182.18,461.43,279.38,74.59,1922.99,2026-05-25,1.7295
T0003701,P0060,PL05,M00201,19.0,19.66,11.04,4.05,2.95,1.62,18.04,2025-05-30,1.0922
T0003702,P0010,PL06,M00202,165.81,161.11,93.55,35.47,22.58,9.51,151.6,2026-10-14,0.1794
T0003703,P0083,PL07,M00203,1031.44,1024.98,525.77,223.0,187.38,88.83,936.15,2026-02-06,1.4539
T0003704,P0126,PL08,M00204,398.6,395.61,237.34,77.99,58.54,21.74,373.87,2026-02-14,1.1988
T0003705,P0118,PL01,M00205,111.63,115.57,68.77,18.83,23.49,4.48,111.09,2026-08-08,0.9246
T0003706,P0028,PL02,M00206,151.02,151.9,87.78,30.81,27.92,5.39,146.51,2026-08-07,0.164
T0003707,P0065,PL03,M00207,224.12,234.77,140.55,42.09,31.23,20.9,213.87,2025-08-07,0.7573
T0003708,P0080,PL04,M00208,703.81,720.06,413.63,108.89,138.51,59.03,661.03,2025-09-21,1.1304
T0003709,P0128,PL05,M00209,130.44,135.44,82.11,29.51,18.39,5.43,130.01,2025-07-17,0.2467
T0003710,P0128,PL06,M00210,627.99,599.43,361.73,86.72,95.86,55.12,544.31,2026-07-17,0.8046
T0003711,P0089,PL07,M00211,406.17,393.45,231.27,67.02,74.18,20.98,372.47,2025-03-13,1.1404
T0003712,P0071,PL08,M00212,66.76,65.56,38.58,13.5,8.3,5.18,60.38,2025-04-12,1.2855
T0003713,P0074,PL01,M00213,589.22,605.99,368.78,120.16,73.07,43.98,562.01,2026-10-21,1.2731
T0003714,P0073,PL02,M00214,1044.7,1080.0,562.35,258.26,166.45,92.94,987.06,2026-05-26,1.759
T0003715,P0039,PL03,M00215,525.71,551.88,316.2,126.5,89.98,19.2,532.68,2026-09-28,1.2486
T0003716,P0009,PL04,M00216,851.44,837.84,449.44,205.24,109.04,74.12,763.72,2025-03-18,0.7088
T0003717,P0034,PL05,M00217,280.21,267.0,166.07,51.94,38.46,10.53,256.47,2026-10-14,0.978
T0003718,P0133,PL06,M00218,16.91,17.36,10.13,3.24,2.39,1.6,15.76,2025-07-04,0.1113
T0003719,P0068,PL07,M00219,541.96,549.78,326.28,94.62,104.25,24.63,525.15,2025-09-25,0.7004
T0003720,P0007,PL08,M00220,39.86,41.69,21.5,9.21,7.63,3.35,38.34,2026-04-24,0.8175
T0003721,P0116,PL01,M00221,811.55,820.23,436.05,202.37,148.73,33.08,787.15,2025-11-27,1.4621
T0003722,P0026,PL02,M00222,213.47,218.66,140.98,40.78,28.19,8.71,209.95,2025-06-17,0.5709
T0003723,P0150,PL03,M00223,784.09,801.61,431.01,192.53,141.04,37.03,764.58,2026-07-21,0.8341
T0003724,P0006,PL04,M00224,209.38,206.86,127.83,36.07,33.2,9.76,197.1,2026-10-23,0.7495
T0003725,P0110,PL05,M00225,328.45,318.92,178.75,63.22,51.27,25.68,293.24,2025-07-27,0.3404
T0003726,P0062,PL06,M00226,766.84,746.13,439.0,150.11,105.81,51.21,694.92,2026-09-29,0.698
T0003727,P0145,PL07,M00227,574.89,577.88,301.31,154.81,76.25,45.51,532.37,2025-07-19,0.5386
T0003728,P0146,PL08,M00228,451.79,463.55,286.53,77.36,74.87,24.79,438.76,2026-01-07,0.4257
T0003729,P0148,PL01,M00229,288.84,291.51,155.89,64.37,53.83,17.42,274.09,2026-09-10,0.8353
T0003730,P0058,PL02,M00230,104.54,103.28,55.48,23.15,17.53,7.12,96.16,2026-10-21,0.2407
T0003731,P0099,PL03,M00231,1144.98,1183.66,654.78,192.93,240.56,95.39,1088.27,2026-05-22,1.3512
T0003732,P0128,PL04,M00232,484.6,492.66,305.28,77.66,70.91,38.81,453.85,2025-02-14,0.5611
T0003733,P0002,PL05,M00233,281.76,271.73,159.09,50.41,48.56,13.67,258.06,2026-04-21,1.0573
T0003734,P0001,PL06,M00234,611.47,629.06,376.86,144.21,77.13,30.86,598.2,2025-04-08,1.3948
T0003735,P0128,PL07,M00235,731.1,715.7,408.47,126.36,113.05,67.82,647.88,2026-12-02,0.8969
T0003736,P0067,PL08,M00236,1063.09,1051.13,599.95,189.89,204.54,56.75,994.38,2025-12-23,0.9444
T0003737,P0065,PL01,M00237,750.36,739.95,411.83,153.65,117.44,57.03,682.92,2026-10-29,1.3261
T0003738,P0046,PL02,M00238,439.6,432.91,247.74,97.7,51.36,36.11,396.8,2026-10-30,1.021
T0003739,P0091,PL03,M00239,583.78,593.89,361.12,135.31,75.94,21.52,572.37,2026-11-12,1.2424
T0003740,P0023,PL04,M00240,105.49,109.57,67.18,18.75,19.11,4.53,105.04,2025-06-09,1.5218
T0003741,P0096,PL05,M00241,1131.9,1138.41,696.54,208.61,145.49,87.77,1050.64,2025-10-08,1.2806
T0003742,P0086,PL06,M00242,287.01,288.1,165.82,58.73,51.83,11.72,276.38,2025-04-05,0.5117
T0003743,P0078,PL07,M00243,544.92,553.62,328.92,129.38,63.78,31.54,522.08,2026-01-23,0.7209
T0003744,P0123,PL08,M00244,171.89,172.91,102.65,35.63,25.61,9.02,163.89,2025-05-23,0.2762
T0003745,P0063,PL01,M00245,887.74,884.88,564.29,152.39,122.57,45.63,839.25,2025-06-05,1.4318
T0003746,P0097,PL02,M00246,583.89,561.62,340.86,123.91,64.68,32.17,529.45,2025-04-11,1.2183
T0003747,P0140,PL03,M00247,14.6,14.63,9.0,2.11,2.45,1.07,13.56,2025-10-31,1.463
T0003748,P0097,PL04,M00248,1026.98,985.05,619.81,130.71,182.34,52.19,932.86,2026-08-13,1.3494
T0003749,P0118,PL05,M00249,674.72,706.86,433.46,116.78,92.73,63.89,642.97,2026-03-20,1.0259
T0003750,P0052,PL06,M00250,1551.27,1498.71,885.04,345.95,194.71,73.01,1425.7,2026-09-16,1.2615
T0003751,P0018,PL07,M00001,290.27,303.2,206.36,47.1,35.86,13.88,289.32,2026-09-23,0.9595
T0003752,P0145,PL08,M00002,1752.62,1680.29,1053.83,262.69,210.72,153.05,1527.24,2026-04-26,1.5988
T0003753,P0111,PL01,M00003,1573.61,1580.15,806.58,313.97,320.29,139.31,1440.84,2026-07-05,1.7083
T0003754,P0084,PL02,M00004,1523.63,1574.96,919.46,306.74,255.99,92.77,1482.19,2026-03-27,1.5609
T0003755,P0116,PL03,M00005,30.99,31.88,18.23,5.39,5.43,2.83,29.05,2025-08-10,0.1687
T0003756,P0076,PL04,M00006,861.55,890.93,531.5,197.94,95.09,66.4,824.53,2026-07-02,1.3899
T0003757,P0146,PL05,M00007,363.43,367.5,241.24,61.9,50.55,13.81,353.69,2025-11-30,1.0411
T0003758,P0058,PL06,M00008,86.97,86.73,49.6,16.5,15.56,5.07,81.66,2026-07-06,0.6285
T0003759,P0013,PL07,M00009,983.52,982.34,517.4,193.99,198.73,72.22,910.12,2026-03-27,1.0976
T0003760,P0058,PL08,M00010,827.07,815.96,488.48,131.67,140.93,54.88,761.08,2026-09-12,1.5338
T0003761,P0112,PL01,M00011,16.29,16.45,9.83,3.07,2.89,0.66,15.79,2026-12-04,0.136
T0003762,P0075,PL02,M00012,158.41,152.35,85.64,28.61,26.69,11.41,140.94,2025-03-16,0.8706
T0003763,P0042,PL03,M00013,1289.51,1238.5,636.93,323.3,171.21,107.06,1131.44,2026-09-16,1.4605
T0003764,P0003,PL04,M00014,770.89,800.31,445.0,160.9,129.08,65.33,734.98,2025-06-07,0.8068
T0003765,P0051,PL05,M00015,156.09,152.51,86.33,34.32,25.39,6.47,146.04,2025-08-25,0.2012
T0003766,P0080,PL06,M00016,628.29,641.79,361.03,135.6,87.88,57.28,584.51,2025-06-05,1.0155
T0003767,P0055,PL07,M00017,127.8,127.26,77.59,24.95,18.03,6.69,120.57,2026-06-03,0.169
T0003768,P0035,PL08,M00018,1229.56,1249.02,738.71,168.93,238.23,103.15,1145.87,2026-09-30,1.3621
T0003769,P0045,PL01,M00019,619.31,629.91,381.23,109.65,82.29,56.74,573.17,2026-03-09,0.8421
T0003770,P0031,PL02,M00020,713.84,712.52,400.5,166.5,84.33,61.19,651.33,2025-01-05,1.0121
T0003771,P0093,PL03,M00021,197.8,195.67,109.46,34.99,35.34,15.88,179.79,2026-07-13,0.3777
T0003772,P0043,PL04,M00022,297.08,303.01,154.51,68.52,56.91,23.07,279.94,2026-04-19,0.9589
T0003773,P0124,PL05,M00023,438.49,455.9,270.46,80.42,79.5,25.52,430.38,2025-12-24,0.5094
T0003774,P0084,PL06,M00024,136.52,142.62,87.88,21.18,21.38,12.18,130.44,2026-12-28,0.1319
T0003775,P0133,PL07,M00025,255.84,249.19,139.78,48.77,36.67,23.97,225.22,2026-07-09,0.6341
T0003776,P0041,PL08,M00026,1563.36,1525.56,948.4,227.81,275.9,73.45,1452.11,2026-03-15,1.4571
T0003777,P0037,PL01,M00027,260.99,254.07,153.14,48.83,39.69,12.41,241.66,2025-05-20,1.4194
T0003778,P0007,PL02,M00028,829.41,867.64,473.59,203.47,125.96,64.62,803.02,2026-04-06,1.3882
T0003779,P0131,PL03,M00029,473.89,473.39,259.91,109.56,67.59,36.33,437.06,2026-12-16,1.0686
T0003780,P0086,PL04,M00030,456.54,468.31,272.09,87.84,76.86,31.52,436.79,2026-12-08,0.4477
T0003781,P0100,PL05,M00031,998.63,982.89,579.99,194.56,153.6,54.74,928.15,2025-08-17,1.049
T0003782,P0041,PL06,M00032,293.42,284.55,173.61,59.7,40.65,10.59,273.96,2025-12-07,0.3579
T0003783,P0069,PL07,M00033,1455.4,1425.62,889.22,317.88,158.73,59.79,1365.83,2025-09-20,1.2206
T0003784,P0111,PL08,M00034,435.98,432.31,234.14,79.21,85.59,33.37,398.94,2025-02-15,1.0196
T0003785,P0037,PL01,M00035,190.25,193.86,104.35,40.11,42.2,7.2,186.66,2025-06-05,0.2454
T0003786,P0028,PL02,M00036,359.24,352.89,211.97,67.89,57.54,15.49,337.4,2026-12-19,0.6892
T0003787,P0009,PL03,M00037,783.46,823.96,430.86,193.67,168.39,31.04,792.92,2025-06-30,1.0364
T0003788,P0141,PL04,M00038,1420.64,1412.29,745.05,312.61,292.6,62.03,1350.26,2025-01-02,1.3174
T0003789,P0053,PL05,M00039,27.88,29.0,14.06,7.06,5.44,2.44,26.56,2025-06-28,0.4677
T0003790,P0070,PL06,M00040,353.56,339.25,211.64,44.43,62.07,21.11,318.14,2025-09-25,0.3362
T0003791,P0144,PL07,M00041,160.23,160.78,102.29,26.86,22.47,9.16,151.62,2026-03-03,1.0176
T0003792,P0121,PL08,M00042,599.74,582.34,348.47,92.44,87.89,53.54,528.8,2025-09-04,0.5771
T0003793,P0135,PL01,M00043,378.56,392.72,236.75,89.06,48.27,18.64,374.08,2025-02-03,0.6759
T0003794,P0113,PL02,M00044,87.62,87.53,48.0,18.88,13.02,7.63,79.9,2026-01-01,0.109
T0003795,P0046,PL03,M00045,195.64,199.58,108.36,42.5,37.1,11.62,187.96,2025-01-18,0.672
T0003796,P0056,PL04,M00046,157.85,160.1,97.74,23.35,26.62,12.39,147.71,2025-01-25,0.2938
T0003797,P0089,PL05,M00047,356.89,373.21,209.13,85.33,62.31,16.44,356.77,2025-01-10,1.7943
T0003798,P0102,PL06,M00048,105.14,102.17,58.58,21.11,16.91,5.57,96.6,2025-03-07,0.3105
T0003799,P0144,PL07,M00049,81.95,78.62,43.79,12.48,15.13,7.22,71.4,2026-10-31,0.1213
T0003800,P0120,PL08,M00050,426.0,425.55,254.45,66.32,73.18,31.6,393.95,2026-02-17,1.4091
T0003801,P0053,PL01,M00051,192.71,200.6,104.63,49.34,39.3,7.33,193.27,2025-01-08,0.4197
T0003802,P0080,PL02,M00052,259.98,271.73,157.59,66.93,36.41,10.8,260.93,2025-03-11,0.4792
T0003803,P0053,PL03,M00053,45.49,45.68,25.72,8.88,7.79,3.29,42.39,2025-12-13,0.1711
T0003804,P0001,PL04,M00054,126.52,121.09,67.74,30.43,16.0,6.92,114.17,2025-06-03,0.1883
T0003805,P0099,PL05,M00055,1616.68,1584.15,939.88,302.15,289.6,52.52,1531.63,2025-02-21,1.4819
T0003806,P0008,PL06,M00056,113.51,115.24,67.21,23.35,18.15,6.53,108.71,2026-12-21,0.1856
T0003807,P0069,PL07,M00057,97.22,92.81,49.9,16.69,18.94,7.28,85.53,2026-10-26,0.1234
T0003808,P0075,PL08,M00058,463.9,455.47,242.3,79.07,91.29,42.81,412.66,2026-01-05,0.7617
T0003809,P0097,PL01,M00059,213.25,208.38,135.33,34.01,27.65,11.39,196.99,2025-01-03,0.9261
T0003810,P0117,PL02,M00060,346.15,347.39,188.66,79.62,60.07,19.04,328.35,2025-12-24,1.3623
T0003811,P0103,PL03,M00061,800.49,813.04,489.83,165.95,126.7,30.56,782.48,2025-01-22,1.0025
T0003812,P0111,PL04,M00062,928.27,938.89,560.56,201.43,111.42,65.48,873.41,2026-09-11,1.0669
T0003813,P0001,PL05,M00063,1507.09,1565.42,863.85,375.36,261.44,64.77,1500.65,2025-05-26,1.3636
T0003814,P0076,PL06,M00064,292.91,296.05,172.71,53.89,55.89,13.56,282.49,2026-01-21,0.5618
T0003815,P0076,PL07,M00065,102.63,103.01,55.51,22.04,18.4,7.06,95.95,2026-03-25,0.2259
T0003816,P0005,PL08,M00066,499.96,496.74,293.85,93.18,79.74,29.97,466.77,2026-10-06,0.6842
T0003817,P0053,PL01,M00067,26.01,25.41,14.27,5.01,4.0,2.13,23.28,2026-08-31,0.127
T0003818,P0111,PL02,M00068,112.38,110.33,62.41,20.03,21.39,6.5,103.83,2025-04-30,0.1206
T0003819,P0093,PL03,M00069,284.54,274.62,159.55,50.83,37.38,26.86,247.76,2025-06-21,0.394
T0003820,P0008,PL04,M00070,345.48,358.42,186.51,78.26,65.2,28.45,329.97,2025-07-11,0.4985
T0003821,P0090,PL05,M00071,613.07,596.45,338.64,107.97,111.28,38.56,557.89,2026-09-21,1.067
T0003822,P0027,PL06,M00072,296.43,296.78,165.34,72.99,47.18,11.27,285.51,2026-09-26,0.2645
T0003823,P0099,PL07,M00073,1035.66,1047.67,598.82,205.11,176.1,67.64,980.03,2026-01-27,1.2369
T0003824,P0067,PL08,M00074,173.55,178.34,108.84,33.54,27.27,8.69,169.65,2025-02-18,1.3933
T0003825,P0145,PL01,M00075,551.37,530.19,299.96,98.77,95.01,36.45,493.74,2026-08-11,0.7174
T0003826,P0086,PL02,M00076,206.34,201.14,117.99,36.17,38.13,8.85,192.29,2025-12-19,0.3846
T0003827,P0139,PL03,M00077,947.23,980.4,600.93,148.58,171.95,58.94,921.46,2026-11-20,1.4006
T0003828,P0136,PL04,M00078,101.48,97.83,51.4,25.3,14.47,6.66,91.17,2025-12-24,1.0086
T0003829,P0014,PL05,M00079,1988.67,1930.23,1122.27,418.15,247.93,141.88,1788.35,2025-08-19,1.6626
T0003830,P0017,PL06,M00080,204.77,212.64,117.79,52.78,28.99,13.08,199.56,2026-12-14,0.8147
T0003831,P0079,PL07,M00081,64.95,67.83,36.49,13.29,11.91,6.14,61.69,2026-05-12,0.1174
T0003832,P0054,PL08,M00082,274.37,283.28,146.34,62.29,55.57,19.08,264.2,2026-03-21,0.4461
T0003833,P0119,PL01,M00083,271.43,272.86,173.16,49.15,32.43,18.12,254.74,2025-11-19,0.7932
T0003834,P0011,PL02,M00084,173.77,175.04,109.0,29.74,25.48,10.82,164.22,2025-08-22,1.0236
T0003835,P0060,PL03,M00085,53.13,51.9,29.1,8.43,10.55,3.82,48.08,2025-09-29,0.1294
T0003836,P0141,PL04,M00086,135.74,132.69,70.95,22.23,26.14,13.37,119.32,2026-01-29,0.1486
T0003837,P0061,PL05,M00087,349.86,348.52,212.3,77.4,39.93,18.89,329.63,2025-10-02,0.6943
T0003838,P0074,PL06,M00088,210.93,214.04,124.34,38.05,34.64,17.01,197.03,2025-09-27,0.5419
T0003839,P0074,PL07,M00089,1449.49,1384.7,797.14,266.44,266.35,54.77,1329.93,2025-04-22,1.7506
T0003840,P0031,PL08,M00090,1314.35,1310.36,735.12,291.84,239.86,43.54,1266.82,2025-12-19,1.9499
T0003841,P0102,PL01,M00091,472.48,470.7,265.28,72.6,94.87,37.95,432.75,2025-04-11,0.4267
T0003842,P0069,PL02,M00092,468.72,476.02,254.04,122.53,60.8,38.65,437.37,2026-06-20,0.4201
T0003843,P0111,PL03,M00093,896.39,856.73,528.45,134.16,133.61,60.51,796.22,2026-01-18,0.7984
T0003844,P0073,PL04,M00094,789.65,823.55,448.87,190.82,113.19,70.67,752.88,2026-11-19,0.9887
T0003845,P0140,PL05,M00095,460.09,451.38,277.11,77.16,56.61,40.5,410.88,2025-02-04,0.992
T0003846,P0035,PL06,M00096,339.81,342.17,199.58,58.21,61.63,22.75,319.42,2026-04-08,0.8108
T0003847,P0146,PL07,M00097,127.1,127.45,79.85,22.83,15.67,9.1,118.35,2025-08-24,0.7283
T0003848,P0025,PL08,M00098,762.54,733.65,460.83,115.72,117.18,39.92,693.73,2026-07-23,1.5034
T0003849,P0020,PL01,M00099,825.1,814.12,428.79,196.32,144.02,44.99,769.13,2025-04-16,1.1355
T0003850,P0125,PL02,M00100,165.64,160.64,88.02,28.29,33.27,11.06,149.58,2025-07-24,0.1901
T0003851,P0131,PL03,M00101,595.02,606.32,340.03,140.44,87.23,38.62,567.7,2025-01-14,0.9415
T0003852,P0008,PL04,M00102,117.21,119.16,68.73,19.7,20.82,9.91,109.25,2025-12-13,0.6272
T0003853,P0085,PL05,M00103,876.44,853.09,496.92,166.09,152.26,37.82,815.27,2026-10-26,1.8267
T0003854,P0133,PL06,M00104,449.22,434.49,262.54,76.57,56.99,38.39,396.1,2026-10-24,0.7623
T0003855,P0045,PL07,M00105,258.86,249.7,137.9,49.39,41.95,20.46,229.24,2025-09-06,0.275
T0003856,P0041,PL08,M00106,127.99,123.89,68.81,31.49,18.73,4.86,119.03,2026-11-20,1.068
T0003857,P0020,PL01,M00107,1882.27,1873.29,1025.11,370.02,341.03,137.13,1736.16,2025-03-28,1.6163
T0003858,P0108,PL02,M00108,511.59,527.52,336.54,88.22,65.99,36.77,490.75,2026-07-30,0.8896
T0003859,P0018,PL03,M00109,557.73,571.13,321.81,108.82,92.0,48.5,522.63,2026-03-12,1.2335
T0003860,P0085,PL04,M00110,298.93,290.45,153.68,70.51,39.99,26.27,264.18,2026-09-18,0.5797
T0003861,P0065,PL05,M00111,469.4,488.4,314.83,79.21,70.8,23.56,464.84,2026-08-31,0.5679
T0003862,P0091,PL06,M00112,619.85,605.69,355.45,125.13,77.23,47.88,557.81,2026-06-04,0.8519
T0003863,P0060,PL07,M00113,118.81,116.91,65.33,17.58,23.21,10.79,106.12,2025-12-14,0.7307
T0003864,P0043,PL08,M00114,117.74,119.51,66.55,28.67,17.14,7.15,112.36,2026-08-03,0.1528
T0003865,P0031,PL01,M00115,397.87,395.59,237.02,68.23,60.45,29.89,365.7,2025-03-05,0.3704
T0003866,P0060,PL02,M00116,339.1,356.45,207.82,62.45,60.23,25.95,330.5,2025-01-04,0.4189
T0003867,P0055,PL03,M00117,118.75,123.03,80.62,19.37,16.89,6.15,116.88,2025-02-01,0.2308
T0003868,P0031,PL04,M00118,616.94,617.56,375.94,106.7,104.21,30.71,586.85,2025-11-23,0.5702
T0003869,P0053,PL05,M00119,119.45,124.38,83.03,19.83,16.32,5.2,119.18,2026-05-30,0.2533
T0003870,P0104,PL06,M00120,576.0,563.62,312.75,94.3,115.84,40.73,522.89,2025-02-13,0.6073
T0003871,P0127,PL07,M00121,470.87,481.48,280.3,90.93,73.98,36.27,445.21,2026-12-03,0.6801
T0003872,P0014,PL08,M00122,114.98,115.94,67.84,23.05,18.19,6.86,109.08,2025-10-18,0.1384
T0003873,P0088,PL01,M00123,105.28,106.24,59.6,23.88,15.99,6.77,99.47,2025-03-10,0.6177
T0003874,P0024,PL02,M00124,98.17,103.04,64.23,18.39,16.85,3.57,99.47,2026-12-21,0.5631
T0003875,P0093,PL03,M00125,768.19,757.5,470.21,111.7,126.85,48.74,708.76,2026-04-15,0.9294
T0003876,P0041,PL04,M00126,949.36,975.28,524.34,224.36,146.54,80.04,895.24,2026-06-22,1.0824
T0003877,P0082,PL05,M00127,182.86,174.79,105.9,31.37,27.22,10.3,164.49,2026-06-11,0.1523
T0003878,P0027,PL06,M00128,152.05,157.2,97.96,26.14,25.71,7.39,149.81,2025-09-24,0.1943
T0003879,P0006,PL07,M00129,264.22,272.59,143.84,65.34,41.64,21.77,250.82,2026-09-14,0.4498
T0003880,P0113,PL08,M00130,112.51,117.07,75.76,19.49,14.15,7.67,109.4,2025-11-28,1.626
T0003881,P0098,PL01,M00131,526.51,525.04,315.48,85.16,102.45,21.95,503.09,2025-09-13,0.6049
T0003882,P0026,PL02,M00132,723.75,691.68,348.0,166.33,128.64,48.71,642.97,2025-02-23,0.8364
T0003883,P0033,PL03,M00133,617.63,623.7,388.07,110.3,95.83,29.5,594.2,2025-07-26,1.1039
T0003884,P0034,PL04,M00134,360.09,360.92,231.92,61.62,49.19,18.19,342.73,2026-08-20,0.5675
T0003885,P0136,PL05,M00135,1002.27,1016.76,553.42,244.73,165.3,53.31,963.45,2025-07-28,1.3002
T0003886,P0110,PL06,M00136,797.29,837.93,449.54,182.57,162.85,42.97,794.96,2026-07-14,1.0345
T0003887,P0139,PL07,M00137,609.82,585.52,363.86,98.62,96.41,26.63,558.89,2025-11-01,0.8713
T0003888,P0048,PL08,M00138,89.7,88.04,45.77,17.66,17.54,7.07,80.97,2026-04-23,0.7398
T0003889,P0118,PL01,M00139,758.15,765.38,385.87,184.93,124.5,70.08,695.3,2025-12-09,0.6743
T0003890,P0002,PL02,M00140,736.32,727.72,411.81,128.24,134.45,53.22,674.5,2025-09-16,0.7833
T0003891,P0005,PL03,M00141,583.69,589.26,365.4,132.46,66.73,24.67,564.59,2026-12-07,0.7633
T0003892,P0056,PL04,M00142,734.49,710.0,404.99,121.07,136.86,47.08,662.92,2026-11-20,1.9452
T0003893,P0101,PL05,M00143,213.39,216.19,127.0,47.09,32.42,9.68,206.51,2025-11-08,1.0919
T0003894,P0018,PL06,M00144,525.0,505.73,304.71,109.21,55.69,36.12,469.61,2026-06-25,1.0406
T0003895,P0078,PL07,M00145,680.86,666.3,436.14,101.0,86.56,42.6,623.7,2026-02-24,0.625
T0003896,P0081,PL08,M00146,436.65,418.54,239.38,98.09,64.76,16.31,402.23,2025-02-01,0.5123
T0003897,P0120,PL01,M00147,53.14,55.61,35.47,8.48,8.05,3.61,52.0,2025-05-16,0.1553
T0003898,P0130,PL02,M00148,118.6,115.32,69.87,24.9,15.25,5.3,110.02,2025-09-18,0.1048
T0003899,P0091,PL03,M00149,903.66,882.55,569.6,137.82,126.59,48.54,834.01,2025-01-27,0.8142
T0003900,P0077,PL04,M00150,747.13,740.65,444.12,139.94,109.85,46.74,693.91,2025-11-20,1.3063
T0003901,P0133,PL05,M00151,189.75,196.24,104.37,37.33,40.0,14.54,181.7,2026-04-19,0.9812
T0003902,P0062,PL06,M00152,1182.86,1152.7,652.69,208.08,193.78,98.15,1054.55,2025-09-05,1.2779
T0003903,P0097,PL07,M00153,1516.54,1521.11,899.02,343.84,218.58,59.67,1461.44,2026-02-08,1.7729
T0003904,P0107,PL08,M00154,21.48,21.07,11.49,4.22,3.55,1.81,19.26,2025-02-24,0.1473
T0003905,P0105,PL01,M00155,97.5,94.7,59.19,15.55,14.62,5.34,89.36,2026-11-16,0.3189
T0003906,P0016,PL02,M00156,644.69,623.17,377.62,89.45,118.97,37.13,586.04,2025-05-11,0.5569
T0003907,P0132,PL03,M00157,491.51,498.47,258.1,114.37,87.42,38.58,459.89,2026-09-09,1.3694
T0003908,P0068,PL04,M00158,834.0,838.66,551.59,160.63,95.75,30.69,807.97,2025-12-14,1.1779
T0003909,P0128,PL05,M00159,216.97,217.24,124.86,44.68,32.04,15.66,201.58,2026-10-25,1.1871
T0003910,P0066,PL06,M00160,1017.36,978.05,604.03,168.16,130.42,75.44,902.61,2025-03-16,1.0209
T0003911,P0067,PL07,M00161,670.15,657.5,360.87,131.2,126.0,39.43,618.07,2025-05-22,0.9157
T0003912,P0111,PL08,M00162,204.02,213.28,127.29,42.85,32.55,10.59,202.69,2026-11-09,1.0353
T0003913,P0031,PL01,M00163,604.22,577.58,337.65,116.03,87.54,36.36,541.22,2025-01-02,0.5227
T0003914,P0083,PL02,M00164,7.78,8.15,5.18,1.39,1.02,0.56,7.59,2026-07-15,0.1852
T0003915,P0121,PL03,M00165,353.66,349.19,214.06,70.94,41.73,22.46,326.73,2025-02-18,0.3403
T0003916,P0054,PL04,M00166,453.25,470.96,268.14,84.92,87.64,30.26,440.7,2026-10-12,1.4059
T0003917,P0038,PL05,M00167,655.32,630.2,397.62,96.13,105.84,30.61,599.59,2026-01-27,1.0051
T0003918,P0063,PL06,M00168,1420.1,1384.75,855.04,208.99,262.36,58.36,1326.39,2025-08-23,1.1559
T0003919,P0113,PL07,M00169,467.24,460.91,273.27,81.8,88.87,16.97,443.94,2026-04-01,1.1758
T0003920,P0115,PL08,M00170,57.0,56.72,33.06,12.37,7.64,3.65,53.07,2026-06-06,0.1363
T0003921,P0075,PL01,M00171,66.4,65.92,34.6,12.52,12.94,5.86,60.06,2026-11-28,1.433
T0003922,P0054,PL02,M00172,264.38,262.8,159.65,36.84,48.29,18.02,244.78,2026-04-24,0.2838
T0003923,P0009,PL03,M00173,76.13,72.98,44.05,12.96,11.24,4.73,68.25,2026-08-17,0.9123
T0003924,P0119,PL04,M00174,485.66,507.79,293.58,117.77,61.42,35.02,472.77,2025-02-18,1.1647
T0003925,P0039,PL05,M00175,723.46,731.56,468.23,102.09,102.53,58.71,672.85,2025-06-21,1.3725
T0003926,P0001,PL06,M00176,58.25,58.4,33.84,8.6,10.86,5.1,53.3,2026-07-09,0.3946
T0003927,P0065,PL07,M00177,193.82,201.09,121.89,41.31,25.62,12.27,188.82,2026-02-09,0.2242
T0003928,P0147,PL08,M00178,254.53,257.78,156.61,52.41,35.88,12.88,244.9,2026-05-16,0.3585
T0003929,P0050,PL01,M00179,3.78,3.73,1.92,0.81,0.69,0.31,3.42,2026-12-03,0.1865
T0003930,P0127,PL02,M00180,141.08,148.07,90.75,21.41,27.81,8.1,139.97,2025-02-17,0.9741
T0003931,P0143,PL03,M00181,145.15,140.65,77.99,23.12,27.85,11.69,128.96,2025-10-31,0.6795
T0003932,P0010,PL04,M00182,134.25,129.22,79.62,24.3,19.94,5.36,123.86,2026-05-01,1.1965
T0003933,P0019,PL05,M00183,266.61,274.91,158.2,55.64,49.02,12.05,262.86,2026-09-26,1.0573
T0003934,P0012,PL06,M00184,176.92,175.54,100.45,38.67,30.26,6.16,169.38,2026-06-30,0.8605
T0003935,P0095,PL07,M00185,592.58,589.14,351.38,103.87,88.4,45.49,543.65,2026-07-07,0.7793
T0003936,P0072,PL08,M00186,221.81,228.08,140.75,42.91,34.86,9.56,218.52,2026-10-11,1.2671
T0003937,P0073,PL01,M00187,421.89,419.14,255.59,70.48,68.4,24.67,394.47,2026-05-10,0.5032
T0003938,P0068,PL02,M00188,478.46,474.26,300.11,85.11,68.09,20.95,453.31,2025-08-06,0.4216
T0003939,P0115,PL03,M00189,629.28,660.47,402.17,119.43,82.68,56.19,604.28,2025-12-12,1.5577
T0003940,P0021,PL04,M00190,1373.59,1315.95,732.73,310.33,188.41,84.48,1231.47,2025-05-23,1.3511
T0003941,P0045,PL05,M00191,529.67,540.0,324.39,84.11,79.69,51.81,488.19,2025-04-02,1.1465
T0003942,P0004,PL06,M00192,896.42,883.3,466.17,171.96,167.2,77.97,805.33,2026-10-15,0.8294
T0003943,P0102,PL07,M00193,1293.73,1284.87,681.61,265.23,220.1,117.93,1166.94,2025-08-26,1.337
T0003944,P0025,PL08,M00194,1476.64,1434.56,859.89,246.25,256.04,72.38,1362.18,2026-06-28,1.6662
T0003945,P0030,PL01,M00195,22.47,21.77,11.59,5.71,2.96,1.51,20.26,2026-11-01,0.622
T0003946,P0075,PL02,M00196,317.28,309.02,184.48,49.47,48.22,26.85,282.17,2025-11-11,0.6294
T0003947,P0045,PL03,M00197,877.9,837.99,495.77,177.81,104.51,59.9,778.09,2025-07-10,0.8821
T0003948,P0147,PL04,M00198,124.61,125.74,73.98,22.33,21.62,7.81,117.93,2025-08-15,0.6583
T0003949,P0068,PL05,M00199,747.17,741.05,473.64,108.52,99.78,59.11,681.94,2025-01-31,1.0124
T0003950,P0098,PL06,M00200,140.6,139.34,80.84,31.54,20.81,6.15,133.19,2025-04-10,0.4676
T0003951,P0089,PL07,M00201,761.08,762.99,484.99,131.02,110.13,36.85,726.14,2025-04-04,1.5863
T0003952,P0005,PL08,M00202,308.6,309.36,162.2,67.95,58.6,20.61,288.75,2026-12-01,0.7953
T0003953,P0148,PL01,M00203,92.96,96.59,52.46,21.17,16.03,6.93,89.66,2025-07-17,0.7546
T0003954,P0112,PL02,M00204,174.18,176.36,106.05,28.51,30.19,11.61,164.75,2025-09-13,1.3064
T0003955,P0076,PL03,M00205,218.3,227.28,132.41,49.88,32.53,12.46,214.82,2026-05-14,1.1251
T0003956,P0128,PL04,M00206,291.18,282.38,169.66,59.62,40.96,12.14,270.24,2026-02-21,1.0194
T0003957,P0150,PL05,M00207,129.11,134.66,75.43,24.11,25.36,9.76,124.9,2026-10-16,0.6039
T0003958,P0113,PL06,M00208,220.79,213.77,118.26,50.96,34.04,10.51,203.26,2026-01-22,0.496
T0003959,P0104,PL07,M00209,54.49,55.84,28.09,13.37,9.83,4.55,51.29,2026-04-22,0.1008
T0003960,P0047,PL08,M00210,355.81,361.33,201.59,72.15,69.6,17.99,343.34,2026-03-12,0.5726
T0003961,P0019,PL01,M00211,106.29,103.71,58.2,16.96,21.1,7.45,96.26,2026-05-04,0.4651
T0003962,P0084,PL02,M00212,24.28,25.41,16.46,3.85,4.1,1.0,24.41,2026-10-04,0.4458
T0003963,P0118,PL03,M00213,186.35,179.35,108.08,30.97,26.35,13.95,165.4,2025-11-16,0.2893
T0003964,P0074,PL04,M00214,454.48,441.31,250.42,94.76,70.59,25.54,415.77,2025-07-21,1.1895
T0003965,P0031,PL05,M00215,49.7,49.67,30.75,10.68,6.27,1.97,47.7,2026-07-09,1.2115
T0003966,P0068,PL06,M00216,270.05,265.14,146.89,53.22,46.33,18.7,246.44,2026-02-22,1.1997
T0003967,P0021,PL07,M00217,1178.03,1125.23,673.32,156.98,203.7,91.23,1034.0,2026-08-05,0.9448
T0003968,P0026,PL08,M00218,671.29,692.74,398.97,136.13,100.62,57.02,635.72,2025-01-09,0.73
T0003969,P0002,PL01,M00219,269.22,263.82,156.05,54.67,42.53,10.57,253.25,2025-12-13,1.2807
T0003970,P0138,PL02,M00220,113.46,109.56,58.26,19.39,22.41,9.5,100.06,2025-07-16,0.3251
T0003971,P0076,PL03,M00221,382.35,371.76,241.99,64.22,46.06,19.49,352.27,2026-07-24,1.1404
T0003972,P0004,PL04,M00222,339.38,328.89,210.58,50.08,46.17,22.06,306.83,2025-05-13,0.6618
T0003973,P0007,PL05,M00223,1620.24,1591.78,969.43,247.12,266.81,108.42,1483.36,2026-08-17,1.4657
T0003974,P0102,PL06,M00224,1083.78,1071.54,683.24,158.24,174.86,55.2,1016.34,2025-06-07,1.0813
T0003975,P0016,PL07,M00225,212.05,210.81,132.81,31.79,38.79,7.42,203.39,2026-04-11,1.5276
T0003976,P0043,PL08,M00226,403.69,401.86,211.25,87.82,73.98,28.81,373.05,2026-10-26,0.5288
T0003977,P0033,PL01,M00227,353.49,367.9,196.15,80.14,68.39,23.22,344.68,2026-11-27,1.2954
T0003978,P0086,PL02,M00228,278.32,284.98,158.74,61.8,44.84,19.6,265.38,2026-02-23,0.5746
T0003979,P0069,PL03,M00229,444.81,463.82,284.14,83.65,57.35,38.68,425.14,2026-05-15,0.6892
T0003980,P0090,PL04,M00230,554.42,539.93,313.79,84.56,98.39,43.19,496.74,2026-06-22,1.7195
T0003981,P0007,PL05,M00231,1029.51,1020.98,533.27,251.61,175.69,60.41,960.57,2026-03-22,1.5307
T0003982,P0015,PL06,M00232,86.81,91.22,49.88,24.07,11.97,5.3,85.92,2026-08-23,0.1474
T0003983,P0025,PL07,M00233,1057.45,1051.9,611.32,166.97,174.34,99.27,952.63,2026-06-05,1.5424
T0003984,P0072,PL08,M00234,586.94,590.22,345.29,108.26,114.5,22.17,568.05,2025-06-15,0.5537
T0003985,P0133,PL01,M00235,636.38,628.66,365.01,120.21,111.48,31.96,596.7,2025-07-08,0.8744
T0003986,P0006,PL02,M00236,1481.24,1485.72,855.94,321.21,234.71,73.86,1411.86,2026-10-16,1.5722
T0003987,P0083,PL03,M00237,144.79,149.8,83.1,31.99,25.9,8.81,140.99,2025-11-26,0.5487
T0003988,P0069,PL04,M00238,3.83,3.81,2.19,0.75,0.63,0.24,3.57,2026-12-06,0.103
T0003989,P0076,PL05,M00239,775.73,771.42,470.22,130.38,117.65,53.17,718.25,2026-12-22,1.2987
T0003990,P0036,PL06,M00240,660.33,691.37,412.89,165.35,80.87,32.26,659.11,2026-10-29,1.2324
T0003991,P0123,PL07,M00241,423.14,409.76,260.72,74.8,59.82,14.42,395.34,2025-10-22,0.6818
T0003992,P0008,PL08,M00242,245.63,251.15,155.62,42.54,32.49,20.5,230.65,2026-11-17,1.2372
T0003993,P0021,PL01,M00243,38.28,37.71,21.94,8.99,4.5,2.28,35.43,2026-10-05,0.9669
T0003994,P0089,PL02,M00244,194.53,195.15,119.25,44.78,24.09,7.03,188.12,2026-08-01,0.3753
T0003995,P0089,PL03,M00245,853.27,836.89,455.63,189.52,156.84,34.9,801.99,2026-05-07,1.1203
T0003996,P0110,PL04,M00246,1025.7,983.85,505.99,220.77,185.01,72.08,911.77,2025-01-26,1.7663
T0003997,P0014,PL05,M00247,193.35,202.87,125.5,40.29,29.1,7.98,194.89,2025-08-18,0.5498
T0003998,P0150,PL06,M00248,466.53,487.1,258.76,118.36,68.32,41.66,445.44,2025-12-24,0.4635
T0003999,P0051,PL07,M00249,57.2,58.14,35.46,11.68,8.56,2.44,55.7,2026-01-30,0.632
T0004000,P0113,PL08,M00250,333.19,320.7,178.74,67.3,45.9,28.76,291.94,2025-07-22,0.4436
T0004001,P0074,PL01,M00001,1094.16,1101.48,620.96,236.76,161.95,81.81,1019.67,2026-10-26,1.157
T0004002,P0118,PL02,M00002,294.41,282.97,168.63,45.96,47.5,20.88,262.09,2026-03-29,0.697
T0004003,P0067,PL03,M00003,661.53,657.5,364.97,113.52,116.41,62.6,594.9,2026-03-26,0.7636
T0004004,P0133,PL04,M00004,544.37,524.93,318.95,108.11,71.73,26.14,498.79,2026-12-15,1.1823
T0004005,P0079,PL05,M00005,988.28,1005.18,539.67,258.25,122.57,84.69,920.49,2026-04-16,0.929
T0004006,P0145,PL06,M00006,79.86,82.58,44.72,19.87,14.22,3.77,78.81,2026-12-12,1.2512
T0004007,P0036,PL07,M00007,900.97,879.62,546.68,171.84,115.74,45.36,834.26,2025-11-03,1.4007
T0004008,P0044,PL08,M00008,291.18,278.8,172.03,42.16,44.79,19.82,258.98,2025-04-07,0.2615
T0004009,P0149,PL01,M00009,76.16,78.7,43.07,16.79,13.42,5.42,73.28,2025-09-05,0.3378
T0004010,P0133,PL02,M00010,263.7,260.38,158.46,47.0,37.21,17.71,242.67,2026-01-14,0.6852
T0004011,P0054,PL03,M00011,303.25,292.9,179.16,44.08,55.33,14.33,278.57,2026-04-22,1.3314
T0004012,P0119,PL04,M00012,29.55,29.18,16.86,5.86,4.83,1.63,27.55,2025-07-30,0.3741
T0004013,P0054,PL05,M00013,692.44,694.67,444.06,108.7,111.59,30.32,664.35,2025-10-31,1.1915
T0004014,P0072,PL06,M00014,782.42,815.32,463.6,170.1,149.27,32.35,782.97,2026-01-11,0.9753
T0004015,P0023,PL07,M00015,605.61,611.58,370.85,121.02,92.83,26.88,584.7,2026-01-04,1.2848
T0004016,P0080,PL08,M00016,229.07,222.75,123.93,52.54,37.66,8.62,214.13,2025-02-14,0.2954
T0004017,P0044,PL01,M00017,87.92,88.56,52.1,13.18,16.01,7.27,81.29,2026-04-27,1.08
T0004018,P0030,PL02,M00018,5.65,5.91,3.38,1.1,1.02,0.41,5.5,2025-03-20,0.1343
T0004019,P0130,PL03,M00019,75.74,72.91,43.56,12.84,10.91,5.6,67.31,2025-10-02,0.8784
T0004020,P0062,PL04,M00020,764.13,767.13,412.73,175.68,141.94,36.78,730.35,2026-01-02,0.9976
T0004021,P0100,PL05,M00021,210.84,206.81,113.31,49.76,29.62,14.12,192.69,2025-11-01,0.1787
T0004022,P0118,PL06,M00022,176.19,172.69,93.61,37.87,29.87,11.34,161.35,2026-06-22,0.6468
T0004023,P0117,PL07,M00023,26.3,25.88,13.6,6.63,4.41,1.24,24.64,2025-01-27,0.6312
T0004024,P0102,PL08,M00024,1381.63,1385.8,820.51,291.12,221.38,52.79,1333.01,2025-02-09,1.2541
T0004025,P0011,PL01,M00025,67.23,68.49,37.67,16.34,8.83,5.65,62.84,2025-10-24,0.1367
T0004026,P0026,PL02,M00026,1046.26,1094.31,619.31,221.04,162.52,91.44,1002.87,2026-04-26,1.3835
T0004027,P0013,PL03,M00027,861.93,856.28,467.79,202.13,128.9,57.46,798.82,2025-05-31,0.7571
T0004028,P0001,PL04,M00028,767.76,750.58,432.54,116.94,137.29,63.81,686.77,2025-05-04,1.2552
T0004029,P0034,PL05,M00029,5.86,6.1,3.34,1.26,1.03,0.47,5.63,2025-08-25,0.1525
T0004030,P0086,PL06,M00030,858.66,871.98,536.96,172.99,118.35,43.68,828.3,2026-11-10,0.8633
T0004031,P0125,PL07,M00031,402.83,402.81,205.86,95.87,76.93,24.15,378.66,2026-10-14,1.0435
T0004032,P0117,PL08,M00032,1416.11,1434.65,849.63,231.36,236.92,116.74,1317.91,2026-07-05,1.1985
T0004033,P0101,PL01,M00033,312.82,321.83,185.09,67.8,52.71,16.23,305.6,2026-09-04,0.6489
T0004034,P0018,PL02,M00034,292.96,298.46,168.87,60.35,48.4,20.84,277.62,2025-06-17,0.7192
T0004035,P0140,PL03,M00035,186.54,194.33,96.65,46.42,41.14,10.12,184.21,2026-04-11,0.3109
T0004036,P0058,PL04,M00036,1031.1,1002.29,600.57,219.96,127.72,54.04,948.25,2026-06-27,0.9289
T0004037,P0038,PL05,M00037,90.32,93.16,55.55,14.69,16.03,6.89,86.27,2025-01-29,1.4115
T0004038,P0020,PL06,M00038,347.76,332.84,200.32,56.44,56.14,19.94,312.9,2025-10-12,0.5144
T0004039,P0146,PL07,M00039,1624.86,1609.99,916.68,279.9,294.8,118.61,1491.38,2026-06-19,1.3552
T0004040,P0049,PL08,M00040,523.77,507.92,295.42,97.83,74.39,40.28,467.64,2026-09-21,0.5347
T0004041,P0134,PL01,M00041,1343.1,1305.82,815.27,274.6,153.25,62.7,1243.12,2025-08-28,1.2425
T0004042,P0009,PL02,M00042,299.22,302.9,167.14,59.82,56.64,19.3,283.6,2025-09-06,0.5428
T0004043,P0058,PL03,M00043,41.69,43.52,25.88,9.12,5.91,2.61,40.91,2026-05-04,0.1085
T0004044,P0077,PL04,M00044,407.97,427.58,247.27,102.63,62.27,15.41,412.17,2026-05-31,0.4529
T0004045,P0098,PL05,M00045,94.06,91.34,49.37,19.83,13.95,8.19,83.15,2026-01-11,0.9717
T0004046,P0045,PL06,M00046,325.59,317.21,157.7,76.04,59.76,23.71,293.5,2026-11-08,1.1493
T0004047,P0095,PL07,M00047,275.54,267.6,140.73,66.02,38.51,22.34,245.26,2026-11-15,0.3148
T0004048,P0146,PL08,M00048,135.98,135.27,77.9,26.96,20.25,10.16,125.11,2025-01-27,1.2186
T0004049,P0084,PL01,M00049,41.3,41.37,23.83,8.5,6.36,2.68,38.69,2025-10-23,0.1257
T0004050,P0016,PL02,M00050,171.81,168.69,103.49,26.58,25.39,13.23,155.46,2025-08-14,0.1706
T0004051,P0106,PL03,M00051,763.12,734.08,419.28,163.15,122.57,29.08,705.0,2026-11-24,1.4226
T0004052,P0094,PL04,M00052,382.11,376.18,218.53,61.27,58.23,38.15,338.03,2025-07-10,0.4521
T0004053,P0042,PL05,M00053,855.4,833.81,468.53,204.31,129.26,31.71,802.1,2025-10-25,0.9729
T0004054,P0018,PL06,M00054,64.28,65.88,36.13,15.56,9.24,4.95,60.93,2025-02-10,0.2827
T0004055,P0029,PL07,M00055,638.51,651.38,383.45,132.16,92.6,43.17,608.21,2025-05-12,0.6533
T0004056,P0044,PL08,M00056,186.98,184.85,111.46,40.77,21.52,11.1,173.75,2025-03-05,1.1849
T0004057,P0015,PL01,M00057,47.32,48.64,27.39,11.29,6.12,3.84,44.8,2026-03-01,0.2629
T0004058,P0003,PL02,M00058,93.43,97.38,51.52,22.16,15.93,7.77,89.61,2025-12-23,0.5125
T0004059,P0030,PL03,M00059,114.29,110.63,72.64,21.05,13.01,3.93,106.7,2026-01-02,0.4479
T0004060,P0118,PL04,M00060,154.83,150.27,80.49,28.22,27.88,13.68,136.59,2025-05-15,1.3067
T0004061,P0112,PL05,M00061,933.65,951.86,531.53,206.84,170.37,43.12,908.74,2025-03-23,0.9773
T0004062,P0084,PL06,M00062,1071.99,1059.69,602.24,223.45,164.47,69.53,990.16,2026-03-08,1.9956
T0004063,P0020,PL07,M00063,33.81,34.36,20.13,6.17,5.42,2.64,31.72,2025-07-24,0.1116
T0004064,P0006,PL08,M00064,720.96,689.95,408.7,150.87,103.27,27.11,662.84,2025-07-01,0.6454
T0004065,P0010,PL01,M00065,67.75,66.32,43.24,9.88,9.01,4.19,62.13,2025-08-29,1.658
T0004066,P0069,PL02,M00066,87.46,88.22,53.81,15.66,12.25,6.5,81.72,2025-04-11,1.4229
T0004067,P0035,PL03,M00067,1125.97,1144.88,638.52,246.82,213.66,45.88,1099.0,2025-04-24,1.073
T0004068,P0092,PL04,M00068,192.34,184.6,107.29,25.38,35.83,16.1,168.5,2025-06-03,0.4592
T0004069,P0101,PL05,M00069,568.39,580.87,324.73,131.85,84.47,39.82,541.05,2026-12-28,1.0015
T0004070,P0120,PL06,M00070,248.79,238.15,128.92,54.76,45.15,9.32,228.83,2026-12-17,0.4215
T0004071,P0003,PL07,M00071,11.65,12.01,6.58,2.73,1.92,0.78,11.23,2026-06-04,0.7506
T0004072,P0057,PL08,M00072,393.79,404.51,215.35,88.14,70.4,30.62,373.89,2026-12-13,1.9448
T0004073,P0042,PL01,M00073,113.61,110.56,59.74,23.05,20.82,6.95,103.61,2026-12-29,0.6211
T0004074,P0103,PL02,M00074,1925.21,2021.64,1166.03,413.96,366.13,75.52,1946.12,2026-10-22,1.7413
T0004075,P0062,PL03,M00075,86.87,90.77,52.8,15.26,15.12,7.59,83.18,2025-10-05,1.3965
T0004076,P0136,PL04,M00076,431.13,452.53,258.41,87.33,62.97,43.82,408.71,2026-02-26,0.9467
T0004077,P0127,PL05,M00077,28.2,27.47,15.64,5.66,3.84,2.33,25.14,2026-02-19,1.0174
T0004078,P0014,PL06,M00078,81.48,82.18,52.32,14.29,12.42,3.15,79.03,2026-11-27,0.1802
T0004079,P0095,PL07,M00079,289.1,275.84,136.0,69.81,54.37,15.66,260.18,2025-12-26,0.4493
T0004080,P0013,PL08,M00080,38.25,38.35,19.99,8.48,6.66,3.22,35.13,2025-03-09,1.0653
T0004081,P0130,PL01,M00081,525.16,523.12,278.95,107.38,112.58,24.21,498.91,2025-05-01,0.811
T0004082,P0114,PL02,M00082,1490.42,1437.61,758.07,345.41,243.1,91.03,1346.58,2025-04-06,1.2351
T0004083,P0011,PL03,M00083,481.71,503.74,287.03,103.17,73.68,39.86,463.88,2026-12-11,1.2753
T0004084,P0034,PL04,M00084,148.65,155.27,87.78,30.15,26.19,11.15,144.12,2026-11-12,0.2321
T0004085,P0075,PL05,M00085,760.78,767.29,421.03,183.89,109.22,53.15,714.14,2026-03-11,0.8631
T0004086,P0081,PL06,M00086,522.66,550.01,312.03,109.37,87.7,40.91,509.1,2025-03-18,1.0204
T0004087,P0118,PL07,M00087,109.32,110.16,64.68,17.21,19.61,8.66,101.5,2025-06-24,1.0907
T0004088,P0002,PL08,M00088,469.25,476.02,284.29,83.24,90.42,18.07,457.95,2025-05-27,1.4829
T0004089,P0126,PL01,M00089,1487.47,1448.73,744.88,345.65,284.96,73.24,1375.49,2026-04-21,1.3111
T0004090,P0013,PL02,M00090,477.17,481.43,235.21,114.96,94.87,36.39,445.04,2025-11-16,1.0309
T0004091,P0044,PL03,M00091,358.31,361.52,208.44,72.57,53.15,27.36,334.16,2025-05-25,0.3934
T0004092,P0047,PL04,M00092,922.73,925.75,510.97,207.81,172.92,34.05,891.7,2026-01-26,1.4718
T0004093,P0130,PL05,M00093,626.73,658.9,355.98,159.39,87.04,56.49,602.41,2026-01-28,1.2623
T0004094,P0017,PL06,M00094,28.14,28.36,15.63,5.15,5.25,2.33,26.03,2025-07-14,0.2924
T0004095,P0113,PL07,M00095,944.21,945.99,557.13,157.44,153.48,77.94,868.05,2025-08-18,1.2082
T0004096,P0079,PL08,M00096,884.26,852.25,517.84,163.77,122.8,47.84,804.41,2026-04-25,1.0483
T0004097,P0043,PL01,M00097,1550.25,1622.57,853.47,307.75,316.74,144.61,1477.96,2025-10-20,1.4618
T0004098,P0110,PL02,M00098,859.32,876.35,530.61,127.08,162.46,56.2,820.15,2025-06-13,1.0495
T0004099,P0115,PL03,M00099,464.19,469.97,272.72,81.97,76.98,38.3,431.67,2025-11-21,1.3946
T0004100,P0011,PL04,M00100,608.19,630.11,377.07,135.71,87.73,29.6,600.51,2025-12-04,1.0279
T0004101,P0100,PL05,M00101,35.44,34.43,20.11,6.4,4.74,3.18,31.25,2025-09-17,0.6148
T0004102,P0047,PL06,M00102,688.17,704.28,373.3,149.99,128.05,52.94,651.34,2025-12-05,1.5113
T0004103,P0011,PL07,M00103,1187.49,1180.4,692.54,248.85,178.84,60.17,1120.23,2025-04-17,1.0839
T0004104,P0062,PL08,M00104,119.26,124.57,80.78,20.42,15.87,7.5,117.07,2025-08-20,0.1882
T0004105,P0052,PL01,M00105,1252.34,1276.15,723.64,237.39,228.42,86.7,1189.45,2026-06-05,1.103
T0004106,P0135,PL02,M00106,117.41,112.74,63.24,24.14,16.75,8.61,104.13,2025-11-12,1.0946
T0004107,P0086,PL03,M00107,1.99,1.96,1.01,0.46,0.38,0.11,1.85,2026-04-03,0.1782
T0004108,P0016,PL04,M00108,977.36,978.84,541.89,182.46,198.56,55.93,922.91,2026-01-28,1.204
T0004109,P0024,PL05,M00109,161.45,156.46,87.49,27.8,31.26,9.91,146.55,2025-12-31,0.3343
T0004110,P0068,PL06,M00110,409.66,416.28,252.11,72.31,62.37,29.49,386.79,2026-12-09,0.4824
T0004111,P0100,PL07,M00111,798.13,837.94,465.85,179.08,129.87,63.14,774.8,2025-07-27,1.5432
T0004112,P0040,PL08,M00112,1016.28,1002.63,624.29,161.15,150.55,66.64,935.99,2025-03-03,1.174
T0004113,P0134,PL01,M00113,1157.21,1112.6,598.58,201.76,215.31,96.95,1015.65,2025-05-10,0.9675
T0004114,P0089,PL02,M00114,257.37,249.41,127.28,60.11,43.85,18.17,231.24,2025-05-05,0.6158
T0004115,P0111,PL03,M00115,274.89,273.41,163.99,46.84,47.91,14.67,258.74,2026-10-23,0.7195
T0004116,P0067,PL04,M00116,515.06,523.84,278.52,116.31,105.35,23.66,500.18,2026-11-22,1.0712
T0004117,P0085,PL05,M00117,792.79,807.47,473.85,139.38,128.17,66.07,741.4,2026-09-28,0.9764
T0004118,P0067,PL06,M00118,508.39,492.37,274.31,129.84,67.41,20.81,471.56,2025-09-21,0.5975
T0004119,P0144,PL07,M00119,807.05,773.58,465.48,148.22,105.28,54.6,718.98,2025-03-11,0.9694
T0004120,P0133,PL08,M00120,183.38,178.68,100.18,36.17,33.41,8.92,169.76,2025-05-31,1.2948
T0004121,P0150,PL01,M00121,1535.48,1472.88,879.35,250.52,213.74,129.27,1343.61,2025-01-26,1.5279
T0004122,P0067,PL02,M00122,12.58,12.08,7.76,2.01,1.8,0.51,11.57,2026-09-23,0.4832
T0004123,P0012,PL03,M00123,510.16,501.25,311.74,82.41,77.0,30.1,471.15,2026-10-14,0.5367
T0004124,P0029,PL04,M00124,737.27,746.67,477.44,115.18,104.16,49.89,696.78,2026-04-22,0.8098
T0004125,P0017,PL05,M00125,218.77,223.27,134.47,45.16,34.64,9.0,214.27,2026-02-18,0.504
T0004126,P0056,PL06,M00126,1380.67,1340.47,715.52,301.42,243.16,80.37,1260.1,2026-12-17,1.1408
T0004127,P0102,PL07,M00127,781.07,760.74,483.33,120.15,128.84,28.42,732.32,2026-11-22,0.675
T0004128,P0047,PL08,M00128,1181.88,1158.29,692.1,199.29,214.34,52.56,1105.73,2026-05-30,1.2053
T0004129,P0011,PL01,M00129,167.82,161.08,88.07,35.78,28.82,8.41,152.67,2026-03-10,0.7355
T0004130,P0095,PL02,M00130,575.49,586.41,378.29,94.63,82.07,31.42,554.99,2026-04-13,1.4551
T0004131,P0114,PL03,M00131,213.87,216.16,128.5,35.01,38.73,13.92,202.24,2025-03-13,0.4125
T0004132,P0048,PL04,M00132,145.82,143.18,79.36,29.16,27.55,7.11,136.07,2025-11-19,0.9874
T0004133,P0117,PL05,M00133,1425.52,1473.13,836.12,308.88,227.07,101.06,1372.07,2025-01-27,1.6646
T0004134,P0063,PL06,M00134,123.51,123.15,67.81,21.33,21.92,12.09,111.06,2025-11-01,0.2989
T0004135,P0045,PL07,M00135,18.39,18.87,11.25,3.77,2.98,0.87,18.0,2025-09-06,0.2451
T0004136,P0092,PL08,M00136,726.3,699.46,365.82,178.1,122.81,32.73,666.73,2026-08-17,0.7529
T0004137,P0051,PL01,M00137,19.55,18.8,11.75,3.41,2.75,0.89,17.91,2026-01-14,0.2
T0004138,P0121,PL02,M00138,850.74,871.4,538.04,152.5,105.27,75.59,795.81,2026-02-10,0.826
T0004139,P0080,PL03,M00139,719.22,754.42,432.89,165.44,117.08,39.01,715.41,2025-11-04,0.6308
T0004140,P0050,PL04,M00140,301.0,307.34,178.23,63.79,43.37,21.95,285.39,2026-04-05,1.0418
T0004141,P0036,PL05,M00141,204.31,210.2,134.76,40.32,26.38,8.74,201.46,2026-09-23,1.0891
T0004142,P0124,PL06,M00142,57.38,54.76,31.32,7.78,10.84,4.82,49.94,2026-03-18,0.1534
T0004143,P0039,PL07,M00143,343.32,344.25,203.29,69.77,50.78,20.41,323.84,2025-08-09,0.3297
T0004144,P0095,PL08,M00144,782.26,783.11,420.46,160.18,144.23,58.24,724.87,2026-11-14,1.0802
T0004145,P0009,PL01,M00145,60.97,60.74,36.62,8.62,11.13,4.37,56.37,2026-02-02,0.6902
T0004146,P0005,PL02,M00146,115.52,117.33,69.42,22.1,17.95,7.86,109.47,2026-03-07,0.2794
T0004147,P0027,PL03,M00147,408.2,426.57,230.96,93.37,72.08,30.16,396.41,2025-07-20,1.6728
T0004148,P0122,PL04,M00148,200.64,207.83,126.1,35.19,29.38,17.16,190.67,2025-03-25,0.9036
T0004149,P0017,PL05,M00149,552.57,553.13,293.92,136.08,99.81,23.32,529.81,2026-01-24,0.6417
T0004150,P0102,PL06,M00150,1360.01,1424.71,969.82,208.09,181.36,65.44,1359.27,2026-10-12,1.2105
T0004151,P0107,PL07,M00151,380.68,382.48,201.8,81.8,71.46,27.42,355.06,2026-11-09,0.4793
T0004152,P0016,PL08,M00152,148.05,151.89,90.99,25.54,24.97,10.39,141.5,2025-08-01,0.1772
T0004153,P0089,PL01,M00153,555.86,553.06,339.46,83.81,92.45,37.34,515.72,2025-08-14,1.5236
T0004154,P0077,PL02,M00154,171.43,173.22,109.14,28.17,25.36,10.55,162.67,2026-07-07,0.1692
T0004155,P0054,PL03,M00155,87.24,88.15,47.92,20.2,13.62,6.41,81.74,2026-02-19,0.1497
T0004156,P0145,PL04,M00156,266.61,266.32,153.95,57.6,46.44,8.33,257.99,2025-04-13,0.3477
T0004157,P0113,PL05,M00157,311.04,311.06,173.12,71.82,54.93,11.19,299.87,2026-02-14,0.4164
T0004158,P0049,PL06,M00158,167.75,164.41,88.77,42.22,19.84,13.58,150.83,2025-02-13,0.3028
T0004159,P0084,PL07,M00159,1025.78,1060.08,668.91,191.01,132.86,67.3,992.78,2026-07-07,0.9982
T0004160,P0022,PL08,M00160,72.21,73.53,45.42,12.79,10.68,4.64,68.89,2025-07-31,0.6394
T0004161,P0065,PL01,M00161,1138.55,1117.09,669.2,197.47,186.12,64.3,1052.79,2025-03-05,1.1771
T0004162,P0082,PL02,M00162,93.35,95.3,56.64,16.06,15.44,7.16,88.14,2025-10-08,0.607
T0004163,P0092,PL03,M00163,283.66,290.41,176.44,58.51,34.43,21.03,269.38,2025-10-10,1.2464
T0004164,P0084,PL04,M00164,405.91,391.22,230.07,63.02,75.15,22.98,368.24,2026-08-20,0.5919
T0004165,P0040,PL05,M00165,730.62,702.36,390.11,129.89,127.25,55.11,647.25,2025-04-14,0.6271
T0004166,P0128,PL06,M00166,75.68,74.61,42.73,16.49,12.75,2.64,71.97,2025-09-19,0.3188
T0004167,P0088,PL07,M00167,1134.96,1118.8,543.59,280.53,206.92,87.76,1031.04,2026-02-20,1.3131
T0004168,P0016,PL08,M00168,31.82,33.37,19.91,6.65,4.2,2.61,30.76,2026-12-21,0.1998
T0004169,P0100,PL01,M00169,181.64,182.4,100.37,37.4,27.57,17.06,165.34,2025-12-12,0.3556
T0004170,P0073,PL02,M00170,96.13,94.63,51.3,14.27,19.92,9.14,85.49,2025-09-04,0.2651
T0004171,P0147,PL03,M00171,757.41,767.69,398.35,182.88,147.87,38.59,729.1,2026-06-09,1.0797
T0004172,P0140,PL04,M00172,264.34,267.66,155.79,64.63,35.47,11.77,255.89,2025-03-12,0.3252
T0004173,P0013,PL05,M00173,275.17,268.96,133.22,68.25,50.86,16.63,252.33,2025-05-06,1.5637
T0004174,P0087,PL06,M00174,196.88,188.18,108.64,36.9,30.71,11.93,176.25,2025-03-28,0.9601
T0004175,P0036,PL07,M00175,410.25,430.62,251.99,102.08,55.68,20.87,409.75,2025-11-22,0.4302
T0004176,P0042,PL08,M00176,294.18,283.24,160.33,59.47,48.97,14.47,268.77,2026-07-02,0.8662
T0004177,P0009,PL01,M00177,810.32,788.35,521.92,127.34,109.08,30.01,758.34,2025-09-27,1.1311
T0004178,P0096,PL02,M00178,49.72,48.69,26.32,10.88,9.34,2.15,46.54,2026-01-24,0.3634
T0004179,P0078,PL03,M00179,68.49,67.56,42.63,11.67,8.03,5.23,62.33,2025-10-16,0.1741
T0004180,P0036,PL04,M00180,1535.32,1501.6,808.63,321.92,288.12,82.93,1418.67,2025-12-10,1.5183
T0004181,P0150,PL05,M00181,861.61,827.4,456.25,194.07,106.44,70.64,756.76,2026-10-29,0.8887
T0004182,P0115,PL06,M00182,578.73,551.59,292.36,112.25,100.36,46.62,504.97,2025-01-16,0.9147
T0004183,P0011,PL07,M00183,386.21,388.33,198.04,86.09,78.9,25.3,363.03,2025-01-27,1.6113
T0004184,P0025,PL08,M00184,314.92,315.09,193.15,55.02,49.97,16.95,298.14,2025-05-12,1.0365
T0004185,P0146,PL01,M00185,404.59,425.47,230.73,101.68,63.64,29.42,396.05,2026-12-18,0.8648
T0004186,P0104,PL02,M00186,362.39,366.3,211.84,73.62,58.63,22.21,344.09,2025-03-18,0.3757
T0004187,P0149,PL03,M00187,221.3,214.83,125.06,44.42,30.78,14.57,200.26,2026-06-24,1.4418
T0004188,P0083,PL04,M00188,816.79,835.5,504.72,154.63,126.85,49.3,786.2,2026-05-22,0.7838
T0004189,P0074,PL05,M00189,1333.18,1365.18,778.0,248.0,230.39,108.79,1256.39,2026-06-06,1.1386
T0004190,P0092,PL06,M00190,27.79,26.92,16.42,5.77,3.51,1.22,25.7,2026-11-18,0.1869
T0004191,P0067,PL07,M00191,184.29,190.97,115.28,41.99,22.23,11.47,179.5,2026-05-15,0.3583
T0004192,P0138,PL08,M00192,257.29,255.78,152.22,51.01,35.88,16.67,239.11,2025-10-21,0.2695
T0004193,P0115,PL01,M00193,589.38,597.24,345.4,138.33,81.91,31.6,565.64,2025-08-14,0.9954
T0004194,P0027,PL02,M00194,326.35,312.61,175.83,56.52,58.96,21.3,291.31,2025-09-06,0.2911
T0004195,P0088,PL03,M00195,1301.13,1246.74,685.76,230.66,228.79,101.53,1145.21,2026-10-11,1.3193
T0004196,P0096,PL04,M00196,45.85,47.79,23.76,11.3,8.73,4.0,43.79,2025-11-13,0.1084
T0004197,P0045,PL05,M00197,324.7,328.17,187.49,54.6,62.08,24.0,304.17,2025-12-26,0.8524
T0004198,P0042,PL06,M00198,177.12,172.89,101.67,29.29,25.68,16.25,156.64,2026-10-24,0.7718
T0004199,P0070,PL07,M00199,398.06,406.71,246.08,66.25,72.24,22.14,384.57,2025-06-09,0.4489
T0004200,P0147,PL08,M00200,81.65,80.33,42.21,18.45,15.27,4.4,75.93,2026-03-05,0.8456
T0004201,P0108,PL01,M00201,739.32,739.76,423.31,169.71,90.22,56.52,683.24,2026-06-10,0.8683
T0004202,P0100,PL02,M00202,497.16,477.89,289.51,81.83,87.76,18.79,459.1,2026-08-10,1.1684
T0004203,P0086,PL03,M00203,452.66,454.46,273.63,90.81,55.53,34.49,419.97,2026-10-06,0.4231
T0004204,P0009,PL04,M00204,79.55,77.19,39.79,16.63,14.56,6.21,70.98,2025-01-28,1.0025
T0004205,P0093,PL05,M00205,516.18,513.27,317.53,88.28,87.73,19.73,493.54,2025-07-10,0.5324
T0004206,P0060,PL06,M00206,469.62,463.27,293.7,75.67,69.6,24.3,438.97,2026-03-17,0.8214
T0004207,P0012,PL07,M00207,370.47,376.06,196.41,92.0,55.8,31.85,344.21,2025-03-22,0.3975
T0004208,P0103,PL08,M00208,231.4,229.19,142.7,35.26,38.76,12.47,216.72,2026-08-04,0.3757
T0004209,P0136,PL01,M00209,474.85,483.1,296.39,75.68,69.48,41.55,441.55,2026-11-15,1.0808
T0004210,P0149,PL02,M00210,373.14,375.45,214.28,77.16,60.88,23.13,352.32,2025-06-26,0.8631
T0004211,P0008,PL03,M00211,416.75,438.43,268.22,71.8,72.84,25.57,412.86,2026-06-21,0.8682
T0004212,P0044,PL04,M00212,142.54,137.78,85.86,26.22,16.6,9.1,128.68,2025-04-23,0.6151
T0004213,P0015,PL05,M00213,365.86,374.14,221.4,81.46,49.37,21.91,352.23,2026-08-08,1.4558
T0004214,P0098,PL06,M00214,33.58,32.05,20.56,4.67,4.72,2.1,29.95,2026-04-30,0.2836
T0004215,P0012,PL07,M00215,443.49,427.88,255.88,97.16,46.47,28.37,399.51,2026-08-25,1.0286
T0004216,P0106,PL08,M00216,770.0,789.34,416.9,189.23,148.34,34.87,754.47,2025-07-30,1.5914
T0004217,P0076,PL01,M00217,872.84,906.25,463.47,218.92,177.92,45.94,860.31,2026-02-11,1.223
T0004218,P0104,PL02,M00218,202.26,206.48,123.34,32.66,32.94,17.54,188.94,2025-07-10,1.3321
T0004219,P0149,PL03,M00219,607.76,634.58,365.0,105.64,126.36,37.58,597.0,2026-04-11,0.7555
T0004220,P0019,PL04,M00220,509.2,497.28,276.21,115.9,70.54,34.63,462.65,2026-07-14,0.5423
T0004221,P0067,PL05,M00221,1530.48,1466.9,760.65,309.74,282.47,114.04,1352.86,2025-06-13,1.3633
T0004222,P0073,PL06,M00222,426.57,444.57,277.67,95.24,51.46,20.2,424.37,2025-08-29,0.4186
T0004223,P0047,PL07,M00223,666.94,643.64,374.43,116.84,116.15,36.22,607.42,2026-10-12,0.7493
T0004224,P0007,PL08,M00224,545.92,533.21,292.23,109.75,98.31,32.92,500.29,2025-09-02,1.3637
T0004225,P0002,PL01,M00225,374.66,359.96,212.45,78.94,45.92,22.65,337.31,2026-04-27,1.0974
T0004226,P0116,PL02,M00226,1545.85,1566.05,843.53,361.27,229.8,131.45,1434.6,2026-04-29,1.519
T0004227,P0147,PL03,M00227,206.99,201.7,117.12,45.8,28.04,10.74,190.96,2025-10-13,0.3721
T0004228,P0147,PL04,M00228,102.72,106.3,64.43,19.63,14.56,7.68,98.62,2026-02-09,0.2373
T0004229,P0129,PL05,M00229,1091.34,1044.85,567.55,242.78,158.41,76.11,968.74,2025-12-20,1.2121
T0004230,P0005,PL06,M00230,178.08,169.78,104.42,36.14,20.49,8.73,161.05,2025-03-05,0.3903
T0004231,P0067,PL07,M00231,541.17,564.83,293.59,122.87,110.72,37.65,527.18,2026-05-11,0.699
T0004232,P0061,PL08,M00232,99.08,100.43,61.53,19.83,12.84,6.23,94.2,2025-11-19,0.151
T0004233,P0093,PL01,M00233,202.51,198.96,127.92,28.37,29.68,12.99,185.97,2026-03-30,1.0813
T0004234,P0076,PL02,M00234,969.88,1005.95,534.46,193.09,214.91,63.49,942.46,2025-06-27,1.4903
T0004235,P0039,PL03,M00235,479.32,492.7,300.78,85.85,70.99,35.08,457.62,2026-04-21,0.5859
T0004236,P0001,PL04,M00236,119.26,122.17,75.6,19.96,17.63,8.98,113.19,2025-05-18,0.3736
T0004237,P0106,PL05,M00237,1072.99,1093.94,622.03,220.22,168.6,83.09,1010.85,2025-02-25,1.2209
T0004238,P0093,PL06,M00238,219.06,223.48,129.53,44.5,28.53,20.92,202.56,2026-03-07,0.1865
T0004239,P0097,PL07,M00239,531.37,543.52,325.04,84.74,93.81,39.93,503.59,2025-05-22,0.8532
T0004240,P0065,PL08,M00240,632.37,657.98,393.04,131.92,88.13,44.89,613.09,2025-10-03,1.0664
T0004241,P0047,PL01,M00241,311.94,311.64,157.57,74.6,66.06,13.41,298.23,2025-10-07,1.47
T0004242,P0132,PL02,M00242,113.88,119.23,77.71,20.1,16.2,5.22,114.01,2025-07-16,0.1002
T0004243,P0061,PL03,M00243,76.35,73.35,36.73,18.24,11.91,6.47,66.88,2026-01-10,0.108
T0004244,P0056,PL04,M00244,993.27,979.31,602.46,169.54,173.2,34.11,945.2,2025-11-27,1.1091
T0004245,P0017,PL05,M00245,613.89,639.13,349.44,135.41,130.82,23.46,615.67,2026-11-21,1.3288
T0004246,P0130,PL06,M00246,345.27,358.18,225.02,67.73,50.22,15.21,342.97,2025-08-05,0.533
T0004247,P0146,PL07,M00247,295.51,282.97,181.86,44.63,34.49,21.99,260.98,2026-07-07,0.5329
T0004248,P0147,PL08,M00248,1112.44,1070.84,563.46,225.55,206.36,75.47,995.37,2026-07-25,0.9192
T0004249,P0078,PL01,M00249,505.48,487.65,321.01,81.93,64.68,20.03,467.62,2025-04-20,0.9396
T0004250,P0075,PL02,M00250,151.43,151.19,89.25,31.28,25.83,4.83,146.36,2026-04-23,0.8542
T0004251,P0061,PL03,M00001,287.91,276.28,159.0,60.58,46.33,10.37,265.91,2026-11-16,0.2845
T0004252,P0020,PL04,M00002,169.34,162.95,92.08,26.11,34.34,10.42,152.53,2025-09-03,0.7054
T0004253,P0110,PL05,M00003,443.84,437.57,273.96,62.77,73.24,27.6,409.97,2026-04-07,1.4684
T0004254,P0114,PL06,M00004,503.51,481.79,294.79,74.25,84.02,28.73,453.06,2026-10-23,0.5147
T0004255,P0037,PL07,M00005,286.95,288.28,164.56,53.0,49.66,21.06,267.22,2025-04-30,0.4032
T0004256,P0060,PL08,M00006,79.61,83.18,43.68,18.65,15.06,5.79,77.39,2025-04-25,0.147
T0004257,P0015,PL01,M00007,136.67,134.43,73.1,29.81,23.9,7.62,126.81,2026-08-27,0.2197
T0004258,P0131,PL02,M00008,219.31,220.85,128.17,42.34,39.92,10.42,210.43,2025-02-27,0.3301
T0004259,P0056,PL03,M00009,772.85,738.51,433.08,159.21,115.97,30.25,708.26,2026-05-13,1.7377
T0004260,P0064,PL04,M00010,720.98,706.98,395.05,145.33,127.84,38.76,668.22,2026-04-23,0.9414
T0004261,P0125,PL05,M00011,318.7,324.59,178.47,63.14,60.74,22.24,302.35,2025-10-04,0.7898
T0004262,P0088,PL06,M00012,460.48,467.81,246.14,106.4,89.13,26.14,441.67,2025-08-06,0.677
T0004263,P0033,PL07,M00013,511.84,529.14,327.74,89.93,84.63,26.84,502.3,2025-12-11,0.9638
T0004264,P0071,PL08,M00014,700.24,667.73,385.28,140.2,109.95,32.3,635.43,2025-11-30,0.7227
T0004265,P0041,PL01,M00015,367.81,361.68,204.02,63.23,76.86,17.57,344.11,2025-05-02,0.4894
T0004266,P0093,PL02,M00016,79.96,83.88,48.86,15.0,13.72,6.3,77.58,2025-05-27,0.1539
T0004267,P0095,PL03,M00017,728.54,745.03,401.31,147.04,155.16,41.52,703.51,2025-01-21,0.7801
T0004268,P0126,PL04,M00018,210.4,201.71,103.77,49.8,40.09,8.05,193.66,2026-03-29,1.2078
T0004269,P0073,PL05,M00019,321.89,314.37,166.07,52.81,66.59,28.9,285.47,2026-09-29,0.3119
T0004270,P0017,PL06,M00020,75.97,75.15,44.23,16.05,8.97,5.9,69.25,2025-05-02,0.671
T0004271,P0002,PL07,M00021,123.38,119.18,66.49,22.99,17.63,12.07,107.11,2026-09-26,0.1615
T0004272,P0015,PL08,M00022,443.6,447.36,254.88,97.75,62.22,32.51,414.85,2026-09-24,0.5825
T0004273,P0075,PL01,M00023,1202.29,1197.73,665.35,269.27,209.09,54.02,1143.71,2025-12-20,1.5336
T0004274,P0140,PL02,M00024,574.48,604.26,349.03,88.76,118.07,48.4,555.86,2026-10-12,0.7043
T0004275,P0054,PL03,M00025,185.92,181.53,119.33,29.09,25.14,7.97,173.56,2025-10-29,0.7261
T0004276,P0094,PL04,M00026,708.12,717.55,391.47,147.38,129.97,48.73,668.82,2025-02-12,1.4153
T0004277,P0073,PL05,M00027,152.79,159.36,95.17,29.87,28.02,6.3,153.06,2025-07-19,1.66
T0004278,P0137,PL06,M00028,315.86,326.73,195.26,71.31,49.55,10.61,316.12,2025-04-13,1.6502
T0004279,P0134,PL07,M00029,209.51,215.72,115.29,33.03,46.82,20.58,195.14,2026-01-21,1.1788
T0004280,P0062,PL08,M00030,1234.58,1282.97,707.03,241.46,217.45,117.03,1165.94,2026-07-09,1.0763
T0004281,P0092,PL01,M00031,278.47,276.66,163.14,65.44,36.94,11.14,265.52,2025-11-21,0.4296
T0004282,P0134,PL02,M00032,455.66,455.06,262.62,87.41,71.61,33.42,421.64,2026-12-12,0.8768
T0004283,P0037,PL03,M00033,59.55,61.82,38.39,10.25,8.66,4.52,57.3,2025-09-26,0.1313
T0004284,P0094,PL04,M00034,280.23,268.63,160.29,40.38,49.98,17.98,250.65,2026-11-02,0.9168
T0004285,P0099,PL05,M00035,207.33,207.1,132.33,32.38,34.64,7.75,199.35,2025-04-02,0.4378
T0004286,P0014,PL06,M00036,563.19,570.38,308.09,125.21,113.52,23.56,546.82,2025-10-30,0.9141
T0004287,P0047,PL07,M00037,18.28,19.06,9.82,3.9,3.62,1.72,17.34,2025-12-06,0.1191
T0004288,P0078,PL08,M00038,1217.65,1262.75,742.48,186.75,236.62,96.9,1165.85,2026-11-26,1.1106
T0004289,P0120,PL01,M00039,429.8,448.52,238.12,112.78,76.28,21.34,427.18,2026-12-09,1.1326
T0004290,P0136,PL02,M00040,276.29,266.81,145.54,61.72,35.28,24.27,242.54,2025-09-15,0.2252
T0004291,P0131,PL03,M00041,193.89,196.86,106.73,43.65,31.77,14.71,182.15,2026-05-14,1.6136
T0004292,P0030,PL04,M00042,419.82,402.51,237.56,74.79,73.37,16.79,385.72,2026-01-01,0.4507
T0004293,P0006,PL05,M00043,185.01,185.12,99.75,42.19,28.34,14.84,170.28,2025-08-05,0.5543
T0004294,P0107,PL06,M00044,210.89,216.9,126.34,36.54,43.2,10.82,206.08,2026-05-16,1.0231
T0004295,P0102,PL07,M00045,298.5,299.98,182.48,47.41,49.1,20.99,278.99,2026-01-12,0.3641
T0004296,P0077,PL08,M00046,508.85,498.22,291.27,122.92,59.35,24.68,473.54,2026-08-04,0.8023
T0004297,P0045,PL01,M00047,1352.86,1337.47,760.56,310.52,175.24,91.15,1246.32,2026-12-29,1.548
T0004298,P0083,PL02,M00048,978.6,981.09,575.4,170.83,166.4,68.46,912.63,2026-01-02,0.9762
T0004299,P0072,PL03,M00049,44.28,45.1,26.15,9.11,7.84,2.0,43.1,2026-08-19,0.3089
T0004300,P0080,PL04,M00050,397.29,397.55,222.82,62.82,73.88,38.03,359.52,2026-04-13,0.4523
T0004301,P0102,PL05,M00051,24.71,23.86,14.01,5.41,2.67,1.77,22.09,2025-11-03,1.0374
T0004302,P0107,PL06,M00052,503.84,488.22,290.49,88.67,75.5,33.56,454.66,2025-10-30,0.508
T0004303,P0058,PL07,M00053,16.17,15.75,9.14,2.97,2.32,1.32,14.43,2025-04-23,0.45
T0004304,P0127,PL08,M00054,259.6,268.43,162.6,42.76,51.44,11.63,256.8,2025-05-18,0.5284
T0004305,P0025,PL01,M00055,300.4,308.72,161.1,73.57,50.12,23.93,284.79,2025-04-04,0.452
T0004306,P0129,PL02,M00056,1163.54,1157.76,669.25,208.49,205.16,74.86,1082.9,2025-08-21,0.9828
T0004307,P0087,PL03,M00057,213.46,224.57,135.47,40.23,35.01,13.86,210.71,2025-12-23,0.7935
T0004308,P0128,PL04,M00058,710.52,682.98,392.42,139.81,116.35,34.4,648.58,2026-07-16,0.5754
T0004309,P0139,PL05,M00059,308.23,313.29,171.65,64.93,52.55,24.16,289.13,2025-01-27,1.5135
T0004310,P0027,PL06,M00060,1305.06,1279.84,795.77,277.94,158.74,47.39,1232.45,2026-10-13,1.3674
T0004311,P0075,PL07,M00061,182.29,177.27,101.83,43.8,20.76,10.88,166.39,2025-08-01,0.3121
T0004312,P0140,PL08,M00062,243.2,237.66,146.71,39.1,41.5,10.35,227.31,2026-06-11,0.3568
T0004313,P0031,PL01,M00063,120.16,119.96,71.57,24.54,19.6,4.25,115.71,2025-05-03,1.1107
T0004314,P0008,PL02,M00064,224.59,223.54,134.18,32.89,45.66,10.81,212.73,2026-08-17,1.1233
T0004315,P0143,PL03,M00065,1073.34,1032.77,631.74,157.71,193.51,49.81,982.96,2025-09-26,1.3123
T0004316,P0016,PL04,M00066,339.72,339.95,207.05,55.35,59.63,17.92,322.03,2026-04-20,1.2185
T0004317,P0008,PL05,M00067,71.11,70.53,44.18,13.86,9.16,3.33,67.2,2025-09-15,1.3563
T0004318,P0036,PL06,M00068,323.68,324.65,183.26,58.1,68.89,14.4,310.25,2025-03-20,0.6012
T0004319,P0067,PL07,M00069,751.35,743.5,425.98,137.72,114.28,65.52,677.98,2025-09-25,0.6404
T0004320,P0022,PL08,M00070,1214.41,1267.74,773.22,274.93,163.04,56.55,1211.19,2025-10-03,1.135
T0004321,P0023,PL01,M00071,197.07,192.65,112.69,34.15,32.95,12.86,179.79,2026-11-10,0.3997
T0004322,P0021,PL02,M00072,40.83,42.97,23.99,9.66,5.83,3.49,39.48,2025-06-20,1.2277
T0004323,P0131,PL03,M00073,91.74,94.07,55.67,19.8,11.88,6.72,87.35,2025-09-09,1.0115
T0004324,P0014,PL04,M00074,444.21,464.65,253.85,86.85,88.19,35.76,428.89,2025-05-26,0.7916
T0004325,P0107,PL05,M00075,689.86,670.42,382.93,108.52,118.02,60.95,609.47,2026-07-30,0.9146
T0004326,P0004,PL06,M00076,574.87,602.97,358.48,114.49,93.62,36.38,566.59,2026-08-29,0.571
T0004327,P0025,PL07,M00077,586.2,603.13,357.7,94.54,93.87,57.02,546.11,2025-08-17,0.5901
T0004328,P0147,PL08,M00078,720.79,756.51,389.11,187.4,134.04,45.96,710.55,2026-11-15,1.0964
T0004329,P0042,PL01,M00079,167.04,170.21,101.94,28.0,33.22,7.05,163.16,2026-05-28,0.9616
T0004330,P0045,PL02,M00080,120.61,118.45,71.23,17.43,20.06,9.73,108.72,2025-10-22,0.5952
T0004331,P0003,PL03,M00081,427.29,416.17,244.18,79.02,70.83,22.14,394.03,2025-05-16,0.5315
T0004332,P0063,PL04,M00082,97.99,97.51,55.63,20.26,17.38,4.24,93.27,2025-04-30,0.9849
T0004333,P0007,PL05,M00083,412.7,422.46,237.32,99.84,56.53,28.77,393.69,2026-08-17,1.5034
T0004334,P0150,PL06,M00084,248.56,253.78,142.44,58.27,37.38,15.69,238.09,2025-10-06,0.2792
T0004335,P0028,PL07,M00085,465.04,467.84,265.1,101.39,77.99,23.36,444.48,2025-11-10,0.6255
T0004336,P0079,PL08,M00086,490.16,482.98,261.99,104.55,82.86,33.58,449.4,2025-11-05,0.6414
T0004337,P0101,PL01,M00087,392.79,376.49,191.65,71.9,78.57,34.37,342.12,2026-06-08,0.479
T0004338,P0040,PL02,M00088,591.15,617.09,365.78,114.06,91.18,46.07,571.02,2026-07-26,1.2441
T0004339,P0055,PL03,M00089,1004.54,1001.38,619.0,228.13,113.87,40.38,961.0,2025-08-13,0.9984
T0004340,P0066,PL04,M00090,606.88,583.84,340.06,133.09,68.77,41.92,541.92,2025-06-05,1.6874
T0004341,P0074,PL05,M00091,88.33,90.97,47.49,16.04,18.88,8.56,82.41,2025-04-11,0.3126
T0004342,P0056,PL06,M00092,180.43,183.08,93.24,47.06,35.58,7.2,175.88,2026-05-10,1.6644
T0004343,P0126,PL07,M00093,209.57,202.17,116.26,44.16,26.37,15.38,186.79,2026-10-05,0.4605
T0004344,P0092,PL08,M00094,607.6,600.38,325.75,120.7,115.27,38.66,561.72,2026-04-17,1.5925
T0004345,P0026,PL01,M00095,1135.69,1089.05,698.57,163.14,173.52,53.82,1035.23,2026-01-14,0.947
T0004346,P0026,PL02,M00096,150.2,156.0,81.57,41.92,21.55,10.96,145.04,2025-05-06,0.2771
T0004347,P0049,PL03,M00097,355.37,372.55,218.74,59.99,72.63,21.19,351.36,2026-02-26,0.5619
T0004348,P0004,PL04,M00098,135.45,135.88,75.56,31.77,16.6,11.95,123.93,2026-04-01,1.2025
T0004349,P0009,PL05,M00099,161.28,157.77,95.98,30.28,22.37,9.14,148.63,2026-10-04,0.9015
T0004350,P0133,PL06,M00100,208.16,201.61,117.64,47.83,25.6,10.54,191.07,2025-01-04,0.5616
T0004351,P0043,PL07,M00101,715.21,689.23,402.6,127.51,127.42,31.7,657.53,2025-03-27,0.6724
T0004352,P0129,PL08,M00102,899.9,863.57,563.01,128.88,134.45,37.23,826.34,2025-04-25,0.8866
T0004353,P0020,PL01,M00103,405.72,420.36,240.2,85.99,60.73,33.44,386.92,2026-08-20,1.3873
T0004354,P0104,PL02,M00104,129.45,128.32,69.79,21.43,26.07,11.03,117.29,2025-04-20,1.0266
T0004355,P0016,PL03,M00105,149.03,143.61,89.05,23.15,26.03,5.38,138.23,2026-03-25,0.5359
T0004356,P0106,PL04,M00106,586.18,605.15,332.32,120.15,103.17,49.51,555.64,2026-01-31,0.8358
T0004357,P0024,PL05,M00107,913.18,882.19,477.09,178.99,162.2,63.91,818.28,2026-04-07,1.5725
T0004358,P0020,PL06,M00108,111.52,110.1,68.43,20.17,16.36,5.14,104.96,2026-08-30,0.3287
T0004359,P0009,PL07,M00109,40.34,38.74,22.97,6.19,6.47,3.11,35.63,2026-11-11,0.2072
T0004360,P0045,PL08,M00110,420.68,434.02,275.11,63.31,62.03,33.57,400.45,2026-07-25,1.2879
T0004361,P0072,PL01,M00111,359.76,348.98,190.11,73.39,54.26,31.22,317.76,2026-12-22,0.4474
T0004362,P0087,PL02,M00112,977.53,1017.91,553.09,242.84,168.0,53.98,963.93,2025-07-31,1.3812
T0004363,P0109,PL03,M00113,917.49,950.57,595.62,143.68,169.62,41.65,908.92,2025-09-19,1.1942
T0004364,P0072,PL04,M00114,907.23,907.42,554.7,175.91,128.07,48.74,858.68,2026-08-26,1.3038
T0004365,P0038,PL05,M00115,761.14,725.05,431.17,142.35,106.71,44.82,680.23,2025-09-24,1.2064
T0004366,P0049,PL06,M00116,1104.35,1108.64,624.35,244.3,150.64,89.35,1019.29,2026-02-12,1.0489
T0004367,P0145,PL07,M00117,279.81,268.37,158.23,57.09,30.02,23.03,245.34,2025-08-29,0.3494
T0004368,P0024,PL08,M00118,47.76,48.37,26.15,10.67,7.15,4.4,43.97,2025-09-19,0.8637
T0004369,P0136,PL01,M00119,342.85,328.52,210.53,53.62,49.1,15.27,313.25,2026-07-16,0.6531
T0004370,P0068,PL02,M00120,460.15,463.03,275.69,80.7,86.74,19.9,443.13,2025-09-25,0.499
T0004371,P0042,PL03,M00121,144.33,146.89,78.06,34.21,28.0,6.62,140.27,2025-10-27,1.1476
T0004372,P0136,PL04,M00122,182.97,175.91,106.45,34.43,26.65,8.38,167.53,2026-08-23,1.2935
T0004373,P0082,PL05,M00123,143.63,142.41,74.62,29.47,29.15,9.17,133.24,2025-07-05,1.1302
T0004374,P0096,PL06,M00124,364.06,359.21,223.14,56.1,49.92,30.05,329.16,2026-09-02,1.5618
T0004375,P0145,PL07,M00125,281.47,288.9,182.54,39.54,46.16,20.66,268.24,2025-03-14,0.8862
T0004376,P0095,PL08,M00126,237.3,237.14,148.42,40.4,35.05,13.27,223.87,2026-09-30,0.2968
T0004377,P0145,PL01,M00127,135.64,142.13,86.13,25.03,19.84,11.13,131.0,2025-07-05,0.1822
T0004378,P0124,PL02,M00128,1317.43,1346.74,897.29,207.75,192.62,49.08,1297.66,2026-09-29,1.156
T0004379,P0057,PL03,M00129,1040.47,1086.72,638.9,244.71,150.69,52.42,1034.3,2026-02-01,1.0034
T0004380,P0125,PL04,M00130,255.03,249.26,142.3,53.04,38.59,15.33,233.93,2025-09-12,0.2621
T0004381,P0028,PL05,M00131,1112.35,1067.15,573.76,194.06,233.4,65.93,1001.22,2026-05-03,0.9051
T0004382,P0114,PL06,M00132,97.38,93.93,55.11,13.68,18.63,6.51,87.42,2026-02-14,0.1545
T0004383,P0019,PL07,M00133,13.2,12.77,7.2,2.34,2.46,0.77,12.0,2026-02-12,0.473
T0004384,P0002,PL08,M00134,103.94,107.84,66.59,21.15,14.34,5.76,102.08,2025-01-22,0.3631
T0004385,P0010,PL01,M00135,234.83,233.95,149.24,39.37,35.73,9.61,224.34,2025-11-23,1.4093
T0004386,P0098,PL02,M00136,751.93,768.73,435.57,176.56,116.04,40.56,728.17,2025-04-25,0.8513
T0004387,P0109,PL03,M00137,307.51,301.88,168.25,55.8,58.49,19.34,282.54,2025-03-25,0.8007
T0004388,P0085,PL04,M00138,255.68,261.4,132.69,56.46,50.77,21.48,239.92,2026-08-28,0.3267
T0004389,P0078,PL05,M00139,535.47,519.11,294.57,76.4,102.39,45.75,473.36,2025-12-01,0.6417
T0004390,P0037,PL06,M00140,611.42,636.77,370.74,105.81,121.02,39.2,597.57,2026-06-15,1.1599
T0004391,P0037,PL07,M00141,223.37,215.19,141.98,33.37,30.96,8.88,206.31,2025-06-24,0.7344
T0004392,P0032,PL08,M00142,24.66,23.59,13.21,4.24,4.1,2.04,21.55,2026-03-30,0.0728
T0004393,P0116,PL01,M00143,430.28,419.34,247.05,93.65,64.09,14.55,404.79,2026-06-21,0.4386
T0004394,P0012,PL02,M00144,413.93,425.47,242.37,107.88,49.8,25.42,400.05,2026-09-22,0.4754
T0004395,P0009,PL03,M00145,1003.27,967.93,558.79,204.4,129.74,75.0,892.93,2026-08-05,1.0767
T0004396,P0107,PL04,M00146,1025.97,988.53,634.08,149.53,127.53,77.39,911.14,2026-05-20,1.4516
T0004397,P0119,PL05,M00147,509.92,490.21,273.37,95.35,89.95,31.54,458.67,2025-12-19,0.9574
T0004398,P0045,PL06,M00148,1047.46,1102.37,633.07,179.98,194.95,94.37,1008.0,2025-08-05,1.1483
T0004399,P0137,PL07,M00149,271.39,262.2,160.04,50.24,39.18,12.74,249.46,2025-09-21,0.964
T0004400,P0016,PL08,M00150,68.47,66.49,39.06,14.29,8.85,4.29,62.2,2025-10-09,0.9365
T0004401,P0092,PL01,M00151,1991.48,1946.78,1162.92,305.62,318.06,160.18,1786.6,2026-07-31,1.7017
T0004402,P0090,PL02,M00152,757.52,754.17,436.98,123.09,126.55,67.55,686.62,2025-09-08,0.8729
T0004403,P0124,PL03,M00153,697.67,702.05,401.48,172.72,92.76,35.09,666.96,2026-01-09,1.1126
T0004404,P0052,PL04,M00154,1020.08,1020.93,576.64,189.88,175.42,78.99,941.94,2025-01-01,1.058
T0004405,P0023,PL05,M00155,75.5,78.72,45.77,14.84,10.67,7.44,71.28,2025-11-15,0.4604
T0004406,P0141,PL06,M00156,182.08,186.43,105.35,38.84,32.54,9.7,176.73,2025-10-07,0.7736
T0004407,P0094,PL07,M00157,1356.69,1310.24,729.54,267.88,205.38,107.44,1202.8,2026-09-07,1.7127
T0004408,P0143,PL08,M00158,19.61,20.02,10.46,4.62,3.53,1.41,18.61,2025-02-09,0.1461
T0004409,P0097,PL01,M00159,999.19,979.91,573.08,200.18,174.76,31.89,948.02,2025-01-15,1.1907
T0004410,P0051,PL02,M00160,1034.69,1003.32,586.24,164.23,170.29,82.56,920.76,2026-01-27,1.2296
T0004411,P0059,PL03,M00161,1569.86,1538.44,861.08,336.03,226.83,114.5,1423.94,2026-04-15,1.4793
T0004412,P0075,PL04,M00162,51.37,54.03,33.56,11.83,6.75,1.89,52.14,2026-03-19,0.1169
T0004413,P0052,PL05,M00163,111.94,113.35,65.94,22.06,17.44,7.91,105.44,2026-06-03,0.8155
T0004414,P0137,PL06,M00164,508.0,529.32,318.67,93.38,89.95,27.32,502.0,2025-02-22,0.5396
T0004415,P0042,PL07,M00165,791.13,800.54,434.64,156.09,147.74,62.07,738.47,2026-05-11,1.1552
T0004416,P0076,PL08,M00166,173.23,171.33,100.32,27.46,30.83,12.72,158.61,2025-12-15,0.2944
T0004417,P0135,PL01,M00167,372.29,384.17,199.3,79.92,74.52,30.43,353.74,2026-04-30,0.6601
T0004418,P0033,PL02,M00168,531.22,548.48,287.86,120.55,97.32,42.75,505.73,2026-01-29,1.4784
T0004419,P0033,PL03,M00169,1000.75,1048.38,635.75,177.96,142.41,92.26,956.12,2026-11-19,1.4381
T0004420,P0056,PL04,M00170,353.73,353.9,202.88,63.69,64.01,23.32,330.58,2026-05-15,0.9591
T0004421,P0030,PL05,M00171,460.42,450.02,229.78,114.91,76.3,29.03,420.99,2025-04-08,0.4886
T0004422,P0046,PL06,M00172,149.33,148.09,88.53,22.38,24.8,12.38,135.71,2026-07-31,0.2119
T0004423,P0083,PL07,M00173,351.92,352.76,206.17,57.5,61.5,27.59,325.17,2025-03-12,0.7822
T0004424,P0045,PL08,M00174,316.29,329.3,184.83,74.36,46.78,23.33,305.97,2025-10-13,0.3671
T0004425,P0022,PL01,M00175,11.58,12.13,7.27,2.37,1.47,1.02,11.11,2025-05-08,1.213
T0004426,P0121,PL02,M00176,185.51,180.9,101.28,35.31,30.91,13.4,167.5,2025-10-28,0.2637
T0004427,P0099,PL03,M00177,266.9,272.05,150.1,60.0,52.2,9.75,262.3,2025-12-29,1.2255
T0004428,P0071,PL04,M00178,99.88,95.27,61.75,14.0,15.96,3.56,91.71,2026-08-02,0.5571
T0004429,P0139,PL05,M00179,923.6,953.07,539.72,194.69,161.59,57.07,896.0,2026-10-15,1.4685
T0004430,P0063,PL06,M00180,131.24,130.81,72.61,23.19,26.74,8.27,122.54,2025-01-11,0.2511
T0004431,P0091,PL07,M00181,82.76,87.02,48.08,19.54,15.93,3.47,83.55,2026-03-14,0.4329
T0004432,P0075,PL08,M00182,646.3,635.78,313.89,158.84,119.2,43.85,591.93,2025-03-22,1.0561
T0004433,P0116,PL01,M00183,1639.39,1589.47,929.87,280.36,260.69,118.55,1470.92,2025-12-12,1.6386
T0004434,P0054,PL02,M00184,443.1,433.79,251.63,74.69,83.61,23.86,409.93,2025-04-13,0.5214
T0004435,P0086,PL03,M00185,427.52,407.44,231.95,72.77,87.03,15.69,391.75,2025-07-21,0.5559
T0004436,P0117,PL04,M00186,778.93,772.38,460.97,125.7,140.5,45.21,727.17,2025-12-11,0.8727
T0004437,P0013,PL05,M00187,1211.98,1169.3,655.49,253.39,157.73,102.69,1066.61,2026-03-13,1.1031
T0004438,P0028,PL06,M00188,44.88,46.85,24.78,10.7,7.24,4.13,42.72,2025-10-05,0.3323
T0004439,P0150,PL07,M00189,13.8,13.38,7.62,2.54,2.44,0.78,12.6,2025-08-04,0.1195
T0004440,P0136,PL08,M00190,250.38,256.36,147.72,55.69,42.19,10.76,245.6,2026-10-10,0.9898
T0004441,P0057,PL01,M00191,293.5,290.89,162.31,57.23,48.79,22.56,268.33,2026-08-13,1.2871
T0004442,P0093,PL02,M00192,991.24,1011.67,550.15,175.59,217.16,68.77,942.9,2025-03-17,1.1602
T0004443,P0106,PL03,M00193,530.13,520.09,318.67,86.84,81.51,33.07,487.02,2025-05-09,0.8165
T0004444,P0112,PL04,M00194,143.59,148.16,84.64,21.89,27.74,13.89,134.27,2026-02-18,0.8515
T0004445,P0030,PL05,M00195,183.85,177.4,98.62,41.94,23.57,13.27,164.13,2026-08-07,0.262
T0004446,P0064,PL06,M00196,965.0,983.73,572.19,175.71,198.31,37.52,946.21,2025-12-17,1.123
T0004447,P0099,PL07,M00197,168.79,173.57,96.52,38.82,28.5,9.73,163.84,2025-12-12,0.7418
T0004448,P0032,PL08,M00198,100.72,99.76,57.65,20.43,18.17,3.51,96.25,2025-07-19,0.144
T0004449,P0084,PL01,M00199,473.62,473.49,308.43,77.64,68.21,19.21,454.28,2026-06-02,0.7552
T0004450,P0143,PL02,M00200,339.85,351.83,209.01,69.3,52.44,21.08,330.75,2026-05-16,1.5568
T0004451,P0090,PL03,M00201,440.16,443.87,267.9,97.06,62.99,15.92,427.95,2025-02-10,0.9734
T0004452,P0108,PL04,M00202,1599.36,1669.43,891.67,390.4,324.03,63.33,1606.1,2026-03-02,1.4367
T0004453,P0023,PL05,M00203,788.21,755.36,443.13,133.04,141.77,37.42,717.94,2025-08-22,1.0714
T0004454,P0109,PL06,M00204,1136.76,1187.8,787.08,180.9,152.98,66.84,1120.96,2025-03-31,1.2516
T0004455,P0041,PL07,M00205,1384.52,1339.98,684.17,315.22,251.64,88.95,1251.03,2026-01-11,1.5367
T0004456,P0117,PL08,M00206,734.51,702.23,359.0,166.53,125.49,51.21,651.02,2026-11-28,1.0854
T0004457,P0029,PL01,M00207,516.38,510.21,305.34,92.55,83.46,28.86,481.35,2025-05-05,1.3082
T0004458,P0131,PL02,M00208,796.77,800.07,465.86,153.88,145.84,34.49,765.58,2025-12-10,0.8106
T0004459,P0021,PL03,M00209,566.73,592.8,342.7,111.01,84.55,54.54,538.26,2025-02-24,0.655
T0004460,P0131,PL04,M00210,814.24,841.53,468.37,166.0,133.67,73.49,768.04,2026-06-05,0.8711
T0004461,P0149,PL05,M00211,35.08,34.59,19.33,6.76,6.47,2.03,32.56,2025-12-31,0.188
T0004462,P0097,PL06,M00212,471.3,488.46,268.78,119.82,64.89,34.97,453.49,2026-09-19,1.3131
T0004463,P0035,PL07,M00213,1570.56,1575.38,867.65,324.67,307.39,75.67,1499.71,2025-07-29,1.4751
T0004464,P0006,PL08,M00214,602.98,594.33,338.37,100.25,108.35,47.36,546.97,2025-05-30,1.5123
T0004465,P0025,PL01,M00215,50.19,51.15,27.85,10.36,9.37,3.57,47.58,2025-09-25,0.1445
T0004466,P0096,PL02,M00216,133.5,127.89,66.7,31.57,21.77,7.85,120.04,2026-07-31,0.1413
T0004467,P0146,PL03,M00217,172.47,166.83,100.14,27.58,29.61,9.5,157.33,2025-10-04,0.1689
T0004468,P0106,PL04,M00218,207.24,216.53,132.16,45.64,27.23,11.5,205.03,2026-08-05,0.2772
T0004469,P0059,PL05,M00219,882.83,843.63,501.46,156.66,144.94,40.57,803.06,2025-10-15,1.1799
T0004470,P0093,PL06,M00220,62.32,65.16,39.03,12.55,10.64,2.94,62.22,2026-10-19,0.4494
T0004471,P0045,PL07,M00221,320.89,306.0,190.3,49.4,51.44,14.86,291.14,2025-01-31,1.3784
T0004472,P0020,PL08,M00222,1020.98,994.59,538.85,212.52,183.27,59.95,934.64,2025-09-12,1.599
T0004473,P0101,PL01,M00223,216.93,217.19,138.54,31.64,32.76,14.25,202.94,2026-05-09,1.3325
T0004474,P0046,PL02,M00224,82.37,85.83,52.1,14.17,16.3,3.26,82.57,2025-05-25,1.0596
T0004475,P0123,PL03,M00225,49.39,48.85,26.1,11.32,8.72,2.71,46.14,2025-03-30,0.977
T0004476,P0100,PL04,M00226,968.95,1005.64,593.76,189.74,183.43,38.71,966.93,2025-10-09,1.1572
T0004477,P0109,PL05,M00227,1753.33,1743.62,949.85,324.68,310.93,158.16,1585.46,2026-05-11,1.588
T0004478,P0115,PL06,M00228,268.47,268.48,151.82,53.65,44.12,18.89,249.59,2026-01-16,1.297
T0004479,P0023,PL07,M00229,683.18,701.59,438.07,135.53,81.48,46.51,655.08,2026-11-03,0.8915
T0004480,P0148,PL08,M00230,449.94,443.94,242.37,119.25,62.09,20.23,423.71,2026-10-25,1.3096
T0004481,P0140,PL01,M00231,1297.19,1344.21,835.24,194.45,245.47,69.05,1275.16,2025-01-11,1.2988
T0004482,P0023,PL02,M00232,797.01,780.61,437.57,191.39,117.53,34.12,746.49,2025-11-11,0.9087
T0004483,P0046,PL03,M00233,520.33,529.27,325.67,99.95,62.26,41.39,487.88,2025-07-18,1.2056
T0004484,P0094,PL04,M00234,862.63,903.97,553.07,156.45,141.25,53.2,850.77,2025-07-31,0.8906
T0004485,P0037,PL05,M00235,383.67,398.39,222.52,85.12,64.71,26.04,372.35,2025-01-05,0.4595
T0004486,P0020,PL06,M00236,176.65,171.0,98.49,26.27,29.97,16.27,154.73,2025-01-20,0.4957
T0004487,P0114,PL07,M00237,130.64,131.26,71.82,30.3,19.1,10.04,121.22,2025-11-19,0.625
T0004488,P0001,PL08,M00238,295.24,296.01,183.77,57.43,40.23,14.58,281.43,2026-03-25,0.2581
T0004489,P0136,PL01,M00239,175.45,167.8,95.54,39.09,23.66,9.51,158.29,2026-06-23,0.2954
T0004490,P0058,PL02,M00240,191.15,187.87,117.06,29.22,27.16,14.43,173.44,2026-11-05,0.442
T0004491,P0149,PL03,M00241,244.98,252.92,139.66,56.03,39.07,18.16,234.76,2026-02-13,0.8004
T0004492,P0047,PL04,M00242,343.34,342.19,194.58,64.68,57.94,24.99,317.2,2026-01-23,0.6581
T0004493,P0093,PL05,M00243,237.35,239.07,149.93,33.72,34.83,20.59,218.48,2026-05-18,0.9838
T0004494,P0054,PL06,M00244,334.73,333.64,175.24,81.19,61.02,16.19,317.45,2025-07-21,0.8993
T0004495,P0112,PL07,M00245,267.53,280.57,152.86,55.59,49.57,22.55,258.02,2025-06-07,0.2541
T0004496,P0114,PL08,M00246,225.1,219.06,119.21,47.73,38.41,13.71,205.35,2026-02-28,0.2197
T0004497,P0147,PL01,M00247,164.17,166.5,87.62,35.56,28.36,14.96,151.54,2026-05-29,0.3498
T0004498,P0015,PL02,M00248,132.63,134.02,84.43,25.44,16.57,7.58,126.44,2026-02-02,0.2659
T0004499,P0138,PL03,M00249,196.47,197.6,104.33,39.26,37.61,16.4,181.2,2026-09-13,0.2425
T0004500,P0053,PL04,M00250,504.58,525.93,272.33,131.77,85.37,36.46,489.47,2026-04-24,0.4626
T0004501,P0077,PL05,M00001,1088.97,1039.69,596.71,175.22,195.87,71.89,967.8,2026-07-21,0.9902
T0004502,P0112,PL06,M00002,346.09,348.58,206.2,78.25,40.14,23.99,324.59,2026-06-08,1.0283
T0004503,P0008,PL07,M00003,1037.24,1087.27,578.69,197.1,213.04,98.44,988.83,2025-10-01,1.0455
T0004504,P0098,PL08,M00004,731.64,756.51,411.78,132.21,160.98,51.54,704.97,2025-11-26,0.6483
T0004505,P0037,PL01,M00005,653.79,684.27,422.82,117.22,97.93,46.3,637.97,2025-06-03,1.0708
T0004506,P0128,PL02,M00006,245.47,240.99,133.74,41.0,46.13,20.12,220.87,2025-01-11,0.8368
T0004507,P0112,PL03,M00007,882.6,848.45,511.03,171.77,100.89,64.76,783.69,2026-09-19,1.6702
T0004508,P0003,PL04,M00008,693.24,678.54,386.76,151.37,113.72,26.69,651.85,2026-09-01,0.7539
T0004509,P0021,PL05,M00009,714.6,708.57,397.3,146.82,125.21,39.24,669.33,2025-01-26,0.9336
T0004510,P0082,PL06,M00010,653.55,651.22,382.3,124.11,94.53,50.28,600.94,2025-09-22,0.7212
T0004511,P0147,PL07,M00011,644.33,615.49,360.73,110.83,101.51,42.42,573.07,2025-03-27,0.7942
T0004512,P0150,PL08,M00012,75.36,74.88,44.55,14.83,10.14,5.36,69.52,2025-11-21,0.7882
T0004513,P0054,PL01,M00013,264.3,272.39,162.85,44.4,51.48,13.66,258.73,2026-03-18,1.1397
T0004514,P0117,PL02,M00014,55.55,57.45,32.0,9.47,11.47,4.51,52.94,2025-04-26,0.9575
T0004515,P0133,PL03,M00015,1727.31,1807.19,997.66,442.2,226.86,140.47,1666.72,2026-03-28,1.5085
T0004516,P0093,PL04,M00016,159.91,156.08,91.4,26.41,26.86,11.41,144.67,2025-10-21,0.9575
T0004517,P0105,PL05,M00017,498.89,510.32,289.24,85.28,109.48,26.32,484.0,2025-06-03,0.9329
T0004518,P0070,PL06,M00018,33.61,33.58,18.84,6.18,5.46,3.1,30.48,2025-03-11,0.819
T0004519,P0128,PL07,M00019,308.47,304.96,186.12,62.44,40.51,15.89,289.07,2025-07-11,0.3945
T0004520,P0096,PL08,M00020,17.69,16.9,9.39,3.71,2.49,1.31,15.59,2025-02-18,0.7348
T0004521,P0057,PL01,M00021,90.02,89.34,52.18,18.35,12.56,6.25,83.09,2026-11-20,0.7636
T0004522,P0006,PL02,M00022,710.12,686.23,398.32,153.92,92.65,41.34,644.89,2025-12-24,0.9174
T0004523,P0064,PL03,M00023,326.23,343.26,190.14,71.85,60.27,21.0,322.26,2026-08-10,1.6583
T0004524,P0040,PL04,M00024,1065.19,1120.95,637.01,281.82,157.03,45.09,1075.86,2025-07-15,0.9581
T0004525,P0019,PL05,M00025,166.04,171.27,96.77,33.68,30.29,10.53,160.74,2025-10-06,0.4358
T0004526,P0035,PL06,M00026,776.46,778.29,423.83,127.6,161.1,65.76,712.53,2026-10-26,0.776
T0004527,P0138,PL07,M00027,381.5,383.98,213.85,91.65,46.98,31.5,352.48,2026-09-19,1.8285
T0004528,P0051,PL08,M00028,898.62,932.55,564.34,138.94,185.92,43.35,889.2,2026-01-31,0.8765
T0004529,P0137,PL01,M00029,941.46,988.51,549.52,218.96,130.69,89.34,899.17,2026-02-28,1.4264
T0004530,P0056,PL02,M00030,133.39,135.37,83.95,20.12,26.34,4.96,130.41,2026-12-18,0.5481
T0004531,P0086,PL03,M00031,281.75,295.34,160.1,75.72,41.35,18.17,277.17,2026-07-11,0.2646
T0004532,P0073,PL04,M00032,1704.16,1704.52,975.93,408.5,221.87,98.22,1606.3,2025-04-20,1.5871
T0004533,P0105,PL05,M00033,316.01,308.58,194.42,59.18,43.59,11.39,297.19,2025-10-05,0.4358
T0004534,P0110,PL06,M00034,694.19,681.75,368.52,118.78,129.11,65.34,616.41,2026-02-10,0.5965
T0004535,P0128,PL07,M00035,532.11,507.81,307.76,71.24,84.48,44.33,463.48,2026-05-25,0.5661
T0004536,P0144,PL08,M00036,353.57,362.42,191.48,83.12,65.73,22.09,340.33,2025-05-16,0.4091
T0004537,P0080,PL01,M00037,318.97,314.92,190.67,49.24,55.66,19.35,295.57,2026-02-06,0.9317
T0004538,P0093,PL02,M00038,90.75,92.95,54.04,18.6,15.09,5.22,87.73,2025-07-25,0.2224
T0004539,P0075,PL03,M00039,227.53,232.2,126.9,53.18,42.91,9.21,222.99,2026-05-12,0.5893
T0004540,P0029,PL04,M00040,139.32,146.27,83.62,26.29,24.64,11.72,134.55,2026-09-28,0.1856
T0004541,P0134,PL05,M00041,104.87,107.61,56.19,25.64,20.49,5.29,102.32,2026-11-14,0.2606
T0004542,P0071,PL06,M00042,289.33,300.99,173.29,60.31,50.66,16.73,284.26,2025-11-11,0.3223
T0004543,P0147,PL07,M00043,191.76,194.62,113.36,43.47,25.28,12.51,182.11,2026-05-12,0.2439
T0004544,P0086,PL08,M00044,170.05,164.82,102.91,30.56,23.58,7.77,157.05,2025-11-20,0.9753
T0004545,P0065,PL01,M00045,236.09,240.56,129.72,50.09,43.67,17.08,223.48,2025-11-15,1.6477
T0004546,P0031,PL02,M00046,239.1,246.46,136.34,49.92,47.61,12.59,233.87,2026-09-14,0.3875
T0004547,P0025,PL03,M00047,1715.68,1671.73,1019.24,341.27,221.37,89.85,1581.88,2026-01-26,1.8554
T0004548,P0133,PL04,M00048,19.7,19.87,10.8,3.51,3.69,1.87,18.0,2026-05-02,0.8279
T0004549,P0096,PL05,M00049,223.97,221.88,136.35,33.72,37.24,14.57,207.31,2025-04-24,1.0132
T0004550,P0084,PL06,M00050,301.63,311.19,193.48,52.76,40.74,24.21,286.98,2026-10-30,0.7839
T0004551,P0133,PL07,M00051,448.66,450.24,256.66,67.17,86.73,39.68,410.56,2025-03-21,0.4075
T0004552,P0044,PL08,M00052,89.07,87.29,48.0,15.29,16.99,7.01,80.28,2026-04-25,1.5314
T0004553,P0061,PL01,M00053,17.89,17.18,10.09,3.59,2.13,1.37,15.81,2025-12-15,0.7158
T0004554,P0060,PL02,M00054,18.34,19.17,12.18,2.59,2.94,1.46,17.71,2026-06-10,0.1625
T0004555,P0128,PL03,M00055,839.45,873.54,507.6,170.96,162.25,32.73,840.81,2025-06-20,0.9893
T0004556,P0067,PL04,M00056,353.25,343.26,177.91,70.46,63.15,31.74,311.52,2026-08-23,0.7034
T0004557,P0089,PL05,M00057,968.12,967.98,571.27,211.87,115.93,68.91,899.07,2025-07-30,0.8323
T0004558,P0076,PL06,M00058,173.57,167.04,99.58,29.55,25.83,12.08,154.96,2026-08-25,0.1918
T0004559,P0003,PL07,M00059,108.01,105.41,56.7,22.48,16.95,9.28,96.13,2025-09-19,0.5462
T0004560,P0052,PL08,M00060,559.13,556.48,319.02,102.6,98.27,36.59,519.89,2025-04-02,0.7312
T0004561,P0011,PL01,M00061,204.88,208.37,123.71,33.9,39.5,11.26,197.11,2025-06-27,0.2437
T0004562,P0049,PL02,M00062,936.72,962.04,547.98,211.89,150.47,51.7,910.34,2026-04-19,1.451
T0004563,P0125,PL03,M00063,295.26,292.51,147.19,74.0,57.41,13.91,278.6,2025-10-13,0.7906
T0004564,P0086,PL04,M00064,320.7,335.03,188.76,55.96,63.81,26.5,308.53,2026-06-10,0.792
T0004565,P0033,PL05,M00065,209.52,202.94,120.25,41.25,24.54,16.9,186.04,2025-03-22,0.3964
T0004566,P0019,PL06,M00066,637.99,661.62,367.23,135.56,125.35,33.48,628.14,2025-09-26,1.1064
T0004567,P0130,PL07,M00067,363.97,380.64,246.74,62.13,55.82,15.95,364.69,2025-10-23,0.7881
T0004568,P0050,PL08,M00068,738.75,728.1,430.55,123.6,141.83,32.12,695.98,2025-08-09,1.4029
T0004569,P0006,PL01,M00069,1288.46,1278.14,695.58,312.05,204.67,65.84,1212.3,2026-01-24,1.1619
T0004570,P0083,PL02,M00070,20.93,20.67,12.44,3.06,4.0,1.17,19.5,2026-01-02,0.0919
T0004571,P0036,PL03,M00071,932.81,964.36,600.58,192.95,128.75,42.08,922.28,2025-04-16,1.3737
T0004572,P0067,PL04,M00072,980.0,980.04,583.71,209.61,120.47,66.25,913.79,2026-07-23,1.7949
T0004573,P0068,PL05,M00073,589.98,615.26,339.5,151.27,80.93,43.56,571.7,2025-04-27,1.4477
T0004574,P0141,PL06,M00074,74.01,77.48,45.67,12.98,13.84,4.99,72.49,2026-03-28,1.0195
T0004575,P0048,PL07,M00075,421.44,423.09,260.12,74.96,67.58,20.43,402.66,2026-07-04,1.1497
T0004576,P0145,PL08,M00076,23.37,22.26,11.71,5.05,3.65,1.85,20.41,2026-02-01,0.119
T0004577,P0076,PL01,M00077,244.74,253.29,143.42,52.06,39.88,17.93,235.36,2025-04-13,0.3603
T0004578,P0047,PL02,M00078,507.96,514.27,291.75,102.83,89.25,30.44,483.83,2025-01-07,0.7508
T0004579,P0021,PL03,M00079,88.42,90.06,51.77,17.07,15.66,5.56,84.5,2026-06-06,0.1164
T0004580,P0135,PL04,M00080,2005.34,2087.11,1250.83,478.06,283.26,74.96,2012.15,2025-08-11,1.7748
T0004581,P0031,PL05,M00081,523.62,548.85,360.01,86.51,80.58,21.75,527.1,2025-10-07,1.1201
T0004582,P0084,PL06,M00082,994.48,1034.58,605.31,196.79,165.12,67.36,967.22,2026-05-22,1.2601
T0004583,P0103,PL07,M00083,833.55,812.7,524.0,136.77,113.34,38.59,774.11,2025-05-14,0.904
T0004584,P0042,PL08,M00084,162.63,169.98,96.36,39.82,22.15,11.65,158.33,2025-04-02,1.2976
T0004585,P0104,PL01,M00085,506.6,516.5,307.46,102.96,74.9,31.18,485.32,2026-04-18,0.8551
T0004586,P0037,PL02,M00086,512.61,512.17,323.52,93.87,68.06,26.72,485.45,2025-02-26,0.7466
T0004587,P0049,PL03,M00087,631.35,609.06,347.53,111.02,97.93,52.58,556.48,2026-04-08,0.5655
T0004588,P0089,PL04,M00088,125.59,123.76,72.67,21.77,19.16,10.16,113.6,2025-04-14,0.138
T0004589,P0013,PL05,M00089,149.66,149.98,94.46,21.31,28.27,5.94,144.04,2026-11-30,0.6097
T0004590,P0021,PL06,M00090,414.19,399.5,251.48,66.03,47.79,34.2,365.3,2025-01-15,0.7198
T0004591,P0047,PL07,M00091,519.2,510.33,321.66,90.09,65.04,33.54,476.79,2025-03-15,0.5983
T0004592,P0102,PL08,M00092,142.37,140.73,78.47,30.46,23.55,8.25,132.48,2025-12-15,0.2338
T0004593,P0147,PL01,M00093,1128.62,1135.37,728.52,195.58,144.04,67.23,1068.14,2025-08-31,1.0407
T0004594,P0026,PL02,M00094,362.78,375.24,219.12,71.07,54.93,30.12,345.12,2025-01-20,0.3309
T0004595,P0125,PL03,M00095,41.83,43.11,23.91,9.48,7.31,2.41,40.7,2026-07-04,0.1268
T0004596,P0082,PL04,M00096,36.09,35.99,22.71,5.74,5.34,2.2,33.79,2025-04-14,0.2142
T0004597,P0128,PL05,M00097,97.19,94.33,54.68,22.92,11.65,5.08,89.25,2025-07-28,0.0963
T0004598,P0095,PL06,M00098,168.24,175.81,105.14,30.07,34.19,6.41,169.4,2026-04-17,0.182
T0004599,P0098,PL07,M00099,395.15,406.58,243.22,74.12,67.12,22.12,384.46,2025-07-10,0.4722
T0004600,P0107,PL08,M00100,462.79,471.94,279.94,106.99,64.91,20.1,451.84,2026-01-01,0.9957
T0004601,P0078,PL01,M00101,47.25,46.79,26.32,8.06,9.02,3.39,43.4,2025-03-30,1.0172
T0004602,P0020,PL02,M00102,665.69,682.34,404.59,114.07,134.08,29.6,652.74,2025-05-01,0.8637
T0004603,P0085,PL03,M00103,300.74,311.89,188.14,52.37,46.29,25.09,286.8,2026-12-24,0.4974
T0004604,P0083,PL04,M00104,1496.32,1431.55,815.66,324.93,169.1,121.86,1309.69,2025-11-13,1.5476
T0004605,P0057,PL05,M00105,113.12,108.41,63.32,18.76,17.56,8.77,99.64,2026-07-17,0.2922
T0004606,P0020,PL06,M00106,110.7,113.13,69.1,21.04,14.14,8.85,104.28,2025-05-28,0.1934
T0004607,P0103,PL07,M00107,196.08,205.1,116.78,50.48,27.97,9.87,195.23,2025-01-15,0.6837
T0004608,P0098,PL08,M00108,348.97,344.4,191.25,56.37,67.14,29.64,314.76,2025-12-21,0.419
T0004609,P0067,PL01,M00109,265.75,264.99,161.88,40.16,40.62,22.33,242.66,2026-02-20,0.4469
T0004610,P0123,PL02,M00110,563.48,583.71,330.36,128.99,88.44,35.92,547.79,2025-11-10,0.7287
T0004611,P0144,PL03,M00111,446.6,427.35,247.81,99.17,60.28,20.09,407.26,2026-05-15,1.4942
T0004612,P0019,PL04,M00112,575.58,556.88,345.86,111.68,73.38,25.96,530.92,2026-08-04,0.9455
T0004613,P0011,PL05,M00113,529.54,520.9,343.95,84.29,67.31,25.35,495.55,2026-03-02,0.463
T0004614,P0129,PL06,M00114,770.28,798.05,439.78,180.9,141.7,35.67,762.38,2025-06-11,0.6827
T0004615,P0095,PL07,M00115,363.53,354.52,181.74,72.45,66.69,33.64,320.88,2026-11-20,0.9931
T0004616,P0012,PL08,M00116,143.25,149.93,85.45,28.41,21.88,14.19,135.74,2026-06-01,0.1277
T0004617,P0048,PL01,M00117,236.64,226.51,131.4,43.36,35.39,16.36,210.15,2025-03-14,0.7784
T0004618,P0147,PL02,M00118,190.14,187.62,101.25,44.28,32.06,10.03,177.59,2026-01-07,0.8977
T0004619,P0096,PL03,M00119,93.44,95.72,54.18,15.81,20.89,4.84,90.88,2025-07-29,0.302
T0004620,P0128,PL04,M00120,418.97,408.79,252.44,58.8,81.67,15.88,392.91,2026-09-27,0.8047
T0004621,P0041,PL05,M00121,104.58,99.69,52.48,21.43,18.79,6.99,92.7,2026-07-01,0.1229
T0004622,P0027,PL06,M00122,664.35,683.1,419.89,123.11,101.58,38.52,644.58,2026-02-22,1.2816
T0004623,P0136,PL07,M00123,727.03,746.77,397.76,160.9,136.17,51.94,694.83,2025-01-24,1.1614
T0004624,P0037,PL08,M00124,483.64,486.03,281.29,105.72,71.08,27.94,458.09,2026-12-21,1.3352
T0004625,P0031,PL01,M00125,146.46,151.17,83.42,41.14,19.0,7.61,143.56,2025-08-12,0.8306
T0004626,P0087,PL02,M00126,974.02,967.79,540.89,222.97,150.73,53.2,914.59,2025-07-19,1.0296
T0004627,P0043,PL03,M00127,1535.97,1614.38,1001.17,238.7,254.03,120.48,1493.9,2026-03-28,1.4002
T0004628,P0105,PL04,M00128,545.71,525.76,311.47,89.02,93.44,31.83,493.93,2025-04-25,0.6715
T0004629,P0030,PL05,M00129,115.74,116.51,64.47,22.49,18.7,10.85,105.66,2025-12-05,0.2397
T0004630,P0010,PL06,M00130,583.77,606.07,370.77,89.02,113.71,32.57,573.5,2025-10-29,0.6159
T0004631,P0137,PL07,M00131,742.22,748.36,379.84,170.05,150.36,48.11,700.25,2026-01-04,0.6878
T0004632,P0112,PL08,M00132,387.35,404.13,252.04,78.53,54.14,19.42,384.71,2025-10-12,0.3908
T0004633,P0046,PL01,M00133,335.81,327.33,170.73,70.24,60.9,25.46,301.87,2025-03-02,1.5154
T0004634,P0135,PL02,M00134,437.95,423.23,242.33,88.47,75.93,16.5,406.73,2026-07-19,1.6468
T0004635,P0102,PL03,M00135,351.84,351.17,219.9,75.82,40.14,15.31,335.86,2025-12-12,1.0238
T0004636,P0059,PL04,M00136,774.93,750.29,455.21,137.35,112.76,44.97,705.32,2025-12-11,0.9072
T0004637,P0143,PL05,M00137,793.81,787.41,489.39,163.51,103.66,30.85,756.56,2026-10-11,0.8126
T0004638,P0079,PL06,M00138,1176.99,1147.58,580.49,242.65,239.31,85.13,1062.45,2026-06-29,1.2501
T0004639,P0143,PL07,M00139,530.03,537.33,262.22,132.17,93.39,49.55,487.78,2025-01-02,1.3849
T0004640,P0024,PL08,M00140,63.71,61.39,36.96,9.57,11.03,3.83,57.56,2025-11-15,0.1255
T0004641,P0106,PL01,M00141,629.2,599.56,333.04,115.43,101.92,49.17,550.39,2025-12-02,0.9593
T0004642,P0064,PL02,M00142,70.1,73.08,42.07,17.01,10.94,3.06,70.02,2026-09-16,0.098
T0004643,P0100,PL03,M00143,136.95,133.03,80.29,20.42,24.98,7.34,125.69,2026-03-30,0.8638
T0004644,P0138,PL04,M00144,123.73,127.17,79.4,17.22,19.91,10.64,116.53,2026-02-28,1.7421
T0004645,P0100,PL05,M00145,775.42,761.36,425.13,153.16,138.27,44.8,716.56,2025-04-19,0.9342
T0004646,P0119,PL06,M00146,189.42,192.37,112.01,38.97,34.2,7.19,185.18,2025-11-13,1.0747
T0004647,P0105,PL07,M00147,590.85,603.85,359.09,129.59,82.19,32.98,570.87,2026-08-20,1.0631
T0004648,P0017,PL08,M00148,156.5,156.95,90.41,30.8,25.48,10.26,146.69,2026-10-02,1.2657
T0004649,P0093,PL01,M00149,467.83,480.81,271.99,82.53,82.28,44.01,436.8,2026-12-16,0.4044
T0004650,P0011,PL02,M00150,202.22,208.69,114.75,37.82,38.44,17.68,191.01,2025-11-09,0.2208
T0004651,P0026,PL03,M00151,386.02,368.34,224.01,81.13,46.3,16.9,351.44,2026-12-11,0.5615
T0004652,P0010,PL04,M00152,12.02,12.12,6.99,2.87,1.47,0.79,11.33,2025-05-02,0.2635
T0004653,P0126,PL05,M00153,484.91,500.61,285.1,107.78,73.33,34.4,466.21,2026-08-07,1.2836
T0004654,P0061,PL06,M00154,1041.97,1049.48,566.53,266.62,153.98,62.35,987.13,2025-12-24,1.4556
T0004655,P0133,PL07,M00155,39.6,39.18,23.66,7.82,5.39,2.31,36.87,2026-06-01,1.306
T0004656,P0034,PL08,M00156,2.27,2.21,1.35,0.37,0.39,0.1,2.11,2026-01-18,0.1381
T0004657,P0064,PL01,M00157,610.47,600.1,342.82,109.04,105.68,42.56,557.54,2025-01-08,0.6898
T0004658,P0087,PL02,M00158,855.23,822.52,522.21,124.14,107.87,68.3,754.22,2025-11-08,1.1903
T0004659,P0084,PL03,M00159,30.15,28.83,17.11,6.47,3.79,1.46,27.37,2025-02-17,0.2306
T0004660,P0148,PL04,M00160,1184.09,1155.38,644.29,264.72,190.17,56.2,1099.18,2025-03-11,1.0828
T0004661,P0107,PL05,M00161,872.69,847.75,481.24,145.87,144.48,76.16,771.59,2026-08-24,0.9915
T0004662,P0106,PL06,M00162,831.87,811.66,438.66,164.16,144.37,64.47,747.19,2025-11-22,1.3049
T0004663,P0139,PL07,M00163,194.02,202.69,112.6,36.9,43.19,10.0,192.69,2026-09-21,1.0668
T0004664,P0093,PL08,M00164,1173.76,1134.16,631.89,200.28,211.39,90.6,1043.56,2026-04-29,1.0292
T0004665,P0140,PL01,M00165,1331.16,1290.4,658.1,292.78,252.26,87.26,1203.14,2026-07-02,1.172
T0004666,P0148,PL02,M00166,755.35,750.02,465.92,157.58,86.72,39.8,710.22,2026-08-11,0.6906
T0004667,P0138,PL03,M00167,494.43,489.39,260.19,109.68,96.87,22.65,466.74,2025-10-11,1.1047
T0004668,P0046,PL04,M00168,915.33,944.67,600.65,145.56,112.44,86.02,858.65,2025-10-27,0.962
T0004669,P0124,PL05,M00169,75.15,77.88,45.87,15.66,9.83,6.52,71.36,2026-11-11,0.1602
T0004670,P0064,PL06,M00170,255.98,251.91,145.89,51.09,44.93,10.0,241.91,2025-10-18,1.8254
T0004671,P0125,PL07,M00171,72.53,69.31,39.57,13.21,9.76,6.77,62.54,2026-03-05,0.1755
T0004672,P0129,PL08,M00172,651.98,657.94,369.05,148.62,95.56,44.71,613.23,2026-09-18,0.8004
T0004673,P0042,PL01,M00173,934.2,947.4,522.41,197.79,160.04,67.16,880.24,2025-12-26,0.9493
T0004674,P0088,PL02,M00174,8.92,8.62,5.14,1.91,1.17,0.4,8.22,2025-12-21,0.1512
T0004675,P0061,PL03,M00175,957.97,982.96,561.12,174.48,182.28,65.08,917.88,2026-01-27,1.2667
T0004676,P0116,PL04,M00176,839.3,869.31,501.34,170.14,135.24,62.59,806.72,2025-06-17,0.7783
T0004677,P0123,PL05,M00177,109.09,110.42,62.89,18.82,20.39,8.32,102.1,2025-08-21,1.6003
T0004678,P0037,PL06,M00178,1078.27,1047.42,636.33,197.35,143.62,70.12,977.3,2026-09-15,1.0877
T0004679,P0053,PL07,M00179,153.55,149.63,80.38,39.08,24.66,5.51,144.12,2026-07-13,0.2593
T0004680,P0010,PL08,M00180,518.81,515.8,296.26,96.86,76.48,46.2,469.6,2026-07-18,0.565
T0004681,P0101,PL01,M00181,145.31,151.25,78.89,34.41,30.53,7.42,143.83,2026-07-17,0.199
T0004682,P0144,PL02,M00182,121.18,121.89,76.48,21.0,14.42,9.99,111.9,2025-05-11,0.6219
T0004683,P0136,PL03,M00183,227.53,223.35,120.4,43.51,38.74,20.7,202.65,2026-04-24,0.4449
T0004684,P0051,PL04,M00184,893.65,872.43,493.53,182.4,125.79,70.71,801.72,2026-02-22,0.9462
T0004685,P0125,PL05,M00185,1268.43,1325.05,699.83,308.61,252.24,64.37,1260.68,2025-07-03,1.5301
T0004686,P0045,PL06,M00186,740.95,709.16,383.47,156.2,108.18,61.31,647.85,2025-10-17,1.0338
T0004687,P0054,PL07,M00187,366.71,372.69,215.4,64.33,76.15,16.81,355.88,2025-03-13,0.4421
T0004688,P0019,PL08,M00188,316.86,320.26,191.34,64.34,51.83,12.75,307.51,2025-10-28,0.2974
T0004689,P0110,PL01,M00189,294.66,296.02,173.92,51.99,47.5,22.61,273.41,2026-11-08,1.2815
T0004690,P0061,PL02,M00190,864.29,840.63,486.99,183.18,114.88,55.58,785.05,2025-12-25,0.9786
T0004691,P0035,PL03,M00191,1125.19,1112.29,658.78,158.0,202.89,92.62,1019.67,2025-11-12,1.3904
T0004692,P0051,PL04,M00192,177.95,182.56,113.46,32.84,26.88,9.38,173.18,2026-04-09,0.7482
T0004693,P0021,PL05,M00193,23.47,23.97,15.01,4.63,2.96,1.37,22.6,2025-03-26,0.214
T0004694,P0081,PL06,M00194,502.39,499.38,257.41,108.39,95.46,38.12,461.26,2026-03-30,0.6685
T0004695,P0033,PL07,M00195,1287.22,1340.74,826.25,196.47,252.67,65.35,1275.39,2025-03-11,1.1813
T0004696,P0132,PL08,M00196,626.33,604.41,344.67,115.85,90.09,53.8,550.61,2026-01-02,0.5581
T0004697,P0070,PL01,M00197,246.08,249.37,149.8,46.0,34.76,18.81,230.56,2025-11-20,0.2821
T0004698,P0071,PL02,M00198,1181.31,1128.28,609.24,237.5,231.18,50.36,1077.92,2026-09-17,0.9693
T0004699,P0051,PL03,M00199,303.2,306.82,177.11,64.73,46.54,18.44,288.38,2026-04-24,0.3555
T0004700,P0128,PL04,M00200,282.88,291.19,151.03,61.71,60.7,17.75,273.44,2026-08-28,0.5218
T0004701,P0011,PL05,M00201,193.89,199.47,108.42,39.39,31.47,20.19,179.28,2025-05-24,0.5495
T0004702,P0047,PL06,M00202,735.29,736.97,390.14,157.04,142.29,47.5,689.47,2025-05-22,1.0409
T0004703,P0028,PL07,M00203,246.87,245.48,149.9,51.62,36.01,7.95,237.53,2025-11-29,0.3563
T0004704,P0014,PL08,M00204,203.52,204.96,114.11,39.41,35.39,16.05,188.91,2025-03-21,0.4755
T0004705,P0042,PL01,M00205,1180.97,1155.29,672.48,185.87,212.75,84.19,1071.1,2025-10-21,1.1947
T0004706,P0056,PL02,M00206,1909.49,1864.26,1040.51,400.18,301.68,121.89,1742.37,2025-08-02,1.6571
T0004707,P0092,PL03,M00207,718.71,691.61,365.87,152.99,119.17,53.58,638.03,2025-02-26,0.9714
T0004708,P0036,PL04,M00208,128.15,125.43,80.75,20.95,14.27,9.46,115.97,2026-07-13,0.291
T0004709,P0134,PL05,M00209,470.29,457.63,236.29,109.12,77.24,34.98,422.65,2026-05-29,1.2927
T0004710,P0106,PL06,M00210,114.52,114.64,62.43,24.52,20.85,6.84,107.8,2025-01-22,0.8887
T0004711,P0088,PL07,M00211,535.76,518.56,303.49,104.17,86.92,23.98,494.58,2025-11-04,0.5346
T0004712,P0135,PL08,M00212,114.69,118.56,68.99,23.32,18.8,7.45,111.11,2026-03-02,0.2688
T0004713,P0072,PL01,M00213,400.67,416.85,260.24,61.16,59.06,36.39,380.46,2025-08-25,0.3817
T0004714,P0089,PL02,M00214,299.6,290.98,174.38,47.44,39.61,29.55,261.43,2026-07-23,0.2954
T0004715,P0040,PL03,M00215,191.28,198.52,125.35,34.05,23.85,15.27,183.25,2025-03-14,0.3121
T0004716,P0126,PL04,M00216,1747.38,1834.17,1065.6,385.05,234.4,149.12,1685.05,2026-07-15,2.038
T0004717,P0081,PL05,M00217,17.61,18.23,9.6,3.77,3.84,1.02,17.21,2026-10-27,1.2153
T0004718,P0062,PL06,M00218,262.98,260.72,154.64,52.36,36.31,17.41,243.31,2026-11-09,0.3042
T0004719,P0002,PL07,M00219,2.35,2.46,1.52,0.5,0.27,0.17,2.29,2026-06-05,0.1367
T0004720,P0061,PL08,M00220,391.12,388.47,233.22,73.83,55.13,26.29,362.18,2026-07-09,0.5214
T0004721,P0004,PL01,M00221,433.12,440.59,244.0,92.81,71.64,32.14,408.45,2025-04-30,0.7405
T0004722,P0125,PL02,M00222,181.56,191.09,108.39,36.2,37.98,8.52,182.57,2025-05-05,0.163
T0004723,P0110,PL03,M00223,297.71,301.6,175.47,54.6,55.02,16.51,285.09,2026-04-19,0.7854
T0004724,P0088,PL04,M00224,947.95,919.89,497.32,183.33,170.69,68.55,851.34,2025-11-09,1.1273
T0004725,P0040,PL05,M00225,216.1,220.96,145.45,30.62,26.29,18.6,202.36,2026-11-20,1.1629
T0004726,P0138,PL06,M00226,612.13,641.4,360.0,141.05,90.46,49.89,591.51,2025-11-03,0.8171
T0004727,P0130,PL07,M00227,3.35,3.35,1.84,0.67,0.52,0.32,3.03,2025-10-12,0.1241
T0004728,P0115,PL08,M00228,406.3,419.52,252.02,76.41,76.12,14.97,404.55,2025-09-27,0.7425
T0004729,P0139,PL01,M00229,479.49,481.07,279.92,101.45,79.29,20.41,460.66,2025-11-29,1.0301
T0004730,P0012,PL02,M00230,436.66,446.64,233.88,96.57,85.39,30.8,415.84,2025-10-03,0.6282
T0004731,P0013,PL03,M00231,53.72,54.54,31.43,11.36,6.62,5.13,49.41,2025-02-13,1.1362
T0004732,P0062,PL04,M00232,315.56,320.7,202.57,57.34,44.83,15.96,304.74,2026-05-27,0.7127
T0004733,P0100,PL05,M00233,272.04,271.49,159.4,45.14,46.28,20.67,250.82,2026-08-26,1.4596
T0004734,P0087,PL06,M00234,175.19,181.1,100.23,34.42,31.27,15.18,165.92,2026-01-15,0.2655
T0004735,P0014,PL07,M00235,286.16,284.67,164.77,58.56,44.74,16.6,268.07,2025-07-17,0.4866
T0004736,P0094,PL08,M00236,206.96,198.09,113.92,37.06,34.82,12.29,185.8,2025-09-08,0.8502
T0004737,P0121,PL01,M00237,201.46,201.64,121.42,36.49,30.73,13.0,188.64,2025-02-17,0.387
T0004738,P0145,PL02,M00238,69.0,67.43,39.95,10.91,12.35,4.22,63.21,2025-10-29,0.3767
T0004739,P0081,PL03,M00239,5.66,5.59,3.2,1.19,0.93,0.27,5.32,2026-05-08,0.559
T0004740,P0026,PL04,M00240,404.67,402.16,221.04,84.73,65.14,31.25,370.91,2026-01-29,0.3503
T0004741,P0144,PL05,M00241,57.44,60.17,39.25,9.95,7.79,3.18,56.99,2025-08-13,1.094
T0004742,P0105,PL06,M00242,192.13,185.5,99.78,38.3,32.28,15.14,170.36,2025-05-18,0.9138
T0004743,P0071,PL07,M00243,1362.05,1373.59,810.71,276.02,224.5,62.36,1311.23,2025-11-21,1.7343
T0004744,P0040,PL08,M00244,453.89,453.15,290.07,85.77,57.15,20.16,432.99,2026-08-11,0.6364
T0004745,P0118,PL01,M00245,882.66,854.05,511.21,181.9,123.28,37.66,816.39,2026-07-20,1.0167
T0004746,P0060,PL02,M00246,1488.33,1440.37,899.3,234.05,249.01,58.01,1382.36,2026-06-15,1.2514
T0004747,P0116,PL03,M00247,960.37,1009.89,580.68,190.61,195.63,42.97,966.92,2025-06-17,0.9655
T0004748,P0143,PL04,M00248,679.41,686.66,395.63,152.96,94.28,43.79,642.87,2026-05-29,0.8583
T0004749,P0126,PL05,M00249,183.41,182.63,103.75,41.88,28.16,8.84,173.79,2025-06-28,0.202
T0004750,P0136,PL06,M00250,41.95,40.55,22.74,7.78,6.59,3.44,37.11,2025-10-06,0.8815
T0004751,P0031,PL07,M00001,1119.14,1098.22,617.46,233.61,184.51,62.64,1035.58,2026-10-16,0.971
T0004752,P0042,PL08,M00002,943.48,916.99,538.43,215.91,120.99,41.66,875.33,2026-10-20,1.2442
T0004753,P0064,PL01,M00003,1394.94,1377.63,757.79,218.65,273.29,127.9,1249.73,2025-09-30,1.5817
T0004754,P0026,PL02,M00004,1184.31,1235.99,630.1,320.19,172.46,113.24,1122.75,2026-08-11,1.0977
T0004755,P0027,PL03,M00005,873.44,891.94,550.04,171.54,107.05,63.31,828.63,2025-02-15,0.8375
T0004756,P0134,PL04,M00006,440.12,438.32,276.36,79.07,61.85,21.04,417.28,2025-08-18,0.5627
T0004757,P0104,PL05,M00007,386.13,368.57,227.91,51.95,69.1,19.61,348.96,2025-05-19,0.3077
T0004758,P0007,PL06,M00008,954.91,923.22,530.81,162.04,140.13,90.24,832.98,2026-04-09,1.0503
T0004759,P0114,PL07,M00009,590.85,604.39,370.66,105.82,101.86,26.05,578.34,2026-09-04,0.6296
T0004760,P0106,PL08,M00010,107.13,106.07,54.46,21.42,22.14,8.05,98.02,2025-11-22,0.3761
T0004761,P0024,PL01,M00011,913.98,921.33,510.35,193.35,154.9,62.73,858.6,2025-10-17,1.026
T0004762,P0104,PL02,M00012,222.92,222.75,137.45,36.25,41.58,7.47,215.28,2026-01-12,0.2986
T0004763,P0113,PL03,M00013,528.22,525.91,302.74,119.64,62.99,40.54,485.37,2025-12-07,1.4941
T0004764,P0089,PL04,M00014,714.75,737.65,406.1,155.9,112.27,63.38,674.27,2026-08-26,0.7141
T0004765,P0150,PL05,M00015,19.24,18.97,9.61,4.37,3.7,1.29,17.68,2026-09-05,0.6323
T0004766,P0145,PL06,M00016,997.01,953.75,534.88,207.5,172.46,38.91,914.84,2026-10-02,1.4787
T0004767,P0113,PL07,M00017,573.4,549.05,306.24,138.12,67.67,37.02,512.03,2025-04-25,0.9001
T0004768,P0065,PL08,M00018,1079.79,1136.06,685.95,239.16,127.66,83.29,1052.77,2025-02-18,1.3134
T0004769,P0042,PL01,M00019,213.11,211.57,120.35,36.04,37.82,17.36,194.21,2026-09-14,0.2078
T0004770,P0020,PL02,M00020,263.65,274.41,145.31,73.17,34.64,21.29,253.12,2025-03-05,0.2852
T0004771,P0021,PL03,M00021,1803.3,1869.4,1044.33,396.18,299.2,129.69,1739.71,2025-02-16,1.6442
T0004772,P0009,PL04,M00022,513.52,501.54,293.06,120.51,60.38,27.59,473.95,2025-02-03,0.7728
T0004773,P0023,PL05,M00023,1378.41,1357.8,707.86,315.86,238.45,95.63,1262.17,2026-12-25,1.6088
T0004774,P0020,PL06,M00024,701.31,689.11,391.87,129.82,111.04,56.38,632.73,2025-12-15,1.0991
T0004775,P0079,PL07,M00025,555.58,538.94,272.92,125.93,96.55,43.54,495.4,2026-06-09,0.6509
T0004776,P0017,PL08,M00026,109.11,105.39,62.19,21.88,16.25,5.07,100.32,2026-10-30,0.5576
T0004777,P0123,PL01,M00027,883.37,874.91,575.32,154.59,106.51,38.49,836.42,2026-10-03,0.8348
T0004778,P0111,PL02,M00028,145.2,147.21,82.51,28.12,24.6,11.98,135.23,2025-10-10,1.0367
T0004779,P0134,PL03,M00029,132.98,134.81,73.88,30.05,21.72,9.16,125.65,2025-03-19,1.4979
T0004780,P0053,PL04,M00030,212.95,221.19,130.79,41.5,38.8,10.1,211.09,2025-04-11,0.2346
T0004781,P0061,PL05,M00031,542.25,562.92,305.84,134.72,99.37,22.99,539.93,2025-10-14,1.0179
T0004782,P0025,PL06,M00032,224.34,228.44,129.44,40.93,41.51,16.56,211.88,2025-02-19,0.5168
T0004783,P0035,PL07,M00033,511.81,527.02,338.71,80.12,68.04,40.15,486.87,2026-08-20,0.5942
T0004784,P0028,PL08,M00034,1412.99,1454.66,817.59,366.5,212.17,58.4,1396.26,2026-08-11,1.3775
T0004785,P0055,PL01,M00035,121.79,123.16,76.62,21.78,17.91,6.85,116.31,2025-04-26,0.344
T0004786,P0126,PL02,M00036,46.87,49.17,25.86,11.25,9.37,2.69,46.48,2026-03-24,0.2672
T0004787,P0064,PL03,M00037,300.04,295.66,169.08,74.9,38.06,13.62,282.04,2026-08-02,0.3942
T0004788,P0080,PL04,M00038,53.09,53.49,31.62,10.4,9.27,2.2,51.29,2025-05-21,0.9725
T0004789,P0024,PL05,M00039,346.65,340.23,177.36,84.67,66.09,12.11,328.12,2026-11-13,0.2992
T0004790,P0025,PL06,M00040,236.59,225.79,123.61,54.39,33.98,13.81,211.98,2025-06-14,0.5534
T0004791,P0113,PL07,M00041,526.01,521.5,294.44,126.92,77.51,22.63,498.87,2026-11-07,1.7441
T0004792,P0055,PL08,M00042,1302.06,1360.99,725.35,344.36,189.15,102.13,1258.86,2026-07-24,1.2852
T0004793,P0123,PL01,M00043,11.22,11.64,6.62,2.09,2.2,0.73,10.91,2026-07-09,0.4656
T0004794,P0077,PL02,M00044,693.14,729.1,382.49,138.79,147.43,60.39,668.71,2025-12-19,0.9102
T0004795,P0138,PL03,M00045,696.69,673.22,381.93,126.72,137.16,27.41,645.81,2025-10-03,1.1647
T0004796,P0124,PL04,M00046,310.79,299.97,171.92,66.29,49.45,12.31,287.66,2026-09-11,0.5454
T0004797,P0001,PL05,M00047,1497.7,1511.36,920.41,284.52,234.88,71.55,1439.81,2025-07-02,1.702
T0004798,P0122,PL06,M00048,537.8,513.83,319.85,83.38,66.3,44.3,469.53,2025-10-20,0.8753
T0004799,P0002,PL07,M00049,751.63,729.69,425.63,163.68,97.95,42.43,687.26,2026-11-26,0.8292
T0004800,P0002,PL08,M00050,749.67,716.15,417.22,145.54,118.15,35.24,680.91,2026-10-19,0.6906
T0004801,P0071,PL01,M00051,341.11,352.3,200.37,66.23,67.94,17.76,334.54,2026-10-25,0.8593
T0004802,P0149,PL02,M00052,196.57,198.02,110.4,42.05,32.53,13.04,184.98,2026-08-18,0.561
T0004803,P0093,PL03,M00053,1803.41,1833.84,1169.99,285.31,224.44,154.1,1679.74,2025-05-20,1.5528
T0004804,P0055,PL04,M00054,1141.75,1139.18,706.82,197.1,162.55,72.71,1066.47,2026-11-15,1.2757
T0004805,P0004,PL05,M00055,1283.93,1339.95,816.61,303.82,162.37,57.15,1282.8,2026-10-20,1.3467
T0004806,P0130,PL06,M00056,1553.82,1566.66,885.65,308.88,250.77,121.36,1445.3,2026-01-26,1.3494
T0004807,P0048,PL07,M00057,946.25,920.43,525.15,171.81,162.82,60.65,859.78,2025-03-28,0.8733
T0004808,P0072,PL08,M00058,266.53,256.4,157.88,37.45,39.08,21.99,234.41,2025-10-24,1.1655
T0004809,P0121,PL01,M00059,810.52,793.99,457.19,168.52,135.7,32.58,761.41,2026-05-16,1.112
T0004810,P0053,PL02,M00060,526.09,510.66,298.9,84.97,75.09,51.7,458.96,2025-10-13,1.0661
T0004811,P0080,PL03,M00061,1654.24,1716.44,978.56,359.44,257.79,120.65,1595.79,2025-03-18,1.4658
T0004812,P0149,PL04,M00062,1037.45,1069.81,545.46,232.16,199.48,92.71,977.1,2025-03-25,1.1769
T0004813,P0013,PL05,M00063,272.86,278.57,148.71,71.02,42.2,16.64,261.93,2026-12-23,0.3665
T0004814,P0003,PL06,M00064,106.58,105.49,63.37,19.83,17.66,4.63,100.86,2025-07-26,0.5641
T0004815,P0070,PL07,M00065,1032.67,1016.32,596.9,157.89,211.47,50.06,966.26,2025-04-23,0.9082
T0004816,P0129,PL08,M00066,680.68,707.86,419.96,117.74,114.4,55.76,652.1,2026-12-15,1.0083
T0004817,P0122,PL01,M00067,297.96,295.68,184.15,44.33,52.37,14.83,280.85,2025-12-10,0.6084
T0004818,P0001,PL02,M00068,920.76,946.61,601.31,164.07,140.81,40.42,906.19,2025-09-28,0.8091
T0004819,P0041,PL03,M00069,849.91,868.16,539.42,141.49,108.93,78.32,789.84,2025-10-05,1.2041
T0004820,P0149,PL04,M00070,1033.69,1034.25,541.52,242.08,164.01,86.64,947.61,2026-05-29,0.9993
T0004821,P0143,PL05,M00071,246.84,247.33,158.58,39.18,34.84,14.73,232.6,2026-02-15,0.5533
T0004822,P0135,PL06,M00072,20.48,19.57,12.11,3.23,3.09,1.14,18.43,2025-10-07,0.1288
T0004823,P0049,PL07,M00073,651.73,682.4,394.78,123.4,132.74,31.48,650.92,2025-07-12,0.8282
T0004824,P0013,PL08,M00074,64.87,66.34,37.5,13.61,12.68,2.55,63.79,2025-09-01,0.0921
T0004825,P0115,PL01,M00075,147.54,148.96,81.97,25.83,29.35,11.81,137.15,2025-03-03,1.1729
T0004826,P0098,PL02,M00076,400.41,420.2,243.5,63.8,84.97,27.93,392.27,2025-01-27,0.9338
T0004827,P0112,PL03,M00077,280.49,290.05,162.87,62.5,49.33,15.35,274.7,2026-06-22,0.4204
T0004828,P0141,PL04,M00078,31.58,32.31,18.4,5.69,5.71,2.51,29.8,2026-02-25,0.1224
T0004829,P0046,PL05,M00079,178.27,173.8,111.58,29.84,20.85,11.53,162.27,2026-11-19,0.9931
T0004830,P0064,PL06,M00080,430.81,447.26,253.37,86.07,79.47,28.35,418.91,2026-03-10,0.6587
T0004831,P0108,PL07,M00081,732.86,765.23,408.13,152.79,170.74,33.57,731.66,2026-03-27,1.0176
T0004832,P0005,PL08,M00082,737.35,709.99,354.62,163.71,136.59,55.07,654.92,2026-03-22,1.3396
T0004833,P0066,PL01,M00083,467.97,491.83,261.94,104.5,78.56,46.83,445.0,2025-07-08,0.6775
T0004834,P0005,PL02,M00084,67.92,68.37,40.41,9.9,12.2,5.86,62.51,2025-09-18,0.1241
T0004835,P0096,PL03,M00085,162.71,161.4,98.72,29.52,24.86,8.3,153.1,2026-03-09,0.6897
T0004836,P0013,PL04,M00086,532.9,514.97,314.66,95.42,69.28,35.61,479.36,2026-08-20,0.616
T0004837,P0083,PL05,M00087,83.42,81.35,49.33,14.03,14.04,3.95,77.4,2025-09-04,0.0797
T0004838,P0122,PL06,M00088,471.87,468.35,256.7,114.78,76.47,20.4,447.95,2025-03-01,0.4119
T0004839,P0038,PL07,M00089,239.75,251.34,148.72,43.3,49.5,9.82,241.52,2026-08-06,0.9856
T0004840,P0022,PL08,M00090,271.04,280.82,150.2,56.92,54.56,19.14,261.68,2026-03-06,0.3033
T0004841,P0086,PL01,M00091,422.87,427.74,236.47,102.97,52.04,36.26,391.48,2025-04-11,1.4801
T0004842,P0034,PL02,M00092,44.12,44.75,24.29,8.98,7.48,4.0,40.75,2025-08-07,0.3891
T0004843,P0117,PL03,M00093,1348.5,1357.06,766.63,278.41,260.67,51.35,1305.71,2025-11-13,1.2063
T0004844,P0057,PL04,M00094,352.16,344.28,209.56,66.21,55.65,12.86,331.42,2026-12-15,0.4008
T0004845,P0061,PL05,M00095,453.61,434.49,245.17,90.79,69.2,29.33,405.16,2025-09-22,0.5535
T0004846,P0017,PL06,M00096,200.14,210.4,124.04,38.64,28.79,18.93,191.47,2026-06-18,0.2643
T0004847,P0132,PL07,M00097,125.79,121.92,70.81,25.06,15.61,10.44,111.48,2026-07-20,0.1263
T0004848,P0068,PL08,M00098,485.37,491.56,260.86,126.47,73.32,30.91,460.65,2025-12-11,1.7308
T0004849,P0020,PL01,M00099,1391.42,1333.94,834.68,252.17,195.81,51.28,1282.66,2025-10-25,1.1238
T0004850,P0100,PL02,M00100,273.6,263.38,148.1,63.61,35.21,16.46,246.92,2026-03-24,0.3372
T0004851,P0094,PL03,M00101,166.12,161.35,84.23,36.88,24.59,15.65,145.7,2025-11-09,0.2886
T0004852,P0002,PL04,M00102,94.65,98.14,62.21,18.25,12.05,5.63,92.51,2025-06-26,0.3543
T0004853,P0050,PL05,M00103,207.54,207.47,110.56,45.28,35.71,15.92,191.55,2025-08-22,1.1337
T0004854,P0114,PL06,M00104,442.32,423.04,241.11,86.75,75.29,19.89,403.15,2026-09-21,0.3543
T0004855,P0030,PL07,M00105,1188.02,1137.74,576.3,292.86,171.75,96.83,1040.91,2026-12-17,1.1035
T0004856,P0068,PL08,M00106,16.87,16.31,9.38,3.8,2.24,0.89,15.42,2025-02-01,0.1965
T0004857,P0103,PL01,M00107,19.87,19.59,11.55,3.71,3.08,1.25,18.34,2026-07-02,0.102
T0004858,P0136,PL02,M00108,1408.5,1480.79,808.07,307.44,245.26,120.02,1360.77,2026-12-24,1.2507
T0004859,P0006,PL03,M00109,671.64,651.11,365.36,120.52,128.38,36.85,614.26,2026-07-12,0.7678
T0004860,P0043,PL04,M00110,281.89,272.84,150.95,64.33,48.61,8.95,263.89,2025-12-27,0.2332
T0004861,P0067,PL05,M00111,241.74,230.98,140.68,51.09,29.78,9.43,221.55,2025-09-23,1.604
T0004862,P0038,PL06,M00112,471.65,485.7,282.42,71.93,92.11,39.24,446.46,2026-07-26,1.0866
T0004863,P0078,PL07,M00113,1119.89,1124.03,719.08,151.89,153.9,99.16,1024.87,2025-11-06,1.5251
T0004864,P0031,PL08,M00114,318.27,307.32,181.75,65.19,37.61,22.77,284.55,2025-09-26,0.3205
T0004865,P0070,PL01,M00115,221.75,226.51,126.61,37.74,46.15,16.01,210.5,2026-08-17,0.205
T0004866,P0068,PL02,M00116,487.6,487.94,297.9,71.36,90.86,27.82,460.12,2025-12-27,1.5689
T0004867,P0120,PL03,M00117,89.93,87.23,53.67,15.91,13.8,3.85,83.38,2026-02-28,0.1917
T0004868,P0144,PL04,M00118,60.49,61.76,35.53,12.1,10.28,3.85,57.91,2025-09-19,0.1822
T0004869,P0150,PL05,M00119,1777.38,1761.04,1166.98,275.53,224.47,94.06,1666.98,2026-11-07,1.5529
T0004870,P0114,PL06,M00120,561.06,588.86,368.64,107.3,73.12,39.8,549.06,2025-11-25,0.5695
T0004871,P0068,PL07,M00121,150.4,154.67,85.84,34.04,27.27,7.52,147.15,2026-12-03,0.5485
T0004872,P0101,PL08,M00122,1713.29,1710.36,911.36,379.5,306.31,113.19,1597.17,2026-12-25,1.7891
T0004873,P0090,PL01,M00123,521.37,528.92,295.42,99.36,104.18,29.96,498.96,2026-01-07,0.9462
T0004874,P0083,PL02,M00124,343.93,360.82,183.23,70.9,74.09,32.6,328.22,2026-07-12,0.6105
T0004875,P0129,PL03,M00125,231.1,238.08,132.03,49.69,38.08,18.28,219.8,2026-06-18,0.206
T0004876,P0060,PL04,M00126,1584.15,1564.72,825.05,374.35,310.89,54.43,1510.29,2026-06-17,1.3397
T0004877,P0128,PL05,M00127,1069.0,1069.17,596.21,203.37,199.3,70.29,998.88,2025-03-12,1.2668
T0004878,P0041,PL06,M00128,170.68,172.66,102.81,27.51,27.93,14.41,158.25,2026-12-15,0.4976
T0004879,P0125,PL07,M00129,927.49,923.65,517.51,191.99,144.12,70.03,853.62,2026-11-11,1.3563
T0004880,P0024,PL08,M00130,489.38,493.33,283.49,92.45,79.17,38.22,455.11,2025-04-29,0.6534
T0004881,P0110,PL01,M00131,330.14,323.09,181.89,67.78,54.09,19.33,303.76,2025-09-22,0.6948
T0004882,P0045,PL02,M00132,59.83,59.86,32.52,10.89,11.51,4.94,54.92,2025-10-02,0.2357
T0004883,P0082,PL03,M00133,101.76,98.95,62.13,15.05,13.97,7.8,91.15,2025-12-22,0.2885
T0004884,P0091,PL04,M00134,4.39,4.32,2.28,0.98,0.87,0.19,4.13,2025-11-29,0.3927
T0004885,P0119,PL05,M00135,501.8,519.67,322.3,87.94,70.7,38.73,480.94,2026-02-06,1.655
T0004886,P0144,PL06,M00136,676.28,695.29,390.96,148.63,121.24,34.46,660.83,2026-06-29,0.8648
T0004887,P0089,PL07,M00137,627.26,623.2,377.18,130.54,88.85,26.63,596.57,2025-07-04,0.9617
T0004888,P0060,PL08,M00138,22.57,22.8,13.65,4.0,3.4,1.75,21.05,2025-04-08,0.4957
T0004889,P0090,PL01,M00139,463.2,457.28,263.61,76.44,82.13,35.1,422.18,2026-10-15,1.1877
T0004890,P0144,PL02,M00140,31.85,30.65,19.01,4.72,4.73,2.19,28.46,2026-03-30,0.1703
T0004891,P0076,PL03,M00141,659.58,670.2,386.99,121.61,118.06,43.54,626.66,2025-09-29,0.7245
T0004892,P0133,PL04,M00142,1234.65,1249.56,692.41,256.8,193.45,106.9,1142.66,2026-06-09,1.2384
T0004893,P0030,PL05,M00143,1154.7,1106.04,600.85,232.63,192.97,79.59,1026.45,2025-06-14,1.1717
T0004894,P0104,PL06,M00144,53.49,54.92,28.21,10.99,10.78,4.94,49.98,2026-05-05,0.1144
T0004895,P0081,PL07,M00145,375.17,389.4,225.29,82.54,64.49,17.08,372.32,2025-04-15,0.9985
T0004896,P0027,PL08,M00146,304.96,293.84,164.2,61.28,47.86,20.5,273.34,2026-04-13,0.421
T0004897,P0114,PL01,M00147,428.63,415.17,255.71,65.3,79.54,14.62,400.55,2026-03-06,0.5302
T0004898,P0096,PL02,M00148,100.78,102.98,54.38,22.6,21.86,4.14,98.84,2026-08-25,0.1594
T0004899,P0053,PL03,M00149,199.29,194.6,116.32,33.71,33.81,10.76,183.84,2025-09-11,0.2887
T0004900,P0069,PL04,M00150,79.6,77.18,41.02,18.0,13.46,4.7,72.48,2026-12-12,0.5215
T0004901,P0144,PL05,M00151,791.97,804.1,425.57,189.61,158.2,30.72,773.38,2026-04-24,1.2352
T0004902,P0048,PL06,M00152,175.45,177.63,98.7,38.24,24.76,15.93,161.7,2026-05-28,0.4893
T0004903,P0128,PL07,M00153,345.55,337.45,195.16,67.42,62.13,12.74,324.71,2025-01-26,0.8904
T0004904,P0080,PL08,M00154,223.22,224.05,128.09,46.37,33.41,16.18,207.87,2025-10-09,1.672
T0004905,P0034,PL01,M00155,1156.84,1116.18,670.62,211.77,161.57,72.22,1043.96,2026-03-23,1.1162
T0004906,P0113,PL02,M00156,1485.51,1542.96,895.14,263.51,262.32,121.99,1420.97,2026-06-20,1.4681
T0004907,P0093,PL03,M00157,420.51,437.91,248.93,73.89,75.58,39.51,398.4,2026-08-20,0.3862
T0004908,P0012,PL04,M00158,660.96,644.49,379.72,136.58,98.46,29.73,614.76,2026-09-02,0.5604
T0004909,P0071,PL05,M00159,122.77,121.15,70.27,30.81,14.36,5.71,115.44,2026-07-20,0.1967
T0004910,P0089,PL06,M00160,780.6,757.42,432.81,119.45,135.36,69.8,687.62,2025-12-01,0.747
T0004911,P0133,PL07,M00161,40.09,38.35,23.01,5.67,7.46,2.21,36.14,2025-05-13,1.1621
T0004912,P0069,PL08,M00162,468.54,487.94,272.32,79.85,86.71,49.06,438.88,2026-07-20,0.7472
T0004913,P0006,PL01,M00163,715.22,719.24,434.41,169.03,90.19,25.61,693.63,2025-04-16,1.0816
T0004914,P0079,PL02,M00164,142.96,146.53,92.65,25.82,18.94,9.12,137.41,2025-05-28,0.5001
T0004915,P0066,PL03,M00165,416.23,421.7,261.76,65.9,77.77,16.27,405.43,2026-11-15,0.7464
T0004916,P0102,PL04,M00166,707.17,720.98,438.39,118.37,116.85,47.37,673.61,2025-11-05,0.6157
T0004917,P0059,PL05,M00167,751.11,739.96,415.5,139.72,142.08,42.66,697.3,2025-04-24,1.1195
T0004918,P0040,PL06,M00168,78.98,79.17,47.63,13.55,11.76,6.23,72.94,2026-04-03,1.1816
T0004919,P0066,PL07,M00169,346.87,345.2,192.68,75.33,55.49,21.7,323.5,2025-09-27,0.938
T0004920,P0014,PL08,M00170,580.28,586.04,344.35,92.31,108.42,40.96,545.08,2026-01-09,1.3199
T0004921,P0002,PL01,M00171,48.57,46.88,24.96,11.05,6.47,4.4,42.48,2025-02-23,0.0912
T0004922,P0149,PL02,M00172,1384.82,1388.06,732.62,283.09,247.05,125.3,1262.76,2026-06-04,1.5187
T0004923,P0129,PL03,M00173,1342.47,1337.87,745.55,326.6,195.66,70.06,1267.81,2025-12-07,1.2976
T0004924,P0015,PL04,M00174,913.2,917.53,479.83,221.73,149.16,66.81,850.72,2025-10-26,1.015
T0004925,P0040,PL05,M00175,955.22,964.59,553.52,185.25,162.86,62.96,901.63,2026-06-22,1.0111
T0004926,P0035,PL06,M00176,375.71,373.59,204.76,75.04,63.66,30.13,343.46,2025-09-26,0.5486
T0004927,P0006,PL07,M00177,156.01,155.48,85.74,33.26,25.1,11.38,144.1,2026-12-11,0.6478
T0004928,P0108,PL08,M00178,1044.4,1045.98,645.78,150.77,208.65,40.78,1005.2,2025-04-25,1.6577
T0004929,P0032,PL01,M00179,812.42,789.07,480.51,128.44,114.85,65.27,723.8,2026-05-18,0.782
T0004930,P0148,PL02,M00180,455.48,440.62,283.19,65.9,76.14,15.39,425.23,2025-10-21,0.9621
T0004931,P0031,PL03,M00181,1028.52,995.74,601.02,191.0,165.29,38.43,957.31,2026-05-07,1.5319
T0004932,P0095,PL04,M00182,102.11,101.06,59.01,20.61,14.78,6.66,94.4,2025-01-11,0.2345
T0004933,P0070,PL05,M00183,1052.67,1047.86,688.98,181.73,130.62,46.53,1001.33,2026-12-13,0.9848
T0004934,P0059,PL06,M00184,324.17,324.11,195.35,64.82,38.94,25.0,299.11,2026-08-03,0.8689
T0004935,P0148,PL07,M00185,450.43,445.03,256.2,81.84,76.34,30.65,414.38,2026-12-19,0.5421
T0004936,P0051,PL08,M00186,408.82,416.04,264.85,62.35,52.51,36.33,379.71,2026-07-30,0.8947
T0004937,P0098,PL01,M00187,1154.57,1127.34,635.47,198.8,198.78,94.29,1033.05,2026-04-24,1.0147
T0004938,P0028,PL02,M00188,494.67,499.19,273.27,126.26,61.11,38.55,460.64,2025-03-25,0.9109
T0004939,P0012,PL03,M00189,318.37,327.02,203.85,46.22,63.89,13.06,313.96,2026-06-01,0.32
T0004940,P0096,PL04,M00190,341.16,337.68,183.63,66.02,64.21,23.82,313.86,2025-07-04,1.3839
T0004941,P0031,PL05,M00191,244.23,243.94,150.32,44.46,34.35,14.81,229.13,2025-09-05,0.5269
T0004942,P0150,PL06,M00192,178.02,178.15,100.32,38.47,31.63,7.73,170.42,2026-01-10,0.6362
T0004943,P0101,PL07,M00193,413.84,404.06,223.37,87.47,73.91,19.31,384.75,2025-11-05,0.4435
T0004944,P0130,PL08,M00194,158.84,154.21,96.42,22.58,26.98,8.23,145.98,2026-03-24,0.7634
T0004945,P0050,PL01,M00195,31.08,29.79,17.33,6.3,3.83,2.33,27.46,2026-05-07,0.608
T0004946,P0009,PL02,M00196,747.07,759.06,438.06,175.61,112.15,33.24,725.82,2025-01-14,0.7793
T0004947,P0065,PL03,M00197,862.64,907.17,548.23,143.61,130.09,85.24,821.93,2026-05-04,0.8136
T0004948,P0039,PL04,M00198,1192.38,1225.62,746.34,235.12,167.37,76.79,1148.83,2025-07-23,1.2481
T0004949,P0124,PL05,M00199,804.34,807.97,497.75,107.76,138.2,64.26,743.71,2025-10-17,0.8801
T0004950,P0020,PL06,M00200,97.49,98.69,59.03,21.97,11.9,5.79,92.9,2026-12-04,0.1523
T0004951,P0097,PL07,M00201,275.17,275.53,149.82,50.23,54.79,20.69,254.84,2025-01-06,0.6029
T0004952,P0053,PL08,M00202,1007.76,978.24,591.67,178.6,147.08,60.89,917.35,2025-11-21,0.8695
T0004953,P0042,PL01,M00203,249.49,241.99,154.13,42.52,33.46,11.88,230.11,2025-03-26,0.533
T0004954,P0044,PL02,M00204,223.7,231.39,125.72,53.64,34.45,17.58,213.81,2026-02-03,1.0566
T0004955,P0047,PL03,M00205,542.41,557.69,320.34,100.15,96.5,40.7,516.99,2026-05-14,1.4448
T0004956,P0068,PL04,M00206,61.66,58.73,33.9,13.05,6.88,4.9,53.83,2025-03-01,0.1502
T0004957,P0108,PL05,M00207,783.31,805.5,471.0,169.07,138.57,26.86,778.64,2026-09-25,0.8347
T0004958,P0122,PL06,M00208,67.21,66.62,37.58,16.61,9.64,2.79,63.83,2025-08-10,0.3829
T0004959,P0098,PL07,M00209,1222.33,1242.26,682.01,250.54,210.29,99.42,1142.84,2026-10-31,1.0682
T0004960,P0110,PL08,M00210,669.23,675.13,351.68,153.64,125.04,44.77,630.36,2025-10-06,1.2958
T0004961,P0149,PL01,M00211,87.3,90.22,52.2,15.01,18.94,4.07,86.15,2026-12-01,0.1715
T0004962,P0122,PL02,M00212,300.28,308.01,180.21,57.97,49.17,20.66,287.35,2026-09-15,1.0441
T0004963,P0064,PL03,M00213,458.93,475.98,256.37,113.55,75.57,30.49,445.49,2025-12-11,1.4424
T0004964,P0081,PL04,M00214,521.37,502.42,279.89,104.4,82.13,36.0,466.42,2026-01-10,0.9737
T0004965,P0097,PL05,M00215,755.86,737.98,466.79,118.24,97.34,55.61,682.37,2025-06-02,0.7358
T0004966,P0104,PL06,M00216,75.52,74.03,44.44,11.93,12.51,5.15,68.88,2026-03-13,0.119
T0004967,P0029,PL07,M00217,373.97,372.13,216.85,70.31,64.4,20.57,351.56,2026-09-25,0.46
T0004968,P0047,PL08,M00218,260.35,259.86,164.49,40.53,41.14,13.7,246.16,2026-11-27,1.5021
T0004969,P0070,PL01,M00219,400.65,389.76,226.2,86.44,46.58,30.54,359.22,2025-11-04,1.0338
T0004970,P0092,PL02,M00220,188.26,180.32,103.22,38.46,29.13,9.51,170.81,2025-08-28,1.0188
T0004971,P0012,PL03,M00221,391.17,409.16,234.03,70.01,80.12,25.0,384.16,2026-07-08,0.3676
T0004972,P0125,PL04,M00222,86.14,84.3,46.37,13.51,17.15,7.27,77.03,2026-12-16,0.2097
T0004973,P0052,PL05,M00223,288.77,299.31,170.36,47.57,58.38,23.0,276.31,2025-12-01,0.5723
T0004974,P0125,PL06,M00224,792.2,757.79,451.17,154.51,113.12,38.99,718.8,2026-09-16,1.0888
T0004975,P0108,PL07,M00225,78.45,81.35,49.6,14.22,12.53,5.0,76.35,2025-03-25,0.8301
T0004976,P0122,PL08,M00226,72.37,70.0,42.35,12.26,9.49,5.9,64.1,2026-10-22,0.1842
T0004977,P0006,PL01,M00227,76.75,78.84,43.89,19.63,9.9,5.42,73.42,2026-11-30,0.8664
T0004978,P0107,PL02,M00228,514.72,523.33,293.7,84.16,104.59,40.88,482.45,2026-01-18,1.0813
T0004979,P0039,PL03,M00229,147.95,149.68,89.64,30.9,24.42,4.72,144.96,2026-03-13,0.1594
T0004980,P0138,PL04,M00230,155.92,158.45,95.65,26.5,27.05,9.25,149.2,2026-10-01,0.1421
T0004981,P0027,PL05,M00231,806.51,808.91,493.53,137.48,136.43,41.47,767.44,2026-02-12,1.3995
T0004982,P0125,PL06,M00232,616.76,616.16,326.85,144.84,115.55,28.92,587.24,2025-06-14,0.9021
T0004983,P0040,PL07,M00233,552.94,551.35,287.05,131.55,87.91,44.84,506.51,2026-08-19,0.9282
T0004984,P0112,PL08,M00234,167.47,167.51,98.73,26.91,29.96,11.91,155.6,2026-02-08,0.3851
T0004985,P0022,PL01,M00235,11.68,11.64,7.39,2.08,1.4,0.77,10.87,2026-07-04,0.1293
T0004986,P0104,PL02,M00236,515.57,541.75,315.29,81.66,98.12,46.68,495.07,2026-06-08,0.8452
T0004987,P0106,PL03,M00237,4.52,4.44,2.55,0.87,0.83,0.19,4.25,2026-05-13,0.2612
T0004988,P0147,PL04,M00238,947.48,972.39,617.02,131.87,156.21,67.29,905.1,2025-05-17,1.2965
T0004989,P0102,PL05,M00239,119.34,124.37,68.66,25.84,25.55,4.32,120.05,2026-08-30,0.5015
T0004990,P0122,PL06,M00240,170.56,170.07,103.47,32.44,27.1,7.06,163.01,2025-02-19,0.6913
T0004991,P0148,PL07,M00241,1226.23,1243.82,720.42,222.36,207.36,93.68,1150.14,2026-01-20,1.2339
T0004992,P0082,PL08,M00242,459.36,439.99,265.95,60.48,79.5,34.06,405.93,2025-08-16,0.7746
T0004993,P0116,PL01,M00243,108.27,111.05,59.29,19.45,24.4,7.91,103.14,2026-10-15,0.4958
T0004994,P0049,PL02,M00244,780.29,764.73,457.2,121.46,144.32,41.75,722.98,2025-07-11,0.8144
T0004995,P0106,PL03,M00245,577.31,570.64,332.65,125.55,83.17,29.27,541.37,2025-10-24,0.7649
T0004996,P0021,PL04,M00246,165.85,160.97,97.53,35.25,20.6,7.59,153.38,2026-08-04,0.223
T0004997,P0070,PL05,M00247,200.9,210.21,116.04,47.94,34.94,11.29,198.92,2026-02-01,0.2083
T0004998,P0081,PL06,M00248,10.59,10.74,5.98,2.1,1.87,0.79,9.95,2025-04-13,0.0697
T0004999,P0110,PL07,M00249,618.38,647.19,350.25,118.88,128.88,49.18,598.01,2025-09-10,1.0805
T0005000,P0121,PL08,M00250,57.39,55.41,31.12,8.68,11.14,4.47,50.94,2026-05-12,0.1817
