Order_ID,Customer_ID,Ship_Date,Freight_Cost
O0000001,C00001,2024-09-10,367.19
O0000002,C00045,2024-09-24,161.58
O0000003,C00001,2024-09-06,246.14
O0000004,C00001,2024-09-02,275.4
O0000005,C00016,2024-09-20,69.87
O0000006,C00001,2024-09-13,534.88
O0000007,C00005,2024-09-04,475.47
O0000008,C00048,2024-09-10,96.12
O0000009,C00002,2024-09-11,52.37
O0000010,C00039,2024-09-26,2.94
O0000011,C00019,2024-09-24,25.83
O0000012,C00001,2024-09-19,22.74
O0000013,C00115,2024-09-15,38.67
O0000014,C00001,2024-09-18,32.51
O0000015,C00001,2024-09-09,156.4
O0000016,C00004,2024-09-21,520.18
O0000017,C00011,2024-09-14,429.08
O0000018,C00001,2024-09-12,678.22
O0000019,C00035,2024-09-18,83.88
O0000020,C00026,2024-09-12,229.27
O0000021,C00049,2024-09-21,126.09
O0000022,C00034,2024-09-19,187.14
O0000023,C00063,2024-09-02,51.91
O0000024,C00035,2024-09-12,212.79
O0000025,C00001,2024-09-04,39.25
O0000026,C00041,2024-09-15,152.56
O0000027,C00001,2024-09-07,62.66
O0000028,C00007,2024-09-25,53.02
O0000029,C00001,2024-09-19,204.96
O0000030,C00001,2024-09-02,30.17
O0000031,C00001,2024-09-02,432.55
O0000032,C00003,2024-09-12,297.18
O0000033,C00001,2024-09-24,41.7
O0000034,C00001,2024-09-20,337.69
O0000035,C00086,2024-09-17,44.53
O0000036,C00002,2024-09-24,209.77
O0000037,C00033,2024-09-01,159.34
O0000038,C00001,2024-09-23,444.32
O0000039,C00002,2024-09-01,237.22
O0000040,C00020,2024-09-06,115.57
O0000041,C00005,2024-09-21,350.24
O0000042,C00071,2024-09-19,50.49
O0000043,C00067,2024-09-21,33.33
O0000044,C00005,2024-09-01,401.5
O0000045,C00001,2024-09-06,168.29
O0000046,C00001,2024-09-28,210.25
O0000047,C00010,2024-09-15,178.88
O0000048,C00002,2024-09-04,228.07
O0000049,C00001,2024-09-25,498.13
O0000050,C00004,2024-09-24,153.59
O0000051,C00002,2024-09-22,91.5
O0000052,C00001,2024-09-25,206.35
O0000053,C00012,2024-09-10,403.02
O0000054,C00010,2024-09-24,328.56
O0000055,C00115,2024-09-08,5.22
O0000056,C00086,2024-09-20,2.18
O0000057,C00088,2024-09-10,39.71
O0000058,C00005,2024-09-05,512.97
O0000059,C00040,2024-09-19,190.98
O0000060,C00005,2024-09-26,471.73
O0000061,C00027,2024-09-26,52.98
O0000062,C00046,2024-09-27,163.46
O0000063,C00002,2024-09-08,71.06
O0000064,C00020,2024-09-11,76.92
O0000065,C00001,2024-09-24,447.37
O0000066,C00010,2024-09-18,39.24
O0000067,C00054,2024-09-19,63.72
O0000068,C00045,2024-09-17,3.84
O0000069,C00006,2024-09-11,316.95
O0000070,C00073,2024-09-07,67.9
O0000071,C00012,2024-09-05,166.1
O0000072,C00008,2024-09-05,227.22
O0000073,C00002,2024-09-19,12.62
O0000074,C00001,2024-09-16,403.88
O0000075,C00014,2024-09-02,185.41
O0000076,C00041,2024-09-21,3.52
O0000077,C00001,2024-09-07,32.17
O0000078,C00025,2024-09-06,127.67
O0000079,C00002,2024-09-25,332.9
O0000080,C00010,2024-09-18,396.25
O0000081,C00002,2024-09-22,265.17
O0000082,C00075,2024-09-03,33.66
O0000083,C00001,2024-09-27,407.33
O0000084,C00075,2024-09-01,51.87
O0000085,C00097,2024-09-18,27.93
O0000086,C00011,2024-09-15,184.15
O0000087,C00001,2024-09-11,547.67
O0000088,C00026,2024-09-10,157.86
O0000089,C00002,2024-09-11,172.06
O0000090,C00016,2024-09-03,105.47
O0000091,C00001,2024-09-21,644.65
O0000092,C00105,2024-09-03,51.73
O0000093,C00006,2024-09-25,9.81
O0000094,C00002,2024-09-21,254.87
O0000095,C00001,2024-09-20,203.6
O0000096,C00025,2024-09-28,155.85
O0000097,C00001,2024-09-02,50.4
O0000098,C00007,2024-09-28,208.44
O0000099,C00104,2024-09-28,23.7
O0000100,C00109,2024-09-18,63.83
O0000101,C00001,2024-09-16,184.73
O0000102,C00012,2024-09-19,605.94
O0000103,C00067,2024-09-05,29.67
O0000104,C00002,2024-09-06,708.65
O0000105,C00011,2024-09-07,755.02
O0000106,C00001,2024-09-23,209.33
O0000107,C00011,2024-09-18,272.93
O0000108,C00001,2024-09-11,10.69
O0000109,C00001,2024-09-18,102.25
O0000110,C00013,2024-09-06,415.37
O0000111,C00047,2024-09-11,201.88
O0000112,C00041,2024-09-05,70.1
O0000113,C00090,2024-09-04,6.77
O0000114,C00048,2024-09-11,73.56
O0000115,C00059,2024-09-01,55.03
O0000116,C00015,2024-09-18,260.9
O0000117,C00001,2024-09-06,542.07
O0000118,C00002,2024-09-01,148.73
O0000119,C00001,2024-09-08,200.93
O0000120,C00001,2024-09-05,33.1
O0000121,C00031,2024-09-12,69.08
O0000122,C00001,2024-09-28,401.04
O0000123,C00002,2024-09-14,221.62
O0000124,C00047,2024-09-05,74.87
O0000125,C00001,2024-09-26,510.7
O0000126,C00040,2024-09-18,77.53
O0000127,C00084,2024-09-07,83.89
O0000128,C00114,2024-09-07,20.05
O0000129,C00004,2024-09-12,441.69
O0000130,C00016,2024-09-17,70.23
O0000131,C00067,2024-09-10,1.45
O0000132,C00046,2024-09-23,36.89
O0000133,C00023,2024-09-07,102.6
O0000134,C00053,2024-09-02,158.78
O0000135,C00001,2024-09-04,91.98
O0000136,C00001,2024-09-01,175.79
O0000137,C00073,2024-09-24,8.62
O0000138,C00049,2024-09-22,147.1
O0000139,C00043,2024-09-07,2.06
O0000140,C00002,2024-09-28,315.62
O0000141,C00007,2024-09-18,66.08
O0000142,C00039,2024-09-22,50.2
O0000143,C00011,2024-09-24,9.67
O0000144,C00019,2024-09-28,52.94
O0000145,C00001,2024-09-14,167.72
O0000146,C00024,2024-09-09,85.03
O0000147,C00001,2024-09-07,463.71
O0000148,C00001,2024-09-11,341.94
O0000149,C00015,2024-09-13,52.9
O0000150,C00003,2024-09-12,222.88
O0000151,C00001,2024-09-06,379.26
O0000152,C00051,2024-09-18,106.72
O0000153,C00004,2024-09-16,602.91
O0000154,C00001,2024-09-25,183.88
O0000155,C00056,2024-09-07,42.23
O0000156,C00015,2024-09-23,42.72
O0000157,C00016,2024-09-24,144.0
O0000158,C00004,2024-09-28,33.13
O0000159,C00001,2024-09-07,388.49
O0000160,C00001,2024-09-12,35.9
O0000161,C00099,2024-09-08,20.28
O0000162,C00001,2024-09-16,227.96
O0000163,C00025,2024-09-13,207.2
O0000164,C00047,2024-09-24,192.8
O0000165,C00115,2024-09-08,17.69
O0000166,C00009,2024-09-05,477.91
O0000167,C00065,2024-09-27,3.37
O0000168,C00013,2024-09-26,139.66
O0000169,C00004,2024-09-11,277.82
O0000170,C00003,2024-09-21,20.92
O0000171,C00001,2024-09-14,405.45
O0000172,C00001,2024-09-04,155.25
O0000173,C00002,2024-09-18,150.21
O0000174,C00001,2024-09-09,567.23
O0000175,C00090,2024-09-15,23.1
O0000176,C00019,2024-09-15,204.17
O0000177,C00011,2024-09-02,140.66
O0000178,C00003,2024-09-18,523.97
O0000179,C00054,2024-09-08,76.49
O0000180,C00019,2024-09-06,45.38
O0000181,C00001,2024-09-19,369.2
O0000182,C00003,2024-09-20,560.42
O0000183,C00026,2024-09-06,69.33
O0000184,C00040,2024-09-12,102.02
O0000185,C00003,2024-09-16,712.68
O0000186,C00114,2024-09-23,31.38
O0000187,C00022,2024-09-16,28.47
O0000188,C00001,2024-09-20,9.58
O0000189,C00107,2024-09-25,27.69
O0000190,C00001,2024-09-03,718.48
O0000191,C00007,2024-09-21,206.9
O0000192,C00002,2024-09-08,216.0
O0000193,C00001,2024-09-22,72.49
O0000194,C00001,2024-09-04,42.9
O0000195,C00056,2024-09-17,38.35
O0000196,C00001,2024-09-20,159.24
O0000197,C00066,2024-09-21,18.08
O0000198,C00011,2024-09-25,565.72
O0000199,C00002,2024-09-14,649.67
O0000200,C00001,2024-09-10,512.73
O0000201,C00019,2024-09-22,94.2
O0000202,C00001,2024-09-15,469.57
O0000203,C00013,2024-09-27,52.95
O0000204,C00043,2024-09-24,70.22
O0000205,C00023,2024-09-26,6.17
O0000206,C00018,2024-09-06,135.2
O0000207,C00018,2024-09-28,82.77
O0000208,C00001,2024-09-03,426.76
O0000209,C00056,2024-09-25,42.86
O0000210,C00004,2024-09-10,87.11
O0000211,C00011,2024-09-05,741.11
O0000212,C00012,2024-09-28,296.73
O0000213,C00013,2024-09-14,326.25
O0000214,C00004,2024-09-22,314.92
O0000215,C00101,2024-09-26,69.33
O0000216,C00002,2024-09-27,197.43
O0000217,C00002,2024-09-14,262.52
O0000218,C00005,2024-09-14,285.17
O0000219,C00015,2024-09-03,712.72
O0000220,C00001,2024-09-10,165.9
O0000221,C00005,2024-09-13,220.92
O0000222,C00041,2024-09-14,95.78
O0000223,C00003,2024-09-05,235.11
O0000224,C00066,2024-09-16,40.19
O0000225,C00074,2024-09-07,41.05
O0000226,C00066,2024-09-08,12.58
O0000227,C00053,2024-09-21,113.35
O0000228,C00060,2024-09-20,46.04
O0000229,C00009,2024-09-07,248.14
O0000230,C00054,2024-09-20,98.6
O0000231,C00012,2024-09-24,31.61
O0000232,C00070,2024-09-06,0.42
O0000233,C00031,2024-09-23,234.44
O0000234,C00001,2024-09-09,272.09
O0000235,C00116,2024-09-04,22.11
O0000236,C00039,2024-09-24,192.67
O0000237,C00001,2024-09-01,429.01
O0000238,C00011,2024-09-28,37.21
O0000239,C00072,2024-09-07,50.9
O0000240,C00001,2024-09-17,152.77
O0000241,C00050,2024-09-27,7.81
O0000242,C00025,2024-09-16,112.76
O0000243,C00092,2024-09-04,50.27
O0000244,C00022,2024-09-24,78.26
O0000245,C00001,2024-09-22,369.74
O0000246,C00007,2024-09-04,521.23
O0000247,C00056,2024-09-27,45.54
O0000248,C00044,2024-09-21,18.64
O0000249,C00007,2024-09-13,8.54
O0000250,C00002,2024-09-15,124.23
O0000251,C00090,2024-09-12,13.86
O0000252,C00001,2024-09-26,33.86
O0000253,C00001,2024-09-07,87.63
O0000254,C00014,2024-09-10,159.58
O0000255,C00001,2024-09-01,502.78
O0000256,C00004,2024-09-19,499.39
O0000257,C00001,2024-09-26,125.29
O0000258,C00001,2024-09-05,156.98
O0000259,C00002,2024-09-11,380.83
O0000260,C00050,2024-09-01,250.71
O0000261,C00001,2024-10-05,393.63
O0000262,C00090,2024-10-27,26.73
O0000263,C00001,2024-10-20,127.66
O0000264,C00015,2024-10-25,366.91
O0000265,C00045,2024-10-06,253.92
O0000266,C00097,2024-10-07,15.44
O0000267,C00009,2024-10-10,22.85
O0000268,C00065,2024-10-01,17.35
O0000269,C00004,2024-10-02,350.28
O0000270,C00109,2024-10-05,15.36
O0000271,C00021,2024-10-26,176.54
O0000272,C00037,2024-10-02,99.84
O0000273,C00020,2024-10-27,47.08
O0000274,C00026,2024-10-09,168.5
O0000275,C00002,2024-10-13,420.59
O0000276,C00043,2024-10-09,105.78
O0000277,C00023,2024-10-19,51.6
O0000278,C00001,2024-10-26,393.18
O0000279,C00095,2024-10-13,0.93
O0000280,C00036,2024-10-15,138.8
O0000281,C00001,2024-10-11,183.28
O0000282,C00001,2024-10-22,419.62
O0000283,C00034,2024-10-04,91.52
O0000284,C00001,2024-10-01,7.19
O0000285,C00002,2024-10-03,242.84
O0000286,C00001,2024-10-16,41.07
O0000287,C00025,2024-10-27,118.17
O0000288,C00001,2024-10-24,546.06
O0000289,C00029,2024-10-08,52.8
O0000290,C00001,2024-10-01,26.23
O0000291,C00078,2024-10-27,66.1
O0000292,C00001,2024-10-08,336.43
O0000293,C00001,2024-10-02,684.07
O0000294,C00001,2024-10-24,180.06
O0000295,C00042,2024-10-03,129.2
O0000296,C00091,2024-10-23,28.74
O0000297,C00061,2024-10-02,40.57
O0000298,C00012,2024-10-06,334.64
O0000299,C00045,2024-10-05,111.22
O0000300,C00010,2024-10-16,580.68
O0000301,C00007,2024-10-10,113.57
O0000302,C00011,2024-10-21,226.46
O0000303,C00015,2024-10-26,53.33
O0000304,C00039,2024-10-25,164.65
O0000305,C00001,2024-10-19,364.95
O0000306,C00005,2024-10-10,160.56
O0000307,C00055,2024-10-15,22.86
O0000308,C00001,2024-10-02,57.71
O0000309,C00042,2024-10-11,22.71
O0000310,C00093,2024-10-06,66.83
O0000311,C00007,2024-10-23,658.78
O0000312,C00040,2024-10-07,295.03
O0000313,C00004,2024-10-14,284.71
O0000314,C00052,2024-10-18,306.96
O0000315,C00043,2024-10-20,73.28
O0000316,C00001,2024-10-28,67.73
O0000317,C00001,2024-10-14,338.3
O0000318,C00119,2024-10-05,0.97
O0000319,C00012,2024-10-24,468.53
O0000320,C00011,2024-10-03,445.52
O0000321,C00055,2024-10-25,43.44
O0000322,C00084,2024-10-26,50.7
O0000323,C00007,2024-10-09,123.36
O0000324,C00026,2024-10-12,13.74
O0000325,C00104,2024-10-25,38.22
O0000326,C00001,2024-10-22,496.85
O0000327,C00004,2024-10-02,9.57
O0000328,C00001,2024-10-15,357.99
O0000329,C00075,2024-10-12,0.58
O0000330,C00001,2024-10-28,435.53
O0000331,C00002,2024-10-11,389.37
O0000332,C00001,2024-10-07,451.52
O0000333,C00030,2024-10-22,155.86
O0000334,C00063,2024-10-26,57.03
O0000335,C00042,2024-10-14,239.14
O0000336,C00001,2024-10-13,104.07
O0000337,C00002,2024-10-24,305.32
O0000338,C00115,2024-10-14,28.78
O0000339,C00023,2024-10-07,199.63
O0000340,C00001,2024-10-14,685.82
O0000341,C00025,2024-10-26,77.9
O0000342,C00022,2024-10-18,48.64
O0000343,C00014,2024-10-16,513.01
O0000344,C00009,2024-10-08,139.02
O0000345,C00025,2024-10-20,104.57
O0000346,C00033,2024-10-15,10.89
O0000347,C00004,2024-10-08,392.58
O0000348,C00001,2024-10-25,245.15
O0000349,C00001,2024-10-10,321.36
O0000350,C00001,2024-10-17,442.19
O0000351,C00001,2024-10-04,422.24
O0000352,C00009,2024-10-23,828.75
O0000353,C00014,2024-10-15,377.88
O0000354,C00011,2024-10-23,178.97
O0000355,C00001,2024-10-03,29.84
O0000356,C00002,2024-10-04,527.41
O0000357,C00001,2024-10-27,148.13
O0000358,C00002,2024-10-27,207.19
O0000359,C00012,2024-10-14,160.28
O0000360,C00001,2024-10-01,180.97
O0000361,C00001,2024-10-07,190.72
O0000362,C00011,2024-10-23,103.0
O0000363,C00090,2024-10-05,30.08
O0000364,C00080,2024-10-21,47.74
O0000365,C00004,2024-10-14,30.59
O0000366,C00088,2024-10-22,26.43
O0000367,C00014,2024-10-07,232.83
O0000368,C00105,2024-10-21,53.25
O0000369,C00006,2024-10-04,536.84
O0000370,C00014,2024-10-01,401.81
O0000371,C00030,2024-10-03,141.78
O0000372,C00012,2024-10-09,378.58
O0000373,C00002,2024-10-22,501.11
O0000374,C00082,2024-10-18,6.42
O0000375,C00001,2024-10-15,26.25
O0000376,C00031,2024-10-23,126.79
O0000377,C00082,2024-10-07,3.86
O0000378,C00002,2024-10-15,411.43
O0000379,C00020,2024-10-01,223.67
O0000380,C00001,2024-10-05,16.86
O0000381,C00058,2024-10-14,53.19
O0000382,C00001,2024-10-16,306.57
O0000383,C00029,2024-10-20,18.2
O0000384,C00001,2024-10-16,150.12
O0000385,C00047,2024-10-08,131.14
O0000386,C00061,2024-10-19,12.37
O0000387,C00102,2024-10-01,15.73
O0000388,C00009,2024-10-04,604.9
O0000389,C00001,2024-10-12,438.52
O0000390,C00013,2024-10-09,356.73
O0000391,C00050,2024-10-28,17.64
O0000392,C00048,2024-10-01,136.29
O0000393,C00009,2024-10-18,64.14
O0000394,C00053,2024-10-26,68.59
O0000395,C00098,2024-10-04,27.79
O0000396,C00001,2024-10-22,393.92
O0000397,C00012,2024-10-21,298.75
O0000398,C00001,2024-10-21,482.33
O0000399,C00012,2024-10-07,92.89
O0000400,C00042,2024-10-10,47.78
O0000401,C00002,2024-10-22,319.47
O0000402,C00001,2024-10-19,206.48
O0000403,C00002,2024-10-18,313.32
O0000404,C00008,2024-10-20,14.61
O0000405,C00013,2024-10-16,136.1
O0000406,C00056,2024-10-21,50.36
O0000407,C00117,2024-10-10,87.86
O0000408,C00048,2024-10-20,43.43
O0000409,C00002,2024-10-25,453.87
O0000410,C00008,2024-10-01,198.94
O0000411,C00002,2024-10-12,238.54
O0000412,C00063,2024-10-12,35.59
O0000413,C00001,2024-10-20,309.6
O0000414,C00001,2024-10-06,184.87
O0000415,C00111,2024-10-28,4.58
O0000416,C00030,2024-10-07,31.35
O0000417,C00036,2024-10-19,88.36
O0000418,C00026,2024-10-28,110.19
O0000419,C00029,2024-10-09,115.04
O0000420,C00011,2024-10-28,391.94
O0000421,C00025,2024-10-28,12.98
O0000422,C00002,2024-10-03,377.11
O0000423,C00079,2024-10-09,27.4
O0000424,C00025,2024-10-27,90.11
O0000425,C00001,2024-10-10,31.81
O0000426,C00086,2024-10-06,3.5
O0000427,C00001,2024-10-09,365.36
O0000428,C00001,2024-10-13,506.22
O0000429,C00001,2024-10-10,152.02
O0000430,C00095,2024-10-27,18.45
O0000431,C00002,2024-10-22,199.49
O0000432,C00005,2024-10-11,559.17
O0000433,C00001,2024-10-15,492.79
O0000434,C00018,2024-10-02,188.15
O0000435,C00005,2024-10-16,54.25
O0000436,C00082,2024-10-11,49.4
O0000437,C00007,2024-10-04,293.33
O0000438,C00115,2024-10-12,32.73
O0000439,C00011,2024-10-27,27.12
O0000440,C00001,2024-10-16,234.12
O0000441,C00119,2024-10-01,57.2
O0000442,C00001,2024-10-13,293.19
O0000443,C00037,2024-10-22,38.12
O0000444,C00012,2024-10-06,270.9
O0000445,C00027,2024-10-12,79.09
O0000446,C00018,2024-10-03,53.1
O0000447,C00071,2024-10-21,41.33
O0000448,C00001,2024-10-21,354.37
O0000449,C00045,2024-10-04,130.79
O0000450,C00029,2024-10-10,18.84
O0000451,C00001,2024-10-05,33.49
O0000452,C00002,2024-10-14,467.86
O0000453,C00011,2024-10-20,191.95
O0000454,C00009,2024-10-02,343.49
O0000455,C00004,2024-10-10,391.74
O0000456,C00022,2024-10-19,151.5
O0000457,C00019,2024-10-11,83.46
O0000458,C00001,2024-10-27,4.77
O0000459,C00001,2024-10-25,301.62
O0000460,C00069,2024-10-26,35.77
O0000461,C00003,2024-10-06,318.58
O0000462,C00009,2024-10-28,13.47
O0000463,C00025,2024-10-07,167.71
O0000464,C00060,2024-10-15,26.79
O0000465,C00001,2024-10-13,561.77
O0000466,C00001,2024-10-18,420.64
O0000467,C00087,2024-10-04,25.65
O0000468,C00008,2024-10-27,238.39
O0000469,C00091,2024-10-14,31.73
O0000470,C00002,2024-10-23,188.36
O0000471,C00056,2024-10-10,59.84
O0000472,C00041,2024-10-10,140.57
O0000473,C00085,2024-10-22,46.21
O0000474,C00021,2024-10-02,100.66
O0000475,C00009,2024-10-10,504.63
O0000476,C00006,2024-10-18,192.93
O0000477,C00001,2024-10-21,127.26
O0000478,C00013,2024-10-13,438.74
O0000479,C00001,2024-10-04,118.24
O0000480,C00001,2024-10-04,478.43
O0000481,C00001,2024-10-11,21.4
O0000482,C00084,2024-10-06,12.07
O0000483,C00001,2024-10-20,390.06
O0000484,C00041,2024-10-17,245.93
O0000485,C00101,2024-10-06,56.2
O0000486,C00002,2024-10-28,305.27
O0000487,C00116,2024-10-22,38.11
O0000488,C00002,2024-10-27,157.93
O0000489,C00023,2024-10-08,155.23
O0000490,C00001,2024-10-15,364.7
O0000491,C00043,2024-10-17,147.21
O0000492,C00057,2024-10-07,13.79
O0000493,C00040,2024-10-02,57.69
O0000494,C00026,2024-10-18,176.18
O0000495,C00073,2024-10-17,35.13
O0000496,C00001,2024-10-17,553.09
O0000497,C00001,2024-10-08,55.35
O0000498,C00090,2024-10-06,30.62
O0000499,C00004,2024-10-13,205.15
O0000500,C00001,2024-10-20,597.39
O0000501,C00098,2024-10-27,23.08
O0000502,C00037,2024-10-08,8.87
O0000503,C00001,2024-10-24,105.01
O0000504,C00014,2024-10-19,82.78
O0000505,C00024,2024-10-17,20.53
O0000506,C00052,2024-10-05,213.9
O0000507,C00001,2024-10-18,27.02
O0000508,C00083,2024-10-22,53.79
O0000509,C00011,2024-10-09,460.24
O0000510,C00009,2024-10-21,312.59
O0000511,C00001,2024-10-28,8.0
O0000512,C00002,2024-10-04,56.46
O0000513,C00012,2024-10-27,461.28
O0000514,C00107,2024-10-20,39.28
O0000515,C00028,2024-10-09,74.33
O0000516,C00027,2024-10-25,114.17
O0000517,C00011,2024-10-06,360.96
O0000518,C00032,2024-10-16,89.67
O0000519,C00021,2024-10-21,147.77
O0000520,C00017,2024-10-15,91.74
O0000521,C00019,2024-11-02,259.49
O0000522,C00020,2024-11-28,11.56
O0000523,C00001,2024-11-13,505.94
O0000524,C00001,2024-11-06,244.08
O0000525,C00073,2024-11-22,4.92
O0000526,C00001,2024-11-20,376.06
O0000527,C00021,2024-11-12,107.04
O0000528,C00004,2024-11-25,7.51
O0000529,C00044,2024-11-17,91.12
O0000530,C00064,2024-11-05,13.12
O0000531,C00080,2024-11-26,39.48
O0000532,C00001,2024-11-12,349.02
O0000533,C00043,2024-11-24,22.61
O0000534,C00081,2024-11-09,24.35
O0000535,C00028,2024-11-25,82.96
O0000536,C00048,2024-11-09,99.0
O0000537,C00010,2024-11-27,351.92
O0000538,C00006,2024-11-27,287.01
O0000539,C00001,2024-11-10,130.37
O0000540,C00009,2024-11-04,352.01
O0000541,C00081,2024-11-23,61.89
O0000542,C00001,2024-11-10,402.34
O0000543,C00001,2024-11-21,292.35
O0000544,C00002,2024-11-24,234.08
O0000545,C00004,2024-11-16,583.61
O0000546,C00055,2024-11-24,39.93
O0000547,C00001,2024-11-08,36.41
O0000548,C00001,2024-11-03,272.09
O0000549,C00002,2024-11-14,5.96
O0000550,C00010,2024-11-11,109.57
O0000551,C00105,2024-11-08,23.31
O0000552,C00009,2024-11-08,298.0
O0000553,C00002,2024-11-04,318.43
O0000554,C00117,2024-11-18,20.17
O0000555,C00001,2024-11-09,109.84
O0000556,C00027,2024-11-15,31.04
O0000557,C00014,2024-11-10,233.3
O0000558,C00001,2024-11-28,97.24
O0000559,C00004,2024-11-20,298.62
O0000560,C00001,2024-11-01,82.28
O0000561,C00030,2024-11-24,153.34
O0000562,C00016,2024-11-16,17.09
O0000563,C00047,2024-11-02,93.21
O0000564,C00022,2024-11-16,27.37
O0000565,C00097,2024-11-02,42.09
O0000566,C00001,2024-11-16,314.67
O0000567,C00046,2024-11-04,205.42
O0000568,C00016,2024-11-07,187.47
O0000569,C00001,2024-11-05,11.85
O0000570,C00003,2024-11-25,145.63
O0000571,C00001,2024-11-24,342.29
O0000572,C00004,2024-11-13,7.53
O0000573,C00001,2024-11-16,580.85
O0000574,C00002,2024-11-06,382.01
O0000575,C00013,2024-11-04,6.24
O0000576,C00002,2024-11-08,196.94
O0000577,C00001,2024-11-27,237.37
O0000578,C00051,2024-11-09,62.08
O0000579,C00016,2024-11-12,52.4
O0000580,C00006,2024-11-16,136.72
O0000581,C00001,2024-11-12,88.42
O0000582,C00001,2024-11-03,302.95
O0000583,C00001,2024-11-05,249.34
O0000584,C00041,2024-11-10,37.62
O0000585,C00007,2024-11-07,485.79
O0000586,C00003,2024-11-03,7.76
O0000587,C00024,2024-11-12,1.45
O0000588,C00001,2024-11-08,241.29
O0000589,C00073,2024-11-24,23.06
O0000590,C00001,2024-11-05,26.06
O0000591,C00001,2024-11-13,320.88
O0000592,C00004,2024-11-13,7.57
O0000593,C00003,2024-11-24,144.93
O0000594,C00051,2024-11-27,29.4
O0000595,C00003,2024-11-06,174.23
O0000596,C00001,2024-11-04,77.02
O0000597,C00001,2024-11-20,344.23
O0000598,C00034,2024-11-15,144.62
O0000599,C00002,2024-11-08,463.7
O0000600,C00015,2024-11-04,136.58
O0000601,C00033,2024-11-28,2.9
O0000602,C00071,2024-11-15,23.93
O0000603,C00019,2024-11-28,15.77
O0000604,C00053,2024-11-25,7.18
O0000605,C00036,2024-11-06,150.92
O0000606,C00001,2024-11-04,381.87
O0000607,C00001,2024-11-19,724.7
O0000608,C00053,2024-11-24,80.12
O0000609,C00042,2024-11-05,60.04
O0000610,C00027,2024-11-28,130.55
O0000611,C00001,2024-11-15,569.56
O0000612,C00042,2024-11-03,94.9
O0000613,C00116,2024-11-21,22.61
O0000614,C00004,2024-11-07,243.56
O0000615,C00047,2024-11-17,53.33
O0000616,C00009,2024-11-18,369.06
O0000617,C00001,2024-11-09,154.51
O0000618,C00033,2024-11-22,10.67
O0000619,C00011,2024-11-13,555.08
O0000620,C00001,2024-11-23,367.73
O0000621,C00001,2024-11-11,202.33
O0000622,C00007,2024-11-27,303.67
O0000623,C00007,2024-11-18,704.5
O0000624,C00031,2024-11-12,3.86
O0000625,C00001,2024-11-28,335.9
O0000626,C00114,2024-11-21,1.16
O0000627,C00052,2024-11-12,84.09
O0000628,C00032,2024-11-19,53.85
O0000629,C00054,2024-11-17,78.68
O0000630,C00028,2024-11-15,310.98
O0000631,C00002,2024-11-17,109.79
O0000632,C00001,2024-11-10,575.87
O0000633,C00001,2024-11-02,228.92
O0000634,C00076,2024-11-25,60.21
O0000635,C00013,2024-11-04,561.9
O0000636,C00022,2024-11-11,116.93
O0000637,C00002,2024-11-11,37.59
O0000638,C00064,2024-11-06,58.57
O0000639,C00008,2024-11-17,24.07
O0000640,C00082,2024-11-14,58.54
O0000641,C00029,2024-11-23,151.21
O0000642,C00012,2024-11-15,198.0
O0000643,C00001,2024-11-16,521.39
O0000644,C00023,2024-11-06,131.12
O0000645,C00013,2024-11-16,160.05
O0000646,C00002,2024-11-03,178.69
O0000647,C00026,2024-11-15,163.88
O0000648,C00001,2024-11-08,311.61
O0000649,C00116,2024-11-18,10.35
O0000650,C00001,2024-11-03,301.46
O0000651,C00003,2024-11-27,215.0
O0000652,C00029,2024-11-11,6.89
O0000653,C00051,2024-11-07,176.84
O0000654,C00001,2024-11-03,117.46
O0000655,C00004,2024-11-26,250.89
O0000656,C00040,2024-11-23,210.29
O0000657,C00109,2024-11-17,52.0
O0000658,C00033,2024-11-27,104.93
O0000659,C00075,2024-11-17,31.31
O0000660,C00005,2024-11-19,9.24
O0000661,C00016,2024-11-16,96.27
O0000662,C00106,2024-11-02,67.07
O0000663,C00038,2024-11-18,42.93
O0000664,C00001,2024-11-08,17.18
O0000665,C00035,2024-11-15,111.46
O0000666,C00012,2024-11-08,250.74
O0000667,C00038,2024-11-26,39.19
O0000668,C00103,2024-11-05,25.9
O0000669,C00001,2024-11-15,48.13
O0000670,C00005,2024-11-13,5.71
O0000671,C00052,2024-11-01,100.76
O0000672,C00100,2024-11-22,59.18
O0000673,C00029,2024-11-18,70.43
O0000674,C00001,2024-11-24,130.68
O0000675,C00003,2024-11-17,302.81
O0000676,C00004,2024-11-13,626.17
O0000677,C00063,2024-11-12,13.17
O0000678,C00001,2024-11-14,146.57
O0000679,C00043,2024-11-20,134.84
O0000680,C00015,2024-11-03,388.68
O0000681,C00016,2024-11-23,96.63
O0000682,C00011,2024-11-08,321.79
O0000683,C00031,2024-11-11,141.47
O0000684,C00013,2024-11-14,16.8
O0000685,C00031,2024-11-14,2.58
O0000686,C00005,2024-11-18,786.18
O0000687,C00035,2024-11-18,78.45
O0000688,C00001,2024-11-22,237.46
O0000689,C00022,2024-11-11,216.34
O0000690,C00012,2024-11-09,434.06
O0000691,C00002,2024-11-13,18.84
O0000692,C00042,2024-11-03,125.75
O0000693,C00091,2024-11-18,40.92
O0000694,C00001,2024-11-06,383.24
O0000695,C00082,2024-11-24,29.37
O0000696,C00001,2024-11-23,363.74
O0000697,C00001,2024-11-08,346.04
O0000698,C00006,2024-11-17,183.59
O0000699,C00079,2024-11-25,27.05
O0000700,C00014,2024-11-14,40.59
O0000701,C00001,2024-11-02,57.23
O0000702,C00010,2024-11-25,249.08
O0000703,C00055,2024-11-04,19.44
O0000704,C00060,2024-11-25,34.38
O0000705,C00001,2024-11-05,434.18
O0000706,C00004,2024-11-19,78.87
O0000707,C00001,2024-11-22,189.35
O0000708,C00043,2024-11-09,182.61
O0000709,C00002,2024-11-19,449.66
O0000710,C00001,2024-11-25,3.5
O0000711,C00085,2024-11-13,17.76
O0000712,C00004,2024-11-17,211.05
O0000713,C00037,2024-11-07,78.78
O0000714,C00046,2024-11-08,100.5
O0000715,C00011,2024-11-10,355.97
O0000716,C00001,2024-11-04,12.25
O0000717,C00078,2024-11-27,106.03
O0000718,C00104,2024-11-19,65.48
O0000719,C00008,2024-11-16,148.74
O0000720,C00011,2024-11-10,579.62
O0000721,C00002,2024-11-11,125.83
O0000722,C00007,2024-11-03,184.72
O0000723,C00001,2024-11-02,139.71
O0000724,C00001,2024-11-21,28.31
O0000725,C00048,2024-11-11,119.59
O0000726,C00081,2024-11-26,74.07
O0000727,C00046,2024-11-09,12.07
O0000728,C00039,2024-11-03,65.84
O0000729,C00001,2024-11-23,613.48
O0000730,C00016,2024-11-14,60.26
O0000731,C00004,2024-11-26,122.64
O0000732,C00026,2024-11-20,247.87
O0000733,C00104,2024-11-11,21.01
O0000734,C00008,2024-11-15,442.79
O0000735,C00057,2024-11-19,29.43
O0000736,C00015,2024-11-26,510.69
O0000737,C00002,2024-11-06,532.21
O0000738,C00001,2024-11-22,610.63
O0000739,C00008,2024-11-07,614.76
O0000740,C00080,2024-11-17,76.43
O0000741,C00110,2024-11-01,34.3
O0000742,C00011,2024-11-26,64.67
O0000743,C00014,2024-11-11,996.16
O0000744,C00003,2024-11-20,440.26
O0000745,C00032,2024-11-20,82.92
O0000746,C00002,2024-11-16,681.04
O0000747,C00039,2024-11-23,108.89
O0000748,C00011,2024-11-26,129.85
O0000749,C00048,2024-11-20,123.61
O0000750,C00040,2024-11-21,32.87
O0000751,C00014,2024-11-06,555.59
O0000752,C00026,2024-11-03,170.28
O0000753,C00022,2024-11-05,123.15
O0000754,C00111,2024-11-21,46.62
O0000755,C00015,2024-11-19,443.99
O0000756,C00002,2024-11-21,183.81
O0000757,C00001,2024-11-19,200.55
O0000758,C00001,2024-11-12,19.7
O0000759,C00046,2024-11-18,61.19
O0000760,C00001,2024-11-23,736.01
O0000761,C00078,2024-11-16,70.57
O0000762,C00001,2024-11-15,777.83
O0000763,C00018,2024-11-06,124.55
O0000764,C00005,2024-11-17,665.79
O0000765,C00017,2024-11-21,69.31
O0000766,C00094,2024-11-11,10.1
O0000767,C00006,2024-11-04,92.27
O0000768,C00010,2024-11-22,9.21
O0000769,C00021,2024-11-07,156.15
O0000770,C00001,2024-11-05,208.01
O0000771,C00091,2024-11-08,56.69
O0000772,C00001,2024-11-21,621.78
O0000773,C00007,2024-11-21,467.52
O0000774,C00020,2024-11-18,218.54
O0000775,C00069,2024-11-24,21.01
O0000776,C00109,2024-11-26,20.58
O0000777,C00014,2024-11-12,314.7
O0000778,C00014,2024-11-08,275.95
O0000779,C00022,2024-11-22,111.71
O0000780,C00022,2024-11-22,49.84
O0000781,C00018,2024-12-13,163.67
O0000782,C00017,2024-12-04,41.02
O0000783,C00032,2024-12-09,133.36
O0000784,C00001,2024-12-18,868.75
O0000785,C00001,2024-12-26,130.52
O0000786,C00001,2024-12-16,302.31
O0000787,C00010,2024-12-11,202.35
O0000788,C00088,2024-12-23,27.08
O0000789,C00084,2024-12-17,11.33
O0000790,C00008,2024-12-21,188.02
O0000791,C00001,2024-12-20,139.97
O0000792,C00008,2024-12-22,86.03
O0000793,C00006,2024-12-11,315.88
O0000794,C00018,2024-12-05,49.01
O0000795,C00038,2024-12-20,94.74
O0000796,C00001,2024-12-06,54.42
O0000797,C00001,2024-12-02,213.77
O0000798,C00015,2024-12-26,197.48
O0000799,C00006,2024-12-04,339.88
O0000800,C00028,2024-12-04,119.0
O0000801,C00049,2024-12-20,6.05
O0000802,C00034,2024-12-25,161.07
O0000803,C00026,2024-12-18,192.77
O0000804,C00043,2024-12-19,293.27
O0000805,C00095,2024-12-05,59.8
O0000806,C00026,2024-12-16,138.02
O0000807,C00001,2024-12-15,76.52
O0000808,C00002,2024-12-23,955.93
O0000809,C00074,2024-12-16,49.09
O0000810,C00096,2024-12-15,63.59
O0000811,C00006,2024-12-27,74.94
O0000812,C00001,2024-12-26,105.1
O0000813,C00097,2024-12-27,49.8
O0000814,C00039,2024-12-21,279.04
O0000815,C00002,2024-12-23,161.14
O0000816,C00031,2024-12-06,271.89
O0000817,C00001,2024-12-12,596.2
O0000818,C00001,2024-12-09,291.3
O0000819,C00001,2024-12-12,293.78
O0000820,C00023,2024-12-22,122.54
O0000821,C00005,2024-12-21,767.13
O0000822,C00001,2024-12-06,255.33
O0000823,C00097,2024-12-11,24.82
O0000824,C00026,2024-12-12,24.17
O0000825,C00001,2024-12-17,259.25
O0000826,C00046,2024-12-09,65.14
O0000827,C00001,2024-12-08,5.65
O0000828,C00003,2024-12-10,294.94
O0000829,C00035,2024-12-04,17.8
O0000830,C00037,2024-12-09,30.72
O0000831,C00003,2024-12-11,97.56
O0000832,C00036,2024-12-25,143.31
O0000833,C00001,2024-12-24,131.8
O0000834,C00019,2024-12-01,16.99
O0000835,C00050,2024-12-08,72.77
O0000836,C00019,2024-12-12,8.74
O0000837,C00021,2024-12-27,32.88
O0000838,C00064,2024-12-05,35.52
O0000839,C00001,2024-12-16,614.44
O0000840,C00002,2024-12-15,778.37
O0000841,C00001,2024-12-11,472.85
O0000842,C00001,2024-12-10,336.52
O0000843,C00018,2024-12-17,225.4
O0000844,C00004,2024-12-28,458.73
O0000845,C00031,2024-12-03,90.94
O0000846,C00001,2024-12-09,507.28
O0000847,C00097,2024-12-12,48.21
O0000848,C00002,2024-12-20,345.03
O0000849,C00103,2024-12-21,21.28
O0000850,C00001,2024-12-08,296.42
O0000851,C00025,2024-12-21,23.91
O0000852,C00083,2024-12-22,41.86
O0000853,C00016,2024-12-24,23.4
O0000854,C00004,2024-12-05,270.43
O0000855,C00001,2024-12-12,261.53
O0000856,C00034,2024-12-25,118.43
O0000857,C00074,2024-12-14,36.08
O0000858,C00004,2024-12-20,251.29
O0000859,C00059,2024-12-08,87.01
O0000860,C00048,2024-12-09,2.71
O0000861,C00003,2024-12-17,298.62
O0000862,C00004,2024-12-24,117.35
O0000863,C00054,2024-12-06,39.25
O0000864,C00001,2024-12-27,233.24
O0000865,C00015,2024-12-07,273.34
O0000866,C00001,2024-12-15,18.18
O0000867,C00061,2024-12-11,16.15
O0000868,C00020,2024-12-07,113.21
O0000869,C00032,2024-12-27,2.85
O0000870,C00007,2024-12-01,96.09
O0000871,C00084,2024-12-21,76.98
O0000872,C00020,2024-12-13,34.73
O0000873,C00001,2024-12-05,250.79
O0000874,C00006,2024-12-18,10.97
O0000875,C00040,2024-12-12,117.54
O0000876,C00001,2024-12-16,446.31
O0000877,C00039,2024-12-24,202.52
O0000878,C00004,2024-12-27,219.69
O0000879,C00002,2024-12-23,391.23
O0000880,C00002,2024-12-27,87.31
O0000881,C00033,2024-12-14,47.42
O0000882,C00009,2024-12-21,534.22
O0000883,C00009,2024-12-22,9.43
O0000884,C00015,2024-12-27,130.93
O0000885,C00001,2024-12-12,270.51
O0000886,C00089,2024-12-16,45.45
O0000887,C00074,2024-12-07,26.92
O0000888,C00001,2024-12-28,193.65
O0000889,C00001,2024-12-19,514.43
O0000890,C00030,2024-12-05,131.5
O0000891,C00012,2024-12-19,146.21
O0000892,C00043,2024-12-02,154.59
O0000893,C00089,2024-12-28,30.38
O0000894,C00001,2024-12-28,355.12
O0000895,C00039,2024-12-18,95.27
O0000896,C00027,2024-12-06,48.58
O0000897,C00003,2024-12-13,9.97
O0000898,C00005,2024-12-13,137.12
O0000899,C00031,2024-12-02,66.49
O0000900,C00002,2024-12-16,605.81
O0000901,C00002,2024-12-27,389.96
O0000902,C00002,2024-12-06,26.68
O0000903,C00015,2024-12-28,339.42
O0000904,C00035,2024-12-27,129.35
O0000905,C00001,2024-12-21,74.46
O0000906,C00001,2024-12-13,523.43
O0000907,C00007,2024-12-06,61.07
O0000908,C00073,2024-12-12,1.55
O0000909,C00017,2024-12-04,8.96
O0000910,C00014,2024-12-01,313.19
O0000911,C00007,2024-12-26,276.58
O0000912,C00086,2024-12-07,16.87
O0000913,C00004,2024-12-18,229.6
O0000914,C00015,2024-12-13,125.15
O0000915,C00026,2024-12-23,43.62
O0000916,C00001,2024-12-07,412.11
O0000917,C00001,2024-12-24,315.72
O0000918,C00001,2024-12-23,318.57
O0000919,C00095,2024-12-16,29.78
O0000920,C00001,2024-12-09,60.58
O0000921,C00036,2024-12-13,124.97
O0000922,C00047,2024-12-05,219.52
O0000923,C00016,2024-12-27,214.91
O0000924,C00011,2024-12-07,8.46
O0000925,C00028,2024-12-13,102.48
O0000926,C00090,2024-12-16,29.26
O0000927,C00118,2024-12-22,11.7
O0000928,C00001,2024-12-05,279.98
O0000929,C00001,2024-12-12,120.89
O0000930,C00001,2024-12-26,181.66
O0000931,C00001,2024-12-12,142.15
O0000932,C00050,2024-12-19,29.98
O0000933,C00001,2024-12-14,407.69
O0000934,C00020,2024-12-26,163.17
O0000935,C00026,2024-12-27,106.14
O0000936,C00077,2024-12-12,47.67
O0000937,C00038,2024-12-09,81.39
O0000938,C00001,2024-12-07,204.82
O0000939,C00001,2024-12-06,246.27
O0000940,C00020,2024-12-05,65.18
O0000941,C00105,2024-12-25,50.66
O0000942,C00013,2024-12-20,63.48
O0000943,C00001,2024-12-02,212.76
O0000944,C00001,2024-12-28,262.97
O0000945,C00001,2024-12-24,157.92
O0000946,C00006,2024-12-17,4.63
O0000947,C00055,2024-12-23,34.48
O0000948,C00003,2024-12-27,52.62
O0000949,C00067,2024-12-04,1.34
O0000950,C00011,2024-12-01,262.95
O0000951,C00049,2024-12-26,107.83
O0000952,C00034,2024-12-01,81.12
O0000953,C00006,2024-12-25,293.88
O0000954,C00027,2024-12-20,32.97
O0000955,C00011,2024-12-23,244.46
O0000956,C00002,2024-12-21,406.06
O0000957,C00010,2024-12-23,236.51
O0000958,C00008,2024-12-16,3.95
O0000959,C00001,2024-12-28,165.19
O0000960,C00003,2024-12-19,554.23
O0000961,C00057,2024-12-24,34.39
O0000962,C00001,2024-12-05,410.04
O0000963,C00005,2024-12-21,143.77
O0000964,C00012,2024-12-01,160.78
O0000965,C00049,2024-12-05,41.07
O0000966,C00001,2024-12-05,684.74
O0000967,C00001,2024-12-17,8.55
O0000968,C00009,2024-12-20,211.98
O0000969,C00107,2024-12-20,82.53
O0000970,C00050,2024-12-15,18.48
O0000971,C00034,2024-12-21,65.9
O0000972,C00057,2024-12-21,34.91
O0000973,C00023,2024-12-14,2.94
O0000974,C00001,2024-12-13,482.98
O0000975,C00001,2024-12-19,9.62
O0000976,C00002,2024-12-01,130.62
O0000977,C00002,2024-12-07,32.67
O0000978,C00061,2024-12-09,30.47
O0000979,C00001,2024-12-20,6.03
O0000980,C00078,2024-12-09,11.86
O0000981,C00048,2024-12-10,43.55
O0000982,C00099,2024-12-24,42.48
O0000983,C00069,2024-12-15,38.58
O0000984,C00001,2024-12-04,404.71
O0000985,C00032,2024-12-01,12.01
O0000986,C00003,2024-12-22,3.9
O0000987,C00016,2024-12-12,8.44
O0000988,C00035,2024-12-18,24.45
O0000989,C00002,2024-12-21,228.39
O0000990,C00090,2024-12-02,101.59
O0000991,C00002,2024-12-20,533.99
O0000992,C00001,2024-12-24,522.47
O0000993,C00003,2024-12-27,499.39
O0000994,C00001,2024-12-06,73.92
O0000995,C00006,2024-12-14,433.41
O0000996,C00001,2024-12-19,222.32
O0000997,C00057,2024-12-21,5.83
O0000998,C00026,2024-12-04,52.1
O0000999,C00114,2024-12-16,57.71
O0001000,C00029,2024-12-14,172.17
O0001001,C00017,2024-12-22,133.15
O0001002,C00001,2024-12-18,486.43
O0001003,C00002,2024-12-06,230.06
O0001004,C00010,2024-12-13,171.66
O0001005,C00022,2024-12-22,59.04
O0001006,C00115,2024-12-09,73.98
O0001007,C00046,2024-12-24,197.44
O0001008,C00002,2024-12-23,11.15
O0001009,C00001,2024-12-17,405.41
O0001010,C00002,2024-12-25,521.84
O0001011,C00003,2024-12-28,54.88
O0001012,C00001,2024-12-26,119.35
O0001013,C00001,2024-12-18,294.24
O0001014,C00001,2024-12-20,145.11
O0001015,C00040,2024-12-19,61.23
O0001016,C00103,2024-12-26,60.78
O0001017,C00012,2024-12-20,374.45
O0001018,C00018,2024-12-02,137.81
O0001019,C00005,2024-12-15,201.42
O0001020,C00057,2024-12-27,24.19
O0001021,C00045,2024-12-16,66.06
O0001022,C00007,2024-12-08,576.84
O0001023,C00001,2024-12-04,208.57
O0001024,C00007,2024-12-19,12.0
O0001025,C00001,2024-12-11,144.31
O0001026,C00011,2024-12-05,417.94
O0001027,C00106,2024-12-24,30.89
O0001028,C00058,2024-12-25,61.91
O0001029,C00032,2024-12-14,11.02
O0001030,C00033,2024-12-16,132.21
O0001031,C00010,2024-12-09,20.81
O0001032,C00057,2024-12-15,72.24
O0001033,C00009,2024-12-24,303.76
O0001034,C00005,2024-12-08,89.16
O0001035,C00015,2024-12-19,72.46
O0001036,C00001,2024-12-11,644.11
O0001037,C00012,2024-12-01,410.13
O0001038,C00048,2024-12-17,21.47
O0001039,C00058,2024-12-23,60.78
O0001040,C00030,2024-12-11,103.97
O0001041,C00006,2025-01-24,358.12
O0001042,C00039,2025-01-06,80.88
O0001043,C00001,2025-01-18,58.68
O0001044,C00013,2025-01-26,362.92
O0001045,C00002,2025-01-09,118.04
O0001046,C00002,2025-01-20,190.72
O0001047,C00013,2025-01-03,294.38
O0001048,C00023,2025-01-04,41.86
O0001049,C00001,2025-01-23,441.68
O0001050,C00043,2025-01-24,134.7
O0001051,C00001,2025-01-16,254.45
O0001052,C00044,2025-01-21,164.3
O0001053,C00043,2025-01-24,54.55
O0001054,C00001,2025-01-21,555.64
O0001055,C00021,2025-01-27,106.95
O0001056,C00048,2025-01-18,48.89
O0001057,C00008,2025-01-04,103.72
O0001058,C00093,2025-01-20,34.77
O0001059,C00001,2025-01-26,289.91
O0001060,C00020,2025-01-13,64.12
O0001061,C00001,2025-01-07,305.87
O0001062,C00035,2025-01-17,182.63
O0001063,C00039,2025-01-24,5.88
O0001064,C00028,2025-01-22,111.23
O0001065,C00092,2025-01-16,49.58
O0001066,C00013,2025-01-04,688.6
O0001067,C00004,2025-01-16,365.88
O0001068,C00001,2025-01-02,151.89
O0001069,C00006,2025-01-07,151.19
O0001070,C00041,2025-01-06,105.75
O0001071,C00001,2025-01-20,265.57
O0001072,C00001,2025-01-05,290.11
O0001073,C00079,2025-01-11,1.15
O0001074,C00002,2025-01-05,141.9
O0001075,C00046,2025-01-03,3.66
O0001076,C00001,2025-01-22,336.84
O0001077,C00001,2025-01-21,554.46
O0001078,C00001,2025-01-06,264.19
O0001079,C00101,2025-01-24,45.11
O0001080,C00001,2025-01-16,115.33
O0001081,C00001,2025-01-04,276.18
O0001082,C00001,2025-01-01,245.79
O0001083,C00004,2025-01-04,192.7
O0001084,C00001,2025-01-03,197.8
O0001085,C00018,2025-01-19,250.79
O0001086,C00013,2025-01-17,106.34
O0001087,C00010,2025-01-07,209.74
O0001088,C00002,2025-01-21,240.26
O0001089,C00001,2025-01-04,132.64
O0001090,C00001,2025-01-07,235.55
O0001091,C00103,2025-01-03,53.55
O0001092,C00011,2025-01-13,312.72
O0001093,C00001,2025-01-17,52.23
O0001094,C00003,2025-01-13,71.48
O0001095,C00020,2025-01-25,98.55
O0001096,C00032,2025-01-24,113.16
O0001097,C00087,2025-01-12,17.68
O0001098,C00087,2025-01-14,3.27
O0001099,C00007,2025-01-23,408.94
O0001100,C00002,2025-01-10,22.52
O0001101,C00008,2025-01-20,396.22
O0001102,C00006,2025-01-12,46.75
O0001103,C00012,2025-01-06,287.09
O0001104,C00001,2025-01-14,365.0
O0001105,C00001,2025-01-16,135.73
O0001106,C00102,2025-01-22,7.31
O0001107,C00010,2025-01-21,588.03
O0001108,C00003,2025-01-23,15.2
O0001109,C00050,2025-01-03,157.61
O0001110,C00001,2025-01-28,72.12
O0001111,C00005,2025-01-20,227.76
O0001112,C00002,2025-01-20,154.94
O0001113,C00078,2025-01-13,12.51
O0001114,C00019,2025-01-15,117.19
O0001115,C00001,2025-01-21,268.59
O0001116,C00025,2025-01-11,32.54
O0001117,C00007,2025-01-25,422.5
O0001118,C00008,2025-01-20,164.27
O0001119,C00027,2025-01-24,82.06
O0001120,C00001,2025-01-22,147.35
O0001121,C00034,2025-01-26,159.69
O0001122,C00001,2025-01-24,845.43
O0001123,C00110,2025-01-05,4.87
O0001124,C00001,2025-01-22,88.13
O0001125,C00083,2025-01-14,13.16
O0001126,C00017,2025-01-12,110.78
O0001127,C00019,2025-01-24,167.16
O0001128,C00028,2025-01-14,155.07
O0001129,C00004,2025-01-14,511.33
O0001130,C00002,2025-01-06,380.44
O0001131,C00001,2025-01-21,605.89
O0001132,C00002,2025-01-14,346.02
O0001133,C00001,2025-01-03,191.78
O0001134,C00052,2025-01-25,46.37
O0001135,C00002,2025-01-17,96.21
O0001136,C00001,2025-01-21,386.55
O0001137,C00001,2025-01-19,4.43
O0001138,C00001,2025-01-18,257.35
O0001139,C00001,2025-01-11,124.62
O0001140,C00001,2025-01-01,279.98
O0001141,C00003,2025-01-06,635.44
O0001142,C00001,2025-01-23,488.19
O0001143,C00026,2025-01-28,8.97
O0001144,C00001,2025-01-18,127.5
O0001145,C00002,2025-01-04,237.22
O0001146,C00044,2025-01-10,171.24
O0001147,C00021,2025-01-04,88.25
O0001148,C00001,2025-01-18,245.49
O0001149,C00005,2025-01-02,562.21
O0001150,C00099,2025-01-15,23.38
O0001151,C00035,2025-01-12,2.7
O0001152,C00076,2025-01-05,96.82
O0001153,C00003,2025-01-23,380.0
O0001154,C00036,2025-01-06,21.52
O0001155,C00007,2025-01-07,322.29
O0001156,C00001,2025-01-02,99.27
O0001157,C00012,2025-01-22,311.11
O0001158,C00002,2025-01-03,3.02
O0001159,C00074,2025-01-07,31.72
O0001160,C00087,2025-01-20,14.97
O0001161,C00021,2025-01-11,135.03
O0001162,C00004,2025-01-13,48.28
O0001163,C00002,2025-01-28,126.88
O0001164,C00003,2025-01-28,380.83
O0001165,C00001,2025-01-22,512.48
O0001166,C00001,2025-01-06,37.33
O0001167,C00082,2025-01-13,15.84
O0001168,C00001,2025-01-15,321.67
O0001169,C00079,2025-01-16,22.05
O0001170,C00001,2025-01-20,178.09
O0001171,C00001,2025-01-09,208.52
O0001172,C00023,2025-01-28,67.77
O0001173,C00097,2025-01-21,17.43
O0001174,C00001,2025-01-14,266.11
O0001175,C00004,2025-01-25,566.77
O0001176,C00013,2025-01-18,253.88
O0001177,C00001,2025-01-21,153.11
O0001178,C00012,2025-01-22,124.88
O0001179,C00004,2025-01-10,16.18
O0001180,C00026,2025-01-09,7.51
O0001181,C00001,2025-01-03,140.3
O0001182,C00003,2025-01-14,293.41
O0001183,C00006,2025-01-23,178.37
O0001184,C00001,2025-01-15,225.59
O0001185,C00011,2025-01-01,645.65
O0001186,C00001,2025-01-03,156.57
O0001187,C00001,2025-01-16,7.37
O0001188,C00002,2025-01-20,498.57
O0001189,C00001,2025-01-06,453.11
O0001190,C00098,2025-01-19,77.83
O0001191,C00120,2025-01-16,59.68
O0001192,C00084,2025-01-25,4.67
O0001193,C00065,2025-01-14,31.36
O0001194,C00002,2025-01-09,268.72
O0001195,C00001,2025-01-03,353.06
O0001196,C00021,2025-01-11,54.04
O0001197,C00118,2025-01-12,0.7
O0001198,C00115,2025-01-07,49.92
O0001199,C00047,2025-01-07,83.66
O0001200,C00004,2025-01-11,38.54
O0001201,C00012,2025-01-17,21.28
O0001202,C00018,2025-01-19,152.77
O0001203,C00046,2025-01-12,101.53
O0001204,C00010,2025-01-04,101.13
O0001205,C00119,2025-01-07,3.29
O0001206,C00060,2025-01-10,29.44
O0001207,C00031,2025-01-14,79.82
O0001208,C00052,2025-01-22,106.74
O0001209,C00001,2025-01-03,157.89
O0001210,C00019,2025-01-11,129.47
O0001211,C00001,2025-01-28,149.44
O0001212,C00004,2025-01-28,196.03
O0001213,C00074,2025-01-07,10.05
O0001214,C00064,2025-01-07,26.61
O0001215,C00005,2025-01-08,149.4
O0001216,C00002,2025-01-16,438.94
O0001217,C00004,2025-01-19,352.98
O0001218,C00002,2025-01-20,273.25
O0001219,C00008,2025-01-10,9.23
O0001220,C00020,2025-01-13,100.73
O0001221,C00041,2025-01-28,30.14
O0001222,C00069,2025-01-10,85.54
O0001223,C00023,2025-01-27,109.52
O0001224,C00001,2025-01-27,822.06
O0001225,C00038,2025-01-28,242.96
O0001226,C00012,2025-01-16,204.73
O0001227,C00001,2025-01-12,349.35
O0001228,C00003,2025-01-19,188.46
O0001229,C00020,2025-01-13,87.31
O0001230,C00002,2025-01-04,6.62
O0001231,C00002,2025-01-18,49.96
O0001232,C00004,2025-01-06,475.87
O0001233,C00001,2025-01-08,461.43
O0001234,C00065,2025-01-02,28.25
O0001235,C00005,2025-01-10,162.74
O0001236,C00001,2025-01-14,433.25
O0001237,C00019,2025-01-11,9.76
O0001238,C00003,2025-01-10,132.21
O0001239,C00018,2025-01-14,112.68
O0001240,C00001,2025-01-25,279.63
O0001241,C00091,2025-01-18,6.83
O0001242,C00001,2025-01-09,402.76
O0001243,C00002,2025-01-21,188.42
O0001244,C00001,2025-01-09,20.84
O0001245,C00011,2025-01-08,6.67
O0001246,C00001,2025-01-15,82.81
O0001247,C00021,2025-01-15,116.19
O0001248,C00072,2025-01-24,3.28
O0001249,C00029,2025-01-05,123.41
O0001250,C00005,2025-01-24,260.79
O0001251,C00033,2025-01-03,17.74
O0001252,C00048,2025-01-12,21.94
O0001253,C00033,2025-01-21,4.2
O0001254,C00092,2025-01-01,72.11
O0001255,C00001,2025-01-18,695.18
O0001256,C00007,2025-01-07,305.62
O0001257,C00013,2025-01-14,192.62
O0001258,C00106,2025-01-21,42.8
O0001259,C00061,2025-01-22,19.69
O0001260,C00001,2025-01-06,242.22
O0001261,C00014,2025-01-12,32.21
O0001262,C00006,2025-01-24,413.05
O0001263,C00031,2025-01-22,96.73
O0001264,C00009,2025-01-06,99.01
O0001265,C00001,2025-01-10,76.43
O0001266,C00103,2025-01-06,18.92
O0001267,C00015,2025-01-03,230.74
O0001268,C00001,2025-01-05,289.31
O0001269,C00006,2025-01-16,414.63
O0001270,C00013,2025-01-04,256.69
O0001271,C00001,2025-01-05,677.96
O0001272,C00058,2025-01-17,4.63
O0001273,C00023,2025-01-18,5.92
O0001274,C00003,2025-01-27,58.24
O0001275,C00005,2025-01-04,228.05
O0001276,C00053,2025-01-14,14.96
O0001277,C00022,2025-01-25,54.55
O0001278,C00011,2025-01-27,153.09
O0001279,C00002,2025-01-27,142.92
O0001280,C00069,2025-01-14,15.15
O0001281,C00003,2025-01-01,564.09
O0001282,C00026,2025-01-07,57.92
O0001283,C00001,2025-01-17,245.14
O0001284,C00025,2025-01-09,196.11
O0001285,C00086,2025-01-19,6.41
O0001286,C00043,2025-01-16,8.2
O0001287,C00009,2025-01-12,362.54
O0001288,C00001,2025-01-03,183.16
O0001289,C00013,2025-01-12,266.94
O0001290,C00044,2025-01-17,203.22
O0001291,C00105,2025-01-01,31.39
O0001292,C00001,2025-01-17,25.89
O0001293,C00046,2025-01-09,105.66
O0001294,C00046,2025-01-18,117.1
O0001295,C00067,2025-01-08,12.23
O0001296,C00001,2025-01-24,38.39
O0001297,C00021,2025-01-05,129.07
O0001298,C00002,2025-01-12,246.06
O0001299,C00039,2025-01-09,87.69
O0001300,C00001,2025-01-20,220.37
O0001301,C00011,2025-02-19,431.31
O0001302,C00001,2025-02-14,284.11
O0001303,C00010,2025-02-06,315.62
O0001304,C00072,2025-02-27,37.87
O0001305,C00003,2025-02-16,92.17
O0001306,C00103,2025-02-24,42.83
O0001307,C00001,2025-02-20,53.64
O0001308,C00005,2025-02-06,273.17
O0001309,C00013,2025-02-04,120.52
O0001310,C00011,2025-02-12,129.66
O0001311,C00001,2025-02-03,293.94
O0001312,C00001,2025-02-23,524.67
O0001313,C00001,2025-02-12,117.56
O0001314,C00007,2025-02-09,169.4
O0001315,C00001,2025-02-03,127.24
O0001316,C00054,2025-02-13,72.54
O0001317,C00006,2025-02-22,354.73
O0001318,C00001,2025-02-28,284.32
O0001319,C00002,2025-02-26,175.26
O0001320,C00001,2025-02-09,435.85
O0001321,C00001,2025-02-28,29.7
O0001322,C00057,2025-02-24,33.36
O0001323,C00013,2025-02-25,407.62
O0001324,C00021,2025-02-28,25.3
O0001325,C00010,2025-02-07,6.27
O0001326,C00001,2025-02-12,329.55
O0001327,C00064,2025-02-16,34.21
O0001328,C00001,2025-02-03,29.37
O0001329,C00049,2025-02-21,63.69
O0001330,C00001,2025-02-27,452.81
O0001331,C00088,2025-02-12,23.71
O0001332,C00001,2025-02-10,155.46
O0001333,C00003,2025-02-15,291.88
O0001334,C00012,2025-02-23,94.75
O0001335,C00001,2025-02-22,256.78
O0001336,C00013,2025-02-01,35.54
O0001337,C00008,2025-02-20,599.72
O0001338,C00014,2025-02-18,139.31
O0001339,C00075,2025-02-16,69.91
O0001340,C00027,2025-02-03,207.7
O0001341,C00004,2025-02-10,7.78
O0001342,C00005,2025-02-08,367.91
O0001343,C00023,2025-02-20,81.08
O0001344,C00015,2025-02-20,478.99
O0001345,C00105,2025-02-09,55.55
O0001346,C00001,2025-02-28,7.28
O0001347,C00048,2025-02-02,190.38
O0001348,C00001,2025-02-24,356.15
O0001349,C00011,2025-02-08,203.24
O0001350,C00007,2025-02-06,189.7
O0001351,C00082,2025-02-04,28.18
O0001352,C00013,2025-02-03,501.66
O0001353,C00003,2025-02-08,61.76
O0001354,C00001,2025-02-09,484.26
O0001355,C00004,2025-02-16,505.31
O0001356,C00016,2025-02-16,93.87
O0001357,C00005,2025-02-22,391.91
O0001358,C00003,2025-02-17,268.21
O0001359,C00081,2025-02-10,32.85
O0001360,C00022,2025-02-23,87.04
O0001361,C00001,2025-02-11,566.45
O0001362,C00001,2025-02-08,379.26
O0001363,C00002,2025-02-23,6.63
O0001364,C00001,2025-02-04,196.54
O0001365,C00034,2025-02-01,130.36
O0001366,C00023,2025-02-05,82.34
O0001367,C00015,2025-02-23,1007.46
O0001368,C00061,2025-02-11,35.08
O0001369,C00093,2025-02-24,78.1
O0001370,C00041,2025-02-16,6.14
O0001371,C00031,2025-02-17,129.65
O0001372,C00003,2025-02-21,5.59
O0001373,C00017,2025-02-03,49.66
O0001374,C00013,2025-02-28,330.61
O0001375,C00002,2025-02-07,227.7
O0001376,C00001,2025-02-04,70.55
O0001377,C00005,2025-02-25,379.62
O0001378,C00067,2025-02-04,60.17
O0001379,C00059,2025-02-14,1.32
O0001380,C00002,2025-02-13,354.95
O0001381,C00097,2025-02-02,0.9
O0001382,C00001,2025-02-18,241.17
O0001383,C00015,2025-02-22,691.11
O0001384,C00007,2025-02-23,422.81
O0001385,C00019,2025-02-23,187.26
O0001386,C00012,2025-02-28,6.6
O0001387,C00027,2025-02-08,236.29
O0001388,C00001,2025-02-11,257.4
O0001389,C00005,2025-02-27,283.81
O0001390,C00001,2025-02-23,138.15
O0001391,C00021,2025-02-24,283.85
O0001392,C00006,2025-02-27,32.97
O0001393,C00003,2025-02-21,10.76
O0001394,C00070,2025-02-12,7.35
O0001395,C00022,2025-02-04,67.69
O0001396,C00010,2025-02-26,293.2
O0001397,C00105,2025-02-18,25.5
O0001398,C00007,2025-02-05,235.9
O0001399,C00041,2025-02-11,47.48
O0001400,C00106,2025-02-11,35.56
O0001401,C00001,2025-02-25,363.22
O0001402,C00024,2025-02-22,168.24
O0001403,C00001,2025-02-02,662.61
O0001404,C00001,2025-02-01,15.53
O0001405,C00039,2025-02-22,182.19
O0001406,C00005,2025-02-08,382.0
O0001407,C00024,2025-02-23,7.54
O0001408,C00033,2025-02-17,48.46
O0001409,C00016,2025-02-23,155.14
O0001410,C00001,2025-02-19,7.4
O0001411,C00001,2025-02-09,421.94
O0001412,C00028,2025-02-06,235.06
O0001413,C00120,2025-02-05,0.58
O0001414,C00089,2025-02-01,15.57
O0001415,C00101,2025-02-18,11.52
O0001416,C00020,2025-02-09,108.45
O0001417,C00073,2025-02-18,28.19
O0001418,C00020,2025-02-10,143.63
O0001419,C00001,2025-02-27,495.6
O0001420,C00002,2025-02-15,370.83
O0001421,C00002,2025-02-22,634.77
O0001422,C00002,2025-02-10,109.53
O0001423,C00002,2025-02-13,292.69
O0001424,C00038,2025-02-21,101.0
O0001425,C00114,2025-02-09,1.15
O0001426,C00009,2025-02-18,7.09
O0001427,C00024,2025-02-02,192.99
O0001428,C00025,2025-02-10,187.8
O0001429,C00009,2025-02-18,183.5
O0001430,C00008,2025-02-17,1012.96
O0001431,C00043,2025-02-04,3.44
O0001432,C00001,2025-02-25,116.37
O0001433,C00013,2025-02-13,574.18
O0001434,C00001,2025-02-07,507.3
O0001435,C00039,2025-02-21,57.18
O0001436,C00003,2025-02-16,744.93
O0001437,C00072,2025-02-16,23.12
O0001438,C00013,2025-02-04,247.78
O0001439,C00002,2025-02-23,453.86
O0001440,C00011,2025-02-12,305.69
O0001441,C00001,2025-02-25,5.23
O0001442,C00037,2025-02-24,124.92
O0001443,C00012,2025-02-01,125.29
O0001444,C00082,2025-02-07,43.18
O0001445,C00069,2025-02-24,30.43
O0001446,C00003,2025-02-28,245.43
O0001447,C00001,2025-02-12,408.78
O0001448,C00001,2025-02-17,193.91
O0001449,C00015,2025-02-04,307.79
O0001450,C00043,2025-02-17,3.01
O0001451,C00055,2025-02-03,11.95
O0001452,C00070,2025-02-06,1.93
O0001453,C00005,2025-02-04,90.3
O0001454,C00025,2025-02-09,10.03
O0001455,C00021,2025-02-12,61.68
O0001456,C00009,2025-02-25,535.94
O0001457,C00001,2025-02-19,109.19
O0001458,C00016,2025-02-05,99.84
O0001459,C00004,2025-02-13,477.24
O0001460,C00103,2025-02-06,52.3
O0001461,C00036,2025-02-24,128.75
O0001462,C00062,2025-02-19,51.75
O0001463,C00010,2025-02-22,417.5
O0001464,C00001,2025-02-21,571.42
O0001465,C00009,2025-02-26,109.93
O0001466,C00001,2025-02-28,2.93
O0001467,C00004,2025-02-24,420.39
O0001468,C00012,2025-02-15,153.67
O0001469,C00011,2025-02-23,232.21
O0001470,C00008,2025-02-18,144.0
O0001471,C00022,2025-02-25,10.01
O0001472,C00004,2025-02-16,294.83
O0001473,C00001,2025-02-09,145.99
O0001474,C00001,2025-02-20,359.04
O0001475,C00116,2025-02-13,31.16
O0001476,C00050,2025-02-17,52.01
O0001477,C00049,2025-02-24,76.57
O0001478,C00008,2025-02-14,354.06
O0001479,C00001,2025-02-27,298.68
O0001480,C00011,2025-02-14,219.22
O0001481,C00005,2025-02-06,103.95
O0001482,C00048,2025-02-26,88.72
O0001483,C00018,2025-02-02,103.91
O0001484,C00002,2025-02-20,507.44
O0001485,C00011,2025-02-19,251.65
O0001486,C00073,2025-02-07,20.29
O0001487,C00019,2025-02-02,187.63
O0001488,C00001,2025-02-06,4.15
O0001489,C00002,2025-02-20,23.66
O0001490,C00001,2025-02-13,352.31
O0001491,C00021,2025-02-01,113.26
O0001492,C00046,2025-02-13,115.52
O0001493,C00001,2025-02-03,427.91
O0001494,C00023,2025-02-03,95.54
O0001495,C00001,2025-02-25,201.44
O0001496,C00030,2025-02-12,23.7
O0001497,C00079,2025-02-16,20.77
O0001498,C00002,2025-02-02,149.27
O0001499,C00005,2025-02-17,255.51
O0001500,C00002,2025-02-04,369.54
O0001501,C00001,2025-02-21,147.32
O0001502,C00089,2025-02-03,65.23
O0001503,C00096,2025-02-09,23.83
O0001504,C00014,2025-02-07,93.91
O0001505,C00001,2025-02-15,259.66
O0001506,C00051,2025-02-17,68.79
O0001507,C00021,2025-02-11,36.96
O0001508,C00001,2025-02-19,32.21
O0001509,C00009,2025-02-27,265.82
O0001510,C00001,2025-02-06,29.33
O0001511,C00013,2025-02-07,353.17
O0001512,C00018,2025-02-28,2.66
O0001513,C00003,2025-02-03,258.04
O0001514,C00002,2025-02-27,532.78
O0001515,C00089,2025-02-10,53.38
O0001516,C00016,2025-02-12,1.46
O0001517,C00001,2025-02-22,39.27
O0001518,C00095,2025-02-04,17.15
O0001519,C00001,2025-02-27,124.9
O0001520,C00001,2025-02-11,362.69
O0001521,C00029,2025-02-16,7.77
O0001522,C00086,2025-02-15,51.66
O0001523,C00116,2025-02-15,21.01
O0001524,C00001,2025-02-13,325.81
O0001525,C00024,2025-02-18,166.02
O0001526,C00001,2025-02-08,490.14
O0001527,C00075,2025-02-15,7.11
O0001528,C00015,2025-02-19,147.67
O0001529,C00041,2025-02-21,102.66
O0001530,C00011,2025-02-08,773.43
O0001531,C00018,2025-02-22,49.43
O0001532,C00003,2025-02-07,139.42
O0001533,C00002,2025-02-05,299.35
O0001534,C00083,2025-02-10,83.5
O0001535,C00001,2025-02-03,200.07
O0001536,C00001,2025-02-04,748.33
O0001537,C00003,2025-02-10,173.25
O0001538,C00001,2025-02-06,649.35
O0001539,C00002,2025-02-08,32.12
O0001540,C00008,2025-02-08,140.35
O0001541,C00034,2025-02-12,50.09
O0001542,C00084,2025-02-18,9.89
O0001543,C00002,2025-02-28,288.32
O0001544,C00071,2025-02-11,57.83
O0001545,C00032,2025-02-10,167.02
O0001546,C00006,2025-02-17,456.69
O0001547,C00005,2025-02-20,162.5
O0001548,C00027,2025-02-25,281.72
O0001549,C00001,2025-02-18,369.52
O0001550,C00097,2025-02-20,17.75
O0001551,C00001,2025-02-11,94.6
O0001552,C00021,2025-02-19,180.5
O0001553,C00001,2025-02-20,115.57
O0001554,C00005,2025-02-28,30.47
O0001555,C00001,2025-02-07,8.14
O0001556,C00002,2025-02-12,7.77
O0001557,C00003,2025-02-22,287.89
O0001558,C00008,2025-02-14,59.77
O0001559,C00001,2025-02-25,229.36
O0001560,C00007,2025-02-20,540.51
O0001561,C00007,2025-03-03,333.47
O0001562,C00024,2025-03-19,196.17
O0001563,C00012,2025-03-18,253.88
O0001564,C00002,2025-03-06,663.56
O0001565,C00044,2025-03-26,95.74
O0001566,C00002,2025-03-04,434.15
O0001567,C00013,2025-03-10,12.79
O0001568,C00001,2025-03-14,516.03
O0001569,C00068,2025-03-12,30.49
O0001570,C00051,2025-03-16,86.79
O0001571,C00004,2025-03-01,360.39
O0001572,C00095,2025-03-26,53.22
O0001573,C00001,2025-03-28,272.0
O0001574,C00001,2025-03-11,662.72
O0001575,C00030,2025-03-27,63.39
O0001576,C00009,2025-03-25,18.96
O0001577,C00097,2025-03-01,47.31
O0001578,C00016,2025-03-04,42.18
O0001579,C00013,2025-03-09,31.59
O0001580,C00027,2025-03-22,88.54
O0001581,C00007,2025-03-16,292.12
O0001582,C00001,2025-03-28,178.26
O0001583,C00013,2025-03-03,429.26
O0001584,C00001,2025-03-19,656.04
O0001585,C00001,2025-03-08,274.81
O0001586,C00113,2025-03-14,40.32
O0001587,C00006,2025-03-19,343.11
O0001588,C00101,2025-03-24,22.05
O0001589,C00026,2025-03-28,59.65
O0001590,C00017,2025-03-13,242.22
O0001591,C00011,2025-03-08,213.45
O0001592,C00007,2025-03-10,459.68
O0001593,C00002,2025-03-14,147.99
O0001594,C00004,2025-03-08,213.65
O0001595,C00001,2025-03-19,150.14
O0001596,C00025,2025-03-18,41.67
O0001597,C00017,2025-03-26,64.72
O0001598,C00042,2025-03-26,9.61
O0001599,C00010,2025-03-19,91.52
O0001600,C00010,2025-03-17,260.89
O0001601,C00001,2025-03-26,31.14
O0001602,C00001,2025-03-27,387.28
O0001603,C00078,2025-03-21,33.2
O0001604,C00047,2025-03-11,171.88
O0001605,C00008,2025-03-23,464.99
O0001606,C00007,2025-03-26,286.24
O0001607,C00027,2025-03-04,113.86
O0001608,C00017,2025-03-20,117.2
O0001609,C00005,2025-03-23,445.15
O0001610,C00010,2025-03-25,102.87
O0001611,C00106,2025-03-14,7.9
O0001612,C00002,2025-03-18,7.0
O0001613,C00110,2025-03-22,46.52
O0001614,C00001,2025-03-27,56.62
O0001615,C00001,2025-03-13,10.13
O0001616,C00050,2025-03-24,94.78
O0001617,C00003,2025-03-09,303.58
O0001618,C00003,2025-03-11,167.02
O0001619,C00072,2025-03-19,5.58
O0001620,C00032,2025-03-19,80.92
O0001621,C00005,2025-03-04,248.59
O0001622,C00007,2025-03-27,256.48
O0001623,C00104,2025-03-19,45.52
O0001624,C00012,2025-03-04,236.41
O0001625,C00086,2025-03-19,3.37
O0001626,C00002,2025-03-04,532.66
O0001627,C00017,2025-03-12,92.97
O0001628,C00001,2025-03-23,470.58
O0001629,C00008,2025-03-03,486.31
O0001630,C00001,2025-03-19,1042.43
O0001631,C00061,2025-03-25,54.25
O0001632,C00003,2025-03-22,295.23
O0001633,C00088,2025-03-08,0.42
O0001634,C00001,2025-03-20,600.95
O0001635,C00015,2025-03-14,190.65
O0001636,C00018,2025-03-23,20.02
O0001637,C00082,2025-03-13,23.35
O0001638,C00016,2025-03-11,147.75
O0001639,C00002,2025-03-26,57.7
O0001640,C00003,2025-03-12,656.93
O0001641,C00022,2025-03-19,188.13
O0001642,C00009,2025-03-09,44.14
O0001643,C00030,2025-03-02,121.05
O0001644,C00030,2025-03-01,154.16
O0001645,C00001,2025-03-10,176.7
O0001646,C00007,2025-03-28,376.25
O0001647,C00031,2025-03-11,76.26
O0001648,C00001,2025-03-22,684.07
O0001649,C00094,2025-03-18,20.16
O0001650,C00111,2025-03-15,33.31
O0001651,C00005,2025-03-14,226.62
O0001652,C00098,2025-03-24,34.75
O0001653,C00002,2025-03-17,265.92
O0001654,C00024,2025-03-14,6.58
O0001655,C00027,2025-03-05,75.95
O0001656,C00040,2025-03-14,97.17
O0001657,C00104,2025-03-16,14.88
O0001658,C00049,2025-03-18,39.12
O0001659,C00067,2025-03-02,1.57
O0001660,C00031,2025-03-05,117.05
O0001661,C00001,2025-03-06,6.29
O0001662,C00002,2025-03-08,340.44
O0001663,C00014,2025-03-05,614.26
O0001664,C00030,2025-03-06,15.54
O0001665,C00039,2025-03-26,144.61
O0001666,C00013,2025-03-06,193.2
O0001667,C00018,2025-03-08,188.87
O0001668,C00001,2025-03-24,174.59
O0001669,C00013,2025-03-19,43.67
O0001670,C00004,2025-03-09,194.78
O0001671,C00004,2025-03-04,258.23
O0001672,C00023,2025-03-05,3.8
O0001673,C00031,2025-03-21,74.59
O0001674,C00066,2025-03-26,2.45
O0001675,C00015,2025-03-21,192.98
O0001676,C00001,2025-03-10,76.45
O0001677,C00001,2025-03-09,82.06
O0001678,C00077,2025-03-12,5.84
O0001679,C00011,2025-03-25,486.03
O0001680,C00005,2025-03-01,58.97
O0001681,C00002,2025-03-06,19.09
O0001682,C00026,2025-03-27,145.56
O0001683,C00003,2025-03-11,7.52
O0001684,C00017,2025-03-12,69.02
O0001685,C00021,2025-03-08,161.2
O0001686,C00003,2025-03-04,107.87
O0001687,C00012,2025-03-28,225.92
O0001688,C00082,2025-03-01,10.57
O0001689,C00014,2025-03-06,117.99
O0001690,C00002,2025-03-16,74.63
O0001691,C00022,2025-03-24,65.15
O0001692,C00002,2025-03-04,177.34
O0001693,C00013,2025-03-01,7.78
O0001694,C00001,2025-03-27,64.64
O0001695,C00019,2025-03-22,138.94
O0001696,C00010,2025-03-27,454.84
O0001697,C00017,2025-03-05,103.89
O0001698,C00020,2025-03-06,53.58
O0001699,C00100,2025-03-10,4.6
O0001700,C00001,2025-03-12,414.02
O0001701,C00001,2025-03-17,145.01
O0001702,C00003,2025-03-11,29.85
O0001703,C00038,2025-03-10,114.44
O0001704,C00004,2025-03-06,505.53
O0001705,C00001,2025-03-18,262.79
O0001706,C00016,2025-03-19,127.87
O0001707,C00008,2025-03-22,571.91
O0001708,C00001,2025-03-12,439.55
O0001709,C00067,2025-03-08,40.46
O0001710,C00042,2025-03-09,135.02
O0001711,C00046,2025-03-22,118.63
O0001712,C00001,2025-03-06,152.31
O0001713,C00009,2025-03-25,9.13
O0001714,C00013,2025-03-23,57.15
O0001715,C00035,2025-03-06,49.96
O0001716,C00003,2025-03-24,115.01
O0001717,C00001,2025-03-27,130.02
O0001718,C00005,2025-03-12,73.11
O0001719,C00027,2025-03-16,61.05
O0001720,C00001,2025-03-21,35.61
O0001721,C00005,2025-03-23,417.09
O0001722,C00040,2025-03-08,90.41
O0001723,C00038,2025-03-06,134.46
O0001724,C00027,2025-03-13,116.86
O0001725,C00006,2025-03-08,381.29
O0001726,C00003,2025-03-04,708.23
O0001727,C00109,2025-03-28,6.18
O0001728,C00001,2025-03-07,489.86
O0001729,C00036,2025-03-03,71.91
O0001730,C00096,2025-03-05,29.14
O0001731,C00091,2025-03-22,47.65
O0001732,C00001,2025-03-25,728.97
O0001733,C00058,2025-03-02,1.08
O0001734,C00030,2025-03-19,146.61
O0001735,C00001,2025-03-02,456.3
O0001736,C00027,2025-03-26,4.19
O0001737,C00001,2025-03-12,35.28
O0001738,C00001,2025-03-09,176.76
O0001739,C00013,2025-03-24,639.97
O0001740,C00024,2025-03-12,16.85
O0001741,C00014,2025-03-20,204.22
O0001742,C00089,2025-03-14,22.4
O0001743,C00001,2025-03-14,199.53
O0001744,C00001,2025-03-14,434.21
O0001745,C00041,2025-03-13,65.33
O0001746,C00006,2025-03-23,580.21
O0001747,C00085,2025-03-10,4.91
O0001748,C00001,2025-03-01,366.51
O0001749,C00013,2025-03-19,9.0
O0001750,C00001,2025-03-07,253.25
O0001751,C00089,2025-03-07,32.15
O0001752,C00001,2025-03-07,718.62
O0001753,C00025,2025-03-26,47.38
O0001754,C00001,2025-03-05,339.15
O0001755,C00006,2025-03-09,227.47
O0001756,C00086,2025-03-11,27.85
O0001757,C00090,2025-03-16,44.08
O0001758,C00014,2025-03-19,649.61
O0001759,C00022,2025-03-03,90.83
O0001760,C00040,2025-03-28,2.33
O0001761,C00001,2025-03-25,757.79
O0001762,C00076,2025-03-21,23.13
O0001763,C00003,2025-03-27,350.6
O0001764,C00001,2025-03-17,378.03
O0001765,C00001,2025-03-24,305.89
O0001766,C00002,2025-03-07,342.01
O0001767,C00002,2025-03-16,6.17
O0001768,C00011,2025-03-06,666.34
O0001769,C00036,2025-03-23,187.57
O0001770,C00001,2025-03-17,304.2
O0001771,C00002,2025-03-21,402.71
O0001772,C00005,2025-03-05,263.17
O0001773,C00002,2025-03-02,501.52
O0001774,C00028,2025-03-08,48.26
O0001775,C00001,2025-03-11,152.55
O0001776,C00040,2025-03-14,40.04
O0001777,C00033,2025-03-18,3.91
O0001778,C00001,2025-03-05,349.07
O0001779,C00008,2025-03-09,140.37
O0001780,C00116,2025-03-05,8.22
O0001781,C00035,2025-03-11,138.62
O0001782,C00003,2025-03-07,619.03
O0001783,C00020,2025-03-08,54.99
O0001784,C00002,2025-03-05,474.51
O0001785,C00003,2025-03-20,322.83
O0001786,C00009,2025-03-06,88.34
O0001787,C00038,2025-03-23,146.66
O0001788,C00001,2025-03-12,116.66
O0001789,C00020,2025-03-07,280.59
O0001790,C00014,2025-03-14,139.92
O0001791,C00002,2025-03-26,544.88
O0001792,C00080,2025-03-19,32.31
O0001793,C00001,2025-03-12,104.05
O0001794,C00030,2025-03-11,243.88
O0001795,C00014,2025-03-20,172.3
O0001796,C00016,2025-03-16,89.07
O0001797,C00057,2025-03-13,40.43
O0001798,C00062,2025-03-08,1.85
O0001799,C00049,2025-03-27,66.54
O0001800,C00001,2025-03-23,562.6
O0001801,C00082,2025-03-01,19.41
O0001802,C00041,2025-03-08,55.15
O0001803,C00042,2025-03-27,124.52
O0001804,C00001,2025-03-06,467.93
O0001805,C00002,2025-03-09,455.13
O0001806,C00029,2025-03-05,69.12
O0001807,C00041,2025-03-20,128.54
O0001808,C00043,2025-03-09,45.39
O0001809,C00001,2025-03-17,312.85
O0001810,C00001,2025-03-05,503.49
O0001811,C00001,2025-03-11,549.97
O0001812,C00053,2025-03-06,34.57
O0001813,C00003,2025-03-23,148.91
O0001814,C00001,2025-03-04,538.08
O0001815,C00001,2025-03-17,36.14
O0001816,C00001,2025-03-26,345.38
O0001817,C00019,2025-03-10,3.98
O0001818,C00024,2025-03-11,268.34
O0001819,C00001,2025-03-23,299.21
O0001820,C00002,2025-03-14,254.9
O0001821,C00050,2025-04-13,90.78
O0001822,C00001,2025-04-05,60.32
O0001823,C00060,2025-04-05,22.39
O0001824,C00001,2025-04-05,785.09
O0001825,C00005,2025-04-07,507.83
O0001826,C00002,2025-04-07,3.72
O0001827,C00006,2025-04-15,116.33
O0001828,C00069,2025-04-14,1.56
O0001829,C00001,2025-04-07,199.76
O0001830,C00010,2025-04-17,342.68
O0001831,C00053,2025-04-28,112.03
O0001832,C00016,2025-04-16,272.86
O0001833,C00007,2025-04-23,218.69
O0001834,C00001,2025-04-02,73.56
O0001835,C00024,2025-04-25,142.43
O0001836,C00064,2025-04-08,37.59
O0001837,C00011,2025-04-04,184.57
O0001838,C00003,2025-04-27,75.06
O0001839,C00038,2025-04-20,63.8
O0001840,C00001,2025-04-11,98.96
O0001841,C00049,2025-04-15,7.29
O0001842,C00001,2025-04-28,369.82
O0001843,C00019,2025-04-03,9.95
O0001844,C00019,2025-04-22,120.18
O0001845,C00001,2025-04-25,339.38
O0001846,C00088,2025-04-21,31.64
O0001847,C00030,2025-04-19,89.72
O0001848,C00042,2025-04-23,136.53
O0001849,C00001,2025-04-13,165.92
O0001850,C00001,2025-04-08,368.35
O0001851,C00026,2025-04-15,73.99
O0001852,C00086,2025-04-24,67.06
O0001853,C00001,2025-04-03,426.14
O0001854,C00056,2025-04-02,12.59
O0001855,C00003,2025-04-17,398.37
O0001856,C00117,2025-04-07,8.19
O0001857,C00091,2025-04-16,37.75
O0001858,C00019,2025-04-14,131.1
O0001859,C00002,2025-04-24,6.23
O0001860,C00001,2025-04-19,37.72
O0001861,C00001,2025-04-19,280.21
O0001862,C00001,2025-04-10,682.21
O0001863,C00002,2025-04-09,100.74
O0001864,C00032,2025-04-07,9.01
O0001865,C00053,2025-04-23,183.38
O0001866,C00002,2025-04-22,196.54
O0001867,C00061,2025-04-20,19.72
O0001868,C00001,2025-04-19,590.02
O0001869,C00013,2025-04-14,408.5
O0001870,C00047,2025-04-05,12.79
O0001871,C00001,2025-04-23,215.0
O0001872,C00086,2025-04-22,17.61
O0001873,C00001,2025-04-07,320.35
O0001874,C00019,2025-04-08,49.32
O0001875,C00006,2025-04-01,39.06
O0001876,C00001,2025-04-15,234.27
O0001877,C00001,2025-04-27,229.49
O0001878,C00001,2025-04-18,385.25
O0001879,C00064,2025-04-17,1.27
O0001880,C00001,2025-04-15,104.37
O0001881,C00073,2025-04-08,61.69
O0001882,C00001,2025-04-18,268.19
O0001883,C00001,2025-04-05,139.66
O0001884,C00037,2025-04-24,136.92
O0001885,C00005,2025-04-22,254.15
O0001886,C00001,2025-04-19,124.19
O0001887,C00001,2025-04-20,243.85
O0001888,C00076,2025-04-24,75.86
O0001889,C00038,2025-04-22,96.39
O0001890,C00002,2025-04-03,216.96
O0001891,C00001,2025-04-04,234.79
O0001892,C00044,2025-04-24,166.49
O0001893,C00002,2025-04-24,824.42
O0001894,C00001,2025-04-25,253.33
O0001895,C00001,2025-04-10,704.98
O0001896,C00016,2025-04-13,87.43
O0001897,C00002,2025-04-09,38.5
O0001898,C00011,2025-04-01,9.5
O0001899,C00065,2025-04-14,25.86
O0001900,C00104,2025-04-19,1.87
O0001901,C00112,2025-04-24,1.08
O0001902,C00001,2025-04-27,673.38
O0001903,C00105,2025-04-12,15.62
O0001904,C00029,2025-04-13,94.13
O0001905,C00001,2025-04-16,346.53
O0001906,C00019,2025-04-16,22.53
O0001907,C00001,2025-04-21,133.54
O0001908,C00001,2025-04-01,404.03
O0001909,C00002,2025-04-24,249.53
O0001910,C00120,2025-04-27,37.36
O0001911,C00006,2025-04-16,216.65
O0001912,C00054,2025-04-01,64.7
O0001913,C00023,2025-04-10,75.14
O0001914,C00009,2025-04-07,214.5
O0001915,C00004,2025-04-22,493.66
O0001916,C00011,2025-04-19,379.18
O0001917,C00092,2025-04-10,79.19
O0001918,C00018,2025-04-06,106.76
O0001919,C00007,2025-04-25,207.9
O0001920,C00001,2025-04-16,4.62
O0001921,C00001,2025-04-18,431.29
O0001922,C00103,2025-04-10,26.82
O0001923,C00002,2025-04-23,863.54
O0001924,C00050,2025-04-19,51.14
O0001925,C00004,2025-04-06,169.08
O0001926,C00080,2025-04-27,16.43
O0001927,C00016,2025-04-04,72.89
O0001928,C00003,2025-04-12,530.8
O0001929,C00002,2025-04-15,242.22
O0001930,C00026,2025-04-01,200.35
O0001931,C00001,2025-04-20,178.29
O0001932,C00004,2025-04-13,807.13
O0001933,C00023,2025-04-02,249.24
O0001934,C00062,2025-04-07,74.88
O0001935,C00080,2025-04-18,51.85
O0001936,C00047,2025-04-11,66.33
O0001937,C00001,2025-04-03,52.26
O0001938,C00001,2025-04-07,299.21
O0001939,C00005,2025-04-14,236.55
O0001940,C00054,2025-04-19,5.32
O0001941,C00093,2025-04-23,27.89
O0001942,C00012,2025-04-03,53.56
O0001943,C00001,2025-04-04,243.06
O0001944,C00001,2025-04-15,296.3
O0001945,C00010,2025-04-19,7.48
O0001946,C00001,2025-04-02,264.67
O0001947,C00100,2025-04-25,36.91
O0001948,C00002,2025-04-28,576.3
O0001949,C00007,2025-04-15,80.17
O0001950,C00065,2025-04-14,45.98
O0001951,C00001,2025-04-04,105.1
O0001952,C00005,2025-04-08,169.82
O0001953,C00001,2025-04-24,394.26
O0001954,C00004,2025-04-24,472.93
O0001955,C00078,2025-04-04,38.96
O0001956,C00008,2025-04-10,175.66
O0001957,C00001,2025-04-07,649.25
O0001958,C00005,2025-04-23,131.79
O0001959,C00001,2025-04-21,142.94
O0001960,C00091,2025-04-09,40.33
O0001961,C00004,2025-04-20,38.41
O0001962,C00042,2025-04-25,111.19
O0001963,C00002,2025-04-03,79.28
O0001964,C00005,2025-04-08,794.51
O0001965,C00001,2025-04-04,405.84
O0001966,C00014,2025-04-23,441.32
O0001967,C00010,2025-04-21,195.06
O0001968,C00013,2025-04-06,375.31
O0001969,C00106,2025-04-16,3.01
O0001970,C00031,2025-04-23,3.77
O0001971,C00036,2025-04-26,53.96
O0001972,C00057,2025-04-12,107.11
O0001973,C00052,2025-04-04,259.7
O0001974,C00002,2025-04-08,105.59
O0001975,C00001,2025-04-01,468.73
O0001976,C00001,2025-04-11,424.53
O0001977,C00014,2025-04-20,197.9
O0001978,C00004,2025-04-13,161.26
O0001979,C00120,2025-04-02,33.91
O0001980,C00100,2025-04-13,76.13
O0001981,C00006,2025-04-07,774.19
O0001982,C00052,2025-04-26,11.26
O0001983,C00022,2025-04-07,163.11
O0001984,C00001,2025-04-11,584.32
O0001985,C00056,2025-04-02,7.29
O0001986,C00008,2025-04-19,383.56
O0001987,C00092,2025-04-22,22.58
O0001988,C00022,2025-04-03,158.64
O0001989,C00004,2025-04-04,698.2
O0001990,C00001,2025-04-24,558.66
O0001991,C00004,2025-04-18,236.85
O0001992,C00001,2025-04-03,136.99
O0001993,C00001,2025-04-24,610.44
O0001994,C00006,2025-04-13,216.26
O0001995,C00001,2025-04-20,531.49
O0001996,C00005,2025-04-20,280.6
O0001997,C00017,2025-04-11,141.03
O0001998,C00038,2025-04-21,95.89
O0001999,C00110,2025-04-08,4.44
O0002000,C00066,2025-04-13,32.28
O0002001,C00001,2025-04-27,582.74
O0002002,C00008,2025-04-26,537.93
O0002003,C00119,2025-04-11,51.19
O0002004,C00116,2025-04-15,28.98
O0002005,C00001,2025-04-19,531.66
O0002006,C00117,2025-04-23,22.79
O0002007,C00001,2025-04-26,280.67
O0002008,C00011,2025-04-06,410.29
O0002009,C00002,2025-04-18,116.98
O0002010,C00001,2025-04-24,9.25
O0002011,C00013,2025-04-15,395.48
O0002012,C00001,2025-04-27,555.37
O0002013,C00032,2025-04-13,81.39
O0002014,C00084,2025-04-26,43.44
O0002015,C00021,2025-04-17,201.91
O0002016,C00014,2025-04-27,299.75
O0002017,C00045,2025-04-19,46.8
O0002018,C00001,2025-04-10,49.65
O0002019,C00114,2025-04-16,37.87
O0002020,C00055,2025-04-19,17.77
O0002021,C00001,2025-04-20,642.5
O0002022,C00015,2025-04-12,67.12
O0002023,C00081,2025-04-03,28.76
O0002024,C00046,2025-04-17,59.71
O0002025,C00002,2025-04-20,368.42
O0002026,C00001,2025-04-13,313.95
O0002027,C00040,2025-04-05,85.76
O0002028,C00001,2025-04-22,10.76
O0002029,C00018,2025-04-19,216.91
O0002030,C00002,2025-04-23,359.58
O0002031,C00007,2025-04-11,488.23
O0002032,C00056,2025-04-14,32.76
O0002033,C00001,2025-04-15,39.79
O0002034,C00011,2025-04-20,116.78
O0002035,C00034,2025-04-16,137.14
O0002036,C00001,2025-04-28,502.48
O0002037,C00001,2025-04-18,217.32
O0002038,C00017,2025-04-15,95.96
O0002039,C00074,2025-04-26,14.28
O0002040,C00002,2025-04-18,212.11
O0002041,C00002,2025-04-25,339.34
O0002042,C00021,2025-04-03,71.78
O0002043,C00020,2025-04-02,123.49
O0002044,C00024,2025-04-01,50.75
O0002045,C00046,2025-04-04,158.01
O0002046,C00088,2025-04-03,40.51
O0002047,C00040,2025-04-13,180.43
O0002048,C00025,2025-04-21,14.19
O0002049,C00014,2025-04-17,175.48
O0002050,C00001,2025-04-10,396.65
O0002051,C00001,2025-04-25,495.98
O0002052,C00005,2025-04-23,519.7
O0002053,C00013,2025-04-19,579.55
O0002054,C00105,2025-04-12,16.25
O0002055,C00001,2025-04-09,266.28
O0002056,C00001,2025-04-11,836.93
O0002057,C00050,2025-04-22,64.74
O0002058,C00065,2025-04-04,13.2
O0002059,C00119,2025-04-15,23.85
O0002060,C00001,2025-04-05,441.85
O0002061,C00001,2025-04-24,431.91
O0002062,C00042,2025-04-15,136.1
O0002063,C00091,2025-04-07,65.8
O0002064,C00001,2025-04-12,471.34
O0002065,C00001,2025-04-08,372.3
O0002066,C00042,2025-04-12,117.7
O0002067,C00004,2025-04-07,393.45
O0002068,C00002,2025-04-10,159.04
O0002069,C00013,2025-04-24,59.93
O0002070,C00037,2025-04-15,127.41
O0002071,C00002,2025-04-25,227.69
O0002072,C00082,2025-04-01,64.23
O0002073,C00048,2025-04-21,202.17
O0002074,C00002,2025-04-28,399.91
O0002075,C00001,2025-04-24,354.88
O0002076,C00065,2025-04-24,29.71
O0002077,C00005,2025-04-12,283.1
O0002078,C00002,2025-04-23,182.12
O0002079,C00058,2025-04-11,38.89
O0002080,C00001,2025-04-28,267.74
O0002081,C00001,2025-05-02,534.22
O0002082,C00099,2025-05-09,47.52
O0002083,C00004,2025-05-10,257.73
O0002084,C00046,2025-05-21,240.36
O0002085,C00058,2025-05-17,45.28
O0002086,C00045,2025-05-12,200.48
O0002087,C00046,2025-05-19,78.77
O0002088,C00086,2025-05-15,80.63
O0002089,C00022,2025-05-10,38.59
O0002090,C00014,2025-05-28,597.22
O0002091,C00119,2025-05-25,34.29
O0002092,C00001,2025-05-03,419.65
O0002093,C00001,2025-05-04,756.7
O0002094,C00042,2025-05-27,208.5
O0002095,C00009,2025-05-21,373.34
O0002096,C00005,2025-05-27,211.63
O0002097,C00005,2025-05-15,286.69
O0002098,C00009,2025-05-26,411.99
O0002099,C00009,2025-05-06,135.07
O0002100,C00001,2025-05-25,530.35
O0002101,C00039,2025-05-24,17.51
O0002102,C00018,2025-05-25,161.57
O0002103,C00001,2025-05-14,614.61
O0002104,C00017,2025-05-14,116.39
O0002105,C00001,2025-05-10,384.97
O0002106,C00044,2025-05-03,173.17
O0002107,C00018,2025-05-05,257.46
O0002108,C00017,2025-05-18,55.28
O0002109,C00005,2025-05-14,504.61
O0002110,C00074,2025-05-12,17.47
O0002111,C00097,2025-05-25,1.04
O0002112,C00087,2025-05-15,54.23
O0002113,C00009,2025-05-15,754.11
O0002114,C00016,2025-05-11,200.19
O0002115,C00059,2025-05-13,70.91
O0002116,C00002,2025-05-01,593.55
O0002117,C00001,2025-05-05,528.43
O0002118,C00005,2025-05-27,20.45
O0002119,C00001,2025-05-06,44.3
O0002120,C00010,2025-05-15,415.54
O0002121,C00001,2025-05-28,622.87
O0002122,C00006,2025-05-03,471.67
O0002123,C00048,2025-05-06,19.94
O0002124,C00003,2025-05-01,474.94
O0002125,C00001,2025-05-06,458.07
O0002126,C00001,2025-05-11,287.4
O0002127,C00001,2025-05-14,293.27
O0002128,C00001,2025-05-13,456.45
O0002129,C00001,2025-05-15,3.44
O0002130,C00015,2025-05-26,384.05
O0002131,C00002,2025-05-15,442.01
O0002132,C00001,2025-05-17,5.69
O0002133,C00006,2025-05-16,172.97
O0002134,C00001,2025-05-07,108.92
O0002135,C00001,2025-05-28,411.78
O0002136,C00001,2025-05-09,435.63
O0002137,C00012,2025-05-27,322.95
O0002138,C00101,2025-05-22,30.36
O0002139,C00010,2025-05-09,449.98
O0002140,C00003,2025-05-17,271.31
O0002141,C00001,2025-05-27,274.63
O0002142,C00001,2025-05-27,540.58
O0002143,C00009,2025-05-25,609.81
O0002144,C00002,2025-05-06,363.54
O0002145,C00055,2025-05-10,76.95
O0002146,C00022,2025-05-28,78.34
O0002147,C00010,2025-05-23,364.06
O0002148,C00056,2025-05-14,30.63
O0002149,C00083,2025-05-25,68.24
O0002150,C00069,2025-05-19,83.39
O0002151,C00001,2025-05-23,638.84
O0002152,C00096,2025-05-28,57.33
O0002153,C00037,2025-05-01,18.79
O0002154,C00001,2025-05-28,375.88
O0002155,C00089,2025-05-01,23.35
O0002156,C00005,2025-05-07,371.17
O0002157,C00001,2025-05-07,489.27
O0002158,C00005,2025-05-01,508.97
O0002159,C00001,2025-05-19,806.01
O0002160,C00107,2025-05-26,46.7
O0002161,C00003,2025-05-21,255.92
O0002162,C00001,2025-05-05,82.45
O0002163,C00004,2025-05-25,264.36
O0002164,C00001,2025-05-13,213.35
O0002165,C00106,2025-05-03,75.4
O0002166,C00002,2025-05-09,445.69
O0002167,C00003,2025-05-25,130.62
O0002168,C00079,2025-05-24,16.39
O0002169,C00087,2025-05-24,70.11
O0002170,C00071,2025-05-08,6.14
O0002171,C00001,2025-05-23,264.9
O0002172,C00006,2025-05-20,632.98
O0002173,C00002,2025-05-14,426.48
O0002174,C00005,2025-05-05,261.49
O0002175,C00001,2025-05-14,670.49
O0002176,C00006,2025-05-11,107.02
O0002177,C00001,2025-05-08,204.97
O0002178,C00117,2025-05-28,32.75
O0002179,C00005,2025-05-25,320.91
O0002180,C00079,2025-05-14,24.51
O0002181,C00044,2025-05-24,8.68
O0002182,C00115,2025-05-28,42.48
O0002183,C00043,2025-05-10,133.82
O0002184,C00001,2025-05-22,303.31
O0002185,C00044,2025-05-02,131.89
O0002186,C00002,2025-05-01,277.16
O0002187,C00012,2025-05-25,429.72
O0002188,C00001,2025-05-18,294.98
O0002189,C00021,2025-05-07,34.74
O0002190,C00054,2025-05-22,95.22
O0002191,C00009,2025-05-15,170.52
O0002192,C00001,2025-05-21,57.26
O0002193,C00022,2025-05-26,57.95
O0002194,C00033,2025-05-02,9.34
O0002195,C00002,2025-05-01,437.51
O0002196,C00004,2025-05-08,683.15
O0002197,C00014,2025-05-27,65.54
O0002198,C00001,2025-05-12,394.08
O0002199,C00030,2025-05-17,221.16
O0002200,C00001,2025-05-06,323.16
O0002201,C00087,2025-05-02,64.88
O0002202,C00025,2025-05-04,46.28
O0002203,C00013,2025-05-14,431.35
O0002204,C00002,2025-05-06,29.1
O0002205,C00087,2025-05-01,20.4
O0002206,C00059,2025-05-09,57.99
O0002207,C00054,2025-05-07,2.73
O0002208,C00110,2025-05-14,16.16
O0002209,C00029,2025-05-09,1.57
O0002210,C00001,2025-05-07,558.59
O0002211,C00111,2025-05-11,28.71
O0002212,C00001,2025-05-27,20.57
O0002213,C00026,2025-05-25,176.84
O0002214,C00003,2025-05-09,416.38
O0002215,C00001,2025-05-14,42.43
O0002216,C00028,2025-05-16,149.82
O0002217,C00006,2025-05-21,252.2
O0002218,C00064,2025-05-09,18.61
O0002219,C00029,2025-05-11,82.99
O0002220,C00001,2025-05-18,45.49
O0002221,C00004,2025-05-28,110.35
O0002222,C00001,2025-05-21,182.42
O0002223,C00001,2025-05-15,439.18
O0002224,C00013,2025-05-08,125.67
O0002225,C00001,2025-05-26,624.67
O0002226,C00013,2025-05-18,194.1
O0002227,C00016,2025-05-10,117.8
O0002228,C00055,2025-05-14,20.69
O0002229,C00011,2025-05-21,501.23
O0002230,C00023,2025-05-15,1.81
O0002231,C00046,2025-05-12,129.91
O0002232,C00001,2025-05-20,456.25
O0002233,C00001,2025-05-01,656.27
O0002234,C00002,2025-05-28,354.31
O0002235,C00052,2025-05-21,133.55
O0002236,C00001,2025-05-20,720.38
O0002237,C00008,2025-05-11,380.75
O0002238,C00001,2025-05-08,335.06
O0002239,C00017,2025-05-10,132.18
O0002240,C00005,2025-05-19,33.57
O0002241,C00002,2025-05-12,185.86
O0002242,C00042,2025-05-10,159.85
O0002243,C00004,2025-05-03,401.41
O0002244,C00031,2025-05-12,87.66
O0002245,C00056,2025-05-21,0.91
O0002246,C00007,2025-05-15,269.03
O0002247,C00066,2025-05-27,41.49
O0002248,C00040,2025-05-05,77.03
O0002249,C00059,2025-05-22,0.66
O0002250,C00032,2025-05-14,104.28
O0002251,C00010,2025-05-22,294.56
O0002252,C00059,2025-05-05,36.68
O0002253,C00001,2025-05-15,58.63
O0002254,C00001,2025-05-18,127.09
O0002255,C00037,2025-05-22,183.16
O0002256,C00002,2025-05-28,393.15
O0002257,C00001,2025-05-21,74.56
O0002258,C00042,2025-05-24,128.4
O0002259,C00001,2025-05-21,123.38
O0002260,C00003,2025-05-13,533.15
O0002261,C00002,2025-05-03,627.23
O0002262,C00017,2025-05-02,161.76
O0002263,C00070,2025-05-04,46.9
O0002264,C00033,2025-05-16,3.92
O0002265,C00103,2025-05-21,21.79
O0002266,C00023,2025-05-28,124.37
O0002267,C00081,2025-05-09,14.18
O0002268,C00007,2025-05-02,383.82
O0002269,C00029,2025-05-10,205.75
O0002270,C00004,2025-05-18,251.16
O0002271,C00004,2025-05-25,10.56
O0002272,C00035,2025-05-02,62.38
O0002273,C00001,2025-05-05,124.58
O0002274,C00001,2025-05-08,284.0
O0002275,C00004,2025-05-17,213.71
O0002276,C00048,2025-05-10,11.77
O0002277,C00080,2025-05-09,9.3
O0002278,C00004,2025-05-23,251.66
O0002279,C00059,2025-05-17,25.41
O0002280,C00008,2025-05-16,122.76
O0002281,C00001,2025-05-17,561.04
O0002282,C00034,2025-05-20,39.37
O0002283,C00019,2025-05-04,2.68
O0002284,C00007,2025-05-14,691.84
O0002285,C00002,2025-05-20,207.95
O0002286,C00001,2025-05-21,85.1
O0002287,C00054,2025-05-28,236.56
O0002288,C00059,2025-05-07,35.23
O0002289,C00016,2025-05-09,206.19
O0002290,C00007,2025-05-02,518.39
O0002291,C00066,2025-05-17,57.9
O0002292,C00001,2025-05-05,399.79
O0002293,C00017,2025-05-28,48.03
O0002294,C00001,2025-05-05,336.63
O0002295,C00021,2025-05-08,82.26
O0002296,C00040,2025-05-20,31.69
O0002297,C00107,2025-05-16,23.73
O0002298,C00001,2025-05-06,84.08
O0002299,C00026,2025-05-27,178.94
O0002300,C00017,2025-05-17,120.55
O0002301,C00001,2025-05-11,614.67
O0002302,C00002,2025-05-20,414.9
O0002303,C00001,2025-05-27,423.96
O0002304,C00061,2025-05-10,28.59
O0002305,C00110,2025-05-15,6.53
O0002306,C00066,2025-05-28,36.37
O0002307,C00002,2025-05-23,188.14
O0002308,C00003,2025-05-25,4.97
O0002309,C00001,2025-05-03,335.32
O0002310,C00012,2025-05-08,389.92
O0002311,C00019,2025-05-01,117.04
O0002312,C00014,2025-05-23,778.03
O0002313,C00014,2025-05-02,153.91
O0002314,C00001,2025-05-26,562.31
O0002315,C00005,2025-05-04,957.1
O0002316,C00001,2025-05-12,180.39
O0002317,C00059,2025-05-15,53.96
O0002318,C00003,2025-05-03,527.7
O0002319,C00001,2025-05-06,163.13
O0002320,C00115,2025-05-09,52.95
O0002321,C00017,2025-05-28,138.56
O0002322,C00028,2025-05-02,116.95
O0002323,C00001,2025-05-20,421.2
O0002324,C00016,2025-05-17,151.78
O0002325,C00001,2025-05-14,428.07
O0002326,C00001,2025-05-08,7.34
O0002327,C00092,2025-05-25,44.96
O0002328,C00089,2025-05-10,7.57
O0002329,C00045,2025-05-10,100.21
O0002330,C00002,2025-05-28,393.83
O0002331,C00003,2025-05-06,260.06
O0002332,C00006,2025-05-05,93.75
O0002333,C00052,2025-05-10,60.9
O0002334,C00030,2025-05-12,6.54
O0002335,C00002,2025-05-28,267.32
O0002336,C00001,2025-05-12,222.14
O0002337,C00024,2025-05-06,168.66
O0002338,C00003,2025-05-02,371.29
O0002339,C00003,2025-05-25,213.43
O0002340,C00001,2025-05-01,231.77
O0002341,C00004,2025-06-23,31.51
O0002342,C00091,2025-06-05,61.87
O0002343,C00002,2025-06-07,354.0
O0002344,C00106,2025-06-10,63.69
O0002345,C00036,2025-06-07,147.14
O0002346,C00001,2025-06-27,15.82
O0002347,C00017,2025-06-19,279.35
O0002348,C00028,2025-06-14,194.15
O0002349,C00070,2025-06-26,51.93
O0002350,C00059,2025-06-10,14.38
O0002351,C00007,2025-06-12,283.91
O0002352,C00013,2025-06-19,652.52
O0002353,C00024,2025-06-21,60.29
O0002354,C00105,2025-06-02,1.05
O0002355,C00100,2025-06-05,14.43
O0002356,C00001,2025-06-13,225.43
O0002357,C00002,2025-06-19,366.73
O0002358,C00077,2025-06-12,65.51
O0002359,C00002,2025-06-12,330.59
O0002360,C00100,2025-06-05,48.01
O0002361,C00021,2025-06-04,202.45
O0002362,C00016,2025-06-27,133.47
O0002363,C00004,2025-06-23,204.9
O0002364,C00009,2025-06-07,184.94
O0002365,C00013,2025-06-19,83.97
O0002366,C00002,2025-06-09,357.38
O0002367,C00044,2025-06-24,177.18
O0002368,C00032,2025-06-09,136.15
O0002369,C00005,2025-06-06,357.09
O0002370,C00013,2025-06-07,710.95
O0002371,C00061,2025-06-26,6.9
O0002372,C00027,2025-06-06,37.96
O0002373,C00001,2025-06-13,402.31
O0002374,C00087,2025-06-25,64.2
O0002375,C00001,2025-06-09,768.23
O0002376,C00112,2025-06-14,41.9
O0002377,C00074,2025-06-22,7.16
O0002378,C00027,2025-06-07,223.21
O0002379,C00011,2025-06-24,834.46
O0002380,C00001,2025-06-13,328.26
O0002381,C00057,2025-06-26,0.61
O0002382,C00014,2025-06-08,9.92
O0002383,C00019,2025-06-17,153.21
O0002384,C00002,2025-06-04,345.02
O0002385,C00049,2025-06-21,115.59
O0002386,C00002,2025-06-16,279.02
O0002387,C00005,2025-06-05,423.27
O0002388,C00013,2025-06-23,485.73
O0002389,C00036,2025-06-13,5.93
O0002390,C00001,2025-06-14,360.66
O0002391,C00032,2025-06-18,219.79
O0002392,C00001,2025-06-15,196.14
O0002393,C00051,2025-06-21,261.92
O0002394,C00001,2025-06-13,34.52
O0002395,C00001,2025-06-19,211.55
O0002396,C00057,2025-06-24,63.9
O0002397,C00014,2025-06-15,297.28
O0002398,C00001,2025-06-18,309.74
O0002399,C00054,2025-06-24,65.23
O0002400,C00018,2025-06-20,199.82
O0002401,C00030,2025-06-03,3.97
O0002402,C00001,2025-06-04,239.3
O0002403,C00001,2025-06-15,58.09
O0002404,C00003,2025-06-12,169.72
O0002405,C00022,2025-06-05,112.72
O0002406,C00004,2025-06-05,221.01
O0002407,C00001,2025-06-26,591.81
O0002408,C00088,2025-06-12,25.01
O0002409,C00001,2025-06-08,315.51
O0002410,C00002,2025-06-05,135.89
O0002411,C00004,2025-06-14,392.51
O0002412,C00018,2025-06-25,80.41
O0002413,C00004,2025-06-19,265.86
O0002414,C00039,2025-06-15,14.74
O0002415,C00097,2025-06-25,53.36
O0002416,C00001,2025-06-28,518.74
O0002417,C00007,2025-06-03,184.47
O0002418,C00001,2025-06-15,194.3
O0002419,C00001,2025-06-01,211.54
O0002420,C00014,2025-06-27,215.78
O0002421,C00095,2025-06-14,42.41
O0002422,C00001,2025-06-22,52.21
O0002423,C00036,2025-06-11,267.54
O0002424,C00049,2025-06-08,81.45
O0002425,C00001,2025-06-18,339.76
O0002426,C00005,2025-06-07,403.77
O0002427,C00029,2025-06-27,70.99
O0002428,C00033,2025-06-05,95.41
O0002429,C00048,2025-06-06,112.01
O0002430,C00001,2025-06-15,313.22
O0002431,C00001,2025-06-06,712.14
O0002432,C00001,2025-06-23,783.86
O0002433,C00001,2025-06-05,70.7
O0002434,C00001,2025-06-10,367.96
O0002435,C00007,2025-06-17,54.56
O0002436,C00006,2025-06-23,324.97
O0002437,C00061,2025-06-15,22.49
O0002438,C00001,2025-06-26,417.48
O0002439,C00080,2025-06-17,15.47
O0002440,C00067,2025-06-03,43.3
O0002441,C00001,2025-06-23,258.54
O0002442,C00030,2025-06-05,10.1
O0002443,C00043,2025-06-07,136.55
O0002444,C00002,2025-06-21,183.06
O0002445,C00018,2025-06-12,154.91
O0002446,C00001,2025-06-27,34.83
O0002447,C00014,2025-06-01,374.61
O0002448,C00004,2025-06-15,502.59
O0002449,C00002,2025-06-28,212.08
O0002450,C00032,2025-06-20,142.2
O0002451,C00001,2025-06-16,849.81
O0002452,C00001,2025-06-14,182.03
O0002453,C00093,2025-06-20,38.84
O0002454,C00002,2025-06-01,1048.87
O0002455,C00029,2025-06-24,8.88
O0002456,C00099,2025-06-01,1.75
O0002457,C00024,2025-06-22,27.27
O0002458,C00040,2025-06-06,337.87
O0002459,C00001,2025-06-01,259.75
O0002460,C00065,2025-06-23,90.04
O0002461,C00001,2025-06-10,474.49
O0002462,C00008,2025-06-16,447.3
O0002463,C00003,2025-06-11,168.64
O0002464,C00012,2025-06-16,361.2
O0002465,C00062,2025-06-03,1.56
O0002466,C00001,2025-06-26,183.3
O0002467,C00079,2025-06-16,43.55
O0002468,C00097,2025-06-17,75.02
O0002469,C00006,2025-06-25,214.29
O0002470,C00003,2025-06-21,8.36
O0002471,C00003,2025-06-08,578.38
O0002472,C00003,2025-06-15,226.65
O0002473,C00001,2025-06-12,475.76
O0002474,C00010,2025-06-27,263.83
O0002475,C00001,2025-06-08,547.27
O0002476,C00039,2025-06-08,137.89
O0002477,C00005,2025-06-01,410.43
O0002478,C00003,2025-06-04,282.19
O0002479,C00001,2025-06-09,87.76
O0002480,C00017,2025-06-28,34.76
O0002481,C00035,2025-06-06,52.42
O0002482,C00009,2025-06-13,183.16
O0002483,C00001,2025-06-06,176.15
O0002484,C00002,2025-06-25,389.82
O0002485,C00041,2025-06-23,96.23
O0002486,C00070,2025-06-03,62.75
O0002487,C00060,2025-06-16,11.61
O0002488,C00003,2025-06-08,272.37
O0002489,C00025,2025-06-28,6.22
O0002490,C00031,2025-06-18,22.14
O0002491,C00015,2025-06-01,436.56
O0002492,C00053,2025-06-05,100.58
O0002493,C00019,2025-06-14,54.24
O0002494,C00043,2025-06-17,189.39
O0002495,C00009,2025-06-22,100.71
O0002496,C00103,2025-06-03,26.64
O0002497,C00018,2025-06-27,268.57
O0002498,C00070,2025-06-04,27.55
O0002499,C00041,2025-06-27,93.06
O0002500,C00001,2025-06-26,319.03
O0002501,C00057,2025-06-19,41.11
O0002502,C00080,2025-06-08,60.8
O0002503,C00088,2025-06-01,39.96
O0002504,C00112,2025-06-05,116.09
O0002505,C00050,2025-06-08,222.87
O0002506,C00079,2025-06-22,21.44
O0002507,C00010,2025-06-22,69.26
O0002508,C00113,2025-06-09,24.79
O0002509,C00062,2025-06-28,69.37
O0002510,C00033,2025-06-10,68.15
O0002511,C00031,2025-06-25,89.1
O0002512,C00027,2025-06-21,230.38
O0002513,C00002,2025-06-12,11.06
O0002514,C00002,2025-06-26,690.94
O0002515,C00015,2025-06-15,386.12
O0002516,C00047,2025-06-18,122.86
O0002517,C00055,2025-06-24,44.61
O0002518,C00015,2025-06-26,7.96
O0002519,C00001,2025-06-21,365.71
O0002520,C00016,2025-06-27,68.16
O0002521,C00001,2025-06-27,202.18
O0002522,C00056,2025-06-08,20.61
O0002523,C00016,2025-06-18,57.73
O0002524,C00045,2025-06-19,43.04
O0002525,C00060,2025-06-28,17.83
O0002526,C00071,2025-06-07,7.17
O0002527,C00016,2025-06-27,223.71
O0002528,C00003,2025-06-28,230.75
O0002529,C00023,2025-06-15,106.4
O0002530,C00059,2025-06-16,56.54
O0002531,C00001,2025-06-10,865.03
O0002532,C00058,2025-06-28,74.29
O0002533,C00080,2025-06-23,17.72
O0002534,C00003,2025-06-08,98.11
O0002535,C00025,2025-06-19,45.71
O0002536,C00001,2025-06-11,222.53
O0002537,C00071,2025-06-09,50.66
O0002538,C00007,2025-06-19,168.13
O0002539,C00001,2025-06-25,546.2
O0002540,C00005,2025-06-26,263.96
O0002541,C00002,2025-06-09,41.55
O0002542,C00001,2025-06-02,231.92
O0002543,C00001,2025-06-04,306.35
O0002544,C00002,2025-06-23,397.59
O0002545,C00012,2025-06-27,337.54
O0002546,C00099,2025-06-08,76.72
O0002547,C00001,2025-06-11,523.63
O0002548,C00055,2025-06-15,56.18
O0002549,C00026,2025-06-06,377.66
O0002550,C00001,2025-06-07,155.47
O0002551,C00001,2025-06-20,581.19
O0002552,C00002,2025-06-19,166.63
O0002553,C00048,2025-06-06,31.3
O0002554,C00009,2025-06-14,27.82
O0002555,C00008,2025-06-28,844.43
O0002556,C00008,2025-06-25,204.89
O0002557,C00035,2025-06-06,84.04
O0002558,C00011,2025-06-14,170.1
O0002559,C00017,2025-06-01,165.13
O0002560,C00113,2025-06-16,15.12
O0002561,C00009,2025-06-03,239.86
O0002562,C00053,2025-06-19,150.34
O0002563,C00024,2025-06-15,45.4
O0002564,C00001,2025-06-19,514.08
O0002565,C00011,2025-06-09,471.2
O0002566,C00008,2025-06-03,756.81
O0002567,C00011,2025-06-14,69.31
O0002568,C00045,2025-06-09,71.4
O0002569,C00002,2025-06-25,490.64
O0002570,C00024,2025-06-02,18.35
O0002571,C00003,2025-06-16,160.29
O0002572,C00001,2025-06-19,516.81
O0002573,C00001,2025-06-11,156.68
O0002574,C00013,2025-06-06,175.78
O0002575,C00042,2025-06-15,78.85
O0002576,C00015,2025-06-13,533.02
O0002577,C00038,2025-06-22,13.65
O0002578,C00010,2025-06-17,294.87
O0002579,C00116,2025-06-23,44.16
O0002580,C00021,2025-06-25,112.07
O0002581,C00048,2025-06-12,258.0
O0002582,C00018,2025-06-13,19.51
O0002583,C00004,2025-06-22,171.44
O0002584,C00055,2025-06-26,7.64
O0002585,C00065,2025-06-27,17.72
O0002586,C00001,2025-06-03,168.48
O0002587,C00011,2025-06-05,901.75
O0002588,C00009,2025-06-03,387.85
O0002589,C00011,2025-06-22,567.83
O0002590,C00019,2025-06-20,99.4
O0002591,C00001,2025-06-25,1148.35
O0002592,C00001,2025-06-27,171.04
O0002593,C00002,2025-06-20,237.03
O0002594,C00002,2025-06-17,661.04
O0002595,C00048,2025-06-03,272.47
O0002596,C00002,2025-06-21,499.28
O0002597,C00001,2025-06-18,764.65
O0002598,C00051,2025-06-15,107.23
O0002599,C00004,2025-06-07,536.1
O0002600,C00034,2025-06-22,118.77
O0002601,C00048,2025-07-02,11.75
O0002602,C00018,2025-07-09,191.46
O0002603,C00086,2025-07-23,65.92
O0002604,C00002,2025-07-08,186.63
O0002605,C00005,2025-07-07,488.67
O0002606,C00101,2025-07-16,3.33
O0002607,C00002,2025-07-02,218.69
O0002608,C00005,2025-07-28,195.36
O0002609,C00004,2025-07-07,265.69
O0002610,C00091,2025-07-10,1.32
O0002611,C00001,2025-07-19,160.6
O0002612,C00003,2025-07-12,262.52
O0002613,C00109,2025-07-12,26.94
O0002614,C00001,2025-07-14,291.99
O0002615,C00065,2025-07-07,8.12
O0002616,C00029,2025-07-10,2.94
O0002617,C00041,2025-07-16,105.97
O0002618,C00004,2025-07-15,833.04
O0002619,C00001,2025-07-02,379.15
O0002620,C00001,2025-07-18,645.4
O0002621,C00094,2025-07-20,39.55
O0002622,C00015,2025-07-03,521.29
O0002623,C00002,2025-07-05,412.51
O0002624,C00001,2025-07-22,571.25
O0002625,C00004,2025-07-22,349.92
O0002626,C00028,2025-07-05,84.58
O0002627,C00021,2025-07-19,41.79
O0002628,C00076,2025-07-05,6.57
O0002629,C00004,2025-07-02,1009.86
O0002630,C00001,2025-07-21,316.0
O0002631,C00019,2025-07-08,3.3
O0002632,C00002,2025-07-27,1165.8
O0002633,C00045,2025-07-12,3.4
O0002634,C00001,2025-07-02,585.13
O0002635,C00032,2025-07-18,66.94
O0002636,C00001,2025-07-12,1012.08
O0002637,C00054,2025-07-01,125.6
O0002638,C00001,2025-07-08,135.49
O0002639,C00020,2025-07-10,167.84
O0002640,C00055,2025-07-13,71.41
O0002641,C00055,2025-07-04,21.63
O0002642,C00070,2025-07-09,26.29
O0002643,C00001,2025-07-05,274.54
O0002644,C00113,2025-07-11,56.71
O0002645,C00059,2025-07-10,51.5
O0002646,C00010,2025-07-06,260.82
O0002647,C00024,2025-07-05,195.0
O0002648,C00033,2025-07-08,90.62
O0002649,C00102,2025-07-08,38.71
O0002650,C00001,2025-07-03,195.68
O0002651,C00002,2025-07-13,158.79
O0002652,C00020,2025-07-07,57.13
O0002653,C00119,2025-07-06,28.21
O0002654,C00016,2025-07-18,2.39
O0002655,C00001,2025-07-14,252.53
O0002656,C00001,2025-07-13,273.1
O0002657,C00001,2025-07-21,164.54
O0002658,C00001,2025-07-28,353.27
O0002659,C00004,2025-07-06,234.13
O0002660,C00016,2025-07-07,188.46
O0002661,C00013,2025-07-13,188.28
O0002662,C00058,2025-07-15,62.45
O0002663,C00013,2025-07-28,221.84
O0002664,C00034,2025-07-11,156.09
O0002665,C00001,2025-07-28,254.12
O0002666,C00044,2025-07-03,138.49
O0002667,C00068,2025-07-04,24.52
O0002668,C00015,2025-07-21,637.71
O0002669,C00077,2025-07-22,26.08
O0002670,C00001,2025-07-08,696.12
O0002671,C00002,2025-07-14,722.55
O0002672,C00002,2025-07-21,58.65
O0002673,C00077,2025-07-08,39.22
O0002674,C00017,2025-07-10,38.08
O0002675,C00001,2025-07-28,651.11
O0002676,C00069,2025-07-04,27.52
O0002677,C00107,2025-07-18,3.59
O0002678,C00026,2025-07-09,92.6
O0002679,C00038,2025-07-01,38.27
O0002680,C00001,2025-07-01,235.86
O0002681,C00005,2025-07-21,591.17
O0002682,C00035,2025-07-17,241.95
O0002683,C00007,2025-07-19,582.53
O0002684,C00024,2025-07-06,194.61
O0002685,C00020,2025-07-18,47.46
O0002686,C00002,2025-07-21,303.81
O0002687,C00015,2025-07-12,403.31
O0002688,C00002,2025-07-12,608.57
O0002689,C00001,2025-07-18,489.93
O0002690,C00001,2025-07-10,261.31
O0002691,C00001,2025-07-21,207.47
O0002692,C00014,2025-07-28,460.63
O0002693,C00111,2025-07-24,46.6
O0002694,C00012,2025-07-15,743.04
O0002695,C00118,2025-07-19,85.1
O0002696,C00034,2025-07-21,19.86
O0002697,C00001,2025-07-12,349.25
O0002698,C00004,2025-07-26,732.48
O0002699,C00021,2025-07-05,140.4
O0002700,C00093,2025-07-22,43.84
O0002701,C00001,2025-07-22,687.2
O0002702,C00052,2025-07-18,140.71
O0002703,C00017,2025-07-05,226.63
O0002704,C00001,2025-07-25,436.58
O0002705,C00039,2025-07-05,109.21
O0002706,C00001,2025-07-12,478.17
O0002707,C00015,2025-07-24,94.86
O0002708,C00014,2025-07-16,57.93
O0002709,C00065,2025-07-02,36.74
O0002710,C00002,2025-07-05,89.61
O0002711,C00034,2025-07-24,202.28
O0002712,C00038,2025-07-09,189.8
O0002713,C00022,2025-07-16,72.53
O0002714,C00072,2025-07-05,53.58
O0002715,C00001,2025-07-12,378.5
O0002716,C00038,2025-07-28,200.79
O0002717,C00001,2025-07-06,170.64
O0002718,C00006,2025-07-17,538.58
O0002719,C00048,2025-07-15,76.16
O0002720,C00001,2025-07-25,107.52
O0002721,C00079,2025-07-11,6.2
O0002722,C00005,2025-07-13,156.57
O0002723,C00001,2025-07-21,216.17
O0002724,C00001,2025-07-17,148.79
O0002725,C00025,2025-07-20,76.92
O0002726,C00032,2025-07-05,271.6
O0002727,C00029,2025-07-02,69.98
O0002728,C00001,2025-07-24,109.61
O0002729,C00001,2025-07-27,161.38
O0002730,C00011,2025-07-12,442.51
O0002731,C00010,2025-07-27,54.34
O0002732,C00004,2025-07-02,595.43
O0002733,C00001,2025-07-20,454.77
O0002734,C00023,2025-07-05,119.86
O0002735,C00015,2025-07-04,398.73
O0002736,C00004,2025-07-09,258.92
O0002737,C00001,2025-07-10,49.73
O0002738,C00004,2025-07-04,7.72
O0002739,C00034,2025-07-16,3.35
O0002740,C00001,2025-07-27,316.53
O0002741,C00077,2025-07-22,54.66
O0002742,C00013,2025-07-23,161.59
O0002743,C00003,2025-07-02,199.46
O0002744,C00001,2025-07-28,325.61
O0002745,C00001,2025-07-25,498.78
O0002746,C00001,2025-07-10,180.14
O0002747,C00002,2025-07-27,447.7
O0002748,C00004,2025-07-08,645.17
O0002749,C00058,2025-07-16,41.3
O0002750,C00001,2025-07-13,399.69
O0002751,C00001,2025-07-06,236.56
O0002752,C00024,2025-07-10,192.19
O0002753,C00001,2025-07-20,324.94
O0002754,C00010,2025-07-18,341.0
O0002755,C00034,2025-07-13,182.05
O0002756,C00002,2025-07-05,699.38
O0002757,C00041,2025-07-07,75.15
O0002758,C00001,2025-07-17,239.96
O0002759,C00003,2025-07-11,23.85
O0002760,C00002,2025-07-18,451.57
O0002761,C00001,2025-07-04,385.05
O0002762,C00021,2025-07-04,282.16
O0002763,C00018,2025-07-17,7.75
O0002764,C00005,2025-07-10,472.05
O0002765,C00019,2025-07-28,86.61
O0002766,C00015,2025-07-21,351.19
O0002767,C00029,2025-07-18,212.81
O0002768,C00001,2025-07-23,170.92
O0002769,C00002,2025-07-17,38.18
O0002770,C00010,2025-07-19,12.19
O0002771,C00005,2025-07-01,314.5
O0002772,C00002,2025-07-21,46.5
O0002773,C00001,2025-07-04,755.54
O0002774,C00001,2025-07-05,158.29
O0002775,C00040,2025-07-22,36.69
O0002776,C00001,2025-07-09,952.73
O0002777,C00007,2025-07-18,157.96
O0002778,C00012,2025-07-28,283.71
O0002779,C00001,2025-07-24,14.36
O0002780,C00031,2025-07-15,255.51
O0002781,C00010,2025-07-05,524.27
O0002782,C00001,2025-07-16,413.24
O0002783,C00080,2025-07-11,18.47
O0002784,C00017,2025-07-25,153.34
O0002785,C00001,2025-07-21,334.76
O0002786,C00095,2025-07-26,44.35
O0002787,C00001,2025-07-05,601.04
O0002788,C00001,2025-07-08,195.96
O0002789,C00001,2025-07-21,324.98
O0002790,C00001,2025-07-12,5.51
O0002791,C00090,2025-07-22,57.03
O0002792,C00005,2025-07-24,258.96
O0002793,C00082,2025-07-12,41.58
O0002794,C00032,2025-07-17,145.5
O0002795,C00043,2025-07-03,137.05
O0002796,C00021,2025-07-04,118.49
O0002797,C00001,2025-07-07,22.86
O0002798,C00016,2025-07-20,8.94
O0002799,C00002,2025-07-13,137.53
O0002800,C00096,2025-07-08,36.99
O0002801,C00025,2025-07-07,135.65
O0002802,C00061,2025-07-14,10.19
O0002803,C00006,2025-07-03,594.9
O0002804,C00005,2025-07-04,42.4
O0002805,C00007,2025-07-22,477.81
O0002806,C00010,2025-07-02,192.0
O0002807,C00003,2025-07-15,261.13
O0002808,C00001,2025-07-27,61.4
O0002809,C00029,2025-07-05,171.95
O0002810,C00009,2025-07-11,281.15
O0002811,C00002,2025-07-28,36.98
O0002812,C00111,2025-07-24,93.61
O0002813,C00064,2025-07-06,20.06
O0002814,C00031,2025-07-23,208.49
O0002815,C00058,2025-07-12,41.28
O0002816,C00024,2025-07-18,212.43
O0002817,C00022,2025-07-09,19.78
O0002818,C00001,2025-07-19,316.05
O0002819,C00001,2025-07-25,266.88
O0002820,C00004,2025-07-24,536.79
O0002821,C00001,2025-07-11,177.12
O0002822,C00001,2025-07-05,11.26
O0002823,C00004,2025-07-11,10.6
O0002824,C00007,2025-07-17,4.08
O0002825,C00001,2025-07-04,506.12
O0002826,C00002,2025-07-28,620.67
O0002827,C00020,2025-07-08,77.68
O0002828,C00056,2025-07-03,44.74
O0002829,C00016,2025-07-13,326.82
O0002830,C00012,2025-07-16,947.11
O0002831,C00001,2025-07-17,624.01
O0002832,C00007,2025-07-28,789.02
O0002833,C00001,2025-07-28,142.41
O0002834,C00005,2025-07-04,569.37
O0002835,C00090,2025-07-25,53.51
O0002836,C00057,2025-07-05,16.42
O0002837,C00004,2025-07-27,257.42
O0002838,C00035,2025-07-24,34.72
O0002839,C00008,2025-07-12,5.29
O0002840,C00025,2025-07-18,27.66
O0002841,C00072,2025-07-25,32.28
O0002842,C00035,2025-07-07,257.61
O0002843,C00024,2025-07-25,176.47
O0002844,C00001,2025-07-16,556.54
O0002845,C00001,2025-07-24,205.49
O0002846,C00012,2025-07-09,158.72
O0002847,C00001,2025-07-21,25.57
O0002848,C00002,2025-07-17,69.77
O0002849,C00011,2025-07-19,536.55
O0002850,C00001,2025-07-20,391.57
O0002851,C00001,2025-07-03,71.04
O0002852,C00001,2025-07-14,196.17
O0002853,C00010,2025-07-06,939.43
O0002854,C00001,2025-07-25,419.51
O0002855,C00002,2025-07-27,574.89
O0002856,C00001,2025-07-07,580.27
O0002857,C00011,2025-07-19,383.32
O0002858,C00106,2025-07-26,20.52
O0002859,C00054,2025-07-05,116.33
O0002860,C00058,2025-07-12,45.87
O0002861,C00079,2025-08-17,3.67
O0002862,C00010,2025-08-09,156.26
O0002863,C00001,2025-08-06,505.39
O0002864,C00019,2025-08-10,1.79
O0002865,C00015,2025-08-15,134.82
O0002866,C00003,2025-08-12,51.37
O0002867,C00106,2025-08-13,28.47
O0002868,C00057,2025-08-12,58.65
O0002869,C00002,2025-08-01,608.38
O0002870,C00079,2025-08-09,31.12
O0002871,C00002,2025-08-28,419.83
O0002872,C00047,2025-08-06,213.94
O0002873,C00015,2025-08-13,296.66
O0002874,C00001,2025-08-24,739.96
O0002875,C00085,2025-08-02,0.48
O0002876,C00026,2025-08-28,272.12
O0002877,C00002,2025-08-10,156.26
O0002878,C00002,2025-08-03,475.52
O0002879,C00014,2025-08-13,265.96
O0002880,C00020,2025-08-27,181.61
O0002881,C00117,2025-08-26,48.24
O0002882,C00069,2025-08-07,50.02
O0002883,C00101,2025-08-27,56.43
O0002884,C00012,2025-08-12,343.76
O0002885,C00004,2025-08-18,310.0
O0002886,C00061,2025-08-26,46.97
O0002887,C00003,2025-08-08,135.28
O0002888,C00003,2025-08-15,33.3
O0002889,C00001,2025-08-22,367.24
O0002890,C00009,2025-08-08,487.74
O0002891,C00012,2025-08-18,14.89
O0002892,C00028,2025-08-02,133.95
O0002893,C00035,2025-08-23,102.94
O0002894,C00014,2025-08-27,446.92
O0002895,C00060,2025-08-16,82.26
O0002896,C00003,2025-08-27,917.26
O0002897,C00023,2025-08-27,175.6
O0002898,C00026,2025-08-21,94.44
O0002899,C00001,2025-08-08,561.21
O0002900,C00097,2025-08-16,43.42
O0002901,C00001,2025-08-24,441.74
O0002902,C00001,2025-08-02,165.45
O0002903,C00047,2025-08-08,19.28
O0002904,C00010,2025-08-11,295.05
O0002905,C00003,2025-08-20,508.7
O0002906,C00057,2025-08-07,40.36
O0002907,C00001,2025-08-04,30.67
O0002908,C00005,2025-08-19,482.44
O0002909,C00002,2025-08-05,121.23
O0002910,C00054,2025-08-19,269.75
O0002911,C00023,2025-08-01,59.49
O0002912,C00030,2025-08-12,240.26
O0002913,C00042,2025-08-02,180.75
O0002914,C00045,2025-08-19,145.99
O0002915,C00001,2025-08-10,795.59
O0002916,C00041,2025-08-04,25.57
O0002917,C00001,2025-08-01,103.29
O0002918,C00028,2025-08-12,53.68
O0002919,C00078,2025-08-28,25.01
O0002920,C00027,2025-08-19,13.27
O0002921,C00052,2025-08-12,36.15
O0002922,C00001,2025-08-13,457.1
O0002923,C00096,2025-08-07,38.79
O0002924,C00001,2025-08-03,332.17
O0002925,C00004,2025-08-28,283.97
O0002926,C00001,2025-08-01,859.01
O0002927,C00011,2025-08-18,13.79
O0002928,C00001,2025-08-04,259.11
O0002929,C00001,2025-08-03,431.82
O0002930,C00002,2025-08-27,64.39
O0002931,C00001,2025-08-09,14.0
O0002932,C00028,2025-08-12,1.91
O0002933,C00002,2025-08-09,424.32
O0002934,C00058,2025-08-22,61.94
O0002935,C00071,2025-08-04,55.08
O0002936,C00001,2025-08-16,576.26
O0002937,C00091,2025-08-06,3.43
O0002938,C00035,2025-08-09,79.88
O0002939,C00098,2025-08-21,48.78
O0002940,C00015,2025-08-12,4.35
O0002941,C00017,2025-08-07,42.93
O0002942,C00003,2025-08-27,414.81
O0002943,C00057,2025-08-09,14.24
O0002944,C00002,2025-08-17,491.41
O0002945,C00059,2025-08-11,7.11
O0002946,C00008,2025-08-03,48.82
O0002947,C00003,2025-08-23,271.58
O0002948,C00021,2025-08-04,209.65
O0002949,C00037,2025-08-14,117.47
O0002950,C00001,2025-08-19,498.97
O0002951,C00088,2025-08-01,27.27
O0002952,C00013,2025-08-17,66.16
O0002953,C00001,2025-08-09,192.3
O0002954,C00012,2025-08-26,582.7
O0002955,C00001,2025-08-12,127.08
O0002956,C00007,2025-08-22,574.79
O0002957,C00001,2025-08-23,7.34
O0002958,C00026,2025-08-01,38.66
O0002959,C00037,2025-08-26,23.49
O0002960,C00001,2025-08-27,431.71
O0002961,C00044,2025-08-15,98.69
O0002962,C00045,2025-08-13,241.37
O0002963,C00001,2025-08-11,535.24
O0002964,C00041,2025-08-07,23.49
O0002965,C00075,2025-08-21,20.36
O0002966,C00001,2025-08-04,751.23
O0002967,C00095,2025-08-22,60.86
O0002968,C00034,2025-08-18,20.8
O0002969,C00029,2025-08-02,79.15
O0002970,C00001,2025-08-18,46.85
O0002971,C00018,2025-08-24,56.58
O0002972,C00006,2025-08-27,786.63
O0002973,C00001,2025-08-16,9.57
O0002974,C00002,2025-08-05,436.86
O0002975,C00093,2025-08-22,24.23
O0002976,C00004,2025-08-18,55.37
O0002977,C00002,2025-08-22,498.35
O0002978,C00116,2025-08-26,40.3
O0002979,C00031,2025-08-10,43.54
O0002980,C00014,2025-08-14,279.93
O0002981,C00011,2025-08-25,295.99
O0002982,C00001,2025-08-23,347.4
O0002983,C00002,2025-08-24,276.53
O0002984,C00006,2025-08-27,311.22
O0002985,C00014,2025-08-24,518.94
O0002986,C00002,2025-08-22,10.27
O0002987,C00021,2025-08-13,1.74
O0002988,C00001,2025-08-02,467.58
O0002989,C00087,2025-08-03,39.98
O0002990,C00092,2025-08-02,13.84
O0002991,C00003,2025-08-26,732.08
O0002992,C00007,2025-08-28,291.49
O0002993,C00001,2025-08-01,500.88
O0002994,C00059,2025-08-28,12.28
O0002995,C00075,2025-08-18,40.7
O0002996,C00003,2025-08-20,73.82
O0002997,C00008,2025-08-04,202.57
O0002998,C00003,2025-08-22,824.57
O0002999,C00001,2025-08-03,309.04
O0003000,C00001,2025-08-04,618.22
O0003001,C00002,2025-08-21,74.79
O0003002,C00001,2025-08-13,423.8
O0003003,C00003,2025-08-09,69.52
O0003004,C00001,2025-08-11,1020.3
O0003005,C00080,2025-08-23,83.43
O0003006,C00050,2025-08-27,427.62
O0003007,C00054,2025-08-23,109.9
O0003008,C00037,2025-08-19,41.37
O0003009,C00092,2025-08-22,70.82
O0003010,C00103,2025-08-09,17.29
O0003011,C00037,2025-08-03,131.17
O0003012,C00044,2025-08-04,160.68
O0003013,C00010,2025-08-20,462.22
O0003014,C00004,2025-08-09,383.69
O0003015,C00027,2025-08-13,11.22
O0003016,C00002,2025-08-22,130.37
O0003017,C00068,2025-08-23,48.71
O0003018,C00001,2025-08-26,296.98
O0003019,C00003,2025-08-11,229.44
O0003020,C00001,2025-08-23,280.19
O0003021,C00002,2025-08-23,134.7
O0003022,C00011,2025-08-23,8.13
O0003023,C00046,2025-08-18,117.74
O0003024,C00002,2025-08-06,542.44
O0003025,C00001,2025-08-19,141.19
O0003026,C00069,2025-08-08,47.76
O0003027,C00001,2025-08-07,196.18
O0003028,C00001,2025-08-08,441.38
O0003029,C00044,2025-08-22,57.96
O0003030,C00001,2025-08-27,320.3
O0003031,C00119,2025-08-05,19.21
O0003032,C00106,2025-08-01,53.26
O0003033,C00001,2025-08-05,161.69
O0003034,C00001,2025-08-13,348.27
O0003035,C00034,2025-08-19,239.87
O0003036,C00012,2025-08-12,354.42
O0003037,C00015,2025-08-21,385.58
O0003038,C00027,2025-08-16,87.8
O0003039,C00082,2025-08-28,30.81
O0003040,C00001,2025-08-25,141.07
O0003041,C00001,2025-08-14,287.5
O0003042,C00001,2025-08-28,305.27
O0003043,C00005,2025-08-04,7.34
O0003044,C00004,2025-08-13,294.7
O0003045,C00017,2025-08-08,5.51
O0003046,C00032,2025-08-21,327.56
O0003047,C00020,2025-08-02,109.51
O0003048,C00102,2025-08-21,59.99
O0003049,C00011,2025-08-18,33.28
O0003050,C00001,2025-08-15,414.16
O0003051,C00092,2025-08-24,53.14
O0003052,C00001,2025-08-20,1011.85
O0003053,C00010,2025-08-13,471.28
O0003054,C00096,2025-08-09,28.37
O0003055,C00002,2025-08-13,46.65
O0003056,C00049,2025-08-28,119.82
O0003057,C00081,2025-08-22,0.94
O0003058,C00085,2025-08-11,31.09
O0003059,C00001,2025-08-11,257.64
O0003060,C00031,2025-08-27,106.3
O0003061,C00003,2025-08-06,56.37
O0003062,C00024,2025-08-07,347.0
O0003063,C00008,2025-08-25,558.4
O0003064,C00022,2025-08-03,210.59
O0003065,C00036,2025-08-17,113.36
O0003066,C00024,2025-08-15,107.51
O0003067,C00015,2025-08-07,103.35
O0003068,C00028,2025-08-26,80.4
O0003069,C00020,2025-08-20,64.95
O0003070,C00030,2025-08-26,46.66
O0003071,C00059,2025-08-19,40.39
O0003072,C00015,2025-08-27,162.62
O0003073,C00002,2025-08-28,247.34
O0003074,C00068,2025-08-24,57.06
O0003075,C00014,2025-08-28,718.3
O0003076,C00034,2025-08-10,180.06
O0003077,C00051,2025-08-15,70.67
O0003078,C00038,2025-08-05,342.12
O0003079,C00105,2025-08-28,72.69
O0003080,C00005,2025-08-23,261.82
O0003081,C00013,2025-08-08,529.08
O0003082,C00106,2025-08-01,64.2
O0003083,C00015,2025-08-20,258.88
O0003084,C00001,2025-08-20,25.49
O0003085,C00065,2025-08-12,19.14
O0003086,C00011,2025-08-27,89.64
O0003087,C00067,2025-08-28,45.42
O0003088,C00016,2025-08-08,5.14
O0003089,C00001,2025-08-28,487.09
O0003090,C00001,2025-08-04,151.51
O0003091,C00003,2025-08-14,1074.62
O0003092,C00003,2025-08-02,10.46
O0003093,C00009,2025-08-25,245.22
O0003094,C00012,2025-08-13,292.3
O0003095,C00001,2025-08-01,231.82
O0003096,C00072,2025-08-08,13.97
O0003097,C00074,2025-08-11,16.25
O0003098,C00001,2025-08-01,188.8
O0003099,C00068,2025-08-06,31.45
O0003100,C00014,2025-08-09,9.68
O0003101,C00001,2025-08-27,29.08
O0003102,C00001,2025-08-22,215.14
O0003103,C00055,2025-08-15,15.42
O0003104,C00001,2025-08-16,173.3
O0003105,C00001,2025-08-08,197.05
O0003106,C00022,2025-08-28,69.34
O0003107,C00029,2025-08-28,58.25
O0003108,C00001,2025-08-25,451.62
O0003109,C00082,2025-08-10,5.98
O0003110,C00007,2025-08-09,42.73
O0003111,C00076,2025-08-01,23.53
O0003112,C00059,2025-08-27,17.24
O0003113,C00082,2025-08-12,37.1
O0003114,C00096,2025-08-03,23.41
O0003115,C00001,2025-08-21,8.11
O0003116,C00001,2025-08-07,351.3
O0003117,C00015,2025-08-27,643.85
O0003118,C00008,2025-08-10,196.81
O0003119,C00011,2025-08-07,8.93
O0003120,C00002,2025-08-07,276.56
O0003121,C00044,2025-09-15,85.01
O0003122,C00001,2025-09-26,566.69
O0003123,C00046,2025-09-23,132.45
O0003124,C00001,2025-09-18,591.74
O0003125,C00001,2025-09-15,129.79
O0003126,C00017,2025-09-08,114.25
O0003127,C00066,2025-09-04,20.31
O0003128,C00009,2025-09-14,220.74
O0003129,C00116,2025-09-11,8.35
O0003130,C00038,2025-09-16,114.99
O0003131,C00001,2025-09-21,442.94
O0003132,C00026,2025-09-12,61.5
O0003133,C00096,2025-09-07,60.5
O0003134,C00001,2025-09-05,762.87
O0003135,C00049,2025-09-08,15.47
O0003136,C00002,2025-09-28,74.26
O0003137,C00056,2025-09-20,30.0
O0003138,C00014,2025-09-22,533.77
O0003139,C00001,2025-09-07,557.85
O0003140,C00001,2025-09-12,555.39
O0003141,C00001,2025-09-15,12.56
O0003142,C00017,2025-09-01,2.42
O0003143,C00088,2025-09-17,27.57
O0003144,C00041,2025-09-26,19.3
O0003145,C00097,2025-09-10,17.59
O0003146,C00001,2025-09-16,461.74
O0003147,C00001,2025-09-18,31.99
O0003148,C00038,2025-09-26,75.21
O0003149,C00005,2025-09-20,448.62
O0003150,C00002,2025-09-27,194.21
O0003151,C00003,2025-09-22,498.76
O0003152,C00054,2025-09-03,15.84
O0003153,C00039,2025-09-17,44.14
O0003154,C00001,2025-09-18,141.23
O0003155,C00010,2025-09-24,290.53
O0003156,C00008,2025-09-01,328.54
O0003157,C00001,2025-09-15,73.72
O0003158,C00001,2025-09-27,81.3
O0003159,C00001,2025-09-01,281.19
O0003160,C00027,2025-09-04,39.7
O0003161,C00001,2025-09-08,541.41
O0003162,C00010,2025-09-27,264.78
O0003163,C00013,2025-09-02,118.12
O0003164,C00069,2025-09-26,42.26
O0003165,C00001,2025-09-04,45.33
O0003166,C00099,2025-09-13,15.03
O0003167,C00015,2025-09-06,43.45
O0003168,C00022,2025-09-08,53.46
O0003169,C00004,2025-09-15,221.8
O0003170,C00092,2025-09-28,21.65
O0003171,C00002,2025-09-24,441.55
O0003172,C00001,2025-09-01,301.35
O0003173,C00077,2025-09-09,52.52
O0003174,C00042,2025-09-14,123.18
O0003175,C00001,2025-09-08,448.66
O0003176,C00020,2025-09-27,46.33
O0003177,C00041,2025-09-25,218.39
O0003178,C00037,2025-09-18,109.17
O0003179,C00013,2025-09-24,204.35
O0003180,C00003,2025-09-01,4.27
O0003181,C00001,2025-09-11,589.27
O0003182,C00001,2025-09-13,715.01
O0003183,C00001,2025-09-25,427.03
O0003184,C00060,2025-09-26,13.76
O0003185,C00029,2025-09-05,51.4
O0003186,C00001,2025-09-11,293.5
O0003187,C00001,2025-09-06,301.67
O0003188,C00004,2025-09-13,165.12
O0003189,C00036,2025-09-27,88.23
O0003190,C00059,2025-09-11,30.41
O0003191,C00119,2025-09-07,53.45
O0003192,C00037,2025-09-13,145.15
O0003193,C00051,2025-09-12,154.14
O0003194,C00073,2025-09-20,31.59
O0003195,C00056,2025-09-02,31.62
O0003196,C00001,2025-09-04,415.09
O0003197,C00001,2025-09-21,502.55
O0003198,C00059,2025-09-20,31.24
O0003199,C00034,2025-09-15,8.99
O0003200,C00018,2025-09-06,172.5
O0003201,C00034,2025-09-05,207.96
O0003202,C00028,2025-09-21,53.7
O0003203,C00008,2025-09-07,334.6
O0003204,C00001,2025-09-05,325.27
O0003205,C00007,2025-09-16,119.76
O0003206,C00043,2025-09-14,10.92
O0003207,C00018,2025-09-27,68.44
O0003208,C00045,2025-09-21,216.4
O0003209,C00032,2025-09-15,112.62
O0003210,C00039,2025-09-12,28.44
O0003211,C00002,2025-09-07,597.17
O0003212,C00007,2025-09-12,382.79
O0003213,C00001,2025-09-08,411.68
O0003214,C00020,2025-09-02,103.84
O0003215,C00001,2025-09-09,613.82
O0003216,C00033,2025-09-22,99.08
O0003217,C00072,2025-09-04,12.1
O0003218,C00065,2025-09-09,40.65
O0003219,C00015,2025-09-10,482.71
O0003220,C00117,2025-09-27,87.75
O0003221,C00012,2025-09-22,354.14
O0003222,C00001,2025-09-26,198.18
O0003223,C00001,2025-09-22,227.69
O0003224,C00001,2025-09-26,207.8
O0003225,C00118,2025-09-24,84.62
O0003226,C00061,2025-09-17,37.03
O0003227,C00046,2025-09-06,127.56
O0003228,C00001,2025-09-03,394.24
O0003229,C00001,2025-09-13,210.45
O0003230,C00005,2025-09-05,12.62
O0003231,C00021,2025-09-24,214.81
O0003232,C00042,2025-09-07,159.9
O0003233,C00001,2025-09-22,64.44
O0003234,C00047,2025-09-04,23.64
O0003235,C00094,2025-09-06,32.58
O0003236,C00035,2025-09-22,58.05
O0003237,C00107,2025-09-01,1.38
O0003238,C00001,2025-09-15,213.89
O0003239,C00001,2025-09-12,234.34
O0003240,C00041,2025-09-26,77.9
O0003241,C00025,2025-09-09,88.24
O0003242,C00002,2025-09-03,211.55
O0003243,C00001,2025-09-13,426.38
O0003244,C00019,2025-09-01,253.1
O0003245,C00001,2025-09-04,509.63
O0003246,C00001,2025-09-22,286.37
O0003247,C00098,2025-09-16,75.74
O0003248,C00009,2025-09-05,144.89
O0003249,C00001,2025-09-04,523.19
O0003250,C00094,2025-09-03,17.47
O0003251,C00065,2025-09-23,45.2
O0003252,C00020,2025-09-21,3.59
O0003253,C00013,2025-09-17,412.95
O0003254,C00093,2025-09-14,55.66
O0003255,C00119,2025-09-24,56.91
O0003256,C00003,2025-09-21,85.25
O0003257,C00013,2025-09-24,43.28
O0003258,C00030,2025-09-21,14.35
O0003259,C00001,2025-09-07,162.28
O0003260,C00108,2025-09-27,7.04
O0003261,C00012,2025-09-24,275.28
O0003262,C00011,2025-09-05,738.35
O0003263,C00001,2025-09-27,7.45
O0003264,C00001,2025-09-25,83.8
O0003265,C00091,2025-09-27,18.87
O0003266,C00036,2025-09-23,60.65
O0003267,C00017,2025-09-05,24.58
O0003268,C00002,2025-09-13,207.22
O0003269,C00001,2025-09-02,186.47
O0003270,C00050,2025-09-22,153.14
O0003271,C00021,2025-09-25,107.65
O0003272,C00019,2025-09-01,59.03
O0003273,C00001,2025-09-16,323.56
O0003274,C00052,2025-09-13,116.74
O0003275,C00006,2025-09-13,341.02
O0003276,C00022,2025-09-13,10.0
O0003277,C00001,2025-09-03,55.01
O0003278,C00037,2025-09-10,103.73
O0003279,C00017,2025-09-21,87.53
O0003280,C00071,2025-09-02,15.74
O0003281,C00001,2025-09-16,240.57
O0003282,C00013,2025-09-19,629.54
O0003283,C00044,2025-09-27,92.3
O0003284,C00069,2025-09-08,43.6
O0003285,C00008,2025-09-15,42.09
O0003286,C00013,2025-09-17,391.4
O0003287,C00013,2025-09-02,243.17
O0003288,C00039,2025-09-26,134.42
O0003289,C00007,2025-09-27,403.56
O0003290,C00076,2025-09-14,33.75
O0003291,C00001,2025-09-24,25.6
O0003292,C00012,2025-09-16,279.06
O0003293,C00022,2025-09-02,122.53
O0003294,C00018,2025-09-17,131.91
O0003295,C00038,2025-09-14,212.27
O0003296,C00001,2025-09-04,498.22
O0003297,C00001,2025-09-13,157.85
O0003298,C00072,2025-09-04,9.01
O0003299,C00003,2025-09-11,244.83
O0003300,C00021,2025-09-07,33.17
O0003301,C00039,2025-09-22,2.75
O0003302,C00021,2025-09-16,4.05
O0003303,C00042,2025-09-22,28.42
O0003304,C00020,2025-09-12,60.82
O0003305,C00017,2025-09-04,76.32
O0003306,C00001,2025-09-09,322.89
O0003307,C00019,2025-09-09,35.87
O0003308,C00001,2025-09-19,211.79
O0003309,C00001,2025-09-07,319.92
O0003310,C00017,2025-09-06,38.28
O0003311,C00001,2025-09-20,323.32
O0003312,C00014,2025-09-08,141.58
O0003313,C00036,2025-09-04,85.79
O0003314,C00001,2025-09-03,276.36
O0003315,C00013,2025-09-21,84.41
O0003316,C00003,2025-09-15,37.48
O0003317,C00016,2025-09-04,96.26
O0003318,C00001,2025-09-28,236.99
O0003319,C00097,2025-09-26,28.91
O0003320,C00002,2025-09-22,446.23
O0003321,C00013,2025-09-13,186.6
O0003322,C00043,2025-09-06,80.97
O0003323,C00108,2025-09-02,28.74
O0003324,C00001,2025-09-10,630.91
O0003325,C00036,2025-09-04,131.06
O0003326,C00005,2025-09-16,174.56
O0003327,C00023,2025-09-20,10.18
O0003328,C00002,2025-09-19,444.26
O0003329,C00016,2025-09-16,109.12
O0003330,C00007,2025-09-09,447.53
O0003331,C00021,2025-09-05,35.53
O0003332,C00087,2025-09-18,28.55
O0003333,C00002,2025-09-02,16.58
O0003334,C00010,2025-09-24,377.63
O0003335,C00006,2025-09-18,91.32
O0003336,C00001,2025-09-23,137.64
O0003337,C00013,2025-09-12,271.94
O0003338,C00001,2025-09-15,284.63
O0003339,C00007,2025-09-26,73.6
O0003340,C00059,2025-09-02,14.25
O0003341,C00018,2025-09-04,101.87
O0003342,C00001,2025-09-06,98.48
O0003343,C00002,2025-09-01,452.31
O0003344,C00001,2025-09-02,242.54
O0003345,C00040,2025-09-07,146.47
O0003346,C00018,2025-09-07,164.72
O0003347,C00018,2025-09-24,79.45
O0003348,C00001,2025-09-23,891.93
O0003349,C00008,2025-09-28,331.17
O0003350,C00001,2025-09-16,346.37
O0003351,C00021,2025-09-05,45.04
O0003352,C00001,2025-09-24,673.93
O0003353,C00044,2025-09-15,13.05
O0003354,C00090,2025-09-21,36.95
O0003355,C00001,2025-09-23,371.36
O0003356,C00049,2025-09-20,2.23
O0003357,C00092,2025-09-20,32.4
O0003358,C00002,2025-09-19,266.64
O0003359,C00029,2025-09-16,176.89
O0003360,C00001,2025-09-27,11.55
O0003361,C00039,2025-09-03,114.73
O0003362,C00015,2025-09-13,3.79
O0003363,C00006,2025-09-07,155.79
O0003364,C00022,2025-09-22,289.7
O0003365,C00067,2025-09-07,40.51
O0003366,C00003,2025-09-12,335.02
O0003367,C00002,2025-09-13,50.47
O0003368,C00048,2025-09-27,136.12
O0003369,C00078,2025-09-28,99.18
O0003370,C00037,2025-09-22,11.59
O0003371,C00001,2025-09-20,374.4
O0003372,C00019,2025-09-24,142.2
O0003373,C00010,2025-09-23,434.76
O0003374,C00077,2025-09-26,56.88
O0003375,C00017,2025-09-10,33.61
O0003376,C00001,2025-09-10,136.88
O0003377,C00028,2025-09-04,75.91
O0003378,C00031,2025-09-23,143.85
O0003379,C00001,2025-09-27,335.75
O0003380,C00001,2025-09-01,80.78
O0003381,C00004,2025-10-17,87.2
O0003382,C00024,2025-10-22,160.34
O0003383,C00001,2025-10-15,104.72
O0003384,C00002,2025-10-25,365.69
O0003385,C00001,2025-10-11,53.34
O0003386,C00001,2025-10-23,507.8
O0003387,C00019,2025-10-10,38.65
O0003388,C00049,2025-10-04,171.37
O0003389,C00023,2025-10-23,37.73
O0003390,C00002,2025-10-18,826.8
O0003391,C00009,2025-10-18,250.59
O0003392,C00001,2025-10-20,182.02
O0003393,C00001,2025-10-06,286.62
O0003394,C00007,2025-10-14,276.12
O0003395,C00062,2025-10-16,32.33
O0003396,C00001,2025-10-11,343.23
O0003397,C00001,2025-10-03,713.82
O0003398,C00001,2025-10-21,89.24
O0003399,C00034,2025-10-17,40.98
O0003400,C00007,2025-10-02,347.36
O0003401,C00066,2025-10-08,28.37
O0003402,C00003,2025-10-25,34.47
O0003403,C00001,2025-10-27,258.48
O0003404,C00001,2025-10-21,132.03
O0003405,C00071,2025-10-06,96.53
O0003406,C00013,2025-10-18,467.18
O0003407,C00081,2025-10-22,36.16
O0003408,C00013,2025-10-06,459.23
O0003409,C00007,2025-10-12,389.66
O0003410,C00033,2025-10-26,69.09
O0003411,C00009,2025-10-20,37.0
O0003412,C00065,2025-10-03,45.79
O0003413,C00047,2025-10-21,139.07
O0003414,C00043,2025-10-21,100.65
O0003415,C00001,2025-10-21,355.05
O0003416,C00043,2025-10-07,167.96
O0003417,C00001,2025-10-03,156.89
O0003418,C00005,2025-10-05,205.27
O0003419,C00014,2025-10-25,153.95
O0003420,C00016,2025-10-20,19.88
O0003421,C00094,2025-10-20,39.11
O0003422,C00008,2025-10-10,107.39
O0003423,C00012,2025-10-13,173.25
O0003424,C00001,2025-10-11,317.33
O0003425,C00001,2025-10-04,440.27
O0003426,C00047,2025-10-24,29.7
O0003427,C00002,2025-10-19,318.74
O0003428,C00059,2025-10-18,23.57
O0003429,C00003,2025-10-07,512.36
O0003430,C00085,2025-10-02,6.55
O0003431,C00003,2025-10-16,265.36
O0003432,C00005,2025-10-13,247.82
O0003433,C00044,2025-10-09,216.59
O0003434,C00046,2025-10-02,140.34
O0003435,C00023,2025-10-15,231.89
O0003436,C00003,2025-10-26,175.55
O0003437,C00009,2025-10-03,430.59
O0003438,C00036,2025-10-27,203.66
O0003439,C00032,2025-10-14,67.17
O0003440,C00018,2025-10-19,178.76
O0003441,C00017,2025-10-18,17.68
O0003442,C00017,2025-10-14,75.88
O0003443,C00001,2025-10-17,149.4
O0003444,C00003,2025-10-26,306.15
O0003445,C00050,2025-10-10,163.07
O0003446,C00001,2025-10-28,644.42
O0003447,C00014,2025-10-13,140.82
O0003448,C00019,2025-10-07,54.32
O0003449,C00002,2025-10-09,6.96
O0003450,C00036,2025-10-09,137.4
O0003451,C00002,2025-10-25,84.87
O0003452,C00118,2025-10-28,51.18
O0003453,C00098,2025-10-22,20.9
O0003454,C00088,2025-10-28,4.72
O0003455,C00039,2025-10-05,11.84
O0003456,C00001,2025-10-09,366.76
O0003457,C00001,2025-10-11,221.63
O0003458,C00002,2025-10-26,24.33
O0003459,C00001,2025-10-12,536.24
O0003460,C00043,2025-10-07,193.1
O0003461,C00001,2025-10-01,629.34
O0003462,C00010,2025-10-21,180.98
O0003463,C00013,2025-10-12,184.47
O0003464,C00001,2025-10-23,8.09
O0003465,C00065,2025-10-03,54.76
O0003466,C00079,2025-10-01,1.0
O0003467,C00017,2025-10-06,71.08
O0003468,C00011,2025-10-19,576.06
O0003469,C00094,2025-10-15,17.47
O0003470,C00062,2025-10-10,43.46
O0003471,C00090,2025-10-12,39.21
O0003472,C00094,2025-10-26,41.25
O0003473,C00004,2025-10-02,692.3
O0003474,C00001,2025-10-09,333.73
O0003475,C00002,2025-10-11,186.08
O0003476,C00050,2025-10-13,116.21
O0003477,C00019,2025-10-20,31.11
O0003478,C00001,2025-10-19,778.38
O0003479,C00001,2025-10-18,22.48
O0003480,C00011,2025-10-09,416.24
O0003481,C00059,2025-10-11,21.45
O0003482,C00093,2025-10-14,0.55
O0003483,C00067,2025-10-22,8.12
O0003484,C00053,2025-10-20,128.18
O0003485,C00007,2025-10-19,121.48
O0003486,C00004,2025-10-22,577.35
O0003487,C00001,2025-10-08,566.24
O0003488,C00105,2025-10-15,51.35
O0003489,C00048,2025-10-14,174.24
O0003490,C00008,2025-10-16,512.71
O0003491,C00006,2025-10-20,397.75
O0003492,C00084,2025-10-22,60.41
O0003493,C00011,2025-10-20,319.34
O0003494,C00014,2025-10-13,492.91
O0003495,C00010,2025-10-18,261.82
O0003496,C00001,2025-10-24,41.28
O0003497,C00029,2025-10-07,200.17
O0003498,C00083,2025-10-01,19.6
O0003499,C00001,2025-10-26,458.08
O0003500,C00005,2025-10-09,352.38
O0003501,C00003,2025-10-21,501.13
O0003502,C00039,2025-10-08,60.84
O0003503,C00010,2025-10-24,335.28
O0003504,C00020,2025-10-16,58.83
O0003505,C00073,2025-10-28,26.03
O0003506,C00090,2025-10-25,59.59
O0003507,C00081,2025-10-06,53.15
O0003508,C00012,2025-10-19,313.43
O0003509,C00061,2025-10-10,91.87
O0003510,C00004,2025-10-13,417.67
O0003511,C00023,2025-10-16,166.92
O0003512,C00004,2025-10-05,268.18
O0003513,C00008,2025-10-12,35.19
O0003514,C00003,2025-10-28,524.31
O0003515,C00063,2025-10-03,11.62
O0003516,C00021,2025-10-19,140.46
O0003517,C00001,2025-10-27,78.21
O0003518,C00005,2025-10-06,278.93
O0003519,C00037,2025-10-03,140.52
O0003520,C00014,2025-10-17,932.28
O0003521,C00001,2025-10-07,180.03
O0003522,C00002,2025-10-10,15.78
O0003523,C00088,2025-10-26,31.47
O0003524,C00001,2025-10-26,148.47
O0003525,C00009,2025-10-07,735.14
O0003526,C00010,2025-10-10,266.29
O0003527,C00010,2025-10-02,262.9
O0003528,C00118,2025-10-01,15.41
O0003529,C00105,2025-10-26,50.8
O0003530,C00004,2025-10-02,74.35
O0003531,C00115,2025-10-18,31.69
O0003532,C00070,2025-10-07,30.31
O0003533,C00001,2025-10-24,362.01
O0003534,C00002,2025-10-01,373.27
O0003535,C00014,2025-10-18,475.66
O0003536,C00027,2025-10-06,71.14
O0003537,C00068,2025-10-11,60.4
O0003538,C00015,2025-10-07,61.67
O0003539,C00013,2025-10-24,777.58
O0003540,C00001,2025-10-24,414.5
O0003541,C00078,2025-10-28,71.83
O0003542,C00009,2025-10-27,604.03
O0003543,C00020,2025-10-09,11.73
O0003544,C00011,2025-10-09,73.92
O0003545,C00002,2025-10-15,366.79
O0003546,C00015,2025-10-02,161.96
O0003547,C00001,2025-10-11,604.12
O0003548,C00002,2025-10-04,396.8
O0003549,C00015,2025-10-08,49.73
O0003550,C00001,2025-10-16,112.11
O0003551,C00009,2025-10-21,357.95
O0003552,C00117,2025-10-19,32.93
O0003553,C00001,2025-10-07,262.69
O0003554,C00004,2025-10-23,519.95
O0003555,C00068,2025-10-20,18.62
O0003556,C00006,2025-10-28,194.61
O0003557,C00001,2025-10-24,371.44
O0003558,C00031,2025-10-25,1.62
O0003559,C00004,2025-10-12,13.34
O0003560,C00063,2025-10-10,36.59
O0003561,C00001,2025-10-19,531.85
O0003562,C00058,2025-10-05,30.47
O0003563,C00001,2025-10-28,440.05
O0003564,C00005,2025-10-24,88.5
O0003565,C00083,2025-10-18,43.14
O0003566,C00001,2025-10-07,162.58
O0003567,C00001,2025-10-18,296.46
O0003568,C00003,2025-10-22,12.78
O0003569,C00001,2025-10-18,92.61
O0003570,C00091,2025-10-21,0.67
O0003571,C00001,2025-10-05,560.42
O0003572,C00010,2025-10-20,31.24
O0003573,C00052,2025-10-11,121.73
O0003574,C00007,2025-10-20,409.13
O0003575,C00026,2025-10-24,113.52
O0003576,C00025,2025-10-12,25.41
O0003577,C00004,2025-10-22,197.1
O0003578,C00002,2025-10-01,202.86
O0003579,C00025,2025-10-17,61.53
O0003580,C00007,2025-10-08,448.57
O0003581,C00001,2025-10-19,379.6
O0003582,C00015,2025-10-02,608.56
O0003583,C00002,2025-10-16,82.91
O0003584,C00103,2025-10-04,117.23
O0003585,C00104,2025-10-12,46.79
O0003586,C00001,2025-10-11,46.51
O0003587,C00014,2025-10-22,298.46
O0003588,C00018,2025-10-26,63.03
O0003589,C00006,2025-10-11,431.09
O0003590,C00014,2025-10-19,133.74
O0003591,C00027,2025-10-25,75.82
O0003592,C00002,2025-10-12,621.42
O0003593,C00085,2025-10-09,79.94
O0003594,C00062,2025-10-16,20.71
O0003595,C00001,2025-10-27,8.56
O0003596,C00004,2025-10-19,653.11
O0003597,C00001,2025-10-07,239.83
O0003598,C00013,2025-10-19,213.6
O0003599,C00027,2025-10-05,98.85
O0003600,C00001,2025-10-10,42.63
O0003601,C00001,2025-10-28,280.25
O0003602,C00025,2025-10-14,324.16
O0003603,C00013,2025-10-20,280.32
O0003604,C00002,2025-10-23,138.59
O0003605,C00002,2025-10-25,716.9
O0003606,C00001,2025-10-01,157.07
O0003607,C00045,2025-10-03,134.12
O0003608,C00001,2025-10-16,447.15
O0003609,C00004,2025-10-22,15.44
O0003610,C00001,2025-10-08,409.99
O0003611,C00067,2025-10-18,49.02
O0003612,C00001,2025-10-12,218.09
O0003613,C00063,2025-10-13,20.56
O0003614,C00077,2025-10-23,22.84
O0003615,C00015,2025-10-27,223.19
O0003616,C00008,2025-10-24,108.91
O0003617,C00022,2025-10-25,55.56
O0003618,C00050,2025-10-23,102.06
O0003619,C00009,2025-10-14,458.69
O0003620,C00003,2025-10-20,626.35
O0003621,C00061,2025-10-23,29.87
O0003622,C00003,2025-10-16,434.22
O0003623,C00046,2025-10-05,4.27
O0003624,C00001,2025-10-06,393.15
O0003625,C00004,2025-10-01,35.32
O0003626,C00002,2025-10-15,416.64
O0003627,C00065,2025-10-01,77.17
O0003628,C00023,2025-10-19,227.09
O0003629,C00058,2025-10-01,44.36
O0003630,C00060,2025-10-13,60.13
O0003631,C00021,2025-10-07,171.93
O0003632,C00082,2025-10-01,71.09
O0003633,C00031,2025-10-07,223.85
O0003634,C00001,2025-10-22,519.29
O0003635,C00048,2025-10-21,144.47
O0003636,C00031,2025-10-25,156.02
O0003637,C00078,2025-10-27,41.5
O0003638,C00013,2025-10-23,182.49
O0003639,C00003,2025-10-27,193.38
O0003640,C00014,2025-10-24,477.16
O0003641,C00027,2025-11-07,1.48
O0003642,C00001,2025-11-15,232.71
O0003643,C00026,2025-11-03,168.95
O0003644,C00001,2025-11-06,205.64
O0003645,C00009,2025-11-07,912.34
O0003646,C00018,2025-11-08,53.3
O0003647,C00022,2025-11-21,138.17
O0003648,C00011,2025-11-01,266.11
O0003649,C00002,2025-11-03,26.21
O0003650,C00001,2025-11-01,205.01
O0003651,C00004,2025-11-16,423.65
O0003652,C00001,2025-11-17,593.93
O0003653,C00004,2025-11-21,6.97
O0003654,C00003,2025-11-20,185.13
O0003655,C00008,2025-11-25,357.86
O0003656,C00029,2025-11-03,90.2
O0003657,C00002,2025-11-07,832.76
O0003658,C00021,2025-11-13,227.82
O0003659,C00081,2025-11-24,19.09
O0003660,C00013,2025-11-19,10.02
O0003661,C00017,2025-11-01,70.96
O0003662,C00006,2025-11-14,217.94
O0003663,C00001,2025-11-20,384.21
O0003664,C00002,2025-11-16,490.24
O0003665,C00022,2025-11-09,101.78
O0003666,C00020,2025-11-22,56.12
O0003667,C00059,2025-11-17,96.86
O0003668,C00001,2025-11-06,702.12
O0003669,C00001,2025-11-03,108.15
O0003670,C00068,2025-11-03,86.8
O0003671,C00001,2025-11-06,144.1
O0003672,C00001,2025-11-20,39.5
O0003673,C00004,2025-11-05,88.99
O0003674,C00002,2025-11-12,548.89
O0003675,C00001,2025-11-05,139.96
O0003676,C00001,2025-11-14,390.54
O0003677,C00020,2025-11-09,1.23
O0003678,C00116,2025-11-26,61.24
O0003679,C00029,2025-11-20,312.43
O0003680,C00001,2025-11-22,451.59
O0003681,C00049,2025-11-10,106.7
O0003682,C00013,2025-11-25,107.21
O0003683,C00001,2025-11-10,637.37
O0003684,C00105,2025-11-28,25.38
O0003685,C00079,2025-11-11,44.81
O0003686,C00044,2025-11-20,62.57
O0003687,C00071,2025-11-18,37.18
O0003688,C00015,2025-11-11,838.67
O0003689,C00001,2025-11-24,471.08
O0003690,C00001,2025-11-09,184.71
O0003691,C00002,2025-11-01,373.55
O0003692,C00001,2025-11-03,300.25
O0003693,C00087,2025-11-22,61.3
O0003694,C00003,2025-11-20,106.16
O0003695,C00008,2025-11-28,253.43
O0003696,C00013,2025-11-22,474.33
O0003697,C00008,2025-11-21,429.69
O0003698,C00029,2025-11-13,244.07
O0003699,C00001,2025-11-13,6.69
O0003700,C00002,2025-11-20,329.77
O0003701,C00001,2025-11-19,314.16
O0003702,C00001,2025-11-20,127.29
O0003703,C00001,2025-11-05,38.57
O0003704,C00001,2025-11-24,241.25
O0003705,C00001,2025-11-11,468.65
O0003706,C00021,2025-11-11,147.37
O0003707,C00002,2025-11-14,24.5
O0003708,C00009,2025-11-22,282.88
O0003709,C00114,2025-11-06,6.73
O0003710,C00109,2025-11-12,66.94
O0003711,C00011,2025-11-04,263.29
O0003712,C00080,2025-11-25,48.6
O0003713,C00018,2025-11-01,186.36
O0003714,C00014,2025-11-15,32.82
O0003715,C00114,2025-11-16,25.86
O0003716,C00033,2025-11-13,30.49
O0003717,C00001,2025-11-07,670.34
O0003718,C00005,2025-11-15,141.26
O0003719,C00029,2025-11-20,161.04
O0003720,C00005,2025-11-14,815.42
O0003721,C00003,2025-11-08,234.95
O0003722,C00001,2025-11-24,257.67
O0003723,C00099,2025-11-04,35.34
O0003724,C00001,2025-11-11,710.67
O0003725,C00013,2025-11-24,450.98
O0003726,C00011,2025-11-02,605.71
O0003727,C00004,2025-11-01,412.2
O0003728,C00093,2025-11-27,30.78
O0003729,C00034,2025-11-21,31.32
O0003730,C00001,2025-11-10,187.05
O0003731,C00001,2025-11-03,585.9
O0003732,C00061,2025-11-23,0.78
O0003733,C00001,2025-11-14,141.25
O0003734,C00004,2025-11-20,523.23
O0003735,C00001,2025-11-15,273.59
O0003736,C00025,2025-11-19,194.07
O0003737,C00063,2025-11-23,1.5
O0003738,C00004,2025-11-08,111.14
O0003739,C00007,2025-11-15,10.1
O0003740,C00072,2025-11-23,29.92
O0003741,C00011,2025-11-21,46.01
O0003742,C00037,2025-11-09,80.78
O0003743,C00001,2025-11-28,263.93
O0003744,C00001,2025-11-14,311.68
O0003745,C00001,2025-11-25,425.08
O0003746,C00002,2025-11-10,398.89
O0003747,C00024,2025-11-17,152.87
O0003748,C00046,2025-11-27,34.45
O0003749,C00023,2025-11-26,114.29
O0003750,C00002,2025-11-14,797.41
O0003751,C00005,2025-11-14,168.71
O0003752,C00004,2025-11-04,546.45
O0003753,C00014,2025-11-12,203.06
O0003754,C00002,2025-11-20,262.81
O0003755,C00001,2025-11-26,385.59
O0003756,C00015,2025-11-03,180.46
O0003757,C00094,2025-11-13,80.21
O0003758,C00040,2025-11-28,40.73
O0003759,C00041,2025-11-14,60.07
O0003760,C00098,2025-11-28,31.81
O0003761,C00002,2025-11-24,691.96
O0003762,C00006,2025-11-13,648.75
O0003763,C00001,2025-11-26,367.17
O0003764,C00025,2025-11-12,155.64
O0003765,C00017,2025-11-21,9.71
O0003766,C00001,2025-11-16,74.47
O0003767,C00003,2025-11-23,76.37
O0003768,C00048,2025-11-23,45.85
O0003769,C00001,2025-11-03,266.01
O0003770,C00010,2025-11-02,293.09
O0003771,C00001,2025-11-08,141.65
O0003772,C00050,2025-11-17,187.97
O0003773,C00019,2025-11-27,13.11
O0003774,C00001,2025-11-07,124.95
O0003775,C00011,2025-11-14,308.06
O0003776,C00098,2025-11-02,21.53
O0003777,C00002,2025-11-23,60.31
O0003778,C00017,2025-11-23,134.91
O0003779,C00002,2025-11-27,370.27
O0003780,C00001,2025-11-19,179.11
O0003781,C00003,2025-11-10,48.78
O0003782,C00040,2025-11-01,249.07
O0003783,C00001,2025-11-04,242.02
O0003784,C00008,2025-11-10,620.02
O0003785,C00001,2025-11-19,334.67
O0003786,C00058,2025-11-12,60.74
O0003787,C00001,2025-11-14,362.58
O0003788,C00001,2025-11-03,456.08
O0003789,C00052,2025-11-10,225.19
O0003790,C00001,2025-11-09,210.33
O0003791,C00001,2025-11-20,371.27
O0003792,C00060,2025-11-16,26.25
O0003793,C00087,2025-11-10,73.66
O0003794,C00002,2025-11-03,279.79
O0003795,C00042,2025-11-27,108.29
O0003796,C00025,2025-11-19,44.21
O0003797,C00037,2025-11-22,122.71
O0003798,C00088,2025-11-06,33.1
O0003799,C00001,2025-11-17,146.66
O0003800,C00008,2025-11-14,497.14
O0003801,C00008,2025-11-13,25.8
O0003802,C00020,2025-11-21,143.61
O0003803,C00055,2025-11-14,57.28
O0003804,C00095,2025-11-14,15.92
O0003805,C00002,2025-11-19,7.12
O0003806,C00010,2025-11-17,166.34
O0003807,C00005,2025-11-20,191.07
O0003808,C00004,2025-11-14,98.94
O0003809,C00116,2025-11-19,1.8
O0003810,C00002,2025-11-12,101.48
O0003811,C00051,2025-11-22,70.56
O0003812,C00001,2025-11-17,5.11
O0003813,C00072,2025-11-13,28.52
O0003814,C00088,2025-11-01,35.03
O0003815,C00007,2025-11-18,42.36
O0003816,C00002,2025-11-01,314.29
O0003817,C00011,2025-11-21,347.63
O0003818,C00018,2025-11-03,152.24
O0003819,C00033,2025-11-03,81.77
O0003820,C00077,2025-11-01,11.73
O0003821,C00063,2025-11-05,52.63
O0003822,C00001,2025-11-28,76.41
O0003823,C00103,2025-11-06,43.04
O0003824,C00002,2025-11-20,742.94
O0003825,C00053,2025-11-27,97.9
O0003826,C00004,2025-11-16,705.72
O0003827,C00002,2025-11-11,442.29
O0003828,C00001,2025-11-04,181.49
O0003829,C00010,2025-11-13,9.04
O0003830,C00060,2025-11-18,81.09
O0003831,C00003,2025-11-20,407.59
O0003832,C00033,2025-11-20,13.02
O0003833,C00061,2025-11-14,53.15
O0003834,C00089,2025-11-06,50.11
O0003835,C00001,2025-11-18,672.07
O0003836,C00013,2025-11-14,117.45
O0003837,C00101,2025-11-16,48.29
O0003838,C00013,2025-11-12,715.67
O0003839,C00008,2025-11-03,591.85
O0003840,C00001,2025-11-03,475.52
O0003841,C00046,2025-11-27,87.28
O0003842,C00119,2025-11-07,42.7
O0003843,C00040,2025-11-05,24.92
O0003844,C00006,2025-11-09,42.3
O0003845,C00069,2025-11-07,46.83
O0003846,C00001,2025-11-24,265.5
O0003847,C00078,2025-11-04,40.45
O0003848,C00010,2025-11-24,230.23
O0003849,C00009,2025-11-03,449.21
O0003850,C00007,2025-11-18,6.79
O0003851,C00013,2025-11-15,5.15
O0003852,C00048,2025-11-11,155.32
O0003853,C00003,2025-11-07,99.48
O0003854,C00113,2025-11-18,27.18
O0003855,C00119,2025-11-06,21.08
O0003856,C00056,2025-11-20,16.33
O0003857,C00001,2025-11-22,613.38
O0003858,C00012,2025-11-12,497.99
O0003859,C00027,2025-11-04,80.97
O0003860,C00001,2025-11-04,402.14
O0003861,C00030,2025-11-25,49.1
O0003862,C00001,2025-11-13,246.12
O0003863,C00026,2025-11-03,98.27
O0003864,C00001,2025-11-20,497.99
O0003865,C00115,2025-11-18,29.88
O0003866,C00106,2025-11-12,4.99
O0003867,C00031,2025-11-26,91.92
O0003868,C00105,2025-11-03,1.06
O0003869,C00118,2025-11-11,53.59
O0003870,C00001,2025-11-08,182.33
O0003871,C00023,2025-11-22,70.23
O0003872,C00016,2025-11-07,213.64
O0003873,C00001,2025-11-22,63.84
O0003874,C00006,2025-11-04,424.23
O0003875,C00094,2025-11-07,33.87
O0003876,C00020,2025-11-02,159.98
O0003877,C00002,2025-11-28,478.51
O0003878,C00001,2025-11-01,255.34
O0003879,C00028,2025-11-17,228.52
O0003880,C00012,2025-11-15,122.26
O0003881,C00118,2025-11-24,66.41
O0003882,C00005,2025-11-27,277.94
O0003883,C00002,2025-11-07,214.62
O0003884,C00001,2025-11-28,345.31
O0003885,C00001,2025-11-25,303.4
O0003886,C00001,2025-11-17,47.38
O0003887,C00077,2025-11-17,12.92
O0003888,C00001,2025-11-01,453.99
O0003889,C00032,2025-11-26,112.15
O0003890,C00085,2025-11-12,23.15
O0003891,C00002,2025-11-28,246.09
O0003892,C00001,2025-11-24,114.58
O0003893,C00017,2025-11-25,11.33
O0003894,C00003,2025-11-20,357.87
O0003895,C00001,2025-11-19,128.37
O0003896,C00068,2025-11-25,4.48
O0003897,C00043,2025-11-20,65.89
O0003898,C00013,2025-11-04,424.24
O0003899,C00059,2025-11-10,42.81
O0003900,C00011,2025-11-09,9.19
O0003901,C00051,2025-12-19,70.24
O0003902,C00004,2025-12-27,136.46
O0003903,C00015,2025-12-21,8.26
O0003904,C00005,2025-12-24,251.25
O0003905,C00008,2025-12-28,119.36
O0003906,C00021,2025-12-13,78.72
O0003907,C00032,2025-12-17,202.11
O0003908,C00002,2025-12-01,18.05
O0003909,C00002,2025-12-04,57.28
O0003910,C00065,2025-12-18,69.63
O0003911,C00094,2025-12-16,11.61
O0003912,C00026,2025-12-15,38.82
O0003913,C00001,2025-12-10,194.99
O0003914,C00013,2025-12-02,499.3
O0003915,C00010,2025-12-15,327.37
O0003916,C00005,2025-12-13,24.99
O0003917,C00001,2025-12-04,120.52
O0003918,C00001,2025-12-16,68.75
O0003919,C00001,2025-12-04,287.82
O0003920,C00001,2025-12-15,214.82
O0003921,C00023,2025-12-17,19.01
O0003922,C00017,2025-12-23,126.65
O0003923,C00003,2025-12-25,249.13
O0003924,C00001,2025-12-10,175.13
O0003925,C00041,2025-12-21,272.85
O0003926,C00001,2025-12-18,298.06
O0003927,C00042,2025-12-12,125.98
O0003928,C00031,2025-12-28,97.06
O0003929,C00006,2025-12-19,94.07
O0003930,C00002,2025-12-07,219.98
O0003931,C00043,2025-12-06,78.0
O0003932,C00001,2025-12-05,570.13
O0003933,C00027,2025-12-23,199.77
O0003934,C00060,2025-12-05,82.55
O0003935,C00001,2025-12-26,535.6
O0003936,C00041,2025-12-11,45.34
O0003937,C00032,2025-12-10,12.98
O0003938,C00001,2025-12-19,368.62
O0003939,C00063,2025-12-13,35.83
O0003940,C00048,2025-12-26,88.04
O0003941,C00038,2025-12-03,84.78
O0003942,C00003,2025-12-14,585.5
O0003943,C00002,2025-12-27,157.3
O0003944,C00016,2025-12-25,59.43
O0003945,C00114,2025-12-18,32.59
O0003946,C00083,2025-12-06,81.11
O0003947,C00001,2025-12-18,192.58
O0003948,C00010,2025-12-16,372.85
O0003949,C00005,2025-12-01,497.32
O0003950,C00001,2025-12-04,246.96
O0003951,C00001,2025-12-28,578.97
O0003952,C00110,2025-12-01,10.87
O0003953,C00004,2025-12-02,311.66
O0003954,C00017,2025-12-21,154.86
O0003955,C00001,2025-12-05,97.83
O0003956,C00003,2025-12-25,542.99
O0003957,C00045,2025-12-22,129.24
O0003958,C00001,2025-12-15,344.22
O0003959,C00001,2025-12-07,113.07
O0003960,C00034,2025-12-15,148.15
O0003961,C00073,2025-12-20,48.49
O0003962,C00023,2025-12-09,2.82
O0003963,C00024,2025-12-21,73.38
O0003964,C00002,2025-12-04,261.44
O0003965,C00023,2025-12-01,365.58
O0003966,C00002,2025-12-21,444.31
O0003967,C00107,2025-12-23,39.17
O0003968,C00017,2025-12-15,231.91
O0003969,C00005,2025-12-19,6.79
O0003970,C00001,2025-12-14,106.08
O0003971,C00014,2025-12-28,312.29
O0003972,C00033,2025-12-17,20.79
O0003973,C00005,2025-12-08,237.46
O0003974,C00001,2025-12-09,387.71
O0003975,C00005,2025-12-27,694.3
O0003976,C00020,2025-12-21,19.13
O0003977,C00057,2025-12-09,13.58
O0003978,C00037,2025-12-16,39.81
O0003979,C00010,2025-12-19,797.5
O0003980,C00015,2025-12-05,380.19
O0003981,C00024,2025-12-22,2.57
O0003982,C00001,2025-12-03,16.54
O0003983,C00032,2025-12-17,51.1
O0003984,C00030,2025-12-11,171.5
O0003985,C00002,2025-12-17,310.45
O0003986,C00032,2025-12-22,51.01
O0003987,C00074,2025-12-13,23.71
O0003988,C00089,2025-12-24,42.2
O0003989,C00009,2025-12-12,554.57
O0003990,C00001,2025-12-14,301.99
O0003991,C00061,2025-12-08,43.37
O0003992,C00043,2025-12-28,230.63
O0003993,C00079,2025-12-06,18.44
O0003994,C00023,2025-12-25,97.8
O0003995,C00008,2025-12-04,133.01
O0003996,C00014,2025-12-22,157.66
O0003997,C00001,2025-12-26,597.57
O0003998,C00044,2025-12-11,155.87
O0003999,C00053,2025-12-04,41.77
O0004000,C00015,2025-12-09,399.86
O0004001,C00097,2025-12-28,1.79
O0004002,C00003,2025-12-21,47.76
O0004003,C00003,2025-12-24,409.66
O0004004,C00115,2025-12-23,5.53
O0004005,C00069,2025-12-14,44.62
O0004006,C00051,2025-12-03,112.47
O0004007,C00068,2025-12-01,2.36
O0004008,C00001,2025-12-11,310.88
O0004009,C00086,2025-12-19,14.36
O0004010,C00024,2025-12-07,11.67
O0004011,C00001,2025-12-03,167.21
O0004012,C00001,2025-12-12,223.34
O0004013,C00001,2025-12-16,376.81
O0004014,C00020,2025-12-07,199.76
O0004015,C00009,2025-12-17,292.16
O0004016,C00026,2025-12-26,44.45
O0004017,C00001,2025-12-17,131.1
O0004018,C00050,2025-12-17,87.26
O0004019,C00048,2025-12-04,222.63
O0004020,C00055,2025-12-09,3.57
O0004021,C00001,2025-12-19,262.48
O0004022,C00001,2025-12-11,720.03
O0004023,C00044,2025-12-03,136.61
O0004024,C00001,2025-12-04,220.57
O0004025,C00001,2025-12-27,353.34
O0004026,C00001,2025-12-04,323.29
O0004027,C00005,2025-12-19,62.16
O0004028,C00001,2025-12-02,506.5
O0004029,C00001,2025-12-04,389.39
O0004030,C00061,2025-12-28,29.19
O0004031,C00072,2025-12-15,44.26
O0004032,C00029,2025-12-27,61.9
O0004033,C00001,2025-12-09,558.57
O0004034,C00087,2025-12-08,43.26
O0004035,C00002,2025-12-15,294.74
O0004036,C00002,2025-12-11,478.7
O0004037,C00002,2025-12-06,242.84
O0004038,C00001,2025-12-26,263.89
O0004039,C00043,2025-12-03,98.73
O0004040,C00006,2025-12-07,166.13
O0004041,C00076,2025-12-06,59.2
O0004042,C00001,2025-12-13,309.34
O0004043,C00001,2025-12-08,199.33
O0004044,C00001,2025-12-18,290.2
O0004045,C00010,2025-12-07,804.63
O0004046,C00008,2025-12-17,770.27
O0004047,C00019,2025-12-15,112.97
O0004048,C00022,2025-12-17,198.52
O0004049,C00001,2025-12-10,293.91
O0004050,C00011,2025-12-01,33.72
O0004051,C00039,2025-12-21,20.62
O0004052,C00037,2025-12-28,122.68
O0004053,C00013,2025-12-16,339.09
O0004054,C00002,2025-12-08,205.55
O0004055,C00001,2025-12-03,44.11
O0004056,C00018,2025-12-10,96.89
O0004057,C00071,2025-12-23,75.56
O0004058,C00001,2025-12-18,112.9
O0004059,C00002,2025-12-23,273.96
O0004060,C00026,2025-12-01,64.96
O0004061,C00054,2025-12-15,56.76
O0004062,C00034,2025-12-20,101.62
O0004063,C00002,2025-12-26,652.65
O0004064,C00001,2025-12-22,796.4
O0004065,C00039,2025-12-13,8.84
O0004066,C00020,2025-12-23,76.07
O0004067,C00003,2025-12-18,220.61
O0004068,C00001,2025-12-03,251.44
O0004069,C00113,2025-12-05,79.93
O0004070,C00001,2025-12-23,353.83
O0004071,C00002,2025-12-04,507.98
O0004072,C00002,2025-12-09,162.52
O0004073,C00019,2025-12-16,19.4
O0004074,C00030,2025-12-26,174.16
O0004075,C00055,2025-12-06,6.34
O0004076,C00040,2025-12-13,211.81
O0004077,C00028,2025-12-23,87.54
O0004078,C00041,2025-12-13,45.78
O0004079,C00043,2025-12-12,30.02
O0004080,C00001,2025-12-12,219.16
O0004081,C00035,2025-12-11,140.28
O0004082,C00029,2025-12-11,26.76
O0004083,C00088,2025-12-23,71.72
O0004084,C00001,2025-12-06,344.9
O0004085,C00062,2025-12-28,39.92
O0004086,C00001,2025-12-01,242.84
O0004087,C00038,2025-12-20,278.45
O0004088,C00002,2025-12-28,56.83
O0004089,C00114,2025-12-09,0.89
O0004090,C00100,2025-12-12,6.38
O0004091,C00001,2025-12-01,492.28
O0004092,C00001,2025-12-14,254.19
O0004093,C00068,2025-12-11,36.82
O0004094,C00001,2025-12-23,262.44
O0004095,C00027,2025-12-12,111.43
O0004096,C00011,2025-12-11,28.17
O0004097,C00022,2025-12-19,162.74
O0004098,C00015,2025-12-08,223.29
O0004099,C00001,2025-12-17,323.19
O0004100,C00001,2025-12-05,284.42
O0004101,C00015,2025-12-28,360.84
O0004102,C00009,2025-12-03,324.09
O0004103,C00001,2025-12-20,380.23
O0004104,C00007,2025-12-20,508.06
O0004105,C00011,2025-12-05,323.92
O0004106,C00072,2025-12-12,53.12
O0004107,C00001,2025-12-14,223.43
O0004108,C00061,2025-12-18,25.46
O0004109,C00093,2025-12-04,37.74
O0004110,C00053,2025-12-08,334.3
O0004111,C00003,2025-12-15,392.25
O0004112,C00041,2025-12-11,156.36
O0004113,C00001,2025-12-12,487.11
O0004114,C00009,2025-12-21,69.68
O0004115,C00004,2025-12-26,61.21
O0004116,C00012,2025-12-21,750.64
O0004117,C00049,2025-12-23,179.72
O0004118,C00002,2025-12-23,625.93
O0004119,C00003,2025-12-09,172.56
O0004120,C00003,2025-12-04,510.77
O0004121,C00058,2025-12-26,45.45
O0004122,C00113,2025-12-24,30.99
O0004123,C00070,2025-12-09,83.94
O0004124,C00001,2025-12-17,99.61
O0004125,C00093,2025-12-06,11.43
O0004126,C00001,2025-12-20,64.23
O0004127,C00043,2025-12-19,129.65
O0004128,C00030,2025-12-17,3.38
O0004129,C00013,2025-12-17,416.66
O0004130,C00022,2025-12-28,18.54
O0004131,C00103,2025-12-25,34.36
O0004132,C00003,2025-12-25,153.83
O0004133,C00002,2025-12-12,178.6
O0004134,C00113,2025-12-04,6.04
O0004135,C00001,2025-12-04,425.74
O0004136,C00061,2025-12-23,23.3
O0004137,C00051,2025-12-09,52.38
O0004138,C00001,2025-12-19,213.46
O0004139,C00007,2025-12-02,280.58
O0004140,C00038,2025-12-23,179.53
O0004141,C00075,2025-12-10,77.86
O0004142,C00038,2025-12-13,24.08
O0004143,C00019,2025-12-02,62.32
O0004144,C00067,2025-12-18,30.62
O0004145,C00001,2025-12-27,195.95
O0004146,C00025,2025-12-07,43.94
O0004147,C00080,2025-12-24,44.55
O0004148,C00001,2025-12-12,396.17
O0004149,C00002,2025-12-21,283.38
O0004150,C00033,2025-12-24,2.78
O0004151,C00001,2025-12-10,60.22
O0004152,C00013,2025-12-09,158.54
O0004153,C00001,2025-12-12,134.8
O0004154,C00002,2025-12-14,43.97
O0004155,C00093,2025-12-03,119.75
O0004156,C00052,2025-12-19,2.58
O0004157,C00011,2025-12-19,49.08
O0004158,C00091,2025-12-02,33.51
O0004159,C00075,2025-12-18,0.64
O0004160,C00007,2025-12-12,270.83
O0004161,C00007,2026-01-06,262.91
O0004162,C00049,2026-01-02,62.9
O0004163,C00002,2026-01-01,234.12
O0004164,C00034,2026-01-20,56.74
O0004165,C00001,2026-01-17,38.81
O0004166,C00063,2026-01-01,41.73
O0004167,C00009,2026-01-12,347.77
O0004168,C00001,2026-01-21,638.86
O0004169,C00037,2026-01-26,42.93
O0004170,C00021,2026-01-11,107.48
O0004171,C00009,2026-01-26,551.28
O0004172,C00001,2026-01-21,336.19
O0004173,C00001,2026-01-28,155.22
O0004174,C00052,2026-01-05,103.04
O0004175,C00040,2026-01-20,11.02
O0004176,C00018,2026-01-07,120.64
O0004177,C00004,2026-01-21,176.83
O0004178,C00011,2026-01-21,796.28
O0004179,C00005,2026-01-26,174.79
O0004180,C00001,2026-01-13,191.87
O0004181,C00004,2026-01-21,635.52
O0004182,C00017,2026-01-09,58.33
O0004183,C00034,2026-01-18,17.76
O0004184,C00001,2026-01-04,353.69
O0004185,C00036,2026-01-17,6.42
O0004186,C00028,2026-01-21,28.61
O0004187,C00002,2026-01-05,136.43
O0004188,C00067,2026-01-19,61.79
O0004189,C00001,2026-01-16,435.46
O0004190,C00047,2026-01-16,74.97
O0004191,C00066,2026-01-28,3.73
O0004192,C00002,2026-01-28,463.81
O0004193,C00120,2026-01-06,31.21
O0004194,C00005,2026-01-21,392.86
O0004195,C00001,2026-01-28,119.95
O0004196,C00001,2026-01-15,257.16
O0004197,C00028,2026-01-01,2.26
O0004198,C00091,2026-01-01,0.7
O0004199,C00021,2026-01-13,88.98
O0004200,C00001,2026-01-02,220.88
O0004201,C00051,2026-01-16,94.94
O0004202,C00001,2026-01-11,525.07
O0004203,C00037,2026-01-19,120.39
O0004204,C00001,2026-01-21,379.93
O0004205,C00002,2026-01-04,260.16
O0004206,C00001,2026-01-08,151.08
O0004207,C00037,2026-01-02,2.45
O0004208,C00024,2026-01-24,55.73
O0004209,C00001,2026-01-22,341.66
O0004210,C00001,2026-01-14,341.09
O0004211,C00001,2026-01-25,104.19
O0004212,C00003,2026-01-13,6.17
O0004213,C00046,2026-01-26,108.64
O0004214,C00061,2026-01-19,38.91
O0004215,C00103,2026-01-04,44.36
O0004216,C00002,2026-01-17,264.47
O0004217,C00001,2026-01-17,200.34
O0004218,C00034,2026-01-10,2.64
O0004219,C00054,2026-01-07,1.16
O0004220,C00001,2026-01-09,278.86
O0004221,C00012,2026-01-10,171.69
O0004222,C00003,2026-01-04,73.8
O0004223,C00089,2026-01-03,42.37
O0004224,C00039,2026-01-02,13.57
O0004225,C00006,2026-01-09,164.3
O0004226,C00035,2026-01-27,221.16
O0004227,C00026,2026-01-06,9.45
O0004228,C00007,2026-01-24,181.48
O0004229,C00002,2026-01-08,280.41
O0004230,C00094,2026-01-19,47.69
O0004231,C00004,2026-01-10,67.61
O0004232,C00042,2026-01-18,75.71
O0004233,C00001,2026-01-21,97.51
O0004234,C00074,2026-01-12,21.47
O0004235,C00002,2026-01-19,333.74
O0004236,C00014,2026-01-09,273.56
O0004237,C00008,2026-01-13,362.62
O0004238,C00117,2026-01-10,105.21
O0004239,C00029,2026-01-08,169.71
O0004240,C00001,2026-01-22,383.52
O0004241,C00001,2026-01-23,114.88
O0004242,C00001,2026-01-09,582.72
O0004243,C00015,2026-01-04,389.59
O0004244,C00104,2026-01-23,5.13
O0004245,C00002,2026-01-17,193.22
O0004246,C00004,2026-01-27,202.28
O0004247,C00002,2026-01-13,285.29
O0004248,C00002,2026-01-14,8.8
O0004249,C00013,2026-01-13,412.44
O0004250,C00039,2026-01-06,14.08
O0004251,C00048,2026-01-09,70.11
O0004252,C00003,2026-01-01,775.6
O0004253,C00004,2026-01-14,264.26
O0004254,C00004,2026-01-14,254.98
O0004255,C00003,2026-01-14,158.71
O0004256,C00001,2026-01-20,259.44
O0004257,C00101,2026-01-02,41.8
O0004258,C00106,2026-01-22,13.81
O0004259,C00038,2026-01-04,224.02
O0004260,C00001,2026-01-21,424.57
O0004261,C00017,2026-01-12,114.25
O0004262,C00002,2026-01-02,36.98
O0004263,C00008,2026-01-13,8.63
O0004264,C00051,2026-01-07,31.07
O0004265,C00034,2026-01-16,150.94
O0004266,C00075,2026-01-06,41.34
O0004267,C00001,2026-01-16,250.94
O0004268,C00036,2026-01-02,136.85
O0004269,C00010,2026-01-17,3.14
O0004270,C00013,2026-01-19,485.67
O0004271,C00018,2026-01-01,99.63
O0004272,C00023,2026-01-14,106.86
O0004273,C00001,2026-01-10,320.8
O0004274,C00002,2026-01-27,829.49
O0004275,C00006,2026-01-04,14.31
O0004276,C00002,2026-01-15,265.31
O0004277,C00001,2026-01-24,278.13
O0004278,C00047,2026-01-03,1.98
O0004279,C00001,2026-01-28,424.63
O0004280,C00022,2026-01-05,89.93
O0004281,C00108,2026-01-11,37.8
O0004282,C00040,2026-01-24,230.58
O0004283,C00007,2026-01-21,264.68
O0004284,C00003,2026-01-03,453.47
O0004285,C00002,2026-01-07,617.36
O0004286,C00003,2026-01-10,383.72
O0004287,C00110,2026-01-28,4.09
O0004288,C00001,2026-01-14,123.69
O0004289,C00098,2026-01-11,0.85
O0004290,C00001,2026-01-20,550.92
O0004291,C00113,2026-01-07,18.66
O0004292,C00014,2026-01-22,846.44
O0004293,C00001,2026-01-06,253.67
O0004294,C00002,2026-01-07,43.2
O0004295,C00012,2026-01-12,283.12
O0004296,C00003,2026-01-24,189.36
O0004297,C00012,2026-01-14,583.21
O0004298,C00102,2026-01-20,23.3
O0004299,C00051,2026-01-21,223.71
O0004300,C00055,2026-01-05,25.91
O0004301,C00078,2026-01-18,23.02
O0004302,C00006,2026-01-24,294.23
O0004303,C00001,2026-01-18,286.17
O0004304,C00008,2026-01-09,410.27
O0004305,C00012,2026-01-07,76.25
O0004306,C00007,2026-01-12,6.02
O0004307,C00016,2026-01-01,7.24
O0004308,C00096,2026-01-19,36.38
O0004309,C00025,2026-01-28,28.07
O0004310,C00043,2026-01-05,3.78
O0004311,C00063,2026-01-06,39.59
O0004312,C00001,2026-01-20,438.91
O0004313,C00049,2026-01-02,180.7
O0004314,C00006,2026-01-05,28.08
O0004315,C00004,2026-01-21,419.66
O0004316,C00002,2026-01-21,319.8
O0004317,C00019,2026-01-03,96.18
O0004318,C00004,2026-01-11,180.55
O0004319,C00070,2026-01-10,48.6
O0004320,C00015,2026-01-02,193.73
O0004321,C00052,2026-01-28,25.73
O0004322,C00065,2026-01-03,20.09
O0004323,C00049,2026-01-21,138.83
O0004324,C00079,2026-01-19,80.78
O0004325,C00010,2026-01-01,300.75
O0004326,C00015,2026-01-22,105.83
O0004327,C00003,2026-01-01,44.59
O0004328,C00001,2026-01-04,463.77
O0004329,C00025,2026-01-18,158.25
O0004330,C00004,2026-01-04,125.93
O0004331,C00001,2026-01-28,23.83
O0004332,C00002,2026-01-23,621.97
O0004333,C00010,2026-01-27,103.88
O0004334,C00116,2026-01-17,7.53
O0004335,C00008,2026-01-08,390.09
O0004336,C00031,2026-01-23,8.71
O0004337,C00034,2026-01-25,15.94
O0004338,C00005,2026-01-13,147.41
O0004339,C00001,2026-01-19,410.75
O0004340,C00063,2026-01-19,8.07
O0004341,C00001,2026-01-26,141.29
O0004342,C00102,2026-01-26,31.44
O0004343,C00100,2026-01-27,49.33
O0004344,C00016,2026-01-12,23.53
O0004345,C00001,2026-01-17,123.41
O0004346,C00002,2026-01-11,207.43
O0004347,C00001,2026-01-24,499.38
O0004348,C00021,2026-01-26,91.32
O0004349,C00060,2026-01-02,56.0
O0004350,C00003,2026-01-22,237.53
O0004351,C00030,2026-01-20,28.93
O0004352,C00024,2026-01-16,272.05
O0004353,C00001,2026-01-21,132.71
O0004354,C00002,2026-01-08,170.88
O0004355,C00076,2026-01-13,14.3
O0004356,C00004,2026-01-24,133.35
O0004357,C00001,2026-01-17,128.62
O0004358,C00050,2026-01-01,41.35
O0004359,C00021,2026-01-03,114.64
O0004360,C00079,2026-01-27,76.68
O0004361,C00028,2026-01-20,245.77
O0004362,C00001,2026-01-01,294.4
O0004363,C00002,2026-01-26,461.93
O0004364,C00109,2026-01-08,22.98
O0004365,C00009,2026-01-10,296.91
O0004366,C00009,2026-01-07,90.54
O0004367,C00019,2026-01-06,51.59
O0004368,C00001,2026-01-14,123.35
O0004369,C00039,2026-01-27,209.66
O0004370,C00026,2026-01-18,13.37
O0004371,C00004,2026-01-14,385.63
O0004372,C00001,2026-01-06,332.69
O0004373,C00001,2026-01-13,365.67
O0004374,C00011,2026-01-07,333.33
O0004375,C00033,2026-01-03,92.82
O0004376,C00046,2026-01-20,179.6
O0004377,C00071,2026-01-28,18.37
O0004378,C00001,2026-01-11,455.72
O0004379,C00062,2026-01-17,9.25
O0004380,C00001,2026-01-28,239.69
O0004381,C00007,2026-01-08,695.78
O0004382,C00093,2026-01-17,30.38
O0004383,C00001,2026-01-03,345.63
O0004384,C00029,2026-01-25,153.14
O0004385,C00054,2026-01-22,50.47
O0004386,C00004,2026-01-17,65.22
O0004387,C00044,2026-01-09,64.88
O0004388,C00053,2026-01-14,18.35
O0004389,C00020,2026-01-27,168.98
O0004390,C00001,2026-01-12,293.31
O0004391,C00001,2026-01-27,405.32
O0004392,C00015,2026-01-19,145.71
O0004393,C00001,2026-01-19,322.97
O0004394,C00091,2026-01-15,17.61
O0004395,C00001,2026-01-25,13.29
O0004396,C00022,2026-01-23,60.56
O0004397,C00006,2026-01-28,316.22
O0004398,C00039,2026-01-26,54.87
O0004399,C00005,2026-01-04,147.89
O0004400,C00043,2026-01-27,1.26
O0004401,C00120,2026-01-22,55.05
O0004402,C00001,2026-01-12,335.35
O0004403,C00033,2026-01-20,92.35
O0004404,C00048,2026-01-16,60.7
O0004405,C00033,2026-01-23,73.35
O0004406,C00014,2026-01-08,52.08
O0004407,C00043,2026-01-12,17.61
O0004408,C00001,2026-01-22,382.82
O0004409,C00013,2026-01-06,322.51
O0004410,C00080,2026-01-24,26.79
O0004411,C00018,2026-01-01,105.91
O0004412,C00045,2026-01-07,127.28
O0004413,C00001,2026-01-24,131.16
O0004414,C00001,2026-01-22,329.69
O0004415,C00002,2026-01-12,57.41
O0004416,C00071,2026-01-13,24.13
O0004417,C00003,2026-01-16,88.05
O0004418,C00045,2026-01-07,71.57
O0004419,C00061,2026-01-19,15.44
O0004420,C00006,2026-01-07,339.85
O0004421,C00008,2026-02-20,199.85
O0004422,C00013,2026-02-27,202.63
O0004423,C00007,2026-02-09,9.18
O0004424,C00091,2026-02-22,25.76
O0004425,C00065,2026-02-28,26.56
O0004426,C00001,2026-02-25,228.02
O0004427,C00004,2026-02-19,751.52
O0004428,C00001,2026-02-18,269.46
O0004429,C00119,2026-02-09,76.3
O0004430,C00001,2026-02-13,181.31
O0004431,C00001,2026-02-16,505.25
O0004432,C00001,2026-02-12,513.51
O0004433,C00030,2026-02-13,112.72
O0004434,C00002,2026-02-03,221.83
O0004435,C00001,2026-02-22,415.8
O0004436,C00050,2026-02-27,76.36
O0004437,C00008,2026-02-03,371.49
O0004438,C00002,2026-02-03,565.21
O0004439,C00001,2026-02-03,378.68
O0004440,C00020,2026-02-28,174.38
O0004441,C00001,2026-02-18,113.26
O0004442,C00010,2026-02-10,527.97
O0004443,C00018,2026-02-13,40.85
O0004444,C00050,2026-02-18,58.12
O0004445,C00072,2026-02-04,33.76
O0004446,C00022,2026-02-10,30.86
O0004447,C00118,2026-02-07,10.53
O0004448,C00013,2026-02-16,534.45
O0004449,C00005,2026-02-12,466.1
O0004450,C00001,2026-02-26,529.6
O0004451,C00001,2026-02-12,313.14
O0004452,C00043,2026-02-01,46.69
O0004453,C00004,2026-02-19,234.98
O0004454,C00015,2026-02-05,373.51
O0004455,C00001,2026-02-15,260.48
O0004456,C00118,2026-02-04,9.43
O0004457,C00001,2026-02-21,274.13
O0004458,C00036,2026-02-15,191.56
O0004459,C00054,2026-02-01,103.98
O0004460,C00001,2026-02-04,290.04
O0004461,C00022,2026-02-17,199.13
O0004462,C00003,2026-02-04,169.9
O0004463,C00001,2026-02-09,189.85
O0004464,C00023,2026-02-17,55.49
O0004465,C00010,2026-02-23,145.06
O0004466,C00096,2026-02-01,56.84
O0004467,C00117,2026-02-21,23.38
O0004468,C00010,2026-02-16,6.26
O0004469,C00004,2026-02-19,570.01
O0004470,C00031,2026-02-04,3.0
O0004471,C00012,2026-02-13,258.53
O0004472,C00004,2026-02-24,144.63
O0004473,C00001,2026-02-18,254.48
O0004474,C00049,2026-02-24,12.48
O0004475,C00002,2026-02-22,195.06
O0004476,C00001,2026-02-10,6.8
O0004477,C00014,2026-02-09,424.05
O0004478,C00003,2026-02-09,310.0
O0004479,C00059,2026-02-15,29.52
O0004480,C00035,2026-02-09,157.7
O0004481,C00065,2026-02-01,54.79
O0004482,C00001,2026-02-19,713.2
O0004483,C00001,2026-02-07,531.53
O0004484,C00050,2026-02-06,60.68
O0004485,C00112,2026-02-03,85.31
O0004486,C00003,2026-02-09,259.02
O0004487,C00004,2026-02-10,176.91
O0004488,C00001,2026-02-07,20.95
O0004489,C00001,2026-02-19,550.37
O0004490,C00021,2026-02-28,315.81
O0004491,C00026,2026-02-15,89.96
O0004492,C00023,2026-02-17,95.55
O0004493,C00001,2026-02-24,202.95
O0004494,C00046,2026-02-23,120.57
O0004495,C00082,2026-02-02,5.4
O0004496,C00090,2026-02-11,58.68
O0004497,C00026,2026-02-07,258.22
O0004498,C00067,2026-02-15,53.05
O0004499,C00118,2026-02-17,1.26
O0004500,C00002,2026-02-28,62.79
O0004501,C00080,2026-02-02,15.47
O0004502,C00001,2026-02-18,378.86
O0004503,C00108,2026-02-16,4.43
O0004504,C00065,2026-02-02,67.96
O0004505,C00054,2026-02-23,146.66
O0004506,C00002,2026-02-12,620.51
O0004507,C00008,2026-02-08,57.68
O0004508,C00001,2026-02-02,218.58
O0004509,C00007,2026-02-09,558.42
O0004510,C00004,2026-02-09,388.07
O0004511,C00048,2026-02-06,41.02
O0004512,C00106,2026-02-02,23.6
O0004513,C00002,2026-02-23,27.19
O0004514,C00096,2026-02-02,6.2
O0004515,C00055,2026-02-02,63.49
O0004516,C00011,2026-02-08,279.16
O0004517,C00003,2026-02-27,218.79
O0004518,C00001,2026-02-28,201.52
O0004519,C00001,2026-02-18,376.12
O0004520,C00052,2026-02-20,122.41
O0004521,C00013,2026-02-22,622.56
O0004522,C00092,2026-02-25,22.32
O0004523,C00002,2026-02-27,576.31
O0004524,C00026,2026-02-15,183.79
O0004525,C00001,2026-02-14,303.93
O0004526,C00001,2026-02-16,363.78
O0004527,C00024,2026-02-28,6.21
O0004528,C00006,2026-02-05,461.37
O0004529,C00007,2026-02-20,494.04
O0004530,C00050,2026-02-28,142.2
O0004531,C00004,2026-02-14,311.91
O0004532,C00008,2026-02-12,171.73
O0004533,C00001,2026-02-18,187.06
O0004534,C00004,2026-02-03,42.73
O0004535,C00009,2026-02-07,106.79
O0004536,C00014,2026-02-27,481.15
O0004537,C00001,2026-02-24,50.31
O0004538,C00044,2026-02-07,107.37
O0004539,C00028,2026-02-21,113.36
O0004540,C00017,2026-02-22,95.62
O0004541,C00002,2026-02-01,426.0
O0004542,C00001,2026-02-14,228.88
O0004543,C00098,2026-02-06,39.29
O0004544,C00010,2026-02-09,34.11
O0004545,C00035,2026-02-25,40.72
O0004546,C00100,2026-02-26,4.68
O0004547,C00004,2026-02-18,334.93
O0004548,C00002,2026-02-16,6.2
O0004549,C00002,2026-02-12,478.41
O0004550,C00002,2026-02-12,214.87
O0004551,C00001,2026-02-28,428.13
O0004552,C00001,2026-02-26,337.73
O0004553,C00004,2026-02-27,159.52
O0004554,C00025,2026-02-05,53.77
O0004555,C00035,2026-02-02,161.56
O0004556,C00001,2026-02-17,195.11
O0004557,C00077,2026-02-24,3.69
O0004558,C00085,2026-02-24,38.46
O0004559,C00077,2026-02-20,2.49
O0004560,C00001,2026-02-02,480.65
O0004561,C00002,2026-02-21,41.36
O0004562,C00045,2026-02-27,35.63
O0004563,C00001,2026-02-18,157.67
O0004564,C00033,2026-02-05,38.41
O0004565,C00079,2026-02-03,33.27
O0004566,C00001,2026-02-10,306.97
O0004567,C00049,2026-02-20,110.2
O0004568,C00001,2026-02-04,285.83
O0004569,C00045,2026-02-21,25.3
O0004570,C00084,2026-02-22,72.01
O0004571,C00013,2026-02-19,24.52
O0004572,C00001,2026-02-06,413.69
O0004573,C00033,2026-02-06,77.4
O0004574,C00001,2026-02-21,213.2
O0004575,C00016,2026-02-08,175.46
O0004576,C00004,2026-02-24,431.9
O0004577,C00003,2026-02-26,221.06
O0004578,C00027,2026-02-01,307.02
O0004579,C00002,2026-02-07,352.58
O0004580,C00027,2026-02-18,239.64
O0004581,C00001,2026-02-14,521.27
O0004582,C00056,2026-02-08,25.76
O0004583,C00024,2026-02-03,80.48
O0004584,C00007,2026-02-19,352.07
O0004585,C00016,2026-02-12,100.93
O0004586,C00008,2026-02-22,807.47
O0004587,C00001,2026-02-08,217.69
O0004588,C00004,2026-02-04,285.53
O0004589,C00001,2026-02-12,6.85
O0004590,C00001,2026-02-12,291.39
O0004591,C00001,2026-02-06,275.8
O0004592,C00004,2026-02-07,124.99
O0004593,C00025,2026-02-11,211.03
O0004594,C00001,2026-02-24,415.49
O0004595,C00002,2026-02-20,186.12
O0004596,C00001,2026-02-12,313.15
O0004597,C00058,2026-02-21,22.01
O0004598,C00050,2026-02-03,58.32
O0004599,C00090,2026-02-13,26.68
O0004600,C00010,2026-02-01,39.83
O0004601,C00067,2026-02-23,46.37
O0004602,C00001,2026-02-10,200.3
O0004603,C00001,2026-02-02,397.09
O0004604,C00001,2026-02-22,245.43
O0004605,C00006,2026-02-03,380.0
O0004606,C00014,2026-02-26,28.53
O0004607,C00001,2026-02-16,449.88
O0004608,C00027,2026-02-10,115.89
O0004609,C00037,2026-02-03,141.55
O0004610,C00008,2026-02-03,348.05
O0004611,C00101,2026-02-04,19.82
O0004612,C00005,2026-02-21,232.79
O0004613,C00017,2026-02-14,58.51
O0004614,C00001,2026-02-26,220.71
O0004615,C00021,2026-02-19,70.11
O0004616,C00004,2026-02-22,361.53
O0004617,C00098,2026-02-28,30.25
O0004618,C00001,2026-02-23,684.65
O0004619,C00015,2026-02-16,605.08
O0004620,C00001,2026-02-05,267.62
O0004621,C00013,2026-02-20,120.02
O0004622,C00051,2026-02-17,151.82
O0004623,C00102,2026-02-13,46.96
O0004624,C00015,2026-02-02,206.08
O0004625,C00002,2026-02-09,303.09
O0004626,C00002,2026-02-28,496.28
O0004627,C00034,2026-02-26,85.91
O0004628,C00014,2026-02-15,180.32
O0004629,C00003,2026-02-08,35.16
O0004630,C00020,2026-02-19,91.23
O0004631,C00001,2026-02-26,672.93
O0004632,C00109,2026-02-05,85.18
O0004633,C00002,2026-02-03,237.77
O0004634,C00001,2026-02-27,177.21
O0004635,C00048,2026-02-05,115.0
O0004636,C00001,2026-02-04,231.67
O0004637,C00001,2026-02-03,61.77
O0004638,C00005,2026-02-02,204.54
O0004639,C00058,2026-02-09,25.68
O0004640,C00055,2026-02-15,1.0
O0004641,C00108,2026-02-01,1.57
O0004642,C00001,2026-02-12,241.23
O0004643,C00003,2026-02-14,348.67
O0004644,C00034,2026-02-19,24.05
O0004645,C00004,2026-02-23,230.87
O0004646,C00002,2026-02-18,453.33
O0004647,C00003,2026-02-28,137.65
O0004648,C00003,2026-02-08,361.82
O0004649,C00048,2026-02-22,323.84
O0004650,C00105,2026-02-03,46.35
O0004651,C00020,2026-02-17,93.75
O0004652,C00104,2026-02-20,1.07
O0004653,C00051,2026-02-03,11.37
O0004654,C00013,2026-02-22,504.67
O0004655,C00023,2026-02-16,88.4
O0004656,C00001,2026-02-18,416.01
O0004657,C00017,2026-02-18,71.32
O0004658,C00006,2026-02-26,136.15
O0004659,C00102,2026-02-01,0.75
O0004660,C00092,2026-02-03,34.97
O0004661,C00101,2026-02-16,42.37
O0004662,C00001,2026-02-10,241.55
O0004663,C00012,2026-02-10,367.58
O0004664,C00001,2026-02-04,79.48
O0004665,C00001,2026-02-01,315.46
O0004666,C00109,2026-02-18,50.91
O0004667,C00010,2026-02-03,319.61
O0004668,C00113,2026-02-15,51.04
O0004669,C00102,2026-02-19,27.77
O0004670,C00001,2026-02-16,175.6
O0004671,C00095,2026-02-21,2.23
O0004672,C00001,2026-02-18,852.25
O0004673,C00004,2026-02-06,701.56
O0004674,C00032,2026-02-01,84.38
O0004675,C00026,2026-02-15,86.57
O0004676,C00037,2026-02-22,91.05
O0004677,C00001,2026-02-01,56.44
O0004678,C00022,2026-02-23,120.74
O0004679,C00006,2026-02-01,7.93
O0004680,C00002,2026-02-13,440.86
O0004681,C00001,2026-03-07,613.26
O0004682,C00004,2026-03-08,281.45
O0004683,C00082,2026-03-14,64.79
O0004684,C00002,2026-03-12,383.91
O0004685,C00002,2026-03-20,310.53
O0004686,C00019,2026-03-09,9.05
O0004687,C00117,2026-03-09,21.57
O0004688,C00104,2026-03-18,41.76
O0004689,C00004,2026-03-01,348.9
O0004690,C00004,2026-03-02,542.97
O0004691,C00005,2026-03-09,136.55
O0004692,C00031,2026-03-15,121.93
O0004693,C00073,2026-03-02,39.54
O0004694,C00021,2026-03-22,118.8
O0004695,C00006,2026-03-17,433.96
O0004696,C00018,2026-03-24,22.97
O0004697,C00031,2026-03-09,136.49
O0004698,C00025,2026-03-10,54.02
O0004699,C00011,2026-03-23,146.92
O0004700,C00012,2026-03-13,106.25
O0004701,C00116,2026-03-28,4.33
O0004702,C00001,2026-03-27,6.93
O0004703,C00001,2026-03-16,510.35
O0004704,C00010,2026-03-27,674.17
O0004705,C00002,2026-03-21,113.87
O0004706,C00001,2026-03-17,401.82
O0004707,C00001,2026-03-08,59.44
O0004708,C00001,2026-03-08,396.06
O0004709,C00001,2026-03-06,371.19
O0004710,C00018,2026-03-06,94.55
O0004711,C00001,2026-03-01,211.91
O0004712,C00023,2026-03-17,90.92
O0004713,C00019,2026-03-20,187.21
O0004714,C00003,2026-03-24,155.24
O0004715,C00001,2026-03-16,318.25
O0004716,C00014,2026-03-05,193.64
O0004717,C00007,2026-03-03,515.32
O0004718,C00001,2026-03-18,102.65
O0004719,C00007,2026-03-28,600.69
O0004720,C00003,2026-03-20,557.68
O0004721,C00055,2026-03-28,54.75
O0004722,C00001,2026-03-04,469.22
O0004723,C00021,2026-03-04,167.19
O0004724,C00046,2026-03-15,2.33
O0004725,C00001,2026-03-12,6.5
O0004726,C00051,2026-03-18,60.44
O0004727,C00011,2026-03-09,152.75
O0004728,C00001,2026-03-06,560.26
O0004729,C00021,2026-03-27,6.11
O0004730,C00001,2026-03-27,672.03
O0004731,C00020,2026-03-10,95.56
O0004732,C00026,2026-03-07,52.66
O0004733,C00006,2026-03-25,283.46
O0004734,C00001,2026-03-12,26.37
O0004735,C00001,2026-03-10,520.3
O0004736,C00004,2026-03-15,254.68
O0004737,C00058,2026-03-10,59.04
O0004738,C00005,2026-03-14,197.85
O0004739,C00021,2026-03-04,190.09
O0004740,C00002,2026-03-09,155.86
O0004741,C00039,2026-03-03,166.05
O0004742,C00046,2026-03-17,37.83
O0004743,C00001,2026-03-15,218.14
O0004744,C00034,2026-03-15,106.63
O0004745,C00001,2026-03-08,9.9
O0004746,C00006,2026-03-12,132.47
O0004747,C00039,2026-03-25,92.81
O0004748,C00047,2026-03-05,99.18
O0004749,C00001,2026-03-22,372.69
O0004750,C00025,2026-03-28,159.5
O0004751,C00018,2026-03-20,5.05
O0004752,C00004,2026-03-18,222.87
O0004753,C00024,2026-03-19,29.8
O0004754,C00049,2026-03-15,189.08
O0004755,C00010,2026-03-24,392.91
O0004756,C00030,2026-03-25,262.03
O0004757,C00053,2026-03-26,3.23
O0004758,C00054,2026-03-04,30.75
O0004759,C00001,2026-03-26,374.67
O0004760,C00023,2026-03-14,152.71
O0004761,C00001,2026-03-08,247.7
O0004762,C00001,2026-03-27,326.78
O0004763,C00030,2026-03-07,107.15
O0004764,C00007,2026-03-09,238.19
O0004765,C00088,2026-03-14,21.37
O0004766,C00034,2026-03-28,139.99
O0004767,C00074,2026-03-20,31.41
O0004768,C00069,2026-03-12,13.23
O0004769,C00002,2026-03-03,121.49
O0004770,C00026,2026-03-27,43.54
O0004771,C00001,2026-03-01,15.91
O0004772,C00032,2026-03-16,56.72
O0004773,C00001,2026-03-24,465.32
O0004774,C00009,2026-03-15,894.26
O0004775,C00031,2026-03-02,70.98
O0004776,C00004,2026-03-12,332.52
O0004777,C00001,2026-03-05,8.69
O0004778,C00020,2026-03-21,135.47
O0004779,C00028,2026-03-23,90.55
O0004780,C00001,2026-03-09,312.98
O0004781,C00027,2026-03-24,94.36
O0004782,C00005,2026-03-01,313.96
O0004783,C00090,2026-03-24,52.02
O0004784,C00001,2026-03-12,109.44
O0004785,C00001,2026-03-13,209.48
O0004786,C00001,2026-03-28,193.57
O0004787,C00001,2026-03-02,523.91
O0004788,C00009,2026-03-06,712.79
O0004789,C00001,2026-03-14,116.88
O0004790,C00051,2026-03-06,14.69
O0004791,C00002,2026-03-27,300.16
O0004792,C00070,2026-03-05,25.36
O0004793,C00002,2026-03-02,327.66
O0004794,C00001,2026-03-25,510.09
O0004795,C00004,2026-03-14,25.46
O0004796,C00001,2026-03-07,117.93
O0004797,C00001,2026-03-04,316.09
O0004798,C00025,2026-03-10,8.18
O0004799,C00001,2026-03-14,261.68
O0004800,C00001,2026-03-02,315.27
O0004801,C00083,2026-03-18,46.13
O0004802,C00016,2026-03-26,99.75
O0004803,C00022,2026-03-20,47.06
O0004804,C00007,2026-03-14,200.33
O0004805,C00047,2026-03-22,84.61
O0004806,C00051,2026-03-26,8.38
O0004807,C00001,2026-03-19,187.2
O0004808,C00001,2026-03-10,295.42
O0004809,C00048,2026-03-13,210.38
O0004810,C00004,2026-03-14,355.35
O0004811,C00001,2026-03-05,162.94
O0004812,C00093,2026-03-26,47.13
O0004813,C00001,2026-03-21,221.3
O0004814,C00028,2026-03-25,112.03
O0004815,C00001,2026-03-02,11.71
O0004816,C00001,2026-03-07,147.49
O0004817,C00040,2026-03-09,50.92
O0004818,C00002,2026-03-26,143.25
O0004819,C00094,2026-03-28,13.8
O0004820,C00012,2026-03-22,198.96
O0004821,C00086,2026-03-13,75.16
O0004822,C00001,2026-03-05,396.86
O0004823,C00001,2026-03-16,19.6
O0004824,C00008,2026-03-02,497.67
O0004825,C00039,2026-03-18,25.38
O0004826,C00030,2026-03-02,99.66
O0004827,C00031,2026-03-03,143.25
O0004828,C00008,2026-03-01,233.13
O0004829,C00006,2026-03-15,434.31
O0004830,C00049,2026-03-09,78.48
O0004831,C00031,2026-03-07,146.57
O0004832,C00018,2026-03-14,38.53
O0004833,C00005,2026-03-02,289.36
O0004834,C00035,2026-03-25,41.79
O0004835,C00022,2026-03-09,143.87
O0004836,C00001,2026-03-07,339.94
O0004837,C00004,2026-03-27,163.34
O0004838,C00001,2026-03-03,221.25
O0004839,C00028,2026-03-19,25.16
O0004840,C00007,2026-03-11,150.19
O0004841,C00001,2026-03-17,275.98
O0004842,C00015,2026-03-08,245.5
O0004843,C00085,2026-03-20,23.44
O0004844,C00119,2026-03-02,31.79
O0004845,C00001,2026-03-22,347.93
O0004846,C00003,2026-03-09,731.26
O0004847,C00007,2026-03-22,156.82
O0004848,C00044,2026-03-22,71.72
O0004849,C00041,2026-03-01,64.77
O0004850,C00095,2026-03-11,51.27
O0004851,C00027,2026-03-08,68.03
O0004852,C00001,2026-03-10,205.16
O0004853,C00033,2026-03-11,17.31
O0004854,C00016,2026-03-09,67.37
O0004855,C00037,2026-03-15,133.93
O0004856,C00010,2026-03-23,9.1
O0004857,C00038,2026-03-20,51.5
O0004858,C00018,2026-03-17,204.33
O0004859,C00013,2026-03-01,119.69
O0004860,C00066,2026-03-19,57.9
O0004861,C00069,2026-03-14,30.3
O0004862,C00052,2026-03-16,188.79
O0004863,C00025,2026-03-18,110.82
O0004864,C00116,2026-03-06,52.17
O0004865,C00026,2026-03-23,8.97
O0004866,C00001,2026-03-23,236.45
O0004867,C00012,2026-03-18,209.04
O0004868,C00002,2026-03-11,374.14
O0004869,C00007,2026-03-08,182.08
O0004870,C00001,2026-03-27,433.34
O0004871,C00009,2026-03-25,251.38
O0004872,C00019,2026-03-03,17.33
O0004873,C00002,2026-03-15,344.18
O0004874,C00019,2026-03-18,52.48
O0004875,C00065,2026-03-06,74.06
O0004876,C00004,2026-03-05,30.44
O0004877,C00036,2026-03-18,40.98
O0004878,C00020,2026-03-25,100.08
O0004879,C00015,2026-03-01,352.18
O0004880,C00084,2026-03-17,79.69
O0004881,C00001,2026-03-02,337.68
O0004882,C00001,2026-03-26,642.14
O0004883,C00001,2026-03-18,496.97
O0004884,C00003,2026-03-15,176.46
O0004885,C00002,2026-03-04,435.42
O0004886,C00026,2026-03-22,93.9
O0004887,C00002,2026-03-20,4.52
O0004888,C00031,2026-03-10,169.14
O0004889,C00001,2026-03-12,24.58
O0004890,C00013,2026-03-03,310.39
O0004891,C00114,2026-03-08,4.76
O0004892,C00020,2026-03-26,1.83
O0004893,C00067,2026-03-15,25.11
O0004894,C00007,2026-03-11,339.2
O0004895,C00001,2026-03-12,213.53
O0004896,C00011,2026-03-03,496.24
O0004897,C00017,2026-03-13,173.96
O0004898,C00001,2026-03-14,4.06
O0004899,C00001,2026-03-14,141.07
O0004900,C00005,2026-03-09,254.19
O0004901,C00004,2026-03-02,5.74
O0004902,C00015,2026-03-21,36.39
O0004903,C00038,2026-03-16,45.83
O0004904,C00001,2026-03-04,373.38
O0004905,C00001,2026-03-25,885.25
O0004906,C00001,2026-03-13,315.25
O0004907,C00014,2026-03-21,340.56
O0004908,C00001,2026-03-05,406.18
O0004909,C00013,2026-03-27,573.98
O0004910,C00001,2026-03-13,52.47
O0004911,C00001,2026-03-12,4.98
O0004912,C00016,2026-03-15,173.64
O0004913,C00018,2026-03-12,104.09
O0004914,C00002,2026-03-01,450.28
O0004915,C00003,2026-03-14,327.39
O0004916,C00002,2026-03-28,759.5
O0004917,C00094,2026-03-19,38.55
O0004918,C00003,2026-03-07,398.58
O0004919,C00096,2026-03-21,5.43
O0004920,C00001,2026-03-17,439.83
O0004921,C00001,2026-03-20,492.92
O0004922,C00118,2026-03-22,16.93
O0004923,C00071,2026-03-12,46.85
O0004924,C00028,2026-03-11,125.23
O0004925,C00010,2026-03-04,226.4
O0004926,C00021,2026-03-02,23.51
O0004927,C00025,2026-03-06,10.0
O0004928,C00012,2026-03-28,173.94
O0004929,C00011,2026-03-10,331.55
O0004930,C00001,2026-03-18,582.04
O0004931,C00015,2026-03-11,10.25
O0004932,C00028,2026-03-25,62.22
O0004933,C00057,2026-03-12,15.68
O0004934,C00002,2026-03-20,195.02
O0004935,C00002,2026-03-27,257.96
O0004936,C00003,2026-03-21,346.9
O0004937,C00070,2026-03-10,57.29
O0004938,C00009,2026-03-22,437.38
O0004939,C00043,2026-03-11,250.24
O0004940,C00043,2026-03-06,102.55
O0004941,C00012,2026-04-15,40.99
O0004942,C00001,2026-04-23,244.89
O0004943,C00008,2026-04-25,610.51
O0004944,C00018,2026-04-12,16.44
O0004945,C00006,2026-04-17,38.11
O0004946,C00004,2026-04-08,173.86
O0004947,C00001,2026-04-21,125.61
O0004948,C00003,2026-04-09,231.05
O0004949,C00036,2026-04-06,70.26
O0004950,C00001,2026-04-06,328.48
O0004951,C00036,2026-04-24,76.01
O0004952,C00088,2026-04-05,39.42
O0004953,C00002,2026-04-25,300.58
O0004954,C00117,2026-04-12,17.51
O0004955,C00050,2026-04-01,167.67
O0004956,C00014,2026-04-07,469.16
O0004957,C00001,2026-04-14,349.35
O0004958,C00007,2026-04-07,453.53
O0004959,C00118,2026-04-27,81.89
O0004960,C00008,2026-04-01,232.22
O0004961,C00014,2026-04-24,134.29
O0004962,C00016,2026-04-27,203.28
O0004963,C00003,2026-04-25,208.78
O0004964,C00037,2026-04-23,89.24
O0004965,C00009,2026-04-15,395.75
O0004966,C00016,2026-04-20,80.54
O0004967,C00054,2026-04-07,11.18
O0004968,C00001,2026-04-10,338.35
O0004969,C00020,2026-04-15,14.17
O0004970,C00001,2026-04-13,51.18
O0004971,C00032,2026-04-07,58.34
O0004972,C00090,2026-04-25,42.93
O0004973,C00001,2026-04-08,693.91
O0004974,C00009,2026-04-26,277.59
O0004975,C00015,2026-04-05,348.45
O0004976,C00056,2026-04-03,66.85
O0004977,C00007,2026-04-20,41.5
O0004978,C00028,2026-04-28,69.41
O0004979,C00118,2026-04-09,63.13
O0004980,C00003,2026-04-17,100.18
O0004981,C00009,2026-04-17,300.98
O0004982,C00103,2026-04-05,33.11
O0004983,C00008,2026-04-25,644.56
O0004984,C00001,2026-04-24,150.43
O0004985,C00011,2026-04-05,331.85
O0004986,C00046,2026-04-24,20.18
O0004987,C00002,2026-04-13,226.64
O0004988,C00008,2026-04-12,460.92
O0004989,C00002,2026-04-15,8.88
O0004990,C00005,2026-04-10,273.79
O0004991,C00007,2026-04-23,14.93
O0004992,C00001,2026-04-01,335.41
O0004993,C00001,2026-04-28,415.8
O0004994,C00001,2026-04-15,278.86
O0004995,C00005,2026-04-16,716.37
O0004996,C00001,2026-04-03,539.43
O0004997,C00016,2026-04-07,146.21
O0004998,C00085,2026-04-20,28.9
O0004999,C00004,2026-04-01,251.36
O0005000,C00001,2026-04-05,250.18
O0005001,C00003,2026-04-09,238.02
O0005002,C00002,2026-04-12,319.71
O0005003,C00101,2026-04-11,16.47
O0005004,C00064,2026-04-18,0.95
O0005005,C00001,2026-04-16,178.74
O0005006,C00109,2026-04-16,48.74
O0005007,C00045,2026-04-13,218.08
O0005008,C00001,2026-04-13,32.45
O0005009,C00014,2026-04-13,541.72
O0005010,C00072,2026-04-01,68.9
O0005011,C00026,2026-04-01,17.49
O0005012,C00002,2026-04-18,391.64
O0005013,C00093,2026-04-11,25.1
O0005014,C00014,2026-04-16,461.65
O0005015,C00001,2026-04-21,215.3
O0005016,C00084,2026-04-22,59.21
O0005017,C00077,2026-04-03,39.21
O0005018,C00013,2026-04-09,402.88
O0005019,C00013,2026-04-05,366.85
O0005020,C00037,2026-04-28,11.33
O0005021,C00111,2026-04-15,61.37
O0005022,C00026,2026-04-10,115.34
O0005023,C00002,2026-04-11,150.95
O0005024,C00001,2026-04-18,836.97
O0005025,C00002,2026-04-10,158.32
O0005026,C00052,2026-04-13,46.19
O0005027,C00001,2026-04-14,298.85
O0005028,C00103,2026-04-11,26.94
O0005029,C00015,2026-04-20,315.28
O0005030,C00008,2026-04-13,157.14
O0005031,C00001,2026-04-23,174.33
O0005032,C00005,2026-04-25,442.16
O0005033,C00014,2026-04-02,513.68
O0005034,C00034,2026-04-07,100.16
O0005035,C00085,2026-04-25,41.6
O0005036,C00001,2026-04-06,161.85
O0005037,C00027,2026-04-12,167.15
O0005038,C00001,2026-04-25,7.23
O0005039,C00097,2026-04-14,22.67
O0005040,C00002,2026-04-04,172.33
O0005041,C00001,2026-04-04,46.66
O0005042,C00088,2026-04-05,0.57
O0005043,C00005,2026-04-08,259.31
O0005044,C00050,2026-04-27,76.25
O0005045,C00007,2026-04-12,188.92
O0005046,C00001,2026-04-27,70.34
O0005047,C00041,2026-04-14,66.17
O0005048,C00001,2026-04-04,94.72
O0005049,C00003,2026-04-24,598.96
O0005050,C00010,2026-04-24,493.49
O0005051,C00073,2026-04-18,46.81
O0005052,C00031,2026-04-23,52.87
O0005053,C00020,2026-04-16,4.51
O0005054,C00008,2026-04-28,268.84
O0005055,C00049,2026-04-20,76.82
O0005056,C00013,2026-04-18,165.28
O0005057,C00047,2026-04-05,31.3
O0005058,C00017,2026-04-21,106.84
O0005059,C00011,2026-04-27,473.57
O0005060,C00021,2026-04-09,40.91
O0005061,C00118,2026-04-01,46.76
O0005062,C00001,2026-04-07,35.56
O0005063,C00001,2026-04-04,569.5
O0005064,C00016,2026-04-03,65.75
O0005065,C00015,2026-04-15,617.73
O0005066,C00001,2026-04-08,333.3
O0005067,C00001,2026-04-02,57.55
O0005068,C00003,2026-04-08,363.63
O0005069,C00054,2026-04-25,70.87
O0005070,C00040,2026-04-08,241.22
O0005071,C00087,2026-04-12,56.45
O0005072,C00012,2026-04-17,34.87
O0005073,C00117,2026-04-07,15.44
O0005074,C00057,2026-04-15,8.46
O0005075,C00086,2026-04-15,40.75
O0005076,C00005,2026-04-21,594.05
O0005077,C00040,2026-04-26,2.49
O0005078,C00010,2026-04-12,20.36
O0005079,C00001,2026-04-15,167.37
O0005080,C00024,2026-04-07,343.03
O0005081,C00001,2026-04-01,523.88
O0005082,C00041,2026-04-22,92.08
O0005083,C00011,2026-04-26,188.57
O0005084,C00043,2026-04-16,13.23
O0005085,C00008,2026-04-22,306.54
O0005086,C00011,2026-04-11,58.94
O0005087,C00020,2026-04-18,3.37
O0005088,C00096,2026-04-12,6.53
O0005089,C00004,2026-04-12,459.54
O0005090,C00002,2026-04-10,51.9
O0005091,C00005,2026-04-07,171.21
O0005092,C00047,2026-04-03,192.21
O0005093,C00116,2026-04-11,18.95
O0005094,C00013,2026-04-11,830.45
O0005095,C00005,2026-04-05,329.22
O0005096,C00016,2026-04-17,188.61
O0005097,C00013,2026-04-27,379.33
O0005098,C00002,2026-04-17,57.01
O0005099,C00008,2026-04-25,11.96
O0005100,C00036,2026-04-02,3.34
O0005101,C00061,2026-04-10,30.75
O0005102,C00052,2026-04-14,2.34
O0005103,C00002,2026-04-01,717.43
O0005104,C00003,2026-04-15,91.21
O0005105,C00030,2026-04-03,55.95
O0005106,C00040,2026-04-27,238.79
O0005107,C00001,2026-04-27,553.78
O0005108,C00044,2026-04-02,3.31
O0005109,C00058,2026-04-11,38.14
O0005110,C00003,2026-04-27,171.95
O0005111,C00026,2026-04-11,66.58
O0005112,C00002,2026-04-19,232.58
O0005113,C00001,2026-04-26,98.16
O0005114,C00083,2026-04-26,50.15
O0005115,C00041,2026-04-09,51.75
O0005116,C00001,2026-04-19,512.84
O0005117,C00037,2026-04-23,154.9
O0005118,C00054,2026-04-03,50.01
O0005119,C00001,2026-04-11,470.32
O0005120,C00001,2026-04-16,76.89
O0005121,C00002,2026-04-06,151.48
O0005122,C00001,2026-04-27,173.32
O0005123,C00033,2026-04-04,109.29
O0005124,C00053,2026-04-09,228.61
O0005125,C00089,2026-04-20,62.89
O0005126,C00001,2026-04-09,275.27
O0005127,C00018,2026-04-18,8.49
O0005128,C00001,2026-04-18,472.9
O0005129,C00001,2026-04-19,426.46
O0005130,C00002,2026-04-22,374.74
O0005131,C00001,2026-04-12,693.1
O0005132,C00001,2026-04-12,232.0
O0005133,C00006,2026-04-14,47.43
O0005134,C00003,2026-04-17,392.85
O0005135,C00034,2026-04-06,64.51
O0005136,C00037,2026-04-11,153.86
O0005137,C00001,2026-04-14,501.46
O0005138,C00026,2026-04-21,71.38
O0005139,C00009,2026-04-27,365.7
O0005140,C00006,2026-04-17,343.86
O0005141,C00001,2026-04-20,191.58
O0005142,C00028,2026-04-21,188.44
O0005143,C00003,2026-04-14,87.14
O0005144,C00112,2026-04-02,48.74
O0005145,C00010,2026-04-08,27.41
O0005146,C00039,2026-04-14,23.24
O0005147,C00099,2026-04-15,43.75
O0005148,C00050,2026-04-05,58.62
O0005149,C00037,2026-04-17,137.48
O0005150,C00092,2026-04-18,0.45
O0005151,C00006,2026-04-15,342.46
O0005152,C00051,2026-04-21,64.15
O0005153,C00017,2026-04-18,5.62
O0005154,C00001,2026-04-25,193.99
O0005155,C00076,2026-04-21,36.32
O0005156,C00038,2026-04-05,50.86
O0005157,C00009,2026-04-26,214.4
O0005158,C00076,2026-04-17,29.28
O0005159,C00094,2026-04-14,37.97
O0005160,C00075,2026-04-19,54.2
O0005161,C00077,2026-04-23,2.53
O0005162,C00001,2026-04-20,315.59
O0005163,C00003,2026-04-04,703.14
O0005164,C00001,2026-04-10,602.74
O0005165,C00081,2026-04-15,67.64
O0005166,C00007,2026-04-28,490.99
O0005167,C00044,2026-04-14,7.83
O0005168,C00038,2026-04-26,88.52
O0005169,C00001,2026-04-19,195.85
O0005170,C00030,2026-04-15,220.78
O0005171,C00099,2026-04-23,25.0
O0005172,C00093,2026-04-15,20.99
O0005173,C00004,2026-04-11,182.66
O0005174,C00074,2026-04-23,29.81
O0005175,C00002,2026-04-08,48.28
O0005176,C00058,2026-04-07,16.03
O0005177,C00041,2026-04-13,100.76
O0005178,C00001,2026-04-24,158.26
O0005179,C00006,2026-04-11,614.62
O0005180,C00003,2026-04-24,425.08
O0005181,C00035,2026-04-01,12.67
O0005182,C00005,2026-04-15,321.0
O0005183,C00005,2026-04-22,119.74
O0005184,C00079,2026-04-11,77.9
O0005185,C00001,2026-04-08,607.0
O0005186,C00081,2026-04-24,61.36
O0005187,C00021,2026-04-02,235.28
O0005188,C00001,2026-04-04,370.36
O0005189,C00027,2026-04-02,74.51
O0005190,C00082,2026-04-03,24.13
O0005191,C00018,2026-04-07,99.37
O0005192,C00004,2026-04-06,483.77
O0005193,C00025,2026-04-18,107.65
O0005194,C00023,2026-04-20,171.58
O0005195,C00041,2026-04-15,1.65
O0005196,C00005,2026-04-01,6.28
O0005197,C00076,2026-04-11,26.5
O0005198,C00047,2026-04-15,48.88
O0005199,C00055,2026-04-18,13.78
O0005200,C00001,2026-04-16,114.8
O0005201,C00089,2026-05-08,28.52
O0005202,C00091,2026-05-04,42.7
O0005203,C00104,2026-05-17,38.86
O0005204,C00007,2026-05-11,799.81
O0005205,C00040,2026-05-24,42.09
O0005206,C00002,2026-05-28,92.65
O0005207,C00001,2026-05-22,217.26
O0005208,C00014,2026-05-16,829.46
O0005209,C00015,2026-05-21,299.8
O0005210,C00072,2026-05-03,59.4
O0005211,C00002,2026-05-07,83.97
O0005212,C00055,2026-05-17,48.02
O0005213,C00001,2026-05-14,195.27
O0005214,C00001,2026-05-17,182.38
O0005215,C00107,2026-05-13,90.92
O0005216,C00047,2026-05-28,81.09
O0005217,C00019,2026-05-18,147.55
O0005218,C00001,2026-05-12,194.84
O0005219,C00059,2026-05-24,42.04
O0005220,C00013,2026-05-15,29.91
O0005221,C00001,2026-05-03,155.06
O0005222,C00023,2026-05-16,134.11
O0005223,C00001,2026-05-25,254.27
O0005224,C00006,2026-05-08,299.5
O0005225,C00022,2026-05-24,149.76
O0005226,C00004,2026-05-02,135.17
O0005227,C00043,2026-05-04,232.65
O0005228,C00042,2026-05-24,9.62
O0005229,C00011,2026-05-20,226.76
O0005230,C00033,2026-05-07,88.82
O0005231,C00020,2026-05-27,110.77
O0005232,C00001,2026-05-04,8.25
O0005233,C00001,2026-05-21,108.31
O0005234,C00002,2026-05-16,56.41
O0005235,C00020,2026-05-07,108.88
O0005236,C00092,2026-05-01,56.44
O0005237,C00076,2026-05-22,3.66
O0005238,C00005,2026-05-24,260.35
O0005239,C00001,2026-05-21,274.47
O0005240,C00003,2026-05-14,77.16
O0005241,C00001,2026-05-23,140.35
O0005242,C00001,2026-05-03,11.29
O0005243,C00117,2026-05-12,32.99
O0005244,C00016,2026-05-18,140.56
O0005245,C00001,2026-05-25,305.23
O0005246,C00005,2026-05-08,142.49
O0005247,C00015,2026-05-28,362.56
O0005248,C00006,2026-05-10,12.12
O0005249,C00001,2026-05-14,501.54
O0005250,C00002,2026-05-22,403.97
O0005251,C00001,2026-05-17,466.22
O0005252,C00015,2026-05-19,163.06
O0005253,C00018,2026-05-23,299.77
O0005254,C00054,2026-05-01,87.78
O0005255,C00001,2026-05-18,262.35
O0005256,C00014,2026-05-27,617.81
O0005257,C00027,2026-05-07,138.01
O0005258,C00001,2026-05-26,11.69
O0005259,C00001,2026-05-24,170.67
O0005260,C00003,2026-05-13,63.32
O0005261,C00075,2026-05-07,30.56
O0005262,C00001,2026-05-01,244.1
O0005263,C00022,2026-05-15,1.85
O0005264,C00003,2026-05-12,42.31
O0005265,C00001,2026-05-13,322.53
O0005266,C00119,2026-05-16,38.23
O0005267,C00106,2026-05-12,24.71
O0005268,C00022,2026-05-08,82.9
O0005269,C00015,2026-05-11,237.1
O0005270,C00001,2026-05-20,18.94
O0005271,C00001,2026-05-23,33.44
O0005272,C00099,2026-05-20,6.86
O0005273,C00050,2026-05-10,138.42
O0005274,C00023,2026-05-08,133.14
O0005275,C00038,2026-05-28,222.82
O0005276,C00010,2026-05-10,203.9
O0005277,C00012,2026-05-20,445.82
O0005278,C00040,2026-05-02,27.45
O0005279,C00097,2026-05-01,10.84
O0005280,C00001,2026-05-23,348.23
O0005281,C00044,2026-05-11,71.81
O0005282,C00008,2026-05-21,384.16
O0005283,C00001,2026-05-22,163.1
O0005284,C00012,2026-05-22,172.3
O0005285,C00035,2026-05-04,28.1
O0005286,C00001,2026-05-07,295.67
O0005287,C00026,2026-05-07,188.69
O0005288,C00028,2026-05-28,4.43
O0005289,C00098,2026-05-18,0.7
O0005290,C00001,2026-05-17,297.77
O0005291,C00042,2026-05-05,135.85
O0005292,C00010,2026-05-19,578.03
O0005293,C00001,2026-05-14,199.61
O0005294,C00001,2026-05-18,41.23
O0005295,C00103,2026-05-21,63.86
O0005296,C00018,2026-05-24,59.31
O0005297,C00005,2026-05-20,636.94
O0005298,C00080,2026-05-16,33.56
O0005299,C00031,2026-05-24,98.55
O0005300,C00001,2026-05-26,97.13
O0005301,C00006,2026-05-11,33.11
O0005302,C00003,2026-05-20,175.07
O0005303,C00002,2026-05-03,422.05
O0005304,C00020,2026-05-21,38.18
O0005305,C00014,2026-05-27,108.34
O0005306,C00025,2026-05-26,45.3
O0005307,C00001,2026-05-21,253.8
O0005308,C00005,2026-05-03,33.44
O0005309,C00001,2026-05-22,107.66
O0005310,C00004,2026-05-09,845.13
O0005311,C00052,2026-05-14,145.69
O0005312,C00009,2026-05-01,222.55
O0005313,C00001,2026-05-28,320.9
O0005314,C00001,2026-05-02,226.65
O0005315,C00043,2026-05-12,276.19
O0005316,C00016,2026-05-13,155.15
O0005317,C00001,2026-05-16,285.16
O0005318,C00001,2026-05-15,327.93
O0005319,C00033,2026-05-19,58.56
O0005320,C00001,2026-05-26,413.21
O0005321,C00002,2026-05-23,698.65
O0005322,C00002,2026-05-19,8.98
O0005323,C00005,2026-05-08,276.8
O0005324,C00004,2026-05-23,198.65
O0005325,C00045,2026-05-24,112.09
O0005326,C00014,2026-05-07,539.5
O0005327,C00005,2026-05-16,10.82
O0005328,C00032,2026-05-26,134.5
O0005329,C00002,2026-05-19,492.58
O0005330,C00001,2026-05-08,92.68
O0005331,C00018,2026-05-17,223.46
O0005332,C00001,2026-05-20,528.5
O0005333,C00001,2026-05-07,540.22
O0005334,C00084,2026-05-19,33.37
O0005335,C00091,2026-05-09,20.02
O0005336,C00001,2026-05-16,379.09
O0005337,C00001,2026-05-24,472.83
O0005338,C00001,2026-05-09,174.92
O0005339,C00001,2026-05-07,9.22
O0005340,C00003,2026-05-08,525.58
O0005341,C00053,2026-05-21,172.41
O0005342,C00001,2026-05-27,511.77
O0005343,C00001,2026-05-02,277.8
O0005344,C00001,2026-05-19,787.82
O0005345,C00001,2026-05-14,216.68
O0005346,C00005,2026-05-21,358.92
O0005347,C00043,2026-05-19,135.46
O0005348,C00001,2026-05-24,479.77
O0005349,C00063,2026-05-15,62.2
O0005350,C00001,2026-05-27,148.98
O0005351,C00006,2026-05-15,345.95
O0005352,C00010,2026-05-25,400.22
O0005353,C00003,2026-05-27,156.44
O0005354,C00108,2026-05-12,11.15
O0005355,C00013,2026-05-10,125.23
O0005356,C00006,2026-05-14,386.64
O0005357,C00006,2026-05-10,455.27
O0005358,C00011,2026-05-09,187.67
O0005359,C00002,2026-05-26,11.9
O0005360,C00095,2026-05-01,37.73
O0005361,C00090,2026-05-15,54.05
O0005362,C00001,2026-05-11,317.72
O0005363,C00085,2026-05-28,1.67
O0005364,C00008,2026-05-09,262.6
O0005365,C00007,2026-05-26,273.44
O0005366,C00001,2026-05-03,204.04
O0005367,C00001,2026-05-25,230.79
O0005368,C00008,2026-05-28,203.9
O0005369,C00001,2026-05-02,355.76
O0005370,C00004,2026-05-09,184.61
O0005371,C00007,2026-05-01,315.34
O0005372,C00116,2026-05-28,0.67
O0005373,C00018,2026-05-02,129.74
O0005374,C00010,2026-05-21,93.38
O0005375,C00001,2026-05-05,640.25
O0005376,C00003,2026-05-08,851.17
O0005377,C00018,2026-05-05,159.57
O0005378,C00080,2026-05-01,41.29
O0005379,C00004,2026-05-20,186.68
O0005380,C00017,2026-05-20,11.42
O0005381,C00001,2026-05-07,586.41
O0005382,C00004,2026-05-04,483.86
O0005383,C00005,2026-05-10,11.62
O0005384,C00002,2026-05-13,24.29
O0005385,C00109,2026-05-19,39.79
O0005386,C00007,2026-05-21,8.53
O0005387,C00011,2026-05-02,282.09
O0005388,C00001,2026-05-25,51.76
O0005389,C00003,2026-05-23,96.95
O0005390,C00001,2026-05-04,207.47
O0005391,C00011,2026-05-27,164.16
O0005392,C00009,2026-05-03,288.92
O0005393,C00001,2026-05-11,116.77
O0005394,C00002,2026-05-02,246.83
O0005395,C00007,2026-05-20,560.08
O0005396,C00016,2026-05-03,108.93
O0005397,C00109,2026-05-17,37.73
O0005398,C00036,2026-05-02,157.33
O0005399,C00001,2026-05-27,592.56
O0005400,C00098,2026-05-04,32.81
O0005401,C00001,2026-05-01,395.42
O0005402,C00001,2026-05-07,498.71
O0005403,C00004,2026-05-25,238.97
O0005404,C00089,2026-05-22,1.36
O0005405,C00001,2026-05-05,169.01
O0005406,C00036,2026-05-24,4.4
O0005407,C00098,2026-05-13,57.73
O0005408,C00001,2026-05-23,737.47
O0005409,C00087,2026-05-18,16.59
O0005410,C00002,2026-05-24,78.02
O0005411,C00031,2026-05-11,144.26
O0005412,C00065,2026-05-22,9.05
O0005413,C00082,2026-05-16,1.48
O0005414,C00025,2026-05-22,38.0
O0005415,C00022,2026-05-01,107.83
O0005416,C00086,2026-05-23,27.37
O0005417,C00028,2026-05-01,51.66
O0005418,C00007,2026-05-12,32.37
O0005419,C00048,2026-05-19,44.01
O0005420,C00108,2026-05-05,0.87
O0005421,C00001,2026-05-04,220.11
O0005422,C00008,2026-05-25,589.14
O0005423,C00006,2026-05-05,628.01
O0005424,C00071,2026-05-14,19.86
O0005425,C00001,2026-05-15,414.09
O0005426,C00034,2026-05-11,58.34
O0005427,C00037,2026-05-23,116.25
O0005428,C00004,2026-05-10,165.93
O0005429,C00034,2026-05-23,1.46
O0005430,C00034,2026-05-28,168.96
O0005431,C00005,2026-05-28,253.51
O0005432,C00048,2026-05-26,127.38
O0005433,C00108,2026-05-27,3.17
O0005434,C00045,2026-05-03,85.76
O0005435,C00001,2026-05-17,399.01
O0005436,C00088,2026-05-25,21.78
O0005437,C00049,2026-05-03,104.61
O0005438,C00115,2026-05-02,51.25
O0005439,C00044,2026-05-13,207.65
O0005440,C00081,2026-05-28,61.39
O0005441,C00067,2026-05-02,66.01
O0005442,C00035,2026-05-03,194.2
O0005443,C00013,2026-05-21,333.92
O0005444,C00002,2026-05-07,778.5
O0005445,C00043,2026-05-01,129.49
O0005446,C00007,2026-05-25,183.43
O0005447,C00003,2026-05-24,355.62
O0005448,C00030,2026-05-22,122.64
O0005449,C00037,2026-05-10,193.65
O0005450,C00001,2026-05-18,695.69
O0005451,C00060,2026-05-12,79.0
O0005452,C00009,2026-05-28,137.48
O0005453,C00003,2026-05-14,193.91
O0005454,C00002,2026-05-06,672.54
O0005455,C00005,2026-05-15,275.24
O0005456,C00016,2026-05-27,2.97
O0005457,C00116,2026-05-05,23.85
O0005458,C00001,2026-05-13,252.25
O0005459,C00004,2026-05-20,395.64
O0005460,C00101,2026-05-25,37.91
O0005461,C00001,2026-06-08,148.35
O0005462,C00084,2026-06-12,2.04
O0005463,C00003,2026-06-16,49.12
O0005464,C00014,2026-06-10,227.99
O0005465,C00076,2026-06-18,40.77
O0005466,C00001,2026-06-01,380.54
O0005467,C00009,2026-06-09,230.64
O0005468,C00041,2026-06-13,150.62
O0005469,C00027,2026-06-18,256.85
O0005470,C00026,2026-06-27,4.63
O0005471,C00002,2026-06-01,166.58
O0005472,C00002,2026-06-15,583.93
O0005473,C00001,2026-06-13,135.1
O0005474,C00021,2026-06-25,54.53
O0005475,C00001,2026-06-01,217.3
O0005476,C00055,2026-06-09,16.99
O0005477,C00060,2026-06-04,33.18
O0005478,C00013,2026-06-05,334.16
O0005479,C00007,2026-06-15,504.31
O0005480,C00115,2026-06-11,3.65
O0005481,C00066,2026-06-09,46.91
O0005482,C00076,2026-06-09,82.23
O0005483,C00004,2026-06-26,268.17
O0005484,C00016,2026-06-11,134.18
O0005485,C00066,2026-06-06,23.53
O0005486,C00007,2026-06-25,45.88
O0005487,C00004,2026-06-07,296.7
O0005488,C00049,2026-06-26,1.56
O0005489,C00044,2026-06-14,62.87
O0005490,C00001,2026-06-27,926.56
O0005491,C00001,2026-06-25,203.98
O0005492,C00069,2026-06-10,68.92
O0005493,C00005,2026-06-11,84.63
O0005494,C00026,2026-06-25,47.74
O0005495,C00001,2026-06-27,278.02
O0005496,C00002,2026-06-10,222.29
O0005497,C00001,2026-06-15,395.34
O0005498,C00039,2026-06-24,3.6
O0005499,C00001,2026-06-17,5.72
O0005500,C00007,2026-06-17,236.17
O0005501,C00062,2026-06-24,68.24
O0005502,C00006,2026-06-14,88.79
O0005503,C00025,2026-06-21,120.02
O0005504,C00001,2026-06-21,195.98
O0005505,C00065,2026-06-13,13.84
O0005506,C00008,2026-06-22,409.11
O0005507,C00009,2026-06-19,165.99
O0005508,C00062,2026-06-19,32.14
O0005509,C00037,2026-06-09,70.7
O0005510,C00012,2026-06-02,347.49
O0005511,C00005,2026-06-27,344.43
O0005512,C00060,2026-06-04,43.24
O0005513,C00013,2026-06-06,642.99
O0005514,C00001,2026-06-27,525.25
O0005515,C00069,2026-06-01,11.46
O0005516,C00010,2026-06-22,418.05
O0005517,C00008,2026-06-27,454.67
O0005518,C00016,2026-06-20,111.02
O0005519,C00103,2026-06-09,14.55
O0005520,C00052,2026-06-02,83.78
O0005521,C00081,2026-06-22,24.25
O0005522,C00001,2026-06-14,186.42
O0005523,C00072,2026-06-25,111.68
O0005524,C00002,2026-06-19,396.86
O0005525,C00003,2026-06-04,41.24
O0005526,C00001,2026-06-03,739.99
O0005527,C00001,2026-06-08,354.55
O0005528,C00045,2026-06-13,108.07
O0005529,C00002,2026-06-23,166.19
O0005530,C00006,2026-06-07,182.89
O0005531,C00002,2026-06-05,138.49
O0005532,C00027,2026-06-20,74.73
O0005533,C00050,2026-06-24,122.02
O0005534,C00001,2026-06-13,513.31
O0005535,C00002,2026-06-21,413.1
O0005536,C00001,2026-06-08,253.72
O0005537,C00010,2026-06-03,185.35
O0005538,C00001,2026-06-15,189.53
O0005539,C00002,2026-06-12,485.35
O0005540,C00021,2026-06-15,136.79
O0005541,C00001,2026-06-01,326.64
O0005542,C00001,2026-06-06,133.71
O0005543,C00093,2026-06-22,49.99
O0005544,C00023,2026-06-01,4.36
O0005545,C00001,2026-06-01,848.12
O0005546,C00004,2026-06-11,218.62
O0005547,C00007,2026-06-07,124.93
O0005548,C00006,2026-06-08,158.97
O0005549,C00001,2026-06-15,653.44
O0005550,C00001,2026-06-17,326.55
O0005551,C00008,2026-06-22,232.29
O0005552,C00024,2026-06-02,169.91
O0005553,C00018,2026-06-04,15.35
O0005554,C00001,2026-06-13,10.99
O0005555,C00002,2026-06-09,364.68
O0005556,C00017,2026-06-05,29.57
O0005557,C00005,2026-06-09,548.76
O0005558,C00007,2026-06-09,824.13
O0005559,C00021,2026-06-25,162.08
O0005560,C00001,2026-06-01,79.05
O0005561,C00005,2026-06-21,421.35
O0005562,C00027,2026-06-25,94.18
O0005563,C00003,2026-06-23,472.74
O0005564,C00002,2026-06-22,385.85
O0005565,C00027,2026-06-20,165.68
O0005566,C00012,2026-06-16,403.85
O0005567,C00003,2026-06-17,508.4
O0005568,C00022,2026-06-22,133.71
O0005569,C00001,2026-06-14,708.59
O0005570,C00002,2026-06-15,252.08
O0005571,C00002,2026-06-04,659.75
O0005572,C00056,2026-06-01,40.14
O0005573,C00001,2026-06-19,91.21
O0005574,C00022,2026-06-13,60.75
O0005575,C00082,2026-06-28,23.0
O0005576,C00001,2026-06-08,142.9
O0005577,C00018,2026-06-21,247.28
O0005578,C00003,2026-06-04,122.35
O0005579,C00001,2026-06-10,825.34
O0005580,C00020,2026-06-07,7.0
O0005581,C00002,2026-06-19,7.2
O0005582,C00008,2026-06-06,11.73
O0005583,C00090,2026-06-28,73.0
O0005584,C00001,2026-06-10,465.37
O0005585,C00002,2026-06-04,425.79
O0005586,C00087,2026-06-02,73.8
O0005587,C00021,2026-06-18,3.0
O0005588,C00012,2026-06-26,69.4
O0005589,C00003,2026-06-20,44.51
O0005590,C00017,2026-06-07,3.68
O0005591,C00031,2026-06-28,2.58
O0005592,C00051,2026-06-24,129.6
O0005593,C00047,2026-06-04,94.99
O0005594,C00101,2026-06-18,20.18
O0005595,C00002,2026-06-10,675.48
O0005596,C00083,2026-06-24,16.72
O0005597,C00030,2026-06-16,177.79
O0005598,C00001,2026-06-17,340.21
O0005599,C00044,2026-06-05,253.84
O0005600,C00049,2026-06-28,149.76
O0005601,C00001,2026-06-14,688.3
O0005602,C00005,2026-06-26,60.05
O0005603,C00016,2026-06-15,171.35
O0005604,C00002,2026-06-23,428.67
O0005605,C00090,2026-06-23,41.43
O0005606,C00107,2026-06-12,4.04
O0005607,C00092,2026-06-13,13.91
O0005608,C00022,2026-06-07,26.95
O0005609,C00003,2026-06-26,32.75
O0005610,C00002,2026-06-15,270.03
O0005611,C00092,2026-06-06,126.74
O0005612,C00001,2026-06-06,150.02
O0005613,C00116,2026-06-21,26.59
O0005614,C00086,2026-06-11,7.28
O0005615,C00022,2026-06-19,51.99
O0005616,C00007,2026-06-23,711.83
O0005617,C00009,2026-06-23,478.2
O0005618,C00026,2026-06-18,92.92
O0005619,C00002,2026-06-10,436.18
O0005620,C00001,2026-06-26,473.72
O0005621,C00007,2026-06-28,436.78
O0005622,C00003,2026-06-13,683.65
O0005623,C00044,2026-06-15,71.19
O0005624,C00001,2026-06-02,539.87
O0005625,C00014,2026-06-03,13.75
O0005626,C00003,2026-06-03,472.8
O0005627,C00015,2026-06-28,109.55
O0005628,C00018,2026-06-11,155.7
O0005629,C00014,2026-06-21,450.7
O0005630,C00065,2026-06-01,6.26
O0005631,C00082,2026-06-01,18.6
O0005632,C00001,2026-06-06,345.37
O0005633,C00036,2026-06-26,27.52
O0005634,C00038,2026-06-24,39.59
O0005635,C00001,2026-06-19,465.17
O0005636,C00008,2026-06-17,375.29
O0005637,C00003,2026-06-02,326.5
O0005638,C00002,2026-06-05,662.64
O0005639,C00002,2026-06-12,243.4
O0005640,C00051,2026-06-19,3.58
O0005641,C00046,2026-06-18,187.86
O0005642,C00034,2026-06-05,45.25
O0005643,C00007,2026-06-05,60.16
O0005644,C00101,2026-06-18,13.18
O0005645,C00006,2026-06-22,761.64
O0005646,C00001,2026-06-17,441.35
O0005647,C00009,2026-06-08,64.88
O0005648,C00001,2026-06-03,4.32
O0005649,C00001,2026-06-24,393.0
O0005650,C00099,2026-06-17,21.56
O0005651,C00024,2026-06-28,69.48
O0005652,C00002,2026-06-18,298.59
O0005653,C00002,2026-06-18,257.42
O0005654,C00075,2026-06-20,9.21
O0005655,C00068,2026-06-28,94.67
O0005656,C00037,2026-06-25,155.37
O0005657,C00002,2026-06-01,576.91
O0005658,C00002,2026-06-21,438.68
O0005659,C00061,2026-06-22,16.71
O0005660,C00018,2026-06-21,70.72
O0005661,C00053,2026-06-14,88.72
O0005662,C00009,2026-06-28,78.77
O0005663,C00001,2026-06-26,548.8
O0005664,C00051,2026-06-13,125.66
O0005665,C00001,2026-06-16,946.0
O0005666,C00004,2026-06-01,412.05
O0005667,C00060,2026-06-10,14.96
O0005668,C00001,2026-06-10,48.82
O0005669,C00036,2026-06-25,391.34
O0005670,C00001,2026-06-13,331.9
O0005671,C00004,2026-06-20,429.85
O0005672,C00054,2026-06-03,114.77
O0005673,C00001,2026-06-17,452.2
O0005674,C00102,2026-06-26,41.89
O0005675,C00002,2026-06-14,546.71
O0005676,C00025,2026-06-02,11.99
O0005677,C00001,2026-06-23,193.83
O0005678,C00001,2026-06-20,511.69
O0005679,C00020,2026-06-21,8.36
O0005680,C00045,2026-06-28,87.01
O0005681,C00021,2026-06-04,148.69
O0005682,C00008,2026-06-14,639.47
O0005683,C00076,2026-06-27,17.08
O0005684,C00003,2026-06-28,179.87
O0005685,C00052,2026-06-07,23.05
O0005686,C00028,2026-06-14,169.43
O0005687,C00097,2026-06-20,43.43
O0005688,C00029,2026-06-14,53.55
O0005689,C00108,2026-06-21,20.9
O0005690,C00100,2026-06-11,98.9
O0005691,C00028,2026-06-02,113.05
O0005692,C00043,2026-06-13,6.18
O0005693,C00001,2026-06-12,570.95
O0005694,C00002,2026-06-16,101.38
O0005695,C00018,2026-06-28,65.51
O0005696,C00001,2026-06-13,203.85
O0005697,C00063,2026-06-02,9.37
O0005698,C00073,2026-06-15,18.81
O0005699,C00074,2026-06-12,9.72
O0005700,C00005,2026-06-27,282.24
O0005701,C00002,2026-06-09,509.98
O0005702,C00016,2026-06-21,60.14
O0005703,C00106,2026-06-14,45.33
O0005704,C00035,2026-06-24,110.23
O0005705,C00022,2026-06-09,57.42
O0005706,C00001,2026-06-02,120.92
O0005707,C00004,2026-06-17,414.11
O0005708,C00006,2026-06-17,793.71
O0005709,C00001,2026-06-25,29.05
O0005710,C00016,2026-06-04,173.2
O0005711,C00005,2026-06-15,52.8
O0005712,C00001,2026-06-10,549.0
O0005713,C00014,2026-06-18,241.84
O0005714,C00001,2026-06-05,455.29
O0005715,C00013,2026-06-18,1005.46
O0005716,C00011,2026-06-08,247.87
O0005717,C00002,2026-06-26,329.3
O0005718,C00108,2026-06-11,19.79
O0005719,C00002,2026-06-16,51.74
O0005720,C00045,2026-06-28,75.59
O0005721,C00064,2026-07-28,12.14
O0005722,C00002,2026-07-05,44.7
O0005723,C00045,2026-07-23,18.54
O0005724,C00054,2026-07-21,24.38
O0005725,C00046,2026-07-04,104.92
O0005726,C00060,2026-07-26,23.51
O0005727,C00001,2026-07-25,536.37
O0005728,C00023,2026-07-16,264.56
O0005729,C00004,2026-07-18,388.49
O0005730,C00052,2026-07-17,126.86
O0005731,C00017,2026-07-05,183.82
O0005732,C00057,2026-07-08,27.96
O0005733,C00037,2026-07-10,66.96
O0005734,C00035,2026-07-17,4.94
O0005735,C00011,2026-07-13,580.28
O0005736,C00004,2026-07-23,258.3
O0005737,C00001,2026-07-24,390.01
O0005738,C00004,2026-07-25,557.28
O0005739,C00086,2026-07-19,94.47
O0005740,C00024,2026-07-18,76.1
O0005741,C00051,2026-07-04,69.18
O0005742,C00004,2026-07-09,538.36
O0005743,C00001,2026-07-20,267.19
O0005744,C00001,2026-07-28,124.57
O0005745,C00027,2026-07-24,61.79
O0005746,C00004,2026-07-26,233.97
O0005747,C00001,2026-07-23,563.44
O0005748,C00001,2026-07-27,59.54
O0005749,C00079,2026-07-23,25.83
O0005750,C00040,2026-07-19,125.74
O0005751,C00001,2026-07-25,445.83
O0005752,C00033,2026-07-22,304.28
O0005753,C00002,2026-07-20,21.26
O0005754,C00022,2026-07-17,87.06
O0005755,C00001,2026-07-16,117.67
O0005756,C00106,2026-07-24,36.94
O0005757,C00001,2026-07-02,530.87
O0005758,C00101,2026-07-10,55.61
O0005759,C00088,2026-07-18,15.04
O0005760,C00001,2026-07-05,954.58
O0005761,C00067,2026-07-02,19.03
O0005762,C00001,2026-07-23,739.69
O0005763,C00075,2026-07-08,1.3
O0005764,C00001,2026-07-12,134.89
O0005765,C00016,2026-07-10,252.77
O0005766,C00001,2026-07-15,294.61
O0005767,C00001,2026-07-04,6.9
O0005768,C00005,2026-07-15,325.22
O0005769,C00063,2026-07-20,1.85
O0005770,C00001,2026-07-08,254.67
O0005771,C00001,2026-07-13,53.63
O0005772,C00017,2026-07-21,139.73
O0005773,C00001,2026-07-01,329.24
O0005774,C00023,2026-07-02,137.22
O0005775,C00018,2026-07-06,288.39
O0005776,C00007,2026-07-18,158.62
O0005777,C00001,2026-07-24,504.58
O0005778,C00046,2026-07-27,156.08
O0005779,C00088,2026-07-18,17.72
O0005780,C00053,2026-07-10,66.17
O0005781,C00002,2026-07-08,82.12
O0005782,C00018,2026-07-25,14.42
O0005783,C00036,2026-07-26,11.37
O0005784,C00002,2026-07-03,120.35
O0005785,C00001,2026-07-20,31.01
O0005786,C00053,2026-07-23,48.11
O0005787,C00033,2026-07-10,209.66
O0005788,C00005,2026-07-12,313.22
O0005789,C00001,2026-07-02,199.02
O0005790,C00001,2026-07-24,582.85
O0005791,C00029,2026-07-28,242.79
O0005792,C00007,2026-07-23,259.04
O0005793,C00004,2026-07-17,443.96
O0005794,C00049,2026-07-01,141.0
O0005795,C00054,2026-07-22,177.06
O0005796,C00034,2026-07-06,297.66
O0005797,C00010,2026-07-24,518.53
O0005798,C00013,2026-07-24,321.22
O0005799,C00022,2026-07-18,94.06
O0005800,C00045,2026-07-24,231.94
O0005801,C00002,2026-07-10,271.79
O0005802,C00005,2026-07-14,60.97
O0005803,C00002,2026-07-16,687.6
O0005804,C00047,2026-07-09,132.93
O0005805,C00002,2026-07-22,294.97
O0005806,C00002,2026-07-14,519.08
O0005807,C00061,2026-07-08,65.14
O0005808,C00042,2026-07-08,243.27
O0005809,C00077,2026-07-27,17.61
O0005810,C00071,2026-07-28,40.87
O0005811,C00012,2026-07-18,405.58
O0005812,C00056,2026-07-26,1.47
O0005813,C00031,2026-07-02,21.55
O0005814,C00051,2026-07-25,70.64
O0005815,C00003,2026-07-18,974.46
O0005816,C00001,2026-07-12,177.36
O0005817,C00078,2026-07-20,27.3
O0005818,C00001,2026-07-23,1081.14
O0005819,C00015,2026-07-28,411.6
O0005820,C00046,2026-07-04,1.99
O0005821,C00001,2026-07-21,381.09
O0005822,C00002,2026-07-03,276.33
O0005823,C00003,2026-07-16,245.17
O0005824,C00001,2026-07-05,350.44
O0005825,C00041,2026-07-23,327.91
O0005826,C00033,2026-07-08,162.46
O0005827,C00001,2026-07-04,174.71
O0005828,C00001,2026-07-02,367.18
O0005829,C00002,2026-07-18,667.02
O0005830,C00004,2026-07-08,218.89
O0005831,C00004,2026-07-28,318.93
O0005832,C00002,2026-07-20,357.05
O0005833,C00107,2026-07-16,74.81
O0005834,C00063,2026-07-11,43.23
O0005835,C00002,2026-07-21,5.96
O0005836,C00065,2026-07-27,35.93
O0005837,C00076,2026-07-25,42.02
O0005838,C00011,2026-07-14,239.38
O0005839,C00010,2026-07-15,238.38
O0005840,C00002,2026-07-24,507.86
O0005841,C00002,2026-07-10,511.65
O0005842,C00012,2026-07-16,44.09
O0005843,C00001,2026-07-03,290.17
O0005844,C00113,2026-07-04,41.89
O0005845,C00006,2026-07-25,183.91
O0005846,C00002,2026-07-03,741.27
O0005847,C00027,2026-07-16,1.68
O0005848,C00001,2026-07-11,281.25
O0005849,C00001,2026-07-18,4.38
O0005850,C00019,2026-07-26,105.9
O0005851,C00009,2026-07-08,326.85
O0005852,C00001,2026-07-18,582.1
O0005853,C00108,2026-07-03,33.07
O0005854,C00089,2026-07-13,76.6
O0005855,C00044,2026-07-09,196.34
O0005856,C00001,2026-07-18,400.1
O0005857,C00009,2026-07-28,16.0
O0005858,C00018,2026-07-02,46.94
O0005859,C00002,2026-07-04,295.08
O0005860,C00001,2026-07-03,458.78
O0005861,C00001,2026-07-15,280.33
O0005862,C00001,2026-07-17,464.19
O0005863,C00004,2026-07-23,382.11
O0005864,C00004,2026-07-15,335.63
O0005865,C00015,2026-07-23,510.61
O0005866,C00001,2026-07-22,644.66
O0005867,C00001,2026-07-28,671.38
O0005868,C00033,2026-07-21,39.44
O0005869,C00023,2026-07-14,161.0
O0005870,C00003,2026-07-05,239.13
O0005871,C00092,2026-07-18,27.14
O0005872,C00003,2026-07-04,289.2
O0005873,C00017,2026-07-17,105.46
O0005874,C00003,2026-07-17,163.1
O0005875,C00001,2026-07-08,272.78
O0005876,C00013,2026-07-11,711.12
O0005877,C00030,2026-07-04,253.09
O0005878,C00010,2026-07-03,254.37
O0005879,C00007,2026-07-27,520.62
O0005880,C00006,2026-07-26,649.1
O0005881,C00002,2026-07-11,362.06
O0005882,C00039,2026-07-04,95.63
O0005883,C00027,2026-07-12,162.35
O0005884,C00043,2026-07-24,69.3
O0005885,C00002,2026-07-13,479.07
O0005886,C00004,2026-07-19,447.24
O0005887,C00083,2026-07-16,76.2
O0005888,C00002,2026-07-12,184.58
O0005889,C00001,2026-07-05,660.03
O0005890,C00009,2026-07-21,114.45
O0005891,C00057,2026-07-08,48.97
O0005892,C00040,2026-07-07,67.48
O0005893,C00030,2026-07-16,73.53
O0005894,C00081,2026-07-05,12.0
O0005895,C00047,2026-07-22,172.27
O0005896,C00001,2026-07-09,461.85
O0005897,C00059,2026-07-10,33.65
O0005898,C00001,2026-07-19,434.07
O0005899,C00023,2026-07-26,148.02
O0005900,C00063,2026-07-22,23.69
O0005901,C00001,2026-07-05,267.26
O0005902,C00004,2026-07-11,95.84
O0005903,C00004,2026-07-10,385.54
O0005904,C00001,2026-07-18,688.29
O0005905,C00001,2026-07-25,212.12
O0005906,C00002,2026-07-25,9.36
O0005907,C00089,2026-07-09,46.11
O0005908,C00031,2026-07-07,97.04
O0005909,C00114,2026-07-16,32.91
O0005910,C00013,2026-07-23,261.29
O0005911,C00003,2026-07-23,552.02
O0005912,C00008,2026-07-09,281.64
O0005913,C00011,2026-07-24,298.85
O0005914,C00001,2026-07-18,930.38
O0005915,C00001,2026-07-25,125.28
O0005916,C00076,2026-07-20,24.09
O0005917,C00012,2026-07-16,297.3
O0005918,C00100,2026-07-05,45.83
O0005919,C00001,2026-07-24,401.01
O0005920,C00004,2026-07-04,248.17
O0005921,C00001,2026-07-12,406.72
O0005922,C00021,2026-07-18,216.57
O0005923,C00001,2026-07-24,104.13
O0005924,C00001,2026-07-22,314.37
O0005925,C00001,2026-07-07,54.32
O0005926,C00043,2026-07-21,175.19
O0005927,C00005,2026-07-25,691.74
O0005928,C00120,2026-07-13,82.1
O0005929,C00002,2026-07-04,112.76
O0005930,C00001,2026-07-09,665.84
O0005931,C00004,2026-07-10,12.78
O0005932,C00001,2026-07-12,273.99
O0005933,C00034,2026-07-17,223.5
O0005934,C00003,2026-07-22,323.77
O0005935,C00002,2026-07-21,392.98
O0005936,C00014,2026-07-19,398.06
O0005937,C00001,2026-07-10,445.94
O0005938,C00001,2026-07-18,723.77
O0005939,C00002,2026-07-16,151.16
O0005940,C00002,2026-07-25,434.96
O0005941,C00002,2026-07-17,179.57
O0005942,C00012,2026-07-28,257.76
O0005943,C00050,2026-07-12,67.94
O0005944,C00028,2026-07-17,113.68
O0005945,C00086,2026-07-17,16.02
O0005946,C00032,2026-07-05,221.94
O0005947,C00001,2026-07-24,143.37
O0005948,C00012,2026-07-04,803.35
O0005949,C00035,2026-07-26,15.53
O0005950,C00084,2026-07-12,71.14
O0005951,C00009,2026-07-26,27.68
O0005952,C00107,2026-07-19,84.82
O0005953,C00034,2026-07-22,82.1
O0005954,C00028,2026-07-14,157.88
O0005955,C00039,2026-07-18,77.69
O0005956,C00001,2026-07-20,306.73
O0005957,C00016,2026-07-04,153.12
O0005958,C00001,2026-07-03,511.8
O0005959,C00001,2026-07-13,13.68
O0005960,C00028,2026-07-18,361.33
O0005961,C00001,2026-07-09,391.0
O0005962,C00013,2026-07-12,34.12
O0005963,C00004,2026-07-11,630.75
O0005964,C00061,2026-07-26,51.47
O0005965,C00114,2026-07-15,6.46
O0005966,C00010,2026-07-08,25.37
O0005967,C00007,2026-07-20,782.76
O0005968,C00007,2026-07-03,548.08
O0005969,C00002,2026-07-24,679.13
O0005970,C00008,2026-07-20,254.93
O0005971,C00015,2026-07-04,573.27
O0005972,C00014,2026-07-03,447.88
O0005973,C00008,2026-07-21,255.84
O0005974,C00059,2026-07-06,6.75
O0005975,C00001,2026-07-15,399.84
O0005976,C00093,2026-07-08,11.33
O0005977,C00008,2026-07-16,44.18
O0005978,C00004,2026-07-01,64.44
O0005979,C00100,2026-07-22,28.69
O0005980,C00001,2026-07-01,431.23
O0005982,C00016,2026-08-01,49.13
O0005983,C00030,2026-08-03,173.29
O0005984,C00002,2026-08-02,276.34
O0005987,C00019,2026-08-03,287.16
O0005990,C00001,2026-08-15,794.3
O0005991,C00001,2026-08-03,310.08
O0005992,C00083,2026-08-03,78.47
O0005993,C00021,2026-08-09,212.72
O0005994,C00074,2026-08-10,1.06
O0005995,C00001,2026-08-06,77.89
O0005996,C00070,2026-08-04,12.33
O0005997,C00040,2026-08-10,42.42
O0005998,C00002,2026-08-05,50.56
O0006001,C00001,2026-08-11,455.91
O0006003,C00036,2026-08-12,270.62
O0006004,C00008,2026-08-09,103.65
O0006005,C00028,2026-08-06,177.58
O0006007,C00009,2026-08-04,105.96
O0006008,C00023,2026-08-08,73.3
O0006010,C00001,2026-08-05,76.71
O0006011,C00002,2026-08-11,305.79
O0006012,C00041,2026-08-05,202.78
O0006014,C00051,2026-08-07,213.22
O0006016,C00023,2026-08-06,259.04
O0006018,C00046,2026-08-08,230.38
O0006019,C00007,2026-08-13,305.04
O0006020,C00002,2026-08-14,55.07
O0006021,C00021,2026-08-15,51.36
O0006029,C00105,2026-08-08,49.5
O0006031,C00041,2026-08-08,186.44
O0006034,C00009,2026-08-08,560.44
O0006035,C00005,2026-08-11,83.37
O0006036,C00045,2026-08-01,58.95
O0006037,C00019,2026-08-06,223.59
O0006038,C00001,2026-08-13,643.39
O0006041,C00072,2026-08-14,5.5
O0006044,C00003,2026-08-10,894.02
O0006045,C00023,2026-08-10,71.17
O0006046,C00015,2026-08-02,220.53
O0006047,C00001,2026-08-11,508.11
O0006048,C00004,2026-08-03,375.22
O0006049,C00017,2026-08-07,240.79
O0006050,C00107,2026-08-03,16.22
O0006051,C00001,2026-08-12,244.6
O0006054,C00017,2026-08-06,188.9
O0006056,C00066,2026-08-02,33.07
O0006059,C00001,2026-08-04,126.96
O0006061,C00013,2026-08-03,985.39
O0006062,C00002,2026-08-01,404.35
O0006063,C00062,2026-08-13,24.04
O0006064,C00029,2026-08-03,76.95
O0006065,C00021,2026-08-15,129.78
O0006066,C00021,2026-08-01,261.51
O0006067,C00018,2026-08-13,213.02
O0006068,C00001,2026-08-11,54.03
O0006070,C00017,2026-08-12,165.53
O0006076,C00016,2026-08-12,67.48
O0006077,C00001,2026-08-04,96.58
O0006079,C00050,2026-08-10,212.36
O0006082,C00011,2026-08-14,720.79
O0006083,C00074,2026-08-15,14.98
O0006085,C00001,2026-08-07,133.48
O0006086,C00002,2026-08-07,271.57
O0006088,C00001,2026-08-07,583.61
O0006089,C00107,2026-08-11,45.97
O0006090,C00008,2026-08-06,113.82
O0006091,C00037,2026-08-10,78.06
O0006093,C00005,2026-08-07,382.15
O0006094,C00002,2026-08-04,10.8
O0006095,C00038,2026-08-02,168.61
O0006099,C00021,2026-08-05,68.74
O0006102,C00003,2026-08-10,244.69
O0006103,C00039,2026-08-03,186.94
O0006105,C00049,2026-08-12,10.87
O0006106,C00001,2026-08-08,312.35
O0006107,C00001,2026-08-05,512.8
O0006108,C00088,2026-08-06,53.86
O0006111,C00022,2026-08-06,161.83
O0006112,C00001,2026-08-14,662.96
O0006113,C00003,2026-08-03,800.12
O0006114,C00040,2026-08-02,89.85
O0006117,C00075,2026-08-07,70.09
O0006118,C00035,2026-08-02,86.45
O0006120,C00062,2026-08-01,21.07
O0006121,C00082,2026-08-13,3.89
O0006122,C00095,2026-08-12,55.55
O0006123,C00023,2026-08-15,198.91
O0006127,C00001,2026-08-14,678.1
O0006129,C00003,2026-08-01,10.9
O0006130,C00055,2026-08-15,43.14
O0006134,C00001,2026-08-05,340.18
O0006135,C00028,2026-08-05,122.39
O0006137,C00021,2026-08-13,115.8
O0006138,C00001,2026-08-13,352.66
O0006139,C00002,2026-08-06,635.55
O0006141,C00001,2026-08-14,222.77
O0006146,C00007,2026-08-07,48.04
O0006148,C00016,2026-08-07,171.47
O0006149,C00001,2026-08-07,387.47
O0006150,C00007,2026-08-02,602.5
O0006151,C00010,2026-08-15,424.04
O0006152,C00007,2026-08-01,596.56
O0006153,C00037,2026-08-09,138.1
O0006155,C00102,2026-08-08,95.75
O0006157,C00068,2026-08-11,28.26
O0006160,C00004,2026-08-04,719.77
O0006161,C00067,2026-08-01,82.31
O0006162,C00040,2026-08-06,136.66
O0006163,C00048,2026-08-02,129.38
O0006164,C00006,2026-08-03,265.25
O0006167,C00001,2026-08-06,278.52
O0006169,C00002,2026-08-10,367.0
O0006170,C00009,2026-08-11,181.33
O0006173,C00013,2026-08-07,662.28
O0006174,C00022,2026-08-11,143.23
O0006175,C00001,2026-08-10,348.85
O0006176,C00012,2026-08-02,437.25
O0006177,C00001,2026-08-06,617.8
O0006179,C00053,2026-08-15,124.42
O0006180,C00035,2026-08-14,80.92
O0006181,C00002,2026-08-08,546.69
O0006182,C00037,2026-08-06,201.78
O0006183,C00002,2026-08-05,641.54
O0006184,C00003,2026-08-11,248.62
O0006187,C00116,2026-08-03,1.0
O0006189,C00001,2026-08-03,367.79
O0006190,C00034,2026-08-11,229.37
O0006192,C00089,2026-08-11,75.72
O0006193,C00011,2026-08-15,707.24
O0006195,C00012,2026-08-01,6.38
O0006197,C00042,2026-08-10,288.99
O0006199,C00007,2026-08-04,279.48
O0006202,C00033,2026-08-06,56.91
O0006203,C00021,2026-08-04,119.08
O0006206,C00042,2026-08-10,9.2
O0006207,C00001,2026-08-01,328.75
O0006208,C00001,2026-08-09,544.3
O0006213,C00027,2026-08-03,146.27
O0006216,C00115,2026-08-13,58.72
O0006217,C00003,2026-08-06,206.65
O0006218,C00113,2026-08-03,56.16
O0006219,C00001,2026-08-12,893.02
O0006220,C00037,2026-08-12,56.17
O0006223,C00063,2026-08-08,6.07
O0006225,C00094,2026-08-09,6.09
O0006226,C00043,2026-08-11,116.43
O0006228,C00001,2026-08-15,105.2
O0006230,C00001,2026-08-07,505.28
O0006231,C00049,2026-08-06,85.04
O0006232,C00046,2026-08-14,106.03
O0006233,C00026,2026-08-13,92.81
O0006234,C00001,2026-08-11,7.21
O0006236,C00036,2026-08-13,126.72
O0006237,C00004,2026-08-05,49.83
O0006238,C00001,2026-08-14,260.51
O0006240,C00013,2026-08-03,126.82
